/**
 * generated by fontconvert.py
 * name: bitter_14_italic
 * size: 14
 * mode: 2-bit  compressed: true
 * Command used: fontconvert.py bitter_14_italic 14 ../builtinFonts/source/Bitter/Bitter-Italic.ttf ../builtinFonts/source/NotoEmoji/NotoEmoji-Regular.ttf ../builtinFonts/source/NotoSymbols/NotoSansSymbols-Regular.ttf --exact-intervals --additional-intervals 0x0020,0x007E --additional-intervals 0x00A0,0x00FF --additional-intervals 0x2000,0x206F --additional-intervals 0x20A0,0x20CF --additional-intervals 0x2190,0x21FF --additional-intervals 0xFB00,0xFB06 --additional-intervals 0xFFFD,0xFFFD --additional-intervals 0x2669,0x266F --additional-intervals 0x2764,0x2764 --additional-intervals 0x1F600,0x1F600 --additional-intervals 0x1F44D,0x1F44D --font-include-intervals 1:0x2764,0x2764 --font-include-intervals 1:0x1F600,0x1F600 --font-include-intervals 1:0x1F44D,0x1F44D --font-include-intervals 2:0x2669,0x266F --2bit --compress --pnum --darken-aa
 */
#pragma once
#include "EpdFontData.h"

static const uint8_t bitter_14_italicBitmaps[10436] = {
    0xA5, 0x59, 0xBF, 0x8F, 0xE4, 0xE6, 0x79, 0x7E, 0x49, 0xEA, 0x96, 0x81, 0x88, 0x84, 0x29, 0x74,
    0x2E, 0x6E, 0xE1, 0xD0, 0x85, 0x0A, 0x65, 0x9D, 0x2C, 0x1B, 0x17, 0x2A, 0x76, 0x87, 0x74, 0x02,
    0x24, 0x48, 0x95, 0x2B, 0xB4, 0x67, 0x40, 0x2E, 0xE4, 0x22, 0xC5, 0x05, 0x01, 0x72, 0x29, 0x52,
    0x28, 0xC0, 0x68, 0x87, 0x46, 0x8A, 0x14, 0x29, 0xB2, 0x45, 0x9C, 0xD6, 0x57, 0x6C, 0x71, 0x9E,
    0x2B, 0xAE, 0x71, 0x71, 0xC5, 0xEC, 0x90, 0x89, 0xFE, 0x00, 0x31, 0x31, 0x0C, 0x77, 0x16, 0xE1,
    0xA8, 0xB0, 0x73, 0x80, 0x8F, 0x92, 0xA8, 0x98, 0xBB, 0xFA, 0x38, 0x9F, 0x9F, 0xE7, 0xFD, 0xC8,
    0xD9, 0xD9, 0xB3, 0x0E, 0x0A, 0xE2, 0x19, 0xF2, 0x9D, 0xDD, 0x19, 0xF2, 0x7B, 0x7F, 0x3D, 0xEF,
    0xAF, 0x8F, 0xF2, 0x48, 0x8C, 0x18, 0xAF, 0xF7, 0x7B, 0xBF, 0x0B, 0x5A, 0xBC, 0x1B, 0xBC, 0xEB,
    0xB0, 0x8A, 0xF0, 0xF6, 0x84, 0xAF, 0x5B, 0x92, 0xE5, 0x59, 0x91, 0xE1, 0xAF, 0x3B, 0xAF, 0xE6,
    0x59, 0x5C, 0xCC, 0xE2, 0xFC, 0x38, 0x91, 0xA3, 0x44, 0xE6, 0xA9, 0xCC, 0x0F, 0xE5, 0xDD, 0x3F,
    0x16, 0xF1, 0xCE, 0xF6, 0x72, 0x09, 0xDA, 0xB8, 0x90, 0xA0, 0x8E, 0x73, 0x09, 0xAB, 0x54, 0x24,
    0xAA, 0x32, 0xF1, 0xDE, 0xF9, 0xDE, 0xE9, 0xDD, 0xC0, 0x5A, 0xDB, 0x92, 0x34, 0x32, 0x93, 0x5E,
    0xE4, 0x58, 0x3A, 0x91, 0xB9, 0xDF, 0x8A, 0x98, 0xA0, 0x11, 0xE9, 0x83, 0x5A, 0x0E, 0xAE, 0x1E,
    0xFF, 0x42, 0x4A, 0x5C, 0x22, 0x7F, 0x73, 0xF5, 0xE4, 0x17, 0x58, 0x24, 0xE1, 0xFD, 0x58, 0x24,
    0xAE, 0x66, 0x20, 0xF9, 0xB1, 0x08, 0xD8, 0xC9, 0xF8, 0xC2, 0x7F, 0x72, 0x34, 0x9E, 0x17, 0xB9,
    0x24, 0x76, 0xC0, 0xBD, 0x1B, 0x7F, 0x90, 0x59, 0xD0, 0xCA, 0x71, 0xD8, 0xC8, 0x51, 0xD4, 0xC8,
    0x1B, 0x11, 0x18, 0x04, 0x03, 0x4E, 0x0B, 0x76, 0xA5, 0xCD, 0x25, 0x82, 0x00, 0x92, 0xF2, 0xDB,
    0xF6, 0x35, 0x09, 0xBA, 0x23, 0x7C, 0xCE, 0x71, 0xAE, 0x24, 0x6E, 0xCA, 0x7F, 0x2B, 0x2B, 0x6B,
    0x37, 0xB2, 0xCF, 0x4B, 0x0E, 0x47, 0x16, 0x13, 0x9B, 0x75, 0x8E, 0xAF, 0x42, 0xFC, 0x82, 0x2B,
    0xBF, 0xDB, 0x7A, 0x2D, 0xB4, 0xE8, 0x20, 0xF3, 0x91, 0x74, 0xD0, 0x77, 0x2E, 0x1D, 0x2C, 0x33,
    0x17, 0x2C, 0x03, 0x9D, 0x3E, 0x06, 0xAB, 0xE3, 0xE8, 0x7D, 0xF2, 0xB1, 0x7F, 0x59, 0x88, 0x84,
    0x7D, 0xEA, 0xE5, 0x58, 0x62, 0x95, 0x1A, 0x18, 0xA9, 0xDB, 0xAC, 0xC1, 0xFC, 0xBF, 0x5B, 0x28,
    0x17, 0xBF, 0x5F, 0xC5, 0xB8, 0x28, 0x22, 0x9D, 0x47, 0x05, 0xBE, 0xE9, 0xA2, 0xE2, 0x50, 0x82,
    0x26, 0xAA, 0x8E, 0xA0, 0x74, 0x70, 0xD5, 0x4B, 0x2A, 0x9E, 0xAD, 0xE5, 0x35, 0xE1, 0x21, 0x5E,
    0x79, 0x0E, 0x13, 0xC0, 0x3E, 0x52, 0x5E, 0x59, 0xF1, 0x06, 0xFC, 0x1A, 0xF0, 0x12, 0x28, 0xFC,
    0x55, 0x12, 0xAC, 0xDB, 0xF1, 0xB2, 0x81, 0xF6, 0x59, 0xC0, 0xDE, 0x4A, 0x82, 0xCD, 0x49, 0x09,
    0xED, 0xE4, 0x54, 0xD2, 0x4A, 0xD6, 0x70, 0xA3, 0x5C, 0x08, 0xA4, 0x35, 0x23, 0x29, 0x70, 0x4F,
    0xDA, 0xA5, 0x8D, 0xC4, 0xD6, 0x16, 0xE2, 0xDB, 0x41, 0x9D, 0x0D, 0x37, 0x67, 0xB3, 0xE3, 0xA3,
    0xF9, 0xFC, 0x5D, 0x91, 0x5C, 0xA0, 0x2E, 0x96, 0x8F, 0x2B, 0x49, 0x73, 0x59, 0xF0, 0x2E, 0xAF,
    0xE7, 0x17, 0x30, 0x72, 0x54, 0xF3, 0xEB, 0xA4, 0xE0, 0x2F, 0x58, 0xEF, 0x65, 0x07, 0x7E, 0x85,
    0x99, 0x70, 0x65, 0x54, 0x41, 0x3D, 0xA1, 0xDB, 0x61, 0x98, 0x57, 0xD4, 0xB4, 0xFC, 0x59, 0xAE,
    0x7F, 0x0E, 0x6B, 0x5E, 0x11, 0xB4, 0x37, 0x8F, 0xE6, 0x9A, 0x19, 0xC5, 0x28, 0x78, 0xD7, 0xE9,
    0xB5, 0x24, 0x70, 0x35, 0xBE, 0xC6, 0x77, 0x17, 0x22, 0xAF, 0xCB, 0xB4, 0xF2, 0x91, 0xBC, 0xF1,
    0xE6, 0xDF, 0x65, 0xB6, 0xDD, 0xFF, 0xB0, 0xF0, 0x8C, 0x84, 0x3F, 0x95, 0x24, 0x96, 0xDF, 0xDD,
    0x73, 0xF0, 0x81, 0x43, 0x88, 0x3B, 0xB8, 0x50, 0x82, 0x0A, 0x3E, 0x72, 0xE7, 0xED, 0x77, 0x7E,
    0x7C, 0x97, 0x36, 0x53, 0xE3, 0xC1, 0x2B, 0x7A, 0xC2, 0x2F, 0x94, 0x10, 0x1E, 0x77, 0x70, 0xC8,
    0x83, 0x36, 0x6A, 0xC3, 0x36, 0xA8, 0xE9, 0xB8, 0x23, 0xF9, 0x7D, 0xC9, 0x6C, 0x8D, 0xE3, 0x60,
    0x59, 0xBC, 0x02, 0x11, 0x4A, 0x5A, 0x88, 0x5E, 0x28, 0xDC, 0xCA, 0x50, 0x09, 0xD8, 0x75, 0xAB,
    0x4C, 0x60, 0x7A, 0x8A, 0x13, 0x26, 0xA0, 0x19, 0x28, 0x40, 0x38, 0x5E, 0x42, 0x66, 0x87, 0x3B,
    0x97, 0xC0, 0x99, 0x5E, 0x7B, 0x2D, 0x63, 0x54, 0xDC, 0xBC, 0x84, 0xA1, 0x70, 0x77, 0x0A, 0x07,
    0x00, 0xBB, 0x26, 0xC2, 0x61, 0x0E, 0xFB, 0x2D, 0x23, 0x51, 0x07, 0x57, 0xC7, 0x35, 0xE4, 0x49,
    0x69, 0x97, 0x8C, 0xDE, 0x51, 0x57, 0x2C, 0x46, 0xB2, 0xA0, 0xF9, 0xD6, 0xCE, 0x9B, 0x99, 0xF8,
    0x20, 0x79, 0xD8, 0x4A, 0xD2, 0x3C, 0xA8, 0xB1, 0x12, 0xE2, 0xC4, 0xC7, 0x4A, 0x0E, 0x08, 0x64,
    0x12, 0xB7, 0x52, 0x36, 0x40, 0x7F, 0xFA, 0xAC, 0xFE, 0x3D, 0xE7, 0x02, 0x7A, 0x5D, 0x1D, 0x41,
    0xC7, 0x4F, 0xBE, 0x5F, 0xC0, 0x14, 0xFD, 0x42, 0xEF, 0x04, 0x58, 0x6D, 0x81, 0x78, 0x6F, 0xC3,
    0xCB, 0xFD, 0x3E, 0xAC, 0x7C, 0x13, 0xC1, 0x07, 0x61, 0x0E, 0x3F, 0x10, 0xB3, 0xC2, 0xB8, 0xC4,
    0xFD, 0x52, 0x22, 0x63, 0x18, 0x0D, 0x48, 0x8F, 0xC1, 0x89, 0x3F, 0xB3, 0xAB, 0xE5, 0x43, 0x9A,
    0xBF, 0xA4, 0x0B, 0xF8, 0x7A, 0x60, 0x6B, 0xAC, 0xD3, 0x05, 0x9F, 0x85, 0x06, 0x96, 0x30, 0xB0,
    0x84, 0xF1, 0x0B, 0x61, 0x28, 0x19, 0x05, 0xFC, 0x6D, 0x88, 0x9C, 0x6D, 0x70, 0x23, 0xE0, 0x2B,
    0x29, 0xCD, 0xA9, 0xD1, 0x7D, 0x7D, 0xC6, 0xCD, 0x37, 0x24, 0xAB, 0xEC, 0x33, 0x9B, 0x97, 0xD6,
    0xC8, 0x1E, 0x2F, 0x53, 0xFF, 0x8B, 0x4F, 0xAC, 0x87, 0x86, 0x6E, 0x26, 0xC9, 0x48, 0x06, 0x10,
    0xFF, 0x63, 0x4A, 0xF8, 0x5F, 0x20, 0xC9, 0x3F, 0xC2, 0x07, 0x4C, 0x28, 0xE0, 0x4B, 0x20, 0x12,
    0x6A, 0x15, 0x90, 0x98, 0xE4, 0x40, 0x5C, 0x86, 0x54, 0x95, 0x2B, 0x39, 0x58, 0x3E, 0xF9, 0x1F,
    0xAE, 0x52, 0x89, 0xD3, 0x8A, 0x76, 0x51, 0xD0, 0x23, 0x8C, 0x34, 0x14, 0x8D, 0x90, 0xF5, 0x66,
    0x79, 0x4E, 0xB9, 0x55, 0x76, 0x2C, 0xEE, 0xF7, 0xA3, 0x8C, 0xF6, 0xE7, 0x38, 0x6D, 0xEE, 0x2F,
    0xE9, 0x42, 0x98, 0x5A, 0x35, 0x98, 0x4E, 0x44, 0xAE, 0x24, 0xF5, 0xD7, 0xA4, 0xAC, 0xCA, 0xE7,
    0x56, 0x1D, 0xEC, 0x34, 0xD8, 0xBF, 0x84, 0x8F, 0x36, 0x88, 0xDA, 0x41, 0x32, 0xDC, 0x86, 0xA4,
    0xE0, 0x9B, 0x49, 0x5F, 0x8A, 0xF2, 0x96, 0xA4, 0xCF, 0x6D, 0x05, 0xF1, 0xDA, 0xAC, 0x09, 0x7B,
    0x64, 0x61, 0xC3, 0x78, 0x77, 0x27, 0xFE, 0xCE, 0x83, 0x3E, 0xAD, 0xA2, 0x36, 0x6E, 0x16, 0x75,
    0x08, 0xDE, 0x1E, 0xC4, 0x93, 0x5B, 0x39, 0x75, 0xEA, 0xF5, 0x5C, 0x3E, 0xEE, 0xE6, 0xF0, 0xD2,
    0x53, 0xAC, 0xF4, 0x1D, 0x24, 0x09, 0x51, 0x54, 0x6F, 0xB6, 0x46, 0x57, 0x07, 0x52, 0xDF, 0x2F,
    0xF9, 0xE9, 0x80, 0xB6, 0xF6, 0x91, 0x3C, 0x53, 0x78, 0xD3, 0x3E, 0x36, 0xF0, 0xFD, 0x00, 0xAD,
    0x4E, 0x11, 0xCA, 0x3C, 0x2F, 0xA2, 0xD6, 0x33, 0x81, 0x01, 0x65, 0xF2, 0x59, 0x6C, 0x24, 0xD8,
    0xD8, 0x2A, 0xAE, 0x93, 0x36, 0x83, 0x26, 0xA7, 0xE2, 0x77, 0x17, 0x38, 0x07, 0xFC, 0xBD, 0x46,
    0x88, 0x2F, 0x8A, 0x45, 0x95, 0x22, 0xFB, 0x85, 0xCC, 0xE5, 0xB7, 0x47, 0xD8, 0x27, 0xB8, 0xAF,
    0x64, 0x92, 0xFB, 0x76, 0xCF, 0xB5, 0x00, 0xF9, 0x01, 0x1E, 0x58, 0x33, 0xD5, 0xC1, 0x09, 0xFC,
    0xDC, 0xC4, 0x4D, 0x38, 0x00, 0xD3, 0xC6, 0xB7, 0x97, 0x46, 0xEE, 0xFC, 0xC9, 0x68, 0xF5, 0x09,
    0x81, 0x0B, 0x20, 0x70, 0x03, 0xF1, 0x7A, 0xE8, 0x0E, 0x40, 0xE3, 0x57, 0x2F, 0x87, 0x5D, 0x5A,
    0x48, 0xB7, 0xF3, 0xDA, 0x89, 0xEC, 0xD7, 0xF0, 0x87, 0x65, 0xA2, 0xD9, 0x79, 0x4D, 0x29, 0xA1,
    0x99, 0x52, 0x82, 0x0B, 0x4D, 0xF2, 0x28, 0x11, 0x55, 0xF0, 0x2D, 0x2A, 0x47, 0x3A, 0x8C, 0xE6,
    0xA2, 0x47, 0x61, 0x2F, 0x29, 0x69, 0x2C, 0xC0, 0x9E, 0x32, 0xC8, 0x9E, 0xDC, 0x3A, 0x39, 0xB9,
    0xAB, 0xFE, 0x9A, 0x90, 0x3F, 0xBE, 0x6E, 0x9F, 0x9C, 0x00, 0xB9, 0xB6, 0xE2, 0xF9, 0x3B, 0x54,
    0x99, 0x38, 0xC7, 0x5A, 0x3E, 0xE1, 0xE2, 0x16, 0xAA, 0x55, 0x17, 0x1F, 0x0A, 0x2C, 0x06, 0x2C,
    0x59, 0xE8, 0xD2, 0x1B, 0xAC, 0xFA, 0x1D, 0x8D, 0xC4, 0xB3, 0xD8, 0xF6, 0xF1, 0x33, 0xB8, 0x67,
    0xD0, 0xC3, 0x10, 0x7A, 0x90, 0x2D, 0x2B, 0xBC, 0x41, 0xB3, 0x67, 0xA5, 0xE9, 0xB7, 0x18, 0xC3,
    0xDD, 0xC5, 0x3D, 0x83, 0x5A, 0xD3, 0xEC, 0xCE, 0x2B, 0x61, 0x65, 0xF4, 0x2D, 0x6B, 0x44, 0xDC,
    0x4B, 0x59, 0x50, 0x70, 0x58, 0x5C, 0x71, 0x07, 0x0B, 0x6C, 0xBE, 0xDB, 0x85, 0xC8, 0x84, 0x55,
    0x1F, 0x17, 0x08, 0x77, 0x93, 0xF8, 0xE8, 0x05, 0x56, 0x29, 0x9B, 0x01, 0x33, 0xA3, 0x61, 0x7A,
    0xD0, 0x44, 0xBA, 0xE3, 0xB8, 0xC8, 0xBC, 0xF6, 0x38, 0xAA, 0x16, 0x01, 0xE8, 0xBF, 0x3F, 0x0F,
    0xEB, 0x59, 0x60, 0xFF, 0xC5, 0xE2, 0xCB, 0x21, 0x1C, 0x34, 0x4F, 0x8E, 0xA1, 0x24, 0x61, 0x47,
    0x05, 0x3C, 0x67, 0x8F, 0x94, 0xCC, 0xB7, 0x19, 0xEF, 0xAF, 0x95, 0x5A, 0x85, 0x97, 0xD2, 0x40,
    0x69, 0xF4, 0x9C, 0x41, 0x17, 0x7F, 0x5F, 0xE3, 0x4F, 0x17, 0x99, 0x29, 0x5D, 0x29, 0xED, 0x99,
    0x8C, 0x7D, 0x75, 0x6D, 0xD0, 0x20, 0x8C, 0xA1, 0xB9, 0x06, 0x8C, 0x32, 0x48, 0x95, 0x66, 0x27,
    0xDF, 0xEA, 0x46, 0x0B, 0xA1, 0x4D, 0x41, 0x48, 0xE1, 0x02, 0x00, 0x3B, 0xB5, 0x38, 0x10, 0xEC,
    0x9A, 0x65, 0xEE, 0x2D, 0xCF, 0x18, 0xB0, 0x1B, 0xE6, 0x38, 0x5B, 0x4C, 0x39, 0x56, 0xB3, 0x2D,
    0xC8, 0x82, 0xC2, 0xAF, 0xE9, 0x8F, 0x0B, 0x02, 0x66, 0xF3, 0x04, 0xE6, 0x61, 0xDB, 0x23, 0xB4,
    0x1B, 0x96, 0x2A, 0x19, 0xFC, 0x59, 0x0E, 0x06, 0x29, 0x6B, 0x2F, 0x0A, 0x30, 0x3C, 0x01, 0x00,
    0x41, 0x99, 0xE0, 0xB3, 0x6F, 0x1B, 0x57, 0xB8, 0xB1, 0x3A, 0x15, 0x79, 0xF0, 0x11, 0x11, 0x42,
    0x1E, 0xF0, 0xBD, 0xD8, 0x3C, 0x42, 0x22, 0x65, 0x06, 0x82, 0xCF, 0x0A, 0x84, 0xF9, 0x5E, 0xAE,
    0x6A, 0xA5, 0x24, 0x19, 0xAF, 0x57, 0x77, 0x7D, 0x21, 0xC9, 0xA7, 0xEB, 0x92, 0x46, 0xDE, 0x95,
    0x68, 0xD8, 0x37, 0x54, 0x01, 0x52, 0x95, 0x04, 0x90, 0xF6, 0x27, 0xA3, 0x5A, 0x48, 0x06, 0x25,
    0x7F, 0xC9, 0x58, 0x44, 0x5C, 0x69, 0x20, 0x6A, 0xA8, 0x0A, 0xD4, 0xC2, 0x71, 0x41, 0x62, 0x46,
    0xB2, 0x21, 0x19, 0x18, 0xFA, 0x68, 0x1F, 0x71, 0xB1, 0xDF, 0x21, 0x07, 0x40, 0xAD, 0x88, 0xB9,
    0x32, 0xA9, 0x41, 0xCA, 0x02, 0x6A, 0x6D, 0xA8, 0x56, 0x37, 0xAA, 0x75, 0x6F, 0xB9, 0x64, 0x69,
    0xB0, 0x35, 0x19, 0xD1, 0x74, 0xC1, 0x96, 0xF8, 0xB9, 0x0B, 0xB2, 0x35, 0x89, 0xC6, 0xD8, 0x66,
    0xF9, 0x90, 0xA6, 0x6B, 0x9D, 0x11, 0xC9, 0x48, 0x93, 0xA7, 0x3A, 0xC8, 0xF5, 0x3B, 0xEC, 0xF7,
    0x48, 0xD0, 0xCB, 0x7D, 0x76, 0xB2, 0x22, 0x23, 0x83, 0x6B, 0x59, 0x85, 0x26, 0x46, 0xD5, 0xC4,
    0x28, 0x54, 0x52, 0x7C, 0x31, 0xA3, 0x93, 0x7C, 0xEB, 0xA8, 0xFA, 0x65, 0x8C, 0x76, 0xC9, 0xC2,
    0xEA, 0x0D, 0xB9, 0x16, 0xA9, 0x9F, 0x03, 0xAD, 0xBC, 0x59, 0x51, 0x64, 0x0B, 0xBF, 0x45, 0x71,
    0xF1, 0x5B, 0x00, 0xD8, 0x6F, 0xE0, 0x28, 0xEF, 0xEC, 0x25, 0x8E, 0xB2, 0x66, 0x22, 0x31, 0x3A,
    0x65, 0x84, 0x36, 0x7E, 0x4D, 0xD1, 0x68, 0xA3, 0xE1, 0x48, 0x14, 0x4F, 0x97, 0x7B, 0xD6, 0x61,
    0x0D, 0x59, 0x0E, 0xA2, 0x79, 0x84, 0xFF, 0xC9, 0xB9, 0x9C, 0x3C, 0x0A, 0xAC, 0xC1, 0xE1, 0x95,
    0x0D, 0x0E, 0x2D, 0xBF, 0x37, 0x1B, 0x30, 0xAD, 0xF3, 0xD4, 0xEE, 0x54, 0x9C, 0xC3, 0x60, 0xC8,
    0xE5, 0x40, 0x79, 0xAD, 0x19, 0xA9, 0x3A, 0x8D, 0x3A, 0x7A, 0x0A, 0x77, 0x1C, 0xD0, 0x92, 0xFE,
    0x6B, 0x5F, 0x3C, 0x16, 0x74, 0x1F, 0x6E, 0xE2, 0x01, 0xEE, 0x8E, 0xEF, 0x0D, 0x5E, 0x6B, 0xE5,
    0x62, 0xC6, 0xC3, 0xD3, 0x65, 0xDD, 0x82, 0xBB, 0x8B, 0xF0, 0xF6, 0x5B, 0xF7, 0xCE, 0x10, 0x70,
    0x8D, 0x66, 0xA9, 0x6D, 0x35, 0x34, 0xCE, 0xCC, 0x60, 0x7E, 0xA3, 0x72, 0xB3, 0xFE, 0x45, 0x0C,
    0x53, 0xD6, 0xC5, 0xDA, 0x65, 0x85, 0xE9, 0xD4, 0x2C, 0x58, 0x38, 0x73, 0x66, 0xAE, 0x00, 0xB1,
    0x80, 0x2F, 0x70, 0xCB, 0x1F, 0x8A, 0x1A, 0xE9, 0xD6, 0xDB, 0x39, 0x24, 0x4D, 0x6D, 0x01, 0x61,
    0xF7, 0xF9, 0xB3, 0xAE, 0x95, 0x69, 0xD6, 0xD7, 0x6E, 0x08, 0x82, 0xB3, 0x03, 0x58, 0xAB, 0x87,
    0x2F, 0xC8, 0x4C, 0xEC, 0x13, 0xBA, 0xC8, 0x39, 0x95, 0x90, 0x11, 0x2D, 0x29, 0xD0, 0x86, 0xA9,
    0xDC, 0xEF, 0x09, 0x83, 0xA0, 0x1B, 0x0B, 0xED, 0xA0, 0xB4, 0x54, 0x0A, 0x29, 0xA0, 0x1F, 0xAA,
    0x07, 0x54, 0x44, 0x6A, 0x94, 0x93, 0xFB, 0xF0, 0x1A, 0xAC, 0x50, 0x7E, 0xE4, 0xA4, 0x9B, 0xCE,
    0xC5, 0x08, 0xB9, 0x0B, 0xD9, 0x2A, 0x3F, 0x19, 0x60, 0xDB, 0x12, 0x74, 0xF2, 0x3A, 0x56, 0xFC,
    0x21, 0x4E, 0x34, 0x3D, 0x27, 0xDA, 0x8B, 0x72, 0x78, 0x92, 0x7B, 0xD0, 0xF6, 0xE4, 0x2C, 0x00,
    0x38, 0x51, 0x4D, 0x3C, 0xD4, 0x95, 0x80, 0x89, 0xA1, 0xD5, 0xE6, 0x25, 0xEB, 0x24, 0xE1, 0x47,
    0xAF, 0x46, 0x78, 0xCF, 0xC8, 0x05, 0x56, 0x5A, 0x0D, 0xDE, 0xFF, 0x42, 0xE0, 0xD5, 0x3A, 0xF8,
    0x84, 0x1D, 0x4C, 0x16, 0xBD, 0x8F, 0x8F, 0x3E, 0x8B, 0xFF, 0x14, 0x1F, 0x5D, 0x5A, 0x32, 0xB3,
    0x75, 0x31, 0xC7, 0x2F, 0xAF, 0x8D, 0x91, 0xB9, 0x99, 0x19, 0x99, 0x1B, 0x91, 0xCB, 0xAB, 0x58,
    0xFB, 0x74, 0xD9, 0xF9, 0xA8, 0xB5, 0x47, 0x47, 0x79, 0xF1, 0x10, 0x59, 0xC8, 0x64, 0x81, 0x06,
    0x58, 0x01, 0x4D, 0x03, 0x78, 0x93, 0x88, 0x60, 0x8F, 0x48, 0x41, 0xD0, 0xCA, 0x42, 0x08, 0xE4,
    0xF1, 0x99, 0x61, 0xDF, 0x3C, 0xDF, 0x90, 0xAE, 0x16, 0xD4, 0x7F, 0x95, 0xE5, 0xE8, 0xA2, 0x4D,
    0xC2, 0x81, 0xAE, 0x8F, 0xAB, 0xF7, 0x98, 0x92, 0x9B, 0x39, 0xC4, 0xE0, 0x04, 0xE6, 0xB5, 0x41,
    0x0F, 0x24, 0xA2, 0x8A, 0x6B, 0x4F, 0x3F, 0xF4, 0xE4, 0x8D, 0x42, 0x06, 0x0A, 0x2D, 0x21, 0x00,
    0xBA, 0x44, 0xF0, 0x4F, 0x5A, 0xB2, 0x67, 0x93, 0xA3, 0xE9, 0x91, 0xDD, 0x0B, 0xD3, 0x63, 0x8D,
    0xA8, 0x8B, 0x19, 0x75, 0x01, 0xBD, 0xE4, 0x1B, 0xF6, 0x51, 0x86, 0x40, 0x31, 0x8C, 0x3A, 0xC3,
    0xC2, 0x6B, 0x88, 0x15, 0xC6, 0x9A, 0x4F, 0x12, 0xF4, 0x24, 0x1C, 0xDC, 0xA2, 0x36, 0x63, 0x1D,
    0x63, 0xB9, 0xAB, 0x10, 0x75, 0xF0, 0xE0, 0x65, 0x44, 0x05, 0x99, 0x74, 0x4A, 0xC2, 0x54, 0xA3,
    0x6E, 0x4C, 0x8F, 0x83, 0x66, 0x7D, 0xED, 0xA7, 0x35, 0xEB, 0x57, 0x37, 0xB2, 0x7E, 0xCC, 0xAC,
    0x0F, 0x86, 0x03, 0x4B, 0xA3, 0xF1, 0x37, 0x44, 0x51, 0xCF, 0x0A, 0x86, 0x8C, 0xB2, 0xF9, 0xD7,
    0xFF, 0x6B, 0x32, 0xF9, 0x48, 0x46, 0xBD, 0x98, 0x4E, 0xD8, 0xDC, 0x41, 0x33, 0x51, 0xD5, 0x34,
    0x44, 0x8D, 0x6A, 0x6F, 0x34, 0x0C, 0x8C, 0x26, 0x15, 0xA3, 0x8D, 0x85, 0x66, 0x6A, 0x47, 0x3D,
    0xA5, 0xE0, 0xA6, 0x3A, 0x8A, 0x2A, 0x49, 0xCA, 0x22, 0x45, 0x35, 0x19, 0x04, 0x96, 0x55, 0x3C,
    0xD2, 0xE1, 0x58, 0x0B, 0x6C, 0xA9, 0xDC, 0xDD, 0xF4, 0xA8, 0xEB, 0xE1, 0xA6, 0xCB, 0xBF, 0x15,
    0x2D, 0xC0, 0xFC, 0x27, 0x75, 0x7D, 0x7D, 0x2E, 0x37, 0x0B, 0x60, 0x75, 0xB3, 0x00, 0x36, 0x34,
    0x45, 0xED, 0x4C, 0xB1, 0xE6, 0x32, 0x83, 0x67, 0x9D, 0x15, 0x84, 0x85, 0xCC, 0x1B, 0x1E, 0x54,
    0x80, 0x3A, 0x8A, 0x2F, 0xA2, 0xA9, 0x65, 0x30, 0x69, 0x8A, 0x30, 0x5B, 0xB2, 0x66, 0xAA, 0x59,
    0x60, 0x10, 0xA7, 0x94, 0x52, 0x3E, 0xD4, 0xF2, 0x8C, 0xE8, 0xBA, 0x02, 0xD9, 0x00, 0x55, 0xD0,
    0x29, 0xE1, 0x75, 0x09, 0xF5, 0x7A, 0x45, 0xA7, 0x07, 0x08, 0x48, 0x69, 0x75, 0xEE, 0x48, 0xF9,
    0xA7, 0xAF, 0xFA, 0x24, 0x6A, 0x6B, 0xFE, 0x8E, 0x95, 0xFF, 0x80, 0xE4, 0xD0, 0x11, 0xAD, 0xBA,
    0x00, 0x53, 0x46, 0x81, 0x12, 0x9D, 0x78, 0xD9, 0x4E, 0xBE, 0xBA, 0x44, 0xB9, 0x48, 0x58, 0x2E,
    0x52, 0x92, 0x99, 0x8F, 0x76, 0xE1, 0x28, 0xC0, 0x48, 0x7E, 0x84, 0xDE, 0x26, 0xDF, 0xF1, 0x95,
    0x66, 0x0A, 0xE6, 0x12, 0x4D, 0x4C, 0xAE, 0x57, 0xB9, 0x26, 0x3B, 0x03, 0x40, 0xB1, 0x9B, 0xEE,
    0x23, 0xB6, 0xAD, 0x31, 0x85, 0xBC, 0xFD, 0x36, 0x0F, 0xAA, 0x69, 0xF3, 0xF4, 0x52, 0x70, 0x84,
    0x6E, 0xBE, 0xD5, 0x03, 0xC6, 0x8B, 0xA7, 0x41, 0x77, 0xF7, 0x48, 0xB6, 0x13, 0x97, 0x0E, 0x5D,
    0x2F, 0x1B, 0xB8, 0xD7, 0xE2, 0xEA, 0x35, 0x5B, 0x0C, 0x4E, 0x56, 0x68, 0xA6, 0xD5, 0x84, 0xB5,
    0xE8, 0xBC, 0x20, 0xDA, 0xE6, 0x53, 0x86, 0x02, 0xF9, 0x31, 0xA3, 0xAE, 0xD5, 0xD7, 0x37, 0x82,
    0xFC, 0x18, 0x68, 0xD4, 0x81, 0xD2, 0x37, 0x0A, 0x2E, 0x80, 0x28, 0xDE, 0x81, 0x15, 0xE7, 0xDF,
    0x41, 0x33, 0xD6, 0xC0, 0x1D, 0x1C, 0xE4, 0x4D, 0x05, 0x2E, 0x13, 0x84, 0x2C, 0x22, 0x2D, 0x6D,
    0xB1, 0x6A, 0x9C, 0x2A, 0x80, 0x4E, 0x15, 0x33, 0xE6, 0x1A, 0x39, 0x89, 0x76, 0xB5, 0x1A, 0xB8,
    0x63, 0x63, 0xFB, 0x76, 0x7E, 0x2B, 0xF7, 0xEE, 0x9D, 0xA1, 0xA7, 0x8A, 0xAB, 0xC8, 0x36, 0x5F,
    0x87, 0x2D, 0xAA, 0x3D, 0xCB, 0x5E, 0x28, 0xAB, 0x1D, 0x1A, 0xD0, 0xD9, 0xAA, 0x58, 0xB6, 0x01,
    0x33, 0xBF, 0xF3, 0x7E, 0xD5, 0x70, 0xFB, 0xA0, 0x0B, 0x3E, 0x6D, 0x51, 0xCA, 0x81, 0xA0, 0x1F,
    0xB5, 0x94, 0xB3, 0x47, 0x66, 0x43, 0xD6, 0xF1, 0x7A, 0xA4, 0x36, 0x32, 0x37, 0xA9, 0xDF, 0x52,
    0x5A, 0x33, 0xF3, 0x3B, 0x4E, 0xC9, 0x66, 0xEE, 0xF5, 0x14, 0xC1, 0xF4, 0x5E, 0x4F, 0x21, 0x86,
    0x56, 0xAE, 0x14, 0xF1, 0x48, 0x5C, 0xF4, 0x60, 0x89, 0x60, 0xA8, 0xC6, 0x4F, 0x6A, 0x80, 0xD8,
    0x2D, 0x45, 0xA6, 0xC2, 0x76, 0xFD, 0x3A, 0xB9, 0xEF, 0x9D, 0x9C, 0x21, 0xFB, 0x04, 0xC0, 0x57,
    0xF9, 0x91, 0x8F, 0x6B, 0xA1, 0x8D, 0x21, 0x20, 0x74, 0x94, 0xEF, 0x09, 0x07, 0xCF, 0xB0, 0x32,
    0xC9, 0x66, 0xA6, 0x0B, 0xA8, 0xFA, 0x99, 0x2A, 0xAE, 0xB8, 0x90, 0x4C, 0xD5, 0x57, 0x7C, 0x06,
    0x9F, 0x50, 0xA6, 0xA8, 0xE2, 0x35, 0x49, 0x4E, 0x86, 0xA7, 0x8A, 0x16, 0x0D, 0x69, 0xEE, 0xB7,
    0xD4, 0x4C, 0x77, 0x9C, 0x1D, 0x37, 0x3E, 0x28, 0xAC, 0x75, 0x72, 0x1F, 0xA6, 0x42, 0x49, 0xBB,
    0x44, 0x8A, 0x60, 0x08, 0xE4, 0x2E, 0xC0, 0x8D, 0xAC, 0x48, 0x00, 0xAF, 0x35, 0xF1, 0x99, 0xD1,
    0x17, 0x99, 0xEE, 0x39, 0x2C, 0xA6, 0xD9, 0x36, 0x66, 0xCA, 0x89, 0xB6, 0xB8, 0x8D, 0x7F, 0x13,
    0xB7, 0x64, 0xA1, 0x35, 0x4B, 0x04, 0x71, 0x70, 0xE6, 0x73, 0xAB, 0x8E, 0xA4, 0x66, 0xFA, 0xAD,
    0xD0, 0x9C, 0x95, 0x12, 0x14, 0xDA, 0x15, 0x85, 0xDD, 0xB4, 0x82, 0x26, 0x09, 0xE6, 0x06, 0x22,
    0xCD, 0x2D, 0x9F, 0xD4, 0x13, 0xE6, 0x37, 0x53, 0xF4, 0xE1, 0xFB, 0x43, 0xAA, 0x74, 0x2C, 0x8B,
    0xEF, 0x9D, 0xCC, 0x5D, 0xEF, 0xE1, 0xDA, 0x90, 0x6C, 0xA0, 0x86, 0x17, 0xB9, 0x93, 0x5F, 0xB4,
    0xE5, 0xF6, 0x3A, 0xEE, 0x8B, 0xF8, 0xD3, 0xB6, 0x0F, 0x8F, 0x9A, 0x7D, 0x5B, 0xB4, 0x0D, 0x85,
    0x82, 0x15, 0x26, 0xD1, 0x3D, 0x99, 0x54, 0xC1, 0x3E, 0xD3, 0x03, 0x2B, 0x95, 0x6A, 0xEE, 0xBF,
    0x92, 0xA7, 0x58, 0x70, 0x8E, 0x7E, 0x90, 0xEF, 0x63, 0xFC, 0x76, 0x88, 0x77, 0x82, 0x77, 0xCC,
    0x77, 0x1E, 0xE7, 0x51, 0x11, 0x15, 0x61, 0x15, 0x42, 0x2B, 0x7D, 0x43, 0x45, 0x64, 0x35, 0xF8,
    0x6A, 0x6C, 0x8A, 0x7A, 0x6E, 0xBD, 0xFC, 0xA6, 0x1C, 0xE1, 0xAE, 0x1C, 0xC5, 0x0D, 0x39, 0xB2,
    0x49, 0x8E, 0x63, 0x14, 0x5F, 0x94, 0x39, 0x4A, 0xA2, 0xA6, 0x74, 0xF9, 0x92, 0x36, 0x67, 0x3D,
    0xCA, 0x58, 0x8D, 0xC1, 0xA3, 0x5B, 0x61, 0xBD, 0x99, 0x6E, 0x8E, 0x26, 0x79, 0x82, 0xFB, 0xE2,
    0xE2, 0xBE, 0xBC, 0xAA, 0x19, 0x17, 0x86, 0xE9, 0x58, 0xED, 0xBF, 0x86, 0x75, 0xCA, 0x22, 0x69,
    0x60, 0xD9, 0xBF, 0xD7, 0x44, 0xFC, 0x3A, 0xF2, 0x73, 0x17, 0x6C, 0x9E, 0x74, 0x31, 0x3A, 0xEB,
    0x04, 0x73, 0x0B, 0x47, 0xE4, 0x05, 0x82, 0xF5, 0x02, 0xCB, 0x23, 0x50, 0x6B, 0x86, 0x2C, 0xA1,
    0x83, 0x70, 0xAD, 0x00, 0x9B, 0xAA, 0xFC, 0xF3, 0x0F, 0x8B, 0xCC, 0xBE, 0xD3, 0x27, 0x26, 0xED,
    0x29, 0xC4, 0x9D, 0x73, 0xED, 0x0F, 0x64, 0xFF, 0xC5, 0x26, 0x8B, 0x0D, 0x56, 0xB3, 0xC8, 0xA3,
    0x1F, 0xD9, 0x3A, 0xFE, 0xF0, 0x79, 0x1B, 0x0F, 0x41, 0x17, 0x77, 0x7E, 0x1F, 0x37, 0x5E, 0x9F,
    0x54, 0x9E, 0x49, 0x0B, 0xAF, 0xE7, 0xB8, 0x92, 0x69, 0xB1, 0x24, 0xDF, 0xB8, 0xE1, 0x5E, 0xE2,
    0xDA, 0xB3, 0xBA, 0xAB, 0x51, 0xB2, 0xB6, 0xDD, 0x55, 0x19, 0x59, 0x43, 0x2A, 0xC8, 0x58, 0xC5,
    0x4D, 0x5C, 0xA4, 0x05, 0xE6, 0x3C, 0x4C, 0x92, 0x6B, 0x4D, 0x18, 0x37, 0xDA, 0x1D, 0xD7, 0x76,
    0x29, 0x80, 0x9E, 0x22, 0x63, 0x1B, 0xB7, 0x2B, 0xCB, 0x2D, 0x4E, 0xD9, 0xFB, 0x01, 0x4C, 0x05,
    0xE8, 0xEC, 0xBD, 0x78, 0x0B, 0x2E, 0xBA, 0xEA, 0x7F, 0x5B, 0x1B, 0x48, 0xA4, 0x65, 0x28, 0x0F,
    0x36, 0x25, 0x65, 0xAC, 0xD3, 0x22, 0xAA, 0x59, 0xC3, 0x4F, 0x11, 0xF2, 0xE5, 0x93, 0x41, 0xDB,
    0x7F, 0x96, 0xE9, 0x89, 0xE9, 0x5A, 0x93, 0xC1, 0x1F, 0x41, 0xC6, 0x61, 0x47, 0x46, 0x4E, 0xBE,
    0xA8, 0xCF, 0x6C, 0x42, 0xAF, 0xC6, 0x0E, 0x54, 0x4E, 0xB7, 0x73, 0x84, 0x16, 0xA4, 0xE1, 0x2D,
    0x4E, 0xCB, 0x86, 0xA4, 0xFF, 0xB2, 0x39, 0x22, 0x6C, 0xBE, 0xB4, 0x9C, 0x24, 0xDB, 0xFD, 0xA4,
    0x6C, 0xCC, 0x4B, 0x2E, 0xE4, 0x08, 0x28, 0xAD, 0x93, 0xF8, 0x7F, 0xF3, 0x17, 0x2A, 0xA6, 0x7D,
    0x3C, 0x20, 0xEA, 0x0C, 0x6A, 0x14, 0xBB, 0x1F, 0xB4, 0x5A, 0x5E, 0x9F, 0xDE, 0xF0, 0x5E, 0x44,
    0x0F, 0xA2, 0xE3, 0xC9, 0xDA, 0xF4, 0x3F, 0x7F, 0xD5, 0xC4, 0xF6, 0x27, 0x75, 0x68, 0x01, 0xEA,
    0xBB, 0xD1, 0x4E, 0x63, 0x9D, 0xC9, 0x3F, 0xFC, 0x19, 0xF7, 0xD3, 0x3B, 0xAD, 0xA7, 0x44, 0x4E,
    0xFA, 0x05, 0xC8, 0x61, 0xE6, 0x0F, 0x9B, 0x07, 0x0E, 0x39, 0x1F, 0x28, 0x72, 0x5A, 0x78, 0xA6,
    0x8B, 0x1B, 0xE7, 0x1D, 0xCC, 0xB7, 0x6D, 0x9A, 0x87, 0xE0, 0x17, 0x36, 0xE0, 0x3B, 0x5A, 0x3A,
    0xAE, 0xD8, 0x1B, 0x5C, 0x20, 0x2F, 0x19, 0xED, 0x59, 0xF5, 0x65, 0x30, 0x39, 0x1A, 0x79, 0xC8,
    0x3F, 0x0F, 0x1E, 0x2E, 0xDA, 0xB4, 0x89, 0x9A, 0xA8, 0x8E, 0x2B, 0xF7, 0x4E, 0x0A, 0x8C, 0x44,
    0x39, 0x5B, 0xF6, 0xAC, 0x5D, 0x4C, 0x5B, 0x23, 0xA7, 0x9A, 0x79, 0x70, 0xBC, 0x31, 0x7E, 0xF1,
    0xEA, 0x23, 0x2E, 0x17, 0xE9, 0xDC, 0xB1, 0x3B, 0xC5, 0x84, 0xED, 0x8D, 0xBD, 0xE3, 0xB1, 0x98,
    0x4E, 0x65, 0x54, 0xC7, 0x17, 0xCE, 0xB8, 0x1D, 0x9A, 0x8E, 0x97, 0xC7, 0x88, 0xC6, 0xC9, 0xC1,
    0xA3, 0xA8, 0x5E, 0xC0, 0xAA, 0x09, 0x24, 0x4B, 0x73, 0xA7, 0x0B, 0x74, 0x78, 0xD6, 0xEA, 0xDE,
    0x44, 0xF6, 0x18, 0x65, 0x0B, 0x8C, 0x33, 0x8E, 0xF7, 0x40, 0xC1, 0x29, 0xE0, 0xC0, 0x0D, 0xD6,
    0x0B, 0xE4, 0x7C, 0x60, 0xB2, 0xBD, 0x73, 0x9E, 0xF6, 0xFB, 0xEE, 0xE9, 0x4A, 0x1B, 0xB6, 0xE1,
    0x4D, 0xFD, 0x8A, 0x51, 0x3F, 0xDC, 0xB5, 0x46, 0xD1, 0x63, 0x55, 0x3A, 0x78, 0x98, 0xE6, 0x90,
    0x7A, 0xF1, 0x33, 0xDB, 0x94, 0xBD, 0xA4, 0xCF, 0x9E, 0x7F, 0xF2, 0x39, 0xD4, 0xFB, 0x65, 0xF0,
    0x79, 0x01, 0x2C, 0xF6, 0xC1, 0x06, 0x41, 0x04, 0x63, 0x1B, 0xF6, 0x81, 0x35, 0xAA, 0x36, 0xA1,
    0xAF, 0x3D, 0xD4, 0xF8, 0x91, 0x14, 0x21, 0x02, 0x58, 0xB8, 0x86, 0x56, 0x89, 0xB8, 0xA6, 0x6C,
    0xEE, 0xD7, 0xDD, 0x0F, 0x0B, 0x96, 0xB8, 0xD6, 0x4E, 0x35, 0x0E, 0x6C, 0x0B, 0xF0, 0x6C, 0xC1,
    0xB0, 0x8F, 0x7E, 0xE9, 0x9B, 0xA8, 0xC7, 0x08, 0xD4, 0xA2, 0xB4, 0x36, 0x48, 0x09, 0x95, 0xDF,
    0xF1, 0xCE, 0x44, 0x1D, 0x1B, 0x4C, 0x8E, 0x9D, 0x9C, 0x3B, 0x9C, 0xBA, 0x62, 0x03, 0xFB, 0xB9,
    0x30, 0x0B, 0x35, 0xCC, 0x22, 0x05, 0x82, 0x0B, 0x55, 0xEE, 0xE4, 0x05, 0x2D, 0x77, 0x9D, 0x0C,
    0x8C, 0x0A, 0x7D, 0x9A, 0x41, 0x01, 0x91, 0xC1, 0x00, 0xF6, 0x66, 0x2A, 0x58, 0x16, 0x6B, 0x34,
    0x76, 0xFF, 0x8C, 0x30, 0x2B, 0x9F, 0xA0, 0x50, 0xA7, 0x4F, 0x51, 0x47, 0x52, 0xEE, 0x2A, 0x64,
    0x2A, 0xBB, 0x6E, 0x9B, 0xC8, 0x44, 0x4E, 0xE9, 0xA2, 0x0B, 0x56, 0xA5, 0x81, 0x11, 0xC3, 0xED,
    0xEC, 0xA9, 0xFD, 0xEE, 0x44, 0x37, 0x17, 0xFD, 0xFE, 0xAE, 0x1B, 0x30, 0x77, 0x23, 0xAF, 0xD3,
    0xB6, 0x77, 0x22, 0xFF, 0xBF, 0x2C, 0xFB, 0x1C, 0x19, 0xE6, 0x41, 0x9E, 0x70, 0x5B, 0x35, 0xDF,
    0x1D, 0xF5, 0x4E, 0xD9, 0x97, 0xB2, 0xF5, 0xAA, 0x91, 0x04, 0x6A, 0x98, 0x95, 0xAE, 0x84, 0x1F,
    0x2D, 0x9C, 0x78, 0x08, 0x0F, 0x1E, 0x6A, 0x49, 0x70, 0x9B, 0xB5, 0x3B, 0x23, 0x6D, 0x7E, 0x73,
    0x60, 0xCC, 0xA6, 0xDC, 0xB2, 0x7F, 0x49, 0x3D, 0xAA, 0x60, 0x78, 0xA7, 0x8A, 0x9A, 0x10, 0xA8,
    0x09, 0x0B, 0xD6, 0x60, 0x26, 0xB4, 0x40, 0xB7, 0xFE, 0xD9, 0x87, 0x6C, 0x34, 0x39, 0xBC, 0x89,
    0xBB, 0xE6, 0x38, 0x57, 0xA8, 0xC1, 0xDB, 0x0C, 0xFD, 0x96, 0x6E, 0x5D, 0x6E, 0x63, 0x63, 0xFF,
    0xEA, 0x61, 0x69, 0xDB, 0x07, 0x57, 0x67, 0xD1, 0xCD, 0xD8, 0x48, 0xB6, 0x4F, 0x73, 0x5C, 0x7F,
    0xF9, 0x4D, 0x6E, 0x7D, 0xC5, 0x96, 0xFB, 0x6E, 0x07, 0x67, 0x72, 0x1F, 0x8E, 0x30, 0x29, 0xCE,
    0xB8, 0x06, 0x2A, 0xAA, 0x17, 0x10, 0xA1, 0xA8, 0xD0, 0xF4, 0x02, 0x44, 0xA4, 0x38, 0x17, 0x75,
    0xF6, 0x1F, 0x9F, 0xA3, 0xC3, 0xFC, 0xC0, 0xC4, 0x1B, 0x20, 0x03, 0x0E, 0x38, 0x28, 0xFC, 0x65,
    0x9E, 0xA1, 0xD9, 0xCB, 0x93, 0x9A, 0x5B, 0x59, 0x0D, 0xCA, 0x6C, 0xD8, 0x68, 0xA0, 0xF2, 0xC1,
    0x0F, 0xBB, 0x39, 0x2C, 0x96, 0x43, 0x48, 0x0E, 0x31, 0xFD, 0x7B, 0xDC, 0xB4, 0xD3, 0x64, 0xAC,
    0x9E, 0x6A, 0xC7, 0xBD, 0x4E, 0x86, 0xEA, 0x98, 0x77, 0xF9, 0xBA, 0x53, 0x78, 0xE7, 0xFE, 0x92,
    0xB8, 0xE8, 0x81, 0xE3, 0xA4, 0x8E, 0x7A, 0x2E, 0x5D, 0xC7, 0x6C, 0x89, 0xC2, 0x3A, 0x31, 0x3E,
    0x33, 0x40, 0xB6, 0x0A, 0xF8, 0x64, 0xE9, 0x78, 0xA5, 0x8F, 0xA0, 0x56, 0x2B, 0x3E, 0xA6, 0x6C,
    0xBB, 0x39, 0xEA, 0x77, 0xF0, 0x71, 0x7B, 0x8C, 0xD2, 0x1D, 0x7C, 0xDA, 0x1C, 0x1F, 0x01, 0x22,
    0x9F, 0x56, 0x33, 0xB4, 0x23, 0xFE, 0xE7, 0xD5, 0x8C, 0xCF, 0x5F, 0x6C, 0xAE, 0xDD, 0x9B, 0xD5,
    0x4D, 0x76, 0x80, 0x4B, 0xB7, 0x70, 0xDC, 0xCB, 0x3F, 0x07, 0xE7, 0x90, 0x40, 0xF0, 0x36, 0xDA,
    0x70, 0x13, 0x5D, 0xE9, 0x3F, 0x71, 0x50, 0xFE, 0xB0, 0x60, 0xBF, 0x3F, 0x35, 0x40, 0x61, 0xBF,
    0x7D, 0xC4, 0xC0, 0x82, 0xB2, 0x52, 0xD5, 0xD2, 0xC2, 0xA9, 0x5B, 0x56, 0x18, 0xC1, 0x2C, 0x1F,
    0x52, 0xFA, 0x8F, 0xE4, 0xE0, 0x1C, 0x37, 0x94, 0x1D, 0x1F, 0xED, 0x71, 0x84, 0x4A, 0xB8, 0x49,
    0xA5, 0xBD, 0xC5, 0x7B, 0xA2, 0x39, 0x45, 0xD2, 0x6F, 0x76, 0x7C, 0x2A, 0x41, 0xE0, 0xBC, 0x4F,
    0x46, 0x1F, 0xF0, 0xB9, 0xD0, 0x07, 0x39, 0xCB, 0x91, 0xB8, 0x27, 0x9D, 0x8E, 0xE5, 0x75, 0x9D,
    0xB9, 0xAE, 0x29, 0x84, 0xD2, 0x57, 0x14, 0x21, 0xFD, 0x58, 0xC3, 0xC4, 0x5B, 0x2E, 0xCF, 0xD1,
    0xE4, 0xF5, 0xC1, 0xD5, 0x93, 0x0E, 0x43, 0x7F, 0x13, 0x14, 0xA9, 0xDB, 0xCF, 0xF7, 0xA6, 0x67,
    0x09, 0xB5, 0xB3, 0xF3, 0x9A, 0x05, 0xC7, 0x2B, 0xC2, 0x36, 0xA8, 0x12, 0x34, 0x4E, 0xDC, 0x8E,
    0xD4, 0xE9, 0x89, 0x83, 0x82, 0x0E, 0x9F, 0xB3, 0xB1, 0xF1, 0x19, 0xF7, 0x80, 0xA6, 0x56, 0xCE,
    0x3D, 0x9B, 0x5B, 0x14, 0x7C, 0xD0, 0x93, 0x68, 0xF3, 0x14, 0xBD, 0xD0, 0xCA, 0x15, 0xD4, 0x32,
    0x55, 0xF0, 0x63, 0xA5, 0xD0, 0xE5, 0x8F, 0x37, 0xD0, 0xB8, 0xCD, 0xB1, 0xDA, 0x53, 0xAC, 0xD2,
    0x49, 0xEB, 0xA1, 0xBF, 0xF6, 0xF9, 0x50, 0xBA, 0xC6, 0xBB, 0xE2, 0x63, 0xE9, 0x18, 0xCD, 0x05,
    0x3A, 0x39, 0xB4, 0x5F, 0x29, 0x7A, 0xBB, 0x19, 0xFA, 0xAE, 0x23, 0x6D, 0x47, 0x17, 0xFA, 0xE8,
    0xF0, 0xBA, 0x71, 0x6B, 0xA7, 0x06, 0xB2, 0x1E, 0x19, 0xBB, 0xE1, 0xC6, 0x8D, 0xD0, 0x8E, 0xF1,
    0xB6, 0x81, 0x74, 0xF2, 0xAF, 0xC6, 0xDD, 0x5F, 0xB8, 0x7D, 0xA1, 0x1D, 0x99, 0x9C, 0xEB, 0x2E,
    0xFD, 0x9B, 0xA9, 0xBD, 0xEA, 0x8E, 0xB8, 0xD7, 0x21, 0x0F, 0xF2, 0x5F, 0x03, 0xCD, 0x5A, 0x3D,
    0x8C, 0xDC, 0xC6, 0x15, 0x7E, 0x24, 0x65, 0x51, 0x11, 0x01, 0x8D, 0x0B, 0x29, 0x50, 0x7C, 0x71,
    0xA8, 0xC2, 0x85, 0x21, 0xCB, 0x66, 0xAB, 0xE2, 0xEE, 0x86, 0x4E, 0x0A, 0xB5, 0x2A, 0x7C, 0x36,
    0x60, 0x17, 0x56, 0x91, 0x42, 0x01, 0x82, 0xD8, 0x85, 0x0B, 0x17, 0xA7, 0x5B, 0xC6, 0x2E, 0xD2,
    0x25, 0x0A, 0x10, 0x20, 0x45, 0x8A, 0xA8, 0x50, 0x61, 0x9C, 0x0B, 0xA9, 0x70, 0x71, 0xC5, 0x69,
    0x39, 0xB6, 0xCB, 0x14, 0xA2, 0x62, 0x38, 0xAD, 0xE9, 0x40, 0x08, 0x90, 0x04, 0x88, 0x26, 0x01,
    0x95, 0xF0, 0x64, 0x2E, 0x99, 0xEF, 0x7B, 0xDC, 0xDD, 0x3B, 0x09, 0x41, 0x10, 0xC4, 0x97, 0x48,
    0x7B, 0x9C, 0xD9, 0x5D, 0x2D, 0x39, 0xEF, 0xCD, 0xFB, 0xFD, 0xDE, 0x1B, 0xC9, 0x4E, 0xD0, 0x85,
    0x9D, 0x5C, 0x13, 0x7D, 0x85, 0x75, 0x54, 0x47, 0x55, 0xE4, 0x62, 0x97, 0x38, 0xC3, 0xBF, 0x22,
    0x2D, 0xB2, 0xDC, 0x0A, 0xFF, 0x44, 0xAE, 0xF2, 0x06, 0x8C, 0x4A, 0x24, 0x72, 0x22, 0x2B, 0x7B,
    0x12, 0x0C, 0x83, 0x8B, 0xF7, 0x52, 0x67, 0xAA, 0xB8, 0xB0, 0x79, 0x9C, 0xF3, 0xAE, 0x5B, 0x18,
    0xBB, 0x18, 0xDD, 0x7C, 0xF0, 0xF3, 0x54, 0x8E, 0x89, 0xFD, 0xF9, 0x54, 0xD2, 0xA1, 0x95, 0x70,
    0x28, 0x44, 0xDE, 0xC5, 0x3F, 0xEE, 0x60, 0x7C, 0x84, 0xA1, 0xB4, 0x57, 0x1E, 0xE4, 0x22, 0xC3,
    0xE0, 0x25, 0x1A, 0x6E, 0x78, 0x31, 0x3E, 0xAA, 0xC5, 0xB8, 0xA8, 0x92, 0xB4, 0x08, 0x9D, 0x64,
    0x78, 0x42, 0x32, 0xDC, 0x20, 0x16, 0xD3, 0xD1, 0x72, 0x70, 0x92, 0x80, 0xB2, 0x04, 0x93, 0x0D,
    0x7C, 0x27, 0xD1, 0x87, 0xA6, 0xA7, 0x44, 0xB6, 0xC4, 0x90, 0x7A, 0x26, 0xC1, 0xDE, 0xC6, 0x96,
    0xD8, 0x61, 0x98, 0x71, 0x02, 0x3B, 0x5C, 0x04, 0xCC, 0xA7, 0x12, 0x7D, 0x35, 0x4C, 0xC9, 0x7F,
    0x23, 0x32, 0x8B, 0xBC, 0x48, 0x13, 0x7A, 0x09, 0x7D, 0x00, 0x06, 0xEA, 0x90, 0x13, 0x18, 0x08,
    0x7D, 0xE2, 0x24, 0x6A, 0x33, 0x27, 0x86, 0x9C, 0xD9, 0x95, 0x2F, 0x5B, 0x39, 0x2D, 0x72, 0x49,
    0x4E, 0xBD, 0x9E, 0x6F, 0x7C, 0xDF, 0x0E, 0xC5, 0xD0, 0xBD, 0xB0, 0x27, 0x65, 0x8D, 0xC7, 0x33,
    0x09, 0x5B, 0x59, 0x27, 0x49, 0xD0, 0xE8, 0xB0, 0x8A, 0x4C, 0xB1, 0x80, 0x58, 0x2C, 0x20, 0x36,
    0x05, 0xD1, 0x6C, 0x4B, 0xC8, 0x73, 0xC3, 0xA5, 0x9A, 0x51, 0xD8, 0xC7, 0xB7, 0xB7, 0xAF, 0x4A,
    0xC6, 0x95, 0xB1, 0x55, 0x99, 0x4F, 0x29, 0xA6, 0x10, 0x52, 0x82, 0x1C, 0x28, 0xBC, 0xE7, 0x65,
    0x55, 0x36, 0x21, 0xC2, 0x1D, 0x69, 0xA5, 0x11, 0xB0, 0x17, 0x7A, 0xA8, 0x20, 0x97, 0xF9, 0x2B,
    0x29, 0x0C, 0xFF, 0x72, 0x83, 0x0D, 0x65, 0xF2, 0x12, 0x38, 0x58, 0xC3, 0x03, 0x12, 0x94, 0x57,
    0x41, 0xA7, 0x13, 0xFB, 0x79, 0x0B, 0x49, 0xEC, 0xE0, 0xF9, 0x4B, 0xAA, 0x86, 0x2D, 0x8A, 0x07,
    0xB2, 0x4C, 0xC1, 0x41, 0xDF, 0x4B, 0xE4, 0x27, 0x2E, 0xAE, 0x4C, 0x95, 0xB8, 0xC8, 0x73, 0xC4,
    0x90, 0x7A, 0xD4, 0x81, 0x8D, 0xA1, 0xC4, 0x3D, 0xE4, 0x81, 0x2C, 0xF4, 0x2A, 0xD3, 0x23, 0x18,
    0x2F, 0x62, 0x81, 0xB5, 0x00, 0xCB, 0x62, 0x07, 0x96, 0x5A, 0xBC, 0xA8, 0x4C, 0xEC, 0x9A, 0xA2,
    0x4B, 0x5D, 0x67, 0x8A, 0x33, 0x47, 0xF1, 0xED, 0xC6, 0x5D, 0xEE, 0x62, 0xE0, 0xCF, 0x65, 0xBE,
    0xD2, 0x48, 0x44, 0x01, 0x0B, 0xE5, 0x90, 0x41, 0x27, 0x59, 0x63, 0xDC, 0x7A, 0x30, 0x74, 0x91,
    0x5B, 0x8D, 0xEA, 0x73, 0x51, 0xBD, 0x99, 0xB8, 0x6F, 0x07, 0x7E, 0xC7, 0x14, 0x32, 0xCE, 0x32,
    0x9F, 0x77, 0xC1, 0x45, 0xE0, 0xF1, 0x2B, 0x2C, 0x6E, 0x35, 0xDA, 0xBB, 0x12, 0x55, 0x99, 0x0C,
    0x2D, 0x8C, 0x32, 0x7F, 0x26, 0x37, 0x79, 0x52, 0x71, 0x2F, 0x90, 0x38, 0x2E, 0x99, 0xFC, 0xA9,
    0xAC, 0x28, 0xDB, 0x19, 0x79, 0x39, 0xA5, 0xB6, 0xF4, 0x87, 0x1C, 0xA6, 0x94, 0x47, 0x0D, 0x28,
    0xBA, 0x4C, 0xD2, 0xB9, 0x01, 0x5B, 0x3C, 0xB3, 0x0E, 0xF3, 0xB4, 0xDC, 0xC2, 0x85, 0x4E, 0xD2,
    0xBE, 0x2C, 0xE2, 0xA6, 0x5C, 0x0A, 0x73, 0x32, 0x0C, 0x52, 0x62, 0x2C, 0x5F, 0xE7, 0x63, 0x91,
    0x36, 0xCD, 0x23, 0x7F, 0x45, 0xCC, 0xC7, 0xAD, 0xD8, 0xD8, 0xCB, 0x2D, 0xF0, 0x85, 0x9D, 0xCA,
    0x16, 0xDE, 0x2D, 0x6D, 0xF4, 0x3D, 0x2F, 0xB1, 0x6B, 0x61, 0x52, 0xE7, 0xF5, 0x91, 0x53, 0x1B,
    0x1B, 0xAF, 0xD0, 0xD0, 0x30, 0xC0, 0x9A, 0x50, 0xD3, 0x50, 0x2F, 0xED, 0x01, 0x46, 0x25, 0xB4,
    0x33, 0x78, 0xCF, 0xD1, 0x1E, 0x34, 0x27, 0xF7, 0xC0, 0x7E, 0x03, 0x86, 0x92, 0x82, 0x6A, 0xCC,
    0x86, 0xEF, 0xBA, 0x73, 0xC9, 0x05, 0xE7, 0x57, 0x93, 0xD0, 0xF9, 0xF3, 0x49, 0xE4, 0x6E, 0xBE,
    0x9B, 0x0C, 0x72, 0xF3, 0x7C, 0xF2, 0x26, 0xA7, 0xB8, 0xC0, 0x0F, 0x91, 0xF3, 0x2F, 0x66, 0x77,
    0xFE, 0x56, 0x99, 0x53, 0xF9, 0x6B, 0x45, 0xEC, 0xD4, 0xBA, 0x8F, 0x82, 0x4C, 0x36, 0x40, 0x00,
    0x54, 0xC6, 0xD9, 0xED, 0xC2, 0x0E, 0x0E, 0xB3, 0x5C, 0x86, 0x40, 0x8A, 0xF4, 0x57, 0x6E, 0x35,
    0xAC, 0x37, 0xC3, 0xFA, 0xDD, 0xA8, 0xDA, 0x8C, 0xDC, 0xFA, 0x5B, 0x79, 0x3A, 0x93, 0xE0, 0xA2,
    0x9A, 0x95, 0xC0, 0xAC, 0x46, 0xDF, 0x6C, 0xE7, 0xA3, 0x91, 0x78, 0x18, 0xFA, 0x84, 0xAE, 0x12,
    0x2E, 0xF8, 0x85, 0x09, 0x47, 0x73, 0x6F, 0x0F, 0x8B, 0xC5, 0x06, 0x2F, 0x62, 0x73, 0x1E, 0xA3,
    0x0E, 0xB6, 0x61, 0x65, 0x95, 0x79, 0xC3, 0x9F, 0x88, 0xFC, 0x11, 0xEC, 0x2D, 0xA6, 0xBB, 0x42,
    0xC8, 0x41, 0x2B, 0x49, 0x4D, 0x7F, 0x85, 0xA3, 0xC2, 0x10, 0x82, 0xED, 0xDC, 0x0C, 0xB5, 0xB9,
    0xE0, 0x4F, 0xD0, 0xB1, 0xBC, 0xAC, 0xB8, 0x68, 0x90, 0xE0, 0x86, 0x83, 0xE0, 0xF8, 0x88, 0x71,
    0xE5, 0x50, 0x4C, 0xC0, 0x18, 0x84, 0x72, 0x4C, 0xF5, 0x3A, 0x88, 0x69, 0x68, 0xA7, 0xE7, 0x46,
    0x37, 0xF9, 0x40, 0x9E, 0x11, 0x03, 0x5F, 0xCE, 0x63, 0xE8, 0x8D, 0x8B, 0x5B, 0x0A, 0xCE, 0xD2,
    0xB2, 0x26, 0x5C, 0x6F, 0xCA, 0xE9, 0x16, 0xA7, 0x4E, 0xE2, 0x1A, 0x53, 0x52, 0x23, 0xA2, 0x25,
    0x15, 0xAC, 0xD7, 0xD4, 0xA6, 0x45, 0x30, 0xD9, 0xC2, 0x34, 0xDC, 0x1F, 0xF2, 0x74, 0xF8, 0xED,
    0x90, 0x67, 0x47, 0x18, 0x4C, 0x1E, 0x8D, 0x19, 0x8B, 0x69, 0x4B, 0x69, 0x1E, 0xDD, 0xDE, 0x26,
    0xF7, 0x03, 0x38, 0x1D, 0x7A, 0x88, 0xF2, 0x0E, 0x42, 0xD2, 0xF0, 0x09, 0xDC, 0x7C, 0xF8, 0x54,
    0x27, 0xEC, 0x6E, 0x78, 0x5F, 0x27, 0xF0, 0x3F, 0x5C, 0xC0, 0x3E, 0x06, 0x5A, 0x78, 0xA9, 0xEE,
    0x4E, 0x3F, 0x5E, 0xA7, 0x15, 0xAF, 0x1B, 0x6C, 0x69, 0x2D, 0xA5, 0xAC, 0x49, 0x6F, 0x57, 0x27,
    0x52, 0xE9, 0xD6, 0x29, 0xF3, 0x35, 0x0A, 0x7D, 0x8D, 0xD6, 0xB1, 0x49, 0x71, 0x43, 0x17, 0x99,
    0x87, 0xC3, 0x59, 0x0F, 0x6D, 0x3C, 0x85, 0x48, 0x67, 0x0B, 0xAB, 0xC1, 0x2A, 0xE2, 0x4E, 0xE0,
    0x79, 0xB6, 0xB3, 0xB5, 0x3C, 0x1F, 0x76, 0xA6, 0x7B, 0xA9, 0xDD, 0x0F, 0x07, 0x8C, 0x54, 0x2F,
    0xB4, 0x25, 0x36, 0x8C, 0xC7, 0xCA, 0x01, 0x2E, 0x91, 0xBA, 0xA8, 0x4E, 0x5C, 0xA2, 0x21, 0x1C,
    0xA3, 0xE0, 0x60, 0x30, 0xCF, 0xE0, 0x37, 0x93, 0x31, 0xAE, 0x20, 0x3E, 0x2C, 0x5E, 0x56, 0x43,
    0x63, 0xB7, 0xFC, 0x1E, 0xCB, 0x4D, 0x78, 0x2B, 0xFC, 0xB6, 0xDA, 0x05, 0x53, 0xE0, 0xA0, 0x83,
    0x22, 0xE9, 0x8E, 0x18, 0x61, 0x6B, 0x21, 0xE1, 0x5D, 0x58, 0x3D, 0x0C, 0x17, 0xAA, 0x3B, 0x9F,
    0xCC, 0x9D, 0xE7, 0x5B, 0x22, 0xDF, 0xA1, 0x9B, 0x23, 0xFC, 0x24, 0x1D, 0xCD, 0xC9, 0xF0, 0x61,
    0x39, 0xB2, 0x49, 0x1D, 0xC3, 0xCA, 0x28, 0x88, 0x56, 0x05, 0xDC, 0xAA, 0xCD, 0x35, 0x41, 0x73,
    0x3C, 0x17, 0xF0, 0x6E, 0x5D, 0xE0, 0x8D, 0x1B, 0x8A, 0x95, 0xBD, 0x2C, 0xBC, 0x57, 0xD8, 0x7E,
    0x2D, 0xBE, 0xCD, 0x5B, 0x8D, 0xA1, 0x44, 0x56, 0x21, 0xBA, 0xD8, 0xC1, 0x8B, 0xC5, 0xBC, 0xFC,
    0x00, 0x2C, 0xAF, 0x87, 0x03, 0x2C, 0x1D, 0xCF, 0xAF, 0xAB, 0x47, 0xAD, 0xA9, 0x6D, 0x6E, 0xAA,
    0xE1, 0x3C, 0xC2, 0xC3, 0xEC, 0x3F, 0xE2, 0xE1, 0xFE, 0x36, 0x79, 0xB8, 0x07, 0x43, 0xF6, 0xE6,
    0xF6, 0x2F, 0x3D, 0x78, 0x30, 0xD8, 0x71, 0xBF, 0x76, 0x84, 0xB6, 0xDF, 0x8A, 0x66, 0x00, 0x46,
    0x65, 0x3C, 0x8F, 0xC7, 0xF0, 0x7C, 0x47, 0xD2, 0x30, 0x31, 0x3C, 0x9F, 0x31, 0x62, 0x21, 0x64,
    0x30, 0x47, 0xC1, 0xCC, 0x47, 0x1E, 0x60, 0xE9, 0xF0, 0x6F, 0x18, 0x3B, 0x24, 0x08, 0x7B, 0x47,
    0x50, 0xA6, 0xC9, 0xAF, 0xCB, 0x68, 0x9B, 0x30, 0x7C, 0x3A, 0xC0, 0x40, 0xA3, 0x87, 0xF9, 0xD3,
    0x42, 0xE2, 0xCA, 0x86, 0xD7, 0x30, 0x6F, 0x26, 0x48, 0x0C, 0xAE, 0x49, 0xFD, 0x04, 0x66, 0xB5,
    0xEE, 0x27, 0xB3, 0xC4, 0xFD, 0xDD, 0x07, 0x79, 0x1A, 0x7E, 0x06, 0x62, 0x6B, 0x09, 0x4C, 0x0D,
    0x81, 0x08, 0x94, 0xC0, 0xDE, 0x87, 0x2D, 0xF8, 0xA1, 0xC2, 0xF0, 0x7C, 0x32, 0x32, 0xE6, 0xB8,
    0x1F, 0x7C, 0x1D, 0xC3, 0x31, 0x73, 0x2B, 0xBC, 0x69, 0x36, 0x26, 0xD8, 0xC5, 0xCB, 0xF3, 0x02,
    0x79, 0x70, 0x8F, 0x14, 0x53, 0x8A, 0x3A, 0x07, 0x77, 0x61, 0xD5, 0xF0, 0x6D, 0xF1, 0x36, 0xA2,
    0x7A, 0x02, 0xCE, 0x5F, 0x59, 0x3E, 0x32, 0x7A, 0x7C, 0xD4, 0xEA, 0x3C, 0xE8, 0x06, 0xB3, 0x7A,
    0x44, 0x09, 0xFB, 0xEB, 0xFE, 0x40, 0x67, 0x0D, 0x9A, 0xE1, 0x30, 0xDE, 0xA9, 0x89, 0xE9, 0x1E,
    0xEF, 0x37, 0xBF, 0xD6, 0xC4, 0xAD, 0x89, 0x6D, 0x5D, 0xE7, 0x5D, 0x9D, 0x5B, 0xFA, 0x09, 0xB2,
    0x2B, 0x43, 0x4B, 0x4D, 0x79, 0x32, 0xFB, 0xC8, 0x98, 0x65, 0xE7, 0x19, 0xD1, 0x6E, 0xBC, 0xD6,
    0x30, 0x9D, 0x32, 0xC2, 0x23, 0x50, 0x76, 0x14, 0x21, 0xE2, 0x76, 0x36, 0xE0, 0xCA, 0xED, 0x30,
    0xE6, 0x9F, 0xC5, 0xEB, 0xA6, 0x92, 0xF4, 0x1A, 0xC4, 0x39, 0x47, 0xBD, 0x72, 0x52, 0xC9, 0x93,
    0xC2, 0x67, 0x32, 0x26, 0x18, 0xA7, 0xD4, 0xC9, 0xA1, 0xB9, 0x43, 0x8F, 0x3B, 0xC1, 0x64, 0xFD,
    0x04, 0x49, 0x32, 0x6C, 0x4F, 0xC8, 0x22, 0x95, 0x9A, 0x74, 0x84, 0x29, 0xF9, 0x13, 0xC5, 0x61,
    0xEC, 0xE8, 0xBA, 0xA6, 0xA6, 0xF4, 0x12, 0xC7, 0x39, 0xCC, 0xCF, 0x3C, 0x59, 0xD6, 0x68, 0xB9,
    0xA6, 0x3C, 0xF0, 0xEA, 0x28, 0x3A, 0x57, 0x9C, 0x83, 0x7F, 0xA8, 0xD7, 0x94, 0xC5, 0xE3, 0xE7,
    0xF3, 0xD5, 0x6D, 0xA6, 0x37, 0x50, 0x1E, 0x14, 0xA6, 0x05, 0x48, 0x74, 0xEA, 0xDE, 0x76, 0x4A,
    0xD4, 0x0C, 0x72, 0x33, 0x7D, 0x0F, 0xDA, 0x4E, 0xBE, 0x41, 0xDE, 0xFC, 0x98, 0x1D, 0x92, 0x6A,
    0x7C, 0x37, 0x3F, 0x1E, 0xDF, 0x6D, 0xD8, 0x6F, 0x73, 0xB9, 0x5B, 0x21, 0xB1, 0x38, 0xC8, 0x46,
    0xBA, 0x5C, 0x74, 0xFF, 0x35, 0xF5, 0xC4, 0x58, 0x39, 0x5A, 0xF0, 0x47, 0xFC, 0x9E, 0xD4, 0x63,
    0x86, 0xC5, 0xFB, 0x0E, 0xB9, 0x34, 0x15, 0x92, 0x18, 0x52, 0xB9, 0xF9, 0x7C, 0x83, 0x59, 0x15,
    0x98, 0x8D, 0x28, 0x7B, 0x08, 0x86, 0xF1, 0x89, 0xB7, 0xEE, 0x2A, 0x64, 0x2E, 0x88, 0xDC, 0x81,
    0x49, 0xF3, 0xC4, 0x31, 0xAD, 0x3B, 0xA0, 0x30, 0xE0, 0xA5, 0x5A, 0x8E, 0xE6, 0x2A, 0x95, 0xCC,
    0xCD, 0xCB, 0x82, 0x7F, 0x99, 0xCE, 0xC7, 0x29, 0x5F, 0xDC, 0x97, 0xD6, 0x88, 0x8E, 0xC9, 0x6C,
    0x05, 0x82, 0x01, 0x7E, 0x81, 0x36, 0x7A, 0xB5, 0x29, 0x45, 0xD2, 0x9C, 0x34, 0xD6, 0xD1, 0xC2,
    0x14, 0x1D, 0x4D, 0xF8, 0x75, 0xB2, 0x1F, 0x45, 0xB4, 0x50, 0xA1, 0x6F, 0x04, 0xBA, 0xDF, 0xF1,
    0xEE, 0x8F, 0xE6, 0x3F, 0x42, 0xA8, 0x05, 0x16, 0x1D, 0x2A, 0x8A, 0x93, 0x71, 0x39, 0x5A, 0x4E,
    0x61, 0x0E, 0xA0, 0xA2, 0x55, 0xD0, 0xBC, 0x3C, 0x92, 0x7E, 0xFB, 0xDA, 0x58, 0xED, 0x08, 0xD9,
    0x08, 0x3A, 0x95, 0xB6, 0x3A, 0x20, 0xE5, 0xDD, 0xA8, 0xD0, 0x99, 0xDF, 0x3C, 0x02, 0x44, 0x74,
    0x7F, 0x63, 0x97, 0xD8, 0xB4, 0xA3, 0x7C, 0xDA, 0x25, 0x33, 0x84, 0x70, 0x21, 0x1F, 0x24, 0x50,
    0x17, 0xD5, 0x6B, 0x23, 0xFF, 0x77, 0x5E, 0x8E, 0xAA, 0x54, 0xA9, 0x2D, 0x20, 0x10, 0xDC, 0x8D,
    0xB5, 0xA3, 0xC2, 0x3C, 0x16, 0x91, 0x04, 0x3E, 0xE3, 0x8D, 0x96, 0x37, 0x6A, 0xB5, 0x7A, 0xEC,
    0x31, 0xB0, 0x71, 0x4D, 0xEB, 0x25, 0xA0, 0x14, 0x1A, 0x87, 0xE6, 0xDF, 0x8D, 0xEB, 0x40, 0x5C,
    0x41, 0x59, 0x2F, 0x12, 0xAD, 0x90, 0xE2, 0x54, 0xA9, 0x75, 0xF3, 0x0B, 0x54, 0x02, 0xAD, 0x65,
    0xB0, 0x7E, 0xE4, 0xE7, 0xD7, 0xA4, 0x97, 0x45, 0x2D, 0x72, 0x8E, 0x77, 0xA4, 0x1D, 0x95, 0x3C,
    0xAA, 0xF8, 0x6B, 0xAE, 0x89, 0x8A, 0x5A, 0x75, 0x06, 0x95, 0x45, 0x2D, 0x10, 0x61, 0x31, 0xA6,
    0x27, 0x2C, 0xAB, 0xE8, 0x90, 0x0B, 0xAB, 0xE3, 0x2C, 0xC6, 0x64, 0x2E, 0xA1, 0x5B, 0x07, 0xAA,
    0x7A, 0x0C, 0x0A, 0x87, 0xB2, 0xA1, 0x68, 0x28, 0x99, 0xC8, 0xEF, 0x8F, 0x09, 0xA5, 0x30, 0xEC,
    0x2B, 0x26, 0x6A, 0x09, 0xDA, 0xED, 0xBE, 0x56, 0xFE, 0x17, 0xB4, 0x5E, 0x45, 0x3D, 0x4D, 0x45,
    0xE7, 0x54, 0x34, 0x85, 0x93, 0xB0, 0x4C, 0x08, 0x59, 0x35, 0xC0, 0x6D, 0x27, 0x54, 0xCD, 0x94,
    0xAB, 0x63, 0xED, 0xE9, 0xF1, 0xFE, 0x03, 0x99, 0xB2, 0x46, 0xEE, 0x13, 0x7C, 0x9A, 0x05, 0x5A,
    0xB6, 0x33, 0x64, 0x86, 0x2C, 0x59, 0x41, 0x22, 0xF1, 0x58, 0x3B, 0xAD, 0x30, 0x95, 0x45, 0x74,
    0xFF, 0x8D, 0x9E, 0x8A, 0x6E, 0x40, 0xA7, 0xDF, 0x4F, 0x88, 0x89, 0x3F, 0xAF, 0xB5, 0x2E, 0x95,
    0xB2, 0x3A, 0x42, 0xA3, 0x60, 0xF9, 0xE3, 0xAB, 0x85, 0x6C, 0x5C, 0x8E, 0xC0, 0x06, 0x35, 0x85,
    0x45, 0xC0, 0x4F, 0x43, 0x0C, 0x69, 0xA1, 0x4A, 0xC4, 0x75, 0xF6, 0x26, 0x64, 0xB3, 0xE7, 0xBC,
    0x3B, 0x21, 0x83, 0xBB, 0x36, 0x67, 0xFF, 0x20, 0x75, 0xEB, 0xC4, 0xBF, 0xEE, 0x0A, 0xE3, 0x7D,
    0x0D, 0x70, 0xDB, 0x44, 0xA8, 0x0C, 0x02, 0x1F, 0x21, 0x18, 0x87, 0x3E, 0xE8, 0x5A, 0x6E, 0x79,
    0xA6, 0xE0, 0xB4, 0x6C, 0x38, 0x5B, 0x4F, 0xA0, 0x93, 0x41, 0xB9, 0x33, 0x2A, 0x15, 0xB9, 0xDB,
    0xD4, 0x07, 0x63, 0x84, 0x16, 0xFC, 0xA4, 0x0D, 0xE1, 0x29, 0x2C, 0x7A, 0x69, 0xF1, 0x2B, 0xE3,
    0x6B, 0xCC, 0xC8, 0x6F, 0x09, 0xAB, 0x87, 0xC2, 0xF8, 0x70, 0x06, 0x45, 0x61, 0xEF, 0xA8, 0x31,
    0x20, 0x57, 0x76, 0x02, 0x80, 0xFE, 0x39, 0x71, 0x8D, 0x8E, 0x61, 0xB4, 0xB3, 0x8C, 0x3A, 0xF4,
    0xB1, 0xD6, 0xCE, 0xBD, 0x2D, 0xF1, 0xF8, 0xC1, 0x54, 0xB8, 0xC5, 0xBA, 0x14, 0xEB, 0x88, 0xD9,
    0x03, 0xFE, 0x8E, 0xD4, 0x87, 0x4A, 0xCD, 0x2F, 0x17, 0xF7, 0x13, 0xB4, 0x5A, 0x5A, 0xA9, 0xD9,
    0x81, 0x5C, 0x91, 0xD3, 0x35, 0x79, 0x4C, 0x0C, 0x11, 0x35, 0xC6, 0xB4, 0xAF, 0x8C, 0xBC, 0xCC,
    0xD8, 0x79, 0xA9, 0x23, 0xF7, 0xF8, 0x84, 0x93, 0x15, 0xCC, 0x48, 0xAC, 0xE5, 0xFF, 0xAA, 0xE9,
    0xF8, 0xC8, 0x63, 0x54, 0x14, 0x3B, 0x2F, 0xD2, 0x73, 0x5D, 0xC5, 0x1E, 0xCF, 0x85, 0x8F, 0x8B,
    0x97, 0x28, 0x8F, 0xB4, 0x78, 0x8D, 0xF1, 0x40, 0xD8, 0x21, 0xF9, 0x96, 0x7E, 0x84, 0x58, 0x00,
    0xD3, 0x84, 0xD2, 0xC9, 0x97, 0x70, 0xEF, 0x62, 0x0A, 0x2B, 0x5A, 0x87, 0xC0, 0x46, 0x91, 0xE9,
    0x9C, 0x92, 0xD7, 0x55, 0xF2, 0xDA, 0x8C, 0xE0, 0xA8, 0x04, 0xAF, 0xA8, 0x8A, 0x4C, 0x8B, 0x8A,
    0x66, 0xBD, 0x43, 0xB5, 0xB0, 0xD3, 0x99, 0x2A, 0xF4, 0xF0, 0xB8, 0xC8, 0xCD, 0x32, 0x24, 0xAD,
    0x8E, 0x1E, 0x88, 0x69, 0x27, 0xE8, 0x2C, 0x2A, 0xEB, 0xCE, 0xA2, 0xF4, 0x6E, 0xAC, 0xC9, 0x41,
    0xFA, 0x47, 0x70, 0xAA, 0x0C, 0x2E, 0xEB, 0xB0, 0xC5, 0x32, 0x4F, 0xC8, 0xAB, 0xF6, 0xF1, 0x32,
    0xF2, 0xBA, 0x4A, 0x5E, 0xDF, 0x91, 0x47, 0x5F, 0x8A, 0x1B, 0xB4, 0x83, 0x36, 0xB6, 0x3C, 0xE7,
    0x79, 0x52, 0x4B, 0xD7, 0xF1, 0x75, 0xEA, 0x75, 0x5E, 0x93, 0x01, 0x57, 0x9E, 0xED, 0x09, 0x2E,
    0xA0, 0x3A, 0x5C, 0x89, 0x5E, 0x40, 0x47, 0xBC, 0xDC, 0xA3, 0x57, 0xAA, 0x17, 0x2A, 0x37, 0x5E,
    0x39, 0xAF, 0x65, 0x16, 0x38, 0x78, 0x4D, 0x65, 0x0C, 0x7B, 0x42, 0xB9, 0xC1, 0xB8, 0xAA, 0x74,
    0xC4, 0x8A, 0x15, 0xD9, 0xD1, 0x40, 0xF0, 0x54, 0x7E, 0x90, 0xDD, 0xB7, 0xF7, 0x8B, 0xBD, 0xAC,
    0x55, 0x8C, 0xC3, 0x9F, 0x83, 0xFD, 0x52, 0xEF, 0xC9, 0xE0, 0x56, 0x71, 0xDA, 0x18, 0x38, 0x44,
    0x03, 0x6F, 0x5C, 0x33, 0x55, 0x24, 0xF9, 0xB3, 0x4F, 0xA0, 0x54, 0xA3, 0x9A, 0xC1, 0x2D, 0xF6,
    0x53, 0xFD, 0x4C, 0x3E, 0x83, 0xE2, 0xB9, 0x27, 0x51, 0xFB, 0x54, 0x7E, 0xDC, 0xCE, 0xF3, 0x44,
    0xC8, 0x14, 0xB7, 0x54, 0x3C, 0x7B, 0xDD, 0x97, 0xB5, 0xD7, 0x0D, 0x0E, 0xDF, 0xBA, 0xCB, 0xA4,
    0x98, 0x87, 0xDA, 0x47, 0xE9, 0x88, 0x94, 0x3B, 0x42, 0x92, 0x29, 0xD3, 0xF0, 0xD8, 0xEB, 0x66,
    0x97, 0x25, 0x65, 0x12, 0x37, 0xB4, 0x7C, 0xD3, 0x2C, 0x0A, 0x73, 0xC5, 0xFE, 0xA6, 0x92, 0x83,
    0xBD, 0x6E, 0xA3, 0xBD, 0xEE, 0x6E, 0xD1, 0xEB, 0x06, 0x24, 0x18, 0x3F, 0x29, 0x28, 0x98, 0x43,
    0xF7, 0x0D, 0x6D, 0x51, 0xB1, 0xCD, 0x4B, 0xB6, 0xA7, 0xCC, 0x1D, 0xB7, 0x08, 0xE8, 0xBB, 0x83,
    0x13, 0xE1, 0xC1, 0x14, 0xF8, 0x00, 0x5B, 0x0D, 0x7B, 0x3D, 0x43, 0x80, 0xC3, 0x45, 0x0F, 0xAE,
    0x8F, 0xF8, 0x60, 0x9C, 0x26, 0x0C, 0xF2, 0x0B, 0x48, 0xF2, 0xC2, 0x5D, 0xF5, 0x4A, 0x9A, 0xB8,
    0xD9, 0x63, 0x59, 0x0E, 0xFF, 0xAF, 0x48, 0x92, 0x6C, 0xA2, 0x40, 0xA9, 0x48, 0x05, 0x72, 0xC6,
    0xBA, 0x6C, 0x85, 0x77, 0xF4, 0x8B, 0xB4, 0xE3, 0x2D, 0x41, 0x97, 0x16, 0x84, 0x21, 0x3C, 0x92,
    0x08, 0x1B, 0xC6, 0xB9, 0xC8, 0x1B, 0x82, 0x12, 0xCF, 0x8C, 0x06, 0x4A, 0x40, 0x98, 0x3C, 0x0F,
    0xA8, 0x16, 0xAA, 0xAC, 0xAE, 0xC6, 0xD4, 0xA6, 0xA7, 0x4E, 0x3F, 0xF6, 0x58, 0xD3, 0x7C, 0x42,
    0xBA, 0x98, 0xB1, 0xD3, 0xB4, 0xA0, 0x1A, 0xB2, 0x62, 0x59, 0xAA, 0x8C, 0x73, 0xA0, 0xBD, 0x6C,
    0xAB, 0xCE, 0x68, 0x0F, 0x76, 0x31, 0x42, 0x2D, 0x7B, 0x47, 0xB9, 0x6A, 0x36, 0x67, 0x8C, 0x8D,
    0x0F, 0xA4, 0xD7, 0xBD, 0xE7, 0x10, 0x3E, 0x9B, 0xA8, 0xBF, 0xD1, 0x18, 0xE0, 0x17, 0x84, 0x36,
    0x40, 0xE1, 0xC8, 0x4F, 0xD4, 0x4B, 0x92, 0x9A, 0x25, 0x17, 0x86, 0x63, 0x24, 0x83, 0xD8, 0xDC,
    0x0C, 0xDC, 0x96, 0x17, 0xBE, 0x28, 0xEC, 0xF0, 0x66, 0x9B, 0x76, 0x59, 0x3B, 0xEF, 0x62, 0xE5,
    0x23, 0x11, 0x50, 0x0E, 0xB0, 0xA7, 0x98, 0x70, 0xAB, 0x38, 0x64, 0x1A, 0x27, 0xC7, 0x83, 0x85,
    0x18, 0x92, 0x48, 0x7F, 0xE6, 0xE4, 0x4A, 0xE8, 0xE5, 0x8C, 0x5C, 0x3D, 0x54, 0x1A, 0x61, 0xFE,
    0xB4, 0x64, 0xCD, 0x47, 0x50, 0xBC, 0x97, 0x9B, 0xD6, 0x3D, 0x14, 0x9B, 0x0F, 0x65, 0x0F, 0x8C,
    0x94, 0x04, 0x60, 0x28, 0x48, 0x2D, 0x74, 0x7C, 0x2C, 0xC8, 0x0F, 0x7D, 0x7D, 0x95, 0xFF, 0xBD,
    0x42, 0x0C, 0x70, 0x89, 0x89, 0x0B, 0x49, 0x6E, 0x40, 0x17, 0xB3, 0xC3, 0xDD, 0xC7, 0x4A, 0x1B,
    0x94, 0x39, 0x3C, 0xC6, 0x0C, 0x3E, 0x7A, 0x50, 0x96, 0x1F, 0xB6, 0x91, 0x83, 0xEF, 0x76, 0x71,
    0x01, 0xF4, 0x0C, 0x13, 0x45, 0xD2, 0xE4, 0x5C, 0x61, 0x97, 0x92, 0xFE, 0x6E, 0xA8, 0xD8, 0x35,
    0x40, 0xF6, 0xEB, 0xCB, 0x3F, 0x32, 0xB8, 0xD0, 0x74, 0xAD, 0xE6, 0xE3, 0x2D, 0x6D, 0x6F, 0xD9,
    0xF0, 0xAB, 0x86, 0xED, 0xC9, 0x4F, 0x51, 0x69, 0x19, 0x54, 0x1B, 0x3D, 0xCF, 0x25, 0x68, 0xE3,
    0xC9, 0x1E, 0x13, 0xBB, 0x03, 0xA7, 0xCE, 0xD4, 0xA6, 0x80, 0xBF, 0x15, 0x3C, 0xA8, 0x9B, 0xCE,
    0x2B, 0xEA, 0x03, 0x50, 0x5F, 0xBF, 0x4F, 0xD5, 0xB6, 0x77, 0x90, 0xB9, 0x51, 0xF2, 0xB3, 0x52,
    0xDF, 0x99, 0x9F, 0x52, 0xA8, 0xCB, 0x3A, 0x35, 0xD0, 0x04, 0x9F, 0xD9, 0xE9, 0x15, 0x1E, 0x3B,
    0xB1, 0x9B, 0xCA, 0x18, 0xA7, 0xD2, 0x99, 0xE4, 0x8B, 0x96, 0xDB, 0x28, 0xA5, 0x56, 0xF4, 0x3C,
    0xA8, 0x2F, 0x49, 0xBB, 0xCA, 0x8A, 0xA4, 0xB2, 0x58, 0x04, 0x1C, 0xE7, 0xE5, 0x8D, 0x99, 0x16,
    0x7A, 0xFD, 0x2F, 0xF6, 0xE9, 0x4F, 0x75, 0x85, 0x73, 0xA0, 0x3D, 0x1B, 0x69, 0x9F, 0x5C, 0xB8,
    0x1E, 0x89, 0x10, 0x77, 0xF4, 0x14, 0x0B, 0x34, 0x93, 0x1F, 0x32, 0x8D, 0xA7, 0xC7, 0x42, 0x27,
    0x81, 0xD6, 0xB3, 0x37, 0x9D, 0xEC, 0xC2, 0xBA, 0x2E, 0x49, 0x71, 0xB8, 0x34, 0xD8, 0x54, 0x8A,
    0x9D, 0x4C, 0x50, 0x25, 0x6C, 0x21, 0xCE, 0x9D, 0x0C, 0xF3, 0xC3, 0x5C, 0x3F, 0x54, 0xED, 0x20,
    0x3C, 0x85, 0x9A, 0x7B, 0x96, 0x5A, 0x38, 0x7B, 0x8D, 0x9D, 0xD9, 0x6C, 0x1E, 0x12, 0x1F, 0xCE,
    0x68, 0x9A, 0xC8, 0xEC, 0x32, 0x91, 0xF9, 0xB1, 0x87, 0xBB, 0x58, 0xCB, 0xBA, 0xA0, 0x67, 0x21,
    0xB7, 0x0C, 0x41, 0xFF, 0xCD, 0x52, 0x17, 0x29, 0xD7, 0x18, 0x05, 0xD2, 0x0D, 0x59, 0x4B, 0x8A,
    0x33, 0xE1, 0xD7, 0x58, 0x0A, 0xAA, 0x49, 0x9C, 0x05, 0x74, 0x35, 0xEE, 0xF4, 0xD7, 0x59, 0xC7,
    0xA0, 0x12, 0x36, 0xB3, 0x5B, 0x72, 0x5C, 0xFB, 0x76, 0x0C, 0xB5, 0xC8, 0x5B, 0x77, 0xDA, 0xE5,
    0xA1, 0x79, 0xD2, 0x5E, 0x41, 0xE8, 0xBA, 0x15, 0xF6, 0x6F, 0xF4, 0xB1, 0x0F, 0x7B, 0xE4, 0x1E,
    0x56, 0x28, 0x33, 0x26, 0x3C, 0xAB, 0x90, 0x1A, 0x28, 0x55, 0x4B, 0x6A, 0xB8, 0x7C, 0x0E, 0x65,
    0x39, 0x5B, 0x18, 0xB8, 0x5B, 0x48, 0x50, 0x74, 0x6A, 0xDE, 0xBD, 0x37, 0xED, 0x26, 0x92, 0xA7,
    0x97, 0xF3, 0xE9, 0xC1, 0x24, 0x02, 0x76, 0xB3, 0x62, 0xF2, 0xFB, 0xC1, 0x67, 0x7F, 0xBE, 0xD7,
    0x26, 0x7F, 0x09, 0xBB, 0xA4, 0x0D, 0x80, 0xDD, 0x83, 0xD6, 0xD4, 0x21, 0x2A, 0xCF, 0xB0, 0x31,
    0x08, 0x23, 0x69, 0x11, 0xF9, 0x2C, 0x67, 0x38, 0x89, 0x6B, 0xA6, 0x45, 0x0C, 0x1A, 0xC3, 0x6C,
    0x6B, 0x4C, 0xEC, 0x73, 0x7F, 0xF8, 0x37, 0xA9, 0x68, 0x65, 0x34, 0xA6, 0x58, 0x8D, 0x29, 0xF1,
    0x59, 0xB1, 0x08, 0x4D, 0x91, 0xE7, 0x81, 0xDD, 0x4C, 0xDB, 0x8A, 0xB1, 0xE7, 0x69, 0x1D, 0xC2,
    0x89, 0x9B, 0xE2, 0x79, 0x9B, 0x0F, 0xFB, 0x0E, 0x3F, 0x3A, 0xDD, 0xDC, 0xDB, 0x29, 0x1F, 0xD0,
    0x48, 0x1E, 0x49, 0x45, 0x87, 0x42, 0xE3, 0xE4, 0x18, 0x72, 0x96, 0xA9, 0x28, 0x62, 0x2A, 0x2A,
    0x0E, 0x95, 0xC6, 0x51, 0x4D, 0x45, 0xCD, 0xBF, 0x4C, 0x45, 0x87, 0xB2, 0x87, 0x45, 0x2A, 0x4A,
    0xC6, 0x54, 0x74, 0xFA, 0x40, 0x2A, 0x3A, 0x8C, 0xF5, 0x15, 0x11, 0xF8, 0x31, 0xE8, 0x25, 0xFB,
    0xA6, 0x74, 0x6A, 0x63, 0x23, 0xE7, 0x39, 0xF0, 0x44, 0x71, 0xE5, 0xFC, 0x75, 0x64, 0x0E, 0x62,
    0xCA, 0x25, 0xA4, 0x51, 0x24, 0xAC, 0x26, 0x4F, 0x4B, 0xF9, 0x21, 0xEB, 0x6D, 0xF2, 0xF4, 0x21,
    0xBB, 0x2D, 0x11, 0x5B, 0xD4, 0xAC, 0xA6, 0xEA, 0x67, 0xA7, 0xA0, 0x7E, 0x7E, 0x0A, 0xD4, 0x05,
    0xBE, 0xB2, 0xF7, 0x90, 0xAB, 0xB2, 0x9F, 0xE4, 0x48, 0x5C, 0x3F, 0x65, 0xFF, 0x7A, 0x37, 0xE2,
    0x31, 0x6E, 0xCC, 0xFF, 0x18, 0x42, 0x64, 0xA5, 0x00, 0x8A, 0x8B, 0xAC, 0x32, 0xB5, 0xBC, 0x33,
    0x0F, 0x9D, 0x73, 0xA3, 0x8C, 0xAB, 0x31, 0x92, 0x31, 0x77, 0x6A, 0xD7, 0x77, 0x3F, 0x4C, 0x9F,
    0xBD, 0x2A, 0x97, 0x81, 0x2D, 0x3B, 0x78, 0x2A, 0xC0, 0x1C, 0x8C, 0xDE, 0x3D, 0x62, 0xF0, 0x6A,
    0xF4, 0xA8, 0x4D, 0xC1, 0x8F, 0x85, 0x3F, 0x5B, 0x99, 0x54, 0xF6, 0x93, 0xAF, 0x5C, 0x36, 0xDC,
    0xEE, 0x4C, 0x0F, 0xC3, 0xD7, 0xA2, 0x34, 0x28, 0x46, 0x29, 0xB0, 0x08, 0x01, 0x23, 0xC4, 0x86,
    0x07, 0x8C, 0xF2, 0x70, 0x68, 0x9C, 0x1E, 0x8F, 0x07, 0x22, 0xE0, 0x58, 0xF3, 0x9B, 0x4A, 0xD6,
    0x15, 0x1F, 0x5D, 0x3A, 0x5C, 0x1A, 0xAC, 0x48, 0xB1, 0xAE, 0xFD, 0x1E, 0x06, 0x8C, 0xFE, 0x58,
    0x50, 0x1C, 0xF2, 0xFA, 0x67, 0x16, 0xCD, 0x53, 0x9E, 0x09, 0x8F, 0x40, 0xB6, 0x5F, 0x1E, 0xD7,
    0x2D, 0x21, 0xED, 0x07, 0x72, 0xF6, 0x3A, 0xCC, 0xA0, 0x6C, 0x80, 0x7A, 0xA1, 0x5C, 0x58, 0x00,
    0x9B, 0xB2, 0x1A, 0x2E, 0xAF, 0x70, 0x62, 0xF9, 0xF2, 0x32, 0x1C, 0x3F, 0x7D, 0x9F, 0x16, 0xF8,
    0x29, 0x56, 0x31, 0xB7, 0x09, 0x00, 0x78, 0x50, 0xAC, 0x5D, 0x24, 0x4D, 0xF9, 0x5A, 0x68, 0x2F,
    0xFA, 0xB3, 0x73, 0x2B, 0xD5, 0x22, 0x83, 0x36, 0xF8, 0xCD, 0x7E, 0xD1, 0xCD, 0x1F, 0x8F, 0x5F,
    0x9E, 0xB9, 0xBE, 0xA8, 0x72, 0x93, 0xE5, 0x13, 0x8F, 0x4C, 0x71, 0x0D, 0x10, 0x91, 0x7C, 0x06,
    0xC3, 0x36, 0x5F, 0xDC, 0x83, 0xDD, 0xCD, 0xB0, 0xB6, 0x69, 0x50, 0xF8, 0x98, 0x9A, 0xCD, 0x58,
    0x47, 0xAB, 0x2C, 0xB0, 0xB9, 0x6C, 0x2C, 0x86, 0x22, 0xFD, 0x0F, 0x09, 0x7E, 0xAC, 0x20, 0xB6,
    0x68, 0x76, 0x53, 0xDA, 0x5F, 0x49, 0x90, 0xAF, 0xDE, 0xD1, 0x5D, 0x9C, 0x47, 0x76, 0x59, 0xB6,
    0x94, 0xB5, 0xF7, 0xA4, 0x27, 0x32, 0x76, 0x58, 0x9A, 0x28, 0x8F, 0xDD, 0xD5, 0x15, 0xC7, 0xE3,
    0x96, 0x87, 0x4E, 0xB7, 0x1E, 0x87, 0xAC, 0xFE, 0x09, 0x8D, 0x53, 0xB1, 0x6E, 0xDB, 0x30, 0x14,
    0x3C, 0x49, 0x71, 0x05, 0x54, 0x03, 0x3D, 0x38, 0x33, 0x77, 0x0F, 0xE5, 0x9A, 0x02, 0x96, 0x48,
    0xC0, 0x43, 0xC7, 0x74, 0x68, 0x7F, 0xA2, 0xFD, 0x81, 0x0E, 0x46, 0xCC, 0x22, 0x63, 0x97, 0xF6,
    0x0F, 0x32, 0x64, 0x08, 0x34, 0x7B, 0xE8, 0xE0, 0xDA, 0x04, 0x3C, 0x74, 0xC8, 0xA2, 0x4F, 0x10,
    0xD0, 0xA9, 0xE8, 0xA2, 0x00, 0x1A, 0x84, 0x42, 0x36, 0xFB, 0x1E, 0xE5, 0x1A, 0x08, 0xD2, 0xA1,
    0x24, 0x8E, 0x14, 0x49, 0xBD, 0xE3, 0xD3, 0xDD, 0x93, 0xF6, 0x95, 0xF6, 0x6E, 0x5A, 0xDA, 0xB2,
    0x2C, 0xEF, 0xBC, 0xF7, 0xFD, 0xD6, 0xFB, 0x4E, 0x79, 0xDF, 0x6A, 0xC2, 0xB4, 0x2C, 0x6F, 0x08,
    0x65, 0x69, 0x69, 0xE5, 0xBD, 0x1B, 0xC6, 0xA7, 0x3B, 0xA0, 0x46, 0x4F, 0x7B, 0x42, 0x8F, 0x63,
    0x5B, 0x12, 0x0F, 0x73, 0xC5, 0x36, 0xB5, 0x02, 0x05, 0x72, 0x6C, 0xA8, 0x5F, 0xD0, 0x89, 0xB0,
    0xD2, 0x49, 0x27, 0x8C, 0xC4, 0x0C, 0x2B, 0x8C, 0x79, 0xC7, 0x28, 0x27, 0x2D, 0x8D, 0xC7, 0x9D,
    0x0F, 0xE8, 0xA9, 0xAF, 0x69, 0x25, 0x91, 0x99, 0xD8, 0xD0, 0x2B, 0x89, 0x6B, 0xB2, 0xEB, 0x4A,
    0x66, 0x36, 0x17, 0xB8, 0x52, 0x66, 0xAB, 0x2D, 0x8D, 0x93, 0x33, 0xBE, 0x49, 0xD0, 0xFE, 0x7D,
    0x23, 0xBE, 0xD7, 0x62, 0xEE, 0xE8, 0x85, 0x99, 0xC0, 0x6A, 0x86, 0xF1, 0x70, 0x34, 0xAF, 0xD4,
    0x7D, 0x2D, 0x3F, 0xD5, 0xE2, 0x95, 0x53, 0xA7, 0xA3, 0xF1, 0x90, 0xA1, 0x3C, 0x42, 0x11, 0x5E,
    0x00, 0xEF, 0xB6, 0x25, 0xE8, 0x63, 0xF0, 0xDE, 0xFF, 0xC4, 0xA9, 0xF5, 0x03, 0x22, 0x46, 0x07,
    0xC4, 0x2D, 0xA1, 0xA1, 0x6C, 0xFE, 0xA2, 0x1E, 0x90, 0x56, 0x40, 0x46, 0x32, 0x24, 0x06, 0xFF,
    0xC5, 0xFD, 0x32, 0xBA, 0x25, 0x81, 0x5A, 0x3C, 0x3F, 0x98, 0xD3, 0x55, 0xFF, 0xE4, 0xAE, 0x1E,
    0x73, 0x67, 0xB5, 0xEE, 0xFD, 0xDE, 0x1F, 0xA8, 0xF7, 0xBA, 0xCB, 0xAA, 0x11, 0x46, 0xD0, 0x24,
    0xDE, 0xD2, 0x68, 0xA7, 0xA1, 0x2C, 0xF3, 0x9C, 0x91, 0x80, 0x46, 0xA3, 0x4F, 0x9A, 0x6D, 0xB4,
    0x4F, 0xDB, 0x25, 0x3F, 0x0D, 0x37, 0x6C, 0x0C, 0xE7, 0x82, 0xD4, 0xD7, 0xA4, 0x2D, 0x89, 0xF3,
    0xB1, 0x89, 0xF8, 0x44, 0xA3, 0xE5, 0x7B, 0x48, 0xED, 0x56, 0x30, 0xC3, 0x02, 0xAD, 0x46, 0x98,
    0x9B, 0x75, 0x98, 0xE3, 0x87, 0x96, 0xE7, 0x22, 0xDB, 0xD5, 0x3C, 0x2B, 0x7F, 0x19, 0x2E, 0x4A,
    0x3B, 0x15, 0x19, 0x4A, 0x00, 0x58, 0xAB, 0x1E, 0x44, 0x1A, 0xB5, 0x87, 0x4D, 0xF2, 0xBB, 0x43,
    0xF2, 0xA3, 0x91, 0xC2, 0x2D, 0x20, 0x76, 0x4E, 0xB0, 0xC9, 0x2A, 0x73, 0x82, 0xAD, 0x5D, 0x64,
    0x56, 0x14, 0x4C, 0x9F, 0x59, 0x55, 0xE0, 0x6B, 0x52, 0xA7, 0x6E, 0xA6, 0xA2, 0x46, 0x38, 0x0A,
    0x12, 0xBF, 0x2A, 0x85, 0xC8, 0x57, 0xA9, 0x37, 0x13, 0xE0, 0x1C, 0x78, 0x8D, 0xF8, 0x33, 0xC5,
    0x39, 0xAE, 0x8A, 0x9C, 0x82, 0x56, 0x2C, 0xD1, 0x97, 0x9B, 0x6C, 0x47, 0x4E, 0x3B, 0x71, 0xE9,
    0x94, 0x30, 0xB9, 0xC4, 0x22, 0x67, 0x47, 0x87, 0x76, 0x81, 0x2E, 0x21, 0x32, 0x8D, 0x6F, 0x64,
    0xD9, 0x15, 0x7D, 0x96, 0xB0, 0xA9, 0x4B, 0x42, 0x71, 0xA6, 0xA4, 0x60, 0x52, 0x91, 0xBA, 0x5C,
    0x55, 0xEB, 0xB8, 0x4B, 0x6B, 0x61, 0x8B, 0x50, 0x8C, 0xB8, 0x7B, 0x66, 0xD1, 0x0B, 0xC7, 0x88,
    0x3A, 0xE1, 0xE2, 0x4E, 0xDA, 0xB8, 0x95, 0x26, 0x69, 0x14, 0x02, 0x6A, 0x4D, 0x28, 0xC8, 0x89,
    0x02, 0x94, 0x2E, 0xF1, 0x2C, 0x02, 0x22, 0x8C, 0x4F, 0xCE, 0x8D, 0x28, 0x59, 0x3D, 0xEF, 0xA0,
    0xAF, 0x09, 0x49, 0xD0, 0x0A, 0xE7, 0x6F, 0xDF, 0x68, 0xDF, 0x4F, 0xCB, 0x5B, 0x5E, 0xB0, 0xCA,
    0x6C, 0x67, 0xF0, 0x31, 0xD4, 0x05, 0xFD, 0x10, 0xC7, 0xEA, 0x62, 0xCB, 0x83, 0xC7, 0x08, 0xE2,
    0x1F, 0x95, 0xA7, 0xD6, 0x3E, 0x0D, 0xCA, 0x79, 0xE8, 0x4E, 0x41, 0xEE, 0x51, 0xD0, 0x84, 0x87,
    0x3F, 0xAD, 0x55, 0xB1, 0x6E, 0xDC, 0x46, 0x14, 0x7C, 0x4B, 0x42, 0x26, 0x20, 0x02, 0xA6, 0x0A,
    0xBB, 0x49, 0xE0, 0xB0, 0x49, 0xE5, 0x18, 0x66, 0x9B, 0x42, 0xD2, 0xF2, 0x0F, 0xD2, 0xE4, 0xD4,
    0xA4, 0x48, 0xEB, 0xCE, 0x29, 0x52, 0x2A, 0x22, 0xBF, 0x20, 0xB8, 0x00, 0xE9, 0xD2, 0xA8, 0x48,
    0x61, 0x5F, 0xA3, 0x56, 0xC5, 0xE9, 0xB8, 0x70, 0x93, 0x22, 0x0D, 0x8B, 0x7C, 0x00, 0x01, 0xAB,
    0x89, 0x2B, 0x06, 0xA0, 0x03, 0xC6, 0x58, 0x72, 0x33, 0xB3, 0xE4, 0x9D, 0xCE, 0x31, 0xE0, 0x2A,
    0x04, 0x34, 0xAB, 0x23, 0x77, 0xF7, 0xED, 0xCC, 0x9B, 0xF7, 0x56, 0xC4, 0x3F, 0xD1, 0x23, 0x40,
    0xF2, 0x04, 0x70, 0xFF, 0x4B, 0xC0, 0x93, 0xEF, 0x44, 0x62, 0xBB, 0x11, 0xD1, 0xBD, 0x33, 0xCA,
    0x95, 0x99, 0x09, 0x7B, 0x89, 0x4D, 0xD2, 0x48, 0x8C, 0xFF, 0x25, 0xCE, 0x75, 0x8E, 0x59, 0x05,
    0x57, 0x6E, 0x08, 0x23, 0x61, 0x78, 0x1F, 0xFC, 0xBB, 0x8A, 0x50, 0xE4, 0xF2, 0xB9, 0xE8, 0x5A,
    0x59, 0x49, 0xFE, 0xAA, 0x7A, 0x09, 0x5F, 0xBB, 0x52, 0xD4, 0x6F, 0xBD, 0x48, 0xF0, 0x3B, 0xBE,
    0x86, 0x3F, 0x6E, 0xE3, 0xC7, 0x8C, 0x2F, 0x67, 0xAB, 0x55, 0x19, 0x38, 0xE7, 0x6A, 0x55, 0x39,
    0x67, 0x24, 0x2B, 0x43, 0x23, 0x3A, 0x27, 0x48, 0x90, 0x03, 0xF0, 0x78, 0xB8, 0xF0, 0xFB, 0xBB,
    0x56, 0xC4, 0x11, 0x2C, 0x7F, 0xEE, 0x20, 0xE3, 0xAB, 0x2F, 0xC6, 0x4B, 0xC4, 0xE8, 0x18, 0xA3,
    0xDD, 0x42, 0x81, 0xD8, 0x58, 0x55, 0x72, 0x62, 0xF6, 0x27, 0x3E, 0x23, 0x90, 0x24, 0x63, 0x65,
    0x24, 0xAD, 0x23, 0xC4, 0x28, 0xA3, 0xFD, 0x40, 0x64, 0x98, 0x38, 0xCC, 0x3E, 0x5C, 0xAD, 0xF2,
    0x49, 0xA9, 0x4F, 0x56, 0x2B, 0x6E, 0xEF, 0xB6, 0xD4, 0x6F, 0xF6, 0xE2, 0x9E, 0x88, 0xEA, 0xE4,
    0x58, 0xC2, 0xB7, 0x8B, 0x35, 0x62, 0x38, 0x8B, 0x93, 0xB9, 0x5E, 0xD4, 0x59, 0x29, 0x8B, 0x67,
    0xA1, 0x6B, 0xC4, 0x59, 0x55, 0xB5, 0x52, 0xDD, 0x8A, 0x6E, 0x25, 0x29, 0x21, 0xAE, 0x24, 0xB9,
    0x9C, 0x58, 0x49, 0x45, 0xCE, 0x37, 0x92, 0x89, 0xAC, 0x35, 0x10, 0x01, 0xC1, 0xC8, 0x63, 0xB3,
    0x8B, 0xB9, 0x5A, 0x2D, 0x33, 0xBE, 0xA9, 0x83, 0x36, 0xE8, 0xD6, 0x12, 0xB4, 0x62, 0x2D, 0x19,
    0x0D, 0xD0, 0xB3, 0x91, 0xC2, 0xA3, 0xEE, 0x24, 0xAA, 0x25, 0x43, 0x04, 0x28, 0xDD, 0x22, 0x1A,
    0x11, 0x7A, 0x2E, 0xC9, 0x72, 0x14, 0xEA, 0x59, 0x4A, 0x96, 0x67, 0xD4, 0x33, 0xA9, 0xC1, 0x30,
    0x69, 0x22, 0x6C, 0x39, 0xC6, 0x04, 0xE8, 0x99, 0x1A, 0x50, 0xD2, 0xA5, 0x0C, 0xCA, 0x51, 0x54,
    0x4B, 0xA8, 0x91, 0xC8, 0x9F, 0x45, 0x14, 0x19, 0x06, 0xBD, 0x7C, 0x44, 0xCF, 0x83, 0xB3, 0x52,
    0x2D, 0xD5, 0xE2, 0x32, 0x75, 0x26, 0x6E, 0x43, 0xD7, 0xC6, 0x63, 0x9E, 0xB4, 0xAA, 0x5A, 0x62,
    0x69, 0xDA, 0xCA, 0x29, 0xF5, 0x01, 0xED, 0x35, 0xC7, 0xA2, 0xA5, 0x62, 0x56, 0xC6, 0x0E, 0x7A,
    0x61, 0xFC, 0xBB, 0xC3, 0x5E, 0x9E, 0x1E, 0x74, 0x9D, 0xC6, 0x51, 0xB6, 0xCF, 0x63, 0x92, 0x5F,
    0xBD, 0x14, 0xBD, 0x7D, 0x7F, 0x71, 0x2A, 0xF6, 0x04, 0x1F, 0x4E, 0x8F, 0x65, 0xBD, 0xE6, 0xB8,
    0x96, 0x1B, 0x9E, 0x0C, 0xF4, 0x0B, 0x1E, 0x09, 0x51, 0x0A, 0x0A, 0xA7, 0x41, 0xD1, 0x70, 0x34,
    0xD3, 0x98, 0x41, 0xF1, 0x5C, 0xF6, 0x9F, 0x60, 0x49, 0xD7, 0x71, 0x6E, 0x0C, 0x9E, 0xDA, 0x0D,
    0xE4, 0x43, 0xF3, 0x26, 0x66, 0x86, 0xEA, 0xAA, 0x14, 0xC8, 0x03, 0x3B, 0xBC, 0x01, 0x38, 0x68,
    0x06, 0x3A, 0x9A, 0xD4, 0xB5, 0x44, 0x2D, 0x34, 0xC3, 0xC2, 0x0D, 0x67, 0x0E, 0x04, 0x08, 0x6E,
    0x02, 0x42, 0x08, 0xA8, 0x13, 0x2B, 0x71, 0xF7, 0x03, 0x32, 0xE3, 0xDE, 0xBA, 0x52, 0xB9, 0x57,
    0x10, 0xE9, 0xC1, 0x36, 0x32, 0xC9, 0x10, 0x48, 0xF3, 0xDE, 0x98, 0x53, 0x42, 0x4E, 0x64, 0xCA,
    0x3A, 0x68, 0x84, 0x14, 0xAD, 0x69, 0xBE, 0x6B, 0x56, 0xD1, 0x91, 0xB7, 0x57, 0x4A, 0x37, 0x64,
    0x3B, 0x4B, 0x3C, 0x5C, 0x2C, 0x72, 0x6E, 0x50, 0xF3, 0x18, 0xDB, 0x84, 0xF8, 0xD4, 0x50, 0x0A,
    0x35, 0xA0, 0x50, 0xC5, 0xFD, 0x04, 0x5B, 0x6B, 0xC6, 0x88, 0xFD, 0xB2, 0xAF, 0xF1, 0xB7, 0x78,
    0x86, 0x3C, 0x05, 0xCE, 0x22, 0x4B, 0xAA, 0xBA, 0x8D, 0x47, 0xCA, 0xC2, 0xC5, 0x70, 0x84, 0x61,
    0x61, 0x51, 0x21, 0xED, 0x9D, 0xAD, 0x7D, 0xD8, 0x82, 0x1F, 0x0F, 0xDD, 0xD5, 0xBB, 0x17, 0xDE,
    0x97, 0x56, 0x0E, 0xC7, 0xAB, 0x37, 0xBF, 0x22, 0x69, 0x5E, 0x36, 0xCB, 0xAF, 0xCA, 0xD2, 0x18,
    0xAA, 0xE7, 0x7C, 0xFC, 0xB7, 0xF1, 0x07, 0xD1, 0xFE, 0x4C, 0xD0, 0xBD, 0x70, 0x92, 0xF4, 0xA0,
    0x27, 0x90, 0x83, 0xA9, 0xC4, 0x0B, 0x50, 0xF7, 0x70, 0x1D, 0x35, 0x99, 0x74, 0x71, 0xF3, 0x54,
    0xDA, 0xA4, 0xFE, 0x6C, 0xAB, 0xFA, 0xAB, 0x9C, 0x35, 0x07, 0xC8, 0x40, 0x27, 0xF6, 0xD9, 0xC8,
    0x33, 0xA6, 0xE8, 0x1F, 0x48, 0xE5, 0xDF, 0xB3, 0xA9, 0x3C, 0xB8, 0x6B, 0x3E, 0x37, 0xDB, 0x96,
    0x93, 0x92, 0xA5, 0xF6, 0x54, 0x69, 0x7A, 0xC5, 0x18, 0xE2, 0x9B, 0x48, 0x6A, 0xE0, 0xF7, 0xAC,
    0xA4, 0x2F, 0xF1, 0x28, 0xEF, 0x27, 0xDF, 0xF6, 0xF0, 0x6B, 0x88, 0x3C, 0xAF, 0x0B, 0xB6, 0xA9,
    0xCD, 0x37, 0x23, 0x4D, 0x8F, 0xC0, 0x8E, 0x49, 0xD9, 0xB5, 0x13, 0xD5, 0x6F, 0xED, 0xEF, 0x35,
    0xD6, 0xD8, 0x12, 0x14, 0xCC, 0xCE, 0x48, 0x71, 0xE9, 0x8F, 0x49, 0xE0, 0xCF, 0xAB, 0xDB, 0xB9,
    0x6D, 0x80, 0x66, 0x13, 0xB8, 0x3C, 0xAA, 0x23, 0x64, 0x97, 0xED, 0x33, 0x34, 0x48, 0x6D, 0x50,
    0xDE, 0xB5, 0xCF, 0x6A, 0xAF, 0x7D, 0x86, 0xAE, 0x27, 0x74, 0x03, 0xC5, 0x1F, 0xE6, 0x3C, 0x9C,
    0x72, 0xCA, 0x05, 0xCB, 0xF2, 0x06, 0x8A, 0x7C, 0x6A, 0x69, 0x47, 0x4B, 0x6E, 0x08, 0x19, 0x9B,
    0xF7, 0x63, 0xE7, 0x93, 0x9B, 0xF0, 0xB1, 0x0D, 0xDC, 0x95, 0x65, 0x93, 0x40, 0x5B, 0xB0, 0x01,
    0x9D, 0xE9, 0x39, 0x44, 0x2D, 0x6C, 0x34, 0x66, 0x73, 0x79, 0x21, 0x1D, 0x2F, 0x60, 0x21, 0x9F,
    0xCA, 0x29, 0xFB, 0x92, 0xA3, 0xF7, 0x35, 0xF0, 0x77, 0xA3, 0xEB, 0xB8, 0x06, 0x05, 0x13, 0x52,
    0x88, 0x83, 0x5D, 0xD9, 0xDC, 0x71, 0xF4, 0x90, 0xE5, 0xF4, 0xD6, 0xE8, 0xFD, 0xFC, 0xBF, 0xDE,
    0x13, 0x63, 0xE5, 0xCB, 0x81, 0xBD, 0xA5, 0xFF, 0x50, 0x5F, 0x02, 0x3A, 0xF2, 0xAA, 0x04, 0x9B,
    0xBD, 0x2C, 0xF8, 0xAA, 0x2A, 0x09, 0xF9, 0x71, 0xD8, 0x26, 0xF9, 0x39, 0x00, 0x26, 0x03, 0x1C,
    0x4D, 0x45, 0x4E, 0x80, 0x11, 0xF6, 0xEA, 0x7B, 0x82, 0xB4, 0x9C, 0xDA, 0x83, 0x4C, 0x0D, 0x82,
    0xAD, 0x3F, 0xA6, 0x09, 0x12, 0x14, 0xA5, 0xDC, 0xA3, 0x69, 0x13, 0xEF, 0xA5, 0xDD, 0x43, 0x15,
    0xE5, 0x60, 0xF1, 0xED, 0x1F, 0xBB, 0x1D, 0xCC, 0xBC, 0x58, 0x81, 0xCE, 0xE3, 0xAA, 0x9B, 0x7B,
    0xE2, 0xC3, 0xE7, 0xE5, 0xDC, 0x5C, 0xD8, 0x9F, 0xE7, 0x32, 0xF5, 0x1D, 0x54, 0xDD, 0xDD, 0x57,
    0xFE, 0x32, 0xAA, 0x00, 0x87, 0xE5, 0x7F, 0x4E, 0xF5, 0x3D, 0x4E, 0xF5, 0x0B, 0x8B, 0x93, 0x1A,
    0x15, 0xCB, 0x23, 0xF4, 0x13, 0x54, 0xFB, 0x7D, 0x55, 0xB1, 0x0A, 0xB0, 0x1F, 0xCB, 0x57, 0xB2,
    0x81, 0xE7, 0xB7, 0x3C, 0x3F, 0x5B, 0x13, 0xDB, 0x2B, 0x77, 0x1F, 0xE0, 0x57, 0xF4, 0xA2, 0xA0,
    0xC3, 0x1D, 0x10, 0xBE, 0x73, 0x73, 0x23, 0x28, 0xE6, 0xFE, 0x11, 0x9A, 0xFD, 0x21, 0x9A, 0x86,
    0x78, 0x1A, 0x9E, 0xDF, 0xCE, 0xA5, 0xE1, 0x33, 0x3C, 0x09, 0x5C, 0x7D, 0x85, 0x9C, 0x4A, 0x60,
    0x53, 0x32, 0x88, 0xDA, 0x8C, 0xB5, 0x90, 0xD4, 0x4F, 0x49, 0x20, 0x35, 0x27, 0x1C, 0x34, 0x6E,
    0xBF, 0x1B, 0xE6, 0xFA, 0x98, 0xA9, 0x1E, 0xE4, 0x9C, 0x17, 0xB4, 0xF5, 0x03, 0x26, 0x5F, 0x63,
    0x40, 0xE9, 0xF4, 0x1C, 0x5A, 0xE9, 0x30, 0x05, 0x44, 0x5A, 0x0C, 0xC8, 0xC9, 0xE5, 0xD4, 0x41,
    0xB9, 0xA8, 0x32, 0x5E, 0x0F, 0x1F, 0x12, 0xF0, 0x41, 0x15, 0xA7, 0x8D, 0xAF, 0x62, 0xF8, 0x2E,
    0x9A, 0x3B, 0xB0, 0xE6, 0x0E, 0x9A, 0xEB, 0x0B, 0xD6, 0xC8, 0x06, 0x57, 0x57, 0xCC, 0x4B, 0x37,
    0xF6, 0x05, 0x2C, 0xDE, 0x28, 0x2F, 0x99, 0xB0, 0xF1, 0x23, 0x55, 0xFC, 0x2F, 0x8D, 0x93, 0xB1,
    0x4E, 0xC3, 0x30, 0x10, 0x86, 0x9D, 0x06, 0x14, 0x50, 0x06, 0xAF, 0x6C, 0xE9, 0xC8, 0x80, 0xE4,
    0x95, 0x01, 0x70, 0x98, 0x59, 0x58, 0xB2, 0xF3, 0x08, 0x0C, 0xAC, 0x55, 0xFD, 0x08, 0x2C, 0xBC,
    0x4D, 0x68, 0x2D, 0x9E, 0xA0, 0x3B, 0x4B, 0x36, 0xD6, 0x0C, 0x19, 0x22, 0xE1, 0x60, 0xFE, 0xBB,
    0x73, 0xDA, 0xB2, 0x61, 0x29, 0x5F, 0x9B, 0x5C, 0xEC, 0xFB, 0xEF, 0xBF, 0x8B, 0x52, 0xB2, 0xAE,
    0x98, 0x13, 0x21, 0x1F, 0x88, 0x7A, 0x47, 0xB4, 0x35, 0x31, 0xF0, 0xE3, 0xFE, 0xE8, 0x71, 0xC4,
    0xF2, 0x4C, 0x67, 0xDE, 0x9A, 0xA6, 0x51, 0xDA, 0x1F, 0xDE, 0xC9, 0x46, 0x3E, 0xEC, 0x9D, 0x69,
    0x99, 0x12, 0x2E, 0x98, 0x99, 0x64, 0x3C, 0x9F, 0xA3, 0x59, 0xC4, 0xE3, 0x22, 0x62, 0xAB, 0x89,
    0xC8, 0xB4, 0x59, 0x6D, 0x20, 0xA1, 0x35, 0xB5, 0xDE, 0xB5, 0x7A, 0x67, 0x55, 0xC8, 0xFB, 0x1B,
    0x28, 0x40, 0x98, 0x8E, 0xCD, 0x48, 0x5C, 0x46, 0x69, 0x16, 0xFD, 0x9C, 0x50, 0xD0, 0x11, 0x48,
    0x5D, 0x41, 0x28, 0xFD, 0x3E, 0x6B, 0x5A, 0x2F, 0x6A, 0x5F, 0x4A, 0x12, 0x55, 0x39, 0x62, 0xB9,
    0x3B, 0x28, 0x4F, 0xE1, 0x8D, 0xDA, 0x52, 0x69, 0x35, 0x53, 0xA1, 0xBC, 0xE6, 0x1F, 0xC6, 0x70,
    0xAE, 0x8A, 0xF7, 0x9F, 0x30, 0x17, 0xEE, 0x8F, 0x0E, 0x81, 0x9B, 0x51, 0xD1, 0x01, 0x66, 0x2F,
    0x86, 0x71, 0xA7, 0xD4, 0x19, 0xB0, 0xB4, 0x6A, 0xA5, 0x42, 0xE5, 0xDA, 0xBC, 0x2F, 0xBB, 0xB6,
    0xF2, 0x8B, 0x21, 0x6C, 0xD1, 0x9B, 0x9F, 0x91, 0x8C, 0x47, 0x99, 0x3A, 0x62, 0x6F, 0x11, 0x66,
    0x23, 0xF6, 0xEB, 0x5A, 0xA9, 0xE7, 0xA4, 0x8A, 0x82, 0x05, 0x82, 0x6B, 0xCA, 0x84, 0xC4, 0xC6,
    0xC9, 0x7F, 0x88, 0xCF, 0x82, 0x68, 0x2E, 0x69, 0x2F, 0x6E, 0x8C, 0x97, 0x92, 0xD7, 0x91, 0x97,
    0x94, 0x8E, 0x5F, 0xDB, 0x48, 0xE1, 0xB4, 0x9D, 0x4A, 0x2F, 0x3B, 0x29, 0x82, 0x5D, 0xB0, 0xA9,
    0x78, 0xBA, 0xD6, 0xC9, 0x02, 0x53, 0xCB, 0xBB, 0xBA, 0x4E, 0x36, 0xCC, 0x46, 0xA8, 0xD7, 0x83,
    0x7B, 0x15, 0x5B, 0xB6, 0x8E, 0xE4, 0x4F, 0xA4, 0xC6, 0xEB, 0xAF, 0x4F, 0x1C, 0x6C, 0x1F, 0x3E,
    0x06, 0x88, 0x29, 0xFD, 0x04, 0xD9, 0xDA, 0x5B, 0x8C, 0x8A, 0xF6, 0x7A, 0xF6, 0x4A, 0xCC, 0x4A,
    0xA7, 0x9A, 0xA3, 0x0E, 0x0A, 0xEF, 0x98, 0xB7, 0xCC, 0x15, 0xAE, 0x0B, 0xD5, 0xAA, 0x25, 0xEE,
    0x03, 0x06, 0xD1, 0xD6, 0x01, 0x85, 0x6A, 0x3F, 0xC2, 0x81, 0xBC, 0x1F, 0xA9, 0x8F, 0xD3, 0xF7,
    0xC0, 0x12, 0x48, 0xAB, 0x89, 0x3C, 0x02, 0xD2, 0xC7, 0x4E, 0xD4, 0xDE, 0x30, 0x39, 0x50, 0xA4,
    0x97, 0x28, 0xB2, 0x21, 0xFF, 0xF3, 0x31, 0x4C, 0xE4, 0xE2, 0x68, 0xA9, 0xEE, 0x01, 0x76, 0x84,
    0xAC, 0xC7, 0xC6, 0x27, 0x4C, 0xA3, 0x9F, 0x47, 0x21, 0xB1, 0x3B, 0x90, 0x47, 0x52, 0x66, 0x21,
    0x91, 0xA6, 0x21, 0x77, 0xDA, 0x69, 0xCC, 0x9F, 0x76, 0x16, 0xEE, 0x54, 0xF7, 0xD4, 0x37, 0x43,
    0x6D, 0xB1, 0x86, 0xFA, 0x55, 0xC5, 0x89, 0x25, 0x0C, 0xEC, 0x15, 0xEF, 0xDA, 0xB2, 0xB4, 0x4B,
    0x5C, 0xA7, 0xE8, 0xCD, 0x23, 0x7F, 0x87, 0x7D, 0xE2, 0x2F, 0xA5, 0x91, 0xBF, 0x4E, 0x03, 0x31,
    0x0C, 0xC6, 0x3F, 0x9A, 0xE1, 0x86, 0x0A, 0xB2, 0x30, 0x22, 0x75, 0x65, 0xA8, 0x28, 0x43, 0x87,
    0x1B, 0xAE, 0xCA, 0x49, 0x3C, 0x10, 0x8C, 0x6C, 0x74, 0x63, 0x84, 0x47, 0x61, 0x04, 0x81, 0x74,
    0x2E, 0x7D, 0x01, 0xB7, 0x0C, 0x0C, 0x48, 0x90, 0x07, 0x40, 0x10, 0xA1, 0x4A, 0x04, 0x71, 0x6D,
    0xF0, 0x25, 0xAD, 0x84, 0xF8, 0x33, 0x20, 0x12, 0xDB, 0xFA, 0x29, 0xFE, 0x12, 0x5B, 0x31, 0xB6,
    0x91, 0xFF, 0xB6, 0xB5, 0x37, 0xBE, 0x72, 0x95, 0x35, 0x25, 0xB6, 0x21, 0x07, 0x28, 0x00, 0x23,
    0x36, 0x84, 0x61, 0x18, 0x87, 0x7C, 0x86, 0xFC, 0x10, 0x79, 0x81, 0x3C, 0x8F, 0xD6, 0x47, 0x7E,
    0xA0, 0xFD, 0xA9, 0xF1, 0xA8, 0x1C, 0x2A, 0x0B, 0xB9, 0xB7, 0x5A, 0xFB, 0x82, 0xFB, 0xA1, 0x44,
    0x2F, 0xBC, 0x97, 0x30, 0x6F, 0x59, 0x89, 0x01, 0x24, 0xE4, 0x7F, 0x0A, 0x6B, 0xA1, 0x6C, 0xFB,
    0x2C, 0xC0, 0x78, 0x1D, 0x50, 0xCD, 0x74, 0x2D, 0x45, 0x32, 0xD7, 0xF4, 0xF3, 0x65, 0xFD, 0x54,
    0xAD, 0x2D, 0x0F, 0xB4, 0xE4, 0x6C, 0x10, 0x24, 0x98, 0x70, 0x2C, 0xE1, 0xF4, 0xBF, 0xD5, 0xDC,
    0xB7, 0xFD, 0x52, 0x87, 0x45, 0xDD, 0x71, 0x1D, 0xB7, 0xE3, 0x0A, 0x37, 0x0B, 0x7C, 0x81, 0x33,
    0x91, 0xB5, 0xE0, 0x0C, 0x5E, 0x03, 0x82, 0xD8, 0x09, 0xBC, 0x86, 0xFB, 0x6C, 0x3D, 0xBC, 0xA4,
    0xD4, 0x43, 0x93, 0x2A, 0x35, 0xA0, 0xD3, 0xF3, 0x9B, 0x88, 0x5F, 0xBE, 0x74, 0x45, 0x03, 0xA7,
    0xC8, 0x38, 0x75, 0x1D, 0x58, 0x3D, 0xCF, 0x91, 0x85, 0x1A, 0x47, 0xBE, 0x40, 0x45, 0x05, 0x2E,
    0xA9, 0xC9, 0x47, 0x3F, 0x8B, 0x9A, 0x51, 0xB0, 0xEA, 0x61, 0x01, 0x25, 0x9A, 0xDE, 0x5C, 0x34,
    0x9C, 0x74, 0x7B, 0x51, 0x83, 0xE8, 0x2D, 0x71, 0xB4, 0xDF, 0x92, 0xA3, 0x0A, 0x56, 0x7A, 0x60,
    0x28, 0x37, 0xAA, 0x33, 0x3B, 0xF2, 0x68, 0x33, 0x85, 0x0E, 0xD1, 0x1C, 0xEB, 0x4C, 0xB7, 0x57,
    0x44, 0x77, 0xE8, 0x32, 0x4D, 0x1D, 0xD1, 0xCD, 0xB0, 0xCF, 0xC4, 0x96, 0x68, 0x4A, 0xBB, 0x02,
    0x4C, 0x34, 0x59, 0x01, 0x7F, 0x83, 0x09, 0xF5, 0x13, 0x4C, 0xA9, 0x9B, 0xE0, 0x66, 0xB8, 0xB5,
    0x04, 0x6C, 0x24, 0xB8, 0x47, 0x96, 0xE0, 0x11, 0x2A, 0x81, 0x07, 0x6C, 0x04, 0x07, 0x1C, 0x34,
    0x30, 0x92, 0x5E, 0xBB, 0x0D, 0x8C, 0x65, 0xB2, 0xBA, 0x81, 0x7B, 0xE9, 0x59, 0xB1, 0x80, 0x8F,
    0x83, 0x10, 0xB0, 0x0D, 0x14, 0xCC, 0xE3, 0x38, 0x20, 0xCD, 0xFC, 0x14, 0x3F, 0xB1, 0x65, 0xD9,
    0xA7, 0xEF, 0x3C, 0x9F, 0x72, 0x82, 0xCE, 0xF3, 0x72, 0x7E, 0xAA, 0x5E, 0x4D, 0x32, 0x5E, 0xFE,
    0x00, 0x7D, 0xCE, 0xB1, 0x11, 0x82, 0x30, 0x14, 0xC6, 0xF1, 0x8F, 0x58, 0x70, 0x27, 0x45, 0x46,
    0x60, 0x84, 0x8C, 0x10, 0x46, 0x70, 0x13, 0x37, 0x40, 0x96, 0xB1, 0x61, 0x07, 0x8E, 0x6C, 0x20,
    0x23, 0xD0, 0xDA, 0x51, 0xA4, 0xE0, 0x3C, 0x31, 0xBE, 0xEF, 0xA1, 0xE8, 0x59, 0xF8, 0x8A, 0x7F,
    0x91, 0xBC, 0x4B, 0x7E, 0x00, 0xFA, 0x06, 0x40, 0x9E, 0x2E, 0x01, 0x28, 0x6F, 0x47, 0xA9, 0xAF,
    0x9C, 0xB4, 0xC6, 0x5E, 0xCE, 0x3B, 0x70, 0xEE, 0x4C, 0xF6, 0x68, 0x5B, 0x59, 0x49, 0x29, 0xBD,
    0x9B, 0xCD, 0xB2, 0x05, 0x33, 0x73, 0x6B, 0x17, 0xB1, 0x48, 0x27, 0xEE, 0x7E, 0x37, 0x1F, 0x65,
    0x0B, 0xC5, 0x68, 0xD8, 0xC1, 0x44, 0xC0, 0x06, 0xB9, 0xF9, 0x94, 0xAF, 0x85, 0x9C, 0xA5, 0x03,
    0xAE, 0x62, 0xBD, 0x7E, 0x7B, 0x62, 0x8C, 0x7E, 0xEE, 0xA3, 0x36, 0x60, 0x9D, 0xFE, 0x2C, 0xCB,
    0x45, 0x4A, 0x34, 0x5F, 0x7B, 0x35, 0x5B, 0x35, 0x97, 0x81, 0x66, 0xD7, 0xD0, 0x2C, 0x4F, 0x65,
    0xCB, 0xC1, 0x53, 0x1B, 0xB5, 0x93, 0x57, 0xB3, 0x54, 0x1C, 0xB5, 0x9A, 0x3B, 0x75, 0x2E, 0xBF,
    0x66, 0xB6, 0x58, 0xE5, 0x03, 0xE5, 0x36, 0xBC, 0xE4, 0x71, 0x33, 0x37, 0xAC, 0xFB, 0x6B, 0x9E,
    0xF5, 0x60, 0xC0, 0x36, 0x4F, 0x5D, 0xD0, 0x31, 0x4E, 0xC3, 0x30, 0x14, 0x06, 0xE0, 0x3F, 0x36,
    0x52, 0x06, 0x50, 0xB3, 0xB1, 0x10, 0xD1, 0x0B, 0x44, 0x6A, 0x87, 0x0C, 0x19, 0x2A, 0xE2, 0x23,
    0xB0, 0x73, 0x04, 0x86, 0x66, 0xE8, 0x40, 0x27, 0x72, 0x05, 0x24, 0x8E, 0x50, 0x06, 0xBA, 0x24,
    0x43, 0x07, 0x86, 0x4A, 0xF1, 0x11, 0x72, 0x04, 0x0F, 0x2C, 0x6C, 0x1E, 0x32, 0x04, 0x51, 0xF2,
    0x78, 0x76, 0x08, 0x03, 0x5E, 0x3E, 0x5B, 0x7E, 0xB2, 0xFE, 0xDF, 0x00, 0xA2, 0x12, 0x6E, 0xDD,
    0x58, 0x4F, 0xB6, 0x19, 0xC9, 0x46, 0x56, 0x9E, 0x34, 0xF1, 0x14, 0xE3, 0xC9, 0xFA, 0x3B, 0xA9,
    0x53, 0xC7, 0x5C, 0xD5, 0x8E, 0x23, 0xBE, 0x48, 0x43, 0xB6, 0x18, 0x9E, 0x0C, 0xCE, 0x21, 0x34,
    0x2C, 0xAE, 0x1D, 0x86, 0x4E, 0xCC, 0xA5, 0xF9, 0x50, 0x00, 0x51, 0xD7, 0x02, 0x62, 0xB8, 0x5D,
    0x31, 0xD2, 0x22, 0x66, 0x22, 0x8B, 0x84, 0x39, 0x6E, 0x5F, 0xDF, 0x5A, 0x08, 0x93, 0x93, 0xE5,
    0x13, 0x36, 0x78, 0x70, 0xD4, 0x70, 0x93, 0x28, 0x90, 0x39, 0xF2, 0x97, 0x03, 0xF5, 0x40, 0x43,
    0x66, 0x5F, 0x95, 0x30, 0x52, 0x21, 0xE8, 0x61, 0x19, 0x2C, 0x88, 0x2A, 0x1E, 0x08, 0xAA, 0xFD,
    0x37, 0x23, 0x68, 0x50, 0x2E, 0xD3, 0xE3, 0xF3, 0x5D, 0xE7, 0x82, 0x1A, 0x1E, 0x60, 0x23, 0xB7,
    0xE7, 0x77, 0x7C, 0xFA, 0x03, 0x60, 0x9C, 0x09, 0xF7, 0x80, 0xBF, 0x0C, 0x7D, 0x37, 0x59, 0xCE,
    0xBC, 0x42, 0xC7, 0x38, 0x03, 0x14, 0x4C, 0x82, 0x85, 0x12, 0x9D, 0x2B, 0x9D, 0x6B, 0x79, 0x42,
    0x9D, 0x22, 0x2F, 0xD9, 0x62, 0xC9, 0x8F, 0x0A, 0x8B, 0x74, 0x89, 0xF1, 0x8B, 0xFE, 0x9B, 0x46,
    0xEF, 0xC0, 0x5A, 0x17, 0xD9, 0xC5, 0x15, 0xD1, 0x4E, 0xD7, 0x49, 0xB4, 0x03, 0xEE, 0xB5, 0x8D,
    0x43, 0xE2, 0xA5, 0xCC, 0x4C, 0x30, 0x83, 0xD0, 0x21, 0x9A, 0x6E, 0xDD, 0xCB, 0x52, 0xEA, 0xB9,
    0x0E, 0x5B, 0x0E, 0x69, 0x82, 0xE6, 0x93, 0x73, 0xFD, 0xE5, 0x9C, 0x72, 0x4F, 0x3D, 0xA6, 0x5E,
    0xBF, 0x3D, 0x7F, 0x00,
};

static const EpdGlyph bitter_14_italicGlyphs[] = {
    { 0, 0, 87, 0, 0, 0, 0 }, // U+0020
    { 8, 22, 148, 1, 21, 44, 0 }, // !
    { 9, 8, 181, 3, 23, 18, 44 }, // "
    { 19, 21, 296, 0, 21, 100, 62 }, // #
    { 16, 29, 282, 1, 25, 116, 162 }, // $
    { 21, 22, 384, 2, 21, 116, 278 }, // %
    { 19, 22, 319, 1, 21, 105, 394 }, // &
    { 4, 8, 105, 3, 23, 8, 499 }, // '
    { 11, 30, 140, 0, 26, 83, 507 }, // (
    { 10, 30, 140, -1, 26, 75, 590 }, // )
    { 11, 11, 204, 2, 23, 31, 665 }, // *
    { 15, 15, 255, 1, 18, 57, 696 }, // +
    { 6, 9, 105, -2, 4, 14, 753 }, // ,
    { 10, 3, 190, 1, 10, 8, 767 }, // -
    { 5, 5, 107, 0, 4, 7, 775 }, // .
    { 14, 27, 142, -2, 24, 95, 782 }, // /
    { 17, 19, 295, 1, 18, 81, 877 }, // 0
    { 11, 17, 194, 0, 17, 47, 958 }, // 1
    { 15, 18, 260, 0, 18, 68, 1005 }, // 2
    { 16, 22, 252, -1, 18, 88, 1073 }, // 3
    { 17, 22, 269, -1, 18, 94, 1161 }, // 4
    { 16, 21, 240, -1, 17, 84, 1255 }, // 5
    { 16, 22, 276, 1, 21, 88, 1339 }, // 6
    { 15, 21, 240, 1, 17, 79, 1427 }, // 7
    { 16, 22, 279, 1, 21, 88, 1506 }, // 8
    { 16, 22, 276, 0, 18, 88, 1594 }, // 9
    { 6, 15, 107, 0, 14, 23, 1682 }, // :
    { 8, 19, 107, -2, 14, 38, 1705 }, // ;
    { 15, 13, 243, 1, 17, 49, 1743 }, // <
    { 15, 9, 314, 3, 15, 34, 1792 }, // =
    { 14, 13, 243, 1, 17, 46, 1826 }, // >
    { 12, 22, 192, 1, 21, 66, 1872 }, // ?
    { 23, 24, 405, 1, 20, 138, 1938 }, // @
    { 21, 21, 317, -2, 21, 111, 2076 }, // A
    { 18, 21, 296, 0, 21, 95, 2187 }, // B
    { 18, 22, 289, 1, 21, 99, 2282 }, // C
    { 20, 21, 330, 0, 21, 105, 2381 }, // D
    { 18, 21, 281, 0, 21, 95, 2486 }, // E
    { 18, 21, 257, 0, 21, 95, 2581 }, // F
    { 20, 22, 332, 1, 21, 110, 2676 }, // G
    { 24, 21, 358, 0, 21, 126, 2786 }, // H
    { 11, 21, 164, 0, 21, 58, 2912 }, // I
    { 14, 26, 156, -3, 21, 91, 2970 }, // J
    { 21, 21, 323, 0, 21, 111, 3061 }, // K
    { 15, 21, 251, 0, 21, 79, 3172 }, // L
    { 26, 21, 401, 0, 21, 137, 3251 }, // M
    { 24, 21, 354, 0, 21, 126, 3388 }, // N
    { 20, 22, 337, 1, 21, 110, 3514 }, // O
    { 18, 21, 274, 0, 21, 95, 3624 }, // P
    { 21, 27, 338, 1, 21, 142, 3719 }, // Q
    { 18, 21, 299, 0, 21, 95, 3861 }, // R
    { 17, 22, 272, 0, 21, 94, 3956 }, // S
    { 18, 21, 270, 1, 21, 95, 4050 }, // T
    { 21, 22, 339, 2, 21, 116, 4145 }, // U
    { 21, 22, 320, 1, 21, 116, 4261 }, // V
    { 30, 22, 463, 1, 21, 165, 4377 }, // W
    { 22, 21, 318, -1, 21, 116, 4542 }, // X
    { 20, 21, 293, 1, 21, 105, 4658 }, // Y
    { 18, 21, 278, 0, 21, 95, 4763 }, // Z
    { 12, 29, 153, 0, 25, 87, 4858 }, // [
    { 6, 27, 144, 2, 24, 41, 4945 }, // <backslash>
    { 12, 29, 153, -1, 25, 87, 4986 }, // ]
    { 13, 11, 234, 1, 26, 36, 5073 }, // ^
    { 15, 3, 221, -2, -1, 12, 5109 }, // _
    { 7, 7, 179, 4, 24, 13, 5121 }, // `
    { 15, 17, 274, 1, 16, 64, 5134 }, // a
    { 15, 24, 267, 1, 23, 90, 5198 }, // b
    { 13, 17, 225, 1, 16, 56, 5288 }, // c
    { 16, 24, 274, 1, 23, 96, 5344 }, // d
    { 14, 17, 237, 1, 16, 60, 5440 }, // e
    { 18, 30, 157, -4, 23, 135, 5500 }, // f
    { 16, 23, 267, 0, 16, 92, 5635 }, // g
    { 15, 24, 277, 1, 23, 90, 5727 }, // h
    { 8, 24, 137, 1, 23, 48, 5817 }, // i
    { 12, 30, 130, -4, 23, 90, 5865 }, // j
    { 16, 23, 257, 1, 23, 92, 5955 }, // k
    { 7, 24, 130, 1, 23, 42, 6047 }, // l
    { 25, 17, 423, 1, 16, 107, 6089 }, // m
    { 16, 17, 284, 1, 16, 68, 6196 }, // n
    { 15, 17, 260, 1, 16, 64, 6264 }, // o
    { 19, 23, 275, -2, 16, 110, 6328 }, // p
    { 15, 23, 267, 1, 16, 87, 6438 }, // q
    { 13, 16, 194, 1, 16, 52, 6525 }, // r
    { 14, 17, 222, 0, 16, 60, 6577 }, // s
    { 10, 21, 172, 1, 20, 53, 6637 }, // t
    { 16, 17, 284, 1, 16, 68, 6690 }, // u
    { 17, 17, 243, 0, 16, 73, 6758 }, // v
    { 25, 17, 369, 0, 16, 107, 6831 }, // w
    { 18, 16, 252, -1, 16, 72, 6938 }, // x
    { 19, 23, 243, -2, 16, 110, 7010 }, // y
    { 15, 16, 223, -1, 16, 60, 7120 }, // z
    { 12, 29, 154, 0, 25, 87, 7180 }, // {
    { 8, 27, 148, 1, 24, 54, 7267 }, // |
    { 12, 29, 154, -1, 25, 87, 7321 }, // }
    { 15, 5, 301, 2, 13, 19, 7408 }, // ~
    { 0, 0, 87, 0, 0, 0, 0 }, // U+00A0
    { 8, 21, 148, 0, 14, 42, 0 }, // U+00A1
    { 13, 23, 256, 2, 22, 75, 42 }, // U+00A2
    { 18, 21, 303, 0, 21, 95, 117 }, // U+00A3
    { 17, 14, 302, 1, 16, 60, 212 }, // U+00A4
    { 19, 21, 322, 2, 21, 100, 272 }, // U+00A5
    { 8, 27, 148, 1, 24, 54, 372 }, // U+00A6
    { 15, 27, 255, 0, 21, 102, 426 }, // U+00A7
    { 9, 5, 206, 4, 23, 12, 528 }, // U+00A8
    { 22, 22, 409, 2, 21, 121, 540 }, // U+00A9
    { 13, 17, 226, 1, 21, 56, 661 }, // U+00AA
    { 13, 14, 225, 1, 15, 46, 717 }, // U+00AB
    { 15, 9, 301, 1, 12, 34, 763 }, // U+00AC
    { 0, 0, 0, 0, 0, 0, 797 }, // U+00AD
    { 19, 18, 339, 2, 22, 86, 797 }, // U+00AE
    { 9, 3, 189, 3, 22, 7, 883 }, // U+00AF
    { 10, 10, 194, 2, 22, 25, 890 }, // U+00B0
    { 16, 18, 265, 0, 19, 72, 915 }, // U+00B1
    { 10, 13, 164, 1, 23, 33, 987 }, // U+00B2
    { 10, 14, 168, 1, 23, 35, 1020 }, // U+00B3
    { 9, 7, 173, 2, 24, 16, 1055 }, // U+00B4
    { 17, 23, 320, 1, 16, 98, 1071 }, // U+00B5
    { 17, 26, 277, 1, 21, 111, 1169 }, // U+00B6
    { 5, 5, 107, 1, 12, 7, 1280 }, // U+00B7
    { 8, 7, 165, -1, 0, 14, 1287 }, // U+00B8
    { 8, 13, 129, 1, 23, 26, 1301 }, // U+00B9
    { 14, 17, 206, 0, 21, 60, 1327 }, // U+00BA
    { 13, 14, 225, 0, 15, 46, 1387 }, // U+00BB
    { 22, 22, 385, 1, 21, 121, 1433 }, // U+00BC
    { 23, 22, 390, 1, 21, 127, 1554 }, // U+00BD
    { 23, 22, 409, 1, 21, 127, 1681 }, // U+00BE
    { 12, 22, 189, -1, 16, 66, 1808 }, // U+00BF
    { 21, 28, 317, -2, 28, 147, 1874 }, // U+00C0
    { 21, 28, 317, -2, 28, 147, 2021 }, // U+00C1
    { 21, 27, 317, -2, 27, 142, 2168 }, // U+00C2
    { 21, 27, 317, -2, 27, 142, 2310 }, // U+00C3
    { 21, 27, 317, -2, 27, 142, 2452 }, // U+00C4
    { 21, 28, 317, -2, 28, 147, 2594 }, // U+00C5
    { 29, 21, 428, -2, 21, 153, 2741 }, // U+00C6
    { 18, 28, 289, 1, 21, 126, 2894 }, // U+00C7
    { 18, 28, 281, 0, 28, 126, 3020 }, // U+00C8
    { 18, 28, 281, 0, 28, 126, 3146 }, // U+00C9
    { 18, 27, 281, 0, 27, 122, 3272 }, // U+00CA
    { 18, 27, 281, 0, 27, 122, 3394 }, // U+00CB
    { 11, 28, 164, 0, 28, 77, 3516 }, // U+00CC
    { 12, 28, 164, 0, 28, 84, 3593 }, // U+00CD
    { 13, 27, 164, 0, 27, 88, 3677 }, // U+00CE
    { 13, 27, 164, 0, 27, 88, 3765 }, // U+00CF
    { 20, 21, 330, 0, 21, 105, 3853 }, // U+00D0
    { 24, 27, 354, 0, 27, 162, 3958 }, // U+00D1
    { 20, 29, 337, 1, 28, 145, 4120 }, // U+00D2
    { 20, 29, 337, 1, 28, 145, 4265 }, // U+00D3
    { 20, 28, 337, 1, 27, 140, 4410 }, // U+00D4
    { 20, 28, 337, 1, 27, 140, 4550 }, // U+00D5
    { 20, 28, 337, 1, 27, 140, 4690 }, // U+00D6
    { 14, 13, 243, 1, 17, 46, 4830 }, // U+00D7
    { 20, 26, 343, 1, 23, 130, 4876 }, // U+00D8
    { 21, 29, 339, 2, 28, 153, 5006 }, // U+00D9
    { 21, 29, 339, 2, 28, 153, 5159 }, // U+00DA
    { 21, 28, 339, 2, 27, 147, 5312 }, // U+00DB
    { 21, 28, 339, 2, 27, 147, 5459 }, // U+00DC
    { 20, 28, 293, 1, 28, 140, 5606 }, // U+00DD
    { 17, 21, 269, 0, 21, 90, 5746 }, // U+00DE
    { 22, 31, 297, -4, 23, 171, 5836 }, // U+00DF
    { 15, 25, 274, 1, 24, 94, 6007 }, // U+00E0
    { 15, 25, 274, 1, 24, 94, 6101 }, // U+00E1
    { 15, 25, 274, 1, 24, 94, 6195 }, // U+00E2
    { 15, 24, 274, 1, 23, 90, 6289 }, // U+00E3
    { 15, 24, 274, 1, 23, 90, 6379 }, // U+00E4
    { 15, 26, 274, 1, 25, 98, 6469 }, // U+00E5
    { 23, 17, 374, 0, 16, 98, 6567 }, // U+00E6
    { 13, 23, 225, 1, 16, 75, 6665 }, // U+00E7
    { 14, 25, 236, 1, 24, 88, 6740 }, // U+00E8
    { 14, 25, 236, 1, 24, 88, 6828 }, // U+00E9
    { 14, 25, 236, 1, 24, 88, 6916 }, // U+00EA
    { 14, 24, 236, 1, 23, 84, 7004 }, // U+00EB
    { 9, 25, 137, 1, 24, 57, 7088 }, // U+00EC
    { 10, 25, 137, 1, 24, 63, 7145 }, // U+00ED
    { 9, 25, 137, 1, 24, 57, 7208 }, // U+00EE
    { 10, 24, 137, 1, 23, 60, 7265 }, // U+00EF
    { 16, 24, 266, 0, 23, 96, 7325 }, // U+00F0
    { 16, 24, 284, 1, 23, 96, 7421 }, // U+00F1
    { 15, 25, 260, 1, 24, 94, 7517 }, // U+00F2
    { 15, 25, 260, 1, 24, 94, 7611 }, // U+00F3
    { 15, 25, 260, 1, 24, 94, 7705 }, // U+00F4
    { 15, 24, 260, 1, 23, 90, 7799 }, // U+00F5
    { 15, 24, 260, 1, 23, 90, 7889 }, // U+00F6
    { 14, 16, 314, 3, 18, 56, 7979 }, // U+00F7
    { 17, 21, 272, 0, 18, 90, 8035 }, // U+00F8
    { 16, 25, 284, 1, 24, 100, 8125 }, // U+00F9
    { 16, 25, 284, 1, 24, 100, 8225 }, // U+00FA
    { 16, 25, 284, 1, 24, 100, 8325 }, // U+00FB
    { 16, 24, 284, 1, 23, 96, 8425 }, // U+00FC
    { 19, 31, 243, -2, 24, 148, 8521 }, // U+00FD
    { 19, 30, 268, -3, 23, 143, 8669 }, // U+00FE
    { 19, 30, 243, -2, 23, 143, 8812 }, // U+00FF
    { 0, 0, 233, 0, 0, 0, 0 }, // U+2007
    { 0, 0, 107, 0, 0, 0, 0 }, // U+2008
    { 0, 0, 44, 0, 0, 0, 0 }, // U+2009
    { 0, 0, 47, 0, 0, 0, 0 }, // U+200A
    { 0, 0, 0, 0, 0, 0, 0 }, // U+200B
    { 0, 0, 0, 0, 0, 0, 0 }, // U+200C
    { 0, 0, 0, 0, 0, 0, 0 }, // U+200D
    { 0, 0, 0, 0, 0, 0, 0 }, // U+200E
    { 0, 0, 0, 0, 0, 0, 0 }, // U+200F
    { 10, 3, 188, 1, 10, 8, 0 }, // U+2010
    { 16, 3, 292, 2, 12, 12, 8 }, // U+2012
    { 15, 3, 271, 1, 10, 12, 20 }, // U+2013
    { 22, 3, 382, 1, 10, 17, 32 }, // U+2014
    { 22, 3, 382, 1, 10, 17, 49 }, // U+2015
    { 16, 7, 221, -3, -1, 28, 66 }, // U+2017
    { 5, 8, 91, 2, 23, 10, 94 }, // U+2018
    { 5, 9, 91, 2, 24, 12, 104 }, // U+2019
    { 5, 9, 91, -1, 4, 12, 116 }, // U+201A
    { 5, 8, 117, 3, 23, 10, 128 }, // U+201B
    { 10, 9, 168, 2, 24, 23, 138 }, // U+201C
    { 10, 9, 168, 2, 24, 23, 161 }, // U+201D
    { 10, 9, 168, -1, 4, 23, 184 }, // U+201E
    { 13, 23, 211, 1, 21, 75, 207 }, // U+2020
    { 13, 23, 211, 1, 21, 75, 282 }, // U+2021
    { 8, 8, 179, 2, 13, 16, 357 }, // U+2022
    { 13, 5, 281, 1, 4, 17, 373 }, // U+2025
    { 19, 5, 333, 0, 4, 24, 390 }, // U+2026
    { 0, 0, 0, 0, 0, 0, 414 }, // U+202A
    { 0, 0, 0, 0, 0, 0, 414 }, // U+202B
    { 0, 0, 0, 0, 0, 0, 414 }, // U+202C
    { 0, 0, 0, 0, 0, 0, 414 }, // U+202D
    { 0, 0, 0, 0, 0, 0, 414 }, // U+202E
    { 31, 22, 559, 2, 21, 171, 414 }, // U+2030
    { 6, 9, 134, 3, 23, 14, 585 }, // U+2032
    { 11, 9, 206, 3, 23, 25, 599 }, // U+2033
    { 7, 14, 135, 1, 15, 25, 624 }, // U+2039
    { 8, 14, 136, 0, 15, 28, 649 }, // U+203A
    { 14, 22, 247, 1, 21, 77, 677 }, // U+203C
    { 12, 3, 192, 1, 20, 9, 754 }, // U+203E
    { 19, 22, 105, -6, 21, 105, 763 }, // U+2044
    { 0, 0, 0, 0, 0, 0, 868 }, // U+2060
    { 0, 0, 0, 0, 0, 0, 868 }, // U+2061
    { 0, 0, 0, 0, 0, 0, 868 }, // U+2062
    { 0, 0, 0, 0, 0, 0, 868 }, // U+2063
    { 0, 0, 0, 0, 0, 0, 868 }, // U+2064
    { 0, 0, 0, 0, 0, 0, 868 }, // U+2066
    { 0, 0, 0, 0, 0, 0, 868 }, // U+2067
    { 0, 0, 0, 0, 0, 0, 868 }, // U+2068
    { 0, 0, 0, 0, 0, 0, 868 }, // U+2069
    { 0, 0, 0, 0, 0, 0, 868 }, // U+206A
    { 0, 0, 0, 0, 0, 0, 868 }, // U+206B
    { 0, 0, 0, 0, 0, 0, 868 }, // U+206C
    { 0, 0, 0, 0, 0, 0, 868 }, // U+206D
    { 0, 0, 0, 0, 0, 0, 868 }, // U+206E
    { 0, 0, 0, 0, 0, 0, 868 }, // U+206F
    { 18, 29, 313, 2, 25, 131, 0 }, // U+20A1
    { 18, 21, 290, 1, 21, 95, 131 }, // U+20A3
    { 18, 21, 310, 1, 21, 95, 226 }, // U+20A4
    { 24, 21, 420, 2, 21, 126, 321 }, // U+20A6
    { 20, 21, 332, 1, 21, 105, 447 }, // U+20A7
    { 31, 22, 514, 2, 21, 171, 552 }, // U+20A9
    { 20, 27, 274, -1, 23, 135, 723 }, // U+20AB
    { 20, 22, 334, 1, 21, 110, 858 }, // U+20AC
    { 22, 21, 361, 1, 21, 116, 968 }, // U+20AD
    { 17, 21, 305, 3, 21, 90, 1084 }, // U+20AE
    { 20, 21, 341, 1, 21, 105, 1174 }, // U+20B1
    { 19, 29, 345, 2, 25, 138, 1279 }, // U+20B2
    { 16, 22, 316, 2, 21, 88, 1417 }, // U+20B4
    { 18, 29, 313, 2, 25, 131, 1505 }, // U+20B5
    { 18, 21, 271, 1, 21, 95, 1636 }, // U+20B8
    { 17, 21, 291, 2, 21, 90, 1731 }, // U+20B9
    { 17, 21, 308, 1, 21, 90, 1821 }, // U+20BA
    { 25, 24, 434, 0, 24, 150, 1911 }, // U+20BC
    { 18, 21, 297, 1, 21, 95, 2061 }, // U+20BD
    { 21, 20, 341, 1, 20, 105, 0 }, // U+2190
    { 19, 21, 312, 1, 21, 100, 105 }, // U+2191
    { 21, 20, 352, 1, 20, 105, 205 }, // U+2192
    { 20, 21, 301, 0, 21, 105, 310 }, // U+2193
    { 29, 20, 478, 1, 20, 145, 415 }, // U+2194
    { 21, 29, 324, 0, 25, 153, 560 }, // U+2195
    { 22, 31, 336, -1, 25, 171, 713 }, // U+21A8
    { 7, 19, 145, 1, 19, 34, 0 }, // U+2669
    { 11, 19, 211, 1, 19, 53, 34 }, // U+266A
    { 17, 22, 299, 1, 20, 94, 87 }, // U+266B
    { 17, 22, 299, 1, 20, 94, 181 }, // U+266C
    { 8, 19, 162, 1, 18, 38, 275 }, // U+266D
    { 9, 19, 167, 1, 12, 43, 313 }, // U+266E
    { 14, 25, 258, 1, 18, 88, 356 }, // U+266F
    { 33, 30, 593, 2, 25, 248, 444 }, // U+2764
    { 21, 30, 281, -4, 23, 158, 0 }, // U+FB01
    { 22, 31, 284, -4, 23, 171, 158 }, // U+FB02
    { 27, 30, 593, 5, 25, 203, 0 }, // U+1F44D
    { 31, 30, 593, 3, 25, 233, 203 }, // U+1F600
};

static const EpdUnicodeInterval bitter_14_italicIntervals[] = {
    { 0x20, 0x7E, 0x0 },
    { 0xA0, 0xFF, 0x5F },
    { 0x2007, 0x2010, 0xBF },
    { 0x2012, 0x2015, 0xC9 },
    { 0x2017, 0x201E, 0xCD },
    { 0x2020, 0x2022, 0xD5 },
    { 0x2025, 0x2026, 0xD8 },
    { 0x202A, 0x202E, 0xDA },
    { 0x2030, 0x2030, 0xDF },
    { 0x2032, 0x2033, 0xE0 },
    { 0x2039, 0x203A, 0xE2 },
    { 0x203C, 0x203C, 0xE4 },
    { 0x203E, 0x203E, 0xE5 },
    { 0x2044, 0x2044, 0xE6 },
    { 0x2060, 0x2064, 0xE7 },
    { 0x2066, 0x206F, 0xEC },
    { 0x20A1, 0x20A1, 0xF6 },
    { 0x20A3, 0x20A4, 0xF7 },
    { 0x20A6, 0x20A7, 0xF9 },
    { 0x20A9, 0x20A9, 0xFB },
    { 0x20AB, 0x20AE, 0xFC },
    { 0x20B1, 0x20B2, 0x100 },
    { 0x20B4, 0x20B5, 0x102 },
    { 0x20B8, 0x20BA, 0x104 },
    { 0x20BC, 0x20BD, 0x107 },
    { 0x2190, 0x2195, 0x109 },
    { 0x21A8, 0x21A8, 0x10F },
    { 0x2669, 0x266F, 0x110 },
    { 0x2764, 0x2764, 0x117 },
    { 0xFB01, 0xFB02, 0x118 },
    { 0x1F44D, 0x1F44D, 0x11A },
    { 0x1F600, 0x1F600, 0x11B },
};

static const EpdFontGroup bitter_14_italicGroups[] = {
    { 0, 3981, 7984, 95, 0 },
    { 3981, 3468, 9760, 96, 95 },
    { 7449, 552, 975, 55, 191 },
    { 8001, 1148, 2309, 19, 246 },
    { 9149, 445, 970, 7, 265 },
    { 9594, 375, 780, 8, 272 },
    { 9969, 180, 366, 2, 280 },
    { 10149, 287, 450, 2, 282 },
};

static const EpdKernClassEntry bitter_14_italicKernLeftClasses[] = {
    { 0x0021, 1 }, // !
    { 0x0022, 2 }, // "
    { 0x0024, 3 }, // $
    { 0x0026, 4 }, // &
    { 0x0027, 2 }, // '
    { 0x0028, 5 }, // (
    { 0x002C, 6 }, // ,
    { 0x002D, 7 }, // -
    { 0x002E, 6 }, // .
    { 0x002F, 8 }, // /
    { 0x0030, 9 }, // 0
    { 0x0031, 10 }, // 1
    { 0x0032, 11 }, // 2
    { 0x0033, 12 }, // 3
    { 0x0034, 13 }, // 4
    { 0x0035, 14 }, // 5
    { 0x0036, 15 }, // 6
    { 0x0037, 16 }, // 7
    { 0x0038, 17 }, // 8
    { 0x0039, 18 }, // 9
    { 0x003A, 19 }, // :
    { 0x003B, 19 }, // ;
    { 0x003F, 20 }, // ?
    { 0x0040, 21 }, // @
    { 0x0041, 22 }, // A
    { 0x0042, 23 }, // B
    { 0x0043, 24 }, // C
    { 0x0044, 21 }, // D
    { 0x0045, 25 }, // E
    { 0x0046, 26 }, // F
    { 0x0047, 27 }, // G
    { 0x0048, 28 }, // H
    { 0x0049, 28 }, // I
    { 0x004A, 29 }, // J
    { 0x004B, 30 }, // K
    { 0x004C, 31 }, // L
    { 0x004D, 28 }, // M
    { 0x004E, 28 }, // N
    { 0x004F, 21 }, // O
    { 0x0050, 32 }, // P
    { 0x0051, 33 }, // Q
    { 0x0052, 34 }, // R
    { 0x0053, 3 }, // S
    { 0x0054, 35 }, // T
    { 0x0055, 29 }, // U
    { 0x0056, 36 }, // V
    { 0x0057, 36 }, // W
    { 0x0058, 30 }, // X
    { 0x0059, 37 }, // Y
    { 0x005A, 38 }, // Z
    { 0x005B, 39 }, // [
    { 0x005C, 40 }, // <backslash>
    { 0x005F, 41 }, // _
    { 0x0061, 42 }, // a
    { 0x0062, 43 }, // b
    { 0x0063, 44 }, // c
    { 0x0064, 45 }, // d
    { 0x0065, 46 }, // e
    { 0x0066, 47 }, // f
    { 0x0067, 48 }, // g
    { 0x0068, 42 }, // h
    { 0x0069, 45 }, // i
    { 0x006A, 48 }, // j
    { 0x006B, 49 }, // k
    { 0x006C, 45 }, // l
    { 0x006D, 42 }, // m
    { 0x006E, 42 }, // n
    { 0x006F, 43 }, // o
    { 0x0070, 43 }, // p
    { 0x0071, 50 }, // q
    { 0x0072, 51 }, // r
    { 0x0073, 52 }, // s
    { 0x0074, 53 }, // t
    { 0x0075, 54 }, // u
    { 0x0076, 55 }, // v
    { 0x0077, 55 }, // w
    { 0x0078, 49 }, // x
    { 0x0079, 55 }, // y
    { 0x007A, 56 }, // z
    { 0x007B, 57 }, // {
    { 0x00A1, 58 }, // U+00A1
    { 0x00A2, 44 }, // U+00A2
    { 0x00A3, 59 }, // U+00A3
    { 0x00A5, 37 }, // U+00A5
    { 0x00A7, 3 }, // U+00A7
    { 0x00A9, 21 }, // U+00A9
    { 0x00AB, 60 }, // U+00AB
    { 0x00AE, 43 }, // U+00AE
    { 0x00B3, 61 }, // U+00B3
    { 0x00B5, 54 }, // U+00B5
    { 0x00B7, 7 }, // U+00B7
    { 0x00BB, 62 }, // U+00BB
    { 0x00C0, 22 }, // U+00C0
    { 0x00C1, 22 }, // U+00C1
    { 0x00C2, 22 }, // U+00C2
    { 0x00C3, 22 }, // U+00C3
    { 0x00C4, 22 }, // U+00C4
    { 0x00C5, 22 }, // U+00C5
    { 0x00C6, 25 }, // U+00C6
    { 0x00C7, 24 }, // U+00C7
    { 0x00C8, 25 }, // U+00C8
    { 0x00C9, 25 }, // U+00C9
    { 0x00CA, 25 }, // U+00CA
    { 0x00CB, 25 }, // U+00CB
    { 0x00CC, 28 }, // U+00CC
    { 0x00CD, 28 }, // U+00CD
    { 0x00CE, 28 }, // U+00CE
    { 0x00CF, 63 }, // U+00CF
    { 0x00D0, 21 }, // U+00D0
    { 0x00D1, 28 }, // U+00D1
    { 0x00D2, 21 }, // U+00D2
    { 0x00D3, 21 }, // U+00D3
    { 0x00D4, 21 }, // U+00D4
    { 0x00D5, 21 }, // U+00D5
    { 0x00D6, 21 }, // U+00D6
    { 0x00D8, 21 }, // U+00D8
    { 0x00D9, 29 }, // U+00D9
    { 0x00DA, 29 }, // U+00DA
    { 0x00DB, 29 }, // U+00DB
    { 0x00DC, 29 }, // U+00DC
    { 0x00DD, 37 }, // U+00DD
    { 0x00DE, 32 }, // U+00DE
    { 0x00DF, 64 }, // U+00DF
    { 0x00E0, 42 }, // U+00E0
    { 0x00E1, 42 }, // U+00E1
    { 0x00E2, 42 }, // U+00E2
    { 0x00E3, 42 }, // U+00E3
    { 0x00E4, 42 }, // U+00E4
    { 0x00E5, 42 }, // U+00E5
    { 0x00E6, 46 }, // U+00E6
    { 0x00E7, 65 }, // U+00E7
    { 0x00E8, 46 }, // U+00E8
    { 0x00E9, 46 }, // U+00E9
    { 0x00EA, 46 }, // U+00EA
    { 0x00EB, 46 }, // U+00EB
    { 0x00EC, 66 }, // U+00EC
    { 0x00ED, 67 }, // U+00ED
    { 0x00EE, 68 }, // U+00EE
    { 0x00EF, 69 }, // U+00EF
    { 0x00F0, 43 }, // U+00F0
    { 0x00F1, 42 }, // U+00F1
    { 0x00F2, 43 }, // U+00F2
    { 0x00F3, 43 }, // U+00F3
    { 0x00F4, 43 }, // U+00F4
    { 0x00F5, 43 }, // U+00F5
    { 0x00F6, 43 }, // U+00F6
    { 0x00F8, 43 }, // U+00F8
    { 0x00F9, 54 }, // U+00F9
    { 0x00FA, 54 }, // U+00FA
    { 0x00FB, 54 }, // U+00FB
    { 0x00FC, 54 }, // U+00FC
    { 0x00FD, 55 }, // U+00FD
    { 0x00FE, 43 }, // U+00FE
    { 0x00FF, 55 }, // U+00FF
    { 0x2010, 7 }, // U+2010
    { 0x2013, 7 }, // U+2013
    { 0x2014, 7 }, // U+2014
    { 0x2015, 7 }, // U+2015
    { 0x2017, 41 }, // U+2017
    { 0x2018, 2 }, // U+2018
    { 0x2019, 2 }, // U+2019
    { 0x201A, 6 }, // U+201A
    { 0x201B, 2 }, // U+201B
    { 0x201C, 2 }, // U+201C
    { 0x201D, 2 }, // U+201D
    { 0x201E, 6 }, // U+201E
    { 0x2025, 6 }, // U+2025
    { 0x2026, 6 }, // U+2026
    { 0x2039, 60 }, // U+2039
    { 0x203A, 62 }, // U+203A
    { 0x203C, 1 }, // U+203C
    { 0x20A1, 24 }, // U+20A1
    { 0x20A3, 26 }, // U+20A3
    { 0x20A6, 28 }, // U+20A6
    { 0x20A7, 32 }, // U+20A7
    { 0x20A9, 70 }, // U+20A9
    { 0x20AB, 71 }, // U+20AB
    { 0x20AC, 24 }, // U+20AC
    { 0x20AD, 30 }, // U+20AD
    { 0x20AE, 35 }, // U+20AE
    { 0x20B1, 32 }, // U+20B1
    { 0x20B2, 27 }, // U+20B2
    { 0x20B4, 3 }, // U+20B4
    { 0x20B5, 24 }, // U+20B5
    { 0x20B8, 35 }, // U+20B8
    { 0x20B9, 34 }, // U+20B9
    { 0x20BD, 32 }, // U+20BD
    { 0xFB01, 45 }, // U+FB01
    { 0xFB02, 45 }, // U+FB02
};

static const EpdKernClassEntry bitter_14_italicKernRightClasses[] = {
    { 0x0021, 1 }, // !
    { 0x0022, 2 }, // "
    { 0x0024, 3 }, // $
    { 0x0026, 4 }, // &
    { 0x0027, 2 }, // '
    { 0x0029, 5 }, // )
    { 0x002A, 6 }, // *
    { 0x002C, 7 }, // ,
    { 0x002D, 8 }, // -
    { 0x002E, 7 }, // .
    { 0x002F, 9 }, // /
    { 0x0030, 10 }, // 0
    { 0x0031, 11 }, // 1
    { 0x0032, 12 }, // 2
    { 0x0033, 13 }, // 3
    { 0x0034, 14 }, // 4
    { 0x0035, 15 }, // 5
    { 0x0036, 16 }, // 6
    { 0x0037, 17 }, // 7
    { 0x0038, 4 }, // 8
    { 0x0039, 18 }, // 9
    { 0x003A, 19 }, // :
    { 0x003B, 19 }, // ;
    { 0x003F, 20 }, // ?
    { 0x0040, 21 }, // @
    { 0x0041, 22 }, // A
    { 0x0042, 23 }, // B
    { 0x0043, 21 }, // C
    { 0x0044, 23 }, // D
    { 0x0045, 23 }, // E
    { 0x0046, 23 }, // F
    { 0x0047, 21 }, // G
    { 0x0048, 23 }, // H
    { 0x0049, 23 }, // I
    { 0x004A, 24 }, // J
    { 0x004B, 23 }, // K
    { 0x004C, 23 }, // L
    { 0x004D, 23 }, // M
    { 0x004E, 23 }, // N
    { 0x004F, 21 }, // O
    { 0x0050, 23 }, // P
    { 0x0051, 21 }, // Q
    { 0x0052, 23 }, // R
    { 0x0053, 3 }, // S
    { 0x0054, 25 }, // T
    { 0x0055, 26 }, // U
    { 0x0056, 27 }, // V
    { 0x0057, 27 }, // W
    { 0x0058, 28 }, // X
    { 0x0059, 29 }, // Y
    { 0x005A, 30 }, // Z
    { 0x005C, 31 }, // <backslash>
    { 0x005D, 32 }, // ]
    { 0x005F, 33 }, // _
    { 0x0061, 34 }, // a
    { 0x0062, 35 }, // b
    { 0x0063, 34 }, // c
    { 0x0064, 34 }, // d
    { 0x0065, 34 }, // e
    { 0x0066, 36 }, // f
    { 0x0067, 34 }, // g
    { 0x0068, 37 }, // h
    { 0x0069, 38 }, // i
    { 0x006A, 36 }, // j
    { 0x006B, 37 }, // k
    { 0x006C, 37 }, // l
    { 0x006D, 38 }, // m
    { 0x006E, 38 }, // n
    { 0x006F, 34 }, // o
    { 0x0070, 39 }, // p
    { 0x0071, 34 }, // q
    { 0x0072, 38 }, // r
    { 0x0073, 40 }, // s
    { 0x0074, 41 }, // t
    { 0x0075, 42 }, // u
    { 0x0076, 43 }, // v
    { 0x0077, 43 }, // w
    { 0x0078, 44 }, // x
    { 0x0079, 45 }, // y
    { 0x007A, 46 }, // z
    { 0x007C, 47 }, // |
    { 0x007D, 48 }, // }
    { 0x00A1, 49 }, // U+00A1
    { 0x00A2, 34 }, // U+00A2
    { 0x00A5, 29 }, // U+00A5
    { 0x00A6, 47 }, // U+00A6
    { 0x00A7, 3 }, // U+00A7
    { 0x00A9, 21 }, // U+00A9
    { 0x00AB, 50 }, // U+00AB
    { 0x00AE, 34 }, // U+00AE
    { 0x00B0, 51 }, // U+00B0
    { 0x00B5, 38 }, // U+00B5
    { 0x00B7, 8 }, // U+00B7
    { 0x00BB, 52 }, // U+00BB
    { 0x00BF, 53 }, // U+00BF
    { 0x00C0, 22 }, // U+00C0
    { 0x00C1, 22 }, // U+00C1
    { 0x00C2, 22 }, // U+00C2
    { 0x00C3, 22 }, // U+00C3
    { 0x00C4, 22 }, // U+00C4
    { 0x00C5, 22 }, // U+00C5
    { 0x00C6, 22 }, // U+00C6
    { 0x00C7, 21 }, // U+00C7
    { 0x00C8, 23 }, // U+00C8
    { 0x00C9, 23 }, // U+00C9
    { 0x00CA, 23 }, // U+00CA
    { 0x00CB, 23 }, // U+00CB
    { 0x00CC, 23 }, // U+00CC
    { 0x00CD, 23 }, // U+00CD
    { 0x00CE, 23 }, // U+00CE
    { 0x00CF, 54 }, // U+00CF
    { 0x00D0, 23 }, // U+00D0
    { 0x00D1, 23 }, // U+00D1
    { 0x00D2, 21 }, // U+00D2
    { 0x00D3, 21 }, // U+00D3
    { 0x00D4, 21 }, // U+00D4
    { 0x00D5, 21 }, // U+00D5
    { 0x00D6, 21 }, // U+00D6
    { 0x00D8, 21 }, // U+00D8
    { 0x00D9, 26 }, // U+00D9
    { 0x00DA, 26 }, // U+00DA
    { 0x00DB, 26 }, // U+00DB
    { 0x00DC, 26 }, // U+00DC
    { 0x00DD, 29 }, // U+00DD
    { 0x00DE, 23 }, // U+00DE
    { 0x00DF, 36 }, // U+00DF
    { 0x00E0, 34 }, // U+00E0
    { 0x00E1, 34 }, // U+00E1
    { 0x00E2, 34 }, // U+00E2
    { 0x00E3, 34 }, // U+00E3
    { 0x00E4, 34 }, // U+00E4
    { 0x00E5, 34 }, // U+00E5
    { 0x00E7, 34 }, // U+00E7
    { 0x00E8, 34 }, // U+00E8
    { 0x00E9, 34 }, // U+00E9
    { 0x00EA, 34 }, // U+00EA
    { 0x00EB, 34 }, // U+00EB
    { 0x00EC, 55 }, // U+00EC
    { 0x00ED, 56 }, // U+00ED
    { 0x00EE, 57 }, // U+00EE
    { 0x00EF, 58 }, // U+00EF
    { 0x00F0, 34 }, // U+00F0
    { 0x00F1, 38 }, // U+00F1
    { 0x00F2, 34 }, // U+00F2
    { 0x00F3, 34 }, // U+00F3
    { 0x00F4, 34 }, // U+00F4
    { 0x00F5, 34 }, // U+00F5
    { 0x00F6, 34 }, // U+00F6
    { 0x00F8, 59 }, // U+00F8
    { 0x00F9, 42 }, // U+00F9
    { 0x00FA, 42 }, // U+00FA
    { 0x00FB, 42 }, // U+00FB
    { 0x00FC, 42 }, // U+00FC
    { 0x00FD, 45 }, // U+00FD
    { 0x00FE, 60 }, // U+00FE
    { 0x00FF, 45 }, // U+00FF
    { 0x2010, 8 }, // U+2010
    { 0x2013, 8 }, // U+2013
    { 0x2014, 8 }, // U+2014
    { 0x2015, 8 }, // U+2015
    { 0x2017, 33 }, // U+2017
    { 0x2018, 2 }, // U+2018
    { 0x2019, 2 }, // U+2019
    { 0x201A, 7 }, // U+201A
    { 0x201B, 2 }, // U+201B
    { 0x201C, 2 }, // U+201C
    { 0x201D, 2 }, // U+201D
    { 0x201E, 7 }, // U+201E
    { 0x2025, 7 }, // U+2025
    { 0x2026, 7 }, // U+2026
    { 0x2039, 50 }, // U+2039
    { 0x203A, 52 }, // U+203A
    { 0x203C, 1 }, // U+203C
    { 0x2044, 61 }, // U+2044
    { 0x20A1, 21 }, // U+20A1
    { 0x20A3, 23 }, // U+20A3
    { 0x20A6, 23 }, // U+20A6
    { 0x20A7, 23 }, // U+20A7
    { 0x20A9, 27 }, // U+20A9
    { 0x20AB, 34 }, // U+20AB
    { 0x20AC, 21 }, // U+20AC
    { 0x20AD, 23 }, // U+20AD
    { 0x20AE, 25 }, // U+20AE
    { 0x20B1, 23 }, // U+20B1
    { 0x20B2, 21 }, // U+20B2
    { 0x20B4, 3 }, // U+20B4
    { 0x20B5, 21 }, // U+20B5
    { 0x20B8, 25 }, // U+20B8
    { 0x20BD, 23 }, // U+20BD
    { 0xFB01, 36 }, // U+FB01
    { 0xFB02, 36 }, // U+FB02
};

static const int8_t bitter_14_italicKernMatrix[] = {
       0,    0,    0,    0,    0,    0,    0,    0,    0,    0,    0,    0,    0,    0,    0,    0,    0,    0,    0,    0,    0,   -5,    0,    0,    0,    0,    0,    0,    0,    0,    0,    0,    0,    0,    0,    0,    0,    0,    0,    0,    0,    0,    0,    0,    0,    0,    0,    0,    0,    0,    0,    0,    0,    0,    0,    0,    0,    0,    0,    0,    0,
       0,    0,    0,    0,    0,    0,  -21,    0,    0,    0,    0,    0,    0,    0,    0,    0,    0,    0,    0,    0,  -14,  -38,    2,    0,    7,    0,    0,   -7,    0,    0,    0,    0,    0,   -8,    7,    0,    7,    0,    0,  -17,    0,    0,    0,  -12,    0,    0,    0,    0,    0,    0,    0,    0,    0,    2,    0,    0,    0,    0,   -8,    7,    0,
       0,    0,    0,    0,    0,    0,  -15,    0,    0,    0,   -4,    0,   -4,    0,    0,    0,   -7,    0,    0,    0,    0,  -16,   -6,    0,  -15,    0,  -23,  -29,  -25,   -9,    0,    0,    0,   -5,    0,    0,    0,  -14,  -14,    0,   -5,   -7,  -17,  -17,  -14,    0,    0,    0,    0,    0,    0,    0,    0,   -6,  -14,  -14,  -14,  -25,   -5,    0,    0,
       0,    0,  -12,    0,    0,    0,    0,    0,    0,    0,    0,    0,    0,    0,    0,    0,    0,    0,    0,    0,    2,  -23,    0,    0,    0,    0,  -21,  -18,  -23,    0,    0,    0,    0,    0,   -5,    0,   -5,    0,    0,   -5,    0,   -5,  -12,  -11,   -8,   -7,    0,    0,    0,    0,    0,    0,    0,    0,    0,    0,    0,    0,    0,   -5,    0,
       0,    0,    0,    0,    0,    0,    0,    0,   11,    0,    0,    0,    0,    0,    0,    0,    0,    0,    0,    0,    0,    0,    0,   22,  -12,    0,    0,    0,    0,    0,    8,    0,    9,   -4,    0,   20,    0,    0,    0,    0,    0,    0,    0,    0,    0,    0,    0,    0,    0,    0,    0,    0,    0,    0,    0,    0,    0,    0,   -4,    0,    0,
       0,  -40,    0,    0,    0,    0,    0,    0,    0,  -25,  -12,    2,    0,  -17,    0,  -13,  -26,  -12,    0,    0,  -19,    9,    0,    2,  -34,    0,  -32,   -4,  -43,    0,    0,    0,    0,  -12,    0,    0,    0,   -9,   -9,    0,    0,    0,  -32,   -7,  -29,    0,    0,    0,    0,  -12,    0,    0,    0,    0,   -9,   -9,   -9,   -9,  -12,    0,    0,
       0,    0,    0,    0,    0,    0,    0,    0,    0,    0,  -21,   -9,  -13,    2,  -15,    0,  -26,   -5,    0,    0,    0,   -5,    0,    0,  -26,    0,  -26,  -44,    0,    0,    0,    0,    0,    0,    0,    0,    0,    0,    0,    0,    0,    0,    0,  -27,  -10,    0,    0,    0,    0,    0,    0,  -15,    0,    0,    0,    0,    0,    0,    0,    0,    0,
       0,    0,    0,    0,    8,    0,    0,    0,  -18,    0,    0,    0,    0,    0,    0,    0,    0,    0,    0,    0,   -6,  -16,   -4,    5,   -2,    4,    4,   -8,    4,    0,   13,    8,    0,  -16,    8,    0,    8,  -13,  -13,    0,    0,    0,    0,  -18,   -9,    0,    0,    8,    0,    0,    0,    0,    0,   -4,  -13,  -13,  -13,  -13,  -16,    8,    0,
       0,    0,    0,    0,    0,    0,  -25,    0,    0,    0,   -2,    0,    0,    0,    0,    0,    0,    0,    0,    0,    0,    0,    0,    0,    0,    0,    0,    0,    0,    0,    0,    0,    0,    0,    0,    0,    0,    0,    0,    0,    0,    0,    0,    0,    0,    0,    0,    0,    0,    0,   -7,    0,    0,    0,    0,    0,    0,    0,    0,    0,    0,
       0,    0,    0,    0,    0,    0,    2,    0,    3,    0,    0,    0,    0,    0,    0,    0,   -5,    0,    0,    0,    0,    4,    0,    0,    0,    0,    0,    0,    0,    0,    0,    0,    0,    0,    0,    0,    0,    0,    0,    0,    0,    0,    0,    0,    0,    0,    0,    0,    0,    0,  -21,    0,    0,    0,    0,    0,    0,    0,    0,    0,    0,
       0,    0,    0,    0,    0,    0,    0,    0,    0,    0,    0,    0,    0,    0,    0,    0,   -4,    0,    0,    0,    0,    0,    0,    0,    0,    0,    0,    0,    0,    0,    0,    0,    0,    0,    0,    0,    0,    0,    0,    0,    0,    0,    0,    0,    0,    0,    0,    0,    0,    0,    0,    0,    0,    0,    0,    0,    0,    0,    0,    0,    0,
       0,    0,    0,    0,    0,    0,  -12,    0,    0,    0,    0,    0,    0,    0,  -10,    0,   -5,    0,    0,    0,    0,    0,  -10,    0,    0,    0,    0,    0,    0,    0,    0,    0,    0,    0,    0,    0,    0,    0,    0,    0,    0,    0,    0,    0,    0,    0,    0,    0,    0,    0,   -7,    0,    0,  -10,    0,    0,    0,    0,    0,    0,    0,
       0,    0,    0,    0,    0,    0,    0,    4,    0,    0,    0,    0,    0,    3,    0,    0,   -6,    0,    0,    0,    0,    0,    0,    0,    0,    0,    0,    0,    0,    0,    0,    0,    0,    0,    0,    0,    0,    0,    0,    0,    0,    0,    0,    0,    0,    0,    0,    0,    0,    0,  -20,    0,    0,    0,    0,    0,    0,    0,    0,    0,    0,
       0,    0,    0,    0,    0,    0,   -7,    0,    0,    0,   -5,   -4,  -14,    0,    0,    0,   -9,   -8,    0,    0,    0,    0,    0,    0,    0,    0,    0,    0,    0,    0,    0,    0,    0,    0,    0,    0,    0,    0,    0,    0,    0,    0,    0,    0,    0,    0,    0,    0,    0,    0,   -7,    0,    0,    0,    0,    0,    0,    0,    0,    0,    0,
       0,    0,    0,    0,    0,    0,    0,    0,    0,    0,   -6,   -5,   -7,    2,   -8,    0,   -8,    0,    0,    0,    0,    0,    0,    0,    0,    0,    0,    0,    0,    0,    0,    0,    0,    0,    0,    0,    0,    0,    0,    0,    0,    0,    0,    0,    0,    0,    0,    0,    0,    0,  -15,    0,    0,    0,    0,    0,    0,    0,    0,    0,    0,
       0,    0,    0,   -5,    0,    0,  -41,  -20,    0,   -8,    4,   -2,   -8,   -6,   -7,   -6,    2,   -7,    0,    0,    0,    0,    0,    0,    0,    0,    0,    0,    0,    0,    0,    0,    0,    0,    0,    0,    0,    0,    0,    0,    0,    0,    0,    0,    0,    0,    0,    0,    0,    0,   14,    0,    0,    0,    0,    0,    0,    0,    0,    0,    0,
       0,    0,    0,    0,    0,    0,    0,    0,    0,    0,    0,    0,    0,    0,  -10,    0,  -11,    0,    0,    0,    0,    0,  -10,    0,    0,    0,    0,    0,    0,    0,    0,    0,    0,    0,    0,    0,    0,    0,    0,    0,    0,    0,    0,    0,    0,    0,    0,    0,    0,    0,   -7,    0,    0,  -10,    0,    0,    0,    0,    0,    0,    0,
       0,    0,    0,    0,    0,    0,  -24,    0,    0,    0,    0,    0,   -5,    0,    0,    0,   -7,    0,    0,    0,    0,    0,    0,    0,    0,    0,    0,    0,    0,    0,    0,    0,    0,    0,    0,    0,    0,    0,    0,    0,    0,    0,    0,    0,    0,    0,    0,    0,    0,    0,   -7,    0,    0,    0,    0,    0,    0,    0,    0,    0,    0,
       0,    0,    0,    0,    0,    0,    0,    0,    0,    0,    0,    0,    0,    0,    0,    0,    0,    0,    0,    0,    0,    0,    0,    0,   -8,    0,  -16,   -5,  -23,    0,    0,    0,    0,    0,    0,    0,    0,    0,    0,    0,    0,    0,   -6,   -4,   -8,    0,    0,    0,    0,    0,    0,    0,    0,    0,    0,    0,    0,    0,    0,    0,    0,
       0,    0,    0,    0,    0,    0,    0,    0,    0,    0,    0,    0,    0,    0,    0,    0,    0,    0,    0,    0,    0,    0,    2,    0,    4,    0,    0,    0,    0,    0,    0,    0,    0,    0,    0,    0,    0,    0,    0,    0,    0,    0,    0,    0,    0,    0,    0,    0,    0,    0,    0,    0,  -11,    2,    0,    0,    0,    0,    0,    0,    0,
       0,  -15,   -4,    0,    0,    0,  -19,    0,    2,    0,    0,    0,  -21,    0,    0,    0,    0,    0,    0,   -2,    0,  -11,    0,    0,   -9,    0,  -22,  -29,  -19,  -13,    0,    0,    0,   -2,   -2,    3,   -2,   -2,   -2,   -4,   -2,   -4,   -8,  -10,   -5,    0,    0,    0,    0,    0,    0,    0,    0,    0,   -2,   -2,   -2,   -2,   -2,    2,    0,
     -13,  -52,  -17,    0,    0,    0,    1,  -19,    3,    0,    0,    0,    0,    0,    0,    0,    0,    0,    0,  -20,  -12,    2,  -16,   -7,  -41,  -27,  -33,  -10,  -38,  -11,    0,    3,    0,   -8,  -11,   -8,  -11,  -10,  -10,   -7,  -14,  -14,  -21,   -2,  -21,  -10,    0,    2,   -7,    0,    0,    0,    0,  -16,  -10,  -10,  -10,  -10,   -8,  -11,    0,
       0,  -17,    0,    0,    0,    0,  -16,    0,    0,    0,    0,    0,  -10,    0,    0,    0,    0,    0,    0,   -7,   -2,  -18,  -12,   -2,  -20,    0,  -33,  -29,  -31,  -14,    0,    0,    0,   -5,   -5,   -5,   -5,   -8,   -8,   -5,   -5,   -7,  -12,  -18,  -14,   -8,    0,    0,    0,    0,    0,    0,    0,  -12,   -8,   -8,   -8,   -8,   -5,   -5,    0,
       0,   -4,    0,   -7,    0,    0,   -9,  -15,    0,    0,   -4,   -7,   -9,    0,   -5,    0,   -7,  -10,    0,    0,  -14,  -16,    0,   -5,  -11,    0,  -17,  -23,  -17,    0,    0,    0,    0,  -17,  -12,    0,  -12,  -12,  -12,  -14,   -8,  -12,   -7,  -14,  -12,  -16,    0,    0,    0,    0,    0,    0,    0,    0,  -12,  -12,  -12,  -21,  -17,  -12,    0,
       0,    0,    0,    0,    0,    0,    0,   -4,   -2,    0,    0,    0,    0,    0,    0,    0,    0,    0,    0,    0,  -11,  -17,    0,    0,  -16,    0,  -19,  -22,  -17,    0,    0,    0,    0,   -8,    0,    0,    0,   -6,   -6,   -9,   -8,   -9,  -14,  -12,  -12,   -8,    0,    0,    0,    0,    0,    0,    0,    0,   -6,   -6,   -6,   -9,   -8,    0,    0,
       0,    0,   -6,    0,    0,    0,  -51,    0,   -8,    0,    0,    0,    0,    0,    0,    0,    0,    0,  -21,    0,  -11,  -35,  -12,   -5,    0,    0,   -7,  -14,   -7,  -11,    0,    0,    0,  -21,   -3,   -4,   -3,   -4,   -4,  -15,   -5,   -5,   -5,  -11,   -4,  -11,    0,    0,    0,    0,    0,    0,    0,  -12,   -4,   -4,   -1,   -2,  -21,   -3,    0,
       0,    0,   -2,    0,    0,    0,    0,    0,    0,    0,    0,    0,    0,    0,    0,    0,    0,    0,    0,    0,    0,   -5,    0,    0,    0,    0,  -21,  -18,  -23,    0,    0,    0,    0,    0,   -5,    0,   -5,    0,    0,   -5,    0,   -5,  -12,  -11,   -8,   -7,    0,    0,    0,    0,    0,    0,    0,    0,    0,    0,    0,    0,    0,   -5,    0,
       0,    0,   -8,    0,    0,    0,    0,    0,   -7,    0,    0,    0,    0,    0,    0,    0,    0,    0,   -2,    0,    0,  -15,    0,    0,   -9,   -2,  -14,  -20,  -12,   -7,    0,    0,    0,   -7,    2,    0,    2,    0,    0,   -5,    0,    0,   -9,  -13,   -9,    0,    0,    0,    0,    0,    0,    0,    0,    0,    0,    0,    2,    4,   -7,    2,    0,
       0,    0,    0,    0,    0,    0,  -10,    0,    0,    0,    0,    0,    0,    0,    0,    0,    0,    0,   -8,    0,    0,  -22,   -2,    0,    0,    0,   -7,  -20,   -7,  -11,    0,    0,    0,   -6,    3,   -2,    3,   -2,   -2,   -9,   -5,   -6,  -11,  -17,   -9,   -8,    0,    0,    0,    0,    0,    0,    0,   -2,   -2,   -2,    0,    4,   -6,    3,    0,
     -10,   -4,  -12,    0,    0,    0,  -11,  -44,   -3,    0,    0,    0,    0,    0,    0,    0,    0,    0,   -9,  -10,  -29,  -10,  -16,   -5,  -18,  -21,  -12,  -14,  -14,  -14,    0,    0,    0,  -11,    0,   -4,    0,  -10,  -10,  -17,  -14,  -14,  -18,    0,  -13,   -5,    0,    0,    0,    0,    0,    0,    0,  -16,  -10,  -10,  -15,  -12,  -11,    0,    0,
       0,    0,  -18,    0,    0,    0,    0,    0,    0,    0,    0,    0,    0,    0,    0,    0,    0,    0,   -4,    0,  -16,   -5,    0,   -5,  -30,  -19,  -41,   -7,  -42,   -5,    0,    0,    0,   -5,    0,    0,    0,   -7,   -7,   -7,  -12,   -7,  -20,   -5,  -22,    0,    0,    0,    0,    0,    0,    0,    0,    0,   -7,   -7,   -7,   -7,   -5,    0,    0,
       0,    2,   -5,    0,    0,    0,  -64,  -14,  -13,    0,    0,    0,    0,    0,    0,    0,    0,    0,   -5,   -7,   -4,  -22,   -8,   -7,   -4,   -7,  -15,  -21,  -20,  -11,    0,   -2,    0,   -7,   -5,   -2,   -5,   -4,   -4,   -5,   -5,   -5,   -2,   -7,   -3,   -8,    0,   -3,    0,    0,    0,    0,    0,   -8,   -4,   -4,   -4,   -4,   -7,   -5,    0,
       0,  -15,   -4,    0,   21,    0,  -19,    0,   29,    0,    0,    0,  -21,    0,    0,    0,    0,    0,    0,   -2,    0,  -11,    0,   29,   -9,    0,  -22,  -29,  -19,  -13,    0,   20,   34,   -2,   -5,    3,   -5,   -3,   -3,   -4,   -2,   -4,   -8,  -10,   -3,    0,    8,   19,    0,    0,    0,    0,    0,    0,   -3,   -3,   -3,   -3,    1,   16,    0,
       0,    0,    0,    0,    0,    0,    0,    0,    0,    0,    0,    0,    0,    0,    0,    0,    0,    0,    0,    0,   -7,   -5,   -5,    0,  -15,   -8,  -26,  -13,  -28,   -5,    0,    0,    0,   -9,    0,   -2,    0,   -5,   -5,    0,   -7,   -7,  -12,   -7,  -11,    0,    0,    0,    0,    0,    0,    0,    0,   -5,   -5,   -5,   -5,   -5,   -9,    0,    0,
       0,    2,  -12,    0,    0,    0,  -36,  -34,  -13,    0,    0,    0,    0,    0,    0,    0,    0,    0,  -11,   -5,  -12,  -36,   -9,   -7,   -7,   -4,   -7,  -17,   -7,  -14,    0,    0,    0,  -21,   -2,   -7,   -2,   -9,   -9,  -20,   -5,   -7,   -6,  -15,    0,  -16,    0,    0,    0,    0,    0,    0,    0,   -9,   -9,   -9,   -3,  -10,  -21,   -2,    0,
     -10,   -1,  -23,    0,    0,    0,  -52,  -26,  -22,    0,    0,    0,  -17,    0,    0,    0,    0,    0,  -24,   -3,  -45,  -33,  -16,   -7,   -5,   -6,    2,  -11,    2,  -14,    0,   -3,    0,  -28,   -2,  -12,   -2,  -21,  -21,  -31,  -17,  -23,  -16,  -35,  -21,  -33,    0,   -4,    0,    0,    0,    0,    0,  -16,  -21,  -36,  -16,  -13,  -28,   -2,    0,
       0,    0,  -20,    0,    0,    0,  -49,    0,    0,    0,    0,    0,  -16,    0,  -10,    0,   -5,    0,  -28,    0,  -19,  -35,  -11,   -7,   -7,   -6,    2,  -10,    2,  -11,    0,    0,    0,  -31,    2,   -5,    0,  -13,  -13,  -30,  -15,  -21,  -23,  -30,  -19,  -23,    0,    0,    0,    0,    0,    0,    0,  -11,  -13,  -24,   -7,   -6,  -31,    0,    0,
       0,    0,  -12,    0,    0,    0,    0,    0,    0,    0,    0,    0,    0,    0,    0,    0,    0,    0,    0,    0,  -12,  -12,  -10,    0,  -13,  -10,  -12,  -16,  -12,    0,    0,    0,    0,   -4,    0,    0,    0,   -6,   -6,   -9,   -9,   -9,  -12,  -10,  -14,    0,    0,    0,    0,    0,    0,    0,    0,  -10,   -6,   -6,   -6,   -7,   -4,    0,    0,
       0,    0,    0,    0,    0,    0,    0,    0,   21,    0,    0,    0,    0,    0,    0,    0,    0,    0,    0,    0,    0,    8,    0,   56,  -25,    0,    2,    0,    2,    0,   16,    0,    7,    0,   11,   28,   11,    0,    0,    0,    0,    0,    0,    0,    0,    0,    0,    0,    0,    0,    0,    0,    0,    0,    0,    0,    0,    0,    0,   11,    0,
       0,    0,    0,    0,    8,    0,    0,    0,   13,    0,    0,    0,    0,    0,    0,    0,    0,    0,    0,    0,    0,    0,    0,   27,    0,    0,    0,    0,    0,    0,    0,    8,    8,    0,    0,    0,    0,    0,    0,    0,    0,    0,    0,    0,    0,    0,    0,    4,    0,    0,    0,    0,    0,    0,    0,    0,    0,    0,    0,    0,    0,
       0,    0,    0,    0,    8,    0,    0,    0,   16,    0,    0,    0,    0,    0,    0,    0,    0,    0,    0,    0,    0,    0,    0,   17,    0,    0,    0,    0,    0,    0,    0,    7,    0,    0,    0,   17,    0,    0,    0,    0,    0,    0,    0,    0,    0,    0,    0,    7,    0,    0,    0,    0,    0,    0,    0,    0,    0,    0,    0,    0,    0,
      -4,  -29,    0,    0,    0,    0,    2,    0,    0,    0,    0,    0,    0,    0,    0,    0,    0,    0,    0,   -7,    0,    0,    0,    0,    0,    0,    0,    0,    0,    0,    0,    0,    0,    0,    0,    0,    0,    0,    0,    0,    0,    0,  -13,   -5,  -13,    0,    0,    0,    0,    0,    0,    0,    0,    0,    0,    0,    0,    0,    0,    0,    0,
       0,  -24,    0,    0,    0,    0,  -13,    0,    0,    0,    0,    0,    0,    0,    0,    0,    0,    0,    0,   -2,   -2,    0,    0,    0,    0,    0,    0,    0,    0,    0,    0,    0,    0,    5,    0,    0,    0,    0,    0,    0,    0,    0,  -12,  -14,  -12,    0,    0,    0,    0,    0,    0,    0,    0,    0,    0,    0,    0,    0,    5,    0,    0,
       0,   -4,    0,    0,    0,    0,    0,   -9,    0,    0,    0,    0,    0,    0,    0,    0,    0,    0,    0,   -4,    0,    0,    0,    0,    0,    0,    0,    0,    0,    0,    0,    0,    0,   -8,  -10,   -2,  -10,   -6,   -6,    0,    0,   -7,  -10,  -14,   -7,    0,    0,    0,    0,    0,    0,    0,    0,    0,   -6,   -6,   -6,   -6,   -8,  -10,    0,
       0,  -18,    0,    0,    0,    0,    0,   -2,    8,    0,    0,    0,    0,    0,    0,    0,    0,    0,    0,    0,   -5,    0,    0,    0,    0,    0,    0,    0,    0,    0,    0,    8,    0,    0,    2,    2,    2,    0,    0,    0,    0,    0,   -8,   -9,   -7,    0,    0,    0,    0,    0,    0,    0,    0,    0,    0,    0,    4,    0,    0,    2,    0,
       0,    0,    0,    0,    0,    0,    0,    0,    0,    0,    0,    0,    0,    0,    0,    0,    0,    0,    0,    0,    0,    0,    0,    0,    0,    0,    0,    0,    0,    0,    0,    0,    0,    0,    0,    0,    0,    0,    0,    0,    0,    0,   -8,  -17,  -12,    0,    0,    0,    0,    0,    0,    0,    0,    0,    0,    0,    0,    0,    0,    0,    0,
      13,   18,    0,    0,   47,    9,   -7,  -12,    0,    0,    0,    0,    0,    0,    0,    0,    0,    0,   -2,   14,    0,    0,    0,    0,    0,    0,    0,    0,    0,    0,   18,   62,    0,   -2,   18,    4,   18,    2,    2,    0,    5,    2,    6,   -7,    7,    0,    0,    0,    0,    0,    0,    0,    0,    0,   11,    5,   11,   22,   -2,   18,    0,
       0,    0,    0,    0,    0,    0,    0,    0,    4,    0,    0,    0,    0,    0,    0,    0,    0,    0,    0,    0,    0,    0,    0,    0,    0,    0,    0,    0,    0,    0,    0,    0,    0,    0,    0,    8,    0,    0,    0,    0,    0,    0,  -10,  -14,   -7,   -4,    0,    0,    0,    0,    0,    0,    0,    0,    0,    0,    0,    0,    0,    0,    0,
      -5,   -7,    0,    0,    0,    0,   -7,  -24,    3,    0,    0,    0,    0,    0,    0,    0,    0,    0,   -6,   -9,  -10,    0,    0,    0,    0,    0,    0,    0,    0,    0,    0,    0,    0,  -14,   -7,   -4,   -7,  -11,  -11,  -11,   -7,   -7,   -2,   -2,   -2,   -8,    0,    0,    0,    0,    0,    0,    0,    0,  -11,  -11,  -11,  -11,  -14,   -7,    0,
       0,    0,    0,    0,    0,    0,    0,    0,    0,    0,    0,    0,    0,    0,    0,    0,    0,    0,    0,    0,    0,    0,    0,    0,    0,    0,    0,    0,    0,    0,    0,    0,   13,    0,    0,   20,    0,    2,    9,    0,    0,    0,  -15,  -14,   -3,    0,    0,    0,    0,    0,    0,    0,    0,    0,    2,    2,    2,    2,    0,    8,    0,
      -2,    0,    0,    0,   -2,    0,  -32,    0,   -9,    0,    0,    0,    0,    0,    0,    0,    0,    0,    0,   -2,    0,    0,    0,    0,    0,    0,    0,    0,    0,    0,    0,   -4,    0,   -7,   -5,    2,   -5,    2,    2,   -5,    0,    0,    6,   -4,    8,    0,    0,   -9,    0,    0,    0,    0,    0,    0,    2,    2,    2,    2,   -7,   -5,    0,
       0,    0,    0,    0,    0,    0,   -7,    0,    0,    0,    0,    0,    0,    0,    0,    0,    0,    0,    0,    0,    0,    0,    0,    0,    0,    0,    0,    0,    0,    0,    0,    0,    0,    0,    0,    0,    0,    0,    0,    0,    0,    0,  -21,  -14,   -8,    0,    0,    0,    0,    0,    0,    0,    0,    0,    0,    0,    0,    0,    0,    0,    0,
       0,   -2,    0,    0,    0,    0,    0,    0,    0,    0,    0,    0,    0,    0,    0,    0,    0,    0,    0,    0,    0,    0,    0,    0,    0,    0,    0,    0,    0,    0,    0,    0,    0,   -9,   -4,   -2,   -4,    0,    0,   -5,    0,    0,   -5,   -5,   -2,    0,    0,    0,    0,    0,    0,    0,    0,    0,    0,    0,    0,    0,   -9,   -4,    0,
       0,    0,    0,    0,    0,    0,    0,    0,    9,    0,    0,    0,    0,    0,    0,    0,    0,    0,    0,    0,    0,    0,    0,    0,    0,    0,    0,    0,    0,    0,    0,    0,    0,   -1,    0,    0,    0,    0,    0,    0,    0,    0,   -8,   -2,  -10,   -6,    0,    0,    0,    0,    0,    0,    0,    0,    0,    0,    0,    0,   -1,    0,    0,
       0,    0,    0,    0,    0,    0,  -33,   -7,    0,    0,    0,    0,    0,    0,    0,    0,    0,    0,   -6,    0,   -7,    0,    0,    0,    0,    0,    0,    0,    0,    0,    0,    0,    0,   -8,   -3,    2,   -3,    0,    0,   -9,    4,    3,    9,   -2,    8,   -5,    0,    0,    0,    0,    0,    0,    0,    0,    0,    0,    0,    0,   -8,   -3,    0,
       0,    0,    0,    0,    0,    0,    0,    0,    0,    0,    0,    0,    0,    0,    0,    0,    0,    0,    0,    0,    0,    0,    0,    0,    0,    0,    0,    0,    0,    0,    0,    0,    0,    0,   -2,    0,   -2,    0,    0,   -5,    0,    0,   -8,   -8,   -7,    0,    0,    0,    0,    0,    0,    0,    0,    0,    0,    0,    0,    0,    0,   -2,    0,
       0,    0,    0,    0,    0,    0,    0,    0,    8,    0,    0,    0,    0,    0,    0,    0,    0,    0,    0,    0,    0,    2,    0,   15,   -4,    0,    0,    0,    0,    0,    4,    0,    8,    0,    7,   13,    7,    0,    0,    0,    0,    0,    0,    0,    0,    0,    0,    0,    0,    0,    0,    0,    0,    0,    0,    0,    0,    0,    0,    7,    0,
       0,    0,    0,    0,    0,    0,    0,    0,    0,    0,    0,    0,    0,    0,    0,    0,    0,    0,    0,    0,    0,  -12,    0,    0,    0,    0,    0,    0,    0,    0,    0,    0,    0,    0,    0,    0,    0,    0,    0,    0,    0,    0,    0,    0,    0,    0,    0,    0,    0,    0,    0,    0,    0,    0,    0,    0,    0,    0,    0,    0,    0,
       0,    0,    0,    0,    0,    0,    0,    0,    0,    0,    0,   -4,    0,    0,    0,    0,   -5,    0,    0,    0,    0,    0,    0,    0,    0,    0,    0,    0,    0,    0,    0,    0,    0,    0,    0,    0,    0,    0,    0,    0,    0,    0,    0,    0,    0,    0,    0,    0,    0,    0,    0,    0,    0,    0,    0,    0,    0,    0,    0,    0,    0,
       0,    0,    0,    0,    0,    0,    0,  -15,    0,    0,    0,    0,    0,    0,    0,    0,    0,    0,    0,    0,    0,    0,    0,    0,    0,    0,    0,    0,    0,    0,    0,    0,    0,    0,    0,    0,    0,    0,    0,    0,    0,    0,    0,    0,    0,    0,    0,    0,    0,    0,    0,    0,    0,    0,    0,    0,    0,    0,    0,    0,    0,
       0,    0,    0,    0,    0,    0,    0,    0,    0,    0,    0,    0,    0,    0,    0,    0,    0,    0,    0,    0,    0,    0,    0,    0,    0,    0,    0,    0,    0,    0,    0,    0,    0,    0,    0,    0,    0,    0,    0,    0,    0,    0,    0,    0,    0,    0,    0,    0,    0,    0,    0,    0,    0,    0,    0,    0,    0,    0,    0,    0,   -4,
       0,    0,    0,    0,    0,    0,  -12,    0,    0,    0,    0,    0,    0,    0,    0,    0,    0,    0,    0,    0,    0,    0,    0,    0,    0,    0,    0,    0,    0,    0,    0,    0,    0,    0,    0,    0,    0,    0,    0,    0,    0,    0,    0,    0,    0,    0,    0,    0,    0,    0,    0,    0,    0,    0,    0,    0,    0,    0,    0,    0,    0,
       0,    0,   -8,    0,    0,    0,    0,    0,   -7,    0,    0,    0,    0,    0,    0,    0,    0,    0,   -2,    0,    0,  -15,    0,    4,   -9,   -2,  -14,  -20,  -12,   -7,    8,    0,    0,   -7,    2,    0,    2,    0,    0,   -5,    0,    0,   -9,  -13,   -9,    0,    0,    0,    0,    0,    0,    0,    0,    9,    0,    0,    2,    4,   -7,    2,    0,
       0,    0,    0,    0,    0,    0,    0,    0,    0,    0,    0,    0,    0,    0,    0,    0,    0,    0,    0,    0,    0,    0,    0,    0,    0,    0,    0,    0,    0,    0,    0,    0,    0,   -2,   -2,   -5,   -2,   -5,   -5,   -2,   -5,    0,  -13,  -12,  -10,   -6,    0,    0,    0,    0,    0,    0,    0,    0,   -5,   -5,   -5,   -5,   -2,   -2,    0,
       0,   -4,    0,    0,    0,    0,    0,   -9,    0,    0,    0,    0,    0,    0,    0,    0,    0,    0,    0,   -4,    0,    0,    0,    0,    0,    0,    0,    0,    0,    0,    0,    0,    0,   -8,  -10,    0,  -10,   -6,   -6,    0,    0,   -7,  -10,  -14,   -7,    0,    0,    0,    0,    0,    0,    0,    0,    0,   -6,   -6,   -6,   -6,   -8,  -10,    0,
       0,  -18,    0,    0,    0,    0,    0,   -2,    8,    0,    0,    0,    0,    0,    0,    0,    0,    0,    0,    0,   -5,    0,    0,    0,    0,    0,    0,    0,    0,    0,    0,    8,    0,    0,    2,    2,    2,    0,    0,    0,    0,    0,   -8,   -9,   -7,    0,    0,    0,    0,    0,    0,    0,    0,    0,    0,    0,    5,    7,    0,    2,    0,
       0,  -18,    0,    0,    0,    0,    0,   -2,    8,    0,    0,    0,    0,    0,    0,    0,    0,    0,    0,    0,   -5,    0,    0,    0,    0,    0,    0,    0,    0,    0,    0,    8,    0,    0,   12,    2,   12,    0,    0,    0,    0,    0,   -8,   -9,   -7,    0,    0,    0,    0,    0,    0,    0,    0,    0,    4,    0,    4,   14,    0,   12,    0,
       0,  -18,    0,    0,    0,    0,    0,   -2,    8,    0,    0,    0,    0,    0,    0,    0,    0,    0,    0,    0,   -5,    0,    0,    0,    0,    0,    0,    0,    0,    0,    0,    8,    0,    0,    7,    2,    7,    0,    0,    0,    0,    0,   -8,   -9,   -7,    0,    0,    0,    0,    0,    0,    0,    0,    0,    0,    0,    5,    8,    0,    7,    0,
       0,  -18,    0,    0,    0,    0,    0,   -2,    8,    0,    0,    0,    0,    0,    0,    0,    0,    0,    0,    0,   -5,    0,    0,    0,    0,    0,    0,    0,    0,    0,    0,    8,    0,    0,   11,    2,   11,    0,    0,    0,    0,    0,   -8,   -9,   -7,    0,    0,    0,    0,    0,    0,    0,    0,    0,    4,    1,   11,   14,    0,   11,    0,
     -10,   -1,  -23,    0,    0,    0,  -52,  -26,  -22,    0,    0,    0,  -17,    0,    0,    0,    0,    0,  -24,   -3,  -21,  -33,  -16,   -7,   -5,   -6,    2,  -11,    2,  -14,    0,   -3,    0,  -28,   -2,  -12,   -2,  -21,  -21,  -31,  -17,  -23,  -16,  -35,  -21,  -33,    0,   -4,    0,    0,    0,    0,    0,  -16,  -21,  -36,  -16,  -13,  -28,   -2,    0,
       0,    0,    0,    0,    0,    0,    0,    0,    0,    0,    0,    0,    0,    0,    0,    0,    0,    0,    0,    0,    0,    0,    0,    0,    0,    0,    0,    0,    0,    0,    0,    0,    0,    0,    0,   -2,    0,    0,    0,    0,    0,    0,  -14,   -9,   -8,    0,    0,    0,    0,    0,    0,    0,    0,    0,    0,    0,    0,    0,    0,    0,    0,
};

static const EpdLigaturePair bitter_14_italicLigaturePairs[] = {
    { 0x00660069, 0xFB01 }, // f i -> U+FB01
    { 0x0066006C, 0xFB02 }, // f l -> U+FB02
};

static constexpr EpdFontData bitter_14_italic = {
    bitter_14_italicBitmaps,
    bitter_14_italicGlyphs,
    bitter_14_italicIntervals,
    32,
    35,
    28,
    -8,
    true,
    bitter_14_italicGroups,
    8,
    nullptr,
    bitter_14_italicKernLeftClasses,
    bitter_14_italicKernRightClasses,
    bitter_14_italicKernMatrix,
    189,
    191,
    71,
    61,
    bitter_14_italicLigaturePairs,
    2,
};
