/**
 * generated by fontconvert.py
 * name: bitter_16_regular
 * size: 16
 * mode: 2-bit  compressed: true
 * Command used: fontconvert.py bitter_16_regular 16 ../builtinFonts/source/Bitter/Bitter-Regular.ttf ../builtinFonts/source/NotoEmoji/NotoEmoji-Regular.ttf ../builtinFonts/source/NotoSymbols/NotoSansSymbols-Regular.ttf --exact-intervals --additional-intervals 0x0020,0x007E --additional-intervals 0x00A0,0x00FF --additional-intervals 0x2000,0x206F --additional-intervals 0x20A0,0x20CF --additional-intervals 0x2190,0x21FF --additional-intervals 0xFB00,0xFB06 --additional-intervals 0xFFFD,0xFFFD --additional-intervals 0x2669,0x266F --additional-intervals 0x2764,0x2764 --additional-intervals 0x1F600,0x1F600 --additional-intervals 0x1F44D,0x1F44D --font-include-intervals 1:0x2764,0x2764 --font-include-intervals 1:0x1F600,0x1F600 --font-include-intervals 1:0x1F44D,0x1F44D --font-include-intervals 2:0x2669,0x266F --2bit --compress --pnum --darken-aa
 */
#pragma once
#include "EpdFontData.h"

static const uint8_t bitter_16_regularBitmaps[11055] = {
    0xB5, 0x5A, 0xBF, 0x93, 0xDD, 0xD6, 0x75, 0xBE, 0x78, 0xE0, 0x12, 0x33, 0x42, 0x01, 0x17, 0xDE,
    0x99, 0x44, 0x5B, 0xC0, 0x45, 0x0A, 0x45, 0x54, 0x84, 0x7F, 0x60, 0x49, 0xC0, 0x76, 0xE9, 0x86,
    0xC5, 0x3E, 0x7B, 0x46, 0x2C, 0x94, 0x22, 0x4D, 0x94, 0x62, 0x53, 0xB8, 0x48, 0x41, 0x12, 0x70,
    0x54, 0xA6, 0x61, 0xE3, 0xD4, 0x2A, 0xD6, 0x33, 0xF2, 0xDB, 0x99, 0x6C, 0xE3, 0xCA, 0xC3, 0x25,
    0x60, 0xAB, 0x48, 0xE1, 0x06, 0xC9, 0x8C, 0x26, 0x45, 0x1A, 0x8C, 0xC5, 0xCC, 0xC4, 0xD2, 0x4C,
    0x88, 0x91, 0x90, 0x18, 0xBB, 0x04, 0x70, 0xF3, 0x7D, 0xDF, 0xC5, 0x7B, 0xFB, 0x96, 0xE4, 0x4A,
    0x24, 0xA3, 0xEC, 0x02, 0xE7, 0xBE, 0xC5, 0xBB, 0xB8, 0xF7, 0xDC, 0x73, 0xCF, 0x8F, 0xEF, 0x9C,
    0xBB, 0xBB, 0x26, 0xCF, 0xF0, 0x6B, 0xD2, 0x2B, 0x7E, 0x77, 0x8D, 0xFB, 0x79, 0xD7, 0x94, 0x45,
    0x59, 0xA4, 0xE6, 0x9A, 0x39, 0x8D, 0x8A, 0x47, 0x51, 0x75, 0xAA, 0xEB, 0x5E, 0x54, 0xDD, 0x8D,
    0x0A, 0x5C, 0xFB, 0xB8, 0xC2, 0xCC, 0xEC, 0x64, 0x5E, 0x66, 0xA2, 0x2A, 0xAC, 0x40, 0xA2, 0x99,
    0xC4, 0x85, 0x23, 0xC5, 0x4E, 0xFE, 0xF3, 0xC3, 0x4F, 0x23, 0x8B, 0x1F, 0x92, 0x49, 0xC3, 0x3B,
    0x72, 0x7F, 0x43, 0x4E, 0xD1, 0x98, 0x01, 0xCD, 0xDB, 0xD3, 0x6A, 0x3A, 0x2A, 0xD1, 0xAF, 0xCF,
    0x41, 0x3A, 0xAF, 0xC7, 0x53, 0x91, 0x05, 0x3F, 0x2F, 0xDA, 0x45, 0x67, 0x7C, 0x47, 0xFC, 0xD6,
    0x98, 0xC5, 0x47, 0x60, 0x91, 0x1F, 0x9E, 0x25, 0xA5, 0x7D, 0x6C, 0x02, 0x4E, 0x16, 0x4D, 0x77,
    0x30, 0x63, 0xCD, 0x59, 0x32, 0x73, 0xCB, 0xE4, 0xC6, 0xDC, 0x24, 0x79, 0xCB, 0xA4, 0x15, 0xBA,
    0xA5, 0x1D, 0x48, 0x64, 0x1F, 0xE0, 0x2D, 0xF4, 0x35, 0x26, 0xB7, 0x8D, 0x31, 0x9E, 0x1D, 0xF0,
    0x31, 0xB4, 0x5C, 0xBE, 0x35, 0xDF, 0xC1, 0xD3, 0xEC, 0x2E, 0xBA, 0x92, 0xE4, 0xE6, 0x21, 0x9F,
    0x3D, 0x32, 0xFE, 0x88, 0x29, 0x6C, 0x8F, 0x17, 0x6C, 0x6D, 0xAE, 0xDB, 0xB3, 0x2B, 0xD8, 0xF0,
    0xC8, 0xDF, 0x3F, 0x15, 0xC6, 0x6B, 0xC1, 0x0D, 0x99, 0x36, 0xD1, 0xA7, 0x03, 0xC4, 0x83, 0x25,
    0xDF, 0x32, 0x49, 0x01, 0x22, 0x39, 0xDC, 0x34, 0x09, 0x56, 0x68, 0xEE, 0x99, 0x04, 0x6B, 0xE4,
    0x43, 0xBE, 0x8C, 0x06, 0x1D, 0xF1, 0xCD, 0x69, 0x5C, 0x80, 0xC9, 0xA7, 0x43, 0xCA, 0x51, 0x6D,
    0x43, 0xE6, 0xCC, 0xAE, 0xD7, 0xEF, 0x3D, 0xD6, 0x2C, 0x25, 0xF9, 0x0C, 0xFF, 0xF5, 0xEC, 0x10,
    0x7D, 0xE3, 0x0F, 0x9B, 0xB0, 0x06, 0xAB, 0x61, 0xE5, 0x63, 0x1D, 0xA7, 0x6A, 0xBC, 0x5E, 0x8D,
    0xDF, 0xAA, 0x09, 0xEB, 0x00, 0xBF, 0x26, 0x2A, 0xFC, 0x56, 0x5C, 0x78, 0x53, 0x99, 0x41, 0xEA,
    0x26, 0x1F, 0x8D, 0x39, 0x30, 0xD8, 0x47, 0x63, 0xDE, 0x38, 0xCF, 0x20, 0x02, 0x88, 0x23, 0xC4,
    0x06, 0x98, 0x08, 0x6B, 0x34, 0x49, 0x4D, 0x3E, 0x2B, 0x47, 0xFE, 0xD4, 0x89, 0x2E, 0x21, 0x89,
    0x3A, 0xF1, 0xF4, 0xF9, 0xEA, 0x97, 0x94, 0xC4, 0xB4, 0xE0, 0xBE, 0xE1, 0x8D, 0xB8, 0x42, 0x17,
    0x90, 0x02, 0x04, 0xC2, 0x8E, 0xAB, 0x52, 0x24, 0xC3, 0x4B, 0x79, 0x61, 0xD2, 0x22, 0x6D, 0x4C,
    0x69, 0x62, 0xEE, 0x4C, 0x48, 0x21, 0x42, 0x94, 0xE0, 0xDA, 0xBB, 0x0D, 0x96, 0x1F, 0x9D, 0x9E,
    0xDE, 0xBB, 0x7B, 0x77, 0x7F, 0x9F, 0x6B, 0x8C, 0x34, 0x09, 0xDE, 0x1F, 0xCD, 0x62, 0x30, 0x7E,
    0x67, 0x02, 0x88, 0xAF, 0xA1, 0xF4, 0xF0, 0x18, 0x63, 0x63, 0x43, 0x53, 0x6E, 0x09, 0xAF, 0x72,
    0x7D, 0xB9, 0x3F, 0xA9, 0x60, 0x19, 0xFB, 0x24, 0x54, 0x46, 0xBE, 0x15, 0xB6, 0x1C, 0x01, 0xE3,
    0x60, 0x34, 0xF6, 0x80, 0xF0, 0xA3, 0xCC, 0xA9, 0xF8, 0x3B, 0x9B, 0x07, 0xF5, 0x56, 0x37, 0x5C,
    0x93, 0x46, 0xBC, 0x18, 0x4B, 0xC3, 0x5D, 0xBA, 0x8A, 0x0B, 0x3E, 0x4A, 0xF5, 0x1F, 0x66, 0x56,
    0x31, 0x0E, 0x46, 0xC3, 0xF7, 0x18, 0xF9, 0x2F, 0xDC, 0x34, 0xDF, 0x35, 0x06, 0x1A, 0xB4, 0x6F,
    0xBE, 0xB7, 0xFF, 0x27, 0xE5, 0xFD, 0x21, 0x7F, 0xD2, 0x9B, 0xFF, 0x82, 0x9C, 0x8D, 0xFF, 0xBB,
    0x2A, 0xFA, 0xB0, 0x0D, 0x4D, 0xCD, 0x3E, 0x8B, 0xE6, 0x0A, 0x45, 0xDA, 0x10, 0x9A, 0x86, 0x48,
    0xF6, 0xC1, 0xF1, 0xF9, 0xEA, 0x1B, 0x3A, 0x4B, 0xA6, 0x51, 0x96, 0x62, 0x3B, 0x12, 0x98, 0x64,
    0x9C, 0x25, 0x60, 0xE1, 0xA7, 0x8E, 0x9D, 0x9C, 0x16, 0xD6, 0xBF, 0xBD, 0x3A, 0x4A, 0x4C, 0x5E,
    0xE4, 0x55, 0x9A, 0x5D, 0x93, 0xB5, 0x43, 0xED, 0xC8, 0x26, 0xD4, 0x1C, 0xFB, 0xD2, 0x51, 0x71,
    0x31, 0x10, 0x14, 0x27, 0xA8, 0x0C, 0xAD, 0x5B, 0x52, 0x4B, 0x24, 0x94, 0xCB, 0x1D, 0x17, 0xAE,
    0x63, 0xFD, 0x6C, 0xC7, 0x5B, 0xD4, 0x6E, 0x30, 0xB2, 0x82, 0x0E, 0x27, 0x76, 0xA4, 0x66, 0xD9,
    0xC2, 0x9F, 0xBE, 0x5F, 0xD6, 0xD0, 0x9D, 0xB8, 0x8D, 0xB1, 0x33, 0x1D, 0x94, 0xC5, 0x1F, 0x1C,
    0x29, 0x20, 0x3F, 0xC8, 0x73, 0x31, 0xE4, 0xD9, 0xFA, 0x13, 0x9E, 0xAD, 0xBF, 0xAD, 0x4C, 0xD0,
    0xE1, 0x8D, 0xA8, 0x85, 0x8E, 0xA5, 0x8D, 0x6F, 0xFF, 0xD1, 0x56, 0x1C, 0x8F, 0x23, 0x53, 0x11,
    0x97, 0xC6, 0x79, 0x84, 0xA4, 0xC5, 0x34, 0x2D, 0x74, 0xAB, 0x35, 0xE9, 0x17, 0xB8, 0x7F, 0xD4,
    0x9A, 0xEF, 0x62, 0x43, 0xCC, 0xCB, 0xDC, 0xF1, 0x19, 0xFC, 0x81, 0x6D, 0x79, 0x9B, 0x0F, 0x3E,
    0xE6, 0xC8, 0xD0, 0xCD, 0x94, 0x5A, 0x9A, 0x3E, 0xD8, 0x1B, 0x69, 0x31, 0x96, 0x6B, 0x9A, 0x89,
    0x71, 0xC4, 0x1B, 0x29, 0x70, 0x1A, 0x66, 0x44, 0xA9, 0xA7, 0xD4, 0x66, 0x0B, 0xED, 0x0A, 0xF9,
    0x3C, 0x6F, 0x69, 0x22, 0xF8, 0x2B, 0x1E, 0x24, 0x76, 0x6C, 0xDD, 0x05, 0x31, 0x6F, 0x7E, 0x6C,
    0x62, 0x4C, 0x81, 0x19, 0xBA, 0xB4, 0x08, 0x61, 0xE3, 0x8B, 0x11, 0x23, 0x4F, 0xEF, 0x4A, 0x9B,
    0xA8, 0xAB, 0x1E, 0xDE, 0xF2, 0x7B, 0xB3, 0x2C, 0x61, 0x33, 0x76, 0x36, 0x95, 0x18, 0x22, 0x5F,
    0x8C, 0xF3, 0xE4, 0xE5, 0xD6, 0x6D, 0xDF, 0x82, 0x67, 0x4A, 0xFF, 0xA3, 0xA4, 0xF3, 0x6C, 0x42,
    0x8E, 0xBF, 0x7B, 0x9B, 0x42, 0xF9, 0x4F, 0xFA, 0x08, 0x0E, 0x18, 0x91, 0xA4, 0x24, 0x25, 0xC9,
    0x30, 0x71, 0xF0, 0x89, 0x4B, 0x07, 0x89, 0x2A, 0x90, 0xB4, 0x90, 0xDA, 0x4B, 0x97, 0x27, 0xCE,
    0x3C, 0x51, 0x2E, 0x13, 0xCD, 0x68, 0xA2, 0xB6, 0x4F, 0xD2, 0xBE, 0x81, 0xDC, 0x8F, 0x29, 0x89,
    0x71, 0xAC, 0x3E, 0x4F, 0xBC, 0xE5, 0xF2, 0x00, 0x3C, 0x0C, 0xBA, 0xCF, 0x57, 0x47, 0x14, 0x6F,
    0xB4, 0x7D, 0x37, 0xF3, 0x8D, 0x31, 0x20, 0xEF, 0xFA, 0x8D, 0x63, 0xEE, 0x62, 0x88, 0xF5, 0x2E,
    0xA6, 0x79, 0x6D, 0xEB, 0x7B, 0xE2, 0x7A, 0xDF, 0xC2, 0x77, 0xE9, 0xE7, 0x65, 0x87, 0x59, 0xEB,
    0x90, 0xEE, 0x9A, 0xDE, 0xCA, 0x1C, 0x1E, 0xD1, 0x57, 0x0F, 0x94, 0x2C, 0x22, 0x85, 0x7D, 0x70,
    0xCD, 0x04, 0x9B, 0x8D, 0x48, 0x68, 0x54, 0xCE, 0xD1, 0x17, 0xB3, 0x84, 0x4C, 0xB9, 0x07, 0x09,
    0xD2, 0x4F, 0x19, 0x4B, 0x07, 0x64, 0x0B, 0x4C, 0x80, 0x29, 0xF2, 0xC2, 0xB2, 0xAB, 0x08, 0x8D,
    0xBE, 0xCA, 0x69, 0xF3, 0x78, 0xB7, 0xCC, 0x92, 0x06, 0x7B, 0x1E, 0x4D, 0x87, 0x23, 0xB6, 0x91,
    0x1C, 0x96, 0x78, 0x47, 0x96, 0xB5, 0xBB, 0x5C, 0x2E, 0xA9, 0x1B, 0xB6, 0x70, 0x64, 0xB5, 0xB2,
    0x99, 0xD4, 0xE2, 0x26, 0x39, 0xDE, 0x97, 0x1B, 0x71, 0x6A, 0x11, 0x76, 0x6B, 0x96, 0xE2, 0xE6,
    0x32, 0x4B, 0xD9, 0x5A, 0x85, 0xA6, 0x75, 0x5F, 0x88, 0xDC, 0xA9, 0xE2, 0xB3, 0x6B, 0xC8, 0x8B,
    0xB9, 0xAF, 0xFB, 0xB9, 0xFE, 0x6B, 0xC5, 0xB9, 0x96, 0x5C, 0x8D, 0x26, 0xEC, 0x17, 0x96, 0xD2,
    0xCC, 0x8B, 0x98, 0xCE, 0x51, 0x1E, 0x52, 0x9F, 0x30, 0x48, 0x0E, 0xC1, 0x61, 0xFC, 0x85, 0x7D,
    0xD2, 0x51, 0x4C, 0x15, 0x5F, 0x43, 0x30, 0x1A, 0x63, 0xEC, 0x2A, 0xD6, 0x96, 0xB1, 0x73, 0x25,
    0x67, 0x09, 0x83, 0x8B, 0xE7, 0x4F, 0x7C, 0x96, 0x40, 0xE7, 0xB2, 0x68, 0x84, 0x98, 0xFC, 0xD9,
    0x4F, 0xCF, 0x2B, 0x37, 0x6F, 0x1E, 0x51, 0xC5, 0x31, 0x54, 0x48, 0x43, 0x49, 0xFA, 0xBD, 0x01,
    0xDD, 0x31, 0x07, 0xD6, 0xE3, 0xC4, 0x99, 0x51, 0x92, 0xDB, 0x32, 0x2D, 0x38, 0x47, 0xED, 0xD9,
    0x2A, 0xB6, 0xA5, 0xAD, 0x10, 0x9B, 0x4B, 0xC8, 0xF6, 0xB1, 0x84, 0x90, 0x67, 0xEB, 0xCD, 0xE1,
    0xEA, 0xA4, 0xD8, 0xDA, 0x43, 0xD8, 0xF1, 0x1B, 0x3F, 0xC6, 0x1C, 0x11, 0x4D, 0x3C, 0xA2, 0xE8,
    0x3D, 0x9A, 0xF8, 0xB6, 0xC3, 0xDA, 0xFE, 0xB9, 0x78, 0x1E, 0xD4, 0x70, 0x11, 0x2D, 0xD6, 0xF6,
    0x4C, 0x8F, 0xB0, 0x88, 0x9B, 0x18, 0xCF, 0xC3, 0x1A, 0x08, 0x25, 0x7B, 0xD7, 0xEC, 0xBB, 0xC7,
    0xD7, 0x9C, 0x95, 0xC5, 0xF4, 0x4E, 0x0D, 0xE2, 0x92, 0x9A, 0x04, 0x1B, 0x92, 0x37, 0x4E, 0xEA,
    0x79, 0x4F, 0x1D, 0xAB, 0x5D, 0x98, 0x0C, 0x88, 0x11, 0x12, 0x7C, 0xD0, 0xF6, 0xBE, 0x05, 0x6B,
    0x98, 0x78, 0x7F, 0xB0, 0x42, 0x10, 0xDC, 0xFA, 0xD9, 0x7E, 0x4E, 0x97, 0x0B, 0x01, 0x18, 0x1A,
    0x4B, 0xC8, 0xD7, 0x73, 0x58, 0xE6, 0x82, 0x0B, 0xA2, 0x4F, 0x08, 0xA9, 0xB7, 0x1D, 0x3C, 0x4D,
    0xB6, 0xC0, 0x77, 0x9C, 0x82, 0x53, 0xFD, 0xDD, 0x7A, 0x9B, 0x1F, 0x15, 0xA5, 0xED, 0x4B, 0x3B,
    0xFE, 0x19, 0x36, 0x98, 0x02, 0x2A, 0x45, 0x47, 0x2A, 0x4B, 0x8C, 0xBD, 0x2D, 0x3C, 0x59, 0x29,
    0x9C, 0x6F, 0xD0, 0xD0, 0x51, 0x7B, 0xD9, 0x05, 0x0F, 0x74, 0xCA, 0x03, 0x65, 0x89, 0x88, 0x64,
    0xF8, 0x7C, 0x6F, 0x22, 0x85, 0xF0, 0x07, 0xB9, 0x81, 0x63, 0xEE, 0x27, 0x58, 0x81, 0xA0, 0xA9,
    0x75, 0xE8, 0x1B, 0xD5, 0xB2, 0xB6, 0xB8, 0x38, 0x74, 0x38, 0x0D, 0x5B, 0x9C, 0x40, 0xA7, 0x3F,
    0x8A, 0x1A, 0xE0, 0x3E, 0x06, 0x95, 0xA8, 0x7A, 0xE8, 0x1A, 0xBA, 0x25, 0x60, 0x8A, 0x01, 0x6B,
    0x61, 0xE3, 0x4D, 0xC7, 0x6C, 0x08, 0xCB, 0xA2, 0x75, 0x73, 0x8A, 0x0E, 0x6D, 0x9C, 0xDD, 0xF7,
    0xFB, 0xBC, 0x03, 0xD2, 0xC4, 0x22, 0x31, 0x6F, 0x92, 0x41, 0x3B, 0x15, 0xC5, 0xCD, 0x5A, 0xCF,
    0x9D, 0xC1, 0x4B, 0x09, 0xCE, 0x4B, 0xC1, 0x0A, 0x3A, 0x5D, 0xDA, 0xF6, 0x63, 0x7D, 0xBB, 0x73,
    0xDB, 0xAC, 0xAD, 0x01, 0xAA, 0x46, 0x9A, 0x0A, 0x04, 0xDD, 0x12, 0x3D, 0x95, 0xBB, 0x19, 0x72,
    0x1A, 0x51, 0x0F, 0x05, 0xC6, 0xAA, 0xA9, 0x55, 0x7E, 0x4B, 0x84, 0x12, 0x34, 0x5C, 0x11, 0x76,
    0x9B, 0x7E, 0xA6, 0xE2, 0x6C, 0x49, 0x41, 0x61, 0xA4, 0xB2, 0xB5, 0x5C, 0x82, 0x28, 0xE5, 0xC4,
    0x26, 0x58, 0xAF, 0xD4, 0xC0, 0x4A, 0x16, 0x79, 0xC1, 0x00, 0x9A, 0x56, 0xB4, 0xDC, 0xB4, 0x86,
    0x75, 0x07, 0x76, 0x02, 0x85, 0xDF, 0xD9, 0x81, 0xD1, 0xF3, 0x9D, 0xC1, 0xF9, 0x72, 0x7F, 0x80,
    0x4E, 0x63, 0xB0, 0xA4, 0xA1, 0xF8, 0xDA, 0xCB, 0x84, 0xCF, 0x52, 0x7C, 0x7B, 0xDD, 0x3A, 0x0B,
    0x92, 0xA9, 0xFA, 0xE3, 0xB2, 0xAC, 0xD6, 0x5D, 0x82, 0x0E, 0xC4, 0xEF, 0x2F, 0x91, 0xB0, 0xD3,
    0xDE, 0x06, 0xD3, 0xCA, 0xD6, 0x0A, 0xF5, 0xA5, 0xFC, 0x8E, 0xF9, 0x1B, 0xB9, 0x3A, 0xEA, 0x08,
    0xC6, 0xF2, 0x6C, 0xBD, 0xD7, 0x03, 0x86, 0x9A, 0x9E, 0x20, 0xAC, 0xA7, 0x74, 0x7A, 0xFA, 0x8A,
    0xBF, 0x74, 0xCE, 0x65, 0xE3, 0x61, 0x9C, 0x85, 0x6D, 0x3E, 0x6D, 0x7D, 0x2B, 0x14, 0xD7, 0xAC,
    0x25, 0x4B, 0xBF, 0xFB, 0xB7, 0x88, 0x53, 0x0B, 0xAC, 0xE7, 0xBC, 0xEC, 0xE8, 0xD7, 0x68, 0xDD,
    0x44, 0xB6, 0xC8, 0x05, 0xB0, 0xE8, 0x6C, 0x2D, 0x29, 0x2E, 0x9B, 0xE1, 0xD8, 0x43, 0xAF, 0x59,
    0xBD, 0x06, 0x21, 0x19, 0x27, 0xBC, 0x41, 0xC2, 0x1B, 0x8C, 0x16, 0x7E, 0x99, 0x26, 0xCF, 0xD1,
    0x4B, 0x7D, 0xF4, 0x56, 0x79, 0x31, 0x8E, 0xBB, 0x10, 0xEC, 0x28, 0x89, 0xC6, 0xA1, 0x1E, 0xD2,
    0xC7, 0xE2, 0x67, 0x49, 0xB1, 0xD8, 0x4A, 0xDC, 0x50, 0x68, 0x24, 0x01, 0x89, 0x5F, 0xF9, 0x1B,
    0xC7, 0xFB, 0x2C, 0xE1, 0xB6, 0x39, 0x32, 0x2E, 0x0F, 0xCC, 0x15, 0xFD, 0x16, 0xDC, 0x36, 0xDF,
    0x11, 0x4C, 0x7D, 0xDC, 0x70, 0x22, 0x47, 0x9E, 0x9F, 0x37, 0xBA, 0x3C, 0xB9, 0x97, 0x5D, 0x31,
    0x6F, 0x37, 0x93, 0x69, 0x75, 0x64, 0xAE, 0xE6, 0x6F, 0x43, 0x82, 0x71, 0xF6, 0xEE, 0x8E, 0x60,
    0xF3, 0xFF, 0xA0, 0xA4, 0x84, 0x6E, 0x98, 0x53, 0xD3, 0x47, 0x51, 0xAB, 0x18, 0xB1, 0x09, 0xD2,
    0x49, 0xA9, 0xDD, 0x8A, 0x17, 0x33, 0x44, 0x5F, 0xD3, 0xE2, 0x82, 0x42, 0x11, 0x76, 0x7E, 0xFC,
    0x11, 0x3E, 0x47, 0xB6, 0x17, 0x6D, 0xD8, 0xA7, 0x34, 0x8E, 0x52, 0x1B, 0x4A, 0x8D, 0x53, 0x4A,
    0x1F, 0xB0, 0x17, 0xB3, 0xC3, 0x39, 0x3F, 0xA1, 0x17, 0x67, 0x56, 0x40, 0xEF, 0xF1, 0xC0, 0xB8,
    0xE0, 0xBB, 0x03, 0xA5, 0xD8, 0x5D, 0x02, 0x92, 0x60, 0x69, 0x88, 0x2B, 0xC8, 0xA1, 0xC8, 0x7B,
    0x5C, 0xBF, 0x02, 0x65, 0x5A, 0xB8, 0xA6, 0x30, 0xC1, 0x93, 0x57, 0x78, 0x97, 0x22, 0x4A, 0x1A,
    0x37, 0xBB, 0xA3, 0x3B, 0xDC, 0x9B, 0x3A, 0xD7, 0xBE, 0xBC, 0xC6, 0x15, 0x30, 0xA9, 0xAB, 0x89,
    0xB0, 0x96, 0x07, 0x91, 0x1D, 0x22, 0x82, 0xBE, 0xEC, 0xFF, 0x74, 0xC9, 0x57, 0x1F, 0x8F, 0x86,
    0x68, 0x43, 0x1E, 0x0D, 0x1C, 0x3A, 0x26, 0x4B, 0x6A, 0x50, 0x81, 0x4B, 0x3E, 0x40, 0xAE, 0xB7,
    0x21, 0x4D, 0x68, 0x59, 0x7C, 0x15, 0xB4, 0xA4, 0x2E, 0x08, 0xFF, 0x0D, 0x72, 0xCF, 0xE3, 0x1D,
    0x41, 0x49, 0x8E, 0xE4, 0xD3, 0x0D, 0xE0, 0xC9, 0xFB, 0xAD, 0xBE, 0x55, 0x1F, 0x42, 0x08, 0xBE,
    0xA5, 0x77, 0x05, 0x98, 0x89, 0x36, 0xE4, 0x4F, 0x2E, 0x16, 0xB8, 0xA0, 0x37, 0xA9, 0x63, 0xDB,
    0x81, 0x02, 0x35, 0xEF, 0x2C, 0x6F, 0xCF, 0x1A, 0x96, 0x6B, 0xD8, 0x6F, 0x56, 0xCC, 0x97, 0x23,
    0x32, 0x83, 0x70, 0x63, 0x1F, 0x51, 0x05, 0x3B, 0x3A, 0xA9, 0x64, 0x38, 0x22, 0x3B, 0x07, 0x14,
    0xC6, 0x81, 0x92, 0x57, 0x82, 0x49, 0xA6, 0x9C, 0xBD, 0x4F, 0xB7, 0x02, 0x8F, 0x0A, 0x4E, 0x02,
    0x36, 0xC8, 0xA1, 0xD0, 0x3C, 0x45, 0x9E, 0x50, 0x66, 0xFE, 0x57, 0x58, 0x53, 0x9A, 0xF9, 0x5F,
    0x0E, 0xE6, 0x3E, 0x1A, 0xC0, 0xD5, 0x81, 0x4D, 0x49, 0x97, 0xEF, 0xB7, 0xE9, 0x87, 0x2D, 0x9B,
    0xE4, 0x9F, 0x1B, 0x36, 0xD1, 0x93, 0x8A, 0x4D, 0x68, 0x33, 0x36, 0x50, 0x61, 0x36, 0x80, 0x15,
    0x6C, 0xCC, 0xE0, 0x1A, 0xF3, 0x5C, 0x13, 0x74, 0xB2, 0x8F, 0x52, 0x6E, 0x6F, 0x98, 0x1B, 0xF2,
    0xB9, 0xBB, 0x24, 0xF2, 0x06, 0xDA, 0x81, 0x8C, 0x80, 0x16, 0x09, 0x86, 0xF0, 0x5D, 0xC3, 0x5C,
    0x1C, 0xF9, 0x34, 0x9A, 0x4E, 0xCD, 0x1F, 0x07, 0x35, 0x5F, 0x4E, 0x6A, 0x5A, 0xEB, 0x9A, 0xBC,
    0x52, 0x93, 0xD6, 0x6A, 0xA2, 0x56, 0x4D, 0xD8, 0xAB, 0xF1, 0x07, 0x35, 0x9E, 0x55, 0x63, 0xEC,
    0x8F, 0xD4, 0xA4, 0xBF, 0x53, 0x93, 0x7C, 0xA1, 0x26, 0x7A, 0xAA, 0x26, 0xB0, 0x6A, 0x16, 0x14,
    0x4D, 0x2F, 0x80, 0x40, 0x06, 0x4B, 0xD7, 0x30, 0xDF, 0x50, 0x70, 0xA0, 0x7F, 0x28, 0xE4, 0x1F,
    0x90, 0xB9, 0x61, 0x97, 0x19, 0x6B, 0xF0, 0x8E, 0xE0, 0x67, 0x49, 0x24, 0x48, 0x4C, 0x57, 0x13,
    0x53, 0xD2, 0xDE, 0x23, 0xD9, 0x7E, 0xA4, 0x68, 0xB9, 0xA6, 0x79, 0xF1, 0xEC, 0x93, 0x8B, 0x9E,
    0x71, 0xCD, 0x77, 0xD3, 0x8A, 0xE3, 0xE4, 0x05, 0x7D, 0x8E, 0xFC, 0x4F, 0x40, 0xD8, 0xF4, 0x87,
    0xD2, 0xF9, 0xA5, 0x9A, 0x3C, 0x28, 0x20, 0xEF, 0xCA, 0x3F, 0xB8, 0x50, 0xD9, 0x3B, 0x97, 0xC5,
    0x38, 0x48, 0x6D, 0x48, 0xEB, 0x4B, 0x51, 0x32, 0xDC, 0x10, 0xFD, 0x19, 0xD3, 0xF1, 0xE6, 0x95,
    0x3F, 0xFE, 0x84, 0x3A, 0x60, 0x47, 0xA7, 0xEB, 0xFE, 0x78, 0xF0, 0x4A, 0xDE, 0xF2, 0xC8, 0x38,
    0x71, 0x54, 0x2E, 0xE7, 0xEA, 0x8D, 0x04, 0x42, 0x0B, 0x19, 0x95, 0x9B, 0x51, 0x24, 0x79, 0xE5,
    0x7C, 0x66, 0x2D, 0xA7, 0x09, 0xFB, 0x73, 0xF2, 0xD8, 0x34, 0x85, 0xF0, 0xC9, 0xDC, 0xE4, 0x97,
    0xFE, 0x72, 0xB2, 0xB9, 0xF4, 0x42, 0x63, 0x9C, 0x68, 0x8D, 0x93, 0xB3, 0x9C, 0x32, 0x26, 0x82,
    0x84, 0xE8, 0xA4, 0x67, 0x11, 0xD1, 0x87, 0xD6, 0x66, 0x23, 0x24, 0xB3, 0x37, 0x38, 0xA4, 0x66,
    0xE5, 0x9D, 0x11, 0xEB, 0x3C, 0x32, 0xBC, 0xB0, 0x6E, 0x15, 0x2A, 0x47, 0x61, 0x75, 0x93, 0x93,
    0xE4, 0x56, 0xFC, 0x65, 0x4E, 0xBC, 0x83, 0xED, 0x77, 0x20, 0x50, 0xF2, 0x33, 0x1B, 0x4F, 0xE2,
    0xA8, 0x7B, 0x12, 0x89, 0x42, 0x43, 0x7C, 0xA1, 0x3D, 0x09, 0x74, 0xED, 0x43, 0x86, 0x50, 0xA0,
    0x8F, 0xD9, 0x2B, 0xFA, 0x58, 0x73, 0xE1, 0x79, 0x66, 0xEF, 0x51, 0xCF, 0x23, 0x40, 0xBC, 0xD0,
    0x3A, 0x88, 0xD6, 0xA7, 0xF7, 0x68, 0x17, 0x18, 0xE8, 0xCD, 0xCF, 0xC5, 0x66, 0x4F, 0xAC, 0x06,
    0xCB, 0x7A, 0x8C, 0x41, 0x00, 0xE3, 0xEF, 0xD1, 0x67, 0xDD, 0xE5, 0x50, 0xFB, 0x73, 0xB6, 0x55,
    0xAC, 0xAB, 0x6C, 0x09, 0xA3, 0x86, 0x5B, 0x76, 0xC9, 0x65, 0x5D, 0xE7, 0x9E, 0x10, 0x73, 0x73,
    0x1C, 0x87, 0xFD, 0x7F, 0xC5, 0x42, 0x0C, 0xD3, 0x0C, 0x23, 0x04, 0x30, 0x30, 0x15, 0xB0, 0xBF,
    0x38, 0x1C, 0x98, 0xAE, 0x41, 0xBA, 0x7A, 0x97, 0x6A, 0xC5, 0xBC, 0xEB, 0x80, 0x29, 0xD7, 0x20,
    0x72, 0x8B, 0x7D, 0x6F, 0x02, 0xB5, 0x3E, 0xDC, 0x07, 0xB9, 0xBB, 0xAF, 0xDC, 0xEB, 0x8A, 0x9C,
    0xF4, 0x15, 0x89, 0xB2, 0xF8, 0x94, 0x20, 0x91, 0x84, 0xCE, 0x72, 0x97, 0x19, 0x1F, 0xE4, 0x00,
    0xA7, 0x62, 0x9B, 0x05, 0x58, 0x62, 0x16, 0x00, 0x8C, 0xF9, 0xFF, 0xD8, 0x28, 0x37, 0xA9, 0x54,
    0x0C, 0x20, 0xA4, 0xB5, 0x2E, 0x96, 0x97, 0x85, 0xB2, 0xA5, 0xF4, 0xEC, 0xCE, 0xE4, 0x10, 0x73,
    0xEF, 0x14, 0xA7, 0xDE, 0x20, 0x66, 0x46, 0xE7, 0xE5, 0x81, 0x92, 0x65, 0xB8, 0x33, 0x00, 0xD8,
    0x9E, 0xAE, 0xC3, 0xA1, 0xAC, 0x54, 0x83, 0xE7, 0x4A, 0x3B, 0x1F, 0x69, 0x4C, 0x85, 0x7B, 0x4F,
    0xE0, 0x6D, 0xD1, 0x0B, 0x92, 0xD1, 0x34, 0xAA, 0x80, 0x35, 0x91, 0x5A, 0x20, 0x9A, 0x15, 0x43,
    0x68, 0x15, 0xAB, 0x91, 0x41, 0x47, 0xA0, 0xED, 0xF7, 0x2C, 0x49, 0x2E, 0x86, 0xFB, 0x2A, 0x81,
    0x8C, 0x12, 0x9A, 0xF4, 0xB9, 0x74, 0x20, 0xBD, 0xBD, 0xA0, 0xC2, 0x99, 0x66, 0x8E, 0x80, 0xE6,
    0x00, 0x89, 0xDC, 0x6D, 0xD8, 0x26, 0x78, 0x48, 0x6C, 0x0B, 0xDE, 0x60, 0x94, 0xB1, 0x6D, 0xA8,
    0xB7, 0x93, 0x52, 0x9B, 0x5E, 0xE5, 0x57, 0xC5, 0xAC, 0xC8, 0xCE, 0x55, 0xB5, 0xC8, 0x8A, 0x31,
    0xF4, 0x3C, 0x11, 0x6F, 0x93, 0x49, 0xDE, 0xD7, 0x07, 0xA0, 0x97, 0xA8, 0x0E, 0x98, 0x55, 0x99,
    0x5B, 0x91, 0x2B, 0x80, 0x66, 0xA7, 0xA1, 0xB8, 0x4D, 0x8B, 0x41, 0x85, 0x4E, 0x2C, 0x04, 0x21,
    0x94, 0x9C, 0xC7, 0xBF, 0xE9, 0x16, 0x43, 0x42, 0x89, 0x7D, 0xD2, 0x7A, 0x2A, 0xA9, 0x46, 0x9F,
    0xB5, 0x86, 0x35, 0x17, 0x13, 0xFE, 0xB1, 0x31, 0xD3, 0x29, 0xED, 0xED, 0x69, 0x65, 0x72, 0x07,
    0xDB, 0x2A, 0x97, 0x6A, 0xF8, 0xD0, 0xF8, 0xD4, 0x09, 0x18, 0xD9, 0x52, 0x37, 0xA7, 0xAA, 0x71,
    0x3B, 0x7F, 0x70, 0xA9, 0xC9, 0xFC, 0x83, 0xA5, 0x99, 0xE5, 0xED, 0x94, 0x35, 0xA4, 0x2E, 0x61,
    0x15, 0x06, 0x0E, 0xDE, 0x55, 0x27, 0x0B, 0xCF, 0x61, 0x5D, 0xE6, 0x7D, 0x2D, 0x02, 0x08, 0x92,
    0x76, 0xEE, 0xAB, 0x2F, 0x36, 0x8C, 0x3D, 0x7D, 0x56, 0x74, 0x49, 0x7B, 0x91, 0xEB, 0x4C, 0xDC,
    0xE5, 0x45, 0xCF, 0x2D, 0x0F, 0x9C, 0x4F, 0xAE, 0x58, 0x4A, 0x48, 0x33, 0xA2, 0xFF, 0x5C, 0x5E,
    0x50, 0x20, 0x5C, 0xD1, 0x01, 0xB8, 0x02, 0x69, 0xF6, 0xE0, 0x28, 0x04, 0xEE, 0x2D, 0x33, 0x48,
    0x3B, 0xB5, 0xB5, 0x4A, 0x15, 0x55, 0xA0, 0x0A, 0x27, 0x21, 0x41, 0xCB, 0xD2, 0x15, 0x45, 0x67,
    0x95, 0x90, 0xE5, 0x19, 0x45, 0x84, 0x3C, 0x9D, 0x62, 0xA9, 0xEF, 0x2B, 0x35, 0xD0, 0xF2, 0xFF,
    0xDB, 0xAD, 0xDD, 0xAD, 0x57, 0x5B, 0x59, 0x6E, 0x43, 0xCB, 0xEC, 0xEB, 0xA8, 0x72, 0x8F, 0x48,
    0x19, 0xA7, 0x28, 0xAD, 0xF7, 0x36, 0x0D, 0xB7, 0x75, 0x64, 0xB9, 0x3C, 0x6C, 0x6E, 0x71, 0x56,
    0x95, 0x4E, 0xF6, 0xE7, 0xFC, 0xBF, 0xDF, 0x14, 0xD3, 0xAA, 0xD9, 0x8D, 0x50, 0x8A, 0x73, 0x91,
    0xAD, 0x5B, 0x6B, 0x94, 0xBE, 0xBC, 0x54, 0x34, 0x40, 0x88, 0x35, 0x1E, 0xC2, 0x2D, 0xB2, 0xC0,
    0xF2, 0xF3, 0xD5, 0x71, 0x4B, 0x64, 0xE9, 0xC8, 0x5F, 0x2B, 0x8C, 0xE3, 0x3A, 0x35, 0xDF, 0xF2,
    0xE5, 0x86, 0xFD, 0xE0, 0x17, 0xF4, 0x5D, 0x0F, 0x55, 0x15, 0xBD, 0xA5, 0x0A, 0x69, 0xC2, 0xE2,
    0x2B, 0x4B, 0xA1, 0x61, 0xC5, 0xB2, 0xA8, 0xAA, 0xF0, 0xCC, 0xC9, 0x4D, 0x67, 0xAE, 0xE8, 0xAA,
    0xDA, 0x69, 0x50, 0xCF, 0x5D, 0x3D, 0xD7, 0x15, 0xAB, 0x7A, 0xB8, 0xFB, 0xDE, 0x3C, 0x8B, 0x3B,
    0x3B, 0xF9, 0x16, 0x2F, 0x37, 0xEC, 0x7B, 0x2B, 0x43, 0x48, 0xE3, 0xE2, 0x21, 0xB5, 0x94, 0x2B,
    0xC3, 0xF7, 0x43, 0x42, 0x3C, 0x55, 0x05, 0x4D, 0xD8, 0x00, 0xC8, 0xB5, 0x09, 0x4C, 0x90, 0x4F,
    0x91, 0x11, 0xCA, 0x01, 0x37, 0x22, 0x6F, 0xAF, 0x56, 0xAB, 0x07, 0x73, 0x21, 0x3D, 0x63, 0xD1,
    0x24, 0x92, 0x2A, 0x72, 0x51, 0xD8, 0x36, 0x16, 0x1A, 0x13, 0x06, 0xE2, 0xE4, 0xBC, 0x04, 0xAC,
    0xC9, 0x30, 0x45, 0xCC, 0x10, 0x15, 0xAB, 0x2A, 0xB1, 0x21, 0x1E, 0x6B, 0x52, 0x11, 0x91, 0x4B,
    0x7A, 0x7E, 0xDC, 0x61, 0x20, 0x3C, 0x2B, 0xCD, 0x05, 0x89, 0xF1, 0xC5, 0xA7, 0x70, 0x72, 0x89,
    0xFD, 0xD2, 0x56, 0xA1, 0xFD, 0x19, 0x06, 0xA4, 0x93, 0x3B, 0xA1, 0x8E, 0x48, 0x31, 0x0F, 0x5B,
    0xD9, 0xC6, 0x95, 0x24, 0x47, 0x1C, 0xFB, 0x0A, 0xB1, 0x2A, 0xB0, 0x5F, 0xD8, 0x0C, 0x11, 0x2D,
    0xA7, 0x6F, 0x4B, 0x6A, 0x1D, 0x2A, 0x90, 0xB4, 0x20, 0xE1, 0x0B, 0x88, 0xBE, 0x50, 0x17, 0x75,
    0xC6, 0x6B, 0x67, 0x48, 0xBC, 0x54, 0x43, 0x09, 0xE4, 0x6E, 0x85, 0x65, 0x63, 0x5B, 0x00, 0x21,
    0xF6, 0x81, 0x3D, 0x66, 0x2A, 0xDE, 0x43, 0x31, 0x99, 0x5F, 0x75, 0xF9, 0xBA, 0x30, 0xBB, 0x75,
    0x97, 0x73, 0xC9, 0x8B, 0xCA, 0x0B, 0x2D, 0xFE, 0x69, 0x34, 0xDD, 0x19, 0x7C, 0x46, 0xFC, 0x92,
    0x30, 0xF8, 0xF6, 0xBA, 0x54, 0x1B, 0xDB, 0xAD, 0x53, 0xA8, 0x17, 0x92, 0x58, 0x69, 0xA0, 0x25,
    0x33, 0xC7, 0x96, 0x5B, 0x67, 0x19, 0x20, 0x2C, 0xAD, 0xD2, 0x72, 0x06, 0xEB, 0xF2, 0x8F, 0x17,
    0x91, 0x9C, 0x5D, 0x52, 0x76, 0x4E, 0x1A, 0x16, 0x0E, 0xC7, 0x43, 0xC8, 0x04, 0x49, 0x1C, 0x7C,
    0x55, 0x87, 0x70, 0xBD, 0x23, 0xF7, 0xC3, 0x42, 0x18, 0xBC, 0xF2, 0x74, 0xD2, 0x11, 0x98, 0x25,
    0x95, 0x37, 0xB2, 0xFE, 0x8B, 0x25, 0x59, 0x62, 0x78, 0xDD, 0xD8, 0xF9, 0x75, 0xED, 0x39, 0x2F,
    0xE6, 0x25, 0xB5, 0xE6, 0x1D, 0x9E, 0xBA, 0xA9, 0xE0, 0xC1, 0x8A, 0x21, 0x97, 0x14, 0x2B, 0x73,
    0x87, 0x88, 0x8E, 0x95, 0x1F, 0x73, 0xD3, 0xB9, 0x2D, 0xEB, 0x7B, 0xEF, 0xFC, 0xC8, 0xA8, 0x24,
    0x6B, 0xBB, 0x4B, 0xCF, 0x5F, 0xE6, 0x26, 0x92, 0xA3, 0x7A, 0x09, 0xEB, 0x25, 0x76, 0xF5, 0x80,
    0x22, 0x69, 0x83, 0xE9, 0x8E, 0xAD, 0x25, 0x12, 0xA0, 0x98, 0x5C, 0x27, 0x46, 0xD9, 0x9A, 0xE4,
    0x04, 0x6B, 0xC8, 0x73, 0xBB, 0xC5, 0xBA, 0xB0, 0xA9, 0x7D, 0xFC, 0x9F, 0x5F, 0xAA, 0x62, 0x36,
    0x1F, 0x9D, 0x84, 0xE7, 0xAB, 0x8F, 0xB8, 0xC1, 0x96, 0x41, 0xD5, 0x56, 0x3C, 0xCD, 0x69, 0x12,
    0xE0, 0xC6, 0x36, 0x95, 0x07, 0x66, 0x24, 0xE4, 0xF9, 0x56, 0xC3, 0x2A, 0x5A, 0x15, 0x31, 0x33,
    0xF6, 0x88, 0x6B, 0x5C, 0x7D, 0x2A, 0x17, 0xBD, 0x21, 0xEA, 0x7F, 0x03, 0x25, 0x04, 0xF2, 0x7B,
    0x41, 0x3A, 0x3B, 0x11, 0xE6, 0xDB, 0xC2, 0xA5, 0x6D, 0x91, 0xAA, 0x72, 0xE1, 0x6B, 0x53, 0x25,
    0x7E, 0x70, 0xF7, 0x3A, 0x6B, 0x20, 0xF5, 0x32, 0x9D, 0x4B, 0x75, 0x82, 0x74, 0xCD, 0x45, 0xC4,
    0x82, 0x0D, 0x41, 0xFB, 0x0E, 0xA9, 0xEF, 0x2F, 0x71, 0x75, 0x90, 0x56, 0x41, 0x76, 0xAF, 0xC9,
    0xC3, 0xB3, 0x8C, 0x5B, 0x98, 0x74, 0xAB, 0xE8, 0x48, 0xA8, 0x51, 0x10, 0x23, 0xA6, 0xAF, 0x77,
    0x31, 0x6D, 0xBE, 0x31, 0x99, 0x72, 0x60, 0x7E, 0x23, 0x79, 0x4A, 0x9C, 0x92, 0xA6, 0x7F, 0x35,
    0xB9, 0x5E, 0xB6, 0x7E, 0x1F, 0xDA, 0xCE, 0xEF, 0x81, 0xDA, 0xF0, 0x8C, 0x30, 0x02, 0x80, 0xC1,
    0xEF, 0x79, 0x2E, 0xD5, 0x47, 0x14, 0xAC, 0xF2, 0x4B, 0x92, 0xE9, 0x04, 0x7F, 0xF6, 0x12, 0x15,
    0x54, 0x11, 0xFD, 0x06, 0x77, 0xD2, 0x01, 0x52, 0x32, 0x8C, 0xA4, 0x15, 0x63, 0x27, 0x03, 0x68,
    0x34, 0x80, 0x03, 0xCC, 0xBF, 0xD7, 0xAB, 0xCA, 0xFA, 0xDA, 0xD7, 0xC0, 0x9D, 0xC0, 0x78, 0x65,
    0x8D, 0xF1, 0xB0, 0x2E, 0xFB, 0x7B, 0x3B, 0x85, 0x50, 0xBD, 0x43, 0xFB, 0xD4, 0xE6, 0x4F, 0x46,
    0x1A, 0x7A, 0xDE, 0x03, 0x8D, 0x01, 0x92, 0x23, 0x78, 0x59, 0x4A, 0x1A, 0x9A, 0x5A, 0x7E, 0x7B,
    0x6D, 0xC7, 0xD4, 0xC4, 0x02, 0x07, 0xFC, 0x80, 0x95, 0x8D, 0xCE, 0xDA, 0x1F, 0xAA, 0x15, 0x3F,
    0x60, 0xC6, 0x8A, 0x13, 0x38, 0x56, 0xD6, 0x3C, 0x7B, 0x18, 0x8D, 0x4E, 0x30, 0x5F, 0x8D, 0xC0,
    0xA7, 0x37, 0xD6, 0x7E, 0x9F, 0xD1, 0xF6, 0x07, 0x18, 0x30, 0x51, 0x56, 0x0F, 0xCD, 0x82, 0x07,
    0xA1, 0x36, 0xC3, 0xDA, 0xD6, 0xEE, 0x29, 0x2D, 0x78, 0x48, 0x5B, 0x94, 0x9B, 0xD3, 0x96, 0xCB,
    0xA4, 0xE0, 0xE1, 0x4B, 0x86, 0x7E, 0x25, 0x98, 0x86, 0x50, 0xA2, 0xB3, 0x3D, 0x95, 0xED, 0x94,
    0xDF, 0x65, 0xEE, 0x08, 0x22, 0x69, 0xC1, 0x78, 0xFA, 0x25, 0xE6, 0xD9, 0xB3, 0xE7, 0xAC, 0x3D,
    0xF1, 0x44, 0x70, 0x9D, 0x51, 0xBE, 0xA0, 0xA8, 0xBA, 0x45, 0xBA, 0x4B, 0xF9, 0x66, 0x52, 0xFB,
    0xA3, 0x07, 0x08, 0x6A, 0x95, 0xD9, 0xB3, 0x44, 0x37, 0x2C, 0x5F, 0x9C, 0x65, 0xAA, 0x7A, 0x9E,
    0x12, 0xFF, 0xA4, 0x82, 0xD9, 0x7B, 0xF6, 0xEC, 0x59, 0xFF, 0x9B, 0xBE, 0x86, 0xFF, 0xE5, 0xE9,
    0xD2, 0x18, 0x5B, 0xE7, 0x6C, 0x3C, 0x4B, 0x8C, 0xB7, 0x73, 0x95, 0xCB, 0x87, 0x9E, 0x3C, 0x98,
    0x8F, 0x3B, 0x89, 0x9C, 0xEB, 0xBC, 0xB1, 0x9F, 0xD9, 0xE6, 0x50, 0xA7, 0x7D, 0x7E, 0x13, 0xF6,
    0x3E, 0xB6, 0xC2, 0x2B, 0x5E, 0xEA, 0xB0, 0x73, 0xDB, 0x6D, 0x96, 0x3A, 0x89, 0xAF, 0x92, 0xB3,
    0x93, 0x2A, 0x2D, 0x22, 0xE0, 0xBF, 0x90, 0x47, 0x41, 0x2A, 0x2C, 0x24, 0x58, 0x34, 0x15, 0xD5,
    0x63, 0xF1, 0x35, 0x60, 0xE7, 0x54, 0xC9, 0xF2, 0x3E, 0xEE, 0x9B, 0xD0, 0x93, 0xFB, 0xF0, 0x00,
    0xB9, 0xD2, 0xA1, 0xDE, 0x9D, 0xC0, 0x12, 0xA6, 0x5E, 0x28, 0xFE, 0x0D, 0x3B, 0x22, 0x41, 0x3C,
    0x9E, 0x3E, 0x7E, 0x19, 0x13, 0x59, 0x4C, 0xEF, 0x19, 0x96, 0x59, 0x46, 0xB3, 0x93, 0x1D, 0x22,
    0xE8, 0xC3, 0x4B, 0x77, 0x3A, 0x8B, 0xE9, 0xCC, 0x49, 0xC3, 0xA0, 0x11, 0xBD, 0x36, 0xED, 0xE7,
    0xFA, 0x1A, 0xD0, 0xC9, 0xC2, 0xDE, 0xA1, 0x26, 0x59, 0xFB, 0x6F, 0x84, 0x53, 0x13, 0x4B, 0x9C,
    0x3A, 0x34, 0xB9, 0x61, 0xB3, 0x13, 0x64, 0x94, 0x3F, 0xB3, 0x43, 0x7C, 0x66, 0x0E, 0x1B, 0xBC,
    0x18, 0x57, 0x78, 0x0F, 0x98, 0x67, 0xA0, 0x7F, 0xE3, 0xE1, 0x2F, 0x5C, 0xC4, 0xE9, 0x9C, 0x9F,
    0xA6, 0x22, 0x7F, 0xCF, 0x8D, 0xF8, 0x84, 0x87, 0x99, 0x9F, 0x10, 0x3D, 0xFD, 0x3B, 0xEB, 0x1F,
    0x4F, 0x2A, 0x97, 0x30, 0xA8, 0x78, 0x3A, 0x27, 0xB7, 0x6E, 0xF8, 0xA4, 0xB8, 0x41, 0x41, 0x65,
    0x39, 0xB0, 0x38, 0x01, 0x4D, 0x49, 0x53, 0x63, 0xE5, 0xA7, 0xF6, 0xF5, 0x7F, 0x07, 0xB6, 0x21,
    0x40, 0xEC, 0x17, 0x5F, 0xB5, 0x70, 0xCF, 0xDE, 0xE0, 0x7F, 0xC5, 0x72, 0x91, 0x19, 0xFC, 0xDF,
    0x77, 0x44, 0xE7, 0x63, 0xF0, 0x2F, 0x3D, 0xDB, 0x47, 0x61, 0x35, 0xC4, 0xDC, 0x9D, 0xA8, 0x52,
    0x26, 0x93, 0x46, 0x19, 0xA1, 0x9A, 0x49, 0xDF, 0x37, 0x29, 0xF3, 0x98, 0x04, 0x09, 0xD1, 0x3D,
    0x77, 0xD6, 0xAB, 0xDC, 0x21, 0x1A, 0xDD, 0xD1, 0x73, 0x38, 0xA8, 0x26, 0x41, 0xFF, 0xB6, 0x9D,
    0xB0, 0x80, 0xAF, 0xBD, 0x26, 0xB7, 0x59, 0xDA, 0xEE, 0xB1, 0x78, 0xB8, 0x50, 0xC5, 0xD1, 0xEA,
    0x90, 0xE4, 0x1F, 0x78, 0xD2, 0xC5, 0xE5, 0x44, 0xC2, 0xDE, 0xE3, 0x9A, 0xE8, 0xCF, 0x44, 0xBA,
    0xC0, 0x24, 0x64, 0x84, 0x3E, 0x2D, 0x58, 0x84, 0x0C, 0x5A, 0x1E, 0x01, 0xD6, 0x11, 0x10, 0x37,
    0x42, 0x62, 0x2B, 0x81, 0xE6, 0x12, 0x68, 0xE7, 0x04, 0xAA, 0x62, 0x60, 0xC2, 0x3C, 0x68, 0x2D,
    0xD0, 0x92, 0xE9, 0xA7, 0x93, 0x65, 0xC1, 0x3C, 0xF7, 0xB7, 0x9D, 0x52, 0x33, 0x70, 0xFB, 0x19,
    0x0B, 0x9C, 0x4F, 0x6B, 0x97, 0x85, 0x41, 0xFD, 0x36, 0xA7, 0x9F, 0x2A, 0x2C, 0x3C, 0xD2, 0xA1,
    0x8F, 0x53, 0xB6, 0x39, 0x62, 0xF3, 0x8C, 0xE7, 0x8D, 0x52, 0x20, 0x60, 0x7D, 0x50, 0x94, 0xBB,
    0xBA, 0x3D, 0x52, 0x4C, 0xDB, 0x3C, 0x84, 0xBD, 0x3D, 0xD4, 0xCB, 0xAE, 0x4E, 0xEA, 0x8E, 0xFB,
    0x6B, 0x97, 0xC4, 0x58, 0x77, 0x9C, 0xC7, 0xB4, 0x23, 0x6A, 0x91, 0x3F, 0x54, 0x8B, 0x36, 0xFF,
    0xF9, 0x4F, 0xDA, 0x39, 0x79, 0x00, 0x14, 0x3F, 0x22, 0x2C, 0xCE, 0x7B, 0x77, 0x2E, 0x7E, 0xD5,
    0xE5, 0x29, 0x8C, 0xA4, 0x2A, 0x08, 0xA5, 0x8A, 0xC3, 0xDE, 0xF0, 0x75, 0xFD, 0x39, 0x1A, 0xC6,
    0xC4, 0xC8, 0xDE, 0x51, 0x3F, 0x7C, 0xDD, 0xCF, 0x5F, 0xFD, 0x79, 0xA6, 0x71, 0xDD, 0xFF, 0xAF,
    0x3C, 0xE2, 0x7F, 0x4D, 0xCD, 0xFF, 0xEA, 0xF2, 0xFC, 0xC5, 0x43, 0xDC, 0x9E, 0xBB, 0x0C, 0x9A,
    0x16, 0x57, 0x76, 0xBB, 0xAF, 0x71, 0x46, 0xCE, 0x0E, 0xC4, 0xF7, 0x36, 0x14, 0xEA, 0x3B, 0x2E,
    0xD3, 0xF5, 0xB2, 0xC8, 0xF6, 0x70, 0x00, 0x77, 0x10, 0xE4, 0xDF, 0x31, 0xF9, 0xE4, 0xFE, 0xAB,
    0xE2, 0x7F, 0x01, 0xD5, 0x5A, 0x3D, 0x90, 0xDD, 0x56, 0x15, 0x3E, 0x92, 0xBC, 0x56, 0x88, 0x32,
    0x28, 0x45, 0x32, 0x09, 0x71, 0x88, 0x68, 0x98, 0x61, 0x48, 0x62, 0x51, 0x50, 0x50, 0x38, 0x7B,
    0x95, 0x34, 0x14, 0x14, 0xB8, 0xC8, 0x0E, 0x33, 0xA4, 0x80, 0x82, 0x86, 0x30, 0xC3, 0xA6, 0x48,
    0x91, 0xC2, 0x5E, 0x29, 0x93, 0x92, 0xC6, 0x0D, 0x43, 0x91, 0x26, 0x45, 0x1A, 0x6F, 0x66, 0x58,
    0x0A, 0x17, 0x61, 0x66, 0x6D, 0x89, 0x50, 0x50, 0x50, 0x20, 0x06, 0x32, 0x14, 0x14, 0x08, 0x12,
    0x60, 0xB0, 0x1B, 0x01, 0x02, 0x64, 0x5B, 0x4F, 0x97, 0xEF, 0x3B, 0x57, 0x7A, 0xEF, 0xED, 0x7A,
    0x43, 0x20, 0xF8, 0x67, 0xF3, 0xF6, 0xE9, 0x9C, 0x7D, 0xFA, 0xB9, 0xF7, 0xFC, 0xDC, 0xF3, 0x7B,
    0x75, 0x5A, 0xCA, 0xA2, 0x2C, 0x8C, 0x9C, 0x10, 0xF7, 0x31, 0x1F, 0xF0, 0x97, 0x4B, 0x9E, 0xF1,
    0x4F, 0xFC, 0x42, 0x24, 0xAC, 0xD6, 0x8E, 0x5A, 0xA4, 0xB4, 0x75, 0x68, 0x6D, 0x1B, 0x77, 0x41,
    0x6B, 0x2A, 0xBF, 0xCD, 0xC5, 0x6B, 0x4B, 0x8C, 0x35, 0x1E, 0x3A, 0x78, 0x2E, 0xE7, 0x1C, 0x95,
    0x7C, 0x26, 0x69, 0xFD, 0x2E, 0xC2, 0x33, 0x9E, 0xB5, 0x99, 0x9C, 0xAA, 0x0F, 0x8E, 0x19, 0xE0,
    0xF0, 0x7E, 0xF8, 0xA6, 0x48, 0x6A, 0x6D, 0x85, 0xD1, 0x6D, 0xE5, 0xD9, 0x2C, 0xAE, 0xFC, 0x41,
    0xA2, 0x2A, 0x50, 0xD0, 0x83, 0x0E, 0x00, 0xDC, 0x3A, 0xCC, 0x20, 0x5C, 0x6C, 0x65, 0x62, 0xE7,
    0x07, 0xC4, 0x5B, 0xC8, 0x34, 0xED, 0x61, 0xB0, 0x90, 0xA0, 0x96, 0x01, 0xC0, 0xEB, 0x01, 0xA2,
    0x1B, 0xBB, 0x7B, 0x35, 0x9E, 0xB0, 0xB5, 0x25, 0xB8, 0x4F, 0xC4, 0x07, 0xBB, 0x12, 0x57, 0xE9,
    0x6F, 0x6D, 0x5E, 0x80, 0xC4, 0x51, 0xFC, 0x31, 0xC4, 0x9D, 0x1D, 0x9F, 0x69, 0xE5, 0xB2, 0x03,
    0x61, 0x33, 0xFF, 0x07, 0x30, 0x88, 0x3F, 0x90, 0x2E, 0x0C, 0x20, 0xE9, 0xEF, 0x6C, 0x5E, 0xA5,
    0x72, 0x36, 0xAE, 0x74, 0xA8, 0x8D, 0xAD, 0xCC, 0xDB, 0xCA, 0x40, 0x90, 0xB1, 0x4D, 0x69, 0x8B,
    0xD4, 0xD6, 0x20, 0xDB, 0xE3, 0x03, 0x1C, 0x11, 0x04, 0xE1, 0x71, 0x08, 0x26, 0x86, 0x04, 0x4C,
    0x91, 0x80, 0xEF, 0xB4, 0x32, 0x19, 0xA6, 0xAF, 0x29, 0xA8, 0xA8, 0x55, 0xEE, 0xFE, 0x41, 0xE8,
    0xDB, 0x8E, 0x00, 0x22, 0x13, 0x4F, 0xE1, 0xF4, 0xD9, 0xDA, 0xDA, 0x3A, 0x3B, 0x9F, 0xDF, 0x2D,
    0xAF, 0xBE, 0x41, 0xF9, 0x16, 0xB2, 0x84, 0x79, 0xC5, 0x71, 0xEC, 0x62, 0x86, 0xFD, 0xB0, 0xFA,
    0xBC, 0xA9, 0x03, 0xAC, 0x9D, 0x18, 0xBE, 0x25, 0x8F, 0x5D, 0xE4, 0x60, 0x75, 0x34, 0x96, 0x75,
    0xDC, 0x84, 0x75, 0x52, 0x05, 0x75, 0x8A, 0x21, 0x48, 0x59, 0xDC, 0x52, 0xC8, 0xD0, 0x0C, 0xA4,
    0x1B, 0xDA, 0x5E, 0x92, 0x9F, 0x59, 0x48, 0xAA, 0xAC, 0x8C, 0x24, 0x50, 0x79, 0xD8, 0x1A, 0xA1,
    0xFA, 0x83, 0x36, 0xEE, 0x83, 0x36, 0xB0, 0x5F, 0xA5, 0x1E, 0x32, 0x89, 0xF5, 0x81, 0x4C, 0x95,
    0x0E, 0xA1, 0x9E, 0x00, 0x67, 0x9B, 0x7A, 0x24, 0x95, 0xF9, 0xBE, 0x2D, 0x0C, 0xC4, 0x7B, 0xCA,
    0x36, 0xA4, 0x63, 0xC7, 0xEF, 0x6D, 0x30, 0x94, 0xC1, 0xF0, 0x8C, 0x60, 0xA2, 0xC7, 0x6E, 0x88,
    0x32, 0x6D, 0xA9, 0xE4, 0xF4, 0xFA, 0xD7, 0x39, 0x04, 0xB4, 0x97, 0xD4, 0x2A, 0x36, 0x1C, 0x51,
    0x4D, 0xDA, 0x25, 0x2E, 0x62, 0x5B, 0x6C, 0x4A, 0x2A, 0xB9, 0x85, 0xD4, 0x37, 0x65, 0x08, 0xAA,
    0xB8, 0x38, 0xE7, 0x77, 0x7E, 0x15, 0x57, 0xFB, 0x94, 0x6D, 0x04, 0xD4, 0x1C, 0x40, 0xED, 0x1A,
    0x3A, 0xE7, 0xF7, 0x92, 0xC5, 0x18, 0x60, 0x0C, 0x9B, 0xC4, 0x8D, 0x62, 0x30, 0x66, 0x74, 0x5D,
    0xCE, 0xEB, 0x0C, 0x5C, 0x22, 0xA0, 0x20, 0xC2, 0xA3, 0xA0, 0x20, 0x87, 0x48, 0xD3, 0x71, 0x6F,
    0xE1, 0x28, 0x23, 0x01, 0xB2, 0x71, 0x56, 0xB8, 0x56, 0x33, 0x31, 0x50, 0xC0, 0xE6, 0xD7, 0x06,
    0x39, 0x03, 0xA2, 0x1E, 0x95, 0x41, 0x89, 0x3B, 0x69, 0x07, 0x31, 0x57, 0x07, 0x2C, 0x92, 0x41,
    0xF6, 0x79, 0x40, 0xF1, 0x39, 0x1E, 0x4F, 0x17, 0x79, 0x75, 0xF2, 0xC2, 0x67, 0xB3, 0x59, 0x87,
    0x5C, 0xB0, 0x3C, 0x5E, 0xDC, 0xDD, 0x75, 0xE7, 0x9E, 0x92, 0x46, 0xCE, 0x07, 0xAD, 0x37, 0x44,
    0x75, 0xD0, 0xA6, 0x05, 0x57, 0x83, 0x29, 0x16, 0x92, 0x83, 0x5A, 0x1E, 0xFC, 0x9F, 0xE7, 0x78,
    0x8D, 0xF7, 0xF0, 0x5E, 0x3C, 0xA3, 0x04, 0xE5, 0x58, 0x0A, 0x05, 0x41, 0xF5, 0xF9, 0xDD, 0xDD,
    0x3D, 0x6A, 0x3F, 0xFE, 0x8F, 0x60, 0x83, 0xBC, 0x50, 0x01, 0x06, 0x8B, 0x97, 0xFC, 0x42, 0xC4,
    0xB0, 0x69, 0xAF, 0x95, 0x38, 0xB1, 0xC5, 0x39, 0x79, 0x3A, 0xB2, 0xED, 0x69, 0x39, 0x13, 0x54,
    0x7D, 0x2C, 0xAF, 0x04, 0xD5, 0xDB, 0xB1, 0x5C, 0x0A, 0xAA, 0x36, 0xCA, 0x2E, 0x05, 0x58, 0x25,
    0x80, 0xD7, 0x2A, 0xC2, 0x77, 0x1A, 0xBD, 0xDA, 0xC6, 0x72, 0x26, 0xAC, 0xDE, 0x7E, 0x42, 0x4E,
    0x27, 0x9D, 0x39, 0x23, 0x31, 0xB8, 0xE9, 0x38, 0x1A, 0x44, 0x0F, 0x7B, 0xDC, 0xA6, 0xF8, 0x54,
    0xA1, 0x1E, 0xF9, 0xCC, 0x69, 0x11, 0x2D, 0xA0, 0x5C, 0xC4, 0xDA, 0xAC, 0xD2, 0xD7, 0xDB, 0x67,
    0xA4, 0xDF, 0x97, 0x7D, 0xF7, 0x3D, 0x2F, 0xBD, 0x79, 0xBD, 0x8D, 0x61, 0xFA, 0x17, 0x9D, 0x90,
    0xA2, 0xEA, 0xC8, 0x03, 0x72, 0x5B, 0x80, 0xDB, 0xF1, 0xC5, 0xBD, 0xAB, 0x17, 0x8F, 0xBC, 0x87,
    0x0E, 0x65, 0x25, 0x67, 0xBD, 0x97, 0x78, 0xE3, 0x4D, 0x38, 0x0B, 0x18, 0x66, 0xDD, 0xC5, 0x4D,
    0x0B, 0x6B, 0x86, 0x8A, 0x21, 0x8F, 0xB4, 0x80, 0x87, 0x82, 0x96, 0xC2, 0x96, 0x4B, 0xBE, 0xA4,
    0xE5, 0xB6, 0x34, 0xAD, 0x2D, 0x10, 0xDE, 0x98, 0xBD, 0xEE, 0x19, 0x7F, 0x78, 0x0A, 0x8A, 0x84,
    0x98, 0x1E, 0xC1, 0x1A, 0x2F, 0x7C, 0x5A, 0xDD, 0x40, 0x55, 0xCB, 0xF0, 0x90, 0x3F, 0x60, 0x0D,
    0xA4, 0x30, 0x8E, 0xE7, 0x27, 0x1D, 0xC2, 0xAE, 0x03, 0x2B, 0x49, 0x07, 0x17, 0x0B, 0xF5, 0xCB,
    0x83, 0x22, 0x4F, 0x76, 0xB2, 0xD7, 0x48, 0xDE, 0x0B, 0x9E, 0x4B, 0x7B, 0xD9, 0x6E, 0xB9, 0xBA,
    0xA2, 0xFF, 0x03, 0xC2, 0x26, 0xE1, 0x78, 0x0C, 0xA0, 0xFD, 0x01, 0x1C, 0x44, 0x60, 0xED, 0x7B,
    0x36, 0x03, 0x0C, 0x00, 0x5B, 0x2E, 0xCD, 0x40, 0x1D, 0xC5, 0x04, 0xBB, 0x35, 0xD8, 0xAF, 0xA0,
    0xAF, 0x67, 0xE0, 0xAA, 0xB6, 0xCE, 0xAA, 0x23, 0x89, 0xE9, 0x08, 0x53, 0xFB, 0x6B, 0x0C, 0x6C,
    0xAB, 0x81, 0x36, 0x31, 0x40, 0x74, 0x33, 0xD0, 0x9F, 0x7A, 0x21, 0x25, 0x88, 0x09, 0x7C, 0x02,
    0xC8, 0xEF, 0x76, 0x80, 0xED, 0x79, 0x3C, 0xF8, 0x99, 0x7D, 0x9A, 0x64, 0x91, 0xC3, 0x25, 0x9E,
    0xA0, 0x2E, 0xF9, 0xA5, 0x55, 0xC1, 0x0F, 0x64, 0x0F, 0xA6, 0x20, 0x82, 0x42, 0x84, 0x5C, 0xE1,
    0x4C, 0x13, 0x50, 0x37, 0xC8, 0x2B, 0x93, 0x2E, 0x8E, 0xF8, 0xA6, 0x74, 0x36, 0x95, 0x3C, 0x79,
    0x01, 0x42, 0x02, 0xD5, 0x7F, 0x2C, 0xA1, 0xEB, 0x94, 0xC6, 0x5E, 0xED, 0xC0, 0x96, 0x76, 0x60,
    0xED, 0xEE, 0x88, 0xF5, 0x9C, 0x29, 0x4C, 0x11, 0xDF, 0xB0, 0xB8, 0x17, 0x13, 0xBC, 0xB8, 0x34,
    0x54, 0x1A, 0x49, 0xC5, 0xE3, 0xB1, 0xC9, 0x52, 0x1F, 0x97, 0x37, 0xC4, 0xD0, 0x68, 0x60, 0x91,
    0x51, 0x03, 0x0F, 0xD8, 0x25, 0x15, 0x2C, 0xB2, 0x95, 0x2B, 0x10, 0x33, 0x0E, 0xFE, 0xCF, 0x73,
    0xBC, 0x96, 0x14, 0x97, 0x71, 0x6F, 0xA7, 0xC6, 0xAD, 0x9F, 0x87, 0x60, 0x08, 0x6F, 0x30, 0x1E,
    0x51, 0x3F, 0xD1, 0x42, 0x0D, 0xD2, 0x00, 0x25, 0x85, 0x3C, 0x7D, 0x9E, 0xA1, 0x58, 0xE0, 0x85,
    0xE0, 0x3C, 0x14, 0x0D, 0x8A, 0x54, 0x91, 0xE7, 0x19, 0x7D, 0x88, 0xE2, 0x6A, 0x83, 0x28, 0xCD,
    0x0C, 0x5C, 0x00, 0x7D, 0x31, 0xD1, 0x20, 0x37, 0xEB, 0xC8, 0xFE, 0xB2, 0x0F, 0xAE, 0xD5, 0xB1,
    0xFD, 0x7B, 0x1B, 0xFD, 0x1C, 0x6E, 0x21, 0xAA, 0x63, 0x7A, 0xB3, 0xB8, 0xDA, 0x24, 0x32, 0xB2,
    0x4F, 0xB4, 0x23, 0xFF, 0x78, 0xE1, 0x7D, 0x0C, 0x8C, 0x70, 0xB2, 0xE0, 0x1A, 0x20, 0x52, 0xAF,
    0x58, 0x3B, 0xDB, 0xA9, 0x49, 0x08, 0xD1, 0x86, 0x23, 0x17, 0xEB, 0xF7, 0x64, 0xA1, 0x4B, 0x06,
    0x74, 0x26, 0x40, 0x69, 0x26, 0x25, 0xD0, 0xA6, 0xC8, 0xA5, 0xDE, 0x11, 0xD8, 0xD3, 0x32, 0x88,
    0x94, 0xCE, 0xDE, 0x39, 0xE9, 0xDE, 0x39, 0x1A, 0xB8, 0x2D, 0x9A, 0x72, 0x2F, 0x3B, 0x06, 0xAE,
    0xB3, 0x17, 0x5A, 0x8B, 0xF4, 0x7E, 0x77, 0x26, 0xE8, 0x52, 0xFB, 0x5A, 0x7B, 0xC6, 0xEF, 0x8D,
    0xFD, 0x45, 0xA5, 0x8B, 0x11, 0xF3, 0x72, 0x00, 0xA3, 0xB3, 0x53, 0x00, 0x30, 0x4B, 0x8E, 0xBF,
    0xA3, 0x92, 0x82, 0x03, 0x14, 0x67, 0xB0, 0x6A, 0xB1, 0xEF, 0x9E, 0x25, 0x21, 0x86, 0xAE, 0x56,
    0x14, 0x3D, 0x34, 0x05, 0x46, 0x1C, 0xDF, 0xA6, 0xC3, 0x69, 0xF4, 0x59, 0x18, 0xAF, 0x8E, 0xFD,
    0x8C, 0xAF, 0x61, 0x5C, 0x68, 0xC6, 0x64, 0x53, 0x5D, 0x1E, 0x43, 0xE5, 0x23, 0xAD, 0x4A, 0x1C,
    0x56, 0xAD, 0x22, 0xA7, 0x69, 0x93, 0x25, 0xD8, 0xB7, 0xDF, 0x7A, 0x34, 0xA5, 0x21, 0x6C, 0x22,
    0x72, 0x37, 0xC4, 0x15, 0xB8, 0x87, 0xB9, 0x27, 0xD9, 0x66, 0x4F, 0xBF, 0x6F, 0xE4, 0x72, 0x4F,
    0x63, 0xD8, 0xF7, 0xFE, 0x8A, 0xEB, 0xCF, 0x4B, 0x1F, 0xFC, 0x52, 0x53, 0x93, 0x36, 0xFA, 0x09,
    0x31, 0xA2, 0xA8, 0x4A, 0x05, 0xD2, 0xDF, 0x62, 0xE8, 0x48, 0x75, 0x15, 0x51, 0x6E, 0x48, 0x6F,
    0x1C, 0x63, 0xBC, 0x8E, 0x95, 0xA1, 0x98, 0xC4, 0xE9, 0xEF, 0x69, 0xD5, 0x51, 0xD7, 0x0C, 0xBD,
    0x3C, 0xA2, 0x46, 0x6E, 0xF9, 0xF0, 0xFE, 0xF9, 0x80, 0xDB, 0xA2, 0xFF, 0x66, 0xA0, 0xF2, 0x11,
    0x2D, 0xA3, 0xCE, 0xFD, 0x64, 0x2A, 0xC0, 0xAC, 0x42, 0x71, 0xE5, 0x89, 0x19, 0x91, 0x71, 0x58,
    0xBA, 0xAF, 0xEB, 0xD3, 0x20, 0x5F, 0x74, 0xFE, 0x51, 0xA1, 0x0B, 0xC7, 0xA9, 0xE6, 0x4F, 0x9E,
    0xD5, 0x53, 0xF7, 0xAF, 0xA6, 0xD3, 0x80, 0xA7, 0xC4, 0x88, 0x5A, 0x1F, 0x46, 0x54, 0x31, 0x6D,
    0x2A, 0xBC, 0xAC, 0x19, 0xD6, 0x90, 0xAB, 0x5C, 0x39, 0xA5, 0xDF, 0x72, 0x52, 0x04, 0x2A, 0x7A,
    0xE2, 0x26, 0xD6, 0x45, 0x18, 0xAB, 0xE6, 0x60, 0x24, 0xD0, 0x2B, 0xBD, 0x91, 0xD1, 0x04, 0x0E,
    0x31, 0x6B, 0x70, 0x2E, 0x1A, 0x91, 0x7E, 0x77, 0xD7, 0xAA, 0x63, 0xB5, 0xBA, 0xDE, 0xF2, 0x42,
    0x97, 0x43, 0x45, 0x7E, 0x0C, 0xF2, 0xB4, 0x22, 0xB4, 0x23, 0x60, 0x64, 0x39, 0xDB, 0x27, 0x56,
    0xA4, 0x87, 0xCC, 0x12, 0xC4, 0x28, 0x55, 0x56, 0xD3, 0x9F, 0x97, 0xE5, 0xF8, 0x52, 0xEE, 0x17,
    0x2B, 0x7A, 0x72, 0x4A, 0xDB, 0x1B, 0x4B, 0x1A, 0x5C, 0xCB, 0x59, 0x82, 0xC2, 0xAF, 0x8F, 0x2D,
    0xE5, 0x3F, 0x96, 0x0B, 0x34, 0x94, 0x3F, 0x37, 0x14, 0x39, 0x97, 0x72, 0x94, 0xD9, 0xEC, 0xD0,
    0xB2, 0x3C, 0x76, 0xEB, 0xC4, 0xD9, 0x0A, 0x5D, 0x51, 0xD8, 0xD3, 0x28, 0xE8, 0x96, 0x31, 0x6F,
    0x13, 0x15, 0xC7, 0x96, 0xE6, 0x93, 0x17, 0x56, 0x34, 0x5C, 0xDE, 0x21, 0xEC, 0x92, 0x15, 0xDC,
    0xDF, 0x59, 0x5D, 0x75, 0x77, 0x1E, 0x37, 0xFA, 0x91, 0x51, 0x6C, 0x6D, 0x65, 0x1A, 0x35, 0x75,
    0x99, 0xCC, 0x38, 0xB8, 0xE9, 0x7C, 0x6F, 0xF0, 0xF7, 0x41, 0xD3, 0xB3, 0xE8, 0xBD, 0x41, 0x6B,
    0xBE, 0xF8, 0xA7, 0x4A, 0xA8, 0xA4, 0xAF, 0x39, 0x6C, 0x02, 0x87, 0xAF, 0x4C, 0x78, 0x08, 0x16,
    0x5B, 0x48, 0xAE, 0xFC, 0x3E, 0xD0, 0xBA, 0x80, 0x65, 0x86, 0xD5, 0xEC, 0xDC, 0x5D, 0x8F, 0xAF,
    0xBE, 0xA5, 0x38, 0x55, 0x6A, 0x75, 0xBA, 0xC1, 0xF9, 0x06, 0x77, 0x7D, 0x41, 0xEC, 0xD7, 0x0C,
    0x00, 0xF8, 0x36, 0x60, 0x4F, 0x71, 0x8C, 0x14, 0x75, 0xDC, 0x7D, 0xAB, 0x41, 0x3A, 0xC8, 0xBC,
    0xB9, 0x99, 0xF2, 0x67, 0x08, 0xE2, 0x3B, 0x6F, 0xB2, 0x6A, 0xC2, 0x7F, 0xF8, 0xDD, 0x7B, 0xB6,
    0x3E, 0xD5, 0x07, 0x2C, 0xA1, 0xF0, 0x00, 0x00, 0xB8, 0xEE, 0x53, 0xC8, 0xEC, 0x9B, 0xAC, 0x6C,
    0xC4, 0x81, 0x62, 0x06, 0xF9, 0xF2, 0xBF, 0xB5, 0xAB, 0x04, 0x69, 0x33, 0x6B, 0x08, 0x99, 0x8C,
    0xBC, 0x84, 0x3C, 0xCD, 0x47, 0x00, 0xBE, 0x51, 0x76, 0x2E, 0x28, 0x44, 0xEA, 0x91, 0x53, 0x59,
    0x02, 0xDE, 0x79, 0x4A, 0xA9, 0x47, 0x0E, 0x20, 0x19, 0x23, 0x93, 0x32, 0x55, 0x62, 0x9C, 0x93,
    0xCA, 0x74, 0x33, 0x3B, 0xEB, 0xD0, 0x2E, 0x27, 0xF0, 0xA7, 0x9C, 0x97, 0x0A, 0xC8, 0x58, 0xDC,
    0x56, 0x5A, 0x11, 0x04, 0x53, 0x01, 0x1D, 0x12, 0x04, 0xD5, 0xAA, 0x76, 0x3E, 0x0C, 0x28, 0x38,
    0x07, 0x28, 0xF0, 0x0F, 0xB8, 0xCF, 0x6F, 0x9C, 0x18, 0x09, 0x54, 0x80, 0x9C, 0xC8, 0x01, 0xAC,
    0x30, 0x2D, 0x30, 0xE8, 0xC2, 0x4A, 0xC6, 0x2D, 0x7A, 0xE3, 0xA4, 0x5B, 0x8F, 0x24, 0xF7, 0x8E,
    0xB4, 0x6F, 0x51, 0x40, 0xA3, 0x16, 0xC4, 0x5C, 0x93, 0xBF, 0x03, 0x7D, 0x23, 0xD6, 0x84, 0xFC,
    0x08, 0xB5, 0xDB, 0x3D, 0x26, 0x6D, 0xAA, 0x83, 0xA1, 0x63, 0xDE, 0x5E, 0x12, 0x68, 0x35, 0x7C,
    0x2F, 0xA9, 0x7A, 0x40, 0xD3, 0x2F, 0x04, 0xD5, 0x08, 0x3E, 0xBE, 0x44, 0xE9, 0x5F, 0x28, 0x31,
    0x20, 0xA5, 0xCE, 0x95, 0x8C, 0x8F, 0xF0, 0x0D, 0x17, 0xEC, 0x19, 0xE1, 0x2B, 0x01, 0x3B, 0x1E,
    0xC8, 0xF4, 0x93, 0x51, 0x4C, 0x23, 0x9F, 0x9E, 0x38, 0xBD, 0x4D, 0x83, 0x7F, 0x8E, 0xF9, 0x0B,
    0xCC, 0x22, 0xBD, 0xD6, 0x95, 0xDE, 0xE2, 0x65, 0x96, 0x64, 0xE2, 0x6D, 0x9D, 0x4D, 0x6D, 0x97,
    0x20, 0xBB, 0xB3, 0xF2, 0x11, 0xBE, 0x9E, 0xCD, 0xF0, 0x78, 0xCA, 0x66, 0x0C, 0x7C, 0xE3, 0x90,
    0x3F, 0x37, 0xE4, 0xFE, 0x70, 0x5A, 0x2E, 0xDD, 0xC6, 0x91, 0x37, 0xD4, 0x67, 0x3A, 0x67, 0xAB,
    0xAA, 0x06, 0x53, 0x5E, 0xA9, 0xCE, 0x2A, 0x54, 0x06, 0xC1, 0x54, 0xE0, 0xFC, 0xEF, 0xA0, 0xFE,
    0x97, 0xD9, 0x6D, 0xB5, 0x0E, 0x4B, 0xF6, 0xA1, 0x26, 0xF8, 0xC8, 0x02, 0xB5, 0x6B, 0x75, 0xCB,
    0x3D, 0xFA, 0x54, 0xB9, 0x1A, 0xC7, 0x7D, 0x91, 0xD7, 0x42, 0xFB, 0x58, 0x89, 0xD4, 0x7C, 0x46,
    0xF8, 0x3E, 0x15, 0xF2, 0x5D, 0xF9, 0xA6, 0xE6, 0x82, 0x7F, 0x6A, 0xDD, 0x82, 0xE2, 0x4A, 0x0D,
    0xAA, 0xB2, 0x38, 0x9C, 0x8A, 0x6E, 0xC0, 0x39, 0x3F, 0xBC, 0x85, 0xC7, 0xD8, 0xA2, 0x02, 0xED,
    0x85, 0x20, 0x0A, 0x04, 0x74, 0x6B, 0x0D, 0x50, 0xC3, 0x6C, 0x3E, 0xB0, 0xDA, 0xBA, 0x09, 0xFE,
    0x35, 0x28, 0xFA, 0xDB, 0xA8, 0xA8, 0xB5, 0x0E, 0xE5, 0x95, 0x22, 0x53, 0x2B, 0x8A, 0x5B, 0x45,
    0x51, 0xAF, 0x28, 0x18, 0x14, 0x79, 0x56, 0x91, 0xD8, 0xAF, 0x28, 0x32, 0x3F, 0x57, 0x94, 0x5E,
    0x53, 0x14, 0xDF, 0x54, 0x14, 0x5A, 0x45, 0x3E, 0x50, 0x48, 0x63, 0xAA, 0x59, 0xB9, 0xB2, 0x3A,
    0x22, 0x32, 0x74, 0x4A, 0x6F, 0x88, 0x0B, 0x08, 0x9A, 0xE8, 0xBB, 0xBE, 0x89, 0x2B, 0x85, 0xC7,
    0xB9, 0x76, 0x9F, 0x3F, 0x8C, 0x01, 0x0C, 0x02, 0x85, 0x2A, 0xA3, 0x03, 0x67, 0x75, 0x82, 0x40,
    0x82, 0x8A, 0xC9, 0x6A, 0x7E, 0x5D, 0x16, 0xB1, 0xC6, 0x3F, 0x86, 0x82, 0xB4, 0xD6, 0x2E, 0x57,
    0xA3, 0x50, 0x83, 0xEB, 0x0C, 0xF3, 0xE2, 0xF0, 0x99, 0xD5, 0x9D, 0x49, 0xCD, 0x67, 0x4D, 0xC5,
    0x71, 0xF2, 0x22, 0xEE, 0x55, 0x23, 0x23, 0x97, 0xB1, 0x67, 0xFF, 0xC2, 0x02, 0x2B, 0xD7, 0x5E,
    0xD3, 0x94, 0xC5, 0x3C, 0xEC, 0x12, 0xAD, 0x47, 0x35, 0x3B, 0x57, 0x06, 0x22, 0xCD, 0xD1, 0xCB,
    0x4E, 0xA6, 0x4E, 0x9B, 0xC8, 0x7A, 0x95, 0x70, 0x3C, 0xE9, 0x3F, 0xA9, 0x50, 0x63, 0x95, 0x68,
    0x47, 0x28, 0x58, 0x58, 0x0D, 0x66, 0xCC, 0x45, 0x62, 0x4D, 0x06, 0x8E, 0x33, 0xFD, 0xDE, 0xDB,
    0xDA, 0x06, 0xB7, 0xAF, 0x73, 0x10, 0xA5, 0x2D, 0xF6, 0xC7, 0xC3, 0xD6, 0x70, 0x4C, 0x57, 0x8E,
    0xAB, 0x29, 0xD3, 0x6C, 0x39, 0x94, 0xCB, 0x02, 0xAB, 0xE4, 0xF8, 0x53, 0xFE, 0x04, 0xB2, 0x37,
    0x53, 0x44, 0x6D, 0x82, 0x65, 0x12, 0xF6, 0x25, 0xEE, 0xA5, 0x03, 0x24, 0x29, 0x8D, 0x1A, 0x80,
    0x3F, 0x2E, 0x50, 0x3E, 0xE5, 0x59, 0x5A, 0x25, 0xB5, 0x41, 0x31, 0xFC, 0x80, 0x4B, 0x43, 0xF4,
    0xA3, 0xC9, 0x92, 0xC4, 0x05, 0xB9, 0x4B, 0x95, 0xBB, 0x2B, 0x53, 0x86, 0xB8, 0xE4, 0x2E, 0x50,
    0xEE, 0x90, 0xAB, 0x80, 0xAA, 0x38, 0x27, 0x77, 0x9B, 0x09, 0xB9, 0xDB, 0x57, 0x9A, 0x3B, 0x72,
    0x41, 0xA7, 0x64, 0x8A, 0xB0, 0x22, 0x8C, 0x0B, 0xC2, 0x54, 0xB9, 0x3B, 0xA7, 0xDC, 0xF5, 0xE4,
    0xEE, 0x9D, 0x96, 0xDC, 0xFD, 0xAA, 0x26, 0x77, 0x90, 0x20, 0xEE, 0x53, 0xF7, 0x8E, 0xC1, 0x83,
    0x99, 0x3B, 0x36, 0xF0, 0xE1, 0xA1, 0xAE, 0x91, 0xBB, 0xA8, 0x22, 0x77, 0xB1, 0x72, 0xE8, 0x4D,
    0xB4, 0x7E, 0x6E, 0x6A, 0x36, 0x39, 0xB6, 0x4B, 0xD7, 0x9E, 0x4B, 0xA6, 0x05, 0x36, 0xB9, 0xDD,
    0x68, 0xCD, 0xED, 0x6E, 0x9D, 0xA5, 0xDB, 0x35, 0x96, 0xF9, 0x30, 0x50, 0xE3, 0x73, 0xD3, 0x62,
    0xD0, 0xFC, 0xEB, 0x0E, 0x22, 0xD6, 0x00, 0x2C, 0xA1, 0x16, 0x0C, 0xE1, 0x1A, 0xC4, 0xA8, 0x65,
    0x90, 0x47, 0x4B, 0x36, 0xD7, 0x5F, 0x20, 0xBD, 0xB1, 0x6B, 0xE0, 0x1F, 0xE8, 0x96, 0x73, 0xFD,
    0x39, 0x94, 0x67, 0xCE, 0x01, 0x57, 0xAB, 0x86, 0x83, 0xE4, 0xAE, 0xEC, 0xFD, 0x92, 0x7C, 0x8C,
    0xF9, 0xF3, 0x2E, 0x38, 0x15, 0xF5, 0x4E, 0x8D, 0x4E, 0x71, 0x56, 0xB7, 0x62, 0x82, 0x3E, 0xD2,
    0x20, 0x5A, 0x49, 0xFB, 0x31, 0xD6, 0x9F, 0xE3, 0xB2, 0xD7, 0xF6, 0x5E, 0x30, 0x68, 0x39, 0x33,
    0x21, 0x69, 0xD7, 0xFA, 0xED, 0x1F, 0x3F, 0xC6, 0xBE, 0xA0, 0x0B, 0x52, 0xF5, 0x96, 0x0E, 0x1A,
    0x50, 0x35, 0xD7, 0x71, 0x89, 0xC2, 0x5A, 0x43, 0x66, 0xB5, 0xAB, 0xC7, 0x92, 0xD7, 0xD8, 0x2A,
    0xEC, 0x64, 0xAA, 0x2B, 0x5B, 0x86, 0x65, 0x36, 0xED, 0xAC, 0xF6, 0x3D, 0xF3, 0x2C, 0xD1, 0xAE,
    0x9B, 0xD1, 0x7A, 0x68, 0x47, 0xAB, 0x3F, 0xB7, 0xAB, 0xD7, 0x4F, 0x5D, 0xC6, 0x65, 0xCB, 0xAD,
    0xAC, 0x56, 0xFB, 0x76, 0xCE, 0xF6, 0x3F, 0x08, 0x6A, 0x79, 0x19, 0x6B, 0x21, 0xA8, 0x70, 0xC3,
    0x65, 0x8C, 0xEC, 0xFC, 0x69, 0x7D, 0xBD, 0x4A, 0xED, 0xC7, 0xDD, 0x62, 0x59, 0x02, 0xD8, 0x0C,
    0xE7, 0x4A, 0xE6, 0x7F, 0x69, 0x0D, 0x10, 0x37, 0x07, 0x01, 0xCF, 0x69, 0x76, 0x58, 0x16, 0xC1,
    0xB8, 0x67, 0x97, 0x8F, 0x15, 0x07, 0x36, 0x59, 0x75, 0x1B, 0xA5, 0x9D, 0x80, 0x9C, 0xD4, 0x04,
    0x51, 0xB7, 0x8E, 0xC4, 0x5E, 0xC5, 0xDC, 0xFE, 0x82, 0x51, 0xDD, 0xED, 0x4C, 0x84, 0x2D, 0x77,
    0x29, 0x00, 0x51, 0xA3, 0xBA, 0x0D, 0x95, 0xA4, 0x95, 0x32, 0x13, 0x2C, 0x07, 0xA6, 0x9D, 0xDA,
    0xE7, 0x0A, 0x5B, 0x6A, 0x2A, 0x74, 0x3D, 0x88, 0x96, 0x41, 0x21, 0x6C, 0x19, 0x0E, 0xC2, 0x36,
    0xC4, 0xC4, 0x78, 0x0A, 0xE1, 0x87, 0xCF, 0x8E, 0x84, 0x08, 0x3F, 0xA1, 0x06, 0x8C, 0x50, 0xC3,
    0x4F, 0xD8, 0x9E, 0x86, 0x82, 0xB9, 0xF1, 0xC8, 0xA0, 0x60, 0x90, 0xCE, 0xDA, 0xD6, 0x20, 0x6B,
    0xE6, 0x2E, 0x4C, 0x3B, 0xB7, 0x80, 0xF5, 0x73, 0x66, 0xD9, 0x22, 0x2C, 0xA9, 0xC4, 0xD8, 0x89,
    0x5E, 0x5B, 0x23, 0x04, 0x27, 0xD6, 0xC3, 0xB6, 0x57, 0x8E, 0xD3, 0xC6, 0x73, 0x7A, 0x03, 0xB5,
    0x6B, 0x9A, 0x81, 0x93, 0x44, 0xA0, 0xDF, 0xC4, 0x6D, 0x9D, 0xCC, 0xC0, 0x2B, 0x41, 0x5A, 0xCC,
    0xF0, 0x68, 0x6E, 0xBC, 0xD5, 0x41, 0xCF, 0x38, 0x57, 0xCA, 0x0A, 0xA0, 0xDC, 0x35, 0xEF, 0x5A,
    0x36, 0x86, 0xFF, 0x66, 0xAB, 0xC8, 0xBE, 0x8A, 0x01, 0xD7, 0xAC, 0x27, 0x9E, 0x95, 0xE9, 0x31,
    0xCA, 0xB2, 0x17, 0xE0, 0x12, 0xD3, 0x5B, 0xE9, 0xB9, 0xE3, 0x04, 0xE9, 0xBA, 0x66, 0x4F, 0x43,
    0xBB, 0x90, 0xDE, 0x22, 0xA7, 0xDC, 0xA1, 0x9B, 0xA0, 0xF0, 0xEA, 0xC3, 0x39, 0xCD, 0x9D, 0xA6,
    0xE5, 0x15, 0xB9, 0x00, 0xC5, 0xBC, 0xC3, 0x14, 0x1E, 0xAB, 0x39, 0x7A, 0x15, 0xC2, 0xF1, 0xE4,
    0x53, 0x72, 0xB7, 0xC9, 0x58, 0xF6, 0x0A, 0x83, 0x5E, 0x77, 0x9C, 0x01, 0x0E, 0x34, 0x0A, 0xEF,
    0x12, 0x19, 0xDA, 0xD5, 0xD3, 0x16, 0x9E, 0x76, 0xFF, 0xFA, 0x64, 0xEE, 0xFD, 0xED, 0x6F, 0xCE,
    0x17, 0x5C, 0xE3, 0xEF, 0x2E, 0x11, 0xE4, 0x95, 0x0B, 0xEE, 0xF8, 0x60, 0x82, 0x2F, 0xB3, 0xB6,
    0xBC, 0x51, 0xFE, 0xE2, 0x06, 0x77, 0xDD, 0x23, 0x54, 0xAE, 0x4D, 0xCA, 0xFC, 0x2D, 0x6E, 0x1F,
    0xA3, 0x9F, 0x60, 0x88, 0x63, 0xB5, 0xDA, 0xE9, 0x0E, 0x63, 0xD8, 0x71, 0x57, 0xD1, 0xB2, 0x34,
    0x56, 0x64, 0xDE, 0xD7, 0x6D, 0xC7, 0xDC, 0x79, 0x94, 0x72, 0x89, 0x46, 0xCD, 0x08, 0x30, 0x98,
    0xD7, 0x98, 0x26, 0xCF, 0xFF, 0xB8, 0x0D, 0x33, 0x5E, 0xE0, 0x99, 0x3A, 0xB4, 0x4D, 0xC0, 0x62,
    0x98, 0xD5, 0x25, 0x13, 0x21, 0x5B, 0x20, 0x81, 0xEA, 0x43, 0xFB, 0x16, 0x9B, 0x70, 0x3D, 0x52,
    0xB3, 0x1E, 0x3E, 0xB3, 0xCB, 0x27, 0x13, 0xB7, 0x6B, 0x47, 0x39, 0x25, 0x19, 0x4C, 0x39, 0xE1,
    0x96, 0x5E, 0x8E, 0xC7, 0x17, 0x86, 0x80, 0xFB, 0xB9, 0x7C, 0x35, 0x21, 0x60, 0x13, 0x98, 0xC7,
    0x48, 0xCE, 0x0A, 0xDD, 0x4D, 0x3A, 0xC1, 0x1D, 0x25, 0xEE, 0x2F, 0xBA, 0x86, 0xA3, 0x36, 0x24,
    0xE8, 0x90, 0x99, 0x64, 0xAA, 0x91, 0xB2, 0xC0, 0x4A, 0xD7, 0x52, 0x35, 0x06, 0x8A, 0x91, 0x09,
    0x5D, 0x13, 0x8E, 0x7B, 0x48, 0x11, 0x83, 0x21, 0xAD, 0xBC, 0x05, 0x1E, 0x19, 0x41, 0x8F, 0x65,
    0x19, 0xAD, 0xC7, 0xEE, 0xEE, 0x6E, 0x39, 0xD3, 0x53, 0x4C, 0xF4, 0xB4, 0xF2, 0x14, 0xE8, 0x19,
    0xB5, 0x87, 0x59, 0x72, 0xA1, 0xCF, 0x4B, 0x8F, 0xD9, 0x91, 0x06, 0xAE, 0x0A, 0xD5, 0xB8, 0xAB,
    0x92, 0x92, 0xEC, 0xA0, 0x57, 0xB8, 0x9D, 0x73, 0xFA, 0x6C, 0xF9, 0xB2, 0x27, 0x00, 0xBE, 0x47,
    0x04, 0x80, 0x2E, 0x6C, 0x0F, 0xA4, 0x27, 0x77, 0x80, 0x47, 0xA6, 0x0E, 0x4C, 0x18, 0x70, 0x34,
    0x07, 0x32, 0x86, 0xDB, 0x3F, 0xD7, 0x27, 0x55, 0x81, 0xA6, 0xD5, 0xD0, 0x05, 0x2D, 0x43, 0x92,
    0xB3, 0xEE, 0x9E, 0x1C, 0x68, 0x43, 0xA7, 0xF4, 0x65, 0x9C, 0x0F, 0xFF, 0x2E, 0x98, 0xC0, 0x18,
    0x17, 0xA9, 0x23, 0x0E, 0x0A, 0xCF, 0x1D, 0x2D, 0x58, 0x7A, 0x98, 0x35, 0xDD, 0xEC, 0xB5, 0xDC,
    0xDB, 0xDF, 0xD6, 0xC8, 0xF7, 0xE1, 0x5F, 0x6E, 0xBA, 0x16, 0x8C, 0xB0, 0x97, 0x98, 0x63, 0xA0,
    0x50, 0x30, 0x7B, 0xD5, 0x95, 0xB0, 0x7D, 0x79, 0xAD, 0x82, 0xFF, 0xC8, 0x44, 0xA6, 0x5E, 0x6F,
    0x5E, 0x1B, 0xCC, 0x73, 0xC3, 0x13, 0x6B, 0xBA, 0xBC, 0xDF, 0x72, 0x16, 0xEE, 0xA0, 0x97, 0xFF,
    0xCD, 0x37, 0x8B, 0x6D, 0x1F, 0x5B, 0x97, 0xC6, 0xA2, 0xC0, 0x7D, 0x09, 0xE9, 0xC0, 0x3F, 0x7B,
    0x7A, 0x8F, 0x7A, 0x0A, 0x5C, 0xEC, 0xB4, 0x48, 0xFA, 0x3D, 0x4C, 0xF0, 0x80, 0xEB, 0xB1, 0x2B,
    0xB8, 0xC2, 0xED, 0x07, 0xC3, 0xE4, 0x2A, 0x97, 0x08, 0xA9, 0x44, 0x96, 0x34, 0xB8, 0x1B, 0x4A,
    0x2A, 0xF9, 0x72, 0x93, 0xA9, 0x4A, 0x99, 0x81, 0x9D, 0x41, 0xC1, 0x9F, 0x59, 0x49, 0xB7, 0x60,
    0x98, 0xA8, 0x19, 0xBE, 0xED, 0x15, 0xF7, 0x6C, 0x48, 0x69, 0xBF, 0x89, 0x06, 0xEB, 0xB2, 0xB4,
    0xA8, 0xB8, 0x8F, 0x7B, 0x7C, 0x9B, 0xCC, 0x75, 0x30, 0x5B, 0x97, 0xC2, 0xCB, 0x3C, 0xE8, 0xDD,
    0xE2, 0x9B, 0xCB, 0x3A, 0xED, 0xC5, 0xFE, 0x01, 0x7E, 0x6A, 0xDB, 0xDE, 0xA4, 0x13, 0xE3, 0x1E,
    0x05, 0xDF, 0x6E, 0x81, 0xDC, 0xE3, 0xFF, 0x11, 0xC0, 0x7F, 0x36, 0xD6, 0x3E, 0x4B, 0xEF, 0xF5,
    0x9C, 0xB5, 0x2B, 0xCF, 0x30, 0x75, 0xF8, 0xE7, 0x6E, 0xBE, 0xF3, 0x0E, 0x92, 0xC8, 0x41, 0xFF,
    0xA0, 0x3B, 0x12, 0x19, 0xD7, 0x34, 0x16, 0xE1, 0xB8, 0x07, 0xB6, 0x5A, 0xC8, 0x12, 0x06, 0x6E,
    0x75, 0x65, 0x16, 0xF9, 0xCC, 0x7E, 0x75, 0x04, 0x28, 0xE0, 0xBE, 0x4C, 0x86, 0xFB, 0x4A, 0x24,
    0x6D, 0x1E, 0x3C, 0xEC, 0xF5, 0x53, 0x9A, 0x94, 0xB5, 0x93, 0x48, 0xBC, 0x55, 0x4E, 0x11, 0x66,
    0x93, 0xDF, 0x10, 0xCD, 0x01, 0xE9, 0x4E, 0x13, 0x92, 0x46, 0xDF, 0x71, 0x28, 0xA5, 0xB8, 0xD3,
    0x04, 0xD1, 0xA5, 0x38, 0x91, 0xA4, 0xEA, 0x8A, 0x53, 0x46, 0x52, 0x26, 0x70, 0x87, 0xFD, 0xCA,
    0x5D, 0xA0, 0xE5, 0xB4, 0x7C, 0x06, 0x14, 0xFC, 0xBE, 0x73, 0x17, 0x82, 0x4A, 0xB3, 0xEC, 0xFB,
    0xE5, 0x6E, 0x93, 0x31, 0xB9, 0xBD, 0xC6, 0x15, 0x4A, 0xBE, 0x56, 0x4B, 0x5D, 0x50, 0xDD, 0x6D,
    0x32, 0x18, 0xF0, 0x96, 0x6F, 0x13, 0x1C, 0xD4, 0x45, 0xE9, 0xDE, 0x8C, 0x1A, 0x5F, 0xDC, 0xDD,
    0xBD, 0xB8, 0x7A, 0xBB, 0xE0, 0xC8, 0xFB, 0xF5, 0x8D, 0x10, 0xED, 0x59, 0xA4, 0xA4, 0xF8, 0x3C,
    0x29, 0x1E, 0x66, 0x8A, 0x03, 0x52, 0x1C, 0x92, 0xE2, 0x98, 0x34, 0x9D, 0x26, 0x75, 0xE7, 0x08,
    0x90, 0xE4, 0x97, 0x7E, 0x03, 0x10, 0x54, 0xF8, 0x19, 0x67, 0xA6, 0xCA, 0xBF, 0x81, 0xBB, 0xE0,
    0xDE, 0x40, 0x71, 0x3F, 0x53, 0xCC, 0x37, 0x49, 0x5D, 0xF3, 0x29, 0x79, 0xF6, 0xEC, 0x94, 0x10,
    0x3F, 0xBE, 0xFE, 0xBE, 0x83, 0xCA, 0xCC, 0xD1, 0x12, 0xB9, 0x9E, 0x81, 0xDB, 0xEB, 0x4F, 0xDD,
    0x4B, 0x4E, 0xCE, 0x75, 0x1E, 0xDA, 0x8E, 0xDE, 0xEE, 0xB8, 0x63, 0x56, 0x76, 0xAC, 0xE7, 0x52,
    0x7D, 0x09, 0x0B, 0x79, 0x4E, 0xFC, 0x91, 0x61, 0xAF, 0x70, 0x90, 0xBC, 0x81, 0x93, 0x7B, 0x81,
    0x12, 0xB6, 0xF6, 0x37, 0x74, 0x63, 0x88, 0x3E, 0xAB, 0x37, 0x37, 0xDC, 0x67, 0xED, 0xD5, 0xAB,
    0xA4, 0x5F, 0x96, 0x79, 0xAE, 0xA4, 0x3C, 0x9A, 0xD8, 0x7B, 0x42, 0xED, 0xD3, 0xB2, 0x74, 0x60,
    0xEA, 0xD4, 0x25, 0xF9, 0x8D, 0xCB, 0xD2, 0x46, 0xED, 0xC6, 0x7C, 0x5A, 0x8E, 0xF8, 0xDC, 0x33,
    0xA9, 0x1A, 0x8D, 0x33, 0xE6, 0x55, 0x0A, 0xD1, 0x3C, 0xBB, 0x50, 0x2B, 0x7F, 0xFB, 0x58, 0x51,
    0xA8, 0x11, 0x9C, 0x09, 0xB0, 0xDB, 0x88, 0xA7, 0xCE, 0x55, 0xE5, 0xC1, 0xAD, 0x6F, 0xF0, 0x3C,
    0x69, 0xB3, 0xBD, 0x21, 0x47, 0x92, 0x3D, 0x20, 0xED, 0xDE, 0xE6, 0xB6, 0x74, 0xAC, 0x35, 0x7A,
    0xE1, 0xE9, 0x2B, 0x4D, 0x0B, 0x82, 0x92, 0x31, 0x55, 0xB9, 0x36, 0x05, 0xBB, 0x1B, 0xEF, 0x74,
    0xDC, 0x2D, 0xA7, 0x4D, 0xBE, 0xC7, 0x97, 0x45, 0x6E, 0x32, 0x8D, 0xA5, 0xD7, 0xD7, 0xA0, 0x2C,
    0x76, 0x59, 0xEE, 0x5E, 0x99, 0x63, 0xB2, 0xDF, 0xCF, 0xAF, 0x01, 0xB2, 0xEA, 0xBE, 0x9F, 0xF4,
    0xA8, 0x6B, 0x56, 0xEA, 0xF6, 0x78, 0x5E, 0x4B, 0xE6, 0x6D, 0x82, 0xF0, 0x83, 0x41, 0x8E, 0x6A,
    0xFC, 0x5F, 0x16, 0xC5, 0xB8, 0xBD, 0x66, 0x33, 0x24, 0xA7, 0x39, 0x1B, 0x1F, 0x69, 0xC3, 0x1A,
    0xBF, 0x9D, 0x41, 0x74, 0x04, 0x70, 0x57, 0x79, 0x5F, 0x5A, 0x03, 0xE0, 0xB1, 0xEB, 0x27, 0xB9,
    0x35, 0x87, 0xB4, 0x5E, 0xE3, 0x7B, 0xD8, 0x3E, 0x7F, 0xF4, 0x94, 0xE9, 0x98, 0x51, 0xC8, 0x95,
    0xE8, 0xDE, 0xCD, 0xBA, 0xFA, 0xF3, 0xE7, 0x08, 0x9E, 0x1D, 0xA8, 0xFB, 0x4B, 0xC7, 0x4F, 0xA6,
    0xFF, 0x06, 0x95, 0x53, 0xBD, 0x6E, 0x14, 0x31, 0x10, 0xFE, 0xF6, 0x7C, 0xE4, 0x04, 0x96, 0x70,
    0x0A, 0x4E, 0xE2, 0x4F, 0x72, 0x8F, 0xA2, 0xEC, 0x0B, 0x24, 0x67, 0x53, 0xD3, 0xA4, 0xC8, 0x55,
    0xBC, 0x41, 0x1A, 0x5E, 0x20, 0x97, 0x35, 0x4A, 0x41, 0xCB, 0x23, 0xA4, 0xA0, 0xBA, 0x2A, 0x65,
    0x84, 0x72, 0x77, 0x16, 0x14, 0x14, 0x34, 0x2B, 0x9E, 0x60, 0x91, 0x22, 0x0A, 0x1A, 0x5C, 0x6C,
    0xB1, 0x48, 0x9B, 0x98, 0x19, 0xEF, 0xDD, 0x11, 0x29, 0x41, 0x28, 0x9E, 0xB1, 0x77, 0x3C, 0xF3,
    0x8D, 0xC7, 0x9E, 0x99, 0x05, 0x10, 0x63, 0x20, 0x3E, 0x98, 0x9E, 0x0C, 0xC7, 0xE3, 0xB1, 0x8D,
    0x31, 0xED, 0x69, 0xA1, 0xDD, 0x78, 0x0F, 0x3C, 0x78, 0xDB, 0x2D, 0x07, 0xD3, 0xE9, 0x14, 0x0B,
    0x16, 0xA3, 0x8B, 0xDD, 0xA7, 0xDB, 0xD9, 0x5B, 0x95, 0x86, 0x96, 0x2A, 0x2D, 0x2F, 0xC8, 0xF1,
    0x3D, 0xD6, 0xE3, 0x86, 0x41, 0x58, 0x65, 0x73, 0xEC, 0x62, 0x02, 0x8A, 0x84, 0x05, 0x1E, 0xE3,
    0x3E, 0x8C, 0x35, 0xDE, 0xB8, 0x9C, 0xF4, 0x23, 0x1C, 0xE2, 0x94, 0xDC, 0x48, 0xE7, 0x48, 0xE7,
    0xB5, 0xD3, 0xA4, 0xDB, 0x49, 0x3A, 0xE0, 0x28, 0xF9, 0xCC, 0xC9, 0x7B, 0x04, 0x85, 0x81, 0xCB,
    0x90, 0x61, 0x53, 0xBA, 0xA0, 0x7A, 0xD5, 0x48, 0xF8, 0x5D, 0xE5, 0xE7, 0xCA, 0x47, 0x5D, 0x46,
    0x5D, 0x1D, 0x49, 0xCF, 0xA7, 0x64, 0xCE, 0xBC, 0x0B, 0xE6, 0x6B, 0x6D, 0xBE, 0x04, 0x7D, 0x1C,
    0xB4, 0x60, 0xD8, 0x8E, 0xB2, 0xA7, 0x0F, 0xF1, 0x5F, 0x6B, 0x1A, 0x83, 0xEA, 0xDA, 0x2C, 0xD3,
    0xA4, 0xB7, 0xB4, 0x3C, 0x9F, 0xC6, 0xF8, 0x61, 0x8D, 0x7B, 0x40, 0xF7, 0x53, 0x01, 0x90, 0xB7,
    0xCD, 0xEA, 0xDF, 0x53, 0x78, 0xDC, 0x25, 0xD6, 0x3D, 0x60, 0x4F, 0x52, 0xC1, 0x06, 0x94, 0x4E,
    0x6C, 0x9C, 0x74, 0x7E, 0xFD, 0xCD, 0x3B, 0xC5, 0xEA, 0x5D, 0x20, 0x8F, 0x28, 0xB8, 0x72, 0x3E,
    0x26, 0x5E, 0x44, 0x67, 0x22, 0x64, 0x83, 0x1C, 0x59, 0x5D, 0x38, 0xD1, 0x16, 0x5E, 0xB4, 0xC6,
    0x8A, 0xA6, 0x4F, 0xF0, 0x3C, 0x51, 0xE1, 0x0A, 0x2A, 0x46, 0x91, 0x88, 0x8A, 0x45, 0xD4, 0x07,
    0x13, 0x9E, 0x00, 0x59, 0xE0, 0x63, 0x45, 0x0C, 0x10, 0x49, 0x52, 0x3F, 0x5B, 0xA8, 0x14, 0x2B,
    0xA7, 0x82, 0xE5, 0x8E, 0xA5, 0x11, 0x0C, 0x51, 0x27, 0xE5, 0x68, 0x93, 0x34, 0x41, 0x9E, 0x35,
    0x2B, 0xA9, 0x73, 0x65, 0x5C, 0xE7, 0x4A, 0xE8, 0x89, 0x4E, 0xAE, 0x50, 0x3F, 0x5A, 0xB3, 0xCC,
    0x50, 0x0C, 0xED, 0x32, 0x59, 0x07, 0x2F, 0x9B, 0x67, 0x17, 0xE8, 0x7D, 0xE4, 0xC8, 0x61, 0x11,
    0xA1, 0x23, 0x65, 0x4C, 0x7E, 0xFB, 0xFD, 0xC6, 0x17, 0xAF, 0xE9, 0x28, 0x7D, 0x5C, 0xC9, 0xB2,
    0x05, 0x1D, 0x6F, 0xA4, 0x17, 0x55, 0xC3, 0x21, 0x67, 0x24, 0x7D, 0xAF, 0x49, 0xCA, 0x9A, 0x95,
    0x24, 0xC2, 0x4A, 0x92, 0xE5, 0x80, 0xA8, 0x21, 0x0F, 0xE5, 0x44, 0x50, 0xBE, 0xED, 0x05, 0xBA,
    0x42, 0x76, 0xB5, 0xB0, 0xE6, 0x57, 0x85, 0x19, 0x50, 0x5C, 0x42, 0x45, 0x87, 0x7D, 0x2A, 0x82,
    0x05, 0x7D, 0xA4, 0x57, 0xD4, 0x9C, 0xB9, 0x35, 0x74, 0xE7, 0x5D, 0x6A, 0xDA, 0x33, 0xC8, 0x4F,
    0xB5, 0xFA, 0xCC, 0x8D, 0x94, 0xBF, 0x2A, 0x29, 0xEA, 0x48, 0x51, 0x43, 0xDA, 0x43, 0x8D, 0xB3,
    0x6D, 0xBE, 0xF0, 0x16, 0x26, 0x59, 0x4B, 0x27, 0x97, 0xC6, 0x15, 0x28, 0xA8, 0xBB, 0x55, 0x29,
    0x42, 0xD6, 0xD2, 0xDB, 0xB7, 0xD8, 0xFC, 0x9C, 0xA2, 0x69, 0x27, 0x2B, 0x51, 0x93, 0x6E, 0x8E,
    0x39, 0x61, 0x6B, 0x59, 0x69, 0x67, 0x92, 0x79, 0x88, 0xFD, 0xC2, 0x5E, 0x31, 0xE3, 0xCA, 0xE0,
    0xF2, 0x06, 0xB7, 0xD7, 0xF8, 0x9C, 0x78, 0xC8, 0xF7, 0x5C, 0x8E, 0x6D, 0x9C, 0x2F, 0xDE, 0x46,
    0x62, 0x42, 0xF6, 0xB1, 0xC9, 0xAA, 0x82, 0x8A, 0x4E, 0x6D, 0xC5, 0x89, 0xDE, 0xE0, 0x1C, 0x2B,
    0x97, 0x12, 0x9E, 0x7E, 0x30, 0x1A, 0x9C, 0xE3, 0x5E, 0xCD, 0x99, 0xAD, 0xD8, 0xC8, 0x30, 0xBD,
    0x46, 0xCC, 0x56, 0x88, 0x54, 0xB1, 0xC1, 0x1A, 0x91, 0xDB, 0x15, 0x82, 0x8D, 0xA9, 0xB0, 0x09,
    0x21, 0xCB, 0x15, 0xE2, 0x6F, 0x80, 0x47, 0xBC, 0xFC, 0x01, 0xA5, 0x56, 0xBD, 0x6E, 0xE4, 0x54,
    0x14, 0x3E, 0xB6, 0xB5, 0x33, 0x28, 0x23, 0x61, 0x8A, 0x8D, 0xB2, 0xCA, 0x0A, 0xB9, 0xA1, 0x58,
    0xC1, 0x4A, 0x6E, 0x29, 0xB2, 0xD8, 0x8F, 0x30, 0x45, 0x4C, 0x01, 0x2D, 0x55, 0x9A, 0xB4, 0x20,
    0xC1, 0xDA, 0xE2, 0x09, 0xF2, 0x08, 0x5B, 0xA4, 0x80, 0x49, 0x91, 0x7D, 0x80, 0x25, 0xB6, 0x78,
    0x01, 0xE6, 0x0D, 0x70, 0xB1, 0x0D, 0x69, 0xF6, 0x02, 0x03, 0x72, 0xC2, 0xB5, 0x2F, 0xDF, 0x77,
    0xEE, 0x78, 0x92, 0xD9, 0x0D, 0x5A, 0x10, 0x2E, 0xBE, 0x73, 0x7D, 0x7F, 0xCE, 0x3D, 0xFF, 0xE7,
    0x8A, 0xEC, 0x3C, 0x10, 0x91, 0x77, 0x1F, 0x03, 0xDE, 0x3F, 0x00, 0x3C, 0x26, 0x1C, 0x7C, 0x2C,
    0x32, 0xB3, 0x4F, 0x73, 0x29, 0xBB, 0x7A, 0x15, 0xBA, 0xB6, 0xEC, 0x66, 0xBD, 0x84, 0x5D, 0x62,
    0x24, 0xE8, 0xB2, 0x46, 0x64, 0x95, 0x55, 0x80, 0x3A, 0xC7, 0x56, 0x27, 0x6F, 0x85, 0x1A, 0x9B,
    0x85, 0xC7, 0x24, 0x33, 0x22, 0xEF, 0xC5, 0x9D, 0x88, 0x99, 0x3A, 0x49, 0x6C, 0xE0, 0x62, 0xD7,
    0x4A, 0x19, 0x63, 0x57, 0x9C, 0xB4, 0x77, 0x4A, 0x21, 0x8F, 0x3E, 0x10, 0xD9, 0x2D, 0x8A, 0x42,
    0x1C, 0xBE, 0x4A, 0x61, 0xBA, 0x92, 0xA4, 0x8A, 0x56, 0x12, 0x6F, 0x20, 0x10, 0x80, 0xDC, 0x86,
    0xEB, 0xC5, 0x33, 0x89, 0x9C, 0x33, 0x84, 0xF6, 0xF5, 0x55, 0xE7, 0xBA, 0x35, 0xBC, 0xB6, 0x30,
    0xEB, 0x74, 0xB5, 0x25, 0x18, 0x8A, 0x7E, 0x7E, 0x0A, 0xD1, 0x38, 0x91, 0x11, 0x70, 0x75, 0x2B,
    0x83, 0x44, 0xCB, 0xC0, 0x02, 0x42, 0x2B, 0x41, 0x05, 0x10, 0x09, 0x08, 0xD8, 0xD1, 0x48, 0x49,
    0xB8, 0xF9, 0xF4, 0x57, 0x17, 0xA4, 0x56, 0x4B, 0xDC, 0x82, 0xC0, 0xC8, 0x85, 0x84, 0x46, 0xC0,
    0xCA, 0x4C, 0x86, 0xC5, 0x99, 0xC1, 0x66, 0xE7, 0x21, 0x28, 0x44, 0xEE, 0x15, 0x79, 0xAA, 0x0C,
    0x9B, 0xD4, 0x2D, 0xC1, 0xA3, 0x12, 0x48, 0x14, 0x52, 0xEE, 0x4E, 0x42, 0xC8, 0xEA, 0xAC, 0x12,
    0xEB, 0x3C, 0xA9, 0x73, 0x25, 0x59, 0x03, 0x72, 0x34, 0xD4, 0xD7, 0x67, 0xC3, 0xB3, 0x9A, 0xC6,
    0xF2, 0x6A, 0xDC, 0x7C, 0xEB, 0xC9, 0x71, 0xCD, 0x4A, 0xFA, 0x23, 0xCF, 0x49, 0xFC, 0x9B, 0x92,
    0xE9, 0x9F, 0x4A, 0xA2, 0x41, 0x49, 0xE0, 0x94, 0x48, 0x0D, 0x0B, 0xF7, 0xD0, 0x70, 0x25, 0x29,
    0xCE, 0xA4, 0x9E, 0xC4, 0x2B, 0xC8, 0x58, 0x78, 0x96, 0x9D, 0xAA, 0x0A, 0x37, 0x46, 0x76, 0x02,
    0xA1, 0x23, 0xB0, 0x6D, 0x89, 0xB1, 0x59, 0xA3, 0xDE, 0xD7, 0x78, 0xDC, 0xCC, 0x27, 0xBA, 0x07,
    0x81, 0x11, 0xF5, 0x9F, 0xBA, 0x9C, 0x9E, 0xC2, 0x25, 0xEA, 0x2F, 0xCC, 0x1C, 0xD2, 0x27, 0xB4,
    0xEB, 0x3F, 0xE2, 0xB4, 0xF7, 0x0A, 0x19, 0x45, 0xBA, 0x0F, 0x36, 0x93, 0xFB, 0x22, 0xC5, 0xBC,
    0x74, 0xF4, 0x53, 0xEC, 0x56, 0xA5, 0x5B, 0x06, 0x0E, 0x03, 0x83, 0x23, 0x21, 0xE4, 0x2B, 0x05,
    0x0E, 0x8B, 0x70, 0xD9, 0x05, 0x9D, 0x16, 0xC1, 0xAA, 0x60, 0x35, 0xC8, 0x0C, 0x42, 0x5B, 0x46,
    0x6B, 0xFC, 0x73, 0x13, 0x74, 0xF4, 0x4E, 0xFC, 0x53, 0x0B, 0x4B, 0xEE, 0xBB, 0xCB, 0xFA, 0x15,
    0x6C, 0x59, 0x25, 0xCE, 0x7F, 0x8D, 0xBC, 0xF1, 0x6D, 0x96, 0x6E, 0xF6, 0xCC, 0x4C, 0x27, 0x43,
    0x82, 0xEC, 0x98, 0xFE, 0xBA, 0x92, 0x3A, 0xA5, 0xC4, 0xBF, 0x1B, 0x29, 0x33, 0x0E, 0xFE, 0x32,
    0x92, 0x5D, 0x60, 0x10, 0x32, 0xA8, 0x34, 0x78, 0x70, 0x20, 0x55, 0x85, 0x30, 0x60, 0x6E, 0x60,
    0x50, 0xD1, 0xBA, 0x54, 0x2B, 0x07, 0xAF, 0xED, 0xEB, 0x9E, 0xDE, 0x8E, 0xA3, 0x9D, 0x85, 0x3B,
    0x65, 0x7C, 0xD2, 0x15, 0x6E, 0x7E, 0x6B, 0xE1, 0x21, 0x9D, 0x41, 0x8F, 0x44, 0xEE, 0xCC, 0x91,
    0x59, 0x2D, 0xE9, 0x12, 0x00, 0x63, 0x03, 0x2A, 0x40, 0x29, 0x23, 0xD4, 0x9B, 0x51, 0x99, 0x8F,
    0xAB, 0xBA, 0x2F, 0x35, 0xB4, 0x5D, 0x9F, 0xB8, 0x7C, 0xEA, 0x1C, 0x9C, 0xEF, 0x3A, 0xC0, 0xBD,
    0x7C, 0x2D, 0x48, 0x0A, 0xF6, 0xAB, 0x8C, 0xB0, 0x9E, 0xF8, 0xE8, 0x17, 0xF5, 0xDE, 0x4B, 0x5A,
    0xC4, 0x4A, 0xD9, 0x4E, 0x2C, 0xD3, 0xDF, 0x86, 0x70, 0xD3, 0x0B, 0x7A, 0xEC, 0xEB, 0x29, 0x95,
    0x53, 0x7D, 0xCE, 0xAF, 0x17, 0xA7, 0x14, 0xAF, 0x13, 0x64, 0xF6, 0xDC, 0x1F, 0xD7, 0x5F, 0x05,
    0xDD, 0x32, 0xD3, 0xA4, 0xEC, 0x46, 0x6F, 0x43, 0x12, 0x79, 0x04, 0x0B, 0xC1, 0x7D, 0xD9, 0x50,
    0x5B, 0x2A, 0xBD, 0x84, 0x0D, 0x19, 0x02, 0x90, 0x28, 0x28, 0xE6, 0xF0, 0x7D, 0xE6, 0x4C, 0xE6,
    0x96, 0x99, 0x6B, 0x33, 0xDD, 0x87, 0xC3, 0xF0, 0x31, 0x98, 0x01, 0xE3, 0x86, 0x08, 0xD5, 0x80,
    0xA5, 0x26, 0x6C, 0x4F, 0x64, 0xF6, 0x86, 0xFD, 0xD4, 0x68, 0xF6, 0xC2, 0x73, 0x1E, 0xC3, 0x9E,
    0x75, 0x20, 0xB0, 0xBC, 0x38, 0x50, 0x25, 0x78, 0x4A, 0xCF, 0xA6, 0xCA, 0x27, 0x56, 0x9E, 0x53,
    0xE5, 0x0F, 0xF5, 0xC2, 0x01, 0xE2, 0xF1, 0xF6, 0x18, 0x16, 0x22, 0xDA, 0x82, 0x6A, 0x69, 0x86,
    0x29, 0x80, 0x53, 0x68, 0xBA, 0xD0, 0x06, 0x66, 0x85, 0x1B, 0xCD, 0x73, 0xC0, 0x73, 0xD1, 0xCA,
    0x11, 0xDA, 0x77, 0x00, 0x83, 0xA5, 0xE5, 0x5E, 0x8A, 0x1C, 0x5F, 0x61, 0x30, 0xC8, 0x03, 0x89,
    0xAA, 0x09, 0x2F, 0xAF, 0x91, 0x0A, 0xC7, 0xBA, 0x48, 0x41, 0xBF, 0xF5, 0x27, 0xB6, 0x40, 0x93,
    0x40, 0x73, 0x80, 0xE9, 0x7C, 0x57, 0x42, 0x06, 0x3E, 0x21, 0xB3, 0xA5, 0xEC, 0xF5, 0xC5, 0xF1,
    0x1F, 0x3A, 0xEF, 0x72, 0x96, 0xD4, 0x62, 0xED, 0xB8, 0xA3, 0x05, 0xBE, 0xDC, 0xCF, 0xFB, 0x9D,
    0x40, 0xC4, 0x60, 0x34, 0xD4, 0x4E, 0x5D, 0xCA, 0x42, 0xE9, 0x86, 0xFC, 0xBF, 0x25, 0xA4, 0x8F,
    0xDB, 0x1D, 0x9F, 0x23, 0x6F, 0x60, 0x7D, 0xEA, 0x53, 0x47, 0x4B, 0xAD, 0x63, 0x2A, 0x9E, 0x3C,
    0x84, 0xB3, 0x2C, 0xEB, 0x0D, 0xDA, 0x8C, 0x68, 0x5D, 0x90, 0x17, 0x8A, 0x5F, 0x88, 0x76, 0x1A,
    0x1F, 0xDC, 0xBE, 0xA5, 0xDC, 0xE0, 0xEE, 0x67, 0x27, 0x8E, 0xEE, 0x6B, 0x1D, 0x43, 0x72, 0xC9,
    0x3D, 0x56, 0xF7, 0x7B, 0x0E, 0xAA, 0xCE, 0x86, 0x67, 0xDC, 0xFB, 0xB4, 0xBF, 0xAC, 0xED, 0x68,
    0xA6, 0x19, 0x94, 0x66, 0x34, 0xE7, 0x77, 0xCB, 0xA9, 0xF2, 0xEF, 0x5F, 0xE9, 0x3E, 0xE3, 0x23,
    0x3B, 0x59, 0x4E, 0x51, 0x5B, 0x2A, 0x56, 0x0B, 0x34, 0x48, 0x89, 0x59, 0x55, 0x84, 0x55, 0x44,
    0x5D, 0x72, 0xB4, 0x38, 0x1F, 0x4E, 0x58, 0xE8, 0xDA, 0xAD, 0x36, 0xE0, 0x5A, 0x9D, 0x63, 0xA8,
    0x49, 0xBC, 0x24, 0x7B, 0x96, 0x12, 0x84, 0x53, 0x9C, 0x2B, 0x40, 0xBE, 0x24, 0x8F, 0x87, 0xA2,
    0xCE, 0x23, 0xBA, 0x01, 0xC2, 0xE1, 0xCE, 0x40, 0x3D, 0xB4, 0xAF, 0xD9, 0xB6, 0x0D, 0x2C, 0x25,
    0x33, 0xBA, 0x04, 0xAC, 0xD1, 0xA0, 0x2F, 0x6B, 0xDF, 0xA0, 0x11, 0x98, 0xB2, 0x6E, 0xD0, 0xCD,
    0xFF, 0x6E, 0xD0, 0x79, 0x62, 0x43, 0xD5, 0xA3, 0x64, 0x20, 0x4D, 0x54, 0xA1, 0xF4, 0x0E, 0x59,
    0xF6, 0x7D, 0x83, 0x3E, 0x64, 0xF2, 0xF4, 0x1F, 0x22, 0x94, 0xBE, 0x53, 0xA5, 0x75, 0xA4, 0x73,
    0x0A, 0x9F, 0xE0, 0xAA, 0x1F, 0x9E, 0x00, 0xBE, 0x39, 0x00, 0x3C, 0x41, 0x2E, 0x23, 0x9F, 0xFF,
    0x8D, 0x70, 0xDB, 0x10, 0xD0, 0x5B, 0x19, 0xD3, 0x81, 0xC0, 0x7B, 0x35, 0x70, 0x1B, 0xDE, 0x96,
    0x6F, 0xA2, 0xB9, 0x2A, 0x7D, 0xAD, 0xD6, 0x8A, 0xA3, 0x9D, 0xDD, 0x1B, 0x9E, 0x80, 0x3A, 0x08,
    0x2E, 0x15, 0xB4, 0xEA, 0xE9, 0x99, 0x76, 0x6C, 0xFB, 0xA1, 0xDD, 0x5C, 0x54, 0xE6, 0xA3, 0x3D,
    0xE2, 0x76, 0x3C, 0xA6, 0x21, 0x1E, 0xBA, 0xCA, 0xD7, 0xE9, 0xC3, 0xD1, 0xE3, 0x23, 0xA0, 0xED,
    0x0C, 0xEC, 0xCE, 0x43, 0xC9, 0x88, 0xEE, 0x75, 0xEB, 0x7D, 0xC9, 0xDA, 0x49, 0x27, 0x5F, 0x09,
    0xD3, 0x38, 0xE9, 0x68, 0x43, 0x0A, 0x8F, 0x6A, 0x31, 0xFF, 0x72, 0x60, 0x79, 0x1A, 0x61, 0x05,
    0x80, 0x80, 0x03, 0x6F, 0x1A, 0x10, 0x5F, 0x80, 0xB2, 0x01, 0x3F, 0x07, 0x41, 0xA1, 0x65, 0xEA,
    0x1F, 0x20, 0xFD, 0x76, 0xDB, 0x79, 0x0B, 0x3D, 0x3E, 0x51, 0x32, 0x73, 0x3E, 0x53, 0x32, 0xD6,
    0x4B, 0xCA, 0xFE, 0xEA, 0x58, 0x0B, 0x6B, 0x9F, 0xA8, 0x42, 0x33, 0x93, 0xA8, 0xCA, 0x49, 0x9B,
    0xA8, 0xD6, 0x59, 0x93, 0xA8, 0xE2, 0x59, 0x9E, 0x50, 0x0E, 0xA4, 0x5C, 0xA2, 0x36, 0x80, 0x54,
    0x5A, 0x96, 0x7B, 0x50, 0x48, 0x0A, 0x5B, 0x25, 0x94, 0x3D, 0x1A, 0x69, 0x47, 0x6A, 0x3D, 0xC5,
    0x22, 0x5F, 0x68, 0x4A, 0x11, 0xD5, 0xEB, 0x22, 0x9C, 0xF0, 0x09, 0xE1, 0x9B, 0x59, 0xEF, 0x2D,
    0x0A, 0xA6, 0xBE, 0x48, 0x20, 0x77, 0xD7, 0x74, 0x97, 0x35, 0x49, 0x5B, 0x4A, 0xAD, 0xCD, 0xAB,
    0x9B, 0x38, 0x3E, 0xEF, 0xB2, 0x06, 0x90, 0xB4, 0x7C, 0xED, 0x99, 0x0D, 0xB4, 0x23, 0xA4, 0x5C,
    0xAD, 0xAB, 0xBD, 0xAB, 0xCF, 0x07, 0x7F, 0xF6, 0x68, 0xF1, 0xFD, 0x4D, 0x65, 0xF3, 0x6D, 0x50,
    0xF6, 0xAE, 0x8A, 0xDB, 0x0F, 0xBD, 0xE9, 0x95, 0xAC, 0xDF, 0x78, 0x0A, 0x7F, 0x03, 0xAD, 0x53,
    0x4B, 0x4E, 0xC3, 0x30, 0x14, 0x74, 0x12, 0x50, 0x90, 0x52, 0xF1, 0x4E, 0x00, 0xD9, 0xB2, 0x41,
    0xB9, 0x00, 0x92, 0x7D, 0x83, 0x1E, 0x29, 0x39, 0x19, 0x31, 0x74, 0xC1, 0x82, 0x05, 0xB9, 0x41,
    0x73, 0x83, 0x66, 0x91, 0x45, 0x17, 0x4D, 0xCC, 0x7B, 0xF3, 0x5C, 0x35, 0x7C, 0x24, 0x04, 0xC5,
    0x8B, 0x91, 0xFF, 0x6F, 0x66, 0x3C, 0x36, 0x46, 0xDB, 0x1D, 0xF0, 0x51, 0x20, 0x3D, 0x08, 0x16,
    0x83, 0x60, 0xE5, 0x05, 0x6B, 0x81, 0x04, 0xD3, 0xF9, 0x28, 0x58, 0x76, 0x98, 0x0E, 0xDC, 0xE6,
    0x56, 0x30, 0x28, 0xEA, 0x76, 0x3D, 0x9A, 0x61, 0xBF, 0x09, 0x40, 0x8B, 0x05, 0xD2, 0x85, 0x3D,
    0xA6, 0x66, 0xE0, 0x83, 0x39, 0xB5, 0x04, 0x48, 0xB8, 0xDB, 0xA2, 0x4E, 0x98, 0x64, 0x7F, 0x08,
    0x0D, 0x4F, 0xEF, 0x76, 0x3D, 0x97, 0x5C, 0xBF, 0xEC, 0x4D, 0x32, 0x91, 0x9F, 0x99, 0x09, 0x79,
    0xDB, 0x94, 0x9E, 0x3C, 0xF5, 0xD6, 0x90, 0xCF, 0x86, 0x15, 0xA3, 0xE1, 0xD3, 0xA4, 0xC5, 0xCE,
    0xC6, 0xD8, 0x56, 0xAA, 0xC0, 0x9C, 0xFC, 0xF8, 0x51, 0xE0, 0x57, 0x67, 0x3E, 0x1B, 0x5B, 0x2E,
    0x8C, 0x9D, 0x70, 0x68, 0x5C, 0x88, 0x77, 0x82, 0xF7, 0xB8, 0xF8, 0x42, 0xE0, 0xD2, 0xFD, 0x8F,
    0x22, 0xC1, 0x5B, 0xC1, 0xDE, 0x36, 0xEC, 0xD8, 0x48, 0x3D, 0xBB, 0xD7, 0x65, 0x07, 0xF2, 0xB5,
    0x33, 0x81, 0x9E, 0x98, 0x89, 0x7D, 0x7B, 0x61, 0x26, 0x14, 0x76, 0x1D, 0x9C, 0x97, 0x53, 0x2D,
    0x78, 0x57, 0xE0, 0x5D, 0x2C, 0x9D, 0x41, 0x6C, 0x32, 0x17, 0x93, 0x03, 0xEE, 0xA2, 0x11, 0x19,
    0x11, 0x99, 0x50, 0x06, 0xCB, 0xDA, 0xA3, 0x58, 0x1E, 0x25, 0x47, 0x1B, 0x34, 0x4B, 0x7C, 0x42,
    0xE3, 0xC4, 0x4E, 0xC2, 0x37, 0x6E, 0xBE, 0x8D, 0x9D, 0xEE, 0xD8, 0xF1, 0xEA, 0xBC, 0xA9, 0x9D,
    0xFA, 0x67, 0xA6, 0xE8, 0xBF, 0xF8, 0x06, 0x96, 0xD4, 0xC7, 0x57, 0xB0, 0x4D, 0x7C, 0x88, 0x39,
    0x86, 0x4D, 0x03, 0xC7, 0xA3, 0xA2, 0x8F, 0x91, 0xCB, 0x3F, 0xAA, 0x50, 0x51, 0x2A, 0x10, 0x62,
    0x55, 0x38, 0x71, 0x59, 0x31, 0xE4, 0x55, 0x4A, 0xD0, 0x33, 0x57, 0xDC, 0x93, 0x6F, 0x9D, 0x98,
    0x56, 0x76, 0x62, 0x60, 0x3E, 0xDE, 0xB0, 0x99, 0x49, 0x7F, 0xCE, 0x73, 0x5C, 0x09, 0xBA, 0x8A,
    0x31, 0x1D, 0x2A, 0x0E, 0x73, 0x31, 0x14, 0x03, 0xB1, 0xDA, 0x94, 0x43, 0xCE, 0x24, 0xDA, 0xF5,
    0x86, 0x09, 0x95, 0xDB, 0x2D, 0x93, 0xCB, 0xC1, 0x27, 0x09, 0xF8, 0x39, 0x35, 0x44, 0x95, 0x50,
    0x94, 0x36, 0x40, 0xB7, 0x48, 0x10, 0x56, 0xB1, 0x33, 0xC7, 0xF7, 0xE1, 0x1B, 0xF0, 0x7D, 0x36,
    0xFA, 0x7D, 0x82, 0xC9, 0xB9, 0x8A, 0xF5, 0x52, 0x91, 0x06, 0xFD, 0x3E, 0x60, 0xD2, 0xFC, 0x4D,
    0xC5, 0xF5, 0xAF, 0x43, 0x15, 0xBE, 0x0D, 0x55, 0x29, 0x6F, 0xDD, 0x57, 0x82, 0x83, 0xF6, 0xDF,
    0x01, 0xAD, 0x93, 0xBD, 0x6E, 0xD4, 0x40, 0x14, 0x85, 0x8F, 0x67, 0x89, 0x5C, 0x8C, 0x64, 0xF7,
    0x80, 0xE4, 0x17, 0x08, 0x71, 0xBB, 0x48, 0x8E, 0xC6, 0x3D, 0x0D, 0x6F, 0x00, 0x0F, 0xB1, 0x05,
    0x45, 0x14, 0x9B, 0x50, 0x22, 0xF1, 0x0A, 0x34, 0x54, 0x54, 0x29, 0x2C, 0xC5, 0x45, 0x58, 0x0F,
    0xA2, 0xA0, 0xA0, 0x60, 0x1E, 0x61, 0xD9, 0x2D, 0x28, 0x40, 0xEC, 0x08, 0xB9, 0x30, 0xCA, 0xDA,
    0xC3, 0xF1, 0x4F, 0x22, 0x11, 0x89, 0x95, 0x90, 0x98, 0xBD, 0x67, 0xF6, 0xB3, 0xEF, 0xF5, 0xDC,
    0x9D, 0xF1, 0x59, 0x1C, 0x20, 0xDC, 0xF7, 0x11, 0xDB, 0xA8, 0x53, 0x6D, 0xB6, 0x53, 0x75, 0x9C,
    0xE3, 0x00, 0xE0, 0xBD, 0x49, 0x29, 0x65, 0x28, 0x4B, 0xED, 0xA8, 0x96, 0x52, 0x14, 0x93, 0xA1,
    0x4C, 0x47, 0xF9, 0xFD, 0x37, 0x46, 0x05, 0x10, 0xDB, 0xFB, 0x88, 0x3A, 0x40, 0xB1, 0x34, 0xE3,
    0x23, 0xAA, 0x06, 0xB8, 0xEA, 0xCD, 0xF0, 0x4A, 0xAA, 0x62, 0xA2, 0x72, 0x3B, 0x84, 0xEE, 0x57,
    0x82, 0xB0, 0x43, 0xD2, 0x77, 0x4A, 0xFA, 0x96, 0xFF, 0x3C, 0xC9, 0x4B, 0xEF, 0x09, 0xB2, 0x86,
    0x8B, 0xB8, 0x46, 0x75, 0x9E, 0xB3, 0x6C, 0xEA, 0x4C, 0xD6, 0x60, 0x09, 0xB5, 0xC2, 0xAD, 0xF1,
    0xF7, 0xE6, 0x27, 0x5C, 0x2A, 0xE6, 0xBD, 0x7B, 0x43, 0xA2, 0xE3, 0x65, 0x97, 0x32, 0x91, 0xFF,
    0x87, 0xE6, 0x4F, 0x81, 0x62, 0x4F, 0xDC, 0x41, 0xE1, 0x70, 0xE1, 0xF4, 0x52, 0xEA, 0x4B, 0x5F,
    0x17, 0x8C, 0x30, 0x2F, 0x62, 0x14, 0xEF, 0x50, 0x59, 0x9C, 0xA6, 0x58, 0x00, 0xFC, 0xD5, 0xA5,
    0x30, 0x65, 0x6C, 0x2A, 0x37, 0xC4, 0xC6, 0x2C, 0x67, 0xA6, 0xBC, 0x15, 0xD2, 0x94, 0xD5, 0x90,
    0xBD, 0x32, 0xD5, 0x0B, 0x53, 0xCC, 0x0C, 0x18, 0x82, 0x2F, 0xCF, 0xE7, 0xE9, 0xCB, 0x51, 0xA9,
    0x7C, 0x0E, 0x2B, 0x5F, 0x53, 0x0E, 0x36, 0xEE, 0xF0, 0xD3, 0xD5, 0x70, 0x2E, 0xF7, 0xDD, 0xB7,
    0x5C, 0x75, 0x32, 0xCF, 0xAC, 0xCC, 0x4F, 0xA9, 0xC7, 0x14, 0x6B, 0xCE, 0xC6, 0xBA, 0x5E, 0x55,
    0x8B, 0x2B, 0x67, 0x3C, 0xD6, 0x46, 0xEE, 0x65, 0x9E, 0x35, 0x63, 0xED, 0x62, 0xA8, 0x13, 0x29,
    0x68, 0x8F, 0x41, 0xFD, 0x9E, 0xBD, 0xB7, 0x9C, 0xEE, 0xBE, 0xE1, 0x14, 0x73, 0x75, 0xC1, 0x47,
    0xE0, 0xB5, 0x0F, 0x97, 0x08, 0xD7, 0x1F, 0x2D, 0x7C, 0x3B, 0x8F, 0xB5, 0x12, 0x9A, 0x87, 0x6C,
    0xE7, 0x47, 0x2B, 0x27, 0xB4, 0xC3, 0x83, 0xF3, 0xF9, 0xE1, 0xC5, 0x27, 0xA1, 0xBF, 0xE6, 0x09,
    0x49, 0x3D, 0x12, 0x7A, 0xA3, 0x9F, 0x91, 0x22, 0x29, 0xF4, 0x5A, 0x9F, 0x93, 0x02, 0xD2, 0x6A,
    0xB5, 0x9F, 0x16, 0x13, 0x7D, 0x31, 0xF3, 0x89, 0xD6, 0x3A, 0x99, 0x68, 0xA3, 0x0F, 0xAF, 0x29,
    0x0F, 0x27, 0xDA, 0x42, 0xDA, 0x91, 0x3A, 0xCC, 0x26, 0xDA, 0xC1, 0x9B, 0x88, 0xA6, 0xAD, 0x07,
    0x7A, 0xCF, 0x6D, 0x25, 0x03, 0x7D, 0xD0, 0xF4, 0xF7, 0x40, 0x9F, 0xB9, 0x37, 0xBF, 0xE9, 0xA9,
    0xED, 0xF7, 0x3B, 0x50, 0xDD, 0xBF, 0xE9, 0x13, 0x12, 0x0F, 0x9D, 0x23, 0x22, 0xF5, 0x7F, 0x1E,
    0x16, 0x7E, 0x0F, 0xE4, 0xF1, 0x68, 0xBE, 0x5D, 0x20, 0xEB, 0xD1, 0x12, 0xC7, 0x81, 0xD4, 0x23,
    0x85, 0xAF, 0xE2, 0xC9, 0x26, 0xE2, 0x47, 0x79, 0xED, 0x98, 0xEA, 0xC6, 0x3B, 0x51, 0xFA, 0xA7,
    0x81, 0x7F, 0x03, 0x9D, 0xCE, 0xB1, 0x0D, 0x83, 0x50, 0x0C, 0x84, 0xE1, 0x43, 0x14, 0x14, 0x14,
    0x6F, 0x04, 0x8F, 0x90, 0x11, 0x59, 0x85, 0x82, 0x2E, 0x43, 0xBC, 0xC0, 0x04, 0x8C, 0x40, 0x9D,
    0x8A, 0xE2, 0x15, 0x08, 0x45, 0xFA, 0x63, 0x93, 0x02, 0x45, 0xA2, 0xA2, 0xF9, 0x0A, 0xCB, 0xF6,
    0x9D, 0x8C, 0x4A, 0xCA, 0xD8, 0x5C, 0xF1, 0x7C, 0x2C, 0xF5, 0x47, 0x4E, 0x51, 0x7A, 0x35, 0xAB,
    0xA4, 0x13, 0x03, 0x66, 0x82, 0x1C, 0xF8, 0x2C, 0xDD, 0xA5, 0x2D, 0xB2, 0x05, 0xA6, 0xF8, 0xE6,
    0xA8, 0x61, 0xEF, 0xA5, 0x0E, 0x3C, 0x87, 0x77, 0x5E, 0xE5, 0x25, 0x92, 0x5B, 0xC2, 0xB8, 0xF8,
    0xD7, 0xF6, 0xC1, 0x85, 0xED, 0xB0, 0x5C, 0xEE, 0xDC, 0xB3, 0x3D, 0x12, 0x61, 0xF4, 0x52, 0x3F,
    0xBF, 0x55, 0x92, 0x41, 0x4A, 0xC3, 0x40, 0x14, 0x86, 0xFF, 0x64, 0xD0, 0x0A, 0x91, 0x76, 0xA3,
    0x2E, 0x44, 0x9A, 0xBD, 0x14, 0x7A, 0x81, 0x6A, 0xA2, 0x5E, 0x41, 0xCF, 0xE1, 0x26, 0x4B, 0x25,
    0x39, 0x82, 0x1B, 0x8F, 0x20, 0x48, 0x37, 0xE6, 0x00, 0x4A, 0xE6, 0x08, 0x59, 0xB9, 0x0E, 0xD8,
    0x8D, 0x6E, 0x7C, 0x42, 0x84, 0xB4, 0x94, 0x3E, 0xDF, 0x9B, 0x89, 0x88, 0xC3, 0x24, 0xDF, 0xCB,
    0x30, 0x79, 0xF3, 0xFF, 0x7F, 0x02, 0x00, 0x7B, 0xF0, 0x83, 0x0B, 0xCF, 0xB7, 0xDA, 0x21, 0xA8,
    0xA9, 0x67, 0xF9, 0x8F, 0xA1, 0xF5, 0x34, 0xBF, 0x2C, 0x3C, 0x47, 0xF0, 0xFB, 0x4F, 0xD0, 0xB8,
    0x6D, 0x6D, 0x68, 0xF7, 0x75, 0xD9, 0x86, 0x9F, 0x6C, 0x81, 0x53, 0x98, 0xCD, 0xBD, 0xEC, 0x20,
    0x44, 0x05, 0x4A, 0xE9, 0x26, 0x2F, 0xA0, 0x3C, 0x7E, 0xB2, 0x4A, 0xCA, 0x37, 0x29, 0x06, 0xAF,
    0x15, 0x65, 0xDA, 0x90, 0x79, 0xAD, 0x8C, 0x5A, 0x8C, 0x95, 0xB1, 0xC5, 0x50, 0x99, 0x7B, 0x86,
    0x5F, 0x0D, 0x6E, 0x33, 0x6D, 0xCC, 0xDC, 0x09, 0x77, 0xB0, 0x9A, 0x2B, 0xB5, 0xE5, 0xC4, 0xD1,
    0xE2, 0x48, 0x29, 0x3A, 0xDC, 0x33, 0xF8, 0xFD, 0x39, 0xE7, 0x14, 0x01, 0x33, 0x25, 0xDC, 0x8A,
    0xF0, 0x81, 0x38, 0xCD, 0x53, 0x63, 0x8D, 0x30, 0x5A, 0x9E, 0x7F, 0x47, 0xA9, 0xEC, 0xAA, 0x98,
    0xD9, 0x19, 0xB8, 0x3A, 0x7B, 0x74, 0x7E, 0x2F, 0x7D, 0x1C, 0xA1, 0x1C, 0xE3, 0x8A, 0x7C, 0x11,
    0x54, 0x1A, 0x4D, 0xD8, 0xF9, 0x0B, 0x23, 0x0D, 0x6C, 0xEA, 0x2C, 0xCB, 0x18, 0x58, 0xF4, 0x09,
    0x90, 0x1C, 0xE1, 0x8A, 0x19, 0x5C, 0x67, 0x60, 0xAC, 0x26, 0x7D, 0x48, 0x13, 0xF4, 0xA9, 0xCD,
    0xFA, 0xC2, 0x66, 0x88, 0x0B, 0x4C, 0x53, 0xCD, 0x37, 0xB1, 0x3A, 0x1B, 0x42, 0x52, 0xAB, 0x5D,
    0xA2, 0x7E, 0x85, 0x1A, 0xC4, 0xA9, 0xCE, 0xB2, 0xE9, 0x3F, 0xD6, 0x5F, 0x41, 0x7D, 0x41, 0x34,
    0x5A, 0xA6, 0x38, 0x60, 0x50, 0xB9, 0x7B, 0xC8, 0xBC, 0xBA, 0x40, 0x93, 0x79, 0x85, 0x41, 0x3D,
    0x8B, 0xF8, 0x63, 0x5E, 0x6D, 0x8C, 0x9D, 0x48, 0xB8, 0x12, 0xAF, 0x29, 0x86, 0xD0, 0x82, 0x22,
    0x51, 0x98, 0x74, 0x21, 0xDB, 0xB1, 0xC6, 0xB2, 0x08, 0x5E, 0x44, 0xB3, 0xE8, 0x9F, 0xCA, 0xBF,
    0x20, 0x7D, 0x6F, 0x9C, 0x40, 0xF1, 0x1C, 0xBB, 0x3E, 0xE2, 0xC5, 0xB4, 0x12, 0xCC, 0xDA, 0xA5,
    0x71, 0x87, 0x6B, 0xF7, 0xA3, 0x6C, 0x33, 0x2F, 0xBD, 0x82, 0xAD, 0x07, 0xBD, 0xFF, 0x00,
};

static const EpdGlyph bitter_16_regularGlyphs[] = {
    { 0, 0, 103, 0, 0, 0, 0 }, // U+0020
    { 5, 25, 175, 3, 24, 32, 0 }, // !
    { 9, 9, 214, 2, 26, 21, 32 }, // "
    { 20, 24, 357, 1, 24, 120, 53 }, // #
    { 17, 33, 330, 2, 28, 141, 173 }, // $
    { 26, 25, 455, 1, 24, 163, 314 }, // %
    { 20, 25, 365, 2, 24, 125, 477 }, // &
    { 4, 9, 127, 2, 26, 9, 602 }, // '
    { 9, 35, 166, 1, 30, 79, 611 }, // (
    { 9, 35, 166, 0, 30, 79, 690 }, // )
    { 12, 12, 252, 2, 26, 36, 769 }, // *
    { 17, 17, 300, 1, 20, 73, 805 }, // +
    { 6, 10, 123, 1, 4, 15, 878 }, // ,
    { 11, 4, 242, 2, 12, 11, 893 }, // -
    { 5, 5, 116, 1, 4, 7, 904 }, // .
    { 12, 30, 172, -1, 27, 90, 911 }, // /
    { 20, 21, 350, 1, 20, 105, 1001 }, // 0
    { 14, 19, 227, 0, 19, 67, 1106 }, // 1
    { 17, 20, 304, 1, 20, 85, 1173 }, // 2
    { 16, 25, 290, 0, 20, 100, 1258 }, // 3
    { 20, 24, 320, 0, 20, 120, 1358 }, // 4
    { 16, 25, 276, 0, 20, 100, 1478 }, // 5
    { 17, 25, 319, 2, 24, 107, 1578 }, // 6
    { 17, 25, 277, 0, 20, 107, 1685 }, // 7
    { 17, 25, 320, 1, 24, 107, 1792 }, // 8
    { 17, 25, 319, 1, 20, 107, 1899 }, // 9
    { 5, 17, 116, 1, 16, 22, 2006 }, // :
    { 6, 22, 121, 0, 16, 33, 2028 }, // ;
    { 16, 16, 296, 1, 20, 64, 2061 }, // <
    { 16, 9, 291, 1, 16, 36, 2125 }, // =
    { 15, 15, 294, 2, 19, 57, 2161 }, // >
    { 12, 25, 228, 1, 24, 75, 2218 }, // ?
    { 26, 26, 465, 2, 22, 169, 2293 }, // @
    { 24, 24, 379, 0, 24, 144, 2462 }, // A
    { 19, 24, 344, 1, 24, 114, 2606 }, // B
    { 19, 25, 342, 1, 24, 119, 2720 }, // C
    { 22, 24, 382, 1, 24, 132, 2839 }, // D
    { 18, 24, 329, 1, 24, 108, 2971 }, // E
    { 17, 24, 300, 1, 24, 102, 3079 }, // F
    { 23, 25, 390, 1, 24, 144, 3181 }, // G
    { 24, 24, 423, 1, 24, 144, 3325 }, // H
    { 10, 24, 189, 1, 24, 60, 3469 }, // I
    { 12, 30, 179, -1, 24, 90, 3529 }, // J
    { 23, 24, 380, 1, 24, 138, 3619 }, // K
    { 17, 24, 296, 1, 24, 102, 3757 }, // L
    { 28, 24, 472, 1, 24, 168, 3859 }, // M
    { 25, 24, 419, 1, 24, 150, 4027 }, // N
    { 22, 25, 395, 1, 24, 138, 4177 }, // O
    { 18, 24, 320, 1, 24, 108, 4315 }, // P
    { 27, 30, 399, 1, 24, 203, 4423 }, // Q
    { 21, 24, 352, 1, 24, 126, 4626 }, // R
    { 17, 25, 320, 2, 24, 107, 4752 }, // S
    { 19, 24, 317, 0, 24, 114, 4859 }, // T
    { 25, 25, 398, 0, 24, 157, 4973 }, // U
    { 24, 25, 372, 0, 24, 150, 5130 }, // V
    { 34, 25, 546, 0, 24, 213, 5280 }, // W
    { 23, 24, 374, 0, 24, 138, 5493 }, // X
    { 22, 24, 343, 0, 24, 132, 5631 }, // Y
    { 18, 24, 330, 1, 24, 108, 5763 }, // Z
    { 9, 33, 184, 3, 29, 75, 5871 }, // [
    { 11, 30, 176, 0, 27, 83, 5946 }, // <backslash>
    { 9, 33, 184, 0, 29, 75, 6029 }, // ]
    { 16, 12, 291, 1, 29, 48, 6104 }, // ^
    { 18, 3, 263, -1, -2, 14, 6152 }, // _
    { 9, 8, 171, 1, 28, 18, 6166 }, // `
    { 17, 19, 294, 1, 18, 81, 6184 }, // a
    { 18, 27, 310, 0, 26, 122, 6265 }, // b
    { 16, 19, 274, 1, 18, 76, 6387 }, // c
    { 19, 27, 318, 1, 26, 129, 6463 }, // d
    { 16, 19, 292, 1, 18, 76, 6592 }, // e
    { 13, 26, 190, 1, 26, 85, 6668 }, // f
    { 18, 26, 301, 0, 18, 117, 6753 }, // g
    { 21, 26, 334, 0, 26, 137, 6870 }, // h
    { 9, 26, 163, 1, 26, 59, 7007 }, // i
    { 9, 34, 148, -2, 26, 77, 7066 }, // j
    { 19, 26, 307, 0, 26, 124, 7143 }, // k
    { 10, 26, 157, 0, 26, 65, 7267 }, // l
    { 31, 18, 509, 1, 18, 140, 7332 }, // m
    { 20, 18, 340, 1, 18, 90, 7472 }, // n
    { 17, 19, 307, 1, 18, 81, 7562 }, // o
    { 19, 26, 320, 0, 18, 124, 7643 }, // p
    { 19, 26, 310, 1, 18, 124, 7767 }, // q
    { 14, 18, 240, 1, 18, 63, 7891 }, // r
    { 14, 19, 255, 1, 18, 67, 7954 }, // s
    { 12, 24, 199, 0, 23, 72, 8021 }, // t
    { 21, 19, 333, 0, 18, 100, 8093 }, // u
    { 19, 19, 284, -1, 18, 91, 8193 }, // v
    { 29, 19, 432, -1, 18, 138, 8284 }, // w
    { 19, 18, 298, 0, 18, 86, 8422 }, // x
    { 20, 26, 287, -1, 18, 130, 8508 }, // y
    { 14, 18, 261, 1, 18, 63, 8638 }, // z
    { 11, 33, 186, 0, 29, 91, 8701 }, // {
    { 3, 31, 173, 4, 27, 24, 8792 }, // |
    { 11, 33, 186, 0, 29, 91, 8816 }, // }
    { 18, 6, 321, 1, 15, 27, 8907 }, // ~
    { 0, 0, 103, 0, 0, 0, 0 }, // U+00A0
    { 5, 24, 175, 3, 17, 30, 0 }, // U+00A1
    { 15, 26, 298, 2, 25, 98, 30 }, // U+00A2
    { 18, 24, 358, 2, 24, 108, 128 }, // U+00A3
    { 18, 16, 355, 2, 18, 72, 236 }, // U+00A4
    { 22, 24, 380, 1, 24, 132, 308 }, // U+00A5
    { 3, 31, 173, 4, 27, 24, 440 }, // U+00A6
    { 15, 30, 300, 2, 24, 113, 464 }, // U+00A7
    { 11, 5, 243, 2, 26, 14, 577 }, // U+00A8
    { 25, 25, 470, 2, 24, 157, 591 }, // U+00A9
    { 13, 19, 234, 1, 24, 62, 748 }, // U+00AA
    { 15, 16, 272, 1, 17, 60, 810 }, // U+00AB
    { 17, 10, 324, 1, 13, 43, 870 }, // U+00AC
    { 0, 0, 0, 0, 0, 0, 913 }, // U+00AD
    { 21, 20, 395, 2, 25, 105, 913 }, // U+00AE
    { 10, 3, 229, 2, 25, 8, 1018 }, // U+00AF
    { 11, 11, 237, 1, 25, 31, 1026 }, // U+00B0
    { 16, 21, 315, 2, 22, 84, 1057 }, // U+00B1
    { 10, 15, 191, 1, 27, 38, 1141 }, // U+00B2
    { 11, 16, 197, 0, 27, 44, 1179 }, // U+00B3
    { 9, 8, 175, 2, 28, 18, 1223 }, // U+00B4
    { 21, 26, 349, 0, 18, 137, 1241 }, // U+00B5
    { 18, 30, 327, 1, 24, 135, 1378 }, // U+00B6
    { 5, 5, 116, 1, 13, 7, 1513 }, // U+00B7
    { 9, 8, 172, 1, 0, 18, 1520 }, // U+00B8
    { 9, 15, 150, 0, 27, 34, 1538 }, // U+00B9
    { 14, 19, 255, 1, 24, 67, 1572 }, // U+00BA
    { 15, 16, 272, 1, 17, 60, 1639 }, // U+00BB
    { 28, 25, 456, 0, 24, 175, 1699 }, // U+00BC
    { 27, 25, 468, 1, 24, 169, 1874 }, // U+00BD
    { 29, 25, 476, 0, 24, 182, 2043 }, // U+00BE
    { 13, 25, 227, 0, 18, 82, 2225 }, // U+00BF
    { 24, 31, 379, 0, 31, 186, 2307 }, // U+00C0
    { 24, 31, 379, 0, 31, 186, 2493 }, // U+00C1
    { 24, 31, 379, 0, 31, 186, 2679 }, // U+00C2
    { 24, 30, 379, 0, 30, 180, 2865 }, // U+00C3
    { 24, 30, 379, 0, 30, 180, 3045 }, // U+00C4
    { 24, 32, 379, 0, 32, 192, 3225 }, // U+00C5
    { 30, 24, 504, 0, 24, 180, 3417 }, // U+00C6
    { 19, 32, 342, 1, 24, 152, 3597 }, // U+00C7
    { 18, 31, 329, 1, 31, 140, 3749 }, // U+00C8
    { 18, 31, 329, 1, 31, 140, 3889 }, // U+00C9
    { 18, 31, 329, 1, 31, 140, 4029 }, // U+00CA
    { 18, 30, 329, 1, 30, 135, 4169 }, // U+00CB
    { 10, 31, 189, 1, 31, 78, 4304 }, // U+00CC
    { 10, 31, 189, 1, 31, 78, 4382 }, // U+00CD
    { 12, 31, 189, 0, 31, 93, 4460 }, // U+00CE
    { 12, 30, 189, 0, 30, 90, 4553 }, // U+00CF
    { 22, 24, 382, 1, 24, 132, 4643 }, // U+00D0
    { 25, 30, 419, 1, 30, 188, 4775 }, // U+00D1
    { 22, 32, 395, 1, 31, 176, 4963 }, // U+00D2
    { 22, 32, 395, 1, 31, 176, 5139 }, // U+00D3
    { 22, 32, 395, 1, 31, 176, 5315 }, // U+00D4
    { 22, 31, 395, 1, 30, 171, 5491 }, // U+00D5
    { 22, 31, 395, 1, 30, 171, 5662 }, // U+00D6
    { 15, 15, 269, 1, 19, 57, 5833 }, // U+00D7
    { 22, 29, 396, 1, 26, 160, 5890 }, // U+00D8
    { 25, 32, 398, 0, 31, 200, 6050 }, // U+00D9
    { 25, 32, 398, 0, 31, 200, 6250 }, // U+00DA
    { 25, 32, 398, 0, 31, 200, 6450 }, // U+00DB
    { 25, 31, 398, 0, 30, 194, 6650 }, // U+00DC
    { 22, 31, 343, 0, 31, 171, 6844 }, // U+00DD
    { 18, 24, 314, 1, 24, 108, 7015 }, // U+00DE
    { 21, 27, 355, 1, 26, 142, 7123 }, // U+00DF
    { 17, 29, 294, 1, 28, 124, 7265 }, // U+00E0
    { 17, 29, 294, 1, 28, 124, 7389 }, // U+00E1
    { 17, 28, 294, 1, 27, 119, 7513 }, // U+00E2
    { 17, 27, 294, 1, 26, 115, 7632 }, // U+00E3
    { 17, 27, 294, 1, 26, 115, 7747 }, // U+00E4
    { 17, 29, 294, 1, 28, 124, 7862 }, // U+00E5
    { 27, 19, 460, 1, 18, 129, 7986 }, // U+00E6
    { 16, 26, 274, 1, 18, 104, 8115 }, // U+00E7
    { 16, 29, 293, 1, 28, 116, 8219 }, // U+00E8
    { 16, 29, 293, 1, 28, 116, 8335 }, // U+00E9
    { 16, 28, 293, 1, 27, 112, 8451 }, // U+00EA
    { 16, 27, 293, 1, 26, 108, 8563 }, // U+00EB
    { 10, 28, 163, 0, 28, 70, 8671 }, // U+00EC
    { 10, 28, 163, 1, 28, 70, 8741 }, // U+00ED
    { 11, 27, 163, 0, 27, 75, 8811 }, // U+00EE
    { 11, 26, 163, -1, 26, 72, 8886 }, // U+00EF
    { 17, 28, 311, 1, 27, 119, 8958 }, // U+00F0
    { 20, 26, 340, 1, 26, 130, 9077 }, // U+00F1
    { 17, 29, 307, 1, 28, 124, 9207 }, // U+00F2
    { 17, 29, 307, 1, 28, 124, 9331 }, // U+00F3
    { 17, 28, 307, 1, 27, 119, 9455 }, // U+00F4
    { 17, 27, 307, 1, 26, 115, 9574 }, // U+00F5
    { 17, 27, 307, 1, 26, 115, 9689 }, // U+00F6
    { 16, 17, 291, 1, 20, 68, 9804 }, // U+00F7
    { 17, 24, 309, 1, 21, 102, 9872 }, // U+00F8
    { 21, 29, 333, 0, 28, 153, 9974 }, // U+00F9
    { 21, 29, 333, 0, 28, 153, 10127 }, // U+00FA
    { 21, 28, 333, 0, 27, 147, 10280 }, // U+00FB
    { 21, 27, 333, 0, 26, 142, 10427 }, // U+00FC
    { 20, 36, 287, -1, 28, 180, 10569 }, // U+00FD
    { 19, 34, 312, 0, 26, 162, 10749 }, // U+00FE
    { 20, 34, 287, -1, 26, 170, 10911 }, // U+00FF
    { 0, 0, 293, 0, 0, 0, 0 }, // U+2007
    { 0, 0, 116, 0, 0, 0, 0 }, // U+2008
    { 0, 0, 52, 0, 0, 0, 0 }, // U+2009
    { 0, 0, 53, 0, 0, 0, 0 }, // U+200A
    { 0, 0, 0, 0, 0, 0, 0 }, // U+200B
    { 0, 0, 0, 0, 0, 0, 0 }, // U+200C
    { 0, 0, 0, 0, 0, 0, 0 }, // U+200D
    { 0, 0, 0, 0, 0, 0, 0 }, // U+200E
    { 0, 0, 0, 0, 0, 0, 0 }, // U+200F
    { 11, 4, 230, 2, 12, 11, 0 }, // U+2010
    { 18, 4, 354, 2, 14, 18, 11 }, // U+2012
    { 17, 4, 327, 2, 12, 17, 29 }, // U+2013
    { 25, 3, 461, 2, 11, 19, 46 }, // U+2014
    { 25, 3, 461, 2, 11, 19, 65 }, // U+2015
    { 18, 8, 263, -1, -2, 36, 84 }, // U+2017
    { 5, 10, 112, 1, 27, 13, 120 }, // U+2018
    { 5, 10, 112, 1, 27, 13, 133 }, // U+2019
    { 5, 10, 112, 1, 4, 13, 146 }, // U+201A
    { 5, 10, 112, 1, 27, 13, 159 }, // U+201B
    { 11, 10, 200, 1, 27, 28, 172 }, // U+201C
    { 11, 10, 200, 1, 27, 28, 200 }, // U+201D
    { 11, 10, 200, 1, 4, 28, 228 }, // U+201E
    { 16, 27, 258, 0, 24, 108, 256 }, // U+2020
    { 16, 27, 258, 0, 24, 108, 364 }, // U+2021
    { 9, 9, 210, 2, 15, 21, 472 }, // U+2022
    { 15, 5, 330, 2, 4, 19, 493 }, // U+2025
    { 21, 5, 374, 1, 4, 27, 512 }, // U+2026
    { 0, 0, 0, 0, 0, 0, 539 }, // U+202A
    { 0, 0, 0, 0, 0, 0, 539 }, // U+202B
    { 0, 0, 0, 0, 0, 0, 539 }, // U+202C
    { 0, 0, 0, 0, 0, 0, 539 }, // U+202D
    { 0, 0, 0, 0, 0, 0, 539 }, // U+202E
    { 39, 25, 668, 1, 24, 244, 539 }, // U+2030
    { 6, 9, 156, 2, 26, 14, 783 }, // U+2032
    { 11, 9, 237, 2, 26, 25, 797 }, // U+2033
    { 8, 16, 166, 1, 17, 32, 822 }, // U+2039
    { 8, 16, 166, 1, 17, 32, 854 }, // U+203A
    { 12, 25, 291, 3, 24, 75, 886 }, // U+203C
    { 13, 3, 219, 0, 23, 10, 961 }, // U+203E
    { 18, 25, 89, -6, 24, 113, 971 }, // U+2044
    { 0, 0, 0, 0, 0, 0, 1084 }, // U+2060
    { 0, 0, 0, 0, 0, 0, 1084 }, // U+2061
    { 0, 0, 0, 0, 0, 0, 1084 }, // U+2062
    { 0, 0, 0, 0, 0, 0, 1084 }, // U+2063
    { 0, 0, 0, 0, 0, 0, 1084 }, // U+2064
    { 0, 0, 0, 0, 0, 0, 1084 }, // U+2066
    { 0, 0, 0, 0, 0, 0, 1084 }, // U+2067
    { 0, 0, 0, 0, 0, 0, 1084 }, // U+2068
    { 0, 0, 0, 0, 0, 0, 1084 }, // U+2069
    { 0, 0, 0, 0, 0, 0, 1084 }, // U+206A
    { 0, 0, 0, 0, 0, 0, 1084 }, // U+206B
    { 0, 0, 0, 0, 0, 0, 1084 }, // U+206C
    { 0, 0, 0, 0, 0, 0, 1084 }, // U+206D
    { 0, 0, 0, 0, 0, 0, 1084 }, // U+206E
    { 0, 0, 0, 0, 0, 0, 1084 }, // U+206F
    { 19, 33, 366, 2, 28, 157, 0 }, // U+20A1
    { 17, 24, 342, 3, 24, 102, 157 }, // U+20A3
    { 18, 24, 366, 2, 24, 108, 259 }, // U+20A4
    { 27, 24, 482, 2, 24, 162, 367 }, // U+20A6
    { 21, 24, 368, 1, 24, 126, 529 }, // U+20A7
    { 35, 25, 559, 0, 24, 219, 655 }, // U+20A9
    { 19, 31, 373, 2, 26, 148, 874 }, // U+20AB
    { 20, 25, 382, 2, 24, 125, 1022 }, // U+20AC
    { 23, 24, 422, 2, 24, 138, 1147 }, // U+20AD
    { 19, 24, 354, 2, 24, 114, 1285 }, // U+20AE
    { 21, 24, 372, 1, 24, 126, 1399 }, // U+20B1
    { 22, 33, 404, 2, 28, 182, 1525 }, // U+20B2
    { 18, 25, 382, 3, 24, 113, 1707 }, // U+20B4
    { 19, 33, 366, 2, 28, 157, 1820 }, // U+20B5
    { 20, 24, 320, 0, 24, 120, 1977 }, // U+20B8
    { 17, 24, 342, 2, 24, 102, 2097 }, // U+20B9
    { 19, 24, 362, 2, 24, 114, 2199 }, // U+20BA
    { 30, 28, 510, 1, 28, 210, 2313 }, // U+20BC
    { 18, 24, 348, 3, 24, 108, 2523 }, // U+20BD
    { 24, 23, 422, 1, 23, 138, 0 }, // U+2190
    { 23, 24, 373, 0, 24, 138, 138 }, // U+2191
    { 24, 23, 422, 1, 23, 138, 276 }, // U+2192
    { 23, 24, 373, 0, 24, 138, 414 }, // U+2193
    { 34, 23, 571, 1, 23, 196, 552 }, // U+2194
    { 23, 33, 373, 0, 28, 190, 748 }, // U+2195
    { 23, 36, 373, 0, 29, 207, 938 }, // U+21A8
    { 8, 22, 165, 1, 22, 44, 0 }, // U+2669
    { 13, 22, 240, 1, 22, 72, 44 }, // U+266A
    { 19, 25, 342, 1, 23, 119, 116 }, // U+266B
    { 19, 25, 342, 1, 23, 119, 235 }, // U+266C
    { 9, 21, 185, 1, 20, 48, 354 }, // U+266D
    { 10, 21, 190, 1, 14, 53, 402 }, // U+266E
    { 16, 28, 295, 1, 20, 112, 455 }, // U+266F
    { 38, 35, 677, 2, 29, 333, 567 }, // U+2764
    { 20, 26, 343, 1, 26, 130, 0 }, // U+FB01
    { 21, 26, 350, 1, 26, 137, 130 }, // U+FB02
    { 32, 35, 677, 5, 29, 280, 0 }, // U+1F44D
    { 34, 35, 677, 4, 29, 298, 280 }, // U+1F600
};

static const EpdUnicodeInterval bitter_16_regularIntervals[] = {
    { 0x20, 0x7E, 0x0 },
    { 0xA0, 0xFF, 0x5F },
    { 0x2007, 0x2010, 0xBF },
    { 0x2012, 0x2015, 0xC9 },
    { 0x2017, 0x201E, 0xCD },
    { 0x2020, 0x2022, 0xD5 },
    { 0x2025, 0x2026, 0xD8 },
    { 0x202A, 0x202E, 0xDA },
    { 0x2030, 0x2030, 0xDF },
    { 0x2032, 0x2033, 0xE0 },
    { 0x2039, 0x203A, 0xE2 },
    { 0x203C, 0x203C, 0xE4 },
    { 0x203E, 0x203E, 0xE5 },
    { 0x2044, 0x2044, 0xE6 },
    { 0x2060, 0x2064, 0xE7 },
    { 0x2066, 0x206F, 0xEC },
    { 0x20A1, 0x20A1, 0xF6 },
    { 0x20A3, 0x20A4, 0xF7 },
    { 0x20A6, 0x20A7, 0xF9 },
    { 0x20A9, 0x20A9, 0xFB },
    { 0x20AB, 0x20AE, 0xFC },
    { 0x20B1, 0x20B2, 0x100 },
    { 0x20B4, 0x20B5, 0x102 },
    { 0x20B8, 0x20BA, 0x104 },
    { 0x20BC, 0x20BD, 0x107 },
    { 0x2190, 0x2195, 0x109 },
    { 0x21A8, 0x21A8, 0x10F },
    { 0x2669, 0x266F, 0x110 },
    { 0x2764, 0x2764, 0x117 },
    { 0xFB01, 0xFB02, 0x118 },
    { 0x1F44D, 0x1F44D, 0x11A },
    { 0x1F600, 0x1F600, 0x11B },
};

static const EpdFontGroup bitter_16_regularGroups[] = {
    { 0, 4147, 9777, 95, 0 },
    { 4147, 3743, 12121, 96, 95 },
    { 7890, 584, 1168, 55, 191 },
    { 8474, 1252, 2822, 19, 246 },
    { 9726, 403, 1185, 7, 265 },
    { 10129, 466, 970, 8, 272 },
    { 10595, 110, 286, 2, 280 },
    { 10705, 350, 595, 2, 282 },
};

static const EpdKernClassEntry bitter_16_regularKernLeftClasses[] = {
    { 0x0021, 1 }, // !
    { 0x0022, 2 }, // "
    { 0x0024, 3 }, // $
    { 0x0026, 4 }, // &
    { 0x0027, 2 }, // '
    { 0x0028, 5 }, // (
    { 0x002C, 6 }, // ,
    { 0x002D, 7 }, // -
    { 0x002E, 6 }, // .
    { 0x002F, 8 }, // /
    { 0x0030, 9 }, // 0
    { 0x0031, 10 }, // 1
    { 0x0032, 11 }, // 2
    { 0x0033, 12 }, // 3
    { 0x0034, 13 }, // 4
    { 0x0035, 14 }, // 5
    { 0x0036, 15 }, // 6
    { 0x0037, 16 }, // 7
    { 0x0038, 12 }, // 8
    { 0x0039, 17 }, // 9
    { 0x003A, 18 }, // :
    { 0x003B, 18 }, // ;
    { 0x003F, 19 }, // ?
    { 0x0040, 20 }, // @
    { 0x0041, 21 }, // A
    { 0x0042, 12 }, // B
    { 0x0043, 22 }, // C
    { 0x0044, 20 }, // D
    { 0x0045, 23 }, // E
    { 0x0046, 24 }, // F
    { 0x0047, 25 }, // G
    { 0x0048, 26 }, // H
    { 0x0049, 26 }, // I
    { 0x004A, 27 }, // J
    { 0x004B, 28 }, // K
    { 0x004C, 29 }, // L
    { 0x004D, 26 }, // M
    { 0x004E, 26 }, // N
    { 0x004F, 20 }, // O
    { 0x0050, 30 }, // P
    { 0x0051, 31 }, // Q
    { 0x0052, 32 }, // R
    { 0x0053, 3 }, // S
    { 0x0054, 33 }, // T
    { 0x0055, 27 }, // U
    { 0x0056, 34 }, // V
    { 0x0057, 35 }, // W
    { 0x0058, 28 }, // X
    { 0x0059, 36 }, // Y
    { 0x005A, 37 }, // Z
    { 0x005B, 38 }, // [
    { 0x005C, 39 }, // <backslash>
    { 0x005F, 40 }, // _
    { 0x0061, 41 }, // a
    { 0x0062, 42 }, // b
    { 0x0063, 43 }, // c
    { 0x0064, 44 }, // d
    { 0x0065, 45 }, // e
    { 0x0066, 46 }, // f
    { 0x0067, 47 }, // g
    { 0x0068, 41 }, // h
    { 0x0069, 44 }, // i
    { 0x006A, 48 }, // j
    { 0x006B, 49 }, // k
    { 0x006C, 44 }, // l
    { 0x006D, 41 }, // m
    { 0x006E, 41 }, // n
    { 0x006F, 42 }, // o
    { 0x0070, 42 }, // p
    { 0x0071, 50 }, // q
    { 0x0072, 51 }, // r
    { 0x0073, 52 }, // s
    { 0x0074, 53 }, // t
    { 0x0075, 54 }, // u
    { 0x0076, 55 }, // v
    { 0x0077, 55 }, // w
    { 0x0078, 49 }, // x
    { 0x0079, 56 }, // y
    { 0x007A, 57 }, // z
    { 0x007B, 58 }, // {
    { 0x00A1, 1 }, // U+00A1
    { 0x00A2, 43 }, // U+00A2
    { 0x00A3, 59 }, // U+00A3
    { 0x00A5, 36 }, // U+00A5
    { 0x00A7, 3 }, // U+00A7
    { 0x00A9, 20 }, // U+00A9
    { 0x00AB, 60 }, // U+00AB
    { 0x00AE, 42 }, // U+00AE
    { 0x00B2, 61 }, // U+00B2
    { 0x00B5, 54 }, // U+00B5
    { 0x00B7, 7 }, // U+00B7
    { 0x00B9, 62 }, // U+00B9
    { 0x00BB, 63 }, // U+00BB
    { 0x00C0, 21 }, // U+00C0
    { 0x00C1, 21 }, // U+00C1
    { 0x00C2, 21 }, // U+00C2
    { 0x00C3, 21 }, // U+00C3
    { 0x00C4, 21 }, // U+00C4
    { 0x00C5, 21 }, // U+00C5
    { 0x00C6, 23 }, // U+00C6
    { 0x00C7, 22 }, // U+00C7
    { 0x00C8, 23 }, // U+00C8
    { 0x00C9, 23 }, // U+00C9
    { 0x00CA, 23 }, // U+00CA
    { 0x00CB, 23 }, // U+00CB
    { 0x00CC, 26 }, // U+00CC
    { 0x00CD, 26 }, // U+00CD
    { 0x00CE, 26 }, // U+00CE
    { 0x00CF, 64 }, // U+00CF
    { 0x00D0, 20 }, // U+00D0
    { 0x00D1, 26 }, // U+00D1
    { 0x00D2, 20 }, // U+00D2
    { 0x00D3, 20 }, // U+00D3
    { 0x00D4, 20 }, // U+00D4
    { 0x00D5, 20 }, // U+00D5
    { 0x00D6, 20 }, // U+00D6
    { 0x00D8, 20 }, // U+00D8
    { 0x00D9, 27 }, // U+00D9
    { 0x00DA, 27 }, // U+00DA
    { 0x00DB, 27 }, // U+00DB
    { 0x00DC, 27 }, // U+00DC
    { 0x00DD, 36 }, // U+00DD
    { 0x00DE, 30 }, // U+00DE
    { 0x00DF, 65 }, // U+00DF
    { 0x00E0, 41 }, // U+00E0
    { 0x00E1, 41 }, // U+00E1
    { 0x00E2, 41 }, // U+00E2
    { 0x00E3, 41 }, // U+00E3
    { 0x00E4, 41 }, // U+00E4
    { 0x00E5, 41 }, // U+00E5
    { 0x00E6, 45 }, // U+00E6
    { 0x00E7, 66 }, // U+00E7
    { 0x00E8, 45 }, // U+00E8
    { 0x00E9, 45 }, // U+00E9
    { 0x00EA, 45 }, // U+00EA
    { 0x00EB, 67 }, // U+00EB
    { 0x00EC, 68 }, // U+00EC
    { 0x00ED, 69 }, // U+00ED
    { 0x00EE, 70 }, // U+00EE
    { 0x00EF, 71 }, // U+00EF
    { 0x00F0, 42 }, // U+00F0
    { 0x00F1, 41 }, // U+00F1
    { 0x00F2, 42 }, // U+00F2
    { 0x00F3, 42 }, // U+00F3
    { 0x00F4, 42 }, // U+00F4
    { 0x00F5, 42 }, // U+00F5
    { 0x00F6, 42 }, // U+00F6
    { 0x00F8, 42 }, // U+00F8
    { 0x00F9, 54 }, // U+00F9
    { 0x00FA, 54 }, // U+00FA
    { 0x00FB, 54 }, // U+00FB
    { 0x00FC, 54 }, // U+00FC
    { 0x00FD, 55 }, // U+00FD
    { 0x00FE, 42 }, // U+00FE
    { 0x00FF, 55 }, // U+00FF
    { 0x2010, 7 }, // U+2010
    { 0x2013, 7 }, // U+2013
    { 0x2014, 7 }, // U+2014
    { 0x2015, 7 }, // U+2015
    { 0x2017, 40 }, // U+2017
    { 0x2018, 2 }, // U+2018
    { 0x2019, 2 }, // U+2019
    { 0x201A, 6 }, // U+201A
    { 0x201B, 2 }, // U+201B
    { 0x201C, 2 }, // U+201C
    { 0x201D, 2 }, // U+201D
    { 0x201E, 6 }, // U+201E
    { 0x2025, 6 }, // U+2025
    { 0x2026, 6 }, // U+2026
    { 0x2039, 60 }, // U+2039
    { 0x203A, 63 }, // U+203A
    { 0x203C, 1 }, // U+203C
    { 0x20A1, 22 }, // U+20A1
    { 0x20A3, 24 }, // U+20A3
    { 0x20A6, 26 }, // U+20A6
    { 0x20A7, 30 }, // U+20A7
    { 0x20A9, 35 }, // U+20A9
    { 0x20AB, 72 }, // U+20AB
    { 0x20AC, 22 }, // U+20AC
    { 0x20AD, 28 }, // U+20AD
    { 0x20AE, 33 }, // U+20AE
    { 0x20B1, 30 }, // U+20B1
    { 0x20B2, 25 }, // U+20B2
    { 0x20B4, 3 }, // U+20B4
    { 0x20B5, 22 }, // U+20B5
    { 0x20B8, 33 }, // U+20B8
    { 0x20B9, 32 }, // U+20B9
    { 0x20BD, 30 }, // U+20BD
    { 0xFB01, 44 }, // U+FB01
    { 0xFB02, 44 }, // U+FB02
};

static const EpdKernClassEntry bitter_16_regularKernRightClasses[] = {
    { 0x0021, 1 }, // !
    { 0x0022, 2 }, // "
    { 0x0024, 3 }, // $
    { 0x0026, 4 }, // &
    { 0x0027, 2 }, // '
    { 0x0029, 5 }, // )
    { 0x002A, 6 }, // *
    { 0x002C, 7 }, // ,
    { 0x002D, 8 }, // -
    { 0x002E, 7 }, // .
    { 0x002F, 9 }, // /
    { 0x0030, 10 }, // 0
    { 0x0031, 11 }, // 1
    { 0x0032, 12 }, // 2
    { 0x0033, 13 }, // 3
    { 0x0034, 14 }, // 4
    { 0x0035, 15 }, // 5
    { 0x0036, 16 }, // 6
    { 0x0037, 17 }, // 7
    { 0x0038, 4 }, // 8
    { 0x0039, 18 }, // 9
    { 0x003A, 19 }, // :
    { 0x003B, 19 }, // ;
    { 0x003F, 20 }, // ?
    { 0x0040, 21 }, // @
    { 0x0041, 22 }, // A
    { 0x0042, 23 }, // B
    { 0x0043, 21 }, // C
    { 0x0044, 23 }, // D
    { 0x0045, 23 }, // E
    { 0x0046, 23 }, // F
    { 0x0047, 21 }, // G
    { 0x0048, 23 }, // H
    { 0x0049, 23 }, // I
    { 0x004A, 24 }, // J
    { 0x004B, 23 }, // K
    { 0x004C, 23 }, // L
    { 0x004D, 23 }, // M
    { 0x004E, 23 }, // N
    { 0x004F, 21 }, // O
    { 0x0050, 23 }, // P
    { 0x0051, 21 }, // Q
    { 0x0052, 23 }, // R
    { 0x0053, 3 }, // S
    { 0x0054, 25 }, // T
    { 0x0055, 26 }, // U
    { 0x0056, 27 }, // V
    { 0x0057, 27 }, // W
    { 0x0058, 28 }, // X
    { 0x0059, 29 }, // Y
    { 0x005A, 30 }, // Z
    { 0x005C, 31 }, // <backslash>
    { 0x005D, 32 }, // ]
    { 0x005F, 33 }, // _
    { 0x0061, 34 }, // a
    { 0x0062, 35 }, // b
    { 0x0063, 36 }, // c
    { 0x0064, 36 }, // d
    { 0x0065, 36 }, // e
    { 0x0066, 37 }, // f
    { 0x0067, 38 }, // g
    { 0x0068, 35 }, // h
    { 0x0069, 37 }, // i
    { 0x006A, 39 }, // j
    { 0x006B, 35 }, // k
    { 0x006C, 35 }, // l
    { 0x006D, 37 }, // m
    { 0x006E, 37 }, // n
    { 0x006F, 36 }, // o
    { 0x0070, 40 }, // p
    { 0x0071, 36 }, // q
    { 0x0072, 37 }, // r
    { 0x0073, 41 }, // s
    { 0x0074, 42 }, // t
    { 0x0075, 43 }, // u
    { 0x0076, 44 }, // v
    { 0x0077, 44 }, // w
    { 0x0078, 45 }, // x
    { 0x0079, 46 }, // y
    { 0x007A, 47 }, // z
    { 0x007C, 48 }, // |
    { 0x007D, 49 }, // }
    { 0x00A1, 50 }, // U+00A1
    { 0x00A2, 36 }, // U+00A2
    { 0x00A5, 29 }, // U+00A5
    { 0x00A6, 48 }, // U+00A6
    { 0x00A7, 3 }, // U+00A7
    { 0x00A9, 21 }, // U+00A9
    { 0x00AB, 51 }, // U+00AB
    { 0x00AE, 36 }, // U+00AE
    { 0x00B0, 52 }, // U+00B0
    { 0x00B7, 8 }, // U+00B7
    { 0x00BB, 53 }, // U+00BB
    { 0x00BF, 54 }, // U+00BF
    { 0x00C0, 22 }, // U+00C0
    { 0x00C1, 22 }, // U+00C1
    { 0x00C2, 22 }, // U+00C2
    { 0x00C3, 22 }, // U+00C3
    { 0x00C4, 22 }, // U+00C4
    { 0x00C5, 22 }, // U+00C5
    { 0x00C6, 22 }, // U+00C6
    { 0x00C7, 21 }, // U+00C7
    { 0x00C8, 23 }, // U+00C8
    { 0x00C9, 23 }, // U+00C9
    { 0x00CA, 23 }, // U+00CA
    { 0x00CB, 23 }, // U+00CB
    { 0x00CC, 23 }, // U+00CC
    { 0x00CD, 23 }, // U+00CD
    { 0x00CE, 23 }, // U+00CE
    { 0x00CF, 55 }, // U+00CF
    { 0x00D0, 23 }, // U+00D0
    { 0x00D1, 23 }, // U+00D1
    { 0x00D2, 21 }, // U+00D2
    { 0x00D3, 21 }, // U+00D3
    { 0x00D4, 21 }, // U+00D4
    { 0x00D5, 21 }, // U+00D5
    { 0x00D6, 21 }, // U+00D6
    { 0x00D8, 21 }, // U+00D8
    { 0x00D9, 26 }, // U+00D9
    { 0x00DA, 26 }, // U+00DA
    { 0x00DB, 26 }, // U+00DB
    { 0x00DC, 26 }, // U+00DC
    { 0x00DD, 29 }, // U+00DD
    { 0x00DE, 23 }, // U+00DE
    { 0x00DF, 37 }, // U+00DF
    { 0x00E0, 34 }, // U+00E0
    { 0x00E1, 34 }, // U+00E1
    { 0x00E2, 34 }, // U+00E2
    { 0x00E3, 34 }, // U+00E3
    { 0x00E4, 34 }, // U+00E4
    { 0x00E5, 34 }, // U+00E5
    { 0x00E6, 34 }, // U+00E6
    { 0x00E7, 36 }, // U+00E7
    { 0x00E8, 36 }, // U+00E8
    { 0x00E9, 36 }, // U+00E9
    { 0x00EA, 36 }, // U+00EA
    { 0x00EB, 36 }, // U+00EB
    { 0x00EC, 56 }, // U+00EC
    { 0x00ED, 57 }, // U+00ED
    { 0x00EE, 58 }, // U+00EE
    { 0x00EF, 59 }, // U+00EF
    { 0x00F0, 36 }, // U+00F0
    { 0x00F1, 37 }, // U+00F1
    { 0x00F2, 36 }, // U+00F2
    { 0x00F3, 36 }, // U+00F3
    { 0x00F4, 36 }, // U+00F4
    { 0x00F5, 36 }, // U+00F5
    { 0x00F6, 36 }, // U+00F6
    { 0x00F8, 60 }, // U+00F8
    { 0x00F9, 43 }, // U+00F9
    { 0x00FA, 43 }, // U+00FA
    { 0x00FB, 43 }, // U+00FB
    { 0x00FC, 43 }, // U+00FC
    { 0x00FD, 46 }, // U+00FD
    { 0x00FE, 61 }, // U+00FE
    { 0x00FF, 46 }, // U+00FF
    { 0x2010, 8 }, // U+2010
    { 0x2013, 8 }, // U+2013
    { 0x2014, 8 }, // U+2014
    { 0x2015, 8 }, // U+2015
    { 0x2017, 33 }, // U+2017
    { 0x2018, 2 }, // U+2018
    { 0x2019, 2 }, // U+2019
    { 0x201A, 7 }, // U+201A
    { 0x201B, 2 }, // U+201B
    { 0x201C, 2 }, // U+201C
    { 0x201D, 2 }, // U+201D
    { 0x201E, 7 }, // U+201E
    { 0x2025, 7 }, // U+2025
    { 0x2026, 7 }, // U+2026
    { 0x2039, 51 }, // U+2039
    { 0x203A, 53 }, // U+203A
    { 0x203C, 1 }, // U+203C
    { 0x2044, 62 }, // U+2044
    { 0x20A1, 21 }, // U+20A1
    { 0x20A3, 23 }, // U+20A3
    { 0x20A6, 23 }, // U+20A6
    { 0x20A7, 23 }, // U+20A7
    { 0x20A9, 27 }, // U+20A9
    { 0x20AB, 36 }, // U+20AB
    { 0x20AD, 23 }, // U+20AD
    { 0x20AE, 25 }, // U+20AE
    { 0x20B1, 23 }, // U+20B1
    { 0x20B2, 21 }, // U+20B2
    { 0x20B4, 3 }, // U+20B4
    { 0x20B5, 21 }, // U+20B5
    { 0x20B8, 25 }, // U+20B8
    { 0x20BD, 23 }, // U+20BD
    { 0xFB01, 37 }, // U+FB01
    { 0xFB02, 37 }, // U+FB02
};

static const int8_t bitter_16_regularKernMatrix[] = {
       0,    0,    0,    0,    0,    0,    0,    0,    0,    0,    0,    0,    0,    0,    0,    0,    0,    0,    0,    0,    0,   -6,    0,    0,    0,    0,    0,    0,    0,    0,    0,    0,    0,    0,    0,    0,    0,    0,    0,    0,    0,    0,    0,    0,    0,    0,    0,    0,    0,    0,    0,    0,    0,    0,    0,    0,    0,    0,    0,    0,    0,    0,
       0,    0,    0,    0,    0,    0,  -25,    0,    0,    0,    0,    0,    0,    0,    0,    0,    0,    0,    0,    0,  -11,  -50,    2,    0,    8,    0,    2,   -7,    0,    0,    0,    0,    0,   -9,   14,  -14,    0,    0,    0,    0,  -26,    0,    0,    0,    0,    0,    0,    0,    0,    0,    0,    0,    0,    0,    2,    0,    0,    0,    0,  -14,   14,    0,
       0,    0,    0,    0,    0,    0,  -17,    0,    0,    0,   -4,    0,   -3,    0,    0,    0,   -9,    0,    0,    0,    0,  -18,   -7,    0,  -17,    0,  -26,  -33,  -32,  -10,    0,    0,    0,  -11,    0,   -6,  -15,   -6,   -9,  -15,    0,   -6,   -9,  -18,  -18,  -17,    0,    0,    0,    0,    0,    0,    0,    0,   -7,  -15,  -15,  -24,  -26,   -6,    0,    0,
       0,    0,    5,    0,    0,    0,    0,    0,    0,    0,    0,    0,    0,    0,    0,    0,    0,    0,    0,    0,    5,  -19,    0,    0,    0,    0,  -20,  -21,  -25,    0,    0,    0,    0,   -6,   -6,   -1,    0,    0,    0,    0,   -6,    0,   -6,  -14,  -10,   -9,   -7,    0,    0,    0,    0,    0,    0,    0,    0,    0,    0,    0,    0,   -1,   -6,    0,
       0,    0,    0,    0,    0,    0,    0,    0,   14,    0,    0,    0,    0,    0,    0,    0,    0,    0,    0,    0,    0,    0,    0,   30,  -14,    0,    0,    0,    0,    0,   10,    0,   13,    0,    0,   -4,    0,    7,   27,    0,    0,    0,    0,    0,    0,    0,    0,    0,    0,    0,    0,    0,    0,    0,    0,    0,    0,    0,    0,   -4,    0,    0,
       0,  -46,    0,    0,    0,    0,    0,    0,    0,  -28,  -14,    3,    0,  -14,    0,  -12,  -29,  -11,    0,    0,  -22,    7,    0,   20,  -38,    0,  -39,   -9,  -39,    0,    0,    0,    0,    0,    0,   -7,    0,    0,    0,    0,    0,    0,    0,  -35,    0,  -37,    0,    0,    0,    0,  -14,    0,    0,    0,    0,    0,    0,    0,    0,   -7,    0,    0,
       0,    0,    0,    0,    0,    0,    0,    0,    0,    0,  -23,   -7,  -12,    2,  -18,    0,  -29,   -6,    0,    0,    0,  -14,    0,    0,  -33,    0,  -30,  -51,    0,    0,    0,    0,    0,    0,    0,    0,    0,    0,    0,    0,    0,    0,    0,   -3,  -28,  -11,    0,    0,    0,    0,    0,    0,  -18,    0,    0,    0,    0,    0,    0,    0,    0,    0,
       0,    0,    0,    0,   10,    0,    0,    0,  -21,    0,    0,    0,    0,    0,    0,    0,    0,    0,    0,    0,   -8,  -18,  -10,    6,   -4,    5,    5,  -18,    5,    0,   14,   10,    0,  -18,   10,  -22,  -22,    0,    0,  -22,    0,    0,    0,    0,  -22,  -15,    0,    0,   10,    0,    0,    0,    0,    0,  -10,  -22,  -22,  -22,  -22,  -22,   10,    0,
       0,    0,    0,    0,    0,    0,  -29,    0,    0,    0,   -2,    0,    0,    0,    0,    0,    0,    0,    0,    0,    0,    0,    0,    0,    0,    0,    0,    0,    0,    0,    0,    0,    0,    0,    0,    0,    0,    0,    0,    0,    0,    0,    0,    0,    0,    0,    0,    0,    0,    0,    0,   -9,    0,    0,    0,    0,    0,    0,    0,    0,    0,    0,
       0,    0,    0,    0,    0,    0,    2,    0,    4,    0,    0,    0,    0,    0,    0,    0,   -5,    0,    0,    0,    0,    0,    0,    0,    0,    0,    0,    0,    0,    0,    0,    0,    0,    0,    0,    0,    0,    0,    0,    0,    0,    0,    0,    0,    0,    0,    0,    0,    0,    0,    0,  -25,    0,    0,    0,    0,    0,    0,    0,    0,    0,    0,
       0,    0,    0,    0,    0,    0,    0,    0,    0,    0,    0,    0,    0,    0,    0,    0,   -4,    0,    0,    0,    0,    0,    0,    0,    0,    0,    0,    0,    0,    0,    0,    0,    0,    0,    0,    0,    0,    0,    0,    0,    0,    0,    0,    0,    0,    0,    0,    0,    0,    0,    0,    0,    0,    0,    0,    0,    0,    0,    0,    0,    0,    0,
       0,  -11,    0,    0,    0,    0,  -22,    0,    0,    0,    0,    0,  -10,    0,    0,    0,    0,    0,    0,   -8,   -9,  -21,  -14,    0,  -22,    0,  -35,  -30,  -29,  -17,    0,    0,    0,  -10,   -6,   -5,  -10,   -7,   -7,  -10,   -6,   -4,   -7,  -11,  -21,  -14,  -10,    0,    0,    0,    0,    0,    0,    0,  -14,  -10,  -10,  -10,  -10,   -5,   -6,    0,
       0,    0,    0,    0,    0,    0,    0,    2,    0,    0,    0,    0,    0,    4,    0,    0,   -7,    0,   10,    0,    0,    0,    0,    0,    0,    0,    0,    0,    0,    0,    0,    0,    0,    0,    0,    0,    0,    0,    0,    0,    0,    0,    0,    0,    0,    0,    0,    0,    0,    0,    0,  -23,    0,    0,    0,    0,    0,    0,    0,    0,    0,    0,
       0,    0,    0,    0,    0,    0,  -10,    0,    0,    0,   -6,   -9,  -13,    0,    0,    0,  -11,   -5,    0,    0,    0,    0,    0,    0,    0,    0,    0,    0,    0,    0,    0,    0,    0,    0,    0,    0,    0,    0,    0,    0,    0,    0,    0,    0,    0,    0,    0,    0,    0,    0,    0,   -9,    0,    0,    0,    0,    0,    0,    0,    0,    0,    0,
       0,    0,    0,    0,    0,    0,    0,    0,    0,    0,   -6,   -5,   -6,    2,  -10,    0,   -8,    0,    0,    0,    0,    0,    0,    0,    0,    0,    0,    0,    0,    0,    0,    0,    0,    0,    0,    0,    0,    0,    0,    0,    0,    0,    0,    0,    0,    0,    0,    0,    0,    0,    0,  -18,    0,    0,    0,    0,    0,    0,    0,    0,    0,    0,
       0,    0,    0,   -9,    0,    0,  -47,  -22,    0,  -10,    5,   -3,  -10,   -6,   -9,   -7,    2,   -7,    0,    0,    0,    0,    0,    0,    0,    0,    0,    0,    0,    0,    0,    0,    0,    0,    0,    0,    0,    0,    0,    0,    0,    0,    0,    0,    0,    0,    0,    0,    0,    0,    0,   15,    0,    0,    0,    0,    0,    0,    0,    0,    0,    0,
       0,    0,    0,    0,    0,    0,  -28,    0,    0,    0,    0,    0,  -11,    0,    0,    0,   -8,    0,    0,    0,    0,    0,    0,    0,    0,    0,    0,    0,    0,    0,    0,    0,    0,    0,    0,    0,    0,    0,    0,    0,    0,    0,    0,    0,    0,    0,    0,    0,    0,    0,    0,   -7,    0,    0,    0,    0,    0,    0,    0,    0,    0,    0,
       0,    0,    0,    0,    0,    0,    0,    0,    0,    0,    0,    0,    0,    0,    0,    0,    0,    0,    0,    0,    0,    0,    0,    5,   -9,    0,  -16,    0,  -16,    0,    0,    0,    0,    0,    0,    0,    0,    0,    0,    0,    0,    0,    0,   -6,    0,    0,    0,    0,    0,    0,    0,    0,    0,    0,    0,    0,    0,    0,    0,    0,    0,    0,
       0,    0,    0,    0,    0,    0,    0,    0,    0,    0,    0,    0,    0,    0,    0,    0,    0,    0,    0,    0,    0,    0,    2,    0,    5,    0,    0,    0,    0,    0,    0,    0,    0,    0,    0,    0,    0,    0,    0,    0,    0,    0,    0,    0,    0,    0,    0,    0,    0,    0,    0,    0,    0,  -12,    2,    0,    0,    0,    0,    0,    0,    0,
       0,  -11,   -4,    0,    0,    0,  -22,    0,    3,    0,    0,    0,  -23,    0,    0,    0,    0,    0,    0,   -5,    0,  -14,    0,    0,  -14,    0,  -25,  -28,  -18,  -15,    0,    0,    0,  -11,   -3,   -3,   -9,   -7,   -1,   -9,   -3,   -3,   -4,   -7,  -11,   -6,    0,    0,    0,    0,    0,    0,    0,    0,    0,   -9,   -9,   -9,   -9,   -3,   -3,    0,
      -6,  -50,  -14,    0,    0,    0,    7,  -14,    4,    0,    0,    0,    0,    0,    0,    0,    0,    0,    0,  -22,  -14,    2,  -14,   -9,  -43,  -29,  -47,   -6,  -43,   -7,    0,    7,    0,  -10,   -5,  -10,   -9,  -13,   -9,   -9,   -7,  -15,  -15,  -23,    5,  -26,  -11,    0,    4,   -6,    0,    0,    0,    0,  -14,   -9,   -9,   -9,   -9,  -10,   -5,    0,
       0,    7,    0,   -4,    0,    0,   -9,  -17,    0,    0,   -4,   -4,   -7,    0,   -6,    0,   -6,  -11,    0,    0,  -14,  -17,    0,   -7,  -13,    0,  -11,  -22,  -13,    0,    0,    0,    0,  -11,  -14,  -14,  -14,  -15,  -11,  -14,   -9,   -7,  -14,   -9,  -13,  -11,  -13,    0,    0,    0,    0,    0,    0,    0,    0,  -14,  -14,  -20,  -21,  -14,  -14,    0,
       0,    0,    0,    0,    0,    0,    0,   -5,   -3,    0,    0,    0,    0,    0,    0,    0,    0,    0,    0,    0,  -12,   -6,    0,    0,  -22,    0,  -17,  -22,  -10,    0,    0,    0,    0,  -10,    0,   -8,   -5,  -10,  -11,   -5,  -10,   -8,   -8,  -17,  -14,  -12,   -9,    0,    0,    0,    0,    0,    0,    0,    0,   -5,   -5,   -4,   -7,   -8,    0,    0,
       0,    0,   -4,    0,    0,    0,  -58,    0,  -15,    0,    0,    0,    0,    0,    0,    0,    0,    0,  -18,    0,  -12,  -36,  -12,   -3,    0,    0,   -9,  -15,   -9,  -12,    0,    0,    0,  -17,   -5,  -25,   -9,  -19,   -4,   -9,  -18,   -6,   -6,   -4,  -13,   -5,  -11,    0,    0,    0,    0,    0,    0,    0,  -12,   -9,   -9,  -13,   -7,  -25,   -5,    0,
       0,    0,    0,    0,    0,    0,    0,    0,    0,    0,    0,    0,    0,    0,    0,    0,    0,    0,    0,    0,    0,   -4,    0,    0,    0,    0,  -20,  -21,  -25,    0,    0,    0,    0,   -6,   -6,   -1,    0,    0,    0,    0,   -6,    0,   -6,  -14,  -10,   -9,   -7,    0,    0,    0,    0,    0,    0,    0,    0,    0,    0,    0,    0,   -1,   -6,    0,
       0,    2,  -10,    0,    0,    0,    0,    0,    5,    0,    0,    0,    0,    0,    0,    0,    0,    0,    0,    0,    0,  -14,    0,    0,  -11,   -4,  -12,  -17,  -10,   -9,    0,    0,    0,   -9,    0,   -7,    0,   -9,   -7,    0,   -9,    0,    0,  -11,  -15,  -14,    0,    0,    0,    0,    0,    0,    0,    0,    0,    0,    0,    7,    9,   -7,    0,    0,
       0,    0,    0,    0,    0,    0,    0,    0,    0,    0,    0,    0,    0,    0,    0,    0,    0,    0,    0,    0,    0,  -29,   -4,    0,   -3,    0,   -6,  -22,   -5,  -12,    0,    0,    0,  -11,    2,   -7,    0,  -11,   -3,    0,  -11,   -5,   -7,  -14,  -19,  -12,  -11,    0,    0,    0,    0,    0,    0,    0,   -4,    0,    0,   10,    9,   -7,    2,    0,
      -9,   -7,  -13,    0,    0,    0,  -10,  -51,   -4,    0,    0,    0,    0,    0,    0,    0,    0,    0,    0,  -12,  -28,   -6,  -17,   -9,  -20,  -25,  -13,   -7,  -12,  -14,    0,    0,    0,  -20,    0,  -21,   -7,  -18,  -11,   -7,  -20,  -17,  -17,  -17,    0,  -24,   -3,    0,    0,    0,    0,    0,    0,    0,  -17,   -7,   -7,  -10,  -10,  -21,    0,    0,
       0,    0,  -21,    0,    0,    0,    0,    0,    0,    0,    0,    0,    0,    0,    0,    0,    0,    0,    0,    0,  -18,   -6,    0,   -6,  -34,  -22,  -43,   -9,  -49,   -6,    0,    0,    0,   -6,    0,   -6,   -7,   -7,    0,   -7,   -7,  -14,   -9,  -23,   -6,  -26,    0,    0,    0,    0,    0,    0,    0,    0,    0,   -7,   -7,   -7,   -7,   -6,    0,    0,
       0,    2,   -6,    0,    0,    0,  -74,  -17,  -14,    0,    0,    0,    0,    0,    0,    0,    0,    0,    0,   -9,   -4,  -29,  -12,   -7,   -7,   -9,  -17,  -22,  -17,  -11,    0,   -5,    0,  -12,   -6,   -7,   -4,  -10,   -7,   -4,   -6,   -6,   -6,   -2,   -9,   -4,  -10,    0,   -5,    0,    0,    0,    0,    0,  -12,   -4,   -4,   -4,   -4,   -7,   -6,    0,
       0,  -11,   -4,    0,   26,    0,  -41,    0,   34,    0,    0,    0,  -23,    0,    0,    0,    0,    0,   30,   -5,    0,  -14,    0,   66,  -14,    0,  -25,  -28,  -18,  -15,    0,   25,   38,  -11,   -6,   -6,   -7,   13,   38,   -7,   -3,   -3,   -4,   -7,  -11,   15,    0,   12,   25,    0,    0,    0,    0,    0,    0,   -7,   -7,   -7,   -7,    6,   22,    0,
       0,    0,    0,    0,    0,    0,    0,    0,    0,    0,    0,    0,    0,    0,    0,    0,    0,    0,    0,    0,   -9,   -6,    0,    0,  -14,   -8,  -27,  -15,  -30,   -6,    0,    0,    0,   -7,    0,  -11,   -6,   -6,   -3,   -6,    0,   -9,   -9,  -14,   -7,  -12,    0,    0,    0,    0,    0,    0,    0,    0,    0,   -6,   -6,   -6,   -6,  -11,    0,    0,
       0,    8,  -14,    0,    0,    0,  -41,  -33,  -14,    0,    0,    0,    0,    0,    0,    0,    0,    0,  -14,   -6,  -14,  -43,  -11,   -7,   -7,   -4,   -7,  -18,   -9,  -17,    0,    0,    0,  -27,   -6,  -25,  -10,  -31,   -7,  -10,  -23,   -6,   -9,   -6,  -17,   -2,  -18,    0,    0,    0,    0,    0,    0,    0,  -11,  -10,  -10,   -9,  -12,  -25,   -6,    0,
     -11,    2,  -26,  -15,    0,    0,  -55,  -30,  -26,    0,    0,    0,  -17,    0,    0,    0,    0,    0,  -17,   -4,  -45,  -47,  -12,   -7,   -7,   -6,    2,  -12,    2,  -18,    0,   -6,    0,  -42,   -4,  -38,  -22,  -38,  -21,  -22,  -37,  -20,  -26,  -18,  -39,  -31,  -41,    0,   -6,    0,    0,    0,    0,    0,  -12,  -22,  -38,  -26,   -4,  -38,   -4,    0,
     -11,    2,  -26,  -15,    0,    0,  -55,  -30,  -26,    0,    0,    0,  -17,    0,    0,    0,    0,    0,  -17,   -4,  -22,  -47,  -12,   -7,   -7,   -6,    2,  -12,    2,  -18,    0,   -6,    0,  -42,   -4,  -38,  -22,  -38,  -21,  -22,  -37,  -20,  -26,  -18,  -39,  -31,  -41,    0,   -6,    0,    0,    0,    0,    0,  -12,  -22,  -38,  -26,   -4,  -38,   -4,    0,
       0,    0,  -22,    0,    0,    0,  -62,    0,    0,    0,    0,    0,  -15,    0,   -9,    0,   -6,    0,  -20,    0,  -19,  -43,  -10,   -4,   -5,   -6,    2,  -11,    2,  -10,    0,   -6,    0,  -44,   -1,  -37,  -27,  -35,  -14,  -27,  -35,  -17,  -23,  -28,  -34,  -23,  -26,    0,   -6,    0,    0,    0,    0,    0,  -10,  -27,  -45,  -25,   -1,  -37,   -1,    0,
       0,    0,  -11,    0,    0,    0,    0,    0,    0,    0,    0,    0,    0,    0,    0,    0,    0,    0,    0,    0,  -14,  -11,   -7,    0,  -11,  -10,  -14,  -15,  -14,    0,    0,    0,    0,    0,    0,   -4,   -4,   -6,    0,   -4,   -7,   -9,  -11,  -14,   -9,  -17,    0,    0,    0,    0,    0,    0,    0,    0,   -7,   -4,   -4,   -5,   -5,   -4,    0,    0,
       0,    0,    0,    0,    0,    0,    0,    0,   24,    0,    0,    0,    0,    0,    0,    0,    0,    0,    0,    0,    0,   10,    0,   25,  -29,    0,   -6,    0,   -6,    0,   18,    0,   30,    0,   12,    0,    0,   10,   38,    0,    0,    0,    0,    0,    0,    0,    0,    0,    0,    0,    0,    0,    0,    0,    0,    0,    0,    0,    0,    0,   12,    0,
       0,    0,    0,    0,   10,    0,    0,    0,   14,    0,    0,    0,    0,    0,    0,    0,    0,    0,    0,    0,    0,    0,    0,   31,    0,    0,    0,    0,    0,    0,    0,   10,   10,    0,    0,    0,    0,    0,    0,    0,    0,    0,    0,    0,    0,    0,    0,    0,    0,    0,    0,    0,    0,    0,    0,    0,    0,    0,    0,    0,    0,    0,
       0,    0,    0,    0,   10,    0,    0,    0,   21,    0,    0,    0,    0,    0,    0,    0,    0,    0,    0,    0,    0,    0,    0,   28,    0,    0,    0,    0,    0,    0,    0,    9,    0,    0,    0,    0,    9,   10,   20,    9,    0,    0,    0,    0,    0,    0,    0,    0,    9,    0,    0,    0,    0,    0,    0,    9,    9,    9,    9,    0,    0,    0,
      -4,  -28,    0,    0,    0,    0,    5,    0,   11,    0,    0,    0,    0,    0,    0,    0,    0,    0,    0,   -8,    0,    0,    0,    0,    0,    0,    0,    0,    0,    0,    0,    0,    0,    0,    0,    0,    0,    0,    0,    0,    0,    0,    0,  -13,    0,  -16,    0,    0,    0,    0,    0,    0,    0,    0,    0,    0,    0,    0,    0,    0,    0,    0,
       0,  -22,    0,    0,    0,    0,   -9,    0,    7,    0,    0,    0,    0,    0,    0,    0,    0,    0,    0,   -2,   -3,    0,    0,    0,    0,    0,    0,    0,    0,    0,    0,    0,    0,    0,    0,    0,    0,    0,   -2,    0,    0,    0,    0,   -9,  -18,  -10,    0,    0,    0,    0,    0,    0,    0,    0,    0,    0,    0,    0,    0,    0,    0,    0,
       0,    4,    0,    0,    0,    0,    0,  -10,    0,    0,    0,    0,    0,    0,    0,    0,    0,    0,    0,   -5,    0,    0,    0,    0,    0,    0,    0,    0,    0,    0,    0,    0,    0,  -10,   -7,  -10,   -7,  -11,   -6,   -7,    0,   -7,   -9,  -11,  -10,   -7,    0,    0,    0,    0,    0,    0,    0,    0,    0,   -7,   -7,   -7,   -7,  -10,   -7,    0,
       0,  -12,    0,    0,    0,    0,    0,   -2,   10,    0,    0,    0,    0,    0,    0,    0,    0,    0,    0,    0,   -6,    0,    0,    0,    0,    0,    0,    0,    0,    0,    0,   10,    0,   -6,    0,    0,    0,    0,    2,    0,    0,    0,    0,  -10,   -9,   -8,    0,    0,    5,    0,    0,    0,    0,    0,    0,    0,    0,    0,    6,    0,    0,    0,
       0,    0,    0,    0,    0,    0,    0,    0,    0,    0,    0,    0,    0,    0,    0,    0,    0,    0,    0,    0,    0,    0,    0,    0,    0,    0,    0,    0,    0,    0,    0,    0,    0,    0,    0,    0,    0,    0,   -7,    0,    0,    0,    0,   -9,  -17,  -11,    0,    0,    0,    0,    0,    0,    0,    0,    0,    0,    0,    0,    0,    0,    0,    0,
      22,   21,    0,    0,   56,   27,  -16,  -14,    0,    0,    0,    0,    0,    0,    0,    0,    0,    0,    0,   18,    0,    0,    0,    0,    0,    0,    0,    0,    0,    0,   41,   81,    0,   -4,   29,   -5,    6,   -3,    9,    6,    0,    5,    2,    5,   -9,    2,    0,    0,   47,    0,    0,    0,    0,    0,    0,   17,   17,   20,   26,   -5,   29,    0,
       0,    0,    0,    0,    0,    0,    0,    0,   10,    0,    0,    0,    0,    0,    0,    0,    0,    0,    0,    0,    0,    0,    0,    0,    0,    0,    0,    0,    0,    0,    0,   10,   10,   -6,   -6,   -7,   -6,    5,   21,   -6,   -5,   -3,    0,   -5,  -11,   -4,    0,    0,    4,    0,    0,    0,    0,    0,    0,   -6,   -6,   -6,   -6,   -7,  -10,    0,
       0,    0,    0,    0,    0,    0,    0,    0,    5,    0,    0,    0,    0,    0,    0,    0,    0,    0,    0,    0,    0,    0,    0,    0,    0,    0,    0,    0,    0,    0,    0,    0,    0,    0,    0,    0,    0,    0,   10,    0,    0,    0,    0,  -13,  -14,   -9,   -5,    0,    0,    0,    0,    0,    0,    0,    0,    0,    0,    0,    2,    0,    0,    0,
      -6,    0,    0,    0,    0,    0,    0,  -28,    6,    0,    0,    0,    0,    0,    0,    0,    0,    0,    0,  -11,  -11,    0,    0,    0,    0,    0,    0,    0,    0,    0,    0,    0,    0,  -14,   -7,  -18,   -9,  -15,  -12,   -9,  -14,   -7,   -7,   -6,   -3,   -3,  -10,    0,    0,    0,    0,    0,    0,    0,    0,   -9,   -9,   -9,   -9,  -18,   -7,    0,
       0,    0,    0,    0,    0,    0,    0,    0,    0,    0,    0,    0,    0,    0,    0,    0,    0,    0,    4,    0,    0,    0,    0,    0,    0,    0,    0,    0,    0,    0,    0,    0,   14,    0,    0,    0,    4,    7,   42,   10,    0,    0,    0,  -12,  -12,   -2,    0,    0,    0,    0,    0,    0,    0,    0,    0,    4,    4,    4,    4,    0,   10,    0,
      -3,    0,    0,    0,   -3,    0,  -37,    0,  -10,    0,    0,    0,    0,    0,    0,    0,    0,    0,    0,   -3,    0,    0,    0,    0,    0,    0,    0,    0,    0,    0,    0,   -6,    0,  -17,  -10,  -11,   -6,  -10,    1,   -6,   -7,    0,   -2,    5,   -7,    7,    0,    0,   -6,    0,    0,    0,    0,    0,    0,   -6,   -6,   -6,   -6,  -11,  -10,    0,
       0,  -23,    0,    0,    0,    0,   -9,    0,    0,    0,    0,    0,    0,    0,    0,    0,    0,    0,    0,    0,    0,    0,    0,    0,    0,    0,    0,    0,    0,    0,    0,    0,    0,    0,    0,    0,    0,    0,    0,    0,    0,    0,    0,   -9,  -15,  -10,    0,    0,    0,    0,    0,    0,    0,    0,    0,    0,    0,    0,    0,    0,    0,    0,
       0,    0,    0,    0,    0,    0,    0,    0,    0,    0,    0,    0,    0,    0,    0,    0,    0,    0,    0,    0,    0,    0,    0,    0,    0,    0,    0,    0,    0,    0,    0,    0,    0,   -5,   -4,   -7,    0,   -7,   -3,    0,   -5,    0,    0,   -5,   -6,   -4,    0,    0,    0,    0,    0,    0,    0,    0,    0,    0,    0,    0,    0,   -7,   -4,    0,
       0,    0,    0,    0,    0,    0,    0,    0,   10,    0,    0,    0,    0,    0,    0,    0,    0,    0,    0,    0,    0,    0,    0,    0,    0,    0,    0,    0,    0,    0,    0,    0,    0,    0,    0,    0,    0,    0,    0,    0,    0,    0,    0,   -7,   -3,  -10,   -5,    0,    0,    0,    0,    0,    0,    0,    0,    0,    0,    0,    0,    0,    0,    0,
       0,    0,    0,    0,    0,    0,  -37,   -7,    0,    0,    0,    0,    0,    0,    0,    0,    0,    0,   -7,    0,   -7,    0,    0,    0,    0,    0,    0,    0,    0,    0,    0,    0,    0,  -11,   -4,   -9,   -3,  -10,   -4,   -3,  -12,    7,    3,   11,   -3,   11,   -7,    0,    0,    0,    0,    0,    0,    0,    0,   -3,   -3,   -3,   -3,   -9,   -4,    0,
       0,    0,    0,    0,    0,    0,  -37,   -7,    0,    0,    0,    0,    0,    0,    0,    0,    0,    0,   -7,    0,   -7,    0,    0,    0,    0,    0,    0,    0,    0,    0,    0,    0,    0,  -11,   -4,  -20,   -3,  -10,   -4,   -3,  -12,    7,    3,   11,   -3,   11,   -7,    0,    0,    0,    0,    0,    0,    0,    0,   -3,   -3,   -3,   -3,  -20,   -4,    0,
       0,    0,    0,    0,    0,    0,    0,    0,    0,    0,    0,    0,    0,    0,    0,    0,    0,    0,    0,    0,    0,    0,    0,    0,    0,    0,    0,    0,    0,    0,    0,    0,    0,    0,   -2,    0,    0,    0,    0,    0,   -5,    0,    0,  -10,  -10,   -8,    0,    0,    0,    0,    0,    0,    0,    0,    0,    0,    0,    0,    0,    0,   -2,    0,
       0,    0,    0,    0,    0,    0,    0,    0,   14,    0,    0,    0,    0,    0,    0,    0,    0,    0,    0,    0,    0,    4,    0,   25,   -7,    0,   -6,    0,   -6,    0,   10,    0,   14,    0,    5,    0,    0,    5,   17,    0,    0,    0,    0,    0,    0,    0,    0,    0,    0,    0,    0,    0,    0,    0,    0,    0,    0,    0,    0,    0,    5,    0,
       0,    0,    0,    0,    0,    0,    0,    0,    0,    0,    0,   -4,    0,    0,    0,    0,   -6,    0,    0,    0,    0,    0,    0,    0,    0,    0,    0,    0,    0,    0,    0,    0,    0,    0,    0,    0,    0,    0,    0,    0,    0,    0,    0,    0,    0,    0,    0,    0,    0,    0,    0,    0,    0,    0,    0,    0,    0,    0,    0,    0,    0,    0,
       0,    0,    0,    0,    0,    0,    0,  -18,    0,    0,    0,    0,    0,    0,    0,    0,    0,    0,    0,    0,    0,    0,    0,    0,    0,    0,    0,    0,    0,    0,    0,    0,    0,    0,    0,    0,    0,    0,    0,    0,    0,    0,    0,    0,    0,    0,    0,    0,    0,    0,    0,    0,    0,    0,    0,    0,    0,    0,    0,    0,    0,    0,
       0,    0,    0,    0,    0,    0,    0,    0,    0,    0,    0,    0,    0,    0,    0,    0,    0,    0,    0,    0,    0,    0,    0,    0,    0,    0,    0,    0,    0,    0,    0,    0,    0,    0,    0,    0,    0,    0,    0,    0,    0,    0,    0,    0,    0,    0,    0,    0,    0,    0,    0,    0,    0,    0,    0,    0,    0,    0,    0,    0,    0,    3,
       0,    0,    0,    0,    0,    0,    0,    0,    0,    0,    0,    0,    0,    0,    0,    0,    0,    0,    0,    0,    0,    0,    0,    0,    0,    0,    0,    0,    0,    0,    0,    0,    0,    0,    0,    0,    0,    0,    0,    0,    0,    0,    0,    0,    0,    0,    0,    0,    0,    0,    0,    0,    0,    0,    0,    0,    0,    0,    0,    0,    0,   13,
       0,    0,    0,    0,    0,    0,  -14,    0,    0,    0,    0,    0,    0,    0,    0,    0,    0,    0,    0,    0,    0,    0,    0,    0,    0,    0,    0,    0,    0,    0,    0,    0,    0,    0,    0,    0,    0,    0,    0,    0,    0,    0,    0,    0,    0,    0,    0,    0,    0,    0,    0,    0,    0,    0,    0,    0,    0,    0,    0,    0,    0,    0,
       0,    2,  -10,    0,    0,    0,    0,    0,    5,    0,    0,    0,    0,    0,    0,    0,    0,    0,    0,    0,    0,  -14,    0,    5,  -11,   -4,  -12,  -17,  -10,   -9,   13,    0,    0,   -9,    0,   -7,    0,   -9,   -7,    0,   -9,    0,    0,  -11,  -15,  -14,    0,    0,    0,    0,    0,    0,    0,    0,   10,    0,    0,    7,    9,   -7,    0,    0,
       0,    0,    0,    0,    0,    0,    0,    0,    0,    0,    0,    0,    0,    0,    0,    0,    0,    0,    0,    0,    0,    0,    0,    0,    0,    0,    0,    0,    0,    0,    0,    0,    0,    0,   -7,   -4,  -10,   -9,   -5,  -10,   -6,   -9,   -3,  -13,  -11,  -18,   -9,    0,    0,    0,    0,    0,    0,    0,    0,  -10,  -10,  -10,  -10,   -4,   -7,    0,
       0,    4,    0,    0,    0,    0,    0,  -10,    0,    0,    0,    0,    0,    0,    0,    0,    0,    0,    0,   -5,    0,    0,    0,    0,    0,    0,    0,    0,    0,    0,    0,    0,    0,  -10,   -7,  -10,   -7,  -11,   -8,   -7,    0,   -7,   -9,  -11,  -10,   -7,    0,    0,    0,    0,    0,    0,    0,    0,    0,   -7,   -7,   -7,   -7,  -10,   -7,    0,
       0,    0,    0,    0,    0,    0,    0,    0,    0,    0,    0,    0,    0,    0,    0,    0,    0,    0,    0,    0,    0,    0,    0,    0,    0,    0,    0,    0,    0,    0,    0,    0,    0,    0,    0,    0,    0,    0,  -15,    0,    0,    0,    0,   -9,  -17,  -11,    0,    0,    0,    0,    0,    0,    0,    0,    0,    0,    0,    0,    0,    0,    0,    0,
       0,  -12,    0,    0,    0,    0,    0,   -2,   10,    0,    0,    0,    0,    0,    0,    0,    0,    0,    0,    0,   -6,    0,    0,    0,    0,    0,    0,    0,    0,    0,    0,   10,    0,   -6,    5,    0,    0,    0,    2,    0,    0,    0,    0,  -10,   -9,   -8,    0,    0,    5,    0,    0,    0,    0,    0,    0,    0,    0,   13,   14,    0,    5,    0,
       0,  -12,    0,    0,    0,    0,    0,   -2,   10,    0,    0,    0,    0,    0,    0,    0,    0,    0,    0,    0,   -6,    0,    0,    0,    0,    0,    0,    0,    0,    0,    0,   10,    0,   -6,    9,    0,    0,    0,    2,    0,    0,    0,    0,  -10,   -9,   -8,    0,    0,    5,    0,    0,    0,    0,    0,    0,    5,    0,    5,   15,    0,    9,    0,
       0,  -12,    0,    0,    0,    0,    0,   -2,   10,    0,    0,    0,    0,    0,    0,    0,    0,    0,    0,    0,   -6,    0,    0,    0,    0,    0,    0,    0,    0,    0,    0,   10,    0,   -6,    7,    0,    0,    0,    2,    0,    0,    0,    0,  -10,   -9,   -8,    0,    0,    5,    0,    0,    0,    0,    0,    0,    0,    9,   17,   14,    0,    7,    0,
       0,  -12,    0,    0,    0,    0,    0,   -2,   10,    0,    0,    0,    0,    0,    0,    0,    0,    0,    0,    0,   -6,    0,    0,    0,    0,    0,    0,    0,    0,    0,    0,   10,    0,   -6,   10,    0,   17,    0,    2,   17,    0,    0,    0,  -10,   -9,   -8,    0,    0,    5,    0,    0,    0,    0,    0,    0,    4,    1,   17,   25,    0,   10,    0,
       0,    0,    0,    0,    0,    0,    0,    0,    0,    0,    0,    0,    0,    0,    0,    0,    0,    0,    0,    0,    0,    0,    0,    0,    0,    0,    0,    0,    0,    0,    0,    0,    0,    0,    0,    0,    0,    0,   -3,    0,    0,    0,    0,  -14,   -7,  -10,    0,    0,    0,    0,    0,    0,    0,    0,    0,    0,    0,    0,    0,    0,    0,    0,
};

static const EpdLigaturePair bitter_16_regularLigaturePairs[] = {
    { 0x00660069, 0xFB01 }, // f i -> U+FB01
    { 0x0066006C, 0xFB02 }, // f l -> U+FB02
};

static constexpr EpdFontData bitter_16_regular = {
    bitter_16_regularBitmaps,
    bitter_16_regularGlyphs,
    bitter_16_regularIntervals,
    32,
    40,
    32,
    -9,
    true,
    bitter_16_regularGroups,
    8,
    nullptr,
    bitter_16_regularKernLeftClasses,
    bitter_16_regularKernRightClasses,
    bitter_16_regularKernMatrix,
    190,
    190,
    72,
    62,
    bitter_16_regularLigaturePairs,
    2,
};
