/**
 * generated by fontconvert.py
 * name: bitter_12_regular
 * size: 12
 * mode: 2-bit  compressed: true
 * Command used: fontconvert.py bitter_12_regular 12 ../builtinFonts/source/Bitter/Bitter-Regular.ttf ../builtinFonts/source/NotoEmoji/NotoEmoji-Regular.ttf ../builtinFonts/source/NotoSymbols/NotoSansSymbols-Regular.ttf --exact-intervals --additional-intervals 0x0020,0x007E --additional-intervals 0x00A0,0x00FF --additional-intervals 0x2000,0x206F --additional-intervals 0x20A0,0x20CF --additional-intervals 0x2190,0x21FF --additional-intervals 0xFB00,0xFB06 --additional-intervals 0xFFFD,0xFFFD --additional-intervals 0x2669,0x266F --additional-intervals 0x2764,0x2764 --additional-intervals 0x1F600,0x1F600 --additional-intervals 0x1F44D,0x1F44D --font-include-intervals 1:0x2764,0x2764 --font-include-intervals 1:0x1F600,0x1F600 --font-include-intervals 1:0x1F44D,0x1F44D --font-include-intervals 2:0x2669,0x266F --2bit --compress --pnum --darken-aa
 */
#pragma once
#include "EpdFontData.h"

static const uint8_t bitter_12_regularBitmaps[7852] = {
    0x95, 0x58, 0x3D, 0x70, 0xE3, 0xC6, 0x15, 0x7E, 0x00, 0xEC, 0xC3, 0xF8, 0x30, 0x13, 0x5C, 0x21,
    0xCD, 0x64, 0xAC, 0x8C, 0x91, 0xC2, 0x85, 0xFF, 0x91, 0xC2, 0x85, 0x0B, 0x92, 0x58, 0xDB, 0x45,
    0x0A, 0x17, 0x56, 0x71, 0xB2, 0x0B, 0x17, 0x4E, 0x91, 0x22, 0x61, 0x11, 0x35, 0x29, 0xCE, 0x1E,
    0x1D, 0x09, 0xA7, 0x49, 0x91, 0x46, 0x55, 0x5A, 0xAB, 0x50, 0xA1, 0xA3, 0x0B, 0xB9, 0xB8, 0x42,
    0x05, 0x45, 0xAC, 0x73, 0x93, 0xCA, 0x45, 0x90, 0x78, 0x54, 0xA5, 0x08, 0x3C, 0x73, 0xB6, 0x33,
    0x72, 0xE1, 0x4D, 0x06, 0x49, 0xA0, 0x33, 0xC8, 0xCD, 0xF7, 0x2D, 0x28, 0x9D, 0xE4, 0x93, 0x6F,
    0xCE, 0x00, 0xDE, 0x23, 0x09, 0x2C, 0x76, 0xDF, 0xBE, 0x9F, 0xEF, 0xBD, 0xC7, 0x67, 0x47, 0x83,
    0x3E, 0x8F, 0x1E, 0x8E, 0x15, 0x91, 0x7E, 0xD1, 0x97, 0x95, 0x95, 0xDE, 0xB9, 0x43, 0x7E, 0x79,
    0x45, 0x49, 0x13, 0xE5, 0x52, 0xC7, 0xB9, 0x98, 0x58, 0x81, 0x24, 0xB3, 0xB6, 0x79, 0xFE, 0x5E,
    0xB1, 0xEB, 0x57, 0x89, 0x04, 0xD5, 0x4B, 0x12, 0x94, 0x20, 0xDD, 0x97, 0xB7, 0x8F, 0x46, 0xEB,
    0xD6, 0x5A, 0xF3, 0xCE, 0xD1, 0xA1, 0x8A, 0xF2, 0x2D, 0x89, 0xF2, 0x03, 0x89, 0x15, 0x48, 0x6A,
    0x91, 0x1F, 0x89, 0xE0, 0x4B, 0x47, 0x89, 0x92, 0xC0, 0x5A, 0x89, 0xEF, 0x15, 0x92, 0x2A, 0xCC,
    0x87, 0x9B, 0x03, 0x89, 0x24, 0x53, 0x78, 0x84, 0xA1, 0x91, 0xDD, 0x16, 0x29, 0x5A, 0x11, 0xDF,
    0x62, 0x70, 0x9A, 0x3F, 0x2D, 0xB1, 0xEE, 0x39, 0x4A, 0xF2, 0x81, 0x2A, 0xB0, 0x7E, 0x8B, 0x31,
    0xE5, 0xFD, 0xF9, 0x48, 0x4F, 0x88, 0x84, 0x8D, 0x44, 0x2A, 0xB5, 0x92, 0xC8, 0x56, 0x9C, 0xF7,
    0xE4, 0x76, 0xA8, 0x0F, 0xA4, 0x0E, 0x3E, 0x31, 0x52, 0x87, 0x77, 0xB4, 0x1C, 0x44, 0x7F, 0xC8,
    0x65, 0xB0, 0x99, 0x60, 0x8D, 0x79, 0x5F, 0xC4, 0x5B, 0x3F, 0xD8, 0xCC, 0xC5, 0xFB, 0x97, 0x35,
    0x12, 0x7C, 0x86, 0x81, 0xD1, 0xEF, 0xF1, 0x4A, 0x1C, 0x81, 0xF5, 0xC9, 0xA6, 0xA1, 0xDE, 0x12,
    0x13, 0x7C, 0x51, 0x07, 0xA5, 0xD8, 0xD2, 0x53, 0xF2, 0x98, 0xC8, 0xE6, 0x3F, 0x25, 0xB4, 0x56,
    0xC5, 0x77, 0xDF, 0x55, 0xA9, 0xC2, 0x4A, 0x5C, 0x8D, 0xBB, 0xC9, 0x21, 0xF2, 0x7F, 0x30, 0xA3,
    0xB5, 0x2D, 0x9E, 0xD7, 0x89, 0x0E, 0xCB, 0x4C, 0xC2, 0x72, 0xB0, 0xA4, 0x4C, 0x22, 0x9D, 0xEA,
    0x34, 0x8F, 0xB1, 0x65, 0xDF, 0x36, 0x22, 0x8F, 0x8B, 0x2C, 0x75, 0x2C, 0x3B, 0x9E, 0x09, 0xAA,
    0x48, 0xC7, 0x79, 0x0A, 0x2D, 0xF4, 0x65, 0x4B, 0xA6, 0xD2, 0xE2, 0x6C, 0x70, 0xB6, 0xF8, 0x3E,
    0xC5, 0xBD, 0x81, 0xA4, 0xD0, 0x62, 0xAC, 0x83, 0xD2, 0x37, 0x62, 0x44, 0x9E, 0xC6, 0xA8, 0xCC,
    0xDD, 0x09, 0x75, 0x50, 0xF9, 0xC6, 0xC3, 0xFE, 0xDC, 0x0B, 0xDD, 0x59, 0x7B, 0xC6, 0x37, 0x81,
    0x09, 0xCA, 0x6E, 0xD6, 0x9B, 0x72, 0x43, 0xBA, 0x03, 0xAF, 0x56, 0xF2, 0xCA, 0x97, 0x79, 0x66,
    0x73, 0xBF, 0x96, 0x60, 0x2A, 0x71, 0x2C, 0x4F, 0x40, 0x6B, 0xBD, 0x0B, 0x57, 0x61, 0x17, 0x30,
    0xE1, 0x77, 0x6E, 0xCA, 0x8A, 0xF4, 0x66, 0xA3, 0x5E, 0xEF, 0xE3, 0xED, 0xD5, 0x0D, 0x68, 0x1F,
    0x53, 0xA8, 0xAD, 0xF9, 0xD4, 0xCD, 0x1A, 0x68, 0x5E, 0x91, 0xA2, 0x0D, 0x70, 0x3D, 0x25, 0xF2,
    0xE2, 0xE9, 0x4B, 0xB7, 0xDD, 0x9A, 0x46, 0xBC, 0x4A, 0x7C, 0x37, 0x2A, 0xC8, 0x2F, 0x0C, 0x7C,
    0xC1, 0x8D, 0xE2, 0xB1, 0x59, 0xC1, 0x1F, 0x16, 0x12, 0x9F, 0x14, 0x79, 0xA6, 0x62, 0x28, 0x2C,
    0x30, 0x87, 0xA0, 0x29, 0xA8, 0x5D, 0x12, 0xBF, 0x8F, 0x40, 0x50, 0x66, 0x09, 0x65, 0xEA, 0xF3,
    0xCA, 0x14, 0x3C, 0x58, 0x48, 0xBA, 0x90, 0xD1, 0x40, 0x7E, 0x3A, 0x10, 0xB9, 0xEC, 0x8A, 0x6C,
    0x95, 0xDA, 0xFA, 0xCA, 0x4C, 0x61, 0x87, 0xB5, 0xCC, 0xDE, 0x6A, 0xE5, 0x40, 0x66, 0x10, 0x71,
    0x20, 0xD7, 0x38, 0x00, 0x9A, 0x16, 0x0F, 0xB3, 0x85, 0x90, 0x38, 0xD5, 0xE2, 0x2D, 0x60, 0x52,
    0x78, 0xE2, 0x58, 0x8B, 0x50, 0x1D, 0x24, 0x7F, 0x86, 0x7D, 0xD7, 0x83, 0xB7, 0xDA, 0x9E, 0x8C,
    0x7A, 0xCB, 0x79, 0x6F, 0x8A, 0xDF, 0x04, 0xB6, 0xF4, 0x31, 0xA5, 0xCC, 0x05, 0x66, 0x81, 0xAD,
    0xC8, 0xB3, 0x97, 0x65, 0x5E, 0xD8, 0x26, 0x85, 0x93, 0x5E, 0xC7, 0xE4, 0x87, 0xE2, 0x66, 0x84,
    0x90, 0x12, 0x83, 0x12, 0xBE, 0x0C, 0x6A, 0x07, 0xE2, 0x99, 0x01, 0x42, 0x68, 0x00, 0xE7, 0x1E,
    0xC0, 0x6D, 0x07, 0xEE, 0x2C, 0xE0, 0x43, 0xA0, 0x66, 0x75, 0x63, 0xBC, 0xEE, 0x56, 0x59, 0xD2,
    0xD5, 0xC9, 0x5E, 0x6C, 0xDB, 0xF8, 0x78, 0x0F, 0xE1, 0x73, 0x76, 0xA5, 0xB7, 0x24, 0xB5, 0xD5,
    0xD5, 0x7D, 0x44, 0xCB, 0xA2, 0x5B, 0xDA, 0x5D, 0xA3, 0x97, 0xBD, 0x76, 0x6C, 0x6B, 0x0A, 0x80,
    0xB0, 0x8E, 0xF0, 0xA8, 0xB0, 0x58, 0x7F, 0x43, 0xA2, 0x0A, 0x32, 0x68, 0x27, 0x27, 0xC7, 0xC9,
    0xE0, 0xC9, 0x6D, 0x19, 0xDB, 0xB9, 0x14, 0x5F, 0x14, 0x6A, 0x26, 0x89, 0xBE, 0x89, 0xA7, 0x37,
    0xE1, 0xB0, 0x14, 0x09, 0x5E, 0xA6, 0x13, 0x9D, 0xA9, 0x08, 0xB6, 0xF1, 0xB8, 0x45, 0xE8, 0xFA,
    0xB9, 0xC9, 0x04, 0xE3, 0xAD, 0x1A, 0x4D, 0x0A, 0x75, 0x03, 0x33, 0xDC, 0x80, 0xF2, 0xAF, 0xC1,
    0x57, 0x85, 0x04, 0xBF, 0x82, 0x89, 0xA0, 0xC5, 0xE5, 0x22, 0x80, 0x8C, 0xB3, 0x85, 0x0E, 0xBB,
    0x21, 0x54, 0x32, 0x87, 0xB8, 0xA3, 0xD8, 0x86, 0x5D, 0x5A, 0x49, 0xFE, 0x8A, 0x98, 0xC6, 0x40,
    0xA8, 0x40, 0x51, 0x0D, 0x19, 0xFD, 0xFB, 0x73, 0x58, 0xDD, 0x56, 0x08, 0xB8, 0x46, 0x92, 0x0F,
    0x16, 0x8C, 0x02, 0x05, 0x97, 0xCD, 0x49, 0x87, 0x18, 0x97, 0xC9, 0x58, 0x12, 0xBC, 0x1B, 0x62,
    0x0C, 0x63, 0x53, 0x36, 0xB7, 0x31, 0xBE, 0x95, 0xF8, 0x0B, 0x8B, 0x91, 0x69, 0x9E, 0x39, 0x95,
    0x72, 0x1F, 0x5D, 0x30, 0xA6, 0x79, 0x52, 0xC2, 0x67, 0x60, 0xAA, 0xBF, 0xEB, 0xA5, 0x70, 0xD4,
    0x82, 0x72, 0xC2, 0x79, 0x78, 0x0F, 0xFB, 0x8B, 0x2D, 0xE4, 0x85, 0xCA, 0x4F, 0x7D, 0xDB, 0x7D,
    0x89, 0x01, 0x40, 0xD0, 0xF3, 0xB9, 0x03, 0x02, 0x22, 0xEE, 0x63, 0xB8, 0x70, 0x4F, 0x7E, 0x86,
    0xDF, 0x3F, 0xE6, 0xFB, 0x49, 0xE3, 0x59, 0x05, 0xF0, 0xB2, 0x8A, 0x76, 0x18, 0x53, 0x70, 0x18,
    0xA7, 0x16, 0x1F, 0x7B, 0x7E, 0xA1, 0xB0, 0x73, 0x0B, 0x1D, 0x76, 0x7B, 0x3E, 0xF7, 0xBD, 0xEF,
    0x46, 0x46, 0x18, 0x39, 0x6E, 0xC4, 0x5F, 0xD0, 0x49, 0xD2, 0xC6, 0xB7, 0x2A, 0xAB, 0x68, 0xF2,
    0x6B, 0x22, 0x57, 0x17, 0x08, 0x37, 0xFD, 0x6C, 0x52, 0x51, 0x67, 0xB8, 0xC2, 0x12, 0x26, 0x82,
    0xC6, 0xA1, 0xC5, 0xA0, 0x5A, 0xC6, 0x9E, 0x77, 0x2A, 0x9C, 0x5F, 0xBA, 0x51, 0x55, 0xF7, 0x6B,
    0x95, 0x92, 0x32, 0x40, 0xEC, 0x1F, 0x0B, 0x85, 0xFB, 0x51, 0x09, 0x6B, 0xF8, 0x26, 0xB9, 0x62,
    0xF3, 0xA6, 0x1F, 0x7D, 0x54, 0x6D, 0xF5, 0xE0, 0x7C, 0xBD, 0x2D, 0x04, 0x68, 0x7F, 0xCB, 0x9B,
    0x80, 0x45, 0xC7, 0x60, 0x31, 0x7F, 0x26, 0x78, 0xD0, 0x8B, 0xDF, 0x30, 0x07, 0x83, 0xA8, 0x2D,
    0x80, 0xF1, 0xEB, 0x4F, 0x40, 0x91, 0x8C, 0xF5, 0x46, 0x72, 0x6E, 0xA0, 0xA2, 0x47, 0x71, 0xD5,
    0x5D, 0xDE, 0x6C, 0x4F, 0x19, 0xBD, 0x4C, 0xE2, 0x31, 0x19, 0x40, 0x56, 0x5E, 0xA2, 0xF5, 0xFB,
    0xD4, 0xF2, 0x16, 0xDF, 0x6E, 0x28, 0x58, 0x0D, 0x41, 0x7C, 0xB8, 0x37, 0xE1, 0x1F, 0x5B, 0x28,
    0xE1, 0x11, 0x78, 0x76, 0x48, 0x47, 0x19, 0x49, 0x51, 0xF9, 0xB6, 0xB4, 0x88, 0x27, 0x33, 0x9C,
    0x6C, 0x0B, 0x95, 0x94, 0x1C, 0x15, 0x79, 0xAC, 0x79, 0x46, 0x4B, 0xE2, 0x09, 0xD3, 0xD2, 0xD0,
    0x04, 0x0C, 0xB8, 0x27, 0x60, 0xB0, 0x02, 0x38, 0x9A, 0x8E, 0xF8, 0x3D, 0xD1, 0x88, 0x1E, 0xC5,
    0x05, 0x64, 0xED, 0x84, 0xA8, 0x5C, 0x85, 0x27, 0xEF, 0xE0, 0x99, 0x67, 0x32, 0xE5, 0x55, 0x30,
    0x77, 0x39, 0x5A, 0xFA, 0xE3, 0xB4, 0xF3, 0x49, 0xF7, 0x9D, 0x34, 0x5E, 0xFA, 0x2A, 0x10, 0x20,
    0x8F, 0xEB, 0xD0, 0x40, 0x4A, 0x2D, 0x05, 0x02, 0x1B, 0x3A, 0xEE, 0x64, 0x42, 0x72, 0x39, 0x2E,
    0x4A, 0xAC, 0xC3, 0xF9, 0x5A, 0x6C, 0x8E, 0x74, 0x08, 0x1A, 0x2D, 0x69, 0xB0, 0xFC, 0xBC, 0xB9,
    0x7C, 0x06, 0x0A, 0x6A, 0xC8, 0x54, 0x9D, 0xCA, 0x34, 0x9C, 0x4C, 0xF0, 0x69, 0xF3, 0xE4, 0xF8,
    0x23, 0xEC, 0x2D, 0x00, 0xF9, 0x2A, 0x3E, 0xE7, 0x92, 0x31, 0xC6, 0xB8, 0xFD, 0x9D, 0xBF, 0xA7,
    0x3D, 0x26, 0x00, 0x4D, 0xC2, 0x3C, 0x1A, 0xEF, 0xEB, 0xFB, 0xF3, 0xEC, 0x63, 0x8E, 0x90, 0x73,
    0x7D, 0x67, 0x9E, 0xBA, 0x9B, 0xEB, 0x68, 0xFD, 0x3B, 0x73, 0x75, 0x54, 0xD0, 0x35, 0xB0, 0x35,
    0x59, 0xBB, 0xA7, 0xA8, 0xA4, 0x46, 0xC2, 0xC5, 0x3B, 0x18, 0x5E, 0x02, 0x18, 0x91, 0x88, 0x19,
    0xDB, 0xF2, 0xB2, 0x50, 0x53, 0x4E, 0x35, 0x4E, 0x57, 0x50, 0xD6, 0xD5, 0x09, 0xC3, 0xD0, 0x22,
    0x06, 0xF1, 0x03, 0x4F, 0x1B, 0x8E, 0x6B, 0xA8, 0x31, 0xBC, 0x6B, 0xE8, 0x97, 0x4E, 0xF1, 0x05,
    0x53, 0xB8, 0xC0, 0x47, 0x86, 0x7B, 0xDE, 0x64, 0xDB, 0xB6, 0x30, 0x2A, 0x1C, 0x77, 0xCC, 0x95,
    0xB3, 0xCB, 0x19, 0x75, 0xDB, 0xB1, 0xEF, 0x1D, 0x42, 0x56, 0xD4, 0xBE, 0xED, 0xE6, 0x1B, 0xEE,
    0xD9, 0x36, 0x59, 0xBA, 0xC4, 0x65, 0xE7, 0xB8, 0xB6, 0x2D, 0xA4, 0x4D, 0x6C, 0x8E, 0xF0, 0x84,
    0x74, 0x8F, 0x7E, 0x79, 0x35, 0xF3, 0x40, 0x51, 0x22, 0x41, 0xC8, 0x70, 0xF7, 0xC9, 0x5B, 0x62,
    0xDB, 0x0C, 0xCE, 0x08, 0xE7, 0x12, 0x4E, 0x4C, 0xB7, 0x53, 0x0E, 0x5E, 0xC0, 0xA6, 0x64, 0x35,
    0xD5, 0x6D, 0x4E, 0x99, 0x6E, 0xC8, 0x0E, 0xC5, 0x21, 0xE8, 0xE9, 0x1B, 0x11, 0xDF, 0x85, 0xF7,
    0x17, 0x35, 0xC2, 0x04, 0x28, 0x6E, 0xF3, 0xE1, 0x1E, 0x0C, 0x00, 0xC9, 0x92, 0x52, 0x2E, 0x35,
    0xD0, 0xE5, 0x14, 0x72, 0x2E, 0x18, 0x3A, 0x56, 0x9D, 0x43, 0x59, 0x35, 0xDC, 0x16, 0x6F, 0x22,
    0x58, 0x39, 0xB4, 0xAC, 0x9E, 0x62, 0x5C, 0x80, 0x23, 0x23, 0xF1, 0x5C, 0x32, 0xC3, 0x78, 0x1C,
    0x81, 0x6F, 0xCA, 0x7F, 0xC1, 0xDF, 0xFC, 0xE4, 0xDF, 0xE0, 0x6F, 0xDC, 0xF9, 0x1B, 0xF8, 0xEB,
    0x5F, 0xFD, 0x09, 0xFC, 0x35, 0xFB, 0x1A, 0xB8, 0xB2, 0x3E, 0xF9, 0xD4, 0xF1, 0xA7, 0x1D, 0x97,
    0x33, 0x5E, 0x54, 0x8C, 0x6C, 0x78, 0x13, 0x2A, 0xAB, 0x61, 0x2E, 0x93, 0x1D, 0x6B, 0x7C, 0x58,
    0xB3, 0x61, 0x59, 0xD2, 0x92, 0x15, 0x64, 0x63, 0x42, 0xE2, 0x9B, 0x1A, 0xEC, 0x8D, 0x0A, 0xEC,
    0x75, 0x03, 0xF6, 0x6A, 0xCB, 0xCA, 0x65, 0x4E, 0x96, 0x91, 0xA5, 0xFB, 0x2C, 0x5B, 0xBE, 0x01,
    0x83, 0xA8, 0xB1, 0x0A, 0x2C, 0xE7, 0x46, 0x72, 0x6D, 0xA4, 0x80, 0x1B, 0x36, 0xAE, 0x82, 0xD2,
    0x12, 0x9E, 0x6C, 0x62, 0x69, 0x0D, 0xE0, 0x84, 0x1B, 0x1E, 0x76, 0xF9, 0x6C, 0x44, 0x76, 0x48,
    0x36, 0x65, 0x46, 0x69, 0xC9, 0xA6, 0x67, 0xF7, 0xDC, 0xD3, 0x8C, 0x7E, 0x9A, 0xE6, 0x78, 0x16,
    0x57, 0xB0, 0x1E, 0xDC, 0x10, 0x7A, 0x2D, 0x08, 0x49, 0x04, 0xC8, 0x2E, 0x7A, 0xE7, 0x8C, 0x5E,
    0xD5, 0xA1, 0x86, 0x43, 0x94, 0xF2, 0x3E, 0xAA, 0xA0, 0x3E, 0x3B, 0xB6, 0x5D, 0xC4, 0x1C, 0xAB,
    0x87, 0x44, 0xCB, 0xC9, 0x99, 0x98, 0xEF, 0xD6, 0x0C, 0x4C, 0x27, 0xE6, 0xEC, 0xA2, 0x98, 0x4C,
    0x55, 0x60, 0xED, 0xD9, 0x37, 0xDE, 0x3B, 0x13, 0x73, 0x74, 0x26, 0x66, 0x7D, 0x41, 0x4C, 0x4E,
    0x2F, 0x69, 0xF9, 0x18, 0x0B, 0x05, 0xA2, 0x12, 0x72, 0x82, 0xC8, 0x95, 0xFC, 0x0C, 0x0C, 0x8F,
    0x8B, 0xA5, 0xA8, 0x61, 0xD9, 0x01, 0x1D, 0xC5, 0xC7, 0x79, 0x84, 0x2D, 0x51, 0xEC, 0xAF, 0x6B,
    0xE7, 0x8F, 0x5D, 0xDE, 0x4E, 0xE5, 0x14, 0x38, 0xC7, 0x4D, 0xD0, 0xD8, 0x16, 0xEA, 0x2C, 0xEE,
    0x22, 0xD5, 0x20, 0x3B, 0x1E, 0x6D, 0xBA, 0x8A, 0xBB, 0x0F, 0x1A, 0x21, 0xA5, 0xB3, 0xEA, 0x4E,
    0x9D, 0x07, 0xC3, 0x91, 0xE8, 0x90, 0x21, 0xAB, 0x6E, 0xDE, 0x8D, 0xF3, 0xDF, 0x82, 0x6E, 0x20,
    0xDB, 0x6E, 0x21, 0x74, 0x59, 0x25, 0xA4, 0xC4, 0xFE, 0x15, 0xAA, 0x73, 0xB2, 0xC3, 0x32, 0x65,
    0xB6, 0x7F, 0x5C, 0x1F, 0xC4, 0xFA, 0xF6, 0x6D, 0xD0, 0x0F, 0x70, 0x62, 0xA7, 0x4F, 0xAE, 0xF5,
    0x1C, 0xD0, 0x61, 0x67, 0x3C, 0x87, 0x3F, 0x21, 0x3E, 0x32, 0x85, 0xF4, 0x96, 0xCA, 0x0F, 0x62,
    0x48, 0x2A, 0xAC, 0x16, 0x91, 0x2E, 0x7D, 0x56, 0xCC, 0xC2, 0xDC, 0x22, 0xAC, 0x7A, 0x5C, 0x22,
    0x1F, 0xEE, 0xF9, 0x1D, 0xF8, 0x94, 0x2E, 0x6B, 0x02, 0xDB, 0xB6, 0x58, 0x9B, 0xB0, 0x96, 0x44,
    0xCD, 0x1C, 0xB0, 0x74, 0xF6, 0x1A, 0xB8, 0xB8, 0xB4, 0x48, 0x45, 0xD2, 0x86, 0x10, 0xEC, 0x26,
    0x5A, 0x1D, 0xC9, 0x62, 0xEA, 0x84, 0x49, 0x2C, 0xF9, 0x0D, 0xD3, 0x19, 0x01, 0x30, 0xA2, 0x49,
    0x42, 0x9A, 0xE4, 0xAC, 0x7C, 0x19, 0xEE, 0xA2, 0x7E, 0xC7, 0x02, 0x0D, 0x8B, 0xC0, 0x2A, 0xD1,
    0x01, 0x11, 0x31, 0xE6, 0x47, 0x1F, 0x69, 0x2D, 0x9A, 0x63, 0xB5, 0xA0, 0x8A, 0x67, 0x6E, 0xBD,
    0x38, 0xC3, 0x8A, 0x48, 0xBF, 0x09, 0x0B, 0x62, 0xF3, 0x52, 0xFC, 0x2A, 0x26, 0xA9, 0xFB, 0xF1,
    0xEF, 0xA0, 0xCF, 0xA6, 0x17, 0xDD, 0xC1, 0xF2, 0xD3, 0x03, 0x76, 0x29, 0xB2, 0x55, 0x07, 0x5F,
    0xE1, 0x63, 0x80, 0xE4, 0x43, 0x49, 0x8C, 0xE7, 0x7A, 0x20, 0x34, 0x21, 0x94, 0x46, 0x8B, 0xCB,
    0xB1, 0xBA, 0x83, 0x64, 0x77, 0x3C, 0x77, 0xCB, 0x9F, 0xA8, 0x6C, 0x11, 0x5A, 0x1D, 0x19, 0xD4,
    0xA0, 0x7E, 0xE3, 0x9D, 0xEE, 0x67, 0xCC, 0xB4, 0x9B, 0x7E, 0xC8, 0x17, 0xE6, 0x5D, 0xF6, 0x3E,
    0x4D, 0xD4, 0xFC, 0x99, 0x30, 0xD1, 0xB9, 0xF4, 0xDC, 0x40, 0xF7, 0x6C, 0x19, 0x58, 0x4C, 0x20,
    0xA0, 0xEF, 0xA2, 0x42, 0x28, 0x00, 0x50, 0x7A, 0xB8, 0x7B, 0x75, 0x62, 0x9B, 0xC4, 0x26, 0xDA,
    0xAF, 0x23, 0xB4, 0x1A, 0x81, 0x09, 0xB5, 0x6F, 0x90, 0xAA, 0x5B, 0x68, 0x66, 0xCA, 0x1A, 0x16,
    0xE5, 0x7B, 0x4A, 0xB0, 0xC3, 0x8A, 0xAC, 0x2B, 0x61, 0x91, 0x0B, 0xC4, 0x67, 0x70, 0x6D, 0x38,
    0x4B, 0xCE, 0xAC, 0x35, 0x9B, 0xEC, 0x6B, 0xE6, 0x96, 0xDB, 0xC4, 0x55, 0x1A, 0x8B, 0x8A, 0x8C,
    0xCA, 0xAE, 0x81, 0xCA, 0x96, 0x15, 0xE4, 0xB2, 0x06, 0x47, 0x60, 0xA1, 0x15, 0xF0, 0xCB, 0x19,
    0x8A, 0x04, 0x80, 0x9C, 0xA3, 0xD5, 0xF5, 0xA2, 0x9E, 0xED, 0x4C, 0xE5, 0xD1, 0xCE, 0xA2, 0x1E,
    0xEE, 0x74, 0x5D, 0x0F, 0xFA, 0x90, 0x1B, 0xA7, 0x3D, 0xC9, 0x53, 0xB2, 0xEC, 0x3F, 0xD0, 0x88,
    0x84, 0x39, 0x77, 0x8C, 0xAA, 0x09, 0x0D, 0x4A, 0xD7, 0xA9, 0x70, 0x68, 0x37, 0xEE, 0xC5, 0x73,
    0x43, 0x51, 0x4B, 0xAD, 0x23, 0xDD, 0xB0, 0xF9, 0x7A, 0x84, 0xD3, 0x33, 0x18, 0xBB, 0x03, 0xD3,
    0x0B, 0x8B, 0x66, 0x09, 0xFE, 0x91, 0x47, 0x77, 0x74, 0xEC, 0x03, 0x0F, 0x6B, 0x74, 0x95, 0x07,
    0xD2, 0x5F, 0xDD, 0xD8, 0x50, 0xE8, 0xA0, 0x2B, 0x7E, 0xA2, 0x4A, 0x92, 0x8C, 0x86, 0x6B, 0xE5,
    0x9A, 0x77, 0x0B, 0x5A, 0x40, 0x7C, 0x65, 0x1F, 0x19, 0xE9, 0x21, 0x91, 0xBE, 0xC2, 0x64, 0xC4,
    0x6C, 0xB4, 0x01, 0xA8, 0x25, 0x46, 0x6E, 0x34, 0xAE, 0x33, 0x74, 0x04, 0x47, 0x44, 0xA7, 0x06,
    0x0D, 0x17, 0xCA, 0x5B, 0x16, 0x7B, 0x74, 0x17, 0x74, 0xB4, 0xAE, 0xE8, 0x3E, 0xA3, 0x0F, 0x76,
    0x24, 0xDE, 0x5F, 0xB0, 0xD3, 0xEE, 0x60, 0x2F, 0x67, 0x57, 0x08, 0xEC, 0xC8, 0x83, 0x73, 0x04,
    0x3C, 0x61, 0x99, 0x95, 0x03, 0x02, 0xBF, 0x5D, 0xB8, 0xC2, 0x81, 0x31, 0x2E, 0x43, 0xC0, 0x74,
    0x93, 0x7C, 0xD9, 0xA2, 0xC8, 0x9F, 0xCA, 0x2B, 0xAD, 0xB3, 0x4F, 0xE3, 0x78, 0xEB, 0x6A, 0x82,
    0x4C, 0x3D, 0x93, 0xB0, 0xE3, 0x75, 0x2D, 0x06, 0xFB, 0x1C, 0xF6, 0x37, 0xDE, 0x4C, 0xCE, 0xF7,
    0x2C, 0x32, 0x1C, 0x01, 0x4F, 0x00, 0x5E, 0x5F, 0x12, 0x22, 0x07, 0x78, 0x6D, 0x80, 0xB7, 0x1F,
    0x24, 0xDE, 0xCF, 0xA0, 0xB1, 0x14, 0x15, 0x4D, 0xB4, 0x48, 0x2B, 0x46, 0xAF, 0x0C, 0x59, 0xDD,
    0x27, 0x5F, 0x37, 0x40, 0xFD, 0xA9, 0x0C, 0x30, 0xCC, 0xB2, 0x39, 0x5D, 0x9C, 0x13, 0xE0, 0x85,
    0xC4, 0xCE, 0xD9, 0x01, 0x40, 0x80, 0xAB, 0x40, 0x49, 0xE3, 0xCF, 0x7F, 0x41, 0x3F, 0x2E, 0xE9,
    0x7E, 0x08, 0x74, 0xD4, 0xCE, 0xE9, 0x3D, 0xA2, 0xCA, 0xF7, 0x5D, 0xE9, 0x89, 0x20, 0xB3, 0x63,
    0xA7, 0x0E, 0x88, 0xD1, 0x3B, 0xB8, 0x3E, 0x3C, 0x73, 0x3D, 0x48, 0xE2, 0x7A, 0x92, 0x24, 0x1F,
    0xB9, 0x1E, 0x05, 0x18, 0x22, 0x84, 0x06, 0x22, 0x03, 0x4B, 0x4F, 0x20, 0x29, 0x31, 0xB6, 0xEC,
    0x21, 0xC4, 0x11, 0xE6, 0x28, 0x29, 0xD1, 0x29, 0x21, 0x1B, 0xB3, 0x5F, 0x59, 0xC5, 0x98, 0x42,
    0xBB, 0x70, 0x75, 0x85, 0xF3, 0x7D, 0xDA, 0x93, 0xE8, 0x2F, 0x56, 0x45, 0x8B, 0x02, 0x36, 0x8F,
    0x4A, 0x06, 0xD5, 0xC3, 0x28, 0xBD, 0x9B, 0x34, 0x45, 0x9B, 0x21, 0x5A, 0x43, 0x1D, 0x57, 0x8C,
    0x14, 0x58, 0x5A, 0x65, 0x65, 0x52, 0x86, 0x0F, 0x9C, 0x69, 0x93, 0xB5, 0xCE, 0x5D, 0xF8, 0xF7,
    0x01, 0x3A, 0x07, 0xEF, 0x7A, 0x44, 0xCC, 0xFF, 0xFE, 0xF8, 0x68, 0xBD, 0x26, 0x33, 0x59, 0x7E,
    0x2A, 0x6B, 0xFA, 0x80, 0xAC, 0x1B, 0xEB, 0x91, 0x06, 0x2E, 0xEB, 0xB1, 0x8A, 0x34, 0xF1, 0xAC,
    0x91, 0x08, 0x15, 0x03, 0xFA, 0x68, 0x89, 0xBE, 0x36, 0xDD, 0x6F, 0x64, 0x9B, 0xC8, 0x75, 0x59,
    0x29, 0x32, 0x48, 0x5C, 0x15, 0x6D, 0x54, 0xAF, 0xAA, 0x02, 0x7E, 0x16, 0x3D, 0xF4, 0x4C, 0xEB,
    0xA2, 0x5D, 0x55, 0xBF, 0x92, 0x5F, 0x4B, 0xF6, 0xA9, 0xFD, 0x39, 0x4A, 0x58, 0xBB, 0xFF, 0xCD,
    0x7E, 0x19, 0x9A, 0xA8, 0x0E, 0xAB, 0xB0, 0x04, 0xD0, 0x74, 0xDC, 0x3C, 0x0A, 0x4F, 0x9B, 0xA4,
    0x59, 0xC3, 0xDE, 0xB3, 0x36, 0x5D, 0xAC, 0x2A, 0x37, 0x23, 0xE7, 0xC3, 0x6C, 0x6E, 0x2E, 0xF3,
    0x30, 0x4A, 0x9B, 0xB5, 0x13, 0xBE, 0x47, 0xFB, 0x87, 0x28, 0xA0, 0xE0, 0xEB, 0x2E, 0x89, 0x4F,
    0xC1, 0x5B, 0x97, 0xBF, 0x93, 0x73, 0x94, 0xBA, 0xFB, 0xCC, 0xEF, 0xE9, 0xB7, 0x28, 0x96, 0x99,
    0x63, 0xE0, 0x76, 0xAB, 0xDE, 0xAE, 0x14, 0x1F, 0xA2, 0xF2, 0xA2, 0x4D, 0xAB, 0x98, 0x36, 0x35,
    0x97, 0x53, 0x58, 0xB9, 0x92, 0xE3, 0x9E, 0x75, 0xFE, 0x14, 0xFD, 0x59, 0x5D, 0xD0, 0xF7, 0xB8,
    0xED, 0x48, 0xD0, 0x8F, 0x3F, 0x7A, 0xC0, 0xCC, 0x10, 0x30, 0xF0, 0xC5, 0x05, 0x02, 0x6D, 0x7D,
    0x70, 0x31, 0xF0, 0xE8, 0xB0, 0xA0, 0x55, 0xB5, 0x9B, 0x7D, 0xDA, 0x26, 0x76, 0x1A, 0x9A, 0x5E,
    0x58, 0x3E, 0xF3, 0x90, 0x28, 0x00, 0xFE, 0x24, 0xB6, 0xCC, 0xDE, 0x2E, 0xA7, 0x7E, 0x39, 0x15,
    0x55, 0x28, 0xC9, 0x4E, 0x20, 0xAA, 0x76, 0xFF, 0xCE, 0x98, 0x8F, 0x7D, 0x83, 0x14, 0xB1, 0xD8,
    0xD7, 0x00, 0x74, 0x14, 0x54, 0x7E, 0x4E, 0xA9, 0x71, 0xC5, 0x47, 0xC8, 0xB9, 0xF9, 0xE6, 0xB1,
    0xEA, 0x7E, 0x5E, 0x7A, 0x21, 0x37, 0xF9, 0x40, 0xA7, 0x6B, 0x70, 0xDE, 0x55, 0x65, 0x75, 0xA6,
    0xD3, 0xAE, 0x6F, 0x7B, 0x08, 0xC1, 0x4D, 0xCA, 0x54, 0x87, 0xF6, 0x5B, 0xB4, 0xD5, 0x9F, 0xB5,
    0x4E, 0xD1, 0xD7, 0x1F, 0x5F, 0xCF, 0x9A, 0xAC, 0x49, 0xCA, 0xB5, 0x92, 0x4E, 0x04, 0xE0, 0x42,
    0x5B, 0x1B, 0x0B, 0x91, 0x15, 0x99, 0x94, 0x69, 0x94, 0x39, 0x14, 0x39, 0xAD, 0x66, 0xDA, 0x84,
    0x47, 0x2F, 0xFF, 0x84, 0x70, 0xF8, 0xFD, 0x38, 0x56, 0xC6, 0xBB, 0x9A, 0x69, 0x3A, 0xD5, 0x29,
    0xA4, 0x45, 0x18, 0x01, 0xFE, 0x07, 0xFC, 0xFB, 0xB2, 0x7A, 0xCF, 0x20, 0x8C, 0xCD, 0x6D, 0xC3,
    0x96, 0xD8, 0xD4, 0x98, 0xC3, 0x98, 0x03, 0xCC, 0x72, 0xAF, 0xDA, 0x32, 0x8C, 0x8E, 0xBE, 0xE1,
    0x3F, 0x41, 0x68, 0xCA, 0x25, 0xCB, 0x19, 0x27, 0x99, 0x5A, 0xCE, 0xCB, 0x99, 0x3D, 0x55, 0x98,
    0x18, 0xF5, 0x05, 0xCA, 0x90, 0x6A, 0x2A, 0x7E, 0x8D, 0xF7, 0x58, 0x24, 0x65, 0x1C, 0x97, 0x77,
    0xB1, 0xF5, 0x3F, 0x40, 0xD2, 0xE7, 0x0C, 0x97, 0x43, 0xD9, 0x54, 0xC5, 0xF6, 0xC2, 0x03, 0xF8,
    0x9F, 0xEE, 0x46, 0xAF, 0x95, 0x61, 0xB7, 0x9B, 0x1C, 0xB9, 0x15, 0xEB, 0x63, 0x37, 0x0D, 0x76,
    0x33, 0xC5, 0x6E, 0xFA, 0x90, 0x64, 0x80, 0xF9, 0x12, 0x26, 0xC4, 0xEA, 0xBE, 0xAF, 0xB8, 0xEA,
    0x44, 0xF8, 0xEF, 0x93, 0x4B, 0xB1, 0x28, 0x0E, 0x64, 0x75, 0xE3, 0x7A, 0x66, 0xDB, 0xC1, 0xA4,
    0xED, 0xF9, 0x66, 0xC5, 0xF5, 0x29, 0x5D, 0x41, 0x0C, 0x40, 0x60, 0xEF, 0xAF, 0x7F, 0x92, 0xE4,
    0x2F, 0x66, 0x76, 0x8E, 0x8B, 0xB9, 0x02, 0x69, 0xE9, 0x84, 0x28, 0xF9, 0xE0, 0x85, 0x12, 0xC8,
    0xF5, 0x69, 0x2C, 0x51, 0xA3, 0xEE, 0x4F, 0xBB, 0x07, 0x87, 0x19, 0x26, 0x36, 0x79, 0x9E, 0x6A,
    0xBA, 0xEC, 0xD8, 0x59, 0x91, 0x71, 0xBE, 0x56, 0xF2, 0xBF, 0xC9, 0xF3, 0x27, 0x8A, 0x13, 0x20,
    0xBC, 0x67, 0x2E, 0xDE, 0x0D, 0xAB, 0xB1, 0x7E, 0xDF, 0x55, 0x01, 0xA8, 0x61, 0xF2, 0xF7, 0x36,
    0xAD, 0x5C, 0x03, 0x6C, 0xFD, 0x1F, 0xBD, 0x59, 0x3D, 0x6C, 0x1C, 0xC7, 0x15, 0x7E, 0xBB, 0x6B,
    0x69, 0x05, 0x2D, 0xC0, 0x61, 0x21, 0x26, 0x8A, 0x49, 0x6B, 0x98, 0x54, 0x82, 0x42, 0x72, 0x53,
    0xA8, 0xA0, 0x81, 0xBD, 0xDB, 0x71, 0x54, 0xA4, 0x48, 0x11, 0x02, 0x89, 0xAA, 0x00, 0x51, 0xCA,
    0x84, 0x45, 0xE4, 0xC2, 0x05, 0x0B, 0x92, 0xB7, 0xB2, 0x12, 0xA4, 0x8C, 0x7A, 0x17, 0x61, 0xA1,
    0xC2, 0x39, 0x17, 0x62, 0xA1, 0x82, 0xC5, 0x91, 0x3B, 0x91, 0x4B, 0x17, 0x5E, 0xC1, 0x01, 0x5C,
    0x66, 0x91, 0x00, 0x4C, 0x60, 0x15, 0x1C, 0x04, 0x57, 0x2C, 0xA9, 0xE5, 0x8D, 0xBF, 0x37, 0xBB,
    0x47, 0x52, 0x51, 0xAC, 0xC8, 0x12, 0xC5, 0xBD, 0x7B, 0x8F, 0x7B, 0x3B, 0xB3, 0xEF, 0xBD, 0x79,
    0xF3, 0x7E, 0x87, 0x57, 0xD7, 0xD7, 0x2F, 0x11, 0xCD, 0x25, 0x49, 0xD2, 0x71, 0x57, 0x77, 0x9D,
    0xE8, 0x02, 0xD1, 0xBC, 0xFB, 0x2E, 0x90, 0x6F, 0x2B, 0x71, 0x50, 0xC7, 0x2A, 0xE9, 0xD2, 0xDC,
    0x1A, 0xD1, 0x2A, 0xD1, 0xC0, 0xE1, 0x2E, 0x51, 0x4A, 0x17, 0xC4, 0x6E, 0x1D, 0x58, 0x83, 0x69,
    0xED, 0xFC, 0xCB, 0x44, 0xD3, 0x07, 0x8A, 0xAC, 0x2D, 0xFC, 0xC3, 0xEF, 0x16, 0x81, 0x09, 0x74,
    0x50, 0xFA, 0x00, 0x22, 0x07, 0x86, 0xA8, 0x87, 0xE9, 0x3F, 0x3C, 0xD8, 0x70, 0xF7, 0xFE, 0x31,
    0xDC, 0xF3, 0x8D, 0x57, 0x62, 0x6E, 0x19, 0x5B, 0x5B, 0xF6, 0x00, 0x84, 0xEB, 0x21, 0x45, 0xB4,
    0x6E, 0x2D, 0xC9, 0xA7, 0x35, 0x09, 0x35, 0x20, 0x49, 0x09, 0xC5, 0x00, 0xFE, 0x2B, 0xD4, 0x16,
    0xC9, 0x27, 0xB5, 0x1B, 0xFF, 0x00, 0xF3, 0xF8, 0xEA, 0xDF, 0xBF, 0xD8, 0xB7, 0x95, 0xB4, 0x52,
    0xFB, 0x46, 0x80, 0x6B, 0x50, 0x86, 0x7C, 0xA7, 0xA8, 0x92, 0x10, 0xBB, 0x03, 0xA1, 0x57, 0xC9,
    0xEB, 0xED, 0xAB, 0x08, 0xF2, 0xF1, 0xFC, 0xF3, 0xFD, 0x7E, 0xE6, 0xEE, 0x23, 0x4D, 0x0E, 0xE2,
    0x8A, 0x28, 0x3F, 0x24, 0x32, 0xE3, 0x8B, 0x67, 0x6D, 0x8E, 0x7F, 0x6C, 0xF8, 0x23, 0x25, 0x6D,
    0x99, 0xFA, 0xE5, 0xAA, 0x57, 0xAC, 0xF2, 0xFA, 0x49, 0x16, 0x24, 0x2A, 0xEA, 0xE4, 0xAA, 0x12,
    0xC5, 0x30, 0x30, 0x15, 0x99, 0x1D, 0x32, 0xE9, 0xA3, 0x32, 0xB2, 0x9A, 0x72, 0x0C, 0x6B, 0x0A,
    0x8B, 0x5F, 0x07, 0xE5, 0x66, 0x50, 0x6C, 0x49, 0x9D, 0x5B, 0xFA, 0xCE, 0x06, 0x25, 0x91, 0x5A,
    0x17, 0xBA, 0x03, 0xA9, 0x70, 0xF9, 0x79, 0x06, 0x3A, 0xB6, 0x26, 0xAF, 0xA2, 0x58, 0x05, 0x9A,
    0x82, 0x42, 0xD0, 0xEF, 0x94, 0xB9, 0x12, 0xD8, 0x72, 0x2B, 0x11, 0x59, 0x91, 0x24, 0x82, 0xEE,
    0x25, 0x8B, 0x90, 0x7F, 0xDE, 0xA1, 0x04, 0x08, 0xCF, 0x14, 0x50, 0xB4, 0x5B, 0xAE, 0x48, 0xDF,
    0x66, 0x46, 0x64, 0xE4, 0x63, 0xAD, 0x84, 0xBF, 0xA3, 0x9B, 0x3B, 0xE0, 0xEA, 0xB4, 0x87, 0x4D,
    0x9D, 0x1E, 0x52, 0x3E, 0xA2, 0x4D, 0x49, 0x93, 0x82, 0xCE, 0xDD, 0x82, 0xEA, 0xC9, 0x08, 0xFE,
    0xEE, 0xE7, 0x2A, 0xFD, 0xDC, 0x69, 0x80, 0x78, 0xAB, 0x1A, 0x6D, 0x78, 0xFA, 0xFD, 0x40, 0x1B,
    0x71, 0xA3, 0xE8, 0x8A, 0x6C, 0x10, 0x53, 0xDD, 0xA5, 0x35, 0xA9, 0x64, 0xA4, 0xA3, 0x47, 0x26,
    0x28, 0x0C, 0xA9, 0xC9, 0x1C, 0x9A, 0xB6, 0xD6, 0x42, 0x6E, 0xF1, 0x3F, 0x00, 0xD7, 0xC5, 0x7F,
    0x13, 0x8D, 0x1E, 0x64, 0x81, 0xF6, 0x8C, 0xB8, 0xB6, 0xB1, 0x38, 0xB7, 0x30, 0x98, 0x59, 0x9C,
    0x99, 0x98, 0xB8, 0x3E, 0x33, 0x2F, 0x7E, 0x24, 0x87, 0xE2, 0xFA, 0xCC, 0x8A, 0x58, 0x9C, 0x99,
    0x9B, 0x48, 0x16, 0x26, 0x66, 0xDE, 0xB9, 0x76, 0x71, 0x25, 0x52, 0x64, 0xFC, 0xFD, 0x5B, 0x19,
    0x6B, 0xFD, 0x5A, 0x3F, 0xB5, 0x53, 0x37, 0x3D, 0x15, 0x57, 0x5B, 0x0B, 0x46, 0xF0, 0x67, 0x6D,
    0x2D, 0x1E, 0x92, 0xB3, 0xA9, 0x67, 0xA0, 0xCB, 0x16, 0x64, 0xA1, 0x32, 0xFB, 0xFC, 0xD8, 0xA5,
    0x66, 0x45, 0x3C, 0xCE, 0x00, 0xB2, 0xE9, 0x88, 0x16, 0x63, 0x9A, 0x95, 0x6C, 0xC8, 0xB0, 0x19,
    0x1A, 0x42, 0xBF, 0x24, 0x15, 0x5E, 0x67, 0x65, 0x4C, 0x57, 0x7C, 0xB3, 0xE8, 0xD4, 0x43, 0xEB,
    0x14, 0x55, 0x30, 0x0E, 0xB7, 0x18, 0xA1, 0xDE, 0xCD, 0x29, 0xAD, 0x1B, 0x72, 0x64, 0x82, 0x4A,
    0x16, 0xEB, 0x34, 0x4B, 0x53, 0x6A, 0x4A, 0xE5, 0x3A, 0x2D, 0x62, 0x3D, 0x5D, 0xC0, 0xBC, 0x5E,
    0x00, 0x61, 0x21, 0xCA, 0xB8, 0x10, 0xF6, 0x69, 0x25, 0xEC, 0x17, 0xB5, 0xF8, 0x3D, 0xF1, 0xDE,
    0x90, 0xD0, 0xC7, 0xC0, 0xD6, 0xE6, 0xC1, 0xFC, 0xA4, 0xB5, 0x3A, 0x1D, 0x6D, 0x53, 0x5E, 0x25,
    0x64, 0x4F, 0x40, 0x0F, 0x90, 0x02, 0x22, 0x00, 0x6D, 0xBD, 0x1C, 0x78, 0xED, 0x7C, 0x6F, 0xE9,
    0x12, 0xAD, 0x1E, 0x0E, 0xE8, 0x1D, 0x98, 0xD4, 0x74, 0x49, 0x66, 0xD9, 0xE4, 0xDA, 0xD7, 0xB1,
    0xCE, 0xF5, 0xCF, 0x75, 0x70, 0xF4, 0x09, 0x8B, 0xB4, 0xF6, 0xF7, 0x61, 0x2C, 0x59, 0x27, 0xD4,
    0x83, 0xA0, 0xAC, 0x7C, 0x33, 0xF4, 0x4D, 0xE5, 0x97, 0x83, 0xA0, 0x48, 0x6F, 0x67, 0x62, 0xD4,
    0x2E, 0x3F, 0x67, 0x7F, 0x64, 0x03, 0x79, 0x7F, 0x86, 0x56, 0x25, 0xC5, 0x91, 0x16, 0x77, 0xCB,
    0xF0, 0xF1, 0x10, 0x6F, 0xC0, 0x34, 0x64, 0xC8, 0xA6, 0xBC, 0xB5, 0x40, 0x93, 0x6F, 0x91, 0x5F,
    0x50, 0x08, 0xE5, 0xC1, 0x10, 0x61, 0xD3, 0x25, 0xAB, 0xFC, 0x07, 0x25, 0x87, 0x0A, 0xBF, 0x84,
    0xE2, 0x81, 0x9D, 0xAB, 0x97, 0x30, 0x72, 0xE0, 0x28, 0xAB, 0x80, 0xA5, 0x5F, 0x53, 0x38, 0xEC,
    0x84, 0x03, 0x8A, 0x0F, 0x07, 0x22, 0x61, 0x65, 0xCF, 0x25, 0x3C, 0xBC, 0x02, 0x1C, 0x6A, 0x03,
    0x2C, 0xDE, 0xB3, 0x16, 0x26, 0x42, 0xFD, 0x91, 0xE2, 0x1D, 0xE4, 0x95, 0x3A, 0xBC, 0xC4, 0xB2,
    0x79, 0x25, 0x85, 0x19, 0x09, 0xE3, 0x38, 0xBA, 0x30, 0xF4, 0x7D, 0xC3, 0x83, 0x9E, 0x61, 0x8E,
    0x9E, 0xC1, 0x5F, 0x60, 0xE6, 0xE8, 0x99, 0xE8, 0x23, 0xEC, 0xAF, 0x11, 0xB1, 0xA5, 0xF3, 0xC3,
    0xCE, 0x9C, 0xC8, 0xE2, 0xD1, 0xEA, 0x65, 0xDE, 0x15, 0xC3, 0x3B, 0xEE, 0x3B, 0x71, 0x31, 0x71,
    0xC0, 0x06, 0xC0, 0x82, 0x4A, 0xB7, 0x45, 0x88, 0x37, 0xE0, 0xBE, 0x05, 0x3B, 0xD1, 0x34, 0xC9,
    0x1C, 0x61, 0x33, 0x58, 0x26, 0xCC, 0x06, 0x73, 0x61, 0x39, 0x78, 0x15, 0xC6, 0x03, 0xFB, 0x82,
    0xFD, 0x80, 0x2F, 0x4C, 0x08, 0xD2, 0xC1, 0x8A, 0x38, 0x70, 0xB0, 0x2B, 0x01, 0xFF, 0x44, 0xE7,
    0xF4, 0x6E, 0x2E, 0xBC, 0x3D, 0x58, 0xD4, 0x42, 0xF0, 0x39, 0x06, 0x92, 0x08, 0xE2, 0x52, 0x75,
    0x45, 0xB0, 0x58, 0xF0, 0x6F, 0x18, 0x65, 0x0F, 0x2E, 0x1B, 0x65, 0xD7, 0xF2, 0x7B, 0xBC, 0x12,
    0xE1, 0xCC, 0x5C, 0x8C, 0x0D, 0xFA, 0x12, 0x13, 0x27, 0xF8, 0xF5, 0xD5, 0x76, 0x47, 0xE8, 0x7B,
    0xCE, 0x9E, 0x31, 0x67, 0x8D, 0xFC, 0x8A, 0xA2, 0x12, 0xFB, 0xDC, 0xFC, 0xE2, 0x89, 0x69, 0x5F,
    0x4B, 0x5B, 0x78, 0x7F, 0x69, 0xE7, 0x46, 0xEC, 0x9B, 0x82, 0x5D, 0xC9, 0x77, 0x3B, 0x2A, 0xC7,
    0x44, 0xE8, 0x3E, 0x20, 0xA8, 0xC7, 0x28, 0xE2, 0x51, 0xD1, 0x63, 0xC4, 0x53, 0x16, 0x58, 0x35,
    0x1D, 0xB6, 0xD4, 0x55, 0xD6, 0x43, 0xC5, 0xE1, 0x1B, 0x01, 0x0E, 0xE9, 0xC0, 0xC2, 0x89, 0xAC,
    0xAD, 0xD8, 0x93, 0x6A, 0xD6, 0xD1, 0x36, 0xDB, 0xF6, 0x3A, 0xE5, 0xA5, 0x8F, 0x48, 0x52, 0x71,
    0x36, 0x68, 0x2E, 0xE1, 0x8C, 0x87, 0x9C, 0x52, 0x80, 0xB2, 0x37, 0xCF, 0xD7, 0xE3, 0x55, 0x86,
    0x08, 0xDF, 0x14, 0x3F, 0x00, 0x95, 0x84, 0xF7, 0xFD, 0x4D, 0xB3, 0x64, 0xEA, 0xF1, 0x2E, 0x5E,
    0xEB, 0xC2, 0x42, 0x68, 0xF6, 0xED, 0x37, 0xBF, 0xCA, 0x85, 0x90, 0x53, 0x06, 0xBF, 0xBB, 0x10,
    0x9D, 0xC1, 0x02, 0xEF, 0x1F, 0xD1, 0x13, 0x63, 0xE4, 0x7E, 0xBA, 0x81, 0x37, 0xC7, 0xD7, 0xEF,
    0xF7, 0xFB, 0x1B, 0x14, 0x22, 0xDF, 0xC0, 0x9E, 0xF2, 0x83, 0x3E, 0xF0, 0x81, 0x81, 0x5B, 0x79,
    0xFF, 0x31, 0x84, 0xE2, 0xE1, 0x1F, 0x6C, 0x65, 0xE1, 0x23, 0xE7, 0x66, 0x1F, 0x32, 0x46, 0x22,
    0x44, 0x46, 0xE8, 0x3A, 0xBC, 0xCA, 0xFE, 0x4B, 0xEE, 0x4D, 0xCF, 0xE1, 0x80, 0x43, 0xCF, 0x24,
    0xD7, 0x02, 0xB4, 0x29, 0x32, 0x60, 0x93, 0x23, 0x43, 0x5B, 0x63, 0x87, 0x31, 0x8F, 0x4F, 0xEF,
    0xF3, 0xBC, 0x32, 0xDC, 0xFF, 0x25, 0xAA, 0x06, 0xCF, 0xA4, 0xCA, 0x2B, 0x91, 0xDA, 0x11, 0xF2,
    0x09, 0x82, 0xB9, 0x7A, 0x87, 0xEA, 0xF6, 0x9E, 0x81, 0xD7, 0x97, 0xF2, 0xB6, 0x6B, 0xCA, 0xC4,
    0x30, 0x34, 0x58, 0x89, 0x76, 0x55, 0x03, 0x6F, 0x0C, 0xAF, 0xD1, 0xE7, 0xD9, 0xA8, 0x36, 0x26,
    0xF0, 0xA6, 0x1C, 0x36, 0x1B, 0xF4, 0x90, 0x25, 0xE2, 0x97, 0xCA, 0xA6, 0xE4, 0xC1, 0xB5, 0xDC,
    0xEF, 0x2B, 0xAC, 0x2F, 0x93, 0x5F, 0x7D, 0x92, 0x21, 0x6D, 0x00, 0x7C, 0x75, 0x32, 0x45, 0x08,
    0x28, 0x48, 0xA0, 0x34, 0x78, 0xE6, 0x99, 0xF6, 0x30, 0x27, 0xD0, 0x0C, 0xC8, 0xC7, 0xDA, 0x32,
    0xEF, 0x36, 0x12, 0x72, 0x1C, 0x24, 0xAE, 0x27, 0x2A, 0x3A, 0x5D, 0xFA, 0xBC, 0x97, 0xBD, 0x82,
    0xFC, 0x03, 0xEC, 0x9A, 0x4E, 0x4E, 0x95, 0xB6, 0x5F, 0x6C, 0xA1, 0x12, 0xAC, 0xA1, 0xB6, 0xAD,
    0x53, 0xD6, 0xC9, 0x22, 0x54, 0x21, 0x87, 0x1E, 0xF4, 0xBE, 0xFC, 0xB1, 0xAD, 0x25, 0x46, 0xBF,
    0xE9, 0xD3, 0x1B, 0x5A, 0xDE, 0xB0, 0xCD, 0xB0, 0x4A, 0x8B, 0x35, 0x7A, 0xB9, 0xF9, 0xC8, 0x17,
    0xA2, 0xA6, 0xB4, 0x47, 0x43, 0x17, 0xD8, 0xDE, 0xEE, 0x73, 0x4A, 0x08, 0x0D, 0x57, 0xB5, 0x2F,
    0xF3, 0x95, 0x87, 0x3C, 0x1F, 0xA1, 0x7F, 0x5B, 0xAA, 0x55, 0x17, 0x28, 0x5F, 0x8D, 0xC2, 0x72,
    0xFF, 0x1E, 0x97, 0x64, 0x24, 0xBF, 0xCA, 0xB9, 0xEA, 0x60, 0xF3, 0xAD, 0xA1, 0x12, 0x86, 0x6D,
    0x00, 0x6A, 0xE3, 0x8C, 0xA1, 0xCB, 0xF7, 0x80, 0xB5, 0x76, 0x0C, 0x10, 0x0C, 0x85, 0x96, 0x25,
    0xD4, 0xA5, 0xD8, 0x0F, 0x9B, 0x38, 0x26, 0x77, 0x8B, 0xFF, 0x8E, 0x63, 0xCB, 0x19, 0xF5, 0x37,
    0xAC, 0xF1, 0xAD, 0x91, 0x28, 0x50, 0x79, 0xCD, 0x40, 0x39, 0xA3, 0x9E, 0x02, 0xFA, 0x99, 0x06,
    0xFA, 0x69, 0x09, 0x74, 0xC3, 0x00, 0xBD, 0x57, 0x03, 0xA9, 0x43, 0x46, 0x29, 0xA3, 0xF8, 0x01,
    0x90, 0xD8, 0x03, 0x0A, 0x2D, 0x50, 0x60, 0xE1, 0xE1, 0xF0, 0x02, 0x30, 0xCC, 0x5B, 0xFA, 0x13,
    0x2E, 0x7E, 0x72, 0x75, 0x11, 0xBA, 0x72, 0x6B, 0x6D, 0x1C, 0xD0, 0xA6, 0x2B, 0xE7, 0xBC, 0xA8,
    0x9F, 0xF7, 0x6F, 0x23, 0x43, 0x6B, 0xF8, 0x54, 0xAA, 0xE0, 0x7E, 0x29, 0xFB, 0x1E, 0x67, 0x39,
    0x76, 0xC5, 0x94, 0x7D, 0x33, 0x66, 0xE7, 0x8C, 0xF9, 0xAE, 0x7D, 0xE6, 0x46, 0x53, 0xF6, 0xD5,
    0x38, 0xC3, 0x98, 0x28, 0x59, 0xAB, 0xAE, 0xC6, 0xCD, 0x5D, 0xE0, 0x52, 0x47, 0x31, 0x7A, 0x6E,
    0x9C, 0x15, 0x9D, 0x97, 0x5E, 0xA1, 0x33, 0x62, 0xCE, 0x31, 0x82, 0xDB, 0x06, 0x62, 0x03, 0xA2,
    0xD6, 0x84, 0xCE, 0x80, 0xEF, 0x5B, 0xCC, 0x23, 0xFD, 0x12, 0xDC, 0x9E, 0x72, 0x28, 0x5A, 0xBA,
    0x7A, 0x46, 0xEB, 0x75, 0x16, 0x3E, 0x40, 0x8D, 0xC2, 0xF5, 0xE3, 0x99, 0xB0, 0x9C, 0xA5, 0xA5,
    0x01, 0x02, 0x79, 0x58, 0x8A, 0xBD, 0x2C, 0x18, 0x91, 0x87, 0x2A, 0x13, 0x4E, 0xF2, 0x27, 0xBD,
    0x1E, 0x98, 0x15, 0x32, 0x44, 0x27, 0x2D, 0x60, 0x7A, 0x3F, 0x69, 0xD2, 0x44, 0x2B, 0x09, 0x32,
    0x59, 0xAC, 0x04, 0xDC, 0x8B, 0xAE, 0x30, 0xAF, 0x84, 0xB9, 0x3E, 0x84, 0x24, 0x5E, 0x19, 0xAB,
    0x41, 0xA0, 0x81, 0x22, 0x98, 0xFE, 0xB6, 0x60, 0x49, 0x12, 0x96, 0x64, 0x85, 0x25, 0x31, 0x2C,
    0x89, 0x81, 0x24, 0xAE, 0x9F, 0x14, 0x2C, 0xC9, 0x3C, 0x4B, 0x72, 0xF9, 0x98, 0x57, 0xC0, 0xDB,
    0x1C, 0xB1, 0xA5, 0x79, 0xD6, 0xB9, 0x5B, 0x6B, 0x88, 0xD7, 0x3E, 0xF6, 0xFA, 0x1B, 0xBD, 0x43,
    0xF8, 0x18, 0x2A, 0xB9, 0x54, 0x85, 0x05, 0x56, 0xFB, 0xAD, 0x10, 0xEC, 0x29, 0xE5, 0x98, 0xD0,
    0xE5, 0x6A, 0xB0, 0xE6, 0xCC, 0x07, 0x26, 0xB1, 0xAB, 0xD9, 0x97, 0x8E, 0xB8, 0xBB, 0x0E, 0x99,
    0xB3, 0x83, 0x2B, 0x90, 0xC2, 0xB1, 0xC9, 0xBD, 0x71, 0xE6, 0x6C, 0xE6, 0x81, 0xAB, 0x0B, 0xFE,
    0x8E, 0xC0, 0xD2, 0xF1, 0xCB, 0xB3, 0xE1, 0x2B, 0xB9, 0xF8, 0x8B, 0xA3, 0xA2, 0xBD, 0x3B, 0x33,
    0x3D, 0x73, 0xF7, 0x72, 0xD8, 0x04, 0x94, 0x85, 0x36, 0x84, 0x1E, 0x1F, 0x4A, 0x0C, 0x23, 0x3E,
    0x94, 0x30, 0xEE, 0x50, 0x02, 0xA6, 0xCB, 0x87, 0x12, 0x28, 0xDB, 0xBB, 0x49, 0x73, 0xF0, 0xC0,
    0xE9, 0x1B, 0x92, 0x31, 0xAF, 0x67, 0xC0, 0x1D, 0x4A, 0x8C, 0x90, 0x96, 0xC0, 0xB1, 0x76, 0x67,
    0x0A, 0x6D, 0x2A, 0x1C, 0x02, 0x10, 0x57, 0x75, 0x9A, 0x3D, 0x9F, 0xA4, 0x52, 0x25, 0xEC, 0xA8,
    0x99, 0xF3, 0xB7, 0x66, 0x7E, 0x0F, 0x64, 0x2C, 0xEF, 0xFD, 0xF9, 0xFB, 0xAE, 0x49, 0xCE, 0xC8,
    0x1B, 0xDD, 0x2E, 0xB1, 0x1E, 0x4E, 0x28, 0x5C, 0x20, 0x85, 0x85, 0x43, 0xD0, 0x59, 0x5A, 0xC0,
    0x17, 0xE3, 0xA2, 0x66, 0xFE, 0x43, 0x46, 0x15, 0x23, 0xCB, 0x28, 0xE5, 0x29, 0x30, 0x21, 0x08,
    0x96, 0x3B, 0xAD, 0x40, 0x8F, 0x05, 0xE2, 0xFB, 0x63, 0x24, 0x81, 0xF8, 0xF1, 0xC1, 0x0E, 0xA5,
    0x8F, 0x39, 0x9F, 0xD0, 0xB9, 0x66, 0xF1, 0xE8, 0x95, 0x28, 0xA8, 0xDA, 0x46, 0x80, 0xCB, 0x41,
    0xBF, 0x79, 0xCE, 0xED, 0x49, 0x8A, 0x9E, 0x27, 0xFD, 0x04, 0xFD, 0x9A, 0x57, 0x21, 0x5B, 0x57,
    0xCE, 0x56, 0xBC, 0x9B, 0x48, 0x33, 0x9C, 0x1F, 0x6E, 0xB2, 0x86, 0x5B, 0x08, 0xF1, 0x1B, 0x8B,
    0x89, 0xAB, 0x5C, 0x79, 0x47, 0xCE, 0xA4, 0xDD, 0xE1, 0x0B, 0xD3, 0xF5, 0xD9, 0xA5, 0xB2, 0x53,
    0xA2, 0x8B, 0x30, 0xE3, 0x5B, 0x45, 0xD1, 0x67, 0x05, 0xF2, 0xC1, 0x71, 0xA4, 0x78, 0x2D, 0xBA,
    0x8A, 0xDD, 0x7E, 0xD3, 0x1D, 0xCB, 0x5C, 0x3E, 0xD1, 0x07, 0xBD, 0x0E, 0x4D, 0xF1, 0x63, 0x04,
    0x99, 0xBB, 0x08, 0x57, 0x37, 0xCA, 0xD3, 0x91, 0xF1, 0x37, 0xCD, 0xBA, 0x83, 0xBB, 0x59, 0x03,
    0x7C, 0xCC, 0xB3, 0xF5, 0xFA, 0x74, 0xF1, 0xEE, 0x32, 0x5E, 0xFE, 0xD4, 0x96, 0xE9, 0x47, 0x7B,
    0xFF, 0xAA, 0x12, 0x6F, 0x44, 0xF5, 0x22, 0x66, 0xAE, 0x71, 0x49, 0xDD, 0x3D, 0xDF, 0x1F, 0xF5,
    0x47, 0x29, 0x0A, 0x98, 0xD1, 0x8E, 0xAA, 0xF9, 0x89, 0x43, 0xB0, 0xD1, 0xDA, 0xB7, 0x34, 0xD7,
    0xB3, 0x7F, 0xB6, 0x75, 0x7C, 0x18, 0xDA, 0x12, 0x81, 0x14, 0x4D, 0xF0, 0x32, 0xAA, 0x88, 0x4A,
    0xEE, 0xD6, 0x29, 0xAD, 0x0C, 0x68, 0xD1, 0x4D, 0x65, 0x49, 0x9A, 0x1B, 0xCE, 0x0C, 0xEA, 0xAA,
    0xB4, 0x75, 0x08, 0x7F, 0x4C, 0x5C, 0x73, 0x1C, 0xF3, 0x69, 0x1A, 0x3D, 0xD1, 0xC4, 0x6B, 0xE1,
    0x02, 0x99, 0xEB, 0xF2, 0x9E, 0xE2, 0x7E, 0xA3, 0xA9, 0x01, 0x96, 0x91, 0x15, 0x4A, 0xF9, 0xA4,
    0x42, 0x70, 0x1F, 0x50, 0x17, 0xF2, 0x40, 0x10, 0x7C, 0x4F, 0x10, 0x9C, 0x93, 0x96, 0xF9, 0xB7,
    0x8D, 0x38, 0x6C, 0x4E, 0x94, 0x4C, 0xA1, 0x72, 0x7B, 0xFA, 0x0A, 0x14, 0xD6, 0x10, 0xFA, 0xB3,
    0xF0, 0xCB, 0x52, 0x1C, 0x99, 0xD6, 0xB7, 0xA1, 0x10, 0xDD, 0x29, 0xC5, 0xA7, 0x26, 0xFA, 0xF0,
    0x55, 0xDE, 0xE5, 0xC8, 0xD4, 0x53, 0xA2, 0x44, 0x8F, 0x3C, 0x4B, 0x34, 0xA5, 0xD2, 0x42, 0x16,
    0xE1, 0x73, 0x9F, 0xB8, 0x72, 0xA7, 0x5E, 0x89, 0x77, 0x18, 0x19, 0xA9, 0x2E, 0xD0, 0xFF, 0x9B,
    0x19, 0x6A, 0x69, 0x3A, 0x83, 0xA1, 0x8B, 0x74, 0x2F, 0x9A, 0x39, 0x2F, 0xA8, 0x2B, 0xB3, 0x8E,
    0x68, 0x05, 0x3F, 0xB7, 0xC4, 0x27, 0x12, 0xE1, 0x90, 0x3B, 0xF6, 0x6F, 0xFA, 0x46, 0x1C, 0xBD,
    0xE8, 0xBC, 0x9A, 0x24, 0x71, 0xB8, 0x45, 0xE7, 0xF9, 0x48, 0x33, 0x05, 0xA0, 0x07, 0xA1, 0xAC,
    0xE9, 0xAF, 0xBC, 0x9D, 0x2E, 0xA6, 0xEC, 0x51, 0x7A, 0xC7, 0x22, 0x4F, 0xA7, 0x8A, 0xF3, 0x76,
    0x8D, 0xAC, 0x5A, 0x35, 0x40, 0xB5, 0xAB, 0x1A, 0xBA, 0xE8, 0xD7, 0x70, 0xB7, 0x07, 0x7E, 0x1C,
    0xA9, 0x2F, 0xB5, 0x75, 0x50, 0xEF, 0x8F, 0x19, 0x71, 0xAF, 0x98, 0x6D, 0x1F, 0xF9, 0xCF, 0x94,
    0xFA, 0x2D, 0xA5, 0x9F, 0xA1, 0xF7, 0xB0, 0x0F, 0x8A, 0xD0, 0x84, 0x65, 0x58, 0x20, 0x54, 0xBF,
    0x00, 0xE2, 0x6A, 0x7A, 0x3F, 0xAD, 0xE3, 0xD1, 0xB8, 0xFD, 0x72, 0x6D, 0x5F, 0x4F, 0x35, 0x67,
    0x7B, 0xAD, 0x81, 0xC0, 0x68, 0xC1, 0x17, 0xE5, 0xFA, 0x6E, 0xED, 0x2A, 0x97, 0x01, 0xF0, 0x58,
    0xCE, 0x63, 0x88, 0xDD, 0x73, 0x2E, 0x34, 0xE2, 0xA7, 0xD5, 0xB1, 0x9C, 0x2E, 0x80, 0x72, 0xA4,
    0x2F, 0x1B, 0xBA, 0xD5, 0x31, 0xD9, 0xD7, 0xA6, 0xDB, 0xE5, 0x7E, 0x34, 0xA3, 0xF0, 0x9F, 0x7C,
    0x5A, 0xF7, 0xF0, 0xB8, 0x48, 0x79, 0x1D, 0xBA, 0x90, 0x2D, 0xAC, 0x56, 0xB0, 0x27, 0x86, 0x2E,
    0x44, 0xC5, 0xA9, 0xD0, 0x0C, 0xEF, 0x20, 0xC6, 0xA1, 0xCD, 0x8F, 0xFE, 0x6A, 0x4E, 0x47, 0xC6,
    0x55, 0xE2, 0xF8, 0x32, 0x38, 0x3A, 0xDB, 0x3C, 0x84, 0xC3, 0xB4, 0x3F, 0x9E, 0x1D, 0x6A, 0x4E,
    0xB0, 0x96, 0x7F, 0x85, 0x57, 0xEB, 0x96, 0x95, 0xA5, 0xED, 0x60, 0x0F, 0x21, 0xEE, 0x96, 0xAA,
    0x27, 0x64, 0x56, 0xCF, 0x89, 0xAC, 0xBE, 0x0E, 0x56, 0xE8, 0x7C, 0x76, 0x34, 0x58, 0xC1, 0x94,
    0xE4, 0xD3, 0xCA, 0x15, 0x04, 0x09, 0x58, 0x7D, 0x70, 0xA2, 0xCC, 0xE4, 0x88, 0xE4, 0xB6, 0x90,
    0xB7, 0xD2, 0x1D, 0x53, 0xCD, 0xB6, 0x26, 0x37, 0xA5, 0xAC, 0x4E, 0x75, 0xAC, 0xB9, 0xE1, 0x0C,
    0x5F, 0x00, 0x91, 0x8E, 0x8A, 0x58, 0x87, 0xF6, 0x69, 0xE5, 0xD9, 0x2F, 0xEA, 0xA3, 0x6D, 0xA4,
    0x95, 0xC6, 0xEE, 0x98, 0x6E, 0x3A, 0x2E, 0xF1, 0x4F, 0x81, 0x2E, 0x17, 0x0C, 0x48, 0xF5, 0x54,
    0x0F, 0xF8, 0x94, 0xF6, 0x84, 0x8B, 0xBC, 0x06, 0x5D, 0x93, 0x20, 0x55, 0xA3, 0x78, 0x37, 0x9D,
    0xD3, 0xA1, 0x37, 0xDE, 0x34, 0x5E, 0x3F, 0xD7, 0x4D, 0xDC, 0x60, 0x5C, 0x68, 0xE9, 0xFE, 0xE2,
    0xDC, 0x52, 0x5A, 0xA5, 0x95, 0xD4, 0xD3, 0x45, 0xA8, 0xB9, 0xEA, 0xE2, 0x63, 0x1F, 0x41, 0x1E,
    0xF6, 0x8A, 0x2A, 0xF0, 0x1F, 0x60, 0x43, 0x3A, 0xC8, 0x6F, 0x5D, 0xEC, 0x85, 0x34, 0x8D, 0xFE,
    0xC6, 0xFF, 0x04, 0xE2, 0xFF, 0x66, 0xC4, 0x4D, 0x2F, 0xCA, 0xA5, 0x17, 0x77, 0xA7, 0x53, 0xCA,
    0x79, 0x0B, 0xDD, 0xCE, 0xDA, 0x93, 0xFC, 0x31, 0xDC, 0xD9, 0x20, 0xF1, 0x00, 0x91, 0xEA, 0x20,
    0x57, 0xAE, 0xEE, 0xCA, 0xA2, 0x42, 0x64, 0x68, 0x3B, 0xB2, 0xE0, 0x04, 0x84, 0x78, 0xC6, 0x63,
    0x71, 0x26, 0x0E, 0x6C, 0x73, 0x84, 0xF1, 0x87, 0x67, 0xE9, 0xE4, 0x55, 0x03, 0x64, 0xE6, 0xC9,
    0x43, 0x3C, 0xA7, 0xE1, 0x09, 0x1D, 0x9D, 0xF2, 0x5A, 0xBE, 0x06, 0x75, 0x52, 0xBB, 0x6E, 0xD4,
    0x40, 0x14, 0x3D, 0xDE, 0x21, 0x2C, 0x30, 0x12, 0x93, 0x62, 0x57, 0x8A, 0x90, 0x12, 0xB7, 0x49,
    0x41, 0x4C, 0xB9, 0xC5, 0x8C, 0xED, 0x4F, 0xA0, 0x60, 0xEB, 0xF4, 0x69, 0xA0, 0xA0, 0xA0, 0xD8,
    0x8D, 0xA7, 0xA3, 0xA0, 0xF1, 0x47, 0xA4, 0xA2, 0xDA, 0xD2, 0xC5, 0x22, 0x06, 0xF1, 0x03, 0x2B,
    0xF1, 0x03, 0xDB, 0xA4, 0xA2, 0x31, 0x92, 0x8B, 0x14, 0x6B, 0x4D, 0xCE, 0x8C, 0x43, 0xB4, 0x28,
    0xC2, 0x3E, 0xE3, 0xFB, 0x98, 0xB9, 0xD7, 0xE7, 0x1E, 0x7B, 0x3A, 0x47, 0xE5, 0x07, 0xF8, 0x36,
    0xAC, 0xE9, 0x3C, 0x64, 0xBC, 0x2D, 0xBC, 0x2F, 0xE9, 0xCF, 0xDF, 0x32, 0xF0, 0x3B, 0x46, 0xFE,
    0xF6, 0x71, 0x58, 0xD2, 0xD9, 0x06, 0xBB, 0xEF, 0x27, 0x90, 0x78, 0x89, 0xD7, 0xC8, 0x51, 0xF0,
    0xF9, 0x1C, 0x19, 0xB2, 0x52, 0xE1, 0x04, 0x1A, 0x6F, 0x70, 0xFA, 0x6D, 0xA9, 0x67, 0xAB, 0xFA,
    0x88, 0x5B, 0x39, 0x0C, 0x8E, 0xA1, 0x20, 0x20, 0x04, 0x94, 0xC4, 0xF1, 0x09, 0x8C, 0x41, 0x5E,
    0xA0, 0x28, 0x70, 0xF4, 0x0C, 0xA7, 0x3C, 0xBA, 0xBC, 0xD2, 0x7A, 0xA6, 0x57, 0xAB, 0xBA, 0xFE,
    0x37, 0xC2, 0x04, 0xEC, 0x36, 0x60, 0xBA, 0x7C, 0x57, 0xF9, 0xFE, 0x95, 0xBF, 0x06, 0xAF, 0x33,
    0x60, 0x19, 0x61, 0xF6, 0xA0, 0xF7, 0x30, 0xC1, 0xFF, 0x6A, 0xD5, 0xEF, 0x4E, 0xFA, 0x2D, 0x86,
    0xEB, 0x71, 0xE1, 0x50, 0x0B, 0xD5, 0x16, 0xBB, 0x8A, 0x77, 0xB1, 0xCB, 0xBA, 0x91, 0x3D, 0x87,
    0x29, 0x50, 0x85, 0x51, 0x80, 0xC5, 0xD8, 0x2D, 0x7A, 0xB5, 0xE9, 0xD7, 0xD2, 0xAD, 0x43, 0x8B,
    0xD1, 0x35, 0x64, 0x49, 0x9B, 0x79, 0xA4, 0x21, 0xD6, 0xAA, 0xD4, 0xC1, 0x36, 0x63, 0xDB, 0x04,
    0xDB, 0x89, 0x1F, 0x6D, 0xB4, 0xE3, 0x9F, 0x2E, 0xE6, 0xE5, 0x17, 0x1B, 0x5F, 0x9D, 0xC6, 0xE3,
    0x48, 0x7B, 0x13, 0x6D, 0x52, 0x37, 0xEF, 0xED, 0xD3, 0x5B, 0x3A, 0x7F, 0x7C, 0xCB, 0x66, 0x10,
    0xBF, 0x5C, 0xA3, 0xA5, 0x85, 0xFC, 0x6C, 0xF5, 0x27, 0xE1, 0x28, 0x9D, 0xD5, 0x0D, 0xAD, 0xB9,
    0xB7, 0x6B, 0x12, 0x21, 0x19, 0xB4, 0xE2, 0xA6, 0xCB, 0x2F, 0x20, 0x36, 0xF0, 0x1B, 0xD5, 0x23,
    0x29, 0xF1, 0x04, 0x28, 0x71, 0x00, 0x55, 0xA6, 0x20, 0x73, 0x8E, 0x34, 0x63, 0xFF, 0x03, 0x26,
    0x2E, 0x90, 0x66, 0x38, 0x37, 0x30, 0x1A, 0x9A, 0xD9, 0x8F, 0x83, 0x08, 0x89, 0x13, 0x4E, 0x95,
    0x39, 0xD6, 0xD8, 0x51, 0xD2, 0x14, 0xD2, 0xB1, 0x17, 0x47, 0xFA, 0x80, 0x05, 0xBF, 0xA9, 0xB2,
    0xE3, 0x8D, 0xD8, 0x4A, 0x97, 0xB2, 0x53, 0x83, 0x43, 0x9C, 0xBD, 0xB0, 0x57, 0xCA, 0xE5, 0xCA,
    0x99, 0x07, 0xC8, 0x00, 0x52, 0x7D, 0xC0, 0x24, 0xF9, 0xAB, 0xAF, 0xB4, 0xDF, 0xE3, 0x19, 0xFA,
    0x97, 0x5F, 0xEB, 0x2A, 0x08, 0x3F, 0x62, 0x40, 0xDA, 0xFC, 0x23, 0x40, 0x7A, 0x51, 0x71, 0x74,
    0x64, 0x41, 0x95, 0x38, 0x15, 0x38, 0x71, 0xDC, 0x0A, 0xAA, 0x2C, 0xB8, 0x98, 0x1E, 0x6D, 0x87,
    0x2D, 0x45, 0x52, 0xE9, 0x7D, 0xC5, 0x21, 0xD7, 0x1D, 0x8D, 0x54, 0xBF, 0x8F, 0xD4, 0x46, 0x18,
    0x7D, 0xF6, 0x28, 0x67, 0x09, 0x17, 0x43, 0x01, 0xCD, 0xA1, 0xE0, 0x86, 0xEA, 0x8A, 0x58, 0x8A,
    0x94, 0xEE, 0x38, 0xFB, 0x3F, 0xC8, 0x0F, 0x71, 0x14, 0x69, 0xE8, 0xB7, 0xD9, 0x28, 0xBA, 0x22,
    0x05, 0xC7, 0x4E, 0x9F, 0x82, 0xFD, 0x13, 0x28, 0xAE, 0x38, 0x9C, 0x62, 0x23, 0x85, 0xE2, 0x8A,
    0x03, 0x4F, 0x40, 0x82, 0x02, 0x29, 0xB2, 0x44, 0xAE, 0x8E, 0x8B, 0xAB, 0xB6, 0x89, 0x95, 0xB3,
    0x84, 0x4F, 0xB1, 0x77, 0xF2, 0x3E, 0xDB, 0x2C, 0x4B, 0x48, 0x11, 0x5B, 0xEF, 0xD9, 0x9E, 0x19,
    0xCF, 0x7C, 0xDF, 0xFB, 0x7E, 0x00, 0xAF, 0x00, 0xEF, 0x35, 0xE0, 0xFF, 0x06, 0x28, 0x22, 0x7F,
    0x58, 0x2A, 0xF7, 0x65, 0xAD, 0x2B, 0xD4, 0x91, 0xC5, 0x93, 0x04, 0x3D, 0xF0, 0x80, 0x78, 0x3A,
    0xE2, 0xD9, 0xF8, 0x2D, 0xE3, 0x89, 0x01, 0x74, 0x81, 0xEF, 0x82, 0xE6, 0x46, 0xE3, 0x35, 0xAE,
    0xC0, 0x17, 0x97, 0xC0, 0xE7, 0x16, 0xF8, 0x9E, 0xF8, 0x85, 0x93, 0xDF, 0x00, 0x93, 0x2C, 0x4B,
    0x9D, 0x73, 0x26, 0x5A, 0xFE, 0x64, 0xB4, 0x55, 0x23, 0xF8, 0xDF, 0x3B, 0xB8, 0x16, 0x7A, 0x79,
    0xB4, 0xFE, 0x76, 0x0E, 0x98, 0x2E, 0xDF, 0xCF, 0x4F, 0x1B, 0x8E, 0xAD, 0x78, 0x58, 0x7C, 0x09,
    0xDF, 0x39, 0x1B, 0xD4, 0x91, 0x09, 0x6D, 0xF0, 0xC1, 0x3E, 0xCE, 0x95, 0xD8, 0xDF, 0x4F, 0x7B,
    0xC8, 0x7B, 0x50, 0xD2, 0x9D, 0x1E, 0x5E, 0xAA, 0x0A, 0x65, 0x43, 0xAB, 0x6C, 0xCE, 0x7F, 0x69,
    0x87, 0xBD, 0x72, 0x8C, 0xED, 0x63, 0xC4, 0x1D, 0x92, 0x8E, 0xFB, 0xC9, 0x52, 0xDF, 0x19, 0x55,
    0x90, 0xAD, 0xF0, 0x45, 0x29, 0xFC, 0x57, 0x45, 0x4E, 0xB8, 0xDC, 0xE1, 0xFA, 0x3E, 0x2F, 0x0C,
    0xD7, 0x30, 0xE2, 0x57, 0xE1, 0x1B, 0xAE, 0xA9, 0xD4, 0x85, 0xB0, 0xF7, 0xB7, 0x30, 0x5C, 0xCF,
    0x49, 0x81, 0xB0, 0x43, 0x5C, 0x20, 0x76, 0x22, 0xCC, 0x24, 0x9B, 0xD3, 0x9E, 0x0E, 0xD1, 0x32,
    0x4F, 0xB5, 0x95, 0x3B, 0x14, 0x1B, 0x3A, 0xC1, 0xF0, 0x1D, 0x1B, 0xBD, 0xE4, 0x52, 0xD7, 0x50,
    0x83, 0x14, 0x1F, 0xE8, 0x42, 0xCC, 0x46, 0xDF, 0x27, 0xC7, 0x38, 0x42, 0x36, 0xCF, 0x5B, 0xB4,
    0xBE, 0xAB, 0x74, 0xE1, 0xB7, 0x88, 0x11, 0x14, 0xAA, 0xC3, 0x67, 0xF4, 0x51, 0xAD, 0x70, 0x1B,
    0xAA, 0x0A, 0x1C, 0x76, 0xC5, 0xB6, 0x05, 0x4E, 0x07, 0x43, 0x9D, 0xED, 0x6D, 0xA7, 0x26, 0x1B,
    0xD6, 0x3B, 0x8B, 0xC3, 0x5D, 0xB1, 0x1C, 0x7B, 0xF7, 0xD5, 0x05, 0xCF, 0x48, 0x4E, 0xBC, 0xB7,
    0x7C, 0xC4, 0x74, 0x41, 0xA2, 0xC9, 0x07, 0x97, 0xEA, 0x12, 0x39, 0x1F, 0x61, 0xD1, 0x87, 0xFA,
    0xDD, 0xF5, 0x89, 0xCC, 0x98, 0x1E, 0x89, 0xAB, 0xB1, 0xB3, 0x28, 0xFB, 0xF7, 0xED, 0x85, 0xF1,
    0x18, 0xE0, 0xF0, 0x72, 0xC1, 0x80, 0x68, 0x13, 0x73, 0x2C, 0x21, 0xF6, 0x36, 0x90, 0x8C, 0x88,
    0x6C, 0x62, 0x34, 0x23, 0xE4, 0xBB, 0x87, 0x35, 0xAE, 0x41, 0xC4, 0xFD, 0x8A, 0x66, 0xD5, 0xFD,
    0xF6, 0x5B, 0xAB, 0x94, 0xFB, 0x36, 0x70, 0x77, 0x5B, 0xBF, 0xC1, 0x7D, 0x55, 0x61, 0x97, 0x06,
    0x5C, 0x15, 0x21, 0x72, 0xAA, 0x30, 0xC9, 0x1E, 0xF7, 0xCB, 0xE4, 0x3D, 0x3A, 0xBB, 0x23, 0xC6,
    0x0D, 0x81, 0xAE, 0x71, 0xCB, 0xEB, 0xBC, 0x96, 0x13, 0x35, 0x22, 0x47, 0x6F, 0x53, 0x0A, 0xB6,
    0xFD, 0x18, 0xAE, 0x4D, 0xB8, 0xD2, 0x72, 0x8D, 0x28, 0x4D, 0x8A, 0x44, 0xD5, 0x3D, 0xA1, 0x53,
    0xA1, 0x5A, 0x12, 0x87, 0xD9, 0xD7, 0x93, 0xFE, 0xB5, 0x91, 0xB1, 0xA7, 0x42, 0x89, 0x50, 0x64,
    0x48, 0x3C, 0x83, 0x79, 0x56, 0x61, 0x5A, 0x87, 0x2B, 0xEE, 0xA7, 0x9D, 0x61, 0x3A, 0x3F, 0x62,
    0x2A, 0x55, 0xCF, 0x16, 0xCB, 0xEA, 0x44, 0xDB, 0xEA, 0x89, 0xB6, 0x3F, 0x0F, 0xF1, 0x7A, 0x49,
    0x30, 0x56, 0xB3, 0x39, 0xD4, 0xF9, 0x15, 0x78, 0x3E, 0xDF, 0xF3, 0x02, 0xEA, 0x4F, 0x0B, 0x6F,
    0x33, 0xA6, 0x79, 0x03, 0x8F, 0xE7, 0xAD, 0x53, 0xE3, 0x6C, 0x48, 0x0D, 0xEE, 0xD9, 0x66, 0x59,
    0x76, 0x2C, 0x1E, 0x8A, 0x41, 0xF7, 0xCE, 0xA6, 0xBF, 0x6B, 0x3B, 0x63, 0x6A, 0x74, 0xC4, 0xFC,
    0xA3, 0xD4, 0xC8, 0x25, 0x35, 0x3A, 0x59, 0x4D, 0x09, 0xE0, 0xAD, 0x29, 0xA4, 0x88, 0x54, 0xA2,
    0x81, 0x5A, 0x7D, 0xDB, 0x4A, 0x1C, 0x4F, 0x40, 0x4F, 0x7E, 0x90, 0x72, 0xBD, 0xD5, 0xD7, 0xEC,
    0x10, 0xD1, 0x91, 0xB6, 0x32, 0xF3, 0x80, 0xDB, 0x93, 0xD0, 0xCA, 0x2C, 0x33, 0x27, 0x25, 0xB1,
    0xF6, 0x4F, 0x11, 0xD6, 0xD4, 0xD4, 0x17, 0x6D, 0x30, 0xA3, 0x01, 0x1B, 0x67, 0xF4, 0x04, 0x19,
    0xCA, 0xE7, 0xCC, 0x74, 0x26, 0xE3, 0xD7, 0x0E, 0x37, 0x99, 0x92, 0x9F, 0x22, 0x92, 0x42, 0x25,
    0x0E, 0xF9, 0x8F, 0x2B, 0xAE, 0x8F, 0xC9, 0xC7, 0xF7, 0x32, 0x3A, 0xDB, 0x4F, 0x87, 0x59, 0x3F,
    0x4D, 0x10, 0x98, 0xD8, 0x86, 0x92, 0x0A, 0xC6, 0x97, 0x04, 0x97, 0xCC, 0xF2, 0x18, 0x4F, 0x7F,
    0x84, 0x3A, 0x17, 0x27, 0xD8, 0x8B, 0x16, 0xCD, 0x46, 0x2F, 0x3A, 0xF8, 0x3F, 0xBD, 0x28, 0xEC,
    0xD8, 0x8B, 0x78, 0xB6, 0xF4, 0x8B, 0xF5, 0x7E, 0x02, 0x18, 0xE9, 0x45, 0x47, 0xB3, 0x31, 0xDD,
    0xE4, 0x49, 0xD1, 0x1B, 0x06, 0xF1, 0x44, 0x70, 0xA0, 0xED, 0xC1, 0x47, 0x2A, 0xFF, 0xA7, 0xEA,
    0x2D, 0x76, 0xB2, 0xCC, 0x24, 0x52, 0x4A, 0x43, 0x55, 0xD9, 0x9D, 0x4C, 0x6A, 0xE7, 0x10, 0x22,
    0xA0, 0x28, 0x89, 0x90, 0xAD, 0x80, 0x43, 0x3B, 0x52, 0x44, 0xF2, 0x5F, 0x20, 0x3E, 0x55, 0xF4,
    0xB1, 0x19, 0xE6, 0x7B, 0x6B, 0x63, 0xBB, 0x45, 0x0E, 0xED, 0x88, 0xE7, 0x35, 0x42, 0xFE, 0xA3,
    0xEB, 0xAB, 0x58, 0xF9, 0x35, 0xCC, 0xCC, 0xE0, 0x06, 0x65, 0x70, 0xD6, 0x9F, 0xFF, 0x68, 0x55,
    0xC9, 0x9E, 0x57, 0x84, 0x56, 0x6E, 0xE9, 0x22, 0x09, 0xD7, 0x77, 0x98, 0xD2, 0x95, 0x5C, 0x8E,
    0x86, 0xD7, 0xEB, 0xAC, 0xEC, 0xBF, 0x39, 0x96, 0x03, 0xA5, 0x3A, 0x79, 0xC0, 0xDB, 0x3F, 0x18,
    0xB7, 0xE8, 0x05, 0xCF, 0x41, 0xA2, 0x2C, 0xAD, 0x38, 0x54, 0x56, 0x02, 0xAF, 0x24, 0xE1, 0x1B,
    0x65, 0x63, 0xE9, 0x69, 0xCC, 0x7B, 0x45, 0xD6, 0x03, 0xF3, 0x5C, 0xE1, 0xA0, 0x94, 0x1E, 0x1A,
    0x48, 0x27, 0x2D, 0xC2, 0xDE, 0x9D, 0x58, 0xB8, 0x49, 0x84, 0x5B, 0x49, 0x65, 0x29, 0x4A, 0xBD,
    0xCC, 0xCD, 0x60, 0x5D, 0x40, 0x6B, 0xD5, 0x08, 0xB9, 0x23, 0x3B, 0x65, 0x97, 0xCB, 0xDD, 0x79,
    0x5F, 0xC0, 0x93, 0xCC, 0x50, 0xFD, 0x62, 0xED, 0xF9, 0xF4, 0x52, 0x82, 0x0D, 0xFC, 0x03, 0x95,
    0x52, 0x3B, 0x4E, 0xC3, 0x40, 0x10, 0x9D, 0xB5, 0x91, 0x5C, 0xB8, 0x30, 0x37, 0x70, 0x43, 0x41,
    0x15, 0xB7, 0x14, 0x91, 0xBD, 0x17, 0x4B, 0xB4, 0xDC, 0x20, 0x47, 0xA0, 0x76, 0x43, 0x4B, 0x81,
    0x48, 0x72, 0x83, 0x70, 0x03, 0x73, 0x83, 0x49, 0x70, 0x84, 0x25, 0xFC, 0x61, 0xE6, 0xED, 0x3A,
    0xB5, 0x59, 0xC9, 0xA3, 0xDD, 0x99, 0x79, 0xF3, 0x79, 0xCF, 0x64, 0x48, 0x4E, 0x66, 0xC5, 0x54,
    0x7A, 0xEB, 0xE5, 0x8B, 0x59, 0x4C, 0x7A, 0x10, 0x53, 0xA8, 0x6B, 0x5F, 0xD7, 0xF5, 0x6E, 0x92,
    0xC3, 0xB8, 0xC1, 0x87, 0x28, 0xF2, 0x80, 0xF0, 0x58, 0x54, 0x41, 0x3D, 0xDA, 0x69, 0xB8, 0x55,
    0xDF, 0xA8, 0xD1, 0xC9, 0x11, 0x0D, 0x3F, 0x0D, 0xC5, 0x5F, 0xE7, 0x8E, 0xB2, 0x67, 0xDE, 0x52,
    0x69, 0x38, 0x73, 0x0F, 0x86, 0x63, 0x41, 0x68, 0x99, 0xA5, 0x86, 0xEE, 0xD4, 0xAC, 0xD0, 0xCE,
    0x69, 0x93, 0x46, 0x23, 0x9D, 0xBE, 0xB7, 0x6A, 0x72, 0x2B, 0x33, 0xBE, 0x9E, 0x30, 0x2E, 0x6E,
    0xF0, 0xCD, 0xD1, 0x6E, 0x46, 0x00, 0xBB, 0xBA, 0xD5, 0x7B, 0xA1, 0xFF, 0x8D, 0xB1, 0x36, 0x9C,
    0xB8, 0xC2, 0x70, 0x61, 0xD3, 0x4F, 0x7E, 0xA7, 0xE8, 0x7A, 0x11, 0xE7, 0x7E, 0x12, 0x52, 0x8A,
    0x49, 0x52, 0x92, 0xFE, 0x96, 0x4C, 0x74, 0xEF, 0x99, 0x79, 0xF3, 0x2C, 0x95, 0x9E, 0xB1, 0xDC,
    0x81, 0xBD, 0xA4, 0x01, 0x93, 0x32, 0x3F, 0x58, 0xDD, 0x80, 0xEB, 0x7A, 0x6F, 0x27, 0x9C, 0x43,
    0x78, 0x85, 0x58, 0xC8, 0x54, 0x9C, 0xEE, 0xD0, 0xFB, 0x2D, 0x42, 0xCD, 0xD0, 0x21, 0xF4, 0x43,
    0x6F, 0x4C, 0x91, 0xEB, 0x3C, 0x1F, 0x32, 0x59, 0x74, 0xFD, 0x66, 0x4A, 0x8F, 0xDC, 0x93, 0xCE,
    0xAD, 0x1B, 0xA4, 0x4E, 0xF2, 0xCC, 0x92, 0x75, 0x1F, 0x45, 0x27, 0x0B, 0xC5, 0xB2, 0x23, 0x97,
    0x14, 0x9F, 0x45, 0x45, 0x1A, 0x45, 0x4F, 0xAF, 0x6C, 0x36, 0xCC, 0x6A, 0x43, 0x77, 0x52, 0xBA,
    0x23, 0x88, 0x3F, 0x40, 0x7C, 0x79, 0x8F, 0xBF, 0x27, 0x81, 0x5D, 0x5A, 0x92, 0x02, 0x10, 0x3F,
    0x77, 0x4F, 0xC2, 0xA1, 0x5D, 0xC6, 0x75, 0x6C, 0x2B, 0x45, 0x08, 0x76, 0xA3, 0xCD, 0x5B, 0x5F,
    0xCF, 0x57, 0x4E, 0xB5, 0x47, 0xC4, 0xA1, 0x6F, 0x21, 0xB4, 0xD9, 0x4A, 0x0D, 0x7E, 0xC3, 0x3F,
    0x8D, 0x90, 0xB1, 0x4A, 0x03, 0x41, 0x10, 0x86, 0xFF, 0xBB, 0x10, 0x52, 0xDC, 0xC2, 0x55, 0xBE,
    0x85, 0x70, 0x0B, 0x16, 0x36, 0x07, 0x7B, 0xBE, 0x41, 0xDE, 0x24, 0x88, 0x85, 0x57, 0x04, 0x93,
    0x07, 0xB0, 0xC8, 0x43, 0xF8, 0x00, 0x07, 0xB6, 0x42, 0x56, 0x02, 0x5A, 0x24, 0xEA, 0x82, 0x6D,
    0x8A, 0x4D, 0x22, 0x58, 0x08, 0x71, 0x8B, 0x88, 0x07, 0xB9, 0xDC, 0x3A, 0xBB, 0xC6, 0x14, 0x12,
    0xC4, 0x99, 0x59, 0x3E, 0xE6, 0x87, 0xF9, 0x77, 0x77, 0x00, 0xE8, 0x7D, 0xD9, 0xD4, 0x42, 0x0F,
    0x95, 0x95, 0x17, 0x70, 0xA1, 0x7D, 0xAD, 0x80, 0x0D, 0x60, 0x81, 0xF7, 0x3E, 0x16, 0x12, 0x73,
    0x89, 0x99, 0xAF, 0x79, 0xBF, 0xB9, 0x80, 0x98, 0x61, 0xA8, 0x60, 0x25, 0xBE, 0x27, 0xDA, 0x40,
    0xC7, 0x20, 0xB1, 0x06, 0xF6, 0xA5, 0xA0, 0xC9, 0x82, 0x0C, 0xFE, 0x38, 0x41, 0xD1, 0xD4, 0x89,
    0x11, 0xBA, 0x47, 0x97, 0x0E, 0xA5, 0x95, 0x62, 0x6B, 0xB3, 0xCF, 0x87, 0x7A, 0xEB, 0x7A, 0x5D,
    0xC0, 0xFC, 0xCF, 0x67, 0xF0, 0xEB, 0x77, 0xAF, 0x7A, 0xB9, 0x32, 0xB9, 0xCE, 0x75, 0x31, 0xD7,
    0x36, 0xBB, 0x42, 0x46, 0x46, 0xA6, 0xFB, 0x59, 0xD9, 0xAA, 0x4E, 0xCD, 0x4F, 0x76, 0xD7, 0xBE,
    0x1F, 0xA4, 0x48, 0xC9, 0x22, 0x90, 0x08, 0x14, 0x55, 0x14, 0x2C, 0xA3, 0xB0, 0x8E, 0x92, 0x32,
    0xB2, 0x4A, 0x7C, 0x28, 0x7B, 0xA2, 0xDE, 0x9C, 0xE8, 0xF5, 0x46, 0x1D, 0x75, 0x9C, 0xDE, 0xDB,
    0xE9, 0xC8, 0x22, 0xA0, 0x45, 0xE3, 0x07, 0xE4, 0xD0, 0x46, 0x68, 0x4B, 0xF4, 0x6C, 0x16, 0x5F,
    0x26, 0xE1, 0xEA, 0x4E, 0x0B, 0x16, 0x8F, 0x0B, 0x59, 0x9E, 0x33, 0xB6, 0xE1, 0x72, 0x7A, 0xCD,
    0x58, 0xCE, 0xE5, 0xE3, 0x33, 0x63, 0x9C, 0xCB, 0xFB, 0x91, 0xC7, 0x68, 0x8B, 0xAD, 0xB8, 0xF0,
    0x18, 0x9F, 0x79, 0x3C, 0x1C, 0x7B, 0x4C, 0x13, 0x8F, 0x32, 0xF6, 0x30, 0x2D, 0x87, 0x5B, 0x15,
    0x4E, 0x08, 0xA3, 0x3E, 0x2A, 0xC2, 0x13, 0x90, 0x12, 0x2A, 0x20, 0x26, 0x18, 0xA0, 0x31, 0xE1,
    0x47, 0x92, 0xDE, 0x74, 0xC3, 0x85, 0xDB, 0xF0, 0x21, 0xCF, 0x1D, 0x5A, 0xA7, 0xCA, 0x21, 0x58,
    0x67, 0x7E, 0xEF, 0x29, 0x76, 0xF1, 0x05, 0x63, 0xE0, 0x9A, 0xC0, 0xC0, 0xF0, 0xFF, 0xF3, 0x03,
    0xA6, 0xBF, 0xC1, 0x1F, 0x98, 0x41, 0xF0, 0x02, 0x83, 0x03, 0xFB, 0x05, 0x06, 0x06, 0xF6, 0xA7,
    0xA1, 0x01, 0xF6, 0xFF, 0xFF, 0x7F, 0xD0, 0xFF, 0xB5, 0xFA, 0x03, 0xFB, 0x05, 0x66, 0x82, 0x58,
    0xFF, 0xA7, 0xF4, 0x4F, 0xFB, 0x7F, 0xF6, 0xFF, 0x18, 0xD8, 0x96, 0x0A, 0x30, 0xEC, 0xFF, 0xFF,
    0x81, 0xE9, 0x5F, 0x34, 0xD0, 0x34, 0x26, 0xA0, 0x79, 0x4C, 0x40, 0x79, 0x20, 0x7E, 0xC0, 0xF4,
    0xC1, 0xFE, 0x7F, 0x13, 0xD0, 0x3C, 0x27, 0x08, 0x9F, 0x00, 0xD6, 0xFF, 0xC9, 0xFD, 0xD7, 0xFE,
    0x9F, 0xFE, 0x7F, 0x00, 0x55, 0x8E, 0xB1, 0x4A, 0x03, 0x41, 0x10, 0x86, 0xFF, 0xBB, 0x2D, 0x44,
    0x36, 0xB9, 0xB5, 0xB1, 0xD1, 0x40, 0x5E, 0x20, 0x90, 0x14, 0x57, 0x58, 0x88, 0x9E, 0xE4, 0x1D,
    0xAC, 0x7C, 0x04, 0x21, 0x3E, 0x80, 0xC5, 0x81, 0x2F, 0xE0, 0x43, 0xD8, 0x58, 0x25, 0x45, 0x8A,
    0x14, 0x42, 0x46, 0x02, 0x5A, 0xD8, 0xEC, 0x23, 0x6C, 0x61, 0xE3, 0x55, 0x57, 0xA4, 0x48, 0x20,
    0xC9, 0x38, 0xB3, 0x97, 0x08, 0x0E, 0xEC, 0xF7, 0x2F, 0xFF, 0xCE, 0xCE, 0xFC, 0x00, 0x4E, 0xA0,
    0xB5, 0x55, 0xA4, 0x5F, 0x91, 0x8B, 0x86, 0x85, 0xD0, 0x3C, 0x45, 0x0E, 0x95, 0xCE, 0xA8, 0x7F,
    0x69, 0xF5, 0x31, 0xB8, 0xB9, 0x87, 0x2B, 0xDC, 0xCB, 0x03, 0x3A, 0xE8, 0x21, 0xBF, 0x9D, 0x09,
    0x07, 0xFC, 0x0C, 0x37, 0x5E, 0x06, 0xA0, 0x5B, 0xDD, 0x09, 0xAF, 0x90, 0x09, 0x77, 0x68, 0x07,
    0xD8, 0xCF, 0xEA, 0x2D, 0xE0, 0xD8, 0x54, 0x2B, 0x71, 0x2C, 0x5A, 0x7F, 0x34, 0x3F, 0xF7, 0xBC,
    0x84, 0x1D, 0xD7, 0xA7, 0xA3, 0xA2, 0x0D, 0x42, 0xBA, 0x76, 0x37, 0x04, 0xF4, 0x99, 0x4B, 0xFC,
    0xAF, 0x79, 0x74, 0x6C, 0x48, 0x36, 0x22, 0x8F, 0x72, 0x2B, 0x90, 0x78, 0x20, 0x09, 0x38, 0xD2,
    0x74, 0x17, 0xC8, 0xB4, 0x4B, 0xD3, 0x68, 0x1B, 0x72, 0x15, 0x83, 0x49, 0x1A, 0x30, 0x33, 0x65,
    0x30, 0x35, 0x36, 0x09, 0x79, 0x15, 0x90, 0x97, 0x8F, 0x53, 0x10, 0xC5, 0xB9, 0xE4, 0xF7, 0xF2,
    0x0A, 0x9C, 0x95, 0x14, 0x3E, 0x98, 0xBF, 0xDF, 0x69, 0xB2, 0x06, 0xCE, 0x17, 0x65, 0x7E, 0xCD,
    0xCC, 0x43, 0xF4, 0xBA, 0xCC, 0x5B, 0x8B, 0xCC, 0xAC, 0xD2, 0xBA, 0x23, 0xFB, 0xFA, 0x3B, 0x99,
    0x2F, 0x9B, 0xE3, 0x69, 0xB2, 0x1C, 0x92, 0xED, 0x73, 0x36, 0xF5, 0x0B,
};

static const EpdGlyph bitter_12_regularGlyphs[] = {
    { 0, 0, 77, 0, 0, 0, 0 }, // U+0020
    { 4, 19, 132, 2, 18, 19, 0 }, // !
    { 8, 7, 160, 1, 20, 14, 19 }, // "
    { 15, 18, 268, 1, 18, 68, 33 }, // #
    { 13, 25, 247, 1, 21, 82, 101 }, // $
    { 19, 19, 341, 1, 18, 91, 183 }, // %
    { 16, 19, 274, 1, 18, 76, 274 }, // &
    { 4, 7, 95, 1, 20, 7, 350 }, // '
    { 7, 26, 124, 1, 22, 46, 357 }, // (
    { 7, 26, 124, 0, 22, 46, 403 }, // )
    { 9, 9, 189, 1, 20, 21, 449 }, // *
    { 12, 13, 225, 1, 15, 39, 470 }, // +
    { 4, 7, 92, 1, 3, 7, 509 }, // ,
    { 9, 3, 182, 1, 9, 7, 516 }, // -
    { 4, 4, 87, 1, 3, 4, 523 }, // .
    { 10, 24, 129, -1, 21, 60, 527 }, // /
    { 15, 16, 262, 1, 15, 60, 587 }, // 0
    { 11, 14, 170, 0, 14, 39, 647 }, // 1
    { 13, 15, 228, 1, 15, 49, 686 }, // 2
    { 12, 19, 217, 0, 15, 57, 735 }, // 3
    { 15, 18, 240, 0, 15, 68, 792 }, // 4
    { 12, 19, 207, 0, 15, 57, 860 }, // 5
    { 14, 19, 240, 1, 18, 67, 917 }, // 6
    { 13, 19, 208, 0, 15, 62, 984 }, // 7
    { 13, 19, 240, 1, 18, 62, 1046 }, // 8
    { 14, 19, 239, 0, 15, 67, 1108 }, // 9
    { 4, 13, 87, 1, 12, 13, 1175 }, // :
    { 5, 16, 90, 0, 12, 20, 1188 }, // ;
    { 12, 12, 222, 1, 15, 36, 1208 }, // <
    { 12, 7, 218, 1, 12, 21, 1244 }, // =
    { 12, 12, 220, 1, 15, 36, 1265 }, // >
    { 10, 19, 171, 0, 18, 48, 1301 }, // ?
    { 20, 20, 349, 1, 17, 100, 1349 }, // @
    { 18, 18, 284, 0, 18, 81, 1449 }, // A
    { 14, 18, 258, 1, 18, 63, 1530 }, // B
    { 14, 19, 256, 1, 18, 67, 1593 }, // C
    { 16, 18, 286, 1, 18, 72, 1660 }, // D
    { 13, 18, 247, 1, 18, 59, 1732 }, // E
    { 13, 18, 225, 1, 18, 59, 1791 }, // F
    { 17, 19, 292, 1, 18, 81, 1850 }, // G
    { 18, 18, 317, 1, 18, 81, 1931 }, // H
    { 7, 18, 142, 1, 18, 32, 2012 }, // I
    { 9, 22, 134, -1, 18, 50, 2044 }, // J
    { 17, 18, 285, 1, 18, 77, 2094 }, // K
    { 13, 18, 222, 1, 18, 59, 2171 }, // L
    { 21, 18, 354, 1, 18, 95, 2230 }, // M
    { 18, 18, 314, 1, 18, 81, 2325 }, // N
    { 17, 19, 296, 1, 18, 81, 2406 }, // O
    { 14, 18, 240, 1, 18, 63, 2487 }, // P
    { 20, 23, 300, 1, 18, 115, 2550 }, // Q
    { 16, 18, 264, 1, 18, 72, 2665 }, // R
    { 13, 19, 240, 1, 18, 62, 2737 }, // S
    { 15, 18, 238, 0, 18, 68, 2799 }, // T
    { 19, 19, 299, 0, 18, 91, 2867 }, // U
    { 18, 19, 279, 0, 18, 86, 2958 }, // V
    { 26, 19, 409, 0, 18, 124, 3044 }, // W
    { 18, 18, 281, 0, 18, 81, 3168 }, // X
    { 16, 18, 257, 0, 18, 72, 3249 }, // Y
    { 14, 18, 248, 1, 18, 63, 3321 }, // Z
    { 7, 25, 138, 2, 22, 44, 3384 }, // [
    { 9, 24, 132, 0, 21, 54, 3428 }, // <backslash>
    { 7, 25, 138, 0, 22, 44, 3482 }, // ]
    { 12, 9, 218, 1, 22, 27, 3526 }, // ^
    { 14, 3, 198, -1, -1, 11, 3553 }, // _
    { 7, 6, 128, 0, 21, 11, 3564 }, // `
    { 13, 15, 220, 1, 14, 49, 3575 }, // a
    { 14, 21, 233, 0, 20, 74, 3624 }, // b
    { 12, 15, 206, 1, 14, 45, 3698 }, // c
    { 14, 21, 239, 1, 20, 74, 3743 }, // d
    { 12, 15, 219, 1, 14, 45, 3817 }, // e
    { 11, 20, 143, 0, 20, 55, 3862 }, // f
    { 14, 20, 226, 0, 14, 70, 3917 }, // g
    { 16, 20, 250, 0, 20, 80, 3987 }, // h
    { 8, 20, 122, 0, 20, 40, 4067 }, // i
    { 8, 26, 111, -2, 20, 52, 4107 }, // j
    { 15, 20, 230, 0, 20, 75, 4159 }, // k
    { 7, 20, 118, 0, 20, 35, 4234 }, // l
    { 24, 14, 382, 0, 14, 84, 4269 }, // m
    { 16, 14, 255, 0, 14, 56, 4353 }, // n
    { 13, 15, 230, 1, 14, 49, 4409 }, // o
    { 14, 20, 240, 0, 14, 70, 4458 }, // p
    { 14, 20, 233, 1, 14, 70, 4528 }, // q
    { 11, 14, 180, 0, 14, 39, 4598 }, // r
    { 10, 15, 192, 1, 14, 38, 4637 }, // s
    { 9, 18, 149, 0, 17, 41, 4675 }, // t
    { 16, 15, 250, 0, 14, 60, 4716 }, // u
    { 15, 15, 213, -1, 14, 57, 4776 }, // v
    { 22, 15, 324, -1, 14, 83, 4833 }, // w
    { 14, 14, 224, 0, 14, 49, 4916 }, // x
    { 15, 20, 215, -1, 14, 75, 4965 }, // y
    { 12, 14, 196, 0, 14, 42, 5040 }, // z
    { 9, 25, 139, 0, 22, 57, 5082 }, // {
    { 3, 24, 130, 3, 21, 18, 5139 }, // |
    { 8, 25, 139, 0, 22, 50, 5157 }, // }
    { 13, 4, 241, 1, 11, 13, 5207 }, // ~
    { 0, 0, 77, 0, 0, 0, 0 }, // U+00A0
    { 4, 19, 132, 2, 13, 19, 0 }, // U+00A1
    { 12, 20, 224, 1, 19, 60, 19 }, // U+00A2
    { 14, 18, 268, 1, 18, 63, 79 }, // U+00A3
    { 13, 13, 266, 2, 14, 43, 142 }, // U+00A4
    { 16, 18, 285, 1, 18, 72, 185 }, // U+00A5
    { 3, 24, 130, 3, 21, 18, 257 }, // U+00A6
    { 11, 23, 225, 2, 18, 64, 275 }, // U+00A7
    { 9, 4, 182, 1, 19, 9, 339 }, // U+00A8
    { 20, 19, 353, 1, 18, 95, 348 }, // U+00A9
    { 10, 14, 175, 1, 18, 35, 443 }, // U+00AA
    { 11, 12, 204, 1, 13, 33, 478 }, // U+00AB
    { 13, 8, 243, 1, 10, 26, 511 }, // U+00AC
    { 0, 0, 0, 0, 0, 0, 537 }, // U+00AD
    { 16, 15, 296, 1, 19, 60, 537 }, // U+00AE
    { 8, 3, 172, 1, 19, 6, 597 }, // U+00AF
    { 8, 9, 178, 1, 19, 18, 603 }, // U+00B0
    { 13, 15, 236, 1, 16, 49, 621 }, // U+00B1
    { 9, 11, 144, 0, 20, 25, 670 }, // U+00B2
    { 9, 12, 148, 0, 20, 27, 695 }, // U+00B3
    { 7, 6, 132, 1, 21, 11, 722 }, // U+00B4
    { 16, 20, 262, 0, 14, 80, 733 }, // U+00B5
    { 13, 23, 246, 1, 18, 75, 813 }, // U+00B6
    { 4, 4, 87, 1, 10, 4, 888 }, // U+00B7
    { 6, 6, 129, 1, 0, 9, 892 }, // U+00B8
    { 7, 11, 113, 0, 20, 20, 901 }, // U+00B9
    { 10, 14, 191, 1, 18, 35, 921 }, // U+00BA
    { 11, 12, 204, 1, 13, 33, 956 }, // U+00BB
    { 21, 19, 342, 0, 18, 100, 989 }, // U+00BC
    { 21, 19, 351, 0, 18, 100, 1089 }, // U+00BD
    { 22, 19, 357, 0, 18, 105, 1189 }, // U+00BE
    { 10, 19, 170, 0, 14, 48, 1294 }, // U+00BF
    { 18, 24, 284, 0, 24, 108, 1342 }, // U+00C0
    { 18, 24, 284, 0, 24, 108, 1450 }, // U+00C1
    { 18, 23, 284, 0, 23, 104, 1558 }, // U+00C2
    { 18, 23, 284, 0, 23, 104, 1662 }, // U+00C3
    { 18, 22, 284, 0, 22, 99, 1766 }, // U+00C4
    { 18, 24, 284, 0, 24, 108, 1865 }, // U+00C5
    { 23, 18, 378, 0, 18, 104, 1973 }, // U+00C6
    { 14, 24, 256, 1, 18, 84, 2077 }, // U+00C7
    { 13, 24, 247, 1, 24, 78, 2161 }, // U+00C8
    { 13, 24, 247, 1, 24, 78, 2239 }, // U+00C9
    { 13, 23, 247, 1, 23, 75, 2317 }, // U+00CA
    { 13, 22, 247, 1, 22, 72, 2392 }, // U+00CB
    { 7, 24, 142, 1, 24, 42, 2464 }, // U+00CC
    { 7, 24, 142, 1, 24, 42, 2506 }, // U+00CD
    { 9, 23, 142, 0, 23, 52, 2548 }, // U+00CE
    { 9, 22, 142, 0, 22, 50, 2600 }, // U+00CF
    { 16, 18, 286, 1, 18, 72, 2650 }, // U+00D0
    { 18, 23, 314, 1, 23, 104, 2722 }, // U+00D1
    { 17, 25, 296, 1, 24, 107, 2826 }, // U+00D2
    { 17, 25, 296, 1, 24, 107, 2933 }, // U+00D3
    { 17, 24, 296, 1, 23, 102, 3040 }, // U+00D4
    { 17, 24, 296, 1, 23, 102, 3142 }, // U+00D5
    { 17, 23, 296, 1, 22, 98, 3244 }, // U+00D6
    { 11, 11, 202, 1, 14, 31, 3342 }, // U+00D7
    { 17, 22, 297, 1, 20, 94, 3373 }, // U+00D8
    { 19, 25, 299, 0, 24, 119, 3467 }, // U+00D9
    { 19, 25, 299, 0, 24, 119, 3586 }, // U+00DA
    { 19, 24, 299, 0, 23, 114, 3705 }, // U+00DB
    { 19, 23, 299, 0, 22, 110, 3819 }, // U+00DC
    { 16, 24, 257, 0, 24, 96, 3929 }, // U+00DD
    { 13, 18, 235, 1, 18, 59, 4025 }, // U+00DE
    { 17, 21, 266, 0, 20, 90, 4084 }, // U+00DF
    { 13, 22, 221, 1, 21, 72, 4174 }, // U+00E0
    { 13, 22, 221, 1, 21, 72, 4246 }, // U+00E1
    { 13, 22, 221, 1, 21, 72, 4318 }, // U+00E2
    { 13, 21, 221, 1, 20, 69, 4390 }, // U+00E3
    { 13, 20, 221, 1, 19, 65, 4459 }, // U+00E4
    { 13, 22, 221, 1, 21, 72, 4524 }, // U+00E5
    { 20, 15, 345, 1, 14, 75, 4596 }, // U+00E6
    { 12, 20, 206, 1, 14, 60, 4671 }, // U+00E7
    { 12, 22, 220, 1, 21, 66, 4731 }, // U+00E8
    { 12, 22, 220, 1, 21, 66, 4797 }, // U+00E9
    { 12, 22, 220, 1, 21, 66, 4863 }, // U+00EA
    { 12, 20, 220, 1, 19, 60, 4929 }, // U+00EB
    { 8, 21, 122, 0, 21, 42, 4989 }, // U+00EC
    { 8, 21, 122, 0, 21, 42, 5031 }, // U+00ED
    { 8, 21, 122, 0, 21, 42, 5073 }, // U+00EE
    { 9, 19, 122, -1, 19, 43, 5115 }, // U+00EF
    { 13, 21, 234, 1, 20, 69, 5158 }, // U+00F0
    { 16, 20, 255, 0, 20, 80, 5227 }, // U+00F1
    { 13, 22, 230, 1, 21, 72, 5307 }, // U+00F2
    { 13, 22, 230, 1, 21, 72, 5379 }, // U+00F3
    { 13, 22, 230, 1, 21, 72, 5451 }, // U+00F4
    { 13, 21, 230, 1, 20, 69, 5523 }, // U+00F5
    { 13, 20, 230, 1, 19, 65, 5592 }, // U+00F6
    { 12, 13, 218, 1, 15, 39, 5657 }, // U+00F7
    { 13, 19, 232, 1, 16, 62, 5696 }, // U+00F8
    { 16, 22, 250, 0, 21, 88, 5758 }, // U+00F9
    { 16, 22, 250, 0, 21, 88, 5846 }, // U+00FA
    { 16, 22, 250, 0, 21, 88, 5934 }, // U+00FB
    { 16, 20, 250, 0, 19, 80, 6022 }, // U+00FC
    { 15, 27, 215, -1, 21, 102, 6102 }, // U+00FD
    { 14, 26, 234, 0, 20, 91, 6204 }, // U+00FE
    { 15, 25, 215, -1, 19, 94, 6295 }, // U+00FF
    { 0, 0, 220, 0, 0, 0, 0 }, // U+2007
    { 0, 0, 87, 0, 0, 0, 0 }, // U+2008
    { 0, 0, 39, 0, 0, 0, 0 }, // U+2009
    { 0, 0, 40, 0, 0, 0, 0 }, // U+200A
    { 0, 0, 0, 0, 0, 0, 0 }, // U+200B
    { 0, 0, 0, 0, 0, 0, 0 }, // U+200C
    { 0, 0, 0, 0, 0, 0, 0 }, // U+200D
    { 0, 0, 0, 0, 0, 0, 0 }, // U+200E
    { 0, 0, 0, 0, 0, 0, 0 }, // U+200F
    { 9, 3, 173, 1, 9, 7, 0 }, // U+2010
    { 14, 2, 266, 1, 10, 7, 7 }, // U+2012
    { 13, 3, 246, 1, 9, 10, 14 }, // U+2013
    { 19, 3, 346, 1, 9, 15, 24 }, // U+2014
    { 19, 3, 346, 1, 9, 15, 39 }, // U+2015
    { 14, 6, 198, -1, -1, 21, 54 }, // U+2017
    { 5, 7, 84, 0, 20, 9, 75 }, // U+2018
    { 5, 7, 84, 0, 20, 9, 84 }, // U+2019
    { 4, 7, 84, 1, 3, 7, 93 }, // U+201A
    { 5, 7, 84, 0, 20, 9, 100 }, // U+201B
    { 9, 7, 150, 0, 20, 16, 109 }, // U+201C
    { 8, 7, 150, 1, 20, 14, 125 }, // U+201D
    { 8, 7, 150, 1, 3, 14, 139 }, // U+201E
    { 12, 20, 193, 0, 18, 60, 153 }, // U+2020
    { 12, 20, 193, 0, 18, 60, 213 }, // U+2021
    { 8, 8, 158, 1, 12, 16, 273 }, // U+2022
    { 12, 4, 248, 1, 3, 12, 289 }, // U+2025
    { 16, 4, 281, 1, 3, 16, 301 }, // U+2026
    { 0, 0, 0, 0, 0, 0, 317 }, // U+202A
    { 0, 0, 0, 0, 0, 0, 317 }, // U+202B
    { 0, 0, 0, 0, 0, 0, 317 }, // U+202C
    { 0, 0, 0, 0, 0, 0, 317 }, // U+202D
    { 0, 0, 0, 0, 0, 0, 317 }, // U+202E
    { 29, 19, 501, 1, 18, 138, 317 }, // U+2030
    { 5, 8, 117, 1, 20, 10, 455 }, // U+2032
    { 9, 8, 178, 1, 20, 18, 465 }, // U+2033
    { 6, 12, 125, 1, 13, 18, 483 }, // U+2039
    { 6, 12, 125, 1, 13, 18, 501 }, // U+203A
    { 10, 19, 218, 2, 18, 48, 519 }, // U+203C
    { 10, 2, 164, 0, 17, 5, 567 }, // U+203E
    { 14, 19, 67, -5, 18, 67, 572 }, // U+2044
    { 0, 0, 0, 0, 0, 0, 639 }, // U+2060
    { 0, 0, 0, 0, 0, 0, 639 }, // U+2061
    { 0, 0, 0, 0, 0, 0, 639 }, // U+2062
    { 0, 0, 0, 0, 0, 0, 639 }, // U+2063
    { 0, 0, 0, 0, 0, 0, 639 }, // U+2064
    { 0, 0, 0, 0, 0, 0, 639 }, // U+2066
    { 0, 0, 0, 0, 0, 0, 639 }, // U+2067
    { 0, 0, 0, 0, 0, 0, 639 }, // U+2068
    { 0, 0, 0, 0, 0, 0, 639 }, // U+2069
    { 0, 0, 0, 0, 0, 0, 639 }, // U+206A
    { 0, 0, 0, 0, 0, 0, 639 }, // U+206B
    { 0, 0, 0, 0, 0, 0, 639 }, // U+206C
    { 0, 0, 0, 0, 0, 0, 639 }, // U+206D
    { 0, 0, 0, 0, 0, 0, 639 }, // U+206E
    { 0, 0, 0, 0, 0, 0, 639 }, // U+206F
    { 15, 25, 275, 1, 21, 94, 0 }, // U+20A1
    { 13, 18, 256, 2, 18, 59, 94 }, // U+20A3
    { 13, 18, 274, 2, 18, 59, 153 }, // U+20A4
    { 21, 18, 362, 1, 18, 95, 212 }, // U+20A6
    { 16, 18, 276, 1, 18, 72, 307 }, // U+20A7
    { 26, 19, 419, 0, 18, 124, 379 }, // U+20A9
    { 15, 24, 280, 1, 20, 90, 503 }, // U+20AB
    { 16, 19, 286, 1, 18, 76, 593 }, // U+20AC
    { 17, 18, 317, 2, 18, 77, 669 }, // U+20AD
    { 15, 18, 266, 1, 18, 68, 746 }, // U+20AE
    { 16, 18, 279, 1, 18, 72, 814 }, // U+20B1
    { 17, 25, 303, 1, 21, 107, 886 }, // U+20B2
    { 14, 19, 286, 2, 18, 67, 993 }, // U+20B4
    { 15, 25, 274, 1, 21, 94, 1060 }, // U+20B5
    { 15, 18, 240, 0, 18, 68, 1154 }, // U+20B8
    { 14, 18, 257, 1, 18, 63, 1222 }, // U+20B9
    { 14, 18, 271, 2, 18, 63, 1285 }, // U+20BA
    { 23, 21, 382, 0, 21, 121, 1348 }, // U+20BC
    { 14, 18, 261, 2, 18, 63, 1469 }, // U+20BD
    { 18, 17, 317, 1, 17, 77, 0 }, // U+2190
    { 17, 18, 280, 0, 18, 77, 77 }, // U+2191
    { 18, 17, 317, 1, 17, 77, 154 }, // U+2192
    { 17, 18, 280, 0, 18, 77, 231 }, // U+2193
    { 25, 17, 428, 1, 17, 107, 308 }, // U+2194
    { 17, 25, 280, 0, 21, 107, 415 }, // U+2195
    { 17, 28, 280, 0, 22, 119, 522 }, // U+21A8
    { 6, 17, 124, 1, 17, 26, 0 }, // U+2669
    { 9, 17, 180, 1, 17, 39, 26 }, // U+266A
    { 14, 18, 256, 1, 17, 63, 65 }, // U+266B
    { 14, 18, 256, 1, 17, 63, 128 }, // U+266C
    { 7, 16, 139, 1, 15, 28, 191 }, // U+266D
    { 7, 17, 143, 1, 11, 30, 219 }, // U+266E
    { 12, 21, 221, 1, 15, 63, 249 }, // U+266F
    { 28, 27, 508, 2, 22, 189, 312 }, // U+2764
    { 16, 20, 257, 0, 20, 80, 0 }, // U+FB01
    { 16, 20, 262, 0, 20, 80, 80 }, // U+FB02
    { 24, 27, 508, 4, 22, 162, 0 }, // U+1F44D
    { 26, 27, 508, 3, 22, 176, 162 }, // U+1F600
};

static const EpdUnicodeInterval bitter_12_regularIntervals[] = {
    { 0x20, 0x7E, 0x0 },
    { 0xA0, 0xFF, 0x5F },
    { 0x2007, 0x2010, 0xBF },
    { 0x2012, 0x2015, 0xC9 },
    { 0x2017, 0x201E, 0xCD },
    { 0x2020, 0x2022, 0xD5 },
    { 0x2025, 0x2026, 0xD8 },
    { 0x202A, 0x202E, 0xDA },
    { 0x2030, 0x2030, 0xDF },
    { 0x2032, 0x2033, 0xE0 },
    { 0x2039, 0x203A, 0xE2 },
    { 0x203C, 0x203C, 0xE4 },
    { 0x203E, 0x203E, 0xE5 },
    { 0x2044, 0x2044, 0xE6 },
    { 0x2060, 0x2064, 0xE7 },
    { 0x2066, 0x206F, 0xEC },
    { 0x20A1, 0x20A1, 0xF6 },
    { 0x20A3, 0x20A4, 0xF7 },
    { 0x20A6, 0x20A7, 0xF9 },
    { 0x20A9, 0x20A9, 0xFB },
    { 0x20AB, 0x20AE, 0xFC },
    { 0x20B1, 0x20B2, 0x100 },
    { 0x20B4, 0x20B5, 0x102 },
    { 0x20B8, 0x20BA, 0x104 },
    { 0x20BC, 0x20BD, 0x107 },
    { 0x2190, 0x2195, 0x109 },
    { 0x21A8, 0x21A8, 0x10F },
    { 0x2669, 0x266F, 0x110 },
    { 0x2764, 0x2764, 0x117 },
    { 0xFB01, 0xFB02, 0x118 },
    { 0x1F44D, 0x1F44D, 0x11A },
    { 0x1F600, 0x1F600, 0x11B },
};

static const EpdFontGroup bitter_12_regularGroups[] = {
    { 0, 2934, 5783, 95, 0 },
    { 2934, 2597, 7152, 96, 95 },
    { 5531, 430, 724, 55, 191 },
    { 5961, 918, 1678, 19, 246 },
    { 6879, 321, 734, 7, 265 },
    { 7200, 311, 547, 8, 272 },
    { 7511, 93, 160, 2, 280 },
    { 7604, 248, 351, 2, 282 },
};

static const EpdKernClassEntry bitter_12_regularKernLeftClasses[] = {
    { 0x0021, 1 }, // !
    { 0x0022, 2 }, // "
    { 0x0024, 3 }, // $
    { 0x0026, 4 }, // &
    { 0x0027, 2 }, // '
    { 0x0028, 5 }, // (
    { 0x002C, 6 }, // ,
    { 0x002D, 7 }, // -
    { 0x002E, 6 }, // .
    { 0x002F, 8 }, // /
    { 0x0030, 9 }, // 0
    { 0x0031, 10 }, // 1
    { 0x0032, 11 }, // 2
    { 0x0033, 12 }, // 3
    { 0x0034, 13 }, // 4
    { 0x0035, 14 }, // 5
    { 0x0036, 15 }, // 6
    { 0x0037, 16 }, // 7
    { 0x0038, 12 }, // 8
    { 0x0039, 17 }, // 9
    { 0x003A, 18 }, // :
    { 0x003B, 18 }, // ;
    { 0x003F, 19 }, // ?
    { 0x0040, 20 }, // @
    { 0x0041, 21 }, // A
    { 0x0042, 12 }, // B
    { 0x0043, 22 }, // C
    { 0x0044, 20 }, // D
    { 0x0045, 23 }, // E
    { 0x0046, 24 }, // F
    { 0x0047, 25 }, // G
    { 0x0048, 26 }, // H
    { 0x0049, 26 }, // I
    { 0x004A, 27 }, // J
    { 0x004B, 28 }, // K
    { 0x004C, 29 }, // L
    { 0x004D, 26 }, // M
    { 0x004E, 26 }, // N
    { 0x004F, 20 }, // O
    { 0x0050, 30 }, // P
    { 0x0051, 31 }, // Q
    { 0x0052, 32 }, // R
    { 0x0053, 3 }, // S
    { 0x0054, 33 }, // T
    { 0x0055, 27 }, // U
    { 0x0056, 34 }, // V
    { 0x0057, 35 }, // W
    { 0x0058, 28 }, // X
    { 0x0059, 36 }, // Y
    { 0x005A, 37 }, // Z
    { 0x005B, 38 }, // [
    { 0x005C, 39 }, // <backslash>
    { 0x005F, 40 }, // _
    { 0x0061, 41 }, // a
    { 0x0062, 42 }, // b
    { 0x0063, 43 }, // c
    { 0x0064, 44 }, // d
    { 0x0065, 45 }, // e
    { 0x0066, 46 }, // f
    { 0x0067, 47 }, // g
    { 0x0068, 41 }, // h
    { 0x0069, 44 }, // i
    { 0x006A, 48 }, // j
    { 0x006B, 49 }, // k
    { 0x006C, 44 }, // l
    { 0x006D, 41 }, // m
    { 0x006E, 41 }, // n
    { 0x006F, 42 }, // o
    { 0x0070, 42 }, // p
    { 0x0071, 50 }, // q
    { 0x0072, 51 }, // r
    { 0x0073, 52 }, // s
    { 0x0074, 53 }, // t
    { 0x0075, 54 }, // u
    { 0x0076, 55 }, // v
    { 0x0077, 55 }, // w
    { 0x0078, 49 }, // x
    { 0x0079, 56 }, // y
    { 0x007A, 57 }, // z
    { 0x007B, 58 }, // {
    { 0x00A1, 1 }, // U+00A1
    { 0x00A2, 43 }, // U+00A2
    { 0x00A3, 59 }, // U+00A3
    { 0x00A5, 36 }, // U+00A5
    { 0x00A7, 3 }, // U+00A7
    { 0x00A9, 20 }, // U+00A9
    { 0x00AB, 60 }, // U+00AB
    { 0x00AE, 42 }, // U+00AE
    { 0x00B2, 61 }, // U+00B2
    { 0x00B5, 54 }, // U+00B5
    { 0x00B7, 7 }, // U+00B7
    { 0x00B9, 62 }, // U+00B9
    { 0x00BB, 63 }, // U+00BB
    { 0x00C0, 21 }, // U+00C0
    { 0x00C1, 21 }, // U+00C1
    { 0x00C2, 21 }, // U+00C2
    { 0x00C3, 21 }, // U+00C3
    { 0x00C4, 21 }, // U+00C4
    { 0x00C5, 21 }, // U+00C5
    { 0x00C6, 23 }, // U+00C6
    { 0x00C7, 22 }, // U+00C7
    { 0x00C8, 23 }, // U+00C8
    { 0x00C9, 23 }, // U+00C9
    { 0x00CA, 23 }, // U+00CA
    { 0x00CB, 23 }, // U+00CB
    { 0x00CC, 26 }, // U+00CC
    { 0x00CD, 26 }, // U+00CD
    { 0x00CE, 26 }, // U+00CE
    { 0x00CF, 64 }, // U+00CF
    { 0x00D0, 20 }, // U+00D0
    { 0x00D1, 26 }, // U+00D1
    { 0x00D2, 20 }, // U+00D2
    { 0x00D3, 20 }, // U+00D3
    { 0x00D4, 20 }, // U+00D4
    { 0x00D5, 20 }, // U+00D5
    { 0x00D6, 20 }, // U+00D6
    { 0x00D8, 20 }, // U+00D8
    { 0x00D9, 27 }, // U+00D9
    { 0x00DA, 27 }, // U+00DA
    { 0x00DB, 27 }, // U+00DB
    { 0x00DC, 27 }, // U+00DC
    { 0x00DD, 36 }, // U+00DD
    { 0x00DE, 30 }, // U+00DE
    { 0x00DF, 65 }, // U+00DF
    { 0x00E0, 41 }, // U+00E0
    { 0x00E1, 41 }, // U+00E1
    { 0x00E2, 41 }, // U+00E2
    { 0x00E3, 41 }, // U+00E3
    { 0x00E4, 41 }, // U+00E4
    { 0x00E5, 41 }, // U+00E5
    { 0x00E6, 45 }, // U+00E6
    { 0x00E7, 66 }, // U+00E7
    { 0x00E8, 45 }, // U+00E8
    { 0x00E9, 45 }, // U+00E9
    { 0x00EA, 45 }, // U+00EA
    { 0x00EB, 67 }, // U+00EB
    { 0x00EC, 68 }, // U+00EC
    { 0x00ED, 69 }, // U+00ED
    { 0x00EE, 70 }, // U+00EE
    { 0x00EF, 71 }, // U+00EF
    { 0x00F0, 42 }, // U+00F0
    { 0x00F1, 41 }, // U+00F1
    { 0x00F2, 42 }, // U+00F2
    { 0x00F3, 42 }, // U+00F3
    { 0x00F4, 42 }, // U+00F4
    { 0x00F5, 42 }, // U+00F5
    { 0x00F6, 42 }, // U+00F6
    { 0x00F8, 42 }, // U+00F8
    { 0x00F9, 54 }, // U+00F9
    { 0x00FA, 54 }, // U+00FA
    { 0x00FB, 54 }, // U+00FB
    { 0x00FC, 54 }, // U+00FC
    { 0x00FD, 55 }, // U+00FD
    { 0x00FE, 42 }, // U+00FE
    { 0x00FF, 55 }, // U+00FF
    { 0x2010, 7 }, // U+2010
    { 0x2013, 7 }, // U+2013
    { 0x2014, 7 }, // U+2014
    { 0x2015, 7 }, // U+2015
    { 0x2017, 40 }, // U+2017
    { 0x2018, 2 }, // U+2018
    { 0x2019, 2 }, // U+2019
    { 0x201A, 6 }, // U+201A
    { 0x201B, 2 }, // U+201B
    { 0x201C, 2 }, // U+201C
    { 0x201D, 2 }, // U+201D
    { 0x201E, 6 }, // U+201E
    { 0x2025, 6 }, // U+2025
    { 0x2026, 6 }, // U+2026
    { 0x2039, 60 }, // U+2039
    { 0x203A, 63 }, // U+203A
    { 0x203C, 1 }, // U+203C
    { 0x20A1, 22 }, // U+20A1
    { 0x20A3, 24 }, // U+20A3
    { 0x20A6, 26 }, // U+20A6
    { 0x20A7, 30 }, // U+20A7
    { 0x20A9, 35 }, // U+20A9
    { 0x20AB, 72 }, // U+20AB
    { 0x20AC, 22 }, // U+20AC
    { 0x20AD, 28 }, // U+20AD
    { 0x20AE, 33 }, // U+20AE
    { 0x20B1, 30 }, // U+20B1
    { 0x20B2, 25 }, // U+20B2
    { 0x20B4, 3 }, // U+20B4
    { 0x20B5, 22 }, // U+20B5
    { 0x20B8, 33 }, // U+20B8
    { 0x20B9, 32 }, // U+20B9
    { 0x20BD, 30 }, // U+20BD
    { 0xFB01, 44 }, // U+FB01
    { 0xFB02, 44 }, // U+FB02
};

static const EpdKernClassEntry bitter_12_regularKernRightClasses[] = {
    { 0x0021, 1 }, // !
    { 0x0022, 2 }, // "
    { 0x0024, 3 }, // $
    { 0x0026, 4 }, // &
    { 0x0027, 2 }, // '
    { 0x0029, 5 }, // )
    { 0x002A, 6 }, // *
    { 0x002C, 7 }, // ,
    { 0x002D, 8 }, // -
    { 0x002E, 7 }, // .
    { 0x002F, 9 }, // /
    { 0x0030, 10 }, // 0
    { 0x0031, 11 }, // 1
    { 0x0032, 12 }, // 2
    { 0x0033, 13 }, // 3
    { 0x0034, 14 }, // 4
    { 0x0035, 15 }, // 5
    { 0x0036, 16 }, // 6
    { 0x0037, 17 }, // 7
    { 0x0038, 4 }, // 8
    { 0x0039, 18 }, // 9
    { 0x003A, 19 }, // :
    { 0x003B, 19 }, // ;
    { 0x003F, 20 }, // ?
    { 0x0040, 21 }, // @
    { 0x0041, 22 }, // A
    { 0x0042, 23 }, // B
    { 0x0043, 21 }, // C
    { 0x0044, 23 }, // D
    { 0x0045, 23 }, // E
    { 0x0046, 23 }, // F
    { 0x0047, 21 }, // G
    { 0x0048, 23 }, // H
    { 0x0049, 23 }, // I
    { 0x004A, 24 }, // J
    { 0x004B, 23 }, // K
    { 0x004C, 23 }, // L
    { 0x004D, 23 }, // M
    { 0x004E, 23 }, // N
    { 0x004F, 21 }, // O
    { 0x0050, 23 }, // P
    { 0x0051, 21 }, // Q
    { 0x0052, 23 }, // R
    { 0x0053, 3 }, // S
    { 0x0054, 25 }, // T
    { 0x0055, 26 }, // U
    { 0x0056, 27 }, // V
    { 0x0057, 27 }, // W
    { 0x0058, 28 }, // X
    { 0x0059, 29 }, // Y
    { 0x005A, 30 }, // Z
    { 0x005C, 31 }, // <backslash>
    { 0x005D, 32 }, // ]
    { 0x005F, 33 }, // _
    { 0x0061, 34 }, // a
    { 0x0062, 35 }, // b
    { 0x0063, 36 }, // c
    { 0x0064, 36 }, // d
    { 0x0065, 36 }, // e
    { 0x0066, 37 }, // f
    { 0x0067, 38 }, // g
    { 0x0068, 35 }, // h
    { 0x0069, 37 }, // i
    { 0x006A, 39 }, // j
    { 0x006B, 35 }, // k
    { 0x006C, 35 }, // l
    { 0x006D, 37 }, // m
    { 0x006E, 37 }, // n
    { 0x006F, 36 }, // o
    { 0x0070, 40 }, // p
    { 0x0071, 36 }, // q
    { 0x0072, 37 }, // r
    { 0x0073, 41 }, // s
    { 0x0074, 42 }, // t
    { 0x0075, 43 }, // u
    { 0x0076, 44 }, // v
    { 0x0077, 44 }, // w
    { 0x0078, 45 }, // x
    { 0x0079, 46 }, // y
    { 0x007A, 47 }, // z
    { 0x007C, 48 }, // |
    { 0x007D, 49 }, // }
    { 0x00A1, 50 }, // U+00A1
    { 0x00A2, 36 }, // U+00A2
    { 0x00A5, 29 }, // U+00A5
    { 0x00A6, 48 }, // U+00A6
    { 0x00A7, 3 }, // U+00A7
    { 0x00A9, 21 }, // U+00A9
    { 0x00AB, 51 }, // U+00AB
    { 0x00AE, 36 }, // U+00AE
    { 0x00B0, 52 }, // U+00B0
    { 0x00B7, 8 }, // U+00B7
    { 0x00BB, 53 }, // U+00BB
    { 0x00BF, 54 }, // U+00BF
    { 0x00C0, 22 }, // U+00C0
    { 0x00C1, 22 }, // U+00C1
    { 0x00C2, 22 }, // U+00C2
    { 0x00C3, 22 }, // U+00C3
    { 0x00C4, 22 }, // U+00C4
    { 0x00C5, 22 }, // U+00C5
    { 0x00C6, 22 }, // U+00C6
    { 0x00C7, 21 }, // U+00C7
    { 0x00C8, 23 }, // U+00C8
    { 0x00C9, 23 }, // U+00C9
    { 0x00CA, 23 }, // U+00CA
    { 0x00CB, 23 }, // U+00CB
    { 0x00CC, 23 }, // U+00CC
    { 0x00CD, 23 }, // U+00CD
    { 0x00CE, 23 }, // U+00CE
    { 0x00CF, 55 }, // U+00CF
    { 0x00D0, 23 }, // U+00D0
    { 0x00D1, 23 }, // U+00D1
    { 0x00D2, 21 }, // U+00D2
    { 0x00D3, 21 }, // U+00D3
    { 0x00D4, 21 }, // U+00D4
    { 0x00D5, 21 }, // U+00D5
    { 0x00D6, 21 }, // U+00D6
    { 0x00D8, 21 }, // U+00D8
    { 0x00D9, 26 }, // U+00D9
    { 0x00DA, 26 }, // U+00DA
    { 0x00DB, 26 }, // U+00DB
    { 0x00DC, 26 }, // U+00DC
    { 0x00DD, 29 }, // U+00DD
    { 0x00DE, 23 }, // U+00DE
    { 0x00DF, 37 }, // U+00DF
    { 0x00E0, 34 }, // U+00E0
    { 0x00E1, 34 }, // U+00E1
    { 0x00E2, 34 }, // U+00E2
    { 0x00E3, 34 }, // U+00E3
    { 0x00E4, 34 }, // U+00E4
    { 0x00E5, 34 }, // U+00E5
    { 0x00E6, 34 }, // U+00E6
    { 0x00E7, 36 }, // U+00E7
    { 0x00E8, 36 }, // U+00E8
    { 0x00E9, 36 }, // U+00E9
    { 0x00EA, 36 }, // U+00EA
    { 0x00EB, 36 }, // U+00EB
    { 0x00EC, 56 }, // U+00EC
    { 0x00ED, 57 }, // U+00ED
    { 0x00EE, 58 }, // U+00EE
    { 0x00EF, 59 }, // U+00EF
    { 0x00F0, 36 }, // U+00F0
    { 0x00F1, 37 }, // U+00F1
    { 0x00F2, 36 }, // U+00F2
    { 0x00F3, 36 }, // U+00F3
    { 0x00F4, 36 }, // U+00F4
    { 0x00F5, 36 }, // U+00F5
    { 0x00F6, 36 }, // U+00F6
    { 0x00F8, 60 }, // U+00F8
    { 0x00F9, 43 }, // U+00F9
    { 0x00FA, 43 }, // U+00FA
    { 0x00FB, 43 }, // U+00FB
    { 0x00FC, 43 }, // U+00FC
    { 0x00FD, 46 }, // U+00FD
    { 0x00FE, 61 }, // U+00FE
    { 0x00FF, 46 }, // U+00FF
    { 0x2010, 8 }, // U+2010
    { 0x2013, 8 }, // U+2013
    { 0x2014, 8 }, // U+2014
    { 0x2015, 8 }, // U+2015
    { 0x2017, 33 }, // U+2017
    { 0x2018, 2 }, // U+2018
    { 0x2019, 2 }, // U+2019
    { 0x201A, 7 }, // U+201A
    { 0x201B, 2 }, // U+201B
    { 0x201C, 2 }, // U+201C
    { 0x201D, 2 }, // U+201D
    { 0x201E, 7 }, // U+201E
    { 0x2025, 7 }, // U+2025
    { 0x2026, 7 }, // U+2026
    { 0x2039, 51 }, // U+2039
    { 0x203A, 53 }, // U+203A
    { 0x203C, 1 }, // U+203C
    { 0x2044, 62 }, // U+2044
    { 0x20A1, 21 }, // U+20A1
    { 0x20A3, 23 }, // U+20A3
    { 0x20A6, 23 }, // U+20A6
    { 0x20A7, 23 }, // U+20A7
    { 0x20A9, 27 }, // U+20A9
    { 0x20AB, 36 }, // U+20AB
    { 0x20AD, 23 }, // U+20AD
    { 0x20AE, 25 }, // U+20AE
    { 0x20B1, 23 }, // U+20B1
    { 0x20B2, 21 }, // U+20B2
    { 0x20B4, 3 }, // U+20B4
    { 0x20B5, 21 }, // U+20B5
    { 0x20B8, 25 }, // U+20B8
    { 0x20BD, 23 }, // U+20BD
    { 0xFB01, 37 }, // U+FB01
    { 0xFB02, 37 }, // U+FB02
};

static const int8_t bitter_12_regularKernMatrix[] = {
       0,    0,    0,    0,    0,    0,    0,    0,    0,    0,    0,    0,    0,    0,    0,    0,    0,    0,    0,    0,    0,   -4,    0,    0,    0,    0,    0,    0,    0,    0,    0,    0,    0,    0,    0,    0,    0,    0,    0,    0,    0,    0,    0,    0,    0,    0,    0,    0,    0,    0,    0,    0,    0,    0,    0,    0,    0,    0,    0,    0,    0,    0,
       0,    0,    0,    0,    0,    0,  -18,    0,    0,    0,    0,    0,    0,    0,    0,    0,    0,    0,    0,    0,   -8,  -38,    2,    0,    6,    0,    2,   -5,    0,    0,    0,    0,    0,   -7,   10,  -10,    0,    0,    0,    0,  -20,    0,    0,    0,    0,    0,    0,    0,    0,    0,    0,    0,    0,    0,    2,    0,    0,    0,    0,  -10,   10,    0,
       0,    0,    0,    0,    0,    0,  -13,    0,    0,    0,   -3,    0,   -2,    0,    0,    0,   -6,    0,    0,    0,    0,  -14,   -5,    0,  -12,    0,  -20,  -25,  -24,   -7,    0,    0,    0,   -8,    0,   -4,  -12,   -4,   -7,  -12,    0,   -4,   -6,  -14,  -13,  -13,    0,    0,    0,    0,    0,    0,    0,    0,   -5,  -12,  -12,  -18,  -20,   -4,    0,    0,
       0,    0,    4,    0,    0,    0,    0,    0,    0,    0,    0,    0,    0,    0,    0,    0,    0,    0,    0,    0,    4,  -14,    0,    0,    0,    0,  -15,  -16,  -18,    0,    0,    0,    0,   -4,   -4,    0,    0,    0,    0,    0,   -4,    0,   -4,  -11,   -7,   -6,   -6,    0,    0,    0,    0,    0,    0,    0,    0,    0,    0,    0,    0,    0,   -4,    0,
       0,    0,    0,    0,    0,    0,    0,    0,   11,    0,    0,    0,    0,    0,    0,    0,    0,    0,    0,    0,    0,    0,    0,   22,  -10,    0,    0,    0,    0,    0,    7,    0,   10,    0,    0,   -3,    0,    5,   20,    0,    0,    0,    0,    0,    0,    0,    0,    0,    0,    0,    0,    0,    0,    0,    0,    0,    0,    0,    0,   -3,    0,    0,
       0,  -34,    0,    0,    0,    0,    0,    0,    0,  -21,  -11,    2,    0,  -11,    0,   -9,  -22,   -8,    0,    0,  -16,    5,    0,   15,  -29,    0,  -30,   -6,  -30,    0,    0,    0,    0,    0,    0,   -6,    0,    0,    0,    0,    0,    0,    0,  -26,    0,  -28,    0,    0,    0,    0,  -10,    0,    0,    0,    0,    0,    0,    0,    0,   -6,    0,    0,
       0,    0,    0,    0,    0,    0,    0,    0,    0,    0,  -18,   -6,   -9,    2,  -13,    0,  -22,   -4,    0,    0,    0,  -10,    0,    0,  -24,    0,  -23,  -38,    0,    0,    0,    0,    0,    0,    0,    0,    0,    0,    0,    0,    0,    0,    0,   -2,  -21,   -8,    0,    0,    0,    0,    0,    0,  -13,    0,    0,    0,    0,    0,    0,    0,    0,    0,
       0,    0,    0,    0,    7,    0,    0,    0,  -16,    0,    0,    0,    0,    0,    0,    0,    0,    0,    0,    0,   -6,  -14,   -7,    4,   -3,    4,    4,  -14,    4,    0,   11,    7,    0,  -14,    7,  -16,  -16,    0,    0,  -16,    0,    0,    0,    0,  -16,  -12,    0,    0,    7,    0,    0,    0,    0,    0,   -7,  -16,  -16,  -16,  -16,  -16,    7,    0,
       0,    0,    0,    0,    0,    0,  -22,    0,    0,    0,   -2,    0,    0,    0,    0,    0,    0,    0,    0,    0,    0,    0,    0,    0,    0,    0,    0,    0,    0,    0,    0,    0,    0,    0,    0,    0,    0,    0,    0,    0,    0,    0,    0,    0,    0,    0,    0,    0,    0,    0,    0,   -7,    0,    0,    0,    0,    0,    0,    0,    0,    0,    0,
       0,    0,    0,    0,    0,    0,    2,    0,    3,    0,    0,    0,    0,    0,    0,    0,   -4,    0,    0,    0,    0,    0,    0,    0,    0,    0,    0,    0,    0,    0,    0,    0,    0,    0,    0,    0,    0,    0,    0,    0,    0,    0,    0,    0,    0,    0,    0,    0,    0,    0,    0,  -18,    0,    0,    0,    0,    0,    0,    0,    0,    0,    0,
       0,    0,    0,    0,    0,    0,    0,    0,    0,    0,    0,    0,    0,    0,    0,    0,   -3,    0,    0,    0,    0,    0,    0,    0,    0,    0,    0,    0,    0,    0,    0,    0,    0,    0,    0,    0,    0,    0,    0,    0,    0,    0,    0,    0,    0,    0,    0,    0,    0,    0,    0,    0,    0,    0,    0,    0,    0,    0,    0,    0,    0,    0,
       0,   -8,    0,    0,    0,    0,  -16,    0,    0,    0,    0,    0,   -7,    0,    0,    0,    0,    0,    0,   -6,   -7,  -16,  -10,    0,  -16,    0,  -26,  -23,  -22,  -12,    0,    0,    0,   -8,   -4,   -4,   -7,   -6,   -6,   -7,   -4,   -3,   -6,   -8,  -16,  -10,   -7,    0,    0,    0,    0,    0,    0,    0,  -10,   -7,   -7,   -7,   -7,   -4,   -4,    0,
       0,    0,    0,    0,    0,    0,    0,    1,    0,    0,    0,    0,    0,    3,    0,    0,   -5,    0,    7,    0,    0,    0,    0,    0,    0,    0,    0,    0,    0,    0,    0,    0,    0,    0,    0,    0,    0,    0,    0,    0,    0,    0,    0,    0,    0,    0,    0,    0,    0,    0,    0,  -17,    0,    0,    0,    0,    0,    0,    0,    0,    0,    0,
       0,    0,    0,    0,    0,    0,   -7,    0,    0,    0,   -5,   -6,  -10,    0,    0,    0,   -8,   -4,    0,    0,    0,    0,    0,    0,    0,    0,    0,    0,    0,    0,    0,    0,    0,    0,    0,    0,    0,    0,    0,    0,    0,    0,    0,    0,    0,    0,    0,    0,    0,    0,    0,   -7,    0,    0,    0,    0,    0,    0,    0,    0,    0,    0,
       0,    0,    0,    0,    0,    0,    0,    0,    0,    0,   -5,   -4,   -4,    2,   -7,    0,   -6,    0,    0,    0,    0,    0,    0,    0,    0,    0,    0,    0,    0,    0,    0,    0,    0,    0,    0,    0,    0,    0,    0,    0,    0,    0,    0,    0,    0,    0,    0,    0,    0,    0,    0,  -13,    0,    0,    0,    0,    0,    0,    0,    0,    0,    0,
       0,    0,    0,   -6,    0,    0,  -35,  -17,    0,   -7,    4,   -2,   -7,   -5,   -6,   -5,    2,   -6,    0,    0,    0,    0,    0,    0,    0,    0,    0,    0,    0,    0,    0,    0,    0,    0,    0,    0,    0,    0,    0,    0,    0,    0,    0,    0,    0,    0,    0,    0,    0,    0,    0,   12,    0,    0,    0,    0,    0,    0,    0,    0,    0,    0,
       0,    0,    0,    0,    0,    0,  -21,    0,    0,    0,    0,    0,   -8,    0,    0,    0,   -6,    0,    0,    0,    0,    0,    0,    0,    0,    0,    0,    0,    0,    0,    0,    0,    0,    0,    0,    0,    0,    0,    0,    0,    0,    0,    0,    0,    0,    0,    0,    0,    0,    0,    0,   -6,    0,    0,    0,    0,    0,    0,    0,    0,    0,    0,
       0,    0,    0,    0,    0,    0,    0,    0,    0,    0,    0,    0,    0,    0,    0,    0,    0,    0,    0,    0,    0,    0,    0,    4,   -6,    0,  -12,    0,  -12,    0,    0,    0,    0,    0,    0,    0,    0,    0,    0,    0,    0,    0,    0,   -4,    0,    0,    0,    0,    0,    0,    0,    0,    0,    0,    0,    0,    0,    0,    0,    0,    0,    0,
       0,    0,    0,    0,    0,    0,    0,    0,    0,    0,    0,    0,    0,    0,    0,    0,    0,    0,    0,    0,    0,    0,    2,    0,    4,    0,    0,    0,    0,    0,    0,    0,    0,    0,    0,    0,    0,    0,    0,    0,    0,    0,    0,    0,    0,    0,    0,    0,    0,    0,    0,    0,    0,   -9,    2,    0,    0,    0,    0,    0,    0,    0,
       0,   -8,   -3,    0,    0,    0,  -16,    0,    2,    0,    0,    0,  -17,    0,    0,    0,    0,    0,    0,   -4,    0,  -10,    0,    0,  -10,    0,  -18,  -21,  -13,  -11,    0,    0,    0,   -8,   -2,   -2,   -6,   -6,   -1,   -6,   -2,   -2,   -3,   -6,   -8,   -4,    0,    0,    0,    0,    0,    0,    0,    0,    0,   -6,   -6,   -6,   -6,   -2,   -2,    0,
      -4,  -38,  -11,    0,    0,    0,    5,  -10,    3,    0,    0,    0,    0,    0,    0,    0,    0,    0,    0,  -17,  -10,    2,  -11,   -6,  -32,  -22,  -35,   -4,  -32,   -6,    0,    6,    0,   -8,   -4,   -7,   -7,  -10,   -7,   -7,   -6,  -12,  -11,  -18,    4,  -20,   -8,    0,    3,   -4,    0,    0,    0,    0,  -11,   -7,   -7,   -7,   -7,   -7,   -4,    0,
       0,    6,    0,   -3,    0,    0,   -7,  -13,    0,    0,   -3,   -3,   -6,    0,   -5,    0,   -4,   -8,    0,    0,  -10,  -12,    0,   -5,  -10,    0,   -8,  -16,  -10,    0,    0,    0,    0,   -8,  -11,  -10,  -11,  -11,   -8,  -11,   -6,   -5,  -11,   -6,  -10,   -8,  -10,    0,    0,    0,    0,    0,    0,    0,    0,  -11,  -11,  -15,  -16,  -10,  -11,    0,
       0,    0,    0,    0,    0,    0,    0,   -4,   -2,    0,    0,    0,    0,    0,    0,    0,    0,    0,    0,    0,   -9,   -4,    0,    0,  -16,    0,  -12,  -17,   -7,    0,    0,    0,    0,   -7,    0,   -6,   -4,   -7,   -8,   -4,   -7,   -6,   -6,  -12,  -10,   -9,   -6,    0,    0,    0,    0,    0,    0,    0,    0,   -4,   -4,   -3,   -5,   -6,    0,    0,
       0,    0,   -3,    0,    0,    0,  -44,    0,  -12,    0,    0,    0,    0,    0,    0,    0,    0,    0,  -14,    0,   -9,  -27,   -9,   -2,    0,    0,   -7,  -12,   -7,   -9,    0,    0,    0,  -12,   -4,  -18,   -6,  -14,   -3,   -6,  -13,   -4,   -4,   -3,  -10,   -4,   -8,    0,    0,    0,    0,    0,    0,    0,   -9,   -6,   -6,  -10,   -6,  -18,   -4,    0,
       0,    0,    0,    0,    0,    0,    0,    0,    0,    0,    0,    0,    0,    0,    0,    0,    0,    0,    0,    0,    0,   -3,    0,    0,    0,    0,  -15,  -16,  -18,    0,    0,    0,    0,   -4,   -4,    0,    0,    0,    0,    0,   -4,    0,   -4,  -11,   -7,   -6,   -6,    0,    0,    0,    0,    0,    0,    0,    0,    0,    0,    0,    0,    0,   -4,    0,
       0,    2,   -7,    0,    0,    0,    0,    0,    4,    0,    0,    0,    0,    0,    0,    0,    0,    0,    0,    0,    0,  -11,    0,    0,   -8,   -3,   -9,  -13,   -8,   -6,    0,    0,    0,   -6,    0,   -6,    0,   -6,   -6,    0,   -6,    0,    0,   -8,  -11,  -10,    0,    0,    0,    0,    0,    0,    0,    0,    0,    0,    0,    5,    6,   -6,    0,    0,
       0,    0,    0,    0,    0,    0,    0,    0,    0,    0,    0,    0,    0,    0,    0,    0,    0,    0,    0,    0,    0,  -22,   -3,    0,   -2,    0,   -5,  -16,   -4,   -9,    0,    0,    0,   -8,    2,   -5,    0,   -8,   -2,    0,   -8,   -4,   -5,  -10,  -14,   -9,   -8,    0,    0,    0,    0,    0,    0,    0,   -3,    0,    0,    7,    6,   -5,    2,    0,
      -7,   -5,  -10,    0,    0,    0,   -7,  -38,   -3,    0,    0,    0,    0,    0,    0,    0,    0,    0,    0,   -9,  -21,   -4,  -13,   -7,  -15,  -18,  -10,   -5,   -9,  -10,    0,    0,    0,  -15,    0,  -16,   -6,  -14,   -8,   -6,  -15,  -12,  -12,  -13,    0,  -18,   -2,    0,    0,    0,    0,    0,    0,    0,  -13,   -6,   -6,   -8,   -8,  -16,    0,    0,
       0,    0,  -16,    0,    0,    0,    0,    0,    0,    0,    0,    0,    0,    0,    0,    0,    0,    0,    0,    0,  -14,   -5,    0,   -4,  -26,  -16,  -32,   -7,  -36,   -4,    0,    0,    0,   -4,    0,   -4,   -6,   -6,    0,   -6,   -6,  -10,   -6,  -17,   -4,  -19,    0,    0,    0,    0,    0,    0,    0,    0,    0,   -6,   -6,   -6,   -6,   -4,    0,    0,
       0,    2,   -4,    0,    0,    0,  -55,  -12,  -11,    0,    0,    0,    0,    0,    0,    0,    0,    0,    0,   -6,   -3,  -22,   -9,   -6,   -6,   -6,  -12,  -17,  -13,   -8,    0,   -4,    0,   -9,   -4,   -6,   -3,   -8,   -6,   -3,   -4,   -4,   -4,   -2,   -7,   -3,   -7,    0,   -4,    0,    0,    0,    0,    0,   -9,   -3,   -3,   -3,   -3,   -6,   -4,    0,
       0,   -8,   -3,    0,   20,    0,  -31,    0,   25,    0,    0,    0,  -17,    0,    0,    0,    0,    0,   22,   -4,    0,  -10,    0,   50,  -10,    0,  -18,  -21,  -13,  -11,    0,   19,   29,   -8,   -5,   -5,   -6,   10,   29,   -6,   -2,   -2,   -3,   -6,   -8,   12,    0,    9,   19,    0,    0,    0,    0,    0,    0,   -6,   -6,   -6,   -6,    4,   17,    0,
       0,    0,    0,    0,    0,    0,    0,    0,    0,    0,    0,    0,    0,    0,    0,    0,    0,    0,    0,    0,   -7,   -4,    0,    0,  -10,   -6,  -20,  -11,  -23,   -4,    0,    0,    0,   -6,    0,   -8,   -4,   -4,   -2,   -4,    0,   -6,   -6,  -10,   -6,   -9,    0,    0,    0,    0,    0,    0,    0,    0,    0,   -4,   -4,   -4,   -4,   -8,    0,    0,
       0,    6,  -10,    0,    0,    0,  -31,  -24,  -11,    0,    0,    0,    0,    0,    0,    0,    0,    0,  -11,   -4,  -10,  -32,   -8,   -6,   -6,   -3,   -6,  -14,   -7,  -12,    0,    0,    0,  -20,   -4,  -19,   -8,  -23,   -6,   -8,  -17,   -4,   -7,   -5,  -13,   -2,  -14,    0,    0,    0,    0,    0,    0,    0,   -8,   -8,   -8,   -6,   -9,  -19,   -4,    0,
      -8,    2,  -20,  -11,    0,    0,  -42,  -23,  -19,    0,    0,    0,  -13,    0,    0,    0,    0,    0,  -13,   -3,  -34,  -35,   -9,   -6,   -6,   -5,    2,   -9,    2,  -13,    0,   -4,    0,  -32,   -3,  -28,  -17,  -29,  -16,  -17,  -28,  -15,  -20,  -14,  -29,  -24,  -30,    0,   -4,    0,    0,    0,    0,    0,   -9,  -17,  -28,  -19,   -3,  -28,   -3,    0,
      -8,    2,  -20,  -11,    0,    0,  -42,  -23,  -19,    0,    0,    0,  -13,    0,    0,    0,    0,    0,  -13,   -3,  -17,  -35,   -9,   -6,   -6,   -5,    2,   -9,    2,  -13,    0,   -4,    0,  -32,   -3,  -28,  -17,  -29,  -16,  -17,  -28,  -15,  -20,  -14,  -29,  -24,  -30,    0,   -4,    0,    0,    0,    0,    0,   -9,  -17,  -28,  -19,   -3,  -28,   -3,    0,
       0,    0,  -17,    0,    0,    0,  -47,    0,    0,    0,    0,    0,  -11,    0,   -6,    0,   -4,    0,  -15,    0,  -14,  -32,   -8,   -3,   -4,   -5,    2,   -8,    2,   -7,    0,   -4,    0,  -33,   -1,  -28,  -20,  -26,  -11,  -20,  -26,  -13,  -18,  -21,  -26,  -18,  -20,    0,   -4,    0,    0,    0,    0,    0,   -8,  -20,  -34,  -19,   -1,  -28,   -1,    0,
       0,    0,   -8,    0,    0,    0,    0,    0,    0,    0,    0,    0,    0,    0,    0,    0,    0,    0,    0,    0,  -10,   -8,   -5,    0,   -8,   -7,  -10,  -11,  -10,    0,    0,    0,    0,    0,    0,   -3,   -3,   -4,    0,   -3,   -6,   -7,   -8,  -10,   -7,  -12,    0,    0,    0,    0,    0,    0,    0,    0,   -5,   -3,   -3,   -4,   -4,   -3,    0,    0,
       0,    0,    0,    0,    0,    0,    0,    0,   18,    0,    0,    0,    0,    0,    0,    0,    0,    0,    0,    0,    0,    7,    0,   19,  -22,    0,   -4,    0,   -4,    0,   14,    0,   22,    0,    9,    0,    0,    7,   28,    0,    0,    0,    0,    0,    0,    0,    0,    0,    0,    0,    0,    0,    0,    0,    0,    0,    0,    0,    0,    0,    9,    0,
       0,    0,    0,    0,    7,    0,    0,    0,   11,    0,    0,    0,    0,    0,    0,    0,    0,    0,    0,    0,    0,    0,    0,   23,    0,    0,    0,    0,    0,    0,    0,    7,    7,    0,    0,    0,    0,    0,    0,    0,    0,    0,    0,    0,    0,    0,    0,    0,    0,    0,    0,    0,    0,    0,    0,    0,    0,    0,    0,    0,    0,    0,
       0,    0,    0,    0,    7,    0,    0,    0,   16,    0,    0,    0,    0,    0,    0,    0,    0,    0,    0,    0,    0,    0,    0,   21,    0,    0,    0,    0,    0,    0,    0,    6,    0,    0,    0,    0,    7,    7,   15,    7,    0,    0,    0,    0,    0,    0,    0,    0,    6,    0,    0,    0,    0,    0,    0,    7,    7,    7,    7,    0,    0,    0,
      -3,  -21,    0,    0,    0,    0,    4,    0,    8,    0,    0,    0,    0,    0,    0,    0,    0,    0,    0,   -6,    0,    0,    0,    0,    0,    0,    0,    0,    0,    0,    0,    0,    0,    0,    0,    0,    0,    0,    0,    0,    0,    0,    0,  -10,    0,  -12,    0,    0,    0,    0,    0,    0,    0,    0,    0,    0,    0,    0,    0,    0,    0,    0,
       0,  -17,    0,    0,    0,    0,   -7,    0,    5,    0,    0,    0,    0,    0,    0,    0,    0,    0,    0,   -2,   -2,    0,    0,    0,    0,    0,    0,    0,    0,    0,    0,    0,    0,    0,    0,    0,    0,    0,   -1,    0,    0,    0,    0,   -7,  -13,   -7,    0,    0,    0,    0,    0,    0,    0,    0,    0,    0,    0,    0,    0,    0,    0,    0,
       0,    3,    0,    0,    0,    0,    0,   -8,    0,    0,    0,    0,    0,    0,    0,    0,    0,    0,    0,   -4,    0,    0,    0,    0,    0,    0,    0,    0,    0,    0,    0,    0,    0,   -7,   -6,   -7,   -5,   -8,   -4,   -5,    0,   -5,   -6,   -8,   -7,   -6,    0,    0,    0,    0,    0,    0,    0,    0,    0,   -5,   -5,   -5,   -5,   -7,   -6,    0,
       0,   -9,    0,    0,    0,    0,    0,   -2,    7,    0,    0,    0,    0,    0,    0,    0,    0,    0,    0,    0,   -4,    0,    0,    0,    0,    0,    0,    0,    0,    0,    0,    7,    0,   -4,    0,    0,    0,    0,    2,    0,    0,    0,    0,   -7,   -7,   -6,    0,    0,    4,    0,    0,    0,    0,    0,    0,    0,    0,    0,    4,    0,    0,    0,
       0,    0,    0,    0,    0,    0,    0,    0,    0,    0,    0,    0,    0,    0,    0,    0,    0,    0,    0,    0,    0,    0,    0,    0,    0,    0,    0,    0,    0,    0,    0,    0,    0,    0,    0,    0,    0,    0,   -6,    0,    0,    0,    0,   -7,  -12,   -8,    0,    0,    0,    0,    0,    0,    0,    0,    0,    0,    0,    0,    0,    0,    0,    0,
      16,   16,    0,    0,   42,   20,  -12,  -10,    0,    0,    0,    0,    0,    0,    0,    0,    0,    0,    0,   14,    0,    0,    0,    0,    0,    0,    0,    0,    0,    0,   30,   61,    0,   -3,   22,   -4,    4,   -2,    7,    4,    0,    4,    2,    4,   -6,    2,    0,    0,   36,    0,    0,    0,    0,    0,    0,   12,   12,   15,   20,   -4,   22,    0,
       0,    0,    0,    0,    0,    0,    0,    0,    7,    0,    0,    0,    0,    0,    0,    0,    0,    0,    0,    0,    0,    0,    0,    0,    0,    0,    0,    0,    0,    0,    0,    7,    7,   -5,   -4,   -6,   -4,    4,   16,   -4,   -4,   -2,    0,   -4,   -8,   -3,    0,    0,    3,    0,    0,    0,    0,    0,    0,   -4,   -4,   -4,   -4,   -6,   -7,    0,
       0,    0,    0,    0,    0,    0,    0,    0,    4,    0,    0,    0,    0,    0,    0,    0,    0,    0,    0,    0,    0,    0,    0,    0,    0,    0,    0,    0,    0,    0,    0,    0,    0,    0,    0,    0,    0,    0,    7,    0,    0,    0,    0,  -10,  -10,   -6,   -4,    0,    0,    0,    0,    0,    0,    0,    0,    0,    0,    0,    2,    0,    0,    0,
      -4,    0,    0,    0,    0,    0,    0,  -21,    4,    0,    0,    0,    0,    0,    0,    0,    0,    0,    0,   -8,   -8,    0,    0,    0,    0,    0,    0,    0,    0,    0,    0,    0,    0,  -10,   -6,  -13,   -6,  -11,   -9,   -6,  -11,   -6,   -5,   -4,   -2,   -2,   -7,    0,    0,    0,    0,    0,    0,    0,    0,   -6,   -6,   -6,   -6,  -13,   -6,    0,
       0,    0,    0,    0,    0,    0,    0,    0,    0,    0,    0,    0,    0,    0,    0,    0,    0,    0,    3,    0,    0,    0,    0,    0,    0,    0,    0,    0,    0,    0,    0,    0,   11,    0,    0,    0,    3,    5,   31,    8,    0,    0,    0,   -9,   -9,   -2,    0,    0,    0,    0,    0,    0,    0,    0,    0,    3,    3,    3,    3,    0,    7,    0,
      -2,    0,    0,    0,   -2,    0,  -28,    0,   -8,    0,    0,    0,    0,    0,    0,    0,    0,    0,    0,   -2,    0,    0,    0,    0,    0,    0,    0,    0,    0,    0,    0,   -4,    0,  -12,   -7,   -8,   -4,   -7,    1,   -4,   -5,    0,   -1,    4,   -6,    6,    0,    0,   -4,    0,    0,    0,    0,    0,    0,   -4,   -4,   -4,   -4,   -8,   -7,    0,
       0,  -17,    0,    0,    0,    0,   -7,    0,    0,    0,    0,    0,    0,    0,    0,    0,    0,    0,    0,    0,    0,    0,    0,    0,    0,    0,    0,    0,    0,    0,    0,    0,    0,    0,    0,    0,    0,    0,    0,    0,    0,    0,    0,   -6,  -11,   -7,    0,    0,    0,    0,    0,    0,    0,    0,    0,    0,    0,    0,    0,    0,    0,    0,
       0,    0,    0,    0,    0,    0,    0,    0,    0,    0,    0,    0,    0,    0,    0,    0,    0,    0,    0,    0,    0,    0,    0,    0,    0,    0,    0,    0,    0,    0,    0,    0,    0,   -4,   -3,   -6,    0,   -5,   -2,    0,   -4,    0,    0,   -4,   -4,   -3,    0,    0,    0,    0,    0,    0,    0,    0,    0,    0,    0,    0,    0,   -6,   -3,    0,
       0,    0,    0,    0,    0,    0,    0,    0,    8,    0,    0,    0,    0,    0,    0,    0,    0,    0,    0,    0,    0,    0,    0,    0,    0,    0,    0,    0,    0,    0,    0,    0,    0,    0,    0,    0,    0,    0,    0,    0,    0,    0,    0,   -6,   -2,   -7,   -4,    0,    0,    0,    0,    0,    0,    0,    0,    0,    0,    0,    0,    0,    0,    0,
       0,    0,    0,    0,    0,    0,  -28,   -6,    0,    0,    0,    0,    0,    0,    0,    0,    0,    0,   -5,    0,   -6,    0,    0,    0,    0,    0,    0,    0,    0,    0,    0,    0,    0,   -8,   -3,   -7,   -2,   -7,   -3,   -2,   -9,    5,    2,    8,   -2,    8,   -5,    0,    0,    0,    0,    0,    0,    0,    0,   -2,   -2,   -2,   -2,   -7,   -3,    0,
       0,    0,    0,    0,    0,    0,  -28,   -6,    0,    0,    0,    0,    0,    0,    0,    0,    0,    0,   -5,    0,   -6,    0,    0,    0,    0,    0,    0,    0,    0,    0,    0,    0,    0,   -8,   -3,  -15,   -2,   -7,   -3,   -2,   -9,    5,    2,    8,   -2,    8,   -5,    0,    0,    0,    0,    0,    0,    0,    0,   -2,   -2,   -2,   -2,  -15,   -3,    0,
       0,    0,    0,    0,    0,    0,    0,    0,    0,    0,    0,    0,    0,    0,    0,    0,    0,    0,    0,    0,    0,    0,    0,    0,    0,    0,    0,    0,    0,    0,    0,    0,    0,    0,   -2,    0,    0,    0,    0,    0,   -4,    0,    0,   -7,   -7,   -6,    0,    0,    0,    0,    0,    0,    0,    0,    0,    0,    0,    0,    0,    0,   -2,    0,
       0,    0,    0,    0,    0,    0,    0,    0,   11,    0,    0,    0,    0,    0,    0,    0,    0,    0,    0,    0,    0,    3,    0,   19,   -6,    0,   -4,    0,   -4,    0,    7,    0,   11,    0,    4,    0,    0,    4,   12,    0,    0,    0,    0,    0,    0,    0,    0,    0,    0,    0,    0,    0,    0,    0,    0,    0,    0,    0,    0,    0,    4,    0,
       0,    0,    0,    0,    0,    0,    0,    0,    0,    0,    0,   -3,    0,    0,    0,    0,   -4,    0,    0,    0,    0,    0,    0,    0,    0,    0,    0,    0,    0,    0,    0,    0,    0,    0,    0,    0,    0,    0,    0,    0,    0,    0,    0,    0,    0,    0,    0,    0,    0,    0,    0,    0,    0,    0,    0,    0,    0,    0,    0,    0,    0,    0,
       0,    0,    0,    0,    0,    0,    0,  -13,    0,    0,    0,    0,    0,    0,    0,    0,    0,    0,    0,    0,    0,    0,    0,    0,    0,    0,    0,    0,    0,    0,    0,    0,    0,    0,    0,    0,    0,    0,    0,    0,    0,    0,    0,    0,    0,    0,    0,    0,    0,    0,    0,    0,    0,    0,    0,    0,    0,    0,    0,    0,    0,    0,
       0,    0,    0,    0,    0,    0,    0,    0,    0,    0,    0,    0,    0,    0,    0,    0,    0,    0,    0,    0,    0,    0,    0,    0,    0,    0,    0,    0,    0,    0,    0,    0,    0,    0,    0,    0,    0,    0,    0,    0,    0,    0,    0,    0,    0,    0,    0,    0,    0,    0,    0,    0,    0,    0,    0,    0,    0,    0,    0,    0,    0,    2,
       0,    0,    0,    0,    0,    0,    0,    0,    0,    0,    0,    0,    0,    0,    0,    0,    0,    0,    0,    0,    0,    0,    0,    0,    0,    0,    0,    0,    0,    0,    0,    0,    0,    0,    0,    0,    0,    0,    0,    0,    0,    0,    0,    0,    0,    0,    0,    0,    0,    0,    0,    0,    0,    0,    0,    0,    0,    0,    0,    0,    0,   10,
       0,    0,    0,    0,    0,    0,  -10,    0,    0,    0,    0,    0,    0,    0,    0,    0,    0,    0,    0,    0,    0,    0,    0,    0,    0,    0,    0,    0,    0,    0,    0,    0,    0,    0,    0,    0,    0,    0,    0,    0,    0,    0,    0,    0,    0,    0,    0,    0,    0,    0,    0,    0,    0,    0,    0,    0,    0,    0,    0,    0,    0,    0,
       0,    2,   -7,    0,    0,    0,    0,    0,    4,    0,    0,    0,    0,    0,    0,    0,    0,    0,    0,    0,    0,  -11,    0,    4,   -8,   -3,   -9,  -13,   -8,   -6,   10,    0,    0,   -6,    0,   -6,    0,   -6,   -6,    0,   -6,    0,    0,   -8,  -11,  -10,    0,    0,    0,    0,    0,    0,    0,    0,    7,    0,    0,    5,    6,   -6,    0,    0,
       0,    0,    0,    0,    0,    0,    0,    0,    0,    0,    0,    0,    0,    0,    0,    0,    0,    0,    0,    0,    0,    0,    0,    0,    0,    0,    0,    0,    0,    0,    0,    0,    0,    0,   -5,   -3,   -7,   -6,   -4,   -7,   -5,   -7,   -2,  -10,   -8,  -14,   -6,    0,    0,    0,    0,    0,    0,    0,    0,   -7,   -7,   -7,   -7,   -3,   -5,    0,
       0,    3,    0,    0,    0,    0,    0,   -8,    0,    0,    0,    0,    0,    0,    0,    0,    0,    0,    0,   -4,    0,    0,    0,    0,    0,    0,    0,    0,    0,    0,    0,    0,    0,   -7,   -6,   -7,   -5,   -8,   -6,   -5,    0,   -5,   -6,   -8,   -7,   -6,    0,    0,    0,    0,    0,    0,    0,    0,    0,   -5,   -5,   -5,   -5,   -7,   -6,    0,
       0,    0,    0,    0,    0,    0,    0,    0,    0,    0,    0,    0,    0,    0,    0,    0,    0,    0,    0,    0,    0,    0,    0,    0,    0,    0,    0,    0,    0,    0,    0,    0,    0,    0,    0,    0,    0,    0,  -11,    0,    0,    0,    0,   -7,  -12,   -8,    0,    0,    0,    0,    0,    0,    0,    0,    0,    0,    0,    0,    0,    0,    0,    0,
       0,   -9,    0,    0,    0,    0,    0,   -2,    7,    0,    0,    0,    0,    0,    0,    0,    0,    0,    0,    0,   -4,    0,    0,    0,    0,    0,    0,    0,    0,    0,    0,    7,    0,   -4,    4,    0,    0,    0,    2,    0,    0,    0,    0,   -7,   -7,   -6,    0,    0,    4,    0,    0,    0,    0,    0,    0,    0,    0,   10,   11,    0,    4,    0,
       0,   -9,    0,    0,    0,    0,    0,   -2,    7,    0,    0,    0,    0,    0,    0,    0,    0,    0,    0,    0,   -4,    0,    0,    0,    0,    0,    0,    0,    0,    0,    0,    7,    0,   -4,    6,    0,    0,    0,    2,    0,    0,    0,    0,   -7,   -7,   -6,    0,    0,    4,    0,    0,    0,    0,    0,    0,    4,    0,    4,   12,    0,    6,    0,
       0,   -9,    0,    0,    0,    0,    0,   -2,    7,    0,    0,    0,    0,    0,    0,    0,    0,    0,    0,    0,   -4,    0,    0,    0,    0,    0,    0,    0,    0,    0,    0,    7,    0,   -4,    5,    0,    0,    0,    2,    0,    0,    0,    0,   -7,   -7,   -6,    0,    0,    4,    0,    0,    0,    0,    0,    0,    0,    6,   12,   11,    0,    5,    0,
       0,   -9,    0,    0,    0,    0,    0,   -2,    7,    0,    0,    0,    0,    0,    0,    0,    0,    0,    0,    0,   -4,    0,    0,    0,    0,    0,    0,    0,    0,    0,    0,    7,    0,   -4,    7,    0,   12,    0,    2,   12,    0,    0,    0,   -7,   -7,   -6,    0,    0,    4,    0,    0,    0,    0,    0,    0,    3,    1,   12,   19,    0,    7,    0,
       0,    0,    0,    0,    0,    0,    0,    0,    0,    0,    0,    0,    0,    0,    0,    0,    0,    0,    0,    0,    0,    0,    0,    0,    0,    0,    0,    0,    0,    0,    0,    0,    0,    0,    0,    0,    0,    0,   -2,    0,    0,    0,    0,  -10,   -6,   -7,    0,    0,    0,    0,    0,    0,    0,    0,    0,    0,    0,    0,    0,    0,    0,    0,
};

static const EpdLigaturePair bitter_12_regularLigaturePairs[] = {
    { 0x00660069, 0xFB01 }, // f i -> U+FB01
    { 0x0066006C, 0xFB02 }, // f l -> U+FB02
};

static constexpr EpdFontData bitter_12_regular = {
    bitter_12_regularBitmaps,
    bitter_12_regularGlyphs,
    bitter_12_regularIntervals,
    32,
    30,
    24,
    -7,
    true,
    bitter_12_regularGroups,
    8,
    nullptr,
    bitter_12_regularKernLeftClasses,
    bitter_12_regularKernRightClasses,
    bitter_12_regularKernMatrix,
    190,
    190,
    72,
    62,
    bitter_12_regularLigaturePairs,
    2,
};
