/**
 * generated by fontconvert.py
 * name: bitter_16_bold
 * size: 16
 * mode: 2-bit  compressed: true
 * Command used: fontconvert.py bitter_16_bold 16 ../builtinFonts/source/Bitter/Bitter-Bold.ttf ../builtinFonts/source/NotoEmoji/NotoEmoji-Regular.ttf ../builtinFonts/source/NotoSymbols/NotoSansSymbols-Regular.ttf --exact-intervals --additional-intervals 0x0020,0x007E --additional-intervals 0x00A0,0x00FF --additional-intervals 0x2000,0x206F --additional-intervals 0x20A0,0x20CF --additional-intervals 0x2190,0x21FF --additional-intervals 0xFB00,0xFB06 --additional-intervals 0xFFFD,0xFFFD --additional-intervals 0x2669,0x266F --additional-intervals 0x2764,0x2764 --additional-intervals 0x1F600,0x1F600 --additional-intervals 0x1F44D,0x1F44D --font-include-intervals 1:0x2764,0x2764 --font-include-intervals 1:0x1F600,0x1F600 --font-include-intervals 1:0x1F44D,0x1F44D --font-include-intervals 2:0x2669,0x266F --2bit --compress --pnum --darken-aa
 */
#pragma once
#include "EpdFontData.h"

static const uint8_t bitter_16_boldBitmaps[11392] = {
    0xAD, 0x5A, 0xBF, 0x8F, 0xE5, 0x56, 0x15, 0xBE, 0xB6, 0x77, 0xC7, 0x64, 0x8D, 0xE4, 0x20, 0xED,
    0x84, 0xCD, 0x46, 0xC8, 0x0D, 0x55, 0x28, 0xCC, 0x5F, 0x90, 0x6B, 0x14, 0x29, 0x94, 0xD9, 0x22,
    0xB3, 0x52, 0x92, 0x22, 0x0D, 0x14, 0x19, 0x8A, 0x69, 0x69, 0xC0, 0x0E, 0x48, 0x50, 0x32, 0x48,
    0x81, 0x26, 0xCD, 0x16, 0x8B, 0x94, 0x7D, 0x14, 0x43, 0x09, 0x0D, 0xD7, 0x1B, 0x8A, 0x94, 0x31,
    0x49, 0xA0, 0x8D, 0x25, 0xB2, 0x42, 0x84, 0x22, 0x4E, 0xE2, 0x28, 0x9E, 0x5D, 0xDB, 0x97, 0xEF,
    0x3B, 0xC7, 0xEF, 0xCD, 0x9B, 0xDD, 0x49, 0xB2, 0xBB, 0xEC, 0x8C, 0xFD, 0xD9, 0xEF, 0xF9, 0xFA,
    0xDE, 0x73, 0xCF, 0x3D, 0xBF, 0xEF, 0x7B, 0xFA, 0x9A, 0xED, 0x96, 0xFF, 0x76, 0xF3, 0xDF, 0xE4,
    0xFA, 0x5F, 0xE7, 0xB5, 0x91, 0xBF, 0xB4, 0xB6, 0x5D, 0x89, 0x7F, 0xDB, 0x9C, 0x37, 0xFE, 0xF9,
    0xDE, 0xA7, 0x72, 0x24, 0x9D, 0xD3, 0x23, 0xEE, 0x4A, 0x1C, 0x51, 0x77, 0x31, 0x28, 0xCC, 0x85,
    0xC3, 0x0B, 0xD7, 0x8C, 0xC9, 0xDA, 0xB4, 0x33, 0x26, 0x6F, 0x88, 0xB6, 0xCE, 0x5A, 0x62, 0xAE,
    0xD8, 0x98, 0xDC, 0xE3, 0xAF, 0xD8, 0x46, 0xE3, 0x8A, 0x12, 0x43, 0x79, 0x53, 0x56, 0x44, 0xA7,
    0x58, 0x10, 0xBD, 0x31, 0xC1, 0x4C, 0x64, 0xC3, 0xF1, 0x14, 0x46, 0x63, 0x38, 0x1B, 0xE2, 0x44,
    0x8C, 0x46, 0xE0, 0x40, 0x8C, 0x05, 0x93, 0x9E, 0x68, 0x22, 0x50, 0x60, 0xE2, 0xD3, 0x90, 0xF4,
    0xE8, 0xD4, 0xFB, 0xC1, 0xA4, 0xE8, 0xC7, 0x58, 0x42, 0x79, 0xBC, 0x83, 0xB1, 0x6A, 0x33, 0x6F,
    0xE0, 0xAF, 0xC6, 0x83, 0x60, 0xE3, 0x30, 0x04, 0x9A, 0x0C, 0x98, 0x93, 0xF7, 0x8D, 0x09, 0xBD,
    0xDE, 0xF2, 0xDB, 0xD2, 0xB3, 0x7F, 0x5F, 0x8D, 0xE8, 0xAC, 0x02, 0x0D, 0xBE, 0x9A, 0xF1, 0xBC,
    0xF0, 0x26, 0x46, 0x57, 0x33, 0x9A, 0x78, 0x36, 0x06, 0xB4, 0x66, 0xC7, 0x1F, 0xDF, 0x4B, 0x86,
    0x40, 0x70, 0x85, 0xB4, 0x54, 0x98, 0x00, 0xA8, 0x19, 0x48, 0x5A, 0xEE, 0x27, 0x03, 0xBE, 0xD9,
    0x0A, 0xA4, 0xD5, 0xC6, 0xF1, 0xBF, 0x22, 0x3B, 0x84, 0x09, 0xC6, 0x71, 0x56, 0xF8, 0x2A, 0x1E,
    0x78, 0xF1, 0xC2, 0xE0, 0x77, 0x27, 0xDB, 0x90, 0xA8, 0x91, 0xEC, 0x8B, 0x7D, 0x4B, 0xBA, 0xCC,
    0xAB, 0xE1, 0x94, 0x90, 0xCA, 0x78, 0x28, 0x31, 0x1B, 0xF4, 0xE8, 0x3D, 0x97, 0xE4, 0xBD, 0x31,
    0xC1, 0xA5, 0xFC, 0xDB, 0x10, 0xA1, 0x03, 0x1F, 0xF5, 0xB8, 0x84, 0x93, 0x5C, 0xC0, 0x42, 0x5E,
    0xD2, 0x2E, 0x1A, 0x62, 0x50, 0xD1, 0x86, 0x73, 0xD6, 0x91, 0x02, 0x4E, 0xDB, 0x93, 0x07, 0x85,
    0xB9, 0x01, 0x5A, 0x0F, 0xC1, 0x3F, 0xFF, 0xA1, 0x91, 0x05, 0xA9, 0x31, 0x7D, 0x62, 0x2A, 0x98,
    0x4D, 0x6C, 0x9E, 0x0F, 0x06, 0x62, 0x93, 0xF7, 0x26, 0xAB, 0x4C, 0x36, 0x88, 0xF4, 0x70, 0x1D,
    0xF0, 0x12, 0xD6, 0x93, 0xFC, 0xF3, 0x98, 0x2D, 0x79, 0x5E, 0x05, 0xB2, 0xF6, 0x89, 0x5F, 0x39,
    0x34, 0x1E, 0xF9, 0x8A, 0xED, 0x4E, 0x63, 0x47, 0xE4, 0x31, 0x9A, 0x12, 0x1F, 0xFD, 0xEF, 0x41,
    0x4A, 0x2A, 0x1D, 0x60, 0x5C, 0x4E, 0xCE, 0xF9, 0x9E, 0x3C, 0xFC, 0x03, 0xC9, 0x29, 0xBC, 0x88,
    0x8B, 0x30, 0xCC, 0x94, 0xF8, 0xBF, 0x68, 0xCC, 0x37, 0x30, 0xE3, 0xC2, 0x40, 0xB6, 0x7C, 0x15,
    0x7A, 0x13, 0xCD, 0x26, 0x01, 0x9B, 0x07, 0x93, 0x69, 0xAF, 0xAD, 0x29, 0x1B, 0xE3, 0x6A, 0xAE,
    0x36, 0x8F, 0xEA, 0xF4, 0x21, 0x5F, 0xE2, 0x29, 0xDA, 0xA0, 0x25, 0xDA, 0xE3, 0x2D, 0xBC, 0x8B,
    0x1E, 0xA2, 0x09, 0xF3, 0xE0, 0x7A, 0xB3, 0xE7, 0xBC, 0xC2, 0x28, 0xE7, 0xC1, 0x1F, 0xC3, 0xC6,
    0x68, 0x99, 0x6F, 0x9A, 0x51, 0x1C, 0xB0, 0xB8, 0xC5, 0xD2, 0x1D, 0xFB, 0x42, 0x0B, 0xED, 0x6E,
    0xFB, 0x68, 0xF8, 0xFD, 0x42, 0x07, 0xB8, 0x52, 0x28, 0xA9, 0xF1, 0x86, 0xD4, 0x56, 0x7A, 0x36,
    0x1C, 0xC5, 0xEC, 0x1A, 0x19, 0x8A, 0xE7, 0x25, 0x7B, 0x01, 0x8C, 0x74, 0xC6, 0xDE, 0xF1, 0xC5,
    0xCE, 0xA7, 0x58, 0x12, 0xBC, 0x1F, 0xDE, 0xE9, 0x4C, 0xF2, 0x29, 0x86, 0xAF, 0xC1, 0xFA, 0x0A,
    0xB2, 0xC5, 0xD5, 0xA6, 0x38, 0x9D, 0x09, 0x7B, 0xAF, 0x7C, 0xBE, 0x27, 0xCA, 0xB4, 0x05, 0x5F,
    0xDA, 0x58, 0x61, 0x87, 0xDA, 0x5D, 0xD9, 0x56, 0xCC, 0x41, 0x97, 0x35, 0x59, 0x6D, 0x8B, 0xD2,
    0x8C, 0xE6, 0xFB, 0x66, 0xB5, 0xBA, 0x0E, 0xAD, 0xD4, 0x23, 0x2F, 0x5C, 0x03, 0x39, 0x6C, 0x6D,
    0x4D, 0x9A, 0x6D, 0xA5, 0x34, 0x3B, 0x9C, 0x5C, 0x35, 0xE8, 0x4A, 0x00, 0x99, 0x08, 0x45, 0x63,
    0x55, 0x45, 0x49, 0x66, 0x0A, 0x7D, 0x4B, 0x29, 0xC8, 0x10, 0x57, 0x5A, 0x9E, 0x87, 0x78, 0xCD,
    0xF2, 0x2C, 0xF4, 0x35, 0x28, 0xDD, 0x35, 0x4A, 0xC8, 0xAC, 0x42, 0x4A, 0xB9, 0xE9, 0xB2, 0xD9,
    0xB8, 0xDE, 0x42, 0x42, 0x47, 0xAC, 0x67, 0x3A, 0xBA, 0x76, 0x81, 0xC9, 0x41, 0xB0, 0x26, 0x48,
    0x57, 0xA2, 0x77, 0xF2, 0xA0, 0x64, 0x13, 0x8A, 0xE1, 0x08, 0xF9, 0xB3, 0x7D, 0x06, 0xF1, 0xEB,
    0x12, 0x76, 0x15, 0x0A, 0x9F, 0xC4, 0x28, 0x04, 0xAF, 0x9A, 0xC5, 0x44, 0x52, 0x2D, 0xB1, 0xE6,
    0xB0, 0x4B, 0x39, 0xCE, 0x12, 0xA7, 0x7D, 0x67, 0x34, 0xDF, 0xE1, 0xF7, 0xF7, 0x71, 0xA2, 0xDF,
    0x16, 0x14, 0x0E, 0x3C, 0x83, 0xA3, 0x19, 0x32, 0xEB, 0x21, 0xDA, 0x80, 0x89, 0x00, 0x4B, 0x50,
    0x41, 0x7F, 0x2C, 0xAD, 0x8D, 0x85, 0x50, 0x55, 0x4F, 0xE2, 0xAE, 0xA0, 0xF1, 0xE1, 0xC8, 0x62,
    0xA1, 0xA8, 0x63, 0x54, 0xF0, 0x84, 0xCA, 0x5E, 0xD2, 0x2E, 0x52, 0x35, 0x72, 0x48, 0x1E, 0x58,
    0x00, 0x9A, 0xEF, 0x02, 0xC3, 0x31, 0x2C, 0x4D, 0x82, 0xA5, 0x29, 0xB5, 0xEB, 0x31, 0xC0, 0x3D,
    0x74, 0x6A, 0x45, 0xBE, 0x15, 0x74, 0x8C, 0x71, 0xD1, 0x35, 0xEA, 0x9E, 0x21, 0x69, 0x66, 0x1F,
    0xA4, 0xD1, 0xDA, 0x48, 0xBB, 0x4A, 0x8D, 0x98, 0xE8, 0x04, 0x3F, 0x7E, 0x97, 0xF4, 0xD9, 0x5B,
    0x07, 0x9E, 0xD4, 0x8F, 0xA4, 0xA0, 0xE7, 0x14, 0xF1, 0xF0, 0x89, 0x2B, 0x62, 0x0C, 0x30, 0x3A,
    0x34, 0x99, 0x0B, 0xAC, 0x14, 0x56, 0xDA, 0x75, 0x44, 0x88, 0x27, 0x40, 0x7A, 0x4C, 0x33, 0xF1,
    0x09, 0x75, 0xEC, 0x26, 0xD5, 0xE7, 0x35, 0x5F, 0x45, 0x1E, 0x63, 0xC4, 0x13, 0x20, 0x1D, 0x00,
    0x79, 0x07, 0x28, 0x6F, 0x5D, 0xF5, 0xFF, 0xE0, 0x8C, 0xBC, 0x00, 0x79, 0xE5, 0x77, 0xF7, 0xF0,
    0xDD, 0x42, 0xD0, 0x29, 0xD8, 0x59, 0xAD, 0x6E, 0xD0, 0x7E, 0xCC, 0x1B, 0x80, 0xA5, 0x9D, 0xF6,
    0x5E, 0x50, 0x0B, 0x75, 0x37, 0xCC, 0xAF, 0x93, 0x44, 0xB5, 0x6E, 0x83, 0x36, 0x5E, 0x6C, 0x7E,
    0xAC, 0xBC, 0xAF, 0x96, 0x99, 0x47, 0x0A, 0xC5, 0x25, 0x34, 0x32, 0xF6, 0x3F, 0xF0, 0x18, 0xC2,
    0xD3, 0x92, 0xDC, 0x4D, 0xE8, 0xDD, 0xCC, 0x79, 0x99, 0xF4, 0xC1, 0x6C, 0xF4, 0xB3, 0x25, 0x90,
    0xE3, 0x11, 0x5D, 0x4C, 0x22, 0x0C, 0x66, 0xE7, 0x62, 0x2E, 0x2D, 0x2D, 0x9A, 0xED, 0x2E, 0x17,
    0xD4, 0x6B, 0xE9, 0xC5, 0x17, 0x84, 0xBA, 0x3C, 0x0E, 0x7D, 0x5B, 0xC2, 0x66, 0x75, 0x25, 0xCD,
    0x91, 0x58, 0x46, 0x05, 0x1A, 0x4B, 0x18, 0x50, 0x4A, 0xD0, 0x1B, 0xBE, 0x8E, 0x16, 0xDB, 0x3A,
    0x73, 0xF9, 0x21, 0x11, 0xC1, 0x8F, 0x8D, 0x79, 0x7A, 0xB5, 0x5A, 0x55, 0xEC, 0xA5, 0xD9, 0x82,
    0xDF, 0xED, 0xA1, 0x53, 0xF0, 0x05, 0x00, 0xEA, 0x9F, 0xD1, 0xB5, 0x14, 0x69, 0x12, 0x06, 0xE4,
    0x1B, 0x6A, 0x4A, 0x2A, 0xBE, 0x78, 0x43, 0x0A, 0xD7, 0x32, 0x67, 0x73, 0x8A, 0x72, 0xBE, 0x60,
    0xE5, 0x05, 0xB6, 0x75, 0xF2, 0x42, 0xB3, 0xA8, 0x86, 0x79, 0x0A, 0x6F, 0x88, 0xBF, 0x8D, 0x95,
    0xED, 0x47, 0xF0, 0xFB, 0x58, 0x41, 0x04, 0x15, 0x46, 0xC0, 0xE9, 0x5D, 0x3E, 0x72, 0x69, 0xFD,
    0x0F, 0xE9, 0x40, 0xA9, 0x5B, 0x74, 0x9C, 0x01, 0x39, 0x99, 0x60, 0x71, 0xF1, 0x46, 0x8C, 0xC6,
    0x2D, 0xBA, 0x85, 0xB1, 0x2C, 0x5B, 0xB1, 0xB5, 0xD0, 0x55, 0xDC, 0x49, 0x2F, 0x13, 0x9E, 0x32,
    0x98, 0x20, 0x87, 0x45, 0x58, 0x31, 0xFA, 0xF9, 0xD7, 0x85, 0x48, 0x11, 0xB0, 0x41, 0xAC, 0x80,
    0x7A, 0x8F, 0x6C, 0x0A, 0xF1, 0x46, 0x6F, 0x5C, 0xBB, 0xC5, 0x44, 0x40, 0x2F, 0x9E, 0x07, 0xD3,
    0xB0, 0x03, 0x95, 0x9D, 0xCA, 0xE8, 0x7B, 0xBE, 0x06, 0x4D, 0x9C, 0x65, 0x62, 0x02, 0x65, 0xBB,
    0xCC, 0x2E, 0x24, 0x3B, 0xC0, 0x84, 0x70, 0xCF, 0x89, 0x91, 0x91, 0x09, 0x36, 0x00, 0xF2, 0xF0,
    0xA5, 0x82, 0xBE, 0x67, 0xDB, 0x0C, 0xAE, 0xFF, 0xB6, 0xBF, 0x8D, 0xDB, 0x6C, 0xC8, 0xC7, 0x7C,
    0x48, 0xBB, 0xA0, 0x38, 0x69, 0x91, 0x34, 0x79, 0x67, 0x07, 0x50, 0xD1, 0xA7, 0x5D, 0xDA, 0x22,
    0xFA, 0xC2, 0xEA, 0x5C, 0x5A, 0x3F, 0xFC, 0xA9, 0xA1, 0x6B, 0x30, 0x6E, 0xC2, 0xD0, 0x03, 0x55,
    0x47, 0x2F, 0x90, 0xA8, 0x5E, 0x57, 0x89, 0xD2, 0x95, 0xE3, 0x43, 0x48, 0x65, 0xCA, 0xF0, 0x30,
    0xA0, 0xE8, 0x26, 0x5C, 0xA2, 0x3F, 0xB3, 0x83, 0xBD, 0xBD, 0xBD, 0x17, 0x30, 0xA9, 0x79, 0x7D,
    0xAE, 0x3B, 0xBE, 0xFB, 0xFB, 0x73, 0x5C, 0xD8, 0x42, 0xD7, 0xD5, 0x7A, 0xC6, 0x6D, 0xB3, 0x5A,
    0x81, 0x98, 0xE6, 0x2F, 0xF7, 0x5C, 0x58, 0x2E, 0x10, 0x07, 0xE3, 0x9C, 0xD9, 0xC6, 0x62, 0x24,
    0x78, 0x44, 0x73, 0x4E, 0xCC, 0xC2, 0x40, 0x51, 0xAF, 0x70, 0x36, 0x58, 0x9A, 0xEE, 0x9C, 0x08,
    0x92, 0x5D, 0xCE, 0x92, 0x8B, 0x5B, 0x8B, 0x0C, 0xD1, 0x78, 0x09, 0xE1, 0x05, 0xBE, 0x92, 0x78,
    0x4F, 0x0D, 0xFE, 0xF6, 0xDF, 0xCF, 0x55, 0x8D, 0xC9, 0x72, 0x61, 0x3B, 0x45, 0xEF, 0xA2, 0x70,
    0x53, 0x82, 0x11, 0x11, 0x7A, 0x23, 0xA1, 0x25, 0xB9, 0xD0, 0x9B, 0x03, 0xFA, 0xE8, 0x82, 0x27,
    0x98, 0x75, 0x11, 0x22, 0x96, 0x76, 0xB9, 0x6F, 0x6C, 0x9B, 0xB5, 0x98, 0x41, 0xDA, 0xD9, 0xFA,
    0x99, 0xA3, 0x91, 0x17, 0x84, 0x3D, 0x49, 0x8F, 0xB8, 0x29, 0x1C, 0x11, 0x28, 0x15, 0xC1, 0xD5,
    0x31, 0x1A, 0x5C, 0x61, 0xBD, 0x5C, 0xFC, 0x7F, 0x71, 0x29, 0x7F, 0x30, 0xCB, 0xB3, 0x5F, 0xE0,
    0x92, 0x74, 0xF6, 0x2D, 0x1F, 0x4F, 0x7C, 0x8F, 0x16, 0x07, 0x31, 0xB2, 0x1B, 0xC1, 0xF9, 0xB4,
    0xCB, 0xB0, 0x8C, 0xCA, 0xE1, 0x45, 0x35, 0x28, 0x21, 0x9F, 0x3F, 0x21, 0x22, 0x23, 0x71, 0x17,
    0xC5, 0xB2, 0x17, 0x23, 0x70, 0x2C, 0x0F, 0x2F, 0x5C, 0x37, 0x6B, 0xAB, 0x2D, 0x3C, 0x23, 0x63,
    0xE5, 0x25, 0xC1, 0x99, 0x46, 0x23, 0x9C, 0x38, 0xCF, 0x68, 0x84, 0xA4, 0x33, 0x88, 0xA3, 0x97,
    0xA3, 0x94, 0x2E, 0x98, 0x73, 0x44, 0xF8, 0x3B, 0xAA, 0xAA, 0xA2, 0xFB, 0xE8, 0x68, 0xD6, 0x30,
    0xD9, 0x48, 0x64, 0x25, 0x3C, 0x81, 0xD5, 0x9C, 0xC8, 0x67, 0xD2, 0xE6, 0x9B, 0x94, 0x5A, 0xD5,
    0x8A, 0xC8, 0x4C, 0x8B, 0x4B, 0x14, 0xBC, 0xBA, 0x5A, 0x5D, 0x31, 0x22, 0x0A, 0xF2, 0x0D, 0xB9,
    0xD8, 0xC5, 0xF8, 0x40, 0xB0, 0x3D, 0x20, 0xDF, 0x80, 0xE5, 0x77, 0xAE, 0x8D, 0xA1, 0xC4, 0x55,
    0x4C, 0x9B, 0x28, 0x3A, 0x1D, 0x33, 0xCA, 0xE5, 0xD3, 0x01, 0x90, 0x8E, 0xF7, 0x42, 0x3E, 0xC6,
    0x7E, 0xE5, 0x07, 0x1A, 0xE9, 0x4E, 0xC8, 0x92, 0xD8, 0xD8, 0x04, 0xEE, 0x58, 0x16, 0xAD, 0xE5,
    0xC0, 0x23, 0x09, 0x1E, 0xA0, 0xAF, 0xC9, 0x00, 0xA3, 0x12, 0x41, 0x2F, 0x00, 0x98, 0x6B, 0xD8,
    0x97, 0x1B, 0xA3, 0xE2, 0xDA, 0x35, 0xF8, 0xCD, 0x9D, 0xDB, 0x3C, 0x2D, 0xFB, 0x35, 0x53, 0x73,
    0xF0, 0xF4, 0x0A, 0x1C, 0x4C, 0xD8, 0xC5, 0xFE, 0xB6, 0x1B, 0x43, 0x19, 0xCE, 0xA9, 0x35, 0x27,
    0xBB, 0x5F, 0x2C, 0xCC, 0x1E, 0x27, 0xAD, 0xB3, 0x96, 0x69, 0xB7, 0x22, 0x3D, 0xD0, 0xE1, 0x99,
    0xFE, 0x13, 0x08, 0xD1, 0x8C, 0xA9, 0xD7, 0x15, 0x10, 0x2C, 0x8C, 0xD9, 0x4E, 0xB1, 0xD9, 0xC2,
    0x76, 0x0B, 0xB7, 0xBF, 0xAF, 0x37, 0x6F, 0x69, 0x0F, 0xB1, 0xF4, 0x96, 0xF1, 0x66, 0xA5, 0x2E,
    0x51, 0x67, 0xAD, 0xAE, 0x00, 0x32, 0x7C, 0x95, 0x36, 0x9A, 0x5F, 0x34, 0x02, 0x24, 0x86, 0x3D,
    0xA5, 0x1B, 0xD8, 0x61, 0x37, 0xC6, 0x6C, 0x81, 0x5F, 0x5D, 0x57, 0x5B, 0xB9, 0x05, 0x77, 0x35,
    0x01, 0x11, 0x05, 0x47, 0x27, 0x81, 0x09, 0x96, 0x6D, 0x75, 0xD4, 0xCA, 0xD0, 0x7E, 0x03, 0x9B,
    0x71, 0xEB, 0xCD, 0xE2, 0x93, 0xEA, 0x8C, 0x90, 0x12, 0x2E, 0x3C, 0xDC, 0xB8, 0xF7, 0xC0, 0x12,
    0x40, 0x0C, 0x0B, 0x60, 0xF1, 0x19, 0x05, 0x64, 0xE2, 0x58, 0x4F, 0x04, 0x16, 0x6C, 0x6F, 0x02,
    0x1A, 0x6A, 0xEA, 0x78, 0x2E, 0xC9, 0x0E, 0x0D, 0xD0, 0xCF, 0xD5, 0xF6, 0xEA, 0x3A, 0xAF, 0xB1,
    0x5D, 0xD0, 0xFA, 0x7E, 0x41, 0xC6, 0x33, 0x88, 0x4C, 0xA9, 0x84, 0x94, 0x1C, 0xCF, 0x77, 0x81,
    0xB9, 0x44, 0xEC, 0xA9, 0x84, 0xD6, 0xB1, 0x3F, 0x46, 0x5C, 0x12, 0x6A, 0xB0, 0x5B, 0xCA, 0xF2,
    0x27, 0x5E, 0x9C, 0xD5, 0x65, 0xC8, 0xC3, 0xDE, 0xFE, 0xB5, 0xF3, 0x57, 0x57, 0xA0, 0xA7, 0x4B,
    0x25, 0x22, 0x96, 0x4B, 0xCE, 0xF4, 0x41, 0xE7, 0x08, 0x0F, 0x74, 0x3F, 0x17, 0x15, 0xA8, 0xB3,
    0x2F, 0xF7, 0xDF, 0xCB, 0x2C, 0xBE, 0xD7, 0x41, 0xBA, 0x44, 0x35, 0xB7, 0x49, 0x02, 0x9D, 0xA2,
    0x4A, 0xB0, 0x6A, 0x22, 0x5D, 0x0F, 0x78, 0x38, 0x2E, 0x3E, 0x5F, 0x0F, 0xAE, 0xAE, 0x0A, 0x10,
    0x46, 0x5D, 0xAE, 0x02, 0xF8, 0x94, 0x8D, 0x7D, 0x7E, 0x54, 0x27, 0x26, 0x10, 0x78, 0x2E, 0x0E,
    0xBC, 0x36, 0x33, 0x7D, 0x0C, 0xF1, 0xF4, 0x21, 0xF9, 0x7C, 0xB8, 0xBB, 0x7F, 0x08, 0x02, 0x94,
    0x12, 0x60, 0xEE, 0x8B, 0x6C, 0xA6, 0xAC, 0xA6, 0xC2, 0x69, 0xA4, 0x51, 0xD4, 0x44, 0xE1, 0x02,
    0xDE, 0x8D, 0x67, 0x46, 0xA3, 0xF1, 0x8C, 0xC4, 0x88, 0x8C, 0x1C, 0x05, 0xFB, 0xAD, 0xFB, 0x49,
    0x9E, 0x4A, 0x9B, 0x50, 0xDA, 0xD3, 0x45, 0x8B, 0xC1, 0x92, 0xDE, 0x46, 0x62, 0xAA, 0xD3, 0xF7,
    0x46, 0x86, 0xEB, 0x31, 0x2E, 0x82, 0x78, 0x45, 0xF0, 0x93, 0x52, 0xD8, 0x2D, 0x20, 0x81, 0xF3,
    0x7D, 0xC8, 0xF4, 0xD7, 0x42, 0xBA, 0xD1, 0xA5, 0xBC, 0x86, 0xDE, 0x38, 0x0D, 0xBF, 0x4F, 0xD4,
    0x6D, 0x6F, 0x05, 0xA7, 0x77, 0xF5, 0x4D, 0xCD, 0xA5, 0x47, 0xCA, 0x61, 0x82, 0xF4, 0x09, 0x24,
    0xA4, 0x5C, 0x75, 0x56, 0x03, 0xB0, 0x34, 0x0C, 0xD0, 0xE5, 0xE2, 0x78, 0xA1, 0x28, 0x54, 0xF1,
    0x1D, 0x1F, 0x20, 0x4E, 0x8E, 0x8F, 0xFD, 0xB3, 0x23, 0x2E, 0x83, 0x7F, 0xBB, 0xE7, 0xC5, 0x7D,
    0xD0, 0xF1, 0x02, 0x57, 0xCC, 0x4B, 0x8E, 0x41, 0x70, 0x81, 0x1D, 0xE4, 0x05, 0xF6, 0x8C, 0x17,
    0x70, 0x90, 0x17, 0xA4, 0x51, 0xBC, 0x48, 0xCC, 0x7E, 0xFA, 0xE2, 0x34, 0x6C, 0x20, 0x49, 0x39,
    0x49, 0x92, 0x0B, 0xE8, 0x84, 0xA8, 0x78, 0x0D, 0x2F, 0x7D, 0x0B, 0x04, 0x91, 0x81, 0x43, 0x50,
    0x86, 0x6C, 0xAA, 0x25, 0x6D, 0xB9, 0x48, 0x29, 0xD1, 0x13, 0x6F, 0xC3, 0x94, 0xB4, 0xA0, 0xAB,
    0x21, 0x96, 0x1D, 0xD1, 0xF6, 0xC4, 0x6C, 0x24, 0xA6, 0x33, 0x31, 0xF6, 0xC4, 0xC8, 0x1F, 0x01,
    0x8D, 0xFF, 0x98, 0x48, 0x69, 0x67, 0xDC, 0x40, 0xCC, 0x81, 0xAC, 0x8B, 0xB4, 0x32, 0xEF, 0x56,
    0x46, 0x27, 0x52, 0xA0, 0xC4, 0x75, 0x68, 0x51, 0x46, 0x0B, 0x2D, 0x91, 0x98, 0x72, 0xB8, 0x8F,
    0x0C, 0x1E, 0x19, 0xFE, 0x03, 0xE3, 0xD3, 0xD4, 0x30, 0xB6, 0x84, 0x7D, 0x26, 0x3A, 0x5A, 0x06,
    0x08, 0x24, 0xED, 0x86, 0x3D, 0x0B, 0xF5, 0xA9, 0x20, 0x5B, 0x22, 0x3E, 0xA4, 0xC5, 0x42, 0x60,
    0xCA, 0x98, 0x23, 0xA5, 0x69, 0xC2, 0x71, 0x4B, 0x83, 0x3D, 0x9A, 0x30, 0x27, 0xA3, 0x6B, 0x35,
    0x48, 0x02, 0x3E, 0xD8, 0x52, 0x31, 0xE7, 0x93, 0x18, 0xB4, 0x6A, 0xB1, 0xE1, 0xC1, 0x96, 0x23,
    0xA5, 0x83, 0xCC, 0x36, 0x20, 0x1F, 0xE9, 0x52, 0xD9, 0x44, 0x0C, 0x2F, 0x1D, 0x82, 0xC8, 0x34,
    0x98, 0x59, 0x3C, 0x88, 0x2D, 0x95, 0xB8, 0x42, 0xD9, 0xA1, 0xFC, 0x58, 0xCC, 0x29, 0x39, 0xC2,
    0x4C, 0x2B, 0x9D, 0x24, 0x70, 0xCA, 0x25, 0x10, 0x90, 0xB8, 0xDE, 0x75, 0x6B, 0x05, 0x5D, 0xE2,
    0x32, 0xE5, 0x82, 0x5E, 0xFA, 0x53, 0x97, 0x4E, 0x2C, 0xEE, 0x72, 0x59, 0x5E, 0xA0, 0xC5, 0xED,
    0xA5, 0xB3, 0x7C, 0x94, 0x50, 0x2E, 0xF5, 0x92, 0x19, 0x29, 0x87, 0xD6, 0x2C, 0x22, 0x8F, 0x5A,
    0x89, 0x7F, 0x34, 0xA2, 0x7B, 0x45, 0xA3, 0x23, 0xAE, 0x60, 0x25, 0xD1, 0xD1, 0x1B, 0x8D, 0x46,
    0x47, 0x9D, 0x86, 0x3F, 0x9D, 0x4E, 0xA3, 0x92, 0x56, 0xD7, 0xE9, 0xA4, 0x0F, 0x17, 0xEF, 0x20,
    0xA8, 0xD5, 0x43, 0x51, 0x69, 0x37, 0x6C, 0x29, 0xF6, 0x3D, 0x98, 0xCB, 0x53, 0x90, 0x1B, 0x7B,
    0x8D, 0xC9, 0xE9, 0x68, 0xD7, 0x26, 0xE3, 0x68, 0xCB, 0x58, 0x30, 0xAA, 0x5C, 0x9B, 0x98, 0xC5,
    0xDC, 0xA8, 0xC9, 0xC8, 0x44, 0x16, 0xA9, 0x3B, 0x4C, 0xFB, 0xA1, 0xAD, 0x1D, 0x44, 0x0A, 0x21,
    0xEF, 0x35, 0x09, 0xAF, 0xAA, 0x78, 0x5D, 0x54, 0xA8, 0x99, 0x30, 0x54, 0xCC, 0x1F, 0x2A, 0x56,
    0x7F, 0x78, 0x77, 0xB9, 0x90, 0x20, 0xC4, 0x2E, 0xD2, 0xB1, 0x1E, 0x58, 0x7C, 0xCD, 0x53, 0x12,
    0xA8, 0x1E, 0x68, 0x26, 0xD5, 0xEC, 0x8A, 0x94, 0xD1, 0xDA, 0x5B, 0x86, 0xC4, 0x16, 0xD2, 0xD3,
    0xD8, 0x0F, 0x31, 0x9C, 0x5D, 0x4A, 0x93, 0x23, 0x5F, 0x40, 0x37, 0x4F, 0xBC, 0xAE, 0x59, 0xDC,
    0x8D, 0x72, 0x93, 0xE7, 0x2A, 0x80, 0x7E, 0x01, 0x47, 0x28, 0x2F, 0x02, 0x76, 0xCF, 0x48, 0x7D,
    0x1F, 0x04, 0x58, 0x7E, 0xA1, 0x39, 0xB5, 0x24, 0x97, 0xB0, 0xBB, 0x7F, 0x0D, 0xBA, 0x4F, 0x99,
    0xC3, 0x3A, 0xAD, 0x2F, 0x4F, 0xF9, 0xC3, 0x50, 0xB4, 0x4E, 0xE4, 0xE2, 0xD1, 0x5F, 0x5A, 0xB9,
    0x94, 0xAD, 0x54, 0x3A, 0x1C, 0x2B, 0xAF, 0xB5, 0x90, 0xE6, 0x8F, 0x5F, 0x26, 0x99, 0x52, 0x15,
    0x91, 0xD8, 0x71, 0xD4, 0xB2, 0xA2, 0x64, 0x9B, 0xE4, 0x12, 0x5D, 0x63, 0x70, 0xF5, 0x86, 0xAC,
    0xDA, 0xAC, 0x78, 0xE0, 0x8B, 0xC0, 0xF5, 0x4C, 0x35, 0xCA, 0x9A, 0xBD, 0xBA, 0x3A, 0x92, 0x22,
    0x9F, 0xF4, 0x49, 0x0D, 0x97, 0x72, 0x5E, 0x83, 0x50, 0x19, 0xAB, 0xC1, 0x02, 0xAB, 0xED, 0x18,
    0x30, 0xDB, 0x3E, 0x65, 0x0D, 0x65, 0x60, 0xE1, 0x2B, 0x1D, 0x59, 0xBF, 0x4E, 0x47, 0x56, 0x5A,
    0x93, 0x99, 0x75, 0xA6, 0xC8, 0x3B, 0x49, 0x84, 0xB5, 0x02, 0xA2, 0xD1, 0xBB, 0xC8, 0xB8, 0x50,
    0xC4, 0x62, 0xD0, 0x3A, 0x27, 0xD6, 0xEC, 0x6A, 0x55, 0x05, 0x37, 0xC8, 0x4A, 0x9A, 0x04, 0x2E,
    0x2D, 0xBC, 0x6F, 0x93, 0xC8, 0xCD, 0xC1, 0x5C, 0xA4, 0x2C, 0x84, 0x16, 0xC9, 0xC4, 0xA2, 0x48,
    0x28, 0x5E, 0x2A, 0x83, 0xB1, 0x63, 0x3D, 0x09, 0x53, 0x5C, 0x6E, 0x20, 0x4E, 0x31, 0xA3, 0x19,
    0xA4, 0x27, 0x2D, 0x4B, 0xD8, 0x58, 0x73, 0xD7, 0x91, 0x36, 0x08, 0x67, 0x26, 0x37, 0xAE, 0xF6,
    0x69, 0x4F, 0x3A, 0xCB, 0x9B, 0x73, 0x3A, 0x90, 0x54, 0xFB, 0xEE, 0x94, 0x8C, 0x52, 0x15, 0xFB,
    0xD7, 0x18, 0xCB, 0x4D, 0xFE, 0xD9, 0x18, 0xCD, 0xAC, 0xAD, 0x67, 0x5F, 0xF4, 0x4A, 0x7C, 0xEA,
    0xBB, 0x70, 0x7D, 0xA3, 0x53, 0x48, 0x18, 0x9A, 0x6A, 0x79, 0xA7, 0xD6, 0x89, 0x50, 0xF4, 0x4B,
    0xBD, 0xA9, 0x74, 0x52, 0xCC, 0xAE, 0x34, 0x24, 0x5B, 0xFE, 0x76, 0xF7, 0xAF, 0x9F, 0x7F, 0xE9,
    0x3A, 0x52, 0xA7, 0xD4, 0x8F, 0x96, 0xC9, 0xF3, 0xF8, 0x94, 0x6F, 0x42, 0xDF, 0xAE, 0x99, 0xDC,
    0x91, 0xBD, 0x76, 0x48, 0x58, 0x3F, 0x9F, 0x32, 0x29, 0x55, 0x29, 0x1B, 0x99, 0xEC, 0x04, 0xCA,
    0xBA, 0x85, 0x69, 0xE3, 0x26, 0x15, 0x92, 0x1C, 0x96, 0x15, 0xA1, 0x86, 0x89, 0x8F, 0x18, 0xA1,
    0x96, 0x8F, 0x91, 0xCF, 0x31, 0xBC, 0xA6, 0xC1, 0x91, 0x6A, 0x6C, 0x5D, 0xD2, 0xEE, 0x23, 0xBF,
    0x80, 0xE2, 0x8C, 0x8A, 0x60, 0xB8, 0x44, 0x18, 0x8D, 0xA5, 0xCF, 0x20, 0x1E, 0xCC, 0x90, 0xDA,
    0x22, 0x99, 0x8D, 0xF2, 0x33, 0x25, 0x33, 0x2B, 0x65, 0x20, 0x99, 0x06, 0x45, 0xAC, 0xC5, 0x0D,
    0x90, 0x39, 0xBD, 0x16, 0x43, 0x94, 0x09, 0x3A, 0x71, 0x29, 0x35, 0x2F, 0x76, 0x4A, 0xA4, 0xCD,
    0xD7, 0x5F, 0x81, 0x89, 0x30, 0x30, 0x93, 0x59, 0x08, 0x52, 0x7B, 0xAF, 0x51, 0xAD, 0xFB, 0x2D,
    0x80, 0xBE, 0x77, 0xAC, 0xB6, 0xD5, 0x96, 0x53, 0xD9, 0xDD, 0x2A, 0xE6, 0x71, 0xAE, 0x01, 0xC7,
    0x91, 0xF2, 0x52, 0x2A, 0xC2, 0x3E, 0xAE, 0x73, 0x1C, 0x9A, 0xD4, 0x68, 0x5D, 0x7D, 0xE8, 0xE9,
    0xED, 0x7A, 0xBC, 0x14, 0xF5, 0xEE, 0xF6, 0xEA, 0x8F, 0x3D, 0xCD, 0xC2, 0x16, 0xD8, 0x8F, 0x90,
    0x81, 0x37, 0x3C, 0x70, 0x53, 0x9B, 0x47, 0x76, 0x7C, 0x54, 0x68, 0xB7, 0xCF, 0xAC, 0x2A, 0x29,
    0xB9, 0x2E, 0x55, 0x5B, 0x96, 0x62, 0x59, 0x92, 0x65, 0x69, 0x96, 0x3B, 0x1C, 0x52, 0xAA, 0x5D,
    0xCA, 0xB6, 0x2C, 0xE1, 0x4A, 0x66, 0xCF, 0x92, 0x6E, 0xB9, 0xAE, 0x0C, 0xD7, 0x5A, 0xBB, 0x3D,
    0xEB, 0x45, 0xBE, 0x14, 0xDC, 0xFD, 0xA2, 0x5D, 0x5E, 0xCC, 0xAB, 0x7D, 0x57, 0x49, 0x1C, 0x55,
    0xEF, 0x7B, 0xA9, 0xAD, 0x3F, 0xA2, 0x63, 0x5F, 0xFA, 0x64, 0xB7, 0x47, 0x95, 0x09, 0x5E, 0xE0,
    0xE2, 0x4F, 0x66, 0x59, 0x83, 0x8C, 0xD2, 0x6A, 0xA5, 0xC8, 0x7A, 0xC4, 0x92, 0x05, 0xC4, 0x27,
    0x9C, 0x93, 0x41, 0x37, 0xA0, 0x92, 0x81, 0x59, 0x06, 0x94, 0xA8, 0x90, 0x9A, 0xFD, 0x6E, 0x61,
    0x76, 0x0B, 0xAE, 0x73, 0x7B, 0x02, 0xDF, 0x94, 0x02, 0x35, 0x7C, 0x27, 0x44, 0x1D, 0x7D, 0xD1,
    0xA4, 0xE5, 0x95, 0x09, 0xD1, 0x73, 0xC1, 0x8A, 0xB5, 0xEE, 0x8D, 0x48, 0x55, 0x16, 0x5E, 0xE5,
    0x16, 0x54, 0xCE, 0x56, 0x70, 0x68, 0xB6, 0x90, 0x92, 0x5C, 0xB2, 0x54, 0x27, 0x77, 0xBC, 0x94,
    0x99, 0x59, 0x1E, 0xBC, 0x7D, 0x84, 0x38, 0x8E, 0xE9, 0xFD, 0x02, 0x29, 0xEB, 0x80, 0x4E, 0xF3,
    0x4B, 0x68, 0xC1, 0x67, 0x48, 0xFA, 0xFD, 0x2F, 0x91, 0x51, 0x5D, 0x47, 0xFF, 0x22, 0xC7, 0x27,
    0x90, 0x7E, 0x39, 0x60, 0xDC, 0x14, 0xB6, 0xB3, 0x48, 0xD5, 0xC9, 0xFD, 0x13, 0x7E, 0x70, 0x82,
    0x44, 0x92, 0x92, 0x1E, 0x00, 0x93, 0xB8, 0x40, 0x76, 0x1A, 0x72, 0x3E, 0xB5, 0x6C, 0xC7, 0xC6,
    0x21, 0x07, 0xF7, 0x0C, 0x3F, 0x24, 0x30, 0xA3, 0xD0, 0x8A, 0x81, 0x96, 0xC2, 0x4D, 0xB6, 0x04,
    0x50, 0x5A, 0x97, 0x4B, 0xFC, 0x6F, 0x3D, 0x07, 0x77, 0x74, 0xDC, 0xA5, 0x39, 0x29, 0xB6, 0x9D,
    0x05, 0x52, 0x99, 0xCC, 0x46, 0xF3, 0x18, 0x96, 0xE4, 0x35, 0x27, 0x1D, 0x80, 0x91, 0xD4, 0xB7,
    0x9C, 0x63, 0x04, 0xD7, 0xB5, 0x2E, 0x54, 0x2C, 0xD5, 0xE5, 0x7C, 0x53, 0xA9, 0xBD, 0xCB, 0xD5,
    0x7D, 0x0B, 0x00, 0x2E, 0x56, 0xE1, 0x42, 0x24, 0x02, 0xB6, 0xF9, 0x39, 0x5F, 0xD9, 0x9E, 0xEE,
    0xB4, 0xA5, 0x63, 0x6D, 0x08, 0xF5, 0x19, 0x20, 0x0F, 0xD8, 0xC4, 0xC1, 0x76, 0x56, 0x76, 0xCA,
    0x34, 0xD8, 0xEB, 0x53, 0x3F, 0xB3, 0xDA, 0xD0, 0x23, 0x38, 0x79, 0xD2, 0x3C, 0xAE, 0xAB, 0x0A,
    0x5F, 0xC5, 0xC2, 0x95, 0xC4, 0xF4, 0x5C, 0xB7, 0xE9, 0x95, 0x89, 0x31, 0x1F, 0x3C, 0x69, 0x13,
    0x71, 0xD3, 0x31, 0xD2, 0x9D, 0x97, 0x62, 0x6B, 0x23, 0xA6, 0x5E, 0x5B, 0x11, 0x49, 0x71, 0x11,
    0x6D, 0x5D, 0x32, 0x76, 0xDE, 0x99, 0x68, 0x48, 0xFC, 0x92, 0xF2, 0x78, 0x8F, 0xC0, 0x68, 0xE7,
    0x90, 0x53, 0x3D, 0x47, 0x3B, 0x20, 0x99, 0xAF, 0x04, 0x50, 0xBE, 0xBD, 0x42, 0xE3, 0x4C, 0x47,
    0xB7, 0x3E, 0x13, 0x0D, 0x26, 0xE4, 0xFC, 0x9E, 0x5F, 0x9D, 0x7A, 0xF6, 0x75, 0x27, 0x4B, 0x89,
    0x56, 0x4A, 0x79, 0xC3, 0x66, 0x3E, 0x1F, 0xFD, 0x89, 0x4C, 0xEF, 0x74, 0x4F, 0x65, 0xE2, 0xAE,
    0xC4, 0x52, 0xCA, 0xDD, 0x86, 0xBC, 0x07, 0x6B, 0xB2, 0xF9, 0x48, 0x6A, 0xB2, 0xAC, 0x42, 0x81,
    0xB6, 0xF0, 0x0E, 0xA2, 0x21, 0xD9, 0x93, 0xD5, 0x8D, 0x29, 0x29, 0xC1, 0xFB, 0x25, 0xAD, 0xE8,
    0xD2, 0xDB, 0x2B, 0xD8, 0xAB, 0x1A, 0xB2, 0x04, 0xD7, 0x9A, 0x0E, 0x4E, 0xEE, 0x8E, 0xF7, 0x5C,
    0x47, 0xD5, 0x69, 0x38, 0x79, 0x24, 0xF0, 0x52, 0xEF, 0x33, 0xBA, 0xC9, 0x71, 0x1A, 0x25, 0x32,
    0xE6, 0xD6, 0xD9, 0xBD, 0xF8, 0x38, 0x91, 0xBA, 0x1B, 0xCD, 0x0C, 0x15, 0x64, 0x34, 0xE0, 0x31,
    0xE6, 0x16, 0xB1, 0xB6, 0xCC, 0x36, 0x99, 0x60, 0xFA, 0xE0, 0x08, 0x23, 0x88, 0x04, 0xA5, 0x94,
    0xD4, 0x44, 0x31, 0x60, 0xFE, 0x21, 0x25, 0x1F, 0xD9, 0xCA, 0x33, 0x3F, 0x5A, 0x7C, 0xA4, 0xF5,
    0xCB, 0x11, 0xDD, 0xC7, 0x91, 0xD3, 0x64, 0x74, 0x5C, 0x55, 0x58, 0x3B, 0x6E, 0xC2, 0xB6, 0x3C,
    0xC0, 0x94, 0xCB, 0x4B, 0x6F, 0x48, 0x89, 0x12, 0x66, 0x89, 0x2D, 0xC5, 0xA4, 0x7C, 0xA0, 0xA3,
    0xE1, 0xE1, 0xEB, 0x9F, 0x30, 0xBA, 0xA5, 0xAB, 0x97, 0x18, 0xDD, 0x94, 0xD3, 0x7A, 0xC7, 0x5B,
    0x20, 0xF9, 0xF2, 0xBC, 0x16, 0xB9, 0x6A, 0x3C, 0xC7, 0x84, 0xC8, 0x33, 0x87, 0x61, 0x11, 0x82,
    0xB5, 0x95, 0x19, 0x96, 0x32, 0x9E, 0x5F, 0x91, 0xA2, 0x50, 0xB7, 0x01, 0xC6, 0xE2, 0xC9, 0xA8,
    0xD9, 0xFB, 0xD2, 0x4E, 0x0B, 0x64, 0xAE, 0x29, 0xE1, 0x43, 0x26, 0xA6, 0xE3, 0x33, 0x83, 0xED,
    0xB9, 0x94, 0xE2, 0x9B, 0xD6, 0xDF, 0xA2, 0x87, 0x3D, 0xE0, 0xEA, 0x4B, 0xDF, 0x95, 0xE2, 0xAA,
    0x1F, 0xA7, 0xC8, 0xDA, 0x11, 0xC1, 0x15, 0x6D, 0x29, 0x42, 0x83, 0x77, 0x97, 0x2D, 0x7F, 0x15,
    0xBA, 0x63, 0xE7, 0xFF, 0xCD, 0x6B, 0x95, 0x4F, 0xAA, 0x89, 0x8C, 0xFA, 0x1B, 0x0D, 0x0E, 0xFE,
    0xFF, 0x6B, 0xCE, 0xCC, 0xF5, 0x59, 0x3F, 0x49, 0xB0, 0xF7, 0x6B, 0x3F, 0xAF, 0xAF, 0x4A, 0x17,
    0xA9, 0xAA, 0x84, 0x26, 0xB1, 0xF7, 0x22, 0x8A, 0xC7, 0xB2, 0x87, 0x58, 0x65, 0x1A, 0xA0, 0x3C,
    0x2C, 0xCA, 0xB8, 0x95, 0x8C, 0x56, 0x2B, 0x9E, 0x32, 0x44, 0xBD, 0xEA, 0x5D, 0x0E, 0xAB, 0x05,
    0x43, 0x14, 0xD1, 0xD8, 0x31, 0x86, 0xAC, 0xB7, 0xA1, 0x39, 0xFD, 0xB1, 0xA6, 0xFC, 0xD5, 0x65,
    0xC7, 0xE8, 0x93, 0x85, 0x84, 0x4C, 0xF7, 0x65, 0x36, 0x5B, 0x82, 0x3B, 0x62, 0xD7, 0x31, 0x48,
    0x39, 0xE4, 0x58, 0xBF, 0x51, 0x34, 0x81, 0x55, 0x64, 0x7F, 0x8B, 0x5B, 0x28, 0x98, 0x25, 0x15,
    0x8C, 0x90, 0x9E, 0xC0, 0xB4, 0x81, 0xCD, 0x77, 0xD2, 0xC4, 0x0E, 0x34, 0x89, 0x1D, 0x95, 0xB4,
    0x11, 0xE3, 0x2E, 0x7B, 0x2B, 0xD1, 0xFC, 0x62, 0xA1, 0x0A, 0x7D, 0x02, 0xB2, 0x03, 0x25, 0x0B,
    0x7D, 0x02, 0xBA, 0xF9, 0x90, 0xAB, 0xAD, 0x78, 0x44, 0x76, 0x5D, 0x7B, 0x09, 0xFD, 0xE7, 0x98,
    0xEB, 0x93, 0x67, 0x65, 0x4D, 0x31, 0x23, 0x35, 0xB1, 0x90, 0x96, 0xC6, 0x59, 0x6D, 0x25, 0x66,
    0x8D, 0x84, 0x61, 0x74, 0xA3, 0x95, 0xE2, 0xF6, 0x6D, 0x9C, 0x35, 0x4E, 0xC3, 0xF3, 0xF1, 0xFB,
    0x33, 0xBB, 0xA3, 0xF6, 0x17, 0x48, 0x24, 0x7C, 0x98, 0x6A, 0x14, 0xD1, 0x96, 0x5D, 0xDA, 0x22,
    0x02, 0x6E, 0x31, 0x99, 0x42, 0x6A, 0x76, 0x68, 0x9B, 0x69, 0xE1, 0xA0, 0x41, 0x6A, 0xC9, 0x8A,
    0x5B, 0xFF, 0x2A, 0x9C, 0xB1, 0x93, 0x13, 0x11, 0xAD, 0xA7, 0x40, 0xB0, 0xB2, 0x83, 0xC6, 0xAF,
    0x16, 0xF2, 0x4B, 0x02, 0x29, 0xA4, 0x6D, 0x9D, 0x07, 0xEA, 0x7C, 0xE4, 0x7C, 0xD9, 0xEF, 0x9D,
    0x7A, 0xF6, 0x65, 0xA7, 0xD2, 0xFA, 0x9C, 0x6C, 0xDB, 0x06, 0x94, 0x32, 0x9A, 0x8D, 0x1D, 0x16,
    0xF9, 0xE0, 0x02, 0x61, 0x56, 0x18, 0x33, 0xEB, 0x3D, 0x32, 0x9B, 0xFC, 0xA1, 0x91, 0xB5, 0x13,
    0x70, 0xF8, 0x57, 0xA2, 0x21, 0x8B, 0xB3, 0xFF, 0x80, 0x3B, 0xC3, 0x33, 0x15, 0x68, 0xA7, 0x08,
    0x24, 0x22, 0xA3, 0x9A, 0xDD, 0x24, 0xBC, 0xE6, 0x47, 0xBE, 0x28, 0x35, 0x17, 0xAA, 0xA2, 0x65,
    0x7A, 0xE7, 0xF8, 0xC3, 0x0A, 0xF9, 0x29, 0x06, 0x73, 0x91, 0x9B, 0xAC, 0xAC, 0xBE, 0xC5, 0x85,
    0x7A, 0x8F, 0xF0, 0x05, 0x56, 0x2B, 0xBF, 0xD3, 0x69, 0x06, 0xC4, 0x7A, 0xD3, 0xB2, 0x8F, 0x1E,
    0xF9, 0x7A, 0x6D, 0xB7, 0x21, 0xFB, 0x29, 0x95, 0xA9, 0x76, 0x5D, 0xC6, 0x6B, 0x45, 0xEF, 0x57,
    0x31, 0xE4, 0x62, 0x25, 0x2D, 0x9A, 0x02, 0xCF, 0x00, 0x30, 0x82, 0x71, 0x1B, 0xF9, 0x5B, 0x1A,
    0x4F, 0x03, 0xC9, 0x2D, 0xB8, 0xE8, 0xF6, 0x44, 0x4F, 0xE7, 0x93, 0x4F, 0x66, 0xC9, 0x34, 0x9E,
    0xEF, 0x3C, 0x83, 0x5C, 0xF7, 0x9B, 0xD6, 0x67, 0x10, 0x99, 0xF2, 0x9D, 0xC6, 0x1D, 0x30, 0xEB,
    0xF8, 0xB8, 0x2E, 0xB9, 0xD1, 0x63, 0xA5, 0x6F, 0x89, 0x59, 0xAC, 0x86, 0x9B, 0xB2, 0xD1, 0xC6,
    0xD8, 0x33, 0x9B, 0x75, 0x7B, 0x56, 0x36, 0x5C, 0x37, 0xFE, 0x04, 0x5E, 0xB6, 0xE4, 0x66, 0x66,
    0x49, 0xB9, 0x8D, 0x7D, 0xC8, 0xCA, 0xF6, 0xDB, 0x2C, 0xA8, 0x7F, 0x2C, 0xB2, 0xD8, 0xB1, 0x8B,
    0x7A, 0xF9, 0xF5, 0x8D, 0x80, 0x7C, 0x94, 0x07, 0xDE, 0x31, 0x01, 0x42, 0x77, 0xF1, 0x04, 0x37,
    0x55, 0x42, 0xAD, 0x7B, 0x78, 0x73, 0x3F, 0xD0, 0xD3, 0x0E, 0x64, 0xE8, 0x5C, 0x82, 0xA1, 0x9E,
    0x73, 0x9D, 0x84, 0xA1, 0x54, 0xCD, 0x96, 0x35, 0x75, 0x68, 0x09, 0x7F, 0xB0, 0x05, 0x66, 0x54,
    0xCC, 0x39, 0xD1, 0xDF, 0xDF, 0x29, 0xB1, 0x9F, 0x82, 0xC2, 0xEC, 0x33, 0xFE, 0xA0, 0xE1, 0x0E,
    0x7F, 0x80, 0x45, 0xE3, 0x10, 0x71, 0xA0, 0xD0, 0xAF, 0x77, 0x4C, 0x97, 0xC8, 0x46, 0x7E, 0x29,
    0xB0, 0xDE, 0x2A, 0x63, 0x50, 0xFB, 0x98, 0x1B, 0x96, 0xDD, 0xEA, 0x5C, 0xCA, 0x0F, 0x9B, 0x29,
    0x3A, 0xCD, 0x62, 0xE4, 0x9C, 0x11, 0x08, 0xD0, 0x4A, 0xBF, 0xC9, 0x58, 0x8E, 0x9B, 0xD5, 0xB2,
    0xF7, 0xD5, 0x4B, 0x90, 0x14, 0x48, 0xFD, 0x94, 0xBB, 0xD1, 0xC1, 0x90, 0x63, 0x45, 0xCA, 0x2E,
    0x1A, 0xBD, 0xFC, 0x16, 0x45, 0x4F, 0x83, 0xE0, 0xC9, 0xCE, 0x94, 0x4F, 0xFF, 0x7E, 0x40, 0x1E,
    0x9D, 0x7D, 0xE8, 0x2F, 0x84, 0x5C, 0xCF, 0x82, 0x03, 0x70, 0xF3, 0x23, 0x9E, 0x33, 0x0F, 0xC9,
    0x6A, 0xDF, 0x67, 0x9F, 0xE8, 0x19, 0xFD, 0xBB, 0xAF, 0xFC, 0xDB, 0x2F, 0x0F, 0x99, 0x41, 0xC3,
    0xB5, 0x7D, 0xDB, 0xCB, 0x56, 0xE7, 0xDD, 0xBF, 0x37, 0x92, 0x43, 0x18, 0xCA, 0xE2, 0x47, 0x36,
    0x2F, 0xDB, 0x45, 0xFA, 0xEB, 0x1F, 0x57, 0x9D, 0xDD, 0xDE, 0x17, 0xE8, 0x8D, 0x1E, 0x13, 0x3D,
    0x1F, 0x9A, 0xE0, 0x2F, 0x62, 0x13, 0x9B, 0x18, 0x46, 0x6B, 0x76, 0x62, 0x81, 0x8B, 0x9F, 0x31,
    0xB5, 0x3E, 0x87, 0x84, 0xD6, 0xFC, 0x0F, 0xD5, 0x5A, 0x3F, 0xB0, 0xDE, 0x46, 0xB5, 0x5F, 0x49,
    0xF8, 0x2A, 0x89, 0xDE, 0x7B, 0xA2, 0xF0, 0x65, 0x32, 0x18, 0xA2, 0x61, 0x26, 0x05, 0x2F, 0x0C,
    0x56, 0x43, 0x41, 0x41, 0xBC, 0x22, 0x2D, 0x05, 0xB7, 0xF0, 0x0D, 0x03, 0x14, 0x50, 0x62, 0x37,
    0x6E, 0x28, 0x28, 0x00, 0x29, 0x61, 0xA0, 0xBE, 0x30, 0xA1, 0xC6, 0x85, 0x99, 0x61, 0xBE, 0x14,
    0x97, 0x82, 0x82, 0x22, 0xB0, 0x8A, 0xDD, 0x41, 0xA3, 0x30, 0x03, 0x0D, 0x05, 0x1A, 0xDE, 0x63,
    0xDE, 0x0C, 0x14, 0x11, 0xB1, 0x78, 0x23, 0x1B, 0x49, 0x87, 0xDF, 0xEF, 0xAC, 0x3E, 0xDD, 0x3F,
    0xB6, 0x03, 0x24, 0xB1, 0x7D, 0xF3, 0xDD, 0x4F, 0x67, 0xBF, 0x2B, 0x69, 0x77, 0xCF, 0x9E, 0x3D,
    0xE7, 0xB7, 0xE7, 0x9C, 0xDD, 0x9D, 0xC2, 0xB6, 0x65, 0x57, 0x76, 0xB6, 0x4D, 0x2A, 0xA3, 0x9F,
    0xAC, 0xCE, 0xEB, 0xBC, 0xE1, 0x9F, 0x6D, 0x6C, 0xBB, 0xFE, 0x75, 0xFE, 0x6F, 0x77, 0xCF, 0x84,
    0xD7, 0x8D, 0x89, 0xBA, 0xA3, 0x2B, 0xBE, 0x63, 0x8C, 0x93, 0x3E, 0x12, 0x19, 0x53, 0x39, 0x1C,
    0xF2, 0x21, 0x1C, 0x6C, 0x17, 0x0C, 0x65, 0x63, 0xF6, 0xCA, 0x1A, 0x8F, 0x8E, 0x5D, 0xB8, 0x67,
    0x2C, 0xAA, 0xE4, 0x83, 0xF9, 0x59, 0x2A, 0x6F, 0x8E, 0xB1, 0xC8, 0x60, 0x44, 0x6A, 0x93, 0xF4,
    0x27, 0xDB, 0xE4, 0x15, 0xB8, 0xBB, 0x85, 0xC9, 0x44, 0x3A, 0x53, 0x92, 0xC8, 0x2C, 0x5D, 0x20,
    0x75, 0xD2, 0x85, 0x52, 0x24, 0x5D, 0x24, 0x26, 0x6E, 0x41, 0x8C, 0xC1, 0xBF, 0x0B, 0xF9, 0xC4,
    0xFA, 0xAE, 0x12, 0xBC, 0x8C, 0xC7, 0xF7, 0x90, 0xB0, 0x37, 0x52, 0x45, 0x20, 0x26, 0xEA, 0x43,
    0xD9, 0xBC, 0xDA, 0x5B, 0x11, 0xE9, 0xCB, 0x95, 0x04, 0x14, 0x42, 0x5A, 0x98, 0xA0, 0xCD, 0x9B,
    0x2B, 0x49, 0x9F, 0xE3, 0x5E, 0x97, 0x80, 0xD4, 0xA1, 0xFC, 0x9F, 0x98, 0x70, 0x36, 0xAE, 0x88,
    0x46, 0x63, 0xEB, 0x53, 0x24, 0x9C, 0xF0, 0x20, 0x90, 0x17, 0xD0, 0x2C, 0x5E, 0x6E, 0x32, 0x36,
    0x95, 0xFF, 0x66, 0xFE, 0x5C, 0x9F, 0x82, 0xBB, 0x96, 0x6D, 0x16, 0xFB, 0x9B, 0x6A, 0xF7, 0x6A,
    0x85, 0x87, 0xA5, 0x34, 0x9E, 0x5E, 0x9B, 0xCD, 0x85, 0xD9, 0xA4, 0x93, 0x89, 0x47, 0x54, 0x33,
    0x69, 0xCF, 0x81, 0x64, 0x1D, 0xD9, 0xB4, 0x0D, 0x45, 0x46, 0x01, 0xDA, 0x8E, 0x83, 0xCB, 0xFF,
    0xCA, 0xC1, 0xA6, 0x7F, 0x1F, 0x21, 0x70, 0xB6, 0xBD, 0xD0, 0x60, 0x7F, 0x7F, 0x7F, 0xCF, 0x4F,
    0xDC, 0xA9, 0xFB, 0xF2, 0xDB, 0xBD, 0xED, 0xA0, 0x3D, 0x4D, 0x65, 0xE4, 0xF4, 0xCA, 0xB4, 0x52,
    0x77, 0xEC, 0x73, 0x55, 0x9B, 0x38, 0x79, 0xE7, 0xDA, 0x5D, 0xB6, 0xD6, 0x62, 0x2C, 0xAD, 0x1D,
    0xB2, 0xD6, 0x36, 0x29, 0x74, 0xE2, 0x1C, 0x34, 0x06, 0x4C, 0x0D, 0x6C, 0x90, 0x7D, 0xB6, 0x26,
    0x41, 0x63, 0xF6, 0x4D, 0xA9, 0xDC, 0xCB, 0xD2, 0x8A, 0x29, 0x3B, 0x0C, 0x64, 0x90, 0x2A, 0x1D,
    0x5C, 0x9B, 0xF6, 0x76, 0xCA, 0x3A, 0xD4, 0x6F, 0x20, 0x14, 0x4C, 0x3F, 0xAE, 0x44, 0xA0, 0x67,
    0x42, 0x3D, 0x68, 0xFF, 0x1B, 0x57, 0xA9, 0x97, 0x34, 0x0E, 0x02, 0x76, 0x32, 0x9B, 0x5C, 0xFE,
    0xD7, 0x6B, 0x61, 0x71, 0x11, 0x42, 0x95, 0xAA, 0x6C, 0x29, 0x0A, 0x81, 0x4E, 0x96, 0xCB, 0x28,
    0x2F, 0xC8, 0x81, 0xCE, 0x3A, 0x5E, 0xE6, 0x38, 0xA8, 0x3D, 0xC6, 0x35, 0x26, 0xC7, 0x98, 0x71,
    0x87, 0x82, 0x1C, 0xCC, 0x15, 0xCC, 0x6E, 0xDA, 0xA5, 0x60, 0xBB, 0x4A, 0x6B, 0x2B, 0x1D, 0x34,
    0xBA, 0x96, 0x97, 0x3B, 0xB0, 0xFF, 0xD9, 0x39, 0xE8, 0xD2, 0xD6, 0x62, 0xCA, 0x4C, 0xD2, 0xDD,
    0xBF, 0x78, 0x01, 0xA2, 0xC1, 0x2B, 0x2F, 0x89, 0xF9, 0x6A, 0xDA, 0xA0, 0x9E, 0xF4, 0x59, 0x8D,
    0x9A, 0xD2, 0xA1, 0xB1, 0x2E, 0x99, 0x0B, 0x67, 0xF8, 0x22, 0xE6, 0x3B, 0xC0, 0xBC, 0xA4, 0x90,
    0x43, 0x79, 0x67, 0x87, 0x03, 0x4A, 0x85, 0x63, 0xC4, 0x5D, 0x88, 0x1F, 0x9F, 0x73, 0x37, 0x40,
    0xF8, 0xA0, 0x84, 0x8E, 0x97, 0x90, 0xFD, 0xF3, 0xA8, 0xF2, 0xF1, 0x00, 0x8D, 0xE3, 0xBA, 0x00,
    0x91, 0x95, 0xB8, 0x04, 0xBF, 0x67, 0x5C, 0x12, 0xE3, 0x12, 0xA9, 0xEC, 0x24, 0xF5, 0x53, 0x07,
    0x57, 0x0A, 0x36, 0x80, 0x99, 0x2D, 0x38, 0xBC, 0xED, 0x85, 0x5B, 0x1F, 0x34, 0xCF, 0x9B, 0x9F,
    0x1B, 0x09, 0xA7, 0x70, 0x8A, 0xC7, 0x64, 0x4C, 0xBB, 0xAC, 0x83, 0x91, 0x42, 0x3C, 0xAE, 0x16,
    0xC3, 0xAB, 0xC4, 0x6F, 0xDE, 0x4B, 0xC6, 0xAC, 0xE3, 0x3B, 0x7C, 0x57, 0xEB, 0xA0, 0xEE, 0x2E,
    0x1B, 0x74, 0xA2, 0x82, 0xDE, 0x12, 0xDC, 0xB7, 0x6F, 0x4B, 0x76, 0x17, 0xA9, 0x43, 0xE0, 0x18,
    0x29, 0xA6, 0x47, 0xA7, 0x8F, 0x3A, 0x0A, 0x13, 0x0A, 0x46, 0x93, 0xFE, 0x6A, 0x53, 0x7D, 0xDB,
    0x64, 0x9F, 0x97, 0x21, 0x37, 0x36, 0xFA, 0xDB, 0x98, 0x56, 0x97, 0xA2, 0xEE, 0x17, 0x49, 0xFD,
    0x7C, 0xD4, 0x8D, 0x49, 0xFD, 0xCD, 0x48, 0xFA, 0x98, 0xB4, 0xE5, 0x9D, 0xBF, 0xF6, 0x49, 0x8D,
    0xA7, 0x78, 0xC7, 0x26, 0xC3, 0xB7, 0xB3, 0x22, 0xFB, 0xFC, 0x68, 0xAD, 0x49, 0x21, 0x3A, 0x9D,
    0x34, 0x34, 0x68, 0xE4, 0x87, 0x98, 0x4A, 0xF4, 0xC2, 0xB9, 0x0D, 0xDC, 0x01, 0x85, 0xB0, 0x07,
    0xFB, 0xF3, 0xDF, 0xE0, 0x97, 0x86, 0x53, 0x2A, 0x43, 0xF9, 0xC2, 0x38, 0x9B, 0x71, 0x32, 0xD3,
    0x6C, 0x26, 0x17, 0x8E, 0xB8, 0x93, 0x09, 0x61, 0xC1, 0x84, 0x94, 0x79, 0x34, 0xDC, 0x9F, 0xD0,
    0xCE, 0x8B, 0x23, 0xF2, 0xDC, 0xAB, 0xF3, 0xE6, 0xC1, 0x2F, 0x9B, 0x60, 0x6B, 0x55, 0xCF, 0x6D,
    0x36, 0x9B, 0xD3, 0x75, 0x77, 0x36, 0x05, 0xF5, 0x41, 0x46, 0xFB, 0xE5, 0xF1, 0x52, 0x34, 0x9E,
    0x87, 0x42, 0x40, 0xD6, 0x69, 0x67, 0x60, 0xB5, 0x52, 0x44, 0x93, 0x81, 0x7C, 0xAC, 0x4C, 0xFE,
    0x1B, 0xF0, 0xE5, 0x9E, 0x2F, 0xC7, 0xD3, 0x25, 0x3C, 0x8B, 0xC6, 0xE0, 0x10, 0x68, 0x09, 0x93,
    0xC0, 0x98, 0x27, 0x22, 0x4A, 0x34, 0xDB, 0x43, 0xBC, 0x39, 0xE4, 0xD0, 0x96, 0xCB, 0x10, 0x35,
    0x74, 0xA9, 0x36, 0x65, 0x1B, 0x0A, 0x54, 0xB8, 0x80, 0xA5, 0x65, 0xB5, 0x79, 0x12, 0x6A, 0x36,
    0x07, 0xA8, 0xE1, 0x66, 0xCE, 0x84, 0xFF, 0x9D, 0xCC, 0x44, 0xD2, 0x78, 0x36, 0xD9, 0x3B, 0xA0,
    0x42, 0x1B, 0x8E, 0xE5, 0x7B, 0x32, 0x28, 0x64, 0x48, 0x01, 0xFA, 0x7B, 0xA9, 0x41, 0x63, 0xD0,
    0x3B, 0x07, 0x81, 0x1A, 0x93, 0x39, 0x45, 0xA7, 0x63, 0x94, 0x93, 0xC4, 0x11, 0xF0, 0xB3, 0x43,
    0x29, 0x51, 0x85, 0xC5, 0xB7, 0xA6, 0xD6, 0x30, 0x60, 0x26, 0x47, 0x15, 0xC5, 0xDB, 0xD1, 0x4C,
    0x69, 0xA2, 0x34, 0x54, 0x6A, 0x72, 0xA5, 0xD1, 0x7B, 0x44, 0x63, 0xA5, 0xE5, 0x09, 0x9A, 0xB6,
    0x26, 0x2F, 0x5C, 0x03, 0xC0, 0x6A, 0x6D, 0x7D, 0x8E, 0xF2, 0x86, 0x1E, 0xA6, 0x33, 0xD8, 0x28,
    0xA0, 0xF8, 0xCF, 0xDA, 0xCA, 0x49, 0xE1, 0x26, 0xB3, 0x03, 0x15, 0xBC, 0x8C, 0xF9, 0x31, 0xF9,
    0x8C, 0x05, 0x08, 0xC2, 0x37, 0x1F, 0x9B, 0x89, 0x33, 0xA7, 0xBE, 0x3B, 0xD4, 0x0B, 0x68, 0x66,
    0x67, 0x1C, 0xE1, 0x70, 0x26, 0x2E, 0x15, 0xB6, 0x29, 0x6B, 0x57, 0xC1, 0x3A, 0x8B, 0x1C, 0xB0,
    0xB8, 0x5C, 0x45, 0xDE, 0xE0, 0x5E, 0x6D, 0x5B, 0xA9, 0x60, 0x4B, 0x78, 0x17, 0xBA, 0x76, 0xD5,
    0xAF, 0xBC, 0xB0, 0xCF, 0x02, 0x2B, 0x50, 0xBD, 0xBD, 0x3E, 0x80, 0x7B, 0x17, 0xCD, 0x37, 0xB1,
    0xAC, 0xCC, 0x60, 0xC9, 0x01, 0x7C, 0xD4, 0xAE, 0xA1, 0x3A, 0x09, 0xEC, 0x1A, 0x72, 0xC7, 0xC5,
    0xDF, 0xC0, 0x81, 0x9E, 0xCF, 0xF8, 0x0E, 0xDF, 0xBD, 0x64, 0x5E, 0x33, 0x1F, 0x00, 0x54, 0xD0,
    0x76, 0x43, 0x22, 0x15, 0x61, 0x7A, 0x81, 0xEB, 0xB4, 0xF3, 0x28, 0x9C, 0x11, 0x80, 0xC5, 0xDB,
    0xF8, 0xB3, 0x28, 0x1D, 0x11, 0x47, 0xF4, 0x4B, 0x12, 0x8D, 0xBE, 0x64, 0x35, 0xA3, 0x58, 0xFA,
    0xD4, 0x2B, 0x2C, 0xB3, 0x26, 0x1B, 0x59, 0x62, 0x00, 0x23, 0xE1, 0xCF, 0x15, 0x6E, 0xC4, 0x1C,
    0x77, 0x73, 0x30, 0xB3, 0xBC, 0x3D, 0x46, 0x6F, 0xB1, 0x66, 0x3C, 0x24, 0x7F, 0x64, 0x09, 0x7C,
    0xBA, 0xC9, 0x12, 0xAE, 0xC4, 0x0B, 0xA3, 0x22, 0x4A, 0xF9, 0x2A, 0xF1, 0xC3, 0x71, 0x81, 0x46,
    0xCF, 0x33, 0xED, 0xAA, 0xD6, 0xDE, 0xA8, 0x46, 0xEC, 0x8D, 0x0C, 0x93, 0x49, 0x96, 0xE7, 0x0A,
    0x6F, 0x81, 0xBB, 0x0A, 0x99, 0xE8, 0xCF, 0xE8, 0xAB, 0x09, 0x57, 0x91, 0xDE, 0xF3, 0xCF, 0x57,
    0x59, 0xE6, 0x68, 0xED, 0x69, 0x87, 0xB1, 0x51, 0x94, 0x6E, 0x19, 0x87, 0xD3, 0x6A, 0x2C, 0xFD,
    0x78, 0x1C, 0xAA, 0x5D, 0xBD, 0xC1, 0x32, 0xBD, 0x4D, 0xA8, 0x76, 0xC6, 0xDE, 0x42, 0xFF, 0x01,
    0x56, 0x99, 0xEF, 0xFC, 0xCD, 0x35, 0xA9, 0xF4, 0x12, 0x41, 0x8E, 0xA9, 0xFC, 0xFF, 0x14, 0xEC,
    0x51, 0x32, 0xAC, 0xC6, 0x15, 0x38, 0xE9, 0x7C, 0x8B, 0x50, 0x9A, 0x68, 0xF6, 0xC8, 0x48, 0xDC,
    0x67, 0x6F, 0x5C, 0x0B, 0x55, 0x70, 0x85, 0x2E, 0x09, 0x58, 0xE6, 0x5A, 0x56, 0xD3, 0x12, 0xD5,
    0xB4, 0x3C, 0xE7, 0xA1, 0x04, 0x38, 0x80, 0x2A, 0x50, 0x2F, 0xAE, 0x0F, 0x94, 0x3D, 0xD6, 0x04,
    0x0E, 0x13, 0xB0, 0xA0, 0x90, 0x43, 0x6C, 0xE0, 0x78, 0x58, 0x3F, 0x43, 0xB3, 0x40, 0x09, 0x9D,
    0x1F, 0x40, 0x85, 0xCE, 0x0F, 0xF1, 0x42, 0xBC, 0xC9, 0x85, 0x63, 0xF0, 0x63, 0xF4, 0x37, 0x47,
    0x43, 0x84, 0x8E, 0xA3, 0x39, 0x55, 0xA0, 0x38, 0x9C, 0xB2, 0x36, 0xA7, 0x26, 0x0E, 0x98, 0x1F,
    0x57, 0x00, 0x4D, 0x5C, 0x31, 0xA1, 0xE6, 0x65, 0x2C, 0x33, 0xA3, 0xB6, 0x30, 0x46, 0x1D, 0xCB,
    0x78, 0x48, 0x1B, 0x96, 0xA8, 0xF6, 0x67, 0xF0, 0x87, 0x69, 0x4D, 0x75, 0xD1, 0xB2, 0xB5, 0x2F,
    0xF9, 0xCC, 0x55, 0x9C, 0x1F, 0xFD, 0xAD, 0xD2, 0x43, 0x19, 0x5C, 0x36, 0xEB, 0x87, 0x22, 0xA1,
    0x2E, 0xE4, 0xA3, 0x2F, 0xF9, 0xFF, 0xF1, 0x4F, 0xD8, 0x7B, 0xF1, 0x11, 0x36, 0x28, 0x2B, 0xCB,
    0x31, 0xB7, 0xC0, 0x86, 0x42, 0x5F, 0xA7, 0x13, 0x48, 0xA4, 0xD7, 0x0B, 0x1C, 0xB8, 0xF9, 0xB0,
    0xA6, 0x2E, 0xD0, 0xD5, 0x08, 0x15, 0xFD, 0xF9, 0xF9, 0x94, 0xF7, 0x49, 0x94, 0x92, 0x4F, 0xA8,
    0x80, 0x3E, 0xCA, 0x75, 0xE1, 0xE2, 0xF2, 0x4B, 0x4E, 0x8E, 0x3A, 0x7D, 0x8A, 0xF0, 0x6F, 0xAC,
    0x4E, 0xB6, 0xF5, 0x53, 0xEF, 0x15, 0x5A, 0xE9, 0xEC, 0xE7, 0x48, 0x74, 0x62, 0xE9, 0x8D, 0xC6,
    0x43, 0xD9, 0x52, 0x08, 0x64, 0xC6, 0xD3, 0xBC, 0xCD, 0x06, 0x15, 0xC3, 0xB8, 0xA5, 0xEE, 0xCF,
    0x87, 0xF3, 0x82, 0x6B, 0x81, 0x52, 0x7A, 0x77, 0xF0, 0x1F, 0xB9, 0xFA, 0xD7, 0x09, 0x8D, 0xA1,
    0xE1, 0xF0, 0xA4, 0x75, 0x52, 0xC1, 0x0F, 0xC2, 0x10, 0x08, 0x7C, 0x4A, 0xC9, 0x90, 0xB2, 0x55,
    0x7A, 0xE7, 0x8C, 0xAA, 0x69, 0xD9, 0x7B, 0xA0, 0xCE, 0x97, 0xD1, 0x1B, 0xE6, 0xEB, 0xE6, 0xEC,
    0xF2, 0x1F, 0xA8, 0x80, 0x33, 0x75, 0x67, 0xCA, 0xD9, 0xFB, 0x36, 0x60, 0x3A, 0x99, 0x9D, 0xF6,
    0xCB, 0x39, 0x8F, 0x8B, 0xA0, 0x39, 0xB3, 0xFC, 0x7F, 0xCD, 0x54, 0x34, 0x9B, 0x1F, 0x74, 0x04,
    0x0D, 0xE9, 0xD4, 0x45, 0x03, 0xB7, 0x49, 0xE1, 0x8A, 0x93, 0xDA, 0x7A, 0xD6, 0x38, 0x0F, 0xE1,
    0x2F, 0xD1, 0x6E, 0xB8, 0x56, 0xA5, 0x63, 0xBE, 0xD2, 0x18, 0xBE, 0xEB, 0xD9, 0xE6, 0x7C, 0xD1,
    0x19, 0xCF, 0x8F, 0xF7, 0x87, 0x47, 0x4B, 0x1E, 0x86, 0x0C, 0x73, 0x11, 0x0C, 0x39, 0x95, 0x7E,
    0x56, 0x93, 0x76, 0xF3, 0x91, 0x76, 0x9D, 0xB5, 0x51, 0xBC, 0x08, 0x77, 0x66, 0x53, 0x31, 0xCA,
    0x60, 0x30, 0xB7, 0x96, 0xE6, 0xDA, 0x52, 0x66, 0xB7, 0x45, 0x1D, 0x57, 0xFB, 0x3F, 0x4B, 0x79,
    0x4B, 0xCC, 0x0E, 0x57, 0xB6, 0x5B, 0xE2, 0xD1, 0x4A, 0x43, 0x53, 0xD4, 0x8B, 0x16, 0xC4, 0x8E,
    0xE8, 0x0D, 0x99, 0x64, 0x64, 0x94, 0x0C, 0x9E, 0x7B, 0x5F, 0xE6, 0x88, 0x63, 0x37, 0x3F, 0xF1,
    0xAE, 0xA9, 0x1F, 0xB4, 0x2C, 0xC3, 0x5E, 0x42, 0x89, 0xFD, 0x2F, 0x80, 0xFB, 0x3D, 0x2C, 0x3A,
    0x8C, 0x77, 0x3B, 0x1F, 0x25, 0x26, 0x5D, 0xCA, 0x72, 0x73, 0xD8, 0x81, 0x73, 0xD6, 0xEC, 0xBC,
    0xC3, 0x70, 0x54, 0xC2, 0x75, 0xBE, 0xA3, 0xBE, 0x7A, 0xCB, 0x96, 0xD8, 0xA7, 0x0C, 0x88, 0xBB,
    0x92, 0x21, 0xE5, 0x4A, 0x93, 0xD3, 0xDB, 0x86, 0xCC, 0xC2, 0xBE, 0x24, 0x68, 0x3B, 0x25, 0xED,
    0x96, 0xC8, 0xFA, 0xCB, 0xAD, 0x4F, 0xCB, 0x7E, 0x3B, 0x39, 0x39, 0xE6, 0x66, 0x2F, 0x95, 0x2A,
    0xEC, 0x62, 0xB9, 0xEB, 0xC6, 0x50, 0x9D, 0x3C, 0xC6, 0x6E, 0x30, 0x2D, 0x4E, 0x5B, 0xC9, 0xD9,
    0xB7, 0x4A, 0x86, 0xE5, 0x75, 0xBF, 0x8C, 0x54, 0x33, 0xA5, 0xC1, 0x85, 0x5E, 0xA3, 0xA3, 0x0F,
    0x17, 0x0B, 0x38, 0x52, 0x78, 0xBE, 0x69, 0x4B, 0x68, 0x89, 0x69, 0xA5, 0x86, 0xAA, 0x6E, 0x82,
    0xDA, 0x2B, 0x38, 0xA7, 0xA2, 0x52, 0xB1, 0x2B, 0x61, 0x3C, 0xDE, 0xC0, 0xF5, 0x4C, 0x57, 0xB2,
    0x53, 0xA9, 0x27, 0x7A, 0x8C, 0xC8, 0xE6, 0x86, 0xD1, 0xD4, 0xC2, 0x31, 0x72, 0xEA, 0x15, 0xB8,
    0x6D, 0x05, 0x48, 0xDC, 0x82, 0x24, 0x2D, 0x6A, 0x1C, 0xB6, 0x14, 0x7E, 0x2B, 0x2B, 0x01, 0x07,
    0xD4, 0x55, 0x7A, 0x4A, 0x46, 0x14, 0x41, 0xBA, 0x85, 0xC9, 0x9C, 0xD2, 0xF9, 0xAF, 0xAD, 0x01,
    0x3E, 0x3E, 0xFE, 0xCE, 0x53, 0xB3, 0x66, 0x8D, 0xEC, 0x99, 0x26, 0xD0, 0x94, 0xC7, 0x8F, 0x46,
    0xBA, 0x07, 0xB8, 0xD9, 0x9A, 0x4F, 0x3F, 0x66, 0xFE, 0x5E, 0x0B, 0x10, 0x21, 0x0A, 0x9C, 0x80,
    0x50, 0xF0, 0x52, 0x48, 0x8F, 0xD5, 0xCC, 0xDE, 0x13, 0x7B, 0xCC, 0xA2, 0xFB, 0x4F, 0xCC, 0x61,
    0x45, 0x0D, 0x2D, 0x69, 0xFA, 0x1D, 0xD3, 0x52, 0x21, 0xB5, 0x6D, 0xFF, 0xEA, 0x75, 0x1F, 0x69,
    0xE6, 0xC2, 0x8E, 0xFF, 0xDD, 0xAF, 0x63, 0xF3, 0xAC, 0x6E, 0xC2, 0x02, 0x1E, 0x69, 0xC0, 0xCC,
    0x49, 0x57, 0x0A, 0xF3, 0x25, 0x1F, 0xD5, 0xF1, 0xBE, 0x67, 0xED, 0x9F, 0x33, 0x9A, 0x4B, 0x0B,
    0x60, 0x4B, 0x8C, 0x36, 0xF2, 0xBB, 0xC2, 0x98, 0xA2, 0xFE, 0x28, 0x96, 0x63, 0x4D, 0x3D, 0xBC,
    0xB8, 0xE1, 0x52, 0xA7, 0x97, 0xC6, 0xED, 0x44, 0xCB, 0x77, 0x79, 0xB1, 0x9F, 0x6D, 0x9B, 0x17,
    0x99, 0x84, 0x78, 0x49, 0x8C, 0xDC, 0xC4, 0xF5, 0xB2, 0xC0, 0xC1, 0x99, 0xD6, 0x39, 0xDD, 0xFD,
    0xD2, 0x4F, 0xD4, 0xB3, 0xE5, 0x95, 0x40, 0x0B, 0xE0, 0x5D, 0xBF, 0xEB, 0x2B, 0xC7, 0x18, 0xB6,
    0x6D, 0xEE, 0x6F, 0x36, 0x7B, 0x0A, 0x90, 0x0B, 0xB8, 0xB7, 0xC4, 0x39, 0xAF, 0x05, 0xA5, 0x4A,
    0x09, 0xE1, 0x41, 0x4C, 0xBC, 0xA4, 0x84, 0x81, 0xF4, 0xD4, 0x89, 0x85, 0x36, 0xD7, 0x64, 0x63,
    0x54, 0xD7, 0x8C, 0x2A, 0x82, 0x62, 0x3F, 0xE2, 0xBA, 0xC6, 0x3F, 0x5D, 0xDF, 0xF4, 0xB5, 0x7C,
    0x0B, 0xB1, 0xB6, 0x96, 0xF1, 0xC7, 0x06, 0xBD, 0xAB, 0x22, 0x69, 0xBF, 0x05, 0xA9, 0xE6, 0xAA,
    0xBE, 0x66, 0x0E, 0x88, 0x6D, 0xBF, 0xE9, 0x35, 0x03, 0xE7, 0xBD, 0x0C, 0xC8, 0x2C, 0xA9, 0x5C,
    0x75, 0x62, 0xA5, 0xDE, 0xDF, 0x14, 0xC1, 0x8B, 0x1B, 0x60, 0xA5, 0x2E, 0x44, 0x2D, 0x28, 0x22,
    0xA7, 0xC0, 0x0D, 0x31, 0xE3, 0x64, 0xE8, 0xE9, 0xA8, 0x74, 0x56, 0xCA, 0x58, 0x31, 0xBE, 0x2B,
    0x35, 0xE8, 0x00, 0xC3, 0x00, 0x2D, 0x3B, 0x52, 0xDB, 0x93, 0x66, 0x23, 0x69, 0x3A, 0x93, 0xC6,
    0x42, 0x1A, 0xC9, 0x21, 0xA8, 0x91, 0x37, 0x49, 0xA1, 0x27, 0x31, 0x05, 0x46, 0x9A, 0x83, 0x8E,
    0x4C, 0x9B, 0x60, 0xAD, 0x88, 0x39, 0x6A, 0xF4, 0xDE, 0x6A, 0xD0, 0x03, 0x16, 0x0F, 0x34, 0x2C,
    0xD1, 0xB9, 0x8B, 0xD4, 0xA5, 0x8E, 0x34, 0xC9, 0xB3, 0xAC, 0xBD, 0xA1, 0x77, 0xC3, 0x3F, 0xB2,
    0x0E, 0x40, 0x57, 0x15, 0x86, 0xB6, 0x8D, 0x8A, 0x7E, 0xD0, 0x15, 0x95, 0x02, 0xAF, 0x32, 0x29,
    0xB8, 0xB4, 0x80, 0xDF, 0x41, 0x73, 0x97, 0x8C, 0x97, 0x5A, 0xF5, 0xF1, 0x3B, 0xAE, 0x31, 0x65,
    0xC7, 0x05, 0xC5, 0xDE, 0x8F, 0xFA, 0xA7, 0x4A, 0xF9, 0xA6, 0x6B, 0x35, 0x50, 0xA8, 0x73, 0xA2,
    0x06, 0x96, 0x62, 0xCE, 0x66, 0x22, 0x7F, 0x72, 0xB3, 0xF6, 0x35, 0xE8, 0x0A, 0xC9, 0xE5, 0xD7,
    0xC7, 0x01, 0x5F, 0xF2, 0x6E, 0xDC, 0xD3, 0xCA, 0x9C, 0x02, 0x4B, 0x2A, 0x2B, 0xFF, 0x7E, 0xA1,
    0x59, 0x06, 0x71, 0xE4, 0xA3, 0x9E, 0xD5, 0x51, 0xF8, 0x60, 0x57, 0xC3, 0x49, 0xA3, 0xB3, 0x10,
    0xAB, 0x0B, 0x90, 0xDD, 0x51, 0x6C, 0xAF, 0xF3, 0x86, 0x4B, 0x4E, 0x54, 0x9D, 0xED, 0x51, 0x04,
    0xD7, 0xE9, 0xFE, 0x25, 0xF2, 0xB9, 0x56, 0x79, 0xD3, 0x55, 0x89, 0x2B, 0xE6, 0xC5, 0x70, 0x3E,
    0xE5, 0xB6, 0x9E, 0x4D, 0xFE, 0x93, 0x2A, 0x63, 0xAA, 0xBD, 0xB3, 0x9A, 0x76, 0xE7, 0x6E, 0x45,
    0xAE, 0x34, 0x6D, 0x6C, 0xFD, 0x3E, 0xE0, 0xFF, 0x09, 0xAC, 0x7C, 0xB9, 0x89, 0x1B, 0xC7, 0x1C,
    0x70, 0x57, 0xB6, 0xE9, 0x0C, 0x7F, 0x57, 0x81, 0x72, 0x50, 0x4F, 0x2E, 0x00, 0xC6, 0x50, 0xAD,
    0xB2, 0x01, 0x8E, 0x22, 0x78, 0x2A, 0xAB, 0xB4, 0x7B, 0xC6, 0x44, 0xA7, 0x86, 0xE6, 0x3D, 0x9B,
    0xBC, 0xE6, 0x18, 0xAD, 0xEE, 0xC0, 0x88, 0xF6, 0x35, 0x9E, 0x1E, 0x63, 0xAA, 0xBC, 0x59, 0x69,
    0xC0, 0x67, 0xA9, 0x63, 0x1C, 0xC9, 0x39, 0x9D, 0x4B, 0xD7, 0xC5, 0x1D, 0xC7, 0x05, 0xC1, 0x81,
    0xE6, 0x15, 0xA9, 0xD5, 0x31, 0x4E, 0x14, 0xEC, 0x5B, 0x23, 0xC6, 0x68, 0x6F, 0x33, 0x5D, 0x66,
    0x89, 0xA7, 0x75, 0xCE, 0xED, 0x15, 0x8C, 0xB1, 0x38, 0x35, 0xC6, 0x48, 0xF1, 0x36, 0x51, 0xB4,
    0xCF, 0x1A, 0x8E, 0x31, 0x53, 0x13, 0x08, 0x17, 0x5E, 0x3F, 0xEE, 0x0B, 0xEB, 0x81, 0xC0, 0xF9,
    0x24, 0xC4, 0x92, 0x3F, 0xC8, 0xFC, 0xDE, 0x87, 0x6E, 0x3C, 0xD1, 0x9E, 0x8E, 0x62, 0xBE, 0xDD,
    0xAB, 0xD7, 0x81, 0xC4, 0xDC, 0xB4, 0x42, 0xCB, 0xDB, 0xE2, 0x82, 0x1C, 0x84, 0xDA, 0xA3, 0x66,
    0x27, 0xDE, 0xFB, 0xA2, 0xD5, 0xA2, 0x64, 0x51, 0x30, 0xEF, 0x11, 0x12, 0x84, 0xC1, 0x9A, 0xDC,
    0xF9, 0x32, 0x4D, 0xA4, 0xF4, 0x2E, 0x7F, 0xAE, 0x71, 0x01, 0x03, 0x0E, 0x85, 0xAC, 0x0F, 0xBD,
    0xB2, 0x6C, 0xED, 0xF8, 0x42, 0xDD, 0x6B, 0xD6, 0x3C, 0xCA, 0x82, 0x6C, 0x47, 0xEB, 0x14, 0xCC,
    0xB7, 0x4E, 0xDF, 0xFB, 0x74, 0x98, 0x3E, 0x51, 0xA6, 0xB9, 0x35, 0x9F, 0xD7, 0xD3, 0x58, 0xA8,
    0x56, 0xAF, 0x4E, 0x83, 0x95, 0xA4, 0x4F, 0x34, 0x43, 0x5F, 0x99, 0x9F, 0xBE, 0x6F, 0x87, 0x89,
    0xD8, 0xA9, 0xD1, 0x84, 0xBA, 0x26, 0xFB, 0x92, 0x91, 0x81, 0xAB, 0x61, 0x12, 0x57, 0xB7, 0x1E,
    0x4E, 0x27, 0xD2, 0xDE, 0x8F, 0xD3, 0xF8, 0xAC, 0x0E, 0x53, 0x17, 0xE4, 0x6C, 0x5A, 0xD3, 0x76,
    0xB1, 0xBA, 0x4B, 0x1A, 0xB0, 0x98, 0xF0, 0xE0, 0x98, 0x5B, 0x54, 0xED, 0x5E, 0x3D, 0x40, 0x0B,
    0x96, 0x8E, 0x09, 0x29, 0x77, 0x45, 0x81, 0x04, 0xB3, 0x4F, 0xA4, 0x52, 0x1D, 0x42, 0xA9, 0x52,
    0xDD, 0x15, 0x65, 0xE8, 0x05, 0xCC, 0x50, 0x78, 0x66, 0x12, 0x27, 0xEB, 0x35, 0x2F, 0x3B, 0x4F,
    0xDA, 0xFE, 0xB8, 0x2E, 0xFB, 0x81, 0xC6, 0x91, 0xC6, 0xB3, 0x75, 0x6C, 0x0F, 0xF4, 0x5E, 0x9A,
    0x2C, 0xFB, 0xA1, 0xB2, 0xA5, 0x70, 0xD2, 0xA9, 0x74, 0xDD, 0x42, 0x72, 0x0D, 0x4B, 0x97, 0xD8,
    0xE3, 0x40, 0x37, 0x37, 0x94, 0x70, 0xA3, 0x44, 0x18, 0x62, 0x48, 0x07, 0x62, 0xEF, 0x43, 0x80,
    0x81, 0xF2, 0x2A, 0xDC, 0x4A, 0x66, 0x1D, 0x40, 0x26, 0x56, 0x3B, 0x38, 0x16, 0xA8, 0x38, 0xCD,
    0x03, 0x13, 0x9A, 0xC5, 0xBB, 0x5D, 0x81, 0x37, 0x6E, 0x26, 0x3B, 0x74, 0xDB, 0x9B, 0x52, 0x66,
    0x9E, 0xA2, 0xBF, 0x36, 0x51, 0x02, 0x1A, 0x44, 0x51, 0x20, 0xFC, 0x6A, 0x46, 0x20, 0xA1, 0x8B,
    0xCD, 0x2D, 0x20, 0x98, 0x0A, 0x86, 0x6A, 0x85, 0xA9, 0xFE, 0x4F, 0x68, 0xA0, 0x15, 0x49, 0xAC,
    0xC1, 0x76, 0xCC, 0xA4, 0xB9, 0x44, 0xCC, 0x4A, 0x0B, 0xA7, 0x01, 0xB5, 0x4A, 0xFA, 0x80, 0x0C,
    0x67, 0x39, 0xC3, 0x32, 0x90, 0x66, 0x23, 0x9E, 0x16, 0x29, 0x68, 0xDC, 0x31, 0x47, 0xC1, 0x14,
    0x43, 0x2E, 0xC9, 0xCC, 0x6D, 0xAB, 0x84, 0xBB, 0xBF, 0x68, 0x47, 0xB3, 0xAD, 0x1F, 0xDA, 0x5B,
    0x1C, 0x42, 0xBB, 0x8A, 0x77, 0xD9, 0x17, 0x5C, 0x71, 0x49, 0xB1, 0x78, 0x67, 0x9D, 0xDE, 0x82,
    0x9B, 0xA0, 0x90, 0xA1, 0xE5, 0x88, 0x2C, 0x47, 0x6A, 0xFF, 0x54, 0x62, 0xD5, 0xA8, 0x52, 0x90,
    0x82, 0x89, 0x1A, 0x0E, 0x83, 0x09, 0x2E, 0xBE, 0x37, 0x7A, 0x95, 0x2A, 0xEF, 0x1E, 0x8E, 0x46,
    0xB3, 0x34, 0x0B, 0xC1, 0x53, 0xB8, 0xB0, 0xDE, 0xFF, 0xAE, 0xAD, 0xDC, 0x96, 0x26, 0x95, 0xEF,
    0x48, 0x13, 0xDC, 0x30, 0x6B, 0x6F, 0x79, 0xB1, 0x4C, 0x69, 0xA4, 0xAB, 0xE2, 0xBC, 0x5D, 0x0F,
    0x94, 0x9F, 0xA7, 0xCD, 0xA3, 0x64, 0x48, 0xF7, 0x0E, 0xD5, 0x9E, 0x35, 0x97, 0xC5, 0xDE, 0xA2,
    0x19, 0xB6, 0x94, 0xF6, 0xB8, 0x19, 0xD7, 0xC1, 0x49, 0x13, 0x7F, 0x04, 0x0C, 0x9D, 0x57, 0x93,
    0xA8, 0x7A, 0xAE, 0xA7, 0xBD, 0xCF, 0x85, 0xA6, 0x37, 0x21, 0xAB, 0xD0, 0x3C, 0x67, 0x1E, 0x31,
    0x2F, 0x61, 0x0B, 0xF4, 0xE3, 0xD6, 0x35, 0x53, 0x9A, 0x3D, 0xE1, 0x8F, 0x5B, 0xC9, 0xA7, 0xD2,
    0x9A, 0x8F, 0x62, 0x8E, 0x8A, 0x6D, 0x7E, 0x4A, 0xA3, 0x85, 0x31, 0x47, 0xA8, 0x39, 0xA4, 0x50,
    0x9F, 0x31, 0xE3, 0xCE, 0x14, 0x57, 0x5A, 0x6E, 0x94, 0xE9, 0x4E, 0xD3, 0x23, 0x54, 0xE5, 0x82,
    0x28, 0xB0, 0x23, 0xBA, 0xBD, 0x8B, 0x2E, 0x7E, 0x0D, 0xB4, 0xB1, 0x9A, 0x7C, 0xAC, 0xD1, 0x97,
    0xBC, 0xA1, 0x27, 0x1A, 0x70, 0xAB, 0xCB, 0x89, 0x8F, 0xF4, 0x0F, 0x93, 0x89, 0x47, 0x1F, 0x76,
    0xBF, 0x32, 0xEF, 0x5F, 0x1B, 0x12, 0x7D, 0x73, 0xF0, 0x15, 0x7A, 0xF4, 0x3C, 0x6F, 0x36, 0xD7,
    0xD1, 0xED, 0xAC, 0x96, 0xC1, 0x7D, 0x33, 0x2D, 0x2A, 0x53, 0xD1, 0xA4, 0xDB, 0x4C, 0xF3, 0x22,
    0xE2, 0x37, 0xB2, 0x01, 0xBD, 0x08, 0xD7, 0x15, 0x0D, 0xAF, 0x18, 0xF3, 0x45, 0xF2, 0x72, 0x5E,
    0x21, 0xD1, 0x3B, 0x9A, 0xEA, 0x89, 0x41, 0x73, 0xBE, 0x2F, 0x1C, 0x9E, 0x23, 0xE8, 0x94, 0xBA,
    0x8B, 0xF3, 0x60, 0x42, 0xFF, 0x97, 0x9B, 0x3D, 0x4F, 0xC2, 0x51, 0x7C, 0xC9, 0x69, 0x03, 0x45,
    0x40, 0x1C, 0x64, 0x50, 0xCA, 0x8C, 0xF0, 0x76, 0x91, 0x08, 0x69, 0xB0, 0x1E, 0xB1, 0x63, 0x8C,
    0xE8, 0x5C, 0xA2, 0x31, 0x74, 0xB7, 0xE4, 0xB5, 0x02, 0xA6, 0x86, 0xFF, 0x63, 0xF5, 0xF2, 0x7C,
    0x92, 0xD2, 0x9F, 0x64, 0x29, 0x56, 0xCC, 0xA9, 0x4E, 0x63, 0x0E, 0x53, 0x3B, 0xC4, 0xD2, 0x8E,
    0xD1, 0x38, 0xA6, 0x62, 0xFA, 0x0A, 0x1D, 0x4F, 0xA0, 0xA1, 0x6B, 0x00, 0x78, 0x8A, 0x80, 0x1A,
    0xC5, 0x6B, 0xA6, 0xD5, 0x93, 0xF5, 0x8C, 0x90, 0x76, 0x01, 0x77, 0xE3, 0x69, 0x63, 0xE7, 0x9D,
    0xC9, 0x3B, 0xC0, 0xB1, 0x87, 0x62, 0x9E, 0x3D, 0xD9, 0x39, 0x58, 0x3D, 0x50, 0x75, 0x46, 0xB9,
    0x87, 0x15, 0xE9, 0x36, 0x9A, 0xAC, 0xB9, 0x52, 0xDE, 0x7F, 0xC2, 0x3C, 0x52, 0x86, 0xF6, 0xB6,
    0x9E, 0x93, 0x9D, 0xB7, 0x98, 0x23, 0xCC, 0xDB, 0x0C, 0xF0, 0x98, 0xA2, 0xFB, 0x60, 0xCE, 0x43,
    0x66, 0x28, 0xE8, 0xA2, 0x86, 0x3E, 0x0E, 0x4D, 0x1C, 0x6C, 0xA9, 0x7F, 0x73, 0x8F, 0x77, 0xF3,
    0xF0, 0xD9, 0xD8, 0xD1, 0xB3, 0x14, 0x30, 0x14, 0xCB, 0xC0, 0xA5, 0x66, 0x26, 0x17, 0xF6, 0x1D,
    0x2E, 0xB1, 0x80, 0x95, 0xE5, 0x1B, 0xFD, 0x0B, 0xDF, 0x5C, 0x77, 0xF8, 0x99, 0x66, 0x35, 0x95,
    0x89, 0x5B, 0x9A, 0x9D, 0x0C, 0xB1, 0xD4, 0x70, 0x71, 0x00, 0x5F, 0xDB, 0x88, 0xE4, 0x9D, 0xB6,
    0x79, 0x8E, 0x7B, 0xC8, 0x21, 0xDD, 0x85, 0x2E, 0xFB, 0xFB, 0x68, 0x5F, 0x97, 0x67, 0xCC, 0xF3,
    0xAB, 0x9C, 0x52, 0xC6, 0x46, 0xFC, 0x9A, 0x7F, 0xE1, 0x9B, 0xC8, 0x90, 0xF2, 0x28, 0xDE, 0xF8,
    0x8C, 0xF9, 0x79, 0x79, 0x73, 0x76, 0xB7, 0xC4, 0xDD, 0x9A, 0xED, 0x67, 0xC7, 0x77, 0xD9, 0x9A,
    0xAF, 0x2B, 0xCD, 0x67, 0x18, 0x72, 0xCC, 0x8B, 0xD3, 0x72, 0x81, 0xD2, 0xD0, 0x14, 0xA3, 0xE6,
    0xFF, 0x53, 0x6E, 0x7F, 0x84, 0x7E, 0x67, 0x13, 0x61, 0xD7, 0xCE, 0x0D, 0xDB, 0x00, 0x3C, 0x4A,
    0xE6, 0xBA, 0x78, 0x88, 0xEE, 0x4D, 0xE9, 0x10, 0x36, 0x4A, 0x47, 0xF0, 0xE0, 0xAE, 0x8D, 0x7D,
    0x10, 0x29, 0x1B, 0xBC, 0x02, 0x16, 0xE7, 0x88, 0x09, 0x5A, 0xCD, 0x62, 0x92, 0x81, 0x52, 0x81,
    0xE2, 0xC6, 0x1A, 0x29, 0x24, 0x53, 0x5C, 0x9F, 0x4C, 0x34, 0x5C, 0x52, 0x90, 0x7B, 0x42, 0x0F,
    0x3C, 0x9D, 0xFC, 0x7C, 0x90, 0xDB, 0x0C, 0xC4, 0x3E, 0x3B, 0x3A, 0x0F, 0xDF, 0xC2, 0xE5, 0xF0,
    0x8E, 0xA3, 0x8F, 0x59, 0x65, 0xDE, 0xD3, 0x7C, 0xA7, 0x34, 0xD7, 0xFC, 0x9A, 0xD5, 0x1D, 0x18,
    0x4F, 0x4F, 0x23, 0x96, 0x5B, 0x11, 0xCB, 0x1F, 0x4B, 0xD4, 0x7D, 0xB0, 0xF0, 0x7E, 0x86, 0xD0,
    0xD3, 0x10, 0x00, 0xEA, 0x53, 0x46, 0x9C, 0x07, 0x6F, 0x8E, 0x01, 0xB2, 0xCE, 0xC5, 0x4A, 0x9A,
    0x93, 0xFF, 0xD6, 0x90, 0x0B, 0x22, 0x7A, 0x1E, 0x81, 0xB2, 0x58, 0x04, 0x28, 0x11, 0x7A, 0x86,
    0xDE, 0xBF, 0x44, 0x47, 0x3B, 0xAF, 0x3C, 0x00, 0xB1, 0x52, 0x32, 0x64, 0xFF, 0x09, 0x62, 0x3D,
    0x34, 0x86, 0xF6, 0xB6, 0x0B, 0xA6, 0x7A, 0x8F, 0x8E, 0xFE, 0x88, 0xC0, 0x9A, 0x81, 0x58, 0x90,
    0x6B, 0x63, 0x1E, 0x08, 0x15, 0x0F, 0x8B, 0xA1, 0xF3, 0x7E, 0x57, 0x5E, 0xF3, 0x1C, 0x83, 0xCF,
    0xE5, 0x26, 0x6F, 0xA0, 0x62, 0x50, 0x7C, 0xB8, 0x78, 0xC4, 0xBC, 0x04, 0x7D, 0xC4, 0x73, 0x24,
    0x44, 0xCF, 0x09, 0xE8, 0x19, 0x13, 0x42, 0xDF, 0x0E, 0x3D, 0x1F, 0x96, 0x48, 0x12, 0xA6, 0xC0,
    0x7A, 0xBF, 0x9B, 0xA7, 0x47, 0x3E, 0xBB, 0xED, 0x0E, 0x2F, 0x8F, 0x27, 0x5E, 0x66, 0x3E, 0x68,
    0x7B, 0x1D, 0x1D, 0x0D, 0x79, 0x70, 0x9D, 0xF5, 0xBC, 0x06, 0x7D, 0xAC, 0x02, 0xD6, 0x51, 0x6E,
    0x6D, 0x5B, 0x53, 0x3C, 0x99, 0x67, 0x3F, 0xE5, 0xB1, 0xCF, 0x4C, 0x6A, 0xD7, 0x5C, 0x22, 0xAB,
    0xAF, 0xB9, 0x46, 0x5E, 0xEF, 0x41, 0x6E, 0x75, 0x20, 0xBF, 0xC6, 0x6D, 0xF9, 0x43, 0xC5, 0xF3,
    0x8B, 0x64, 0x7F, 0x42, 0x60, 0x44, 0xBB, 0x26, 0xFB, 0xCC, 0x48, 0x79, 0x49, 0xC0, 0xCA, 0xBF,
    0xFB, 0xCA, 0x72, 0xF0, 0xE2, 0x93, 0xC7, 0x92, 0x76, 0x9A, 0x3B, 0x8A, 0x54, 0x8A, 0xE9, 0xE4,
    0xA1, 0x50, 0xED, 0xD0, 0x47, 0x8B, 0xB9, 0x3F, 0xE2, 0xE6, 0x85, 0x7C, 0x70, 0x12, 0x3E, 0x1C,
    0x3A, 0x02, 0xDE, 0x4F, 0x0C, 0x2F, 0xFD, 0x6F, 0xEF, 0x78, 0xBD, 0x43, 0xAA, 0xBE, 0x1B, 0x0F,
    0xDF, 0xF5, 0x7E, 0x5B, 0x9A, 0x8E, 0xD1, 0x1F, 0xC0, 0x4B, 0x39, 0x13, 0xA2, 0x76, 0x0A, 0x0D,
    0x05, 0xCD, 0x57, 0xB7, 0x27, 0x69, 0xD4, 0xA7, 0xE4, 0x6C, 0x4F, 0xCA, 0x6D, 0x6B, 0xFC, 0x29,
    0x28, 0xA3, 0x67, 0x26, 0xB7, 0xE3, 0x7A, 0xCC, 0xDC, 0xFA, 0x93, 0xA2, 0x1A, 0x25, 0x6A, 0x04,
    0x06, 0xD9, 0x2A, 0xB0, 0xFC, 0x45, 0x43, 0xA0, 0x82, 0x0F, 0xBE, 0x61, 0x72, 0x73, 0x9F, 0xCF,
    0x63, 0xE0, 0xF6, 0xA2, 0xF9, 0x16, 0x3B, 0x7E, 0x49, 0x5D, 0xE2, 0x9B, 0x4A, 0x5F, 0x57, 0xEF,
    0xAD, 0x98, 0xCF, 0x08, 0x87, 0x7E, 0xF6, 0x75, 0xF2, 0x75, 0xEE, 0xAD, 0x9E, 0x80, 0x6B, 0x97,
    0x89, 0xD7, 0x79, 0x3F, 0x39, 0xED, 0x16, 0xB6, 0x32, 0x97, 0x18, 0x86, 0x58, 0xA9, 0x64, 0x62,
    0x57, 0x5D, 0x84, 0x9E, 0xDA, 0x10, 0x36, 0xD5, 0x04, 0x52, 0x94, 0x34, 0x7A, 0x57, 0xE9, 0x39,
    0x61, 0x63, 0xDF, 0xE0, 0xA9, 0xB9, 0xB7, 0x98, 0x56, 0xBD, 0x3D, 0x2E, 0xE7, 0xCA, 0x13, 0x4E,
    0x58, 0xE4, 0x57, 0xF4, 0x76, 0x0D, 0xEF, 0xEB, 0xED, 0x51, 0x25, 0xBF, 0xA9, 0xB2, 0x60, 0xF6,
    0x93, 0x6E, 0x20, 0x6E, 0x77, 0x4B, 0x1A, 0x32, 0x5F, 0x37, 0x00, 0x75, 0xA1, 0x93, 0x95, 0xA4,
    0x0F, 0x26, 0x18, 0x51, 0x0A, 0xE4, 0x28, 0x52, 0x7F, 0xEA, 0xE2, 0x77, 0xEA, 0x1C, 0x94, 0x3C,
    0xDC, 0x60, 0x7B, 0xAE, 0xA9, 0x03, 0x48, 0x36, 0x6E, 0x49, 0xAA, 0xBF, 0x86, 0xED, 0x03, 0x7D,
    0x85, 0x2F, 0x87, 0x8C, 0x9F, 0x96, 0xC3, 0x1B, 0x8B, 0xFD, 0x4F, 0x57, 0xEE, 0xED, 0xCD, 0xC7,
    0xE1, 0xED, 0x92, 0xD4, 0x71, 0x3A, 0x3E, 0x55, 0x02, 0x95, 0x06, 0xA4, 0x56, 0x18, 0x47, 0x62,
    0xEF, 0x55, 0x80, 0x33, 0x22, 0xD8, 0x7F, 0x00, 0x8D, 0x53, 0xB1, 0x72, 0xD4, 0x30, 0x10, 0x5D,
    0x5B, 0x1C, 0xC7, 0x8C, 0x0A, 0x51, 0x90, 0x19, 0x86, 0xC6, 0xA9, 0xAF, 0x40, 0x5F, 0x90, 0x48,
    0x43, 0x4B, 0x93, 0x22, 0xF9, 0x03, 0x1A, 0xA0, 0xE0, 0x0F, 0xCE, 0xEE, 0x68, 0xF3, 0x09, 0x69,
    0x73, 0x1F, 0x11, 0x0B, 0xF2, 0x03, 0x66, 0x6E, 0x86, 0xDA, 0x43, 0xF8, 0x00, 0x0D, 0xB8, 0x30,
    0x19, 0xD9, 0xCB, 0xAE, 0xE4, 0xCB, 0x05, 0x2E, 0x81, 0xEC, 0x7A, 0xE5, 0x3D, 0xEB, 0xAD, 0x56,
    0xBB, 0x6F, 0x6F, 0xB1, 0x3A, 0x37, 0x38, 0xA6, 0x07, 0x49, 0x5A, 0x5E, 0xFC, 0x76, 0x59, 0x91,
    0x00, 0x7B, 0xB7, 0x96, 0x55, 0x14, 0x8B, 0x51, 0xAA, 0x3F, 0x5F, 0x90, 0xE4, 0x01, 0x10, 0xC3,
    0xD9, 0xB6, 0x0B, 0xDC, 0xC8, 0xEE, 0x86, 0x17, 0x5E, 0xB6, 0xCA, 0x69, 0x67, 0x9C, 0x69, 0x8D,
    0x37, 0xAD, 0xAA, 0x32, 0xAB, 0xBC, 0xEE, 0x74, 0xA7, 0x3A, 0x99, 0xF6, 0xEC, 0x21, 0x3C, 0x87,
    0x19, 0x44, 0x04, 0x69, 0xE1, 0x0A, 0x67, 0xEC, 0x12, 0x02, 0xEC, 0x43, 0x06, 0x7A, 0x8A, 0x33,
    0xF4, 0x55, 0x39, 0xE1, 0x73, 0x0F, 0x67, 0x70, 0x94, 0x43, 0xD6, 0xA9, 0x4A, 0x78, 0x03, 0xAA,
    0x59, 0x42, 0xE1, 0x02, 0x98, 0x4F, 0x64, 0xEB, 0x11, 0xCC, 0x4F, 0x4C, 0xF6, 0x65, 0x84, 0xC7,
    0xF0, 0x86, 0xCE, 0x7D, 0x6A, 0x3E, 0x0F, 0xE6, 0x0A, 0xF9, 0xF9, 0x86, 0x85, 0x1B, 0x09, 0x6D,
    0x5E, 0xF5, 0x4B, 0xE1, 0x83, 0x74, 0xFB, 0xB9, 0xFD, 0x2F, 0x00, 0xA4, 0x07, 0x50, 0x93, 0xC9,
    0x64, 0x54, 0xDE, 0x58, 0x52, 0x89, 0xFC, 0xCE, 0x3E, 0x5C, 0xDB, 0x9B, 0x0E, 0x14, 0x81, 0x70,
    0xFD, 0x3D, 0xD6, 0xFD, 0x65, 0xD3, 0x99, 0xA2, 0x49, 0xB1, 0x0F, 0xCC, 0xA3, 0xBE, 0xBF, 0xF0,
    0x8A, 0xF8, 0x95, 0x64, 0xF0, 0xFE, 0x57, 0x8A, 0x7D, 0xF2, 0xEC, 0x9E, 0x1C, 0x77, 0xE4, 0x79,
    0x0B, 0x73, 0x6C, 0x0B, 0xEC, 0x0D, 0x06, 0x83, 0x43, 0xC9, 0x19, 0xC6, 0xE8, 0x07, 0x85, 0x3E,
    0x8F, 0x2C, 0x6B, 0x9B, 0x85, 0xDA, 0x09, 0xC4, 0x66, 0x4E, 0x26, 0xB0, 0x74, 0x62, 0x98, 0x01,
    0x1C, 0x69, 0xAB, 0x9C, 0x6C, 0xEA, 0xC6, 0x10, 0x83, 0xD8, 0x96, 0xDE, 0xF4, 0xC8, 0xEC, 0xF4,
    0xC6, 0xE9, 0x46, 0xF9, 0x19, 0x75, 0x3B, 0xB3, 0x50, 0x57, 0x20, 0x42, 0x2C, 0x08, 0x3B, 0x90,
    0x1D, 0x7B, 0x1A, 0x43, 0xBC, 0x02, 0x8D, 0x48, 0x45, 0xDC, 0x38, 0xF6, 0x6A, 0xD6, 0x6A, 0xE3,
    0x61, 0xBC, 0x1A, 0x42, 0x9D, 0x42, 0xF9, 0xDB, 0xBC, 0x9F, 0x3C, 0x4C, 0xA1, 0xC0, 0x3C, 0xA5,
    0x1A, 0xE8, 0xBC, 0x32, 0x4D, 0xA3, 0xA4, 0x69, 0x9F, 0x7A, 0xFF, 0x2E, 0x1F, 0xE4, 0x00, 0x19,
    0x17, 0x30, 0xEF, 0x4B, 0x74, 0x0A, 0x63, 0xF1, 0xD4, 0x26, 0x2A, 0x8D, 0x62, 0xD6, 0x41, 0xFA,
    0xD2, 0x8E, 0x00, 0xE5, 0x65, 0x2F, 0xFA, 0x98, 0x12, 0x45, 0x27, 0x7A, 0x4A, 0x0A, 0xF9, 0xB0,
    0xF1, 0x44, 0xD8, 0x78, 0xCA, 0x8B, 0x7E, 0xDE, 0x31, 0x4E, 0xB7, 0xF9, 0x58, 0x78, 0xF3, 0x75,
    0xE0, 0xAB, 0x53, 0x43, 0x34, 0xF6, 0x1C, 0x6D, 0xD0, 0x4A, 0x9A, 0xF2, 0x73, 0x80, 0xEC, 0x94,
    0xDB, 0x5A, 0x78, 0xDD, 0x9A, 0x86, 0xE6, 0xB8, 0x2A, 0x6D, 0x0D, 0x17, 0x30, 0xC0, 0x31, 0x14,
    0x3F, 0x46, 0x7D, 0x35, 0x98, 0x75, 0x30, 0x97, 0xC1, 0x7C, 0xEC, 0xCA, 0xD7, 0xBE, 0x96, 0xFE,
    0x42, 0x35, 0x83, 0x72, 0xC7, 0xB3, 0xC8, 0xE7, 0x01, 0x97, 0x9D, 0x0F, 0x20, 0x03, 0x1D, 0x00,
    0x54, 0x60, 0xED, 0xF8, 0x29, 0x1B, 0xFE, 0x49, 0x1F, 0x69, 0x8B, 0x93, 0x1D, 0x30, 0xF6, 0x11,
    0xC0, 0x4B, 0xEA, 0x88, 0xE5, 0x7B, 0xA8, 0xB8, 0x2B, 0x30, 0xEE, 0x22, 0x3B, 0x32, 0x36, 0x99,
    0xB6, 0x08, 0x70, 0x18, 0xC1, 0x8B, 0xB3, 0xC5, 0x29, 0xF1, 0xB3, 0xD1, 0xF4, 0x4F, 0xDA, 0xD5,
    0x86, 0x55, 0x47, 0x8B, 0xEA, 0x36, 0x0A, 0xB7, 0x44, 0xB9, 0xA2, 0xE2, 0x53, 0xCA, 0x49, 0x39,
    0x86, 0x19, 0xDF, 0x3B, 0x39, 0xB1, 0x34, 0x9F, 0x0D, 0xDB, 0x62, 0xB5, 0x62, 0x5A, 0x22, 0x5F,
    0x9A, 0xA9, 0x8A, 0x54, 0xD7, 0x1C, 0x4E, 0x7D, 0x4F, 0x63, 0x11, 0x69, 0xBD, 0x03, 0x91, 0x6D,
    0x11, 0xDD, 0x2E, 0x02, 0xFF, 0x89, 0xE0, 0xA4, 0x7B, 0x9C, 0xE5, 0x37, 0xA5, 0x96, 0xBF, 0x72,
    0xDD, 0x54, 0x10, 0xC6, 0x57, 0x52, 0xEC, 0xCB, 0xA0, 0x42, 0x4D, 0x3C, 0x99, 0xC1, 0x85, 0xFA,
    0x50, 0xE8, 0x11, 0xA4, 0x81, 0x92, 0x02, 0x17, 0x5C, 0x0A, 0xF2, 0x04, 0xD8, 0x85, 0x9B, 0xF4,
    0xD2, 0xF0, 0x02, 0x98, 0x82, 0x3E, 0x25, 0x28, 0x85, 0x1B, 0x5A, 0x2C, 0x75, 0x14, 0x69, 0x44,
    0x4D, 0x11, 0x15, 0xA1, 0xA1, 0x52, 0x21, 0x66, 0x64, 0x8F, 0xA4, 0xE5, 0xFB, 0xF6, 0x48, 0xF7,
    0x5E, 0x27, 0x4E, 0x86, 0x81, 0x3B, 0xF6, 0xEF, 0x68, 0x74, 0xFE, 0xEE, 0xEE, 0xB7, 0x7B, 0x24,
    0x12, 0x7E, 0x91, 0x89, 0x44, 0x5F, 0x12, 0x91, 0x88, 0xC4, 0x31, 0x90, 0x24, 0x22, 0x9B, 0x39,
    0x6D, 0x25, 0x9D, 0xD3, 0xC9, 0xD3, 0x29, 0x9D, 0x02, 0x1D, 0x92, 0x29, 0x52, 0xF1, 0xA6, 0x78,
    0x14, 0x19, 0xD3, 0x81, 0xE8, 0x44, 0x1E, 0xE7, 0x80, 0x54, 0x86, 0x76, 0x87, 0xDD, 0x3B, 0xEB,
    0xE5, 0x60, 0x49, 0x30, 0x4D, 0xB0, 0x80, 0x3C, 0x0F, 0xB5, 0xDE, 0x8C, 0x81, 0xFE, 0xA6, 0xB3,
    0xE8, 0x2B, 0x1D, 0x24, 0x79, 0xA5, 0x85, 0x44, 0xDF, 0xF7, 0x0F, 0x9E, 0x42, 0x4E, 0x4E, 0xF0,
    0x5F, 0x96, 0x65, 0x51, 0xA9, 0x6A, 0x63, 0x88, 0x89, 0x40, 0x25, 0xDA, 0xE1, 0xF8, 0x0A, 0x10,
    0x39, 0x84, 0x8E, 0xF7, 0xB0, 0x76, 0x3C, 0xD1, 0x2D, 0x8E, 0xA6, 0xBA, 0xE0, 0xAD, 0x69, 0x39,
    0x8E, 0x83, 0x8E, 0x71, 0x81, 0xF8, 0x7A, 0x8B, 0xE3, 0xAB, 0xB6, 0x82, 0x2D, 0x5B, 0x5F, 0xEF,
    0xB8, 0x6F, 0xB6, 0xEC, 0xBB, 0x99, 0x25, 0xAC, 0x01, 0xB8, 0x8A, 0x73, 0x31, 0xA2, 0x76, 0xD8,
    0xFF, 0xF6, 0xEF, 0x7C, 0xD8, 0x28, 0x9E, 0x66, 0x06, 0xFF, 0xCA, 0x53, 0xD9, 0x74, 0xBE, 0x4A,
    0xD8, 0x05, 0x73, 0x79, 0xDD, 0xD1, 0xAC, 0x4E, 0x77, 0x38, 0x39, 0x2F, 0x64, 0x5B, 0x66, 0xA9,
    0xB6, 0x1E, 0xE6, 0xA6, 0xDA, 0xA1, 0x29, 0x4E, 0x71, 0xB6, 0xCB, 0x09, 0xE7, 0x1C, 0x25, 0xEA,
    0x68, 0xD6, 0x61, 0x33, 0x6B, 0xCD, 0x66, 0xD2, 0x26, 0xEA, 0xB9, 0x21, 0x3D, 0xB4, 0x34, 0x27,
    0x5B, 0xFE, 0xB2, 0xFD, 0x89, 0x0E, 0xFA, 0x9E, 0xCC, 0x5B, 0x7D, 0xFD, 0x77, 0x16, 0x4C, 0xB0,
    0x9C, 0xD3, 0x61, 0xAB, 0x35, 0xB1, 0x6B, 0x22, 0xD7, 0x04, 0x68, 0x12, 0x9A, 0xDF, 0x59, 0xFF,
    0xD2, 0x20, 0xBE, 0xDB, 0xB2, 0xCC, 0x6C, 0xC9, 0xC9, 0x2D, 0x5C, 0x60, 0x18, 0x9D, 0xB5, 0x99,
    0x3D, 0x0C, 0x80, 0x6B, 0xD2, 0x5E, 0x9E, 0xE9, 0x36, 0x9F, 0x32, 0xDB, 0xAE, 0x76, 0x7C, 0xA9,
    0x65, 0x35, 0x17, 0xAE, 0x17, 0xE4, 0x48, 0x9E, 0xC5, 0x98, 0x91, 0x23, 0x3D, 0x3A, 0x67, 0x94,
    0x20, 0x8F, 0xFC, 0x3E, 0x56, 0xDA, 0x9B, 0x41, 0xE3, 0x8E, 0x27, 0xE7, 0x2F, 0xE4, 0x5C, 0x8E,
    0xBE, 0x79, 0x01, 0x6B, 0xE0, 0xDC, 0x58, 0x7B, 0x3C, 0x20, 0x60, 0x78, 0x88, 0xB5, 0x08, 0xB4,
    0x3E, 0x26, 0xB1, 0x38, 0x82, 0xC2, 0x80, 0x87, 0xDA, 0x20, 0x10, 0x3E, 0x22, 0x0A, 0xEB, 0x26,
    0x44, 0xA6, 0x80, 0xC5, 0x01, 0x56, 0xD2, 0x3A, 0xB1, 0x87, 0x44, 0x17, 0x47, 0xED, 0x1E, 0x3E,
    0x29, 0xDD, 0xAF, 0xD8, 0xC5, 0xF8, 0x81, 0x31, 0xD7, 0x3A, 0xBF, 0xD4, 0xEA, 0x2F, 0xA8, 0xFA,
    0x6E, 0xF4, 0x34, 0xC7, 0xD8, 0x10, 0xE7, 0xA3, 0x75, 0xD8, 0x7B, 0x10, 0x75, 0x7A, 0x83, 0x0B,
    0xD7, 0x87, 0x74, 0x32, 0xB1, 0x21, 0xDF, 0x46, 0x0B, 0x52, 0xE3, 0xD2, 0x05, 0xE7, 0x90, 0x78,
    0x90, 0x7B, 0xBF, 0xBC, 0xA1, 0xE9, 0x0B, 0x22, 0x45, 0x12, 0x19, 0x3E, 0x2E, 0x29, 0x55, 0xEB,
    0x78, 0x04, 0x9C, 0xD2, 0xA1, 0x2E, 0x4D, 0x80, 0x48, 0x7F, 0x00, 0x46, 0xF4, 0x26, 0x03, 0x80,
    0xBC, 0xFD, 0x10, 0x7A, 0x8E, 0xE3, 0xE0, 0x48, 0x37, 0x9C, 0x8B, 0xF0, 0x62, 0x95, 0x0A, 0x91,
    0x1A, 0x93, 0x59, 0x8E, 0xB3, 0x47, 0xEE, 0x20, 0xCC, 0xC2, 0x99, 0x36, 0xCF, 0xB1, 0x53, 0x40,
    0xC2, 0x90, 0x05, 0xF6, 0xC8, 0x49, 0x96, 0x38, 0xA0, 0xF6, 0xF0, 0xB1, 0x07, 0x4B, 0x2A, 0x4B,
    0x82, 0x1C, 0x43, 0x32, 0x79, 0xEC, 0xF2, 0x8D, 0x49, 0x38, 0xAD, 0x3C, 0x2F, 0xCB, 0x9F, 0x56,
    0x2B, 0x0F, 0xDF, 0x5F, 0x28, 0xDF, 0xBB, 0xF1, 0x01, 0xD3, 0xC8, 0x56, 0xFB, 0x48, 0xA8, 0x9C,
    0x1B, 0x38, 0x64, 0xBE, 0x56, 0x17, 0x05, 0xBA, 0x99, 0x9A, 0xF0, 0xCC, 0xD3, 0x72, 0x74, 0x66,
    0x8A, 0x38, 0x39, 0xBF, 0xAA, 0xB4, 0xDB, 0xFD, 0x41, 0x08, 0xB1, 0x66, 0x4C, 0x60, 0x2B, 0x0B,
    0x09, 0x73, 0x48, 0x50, 0xE9, 0xC0, 0xAA, 0x06, 0x99, 0xA3, 0x81, 0x72, 0xB7, 0x0B, 0xBD, 0x56,
    0x57, 0x76, 0xB4, 0x76, 0x74, 0x6F, 0x5C, 0x2F, 0x47, 0x72, 0xBC, 0xA8, 0xCD, 0x85, 0xD7, 0xC0,
    0xD8, 0xD6, 0x8C, 0x66, 0x12, 0x66, 0xE6, 0xDA, 0x26, 0x3A, 0x60, 0xD3, 0x54, 0x47, 0x47, 0xD8,
    0x58, 0xFE, 0xCC, 0xC5, 0xE6, 0x03, 0xC0, 0x2D, 0x0E, 0x37, 0xC0, 0x8D, 0x2B, 0x15, 0xBE, 0x7E,
    0x47, 0xE0, 0x30, 0x3E, 0x0D, 0x8B, 0xB1, 0x0B, 0x3D, 0x29, 0x72, 0x2B, 0x79, 0x26, 0x59, 0x62,
    0xC6, 0xBE, 0xA1, 0xF0, 0x8B, 0x05, 0x9F, 0xB9, 0x69, 0x2B, 0x12, 0x96, 0xB2, 0x94, 0x69, 0x41,
    0x7C, 0xFD, 0x60, 0xA6, 0x36, 0x4B, 0xFE, 0xC1, 0x2A, 0xE4, 0x9B, 0xEE, 0x2D, 0x5D, 0xD4, 0x6D,
    0x4A, 0xBF, 0xF7, 0x9E, 0x99, 0xDD, 0x5A, 0xA6, 0xD6, 0x46, 0x0A, 0x9A, 0x2E, 0xDF, 0xE8, 0x8F,
    0xFF, 0x22, 0x53, 0x87, 0x1D, 0x21, 0x11, 0xAB, 0x93, 0xF1, 0x3B, 0xAC, 0xEE, 0x9C, 0xB6, 0xAC,
    0x10, 0x2B, 0xB3, 0x93, 0x84, 0x10, 0xFD, 0xD9, 0xAE, 0x8F, 0xD9, 0x52, 0x63, 0xB6, 0x4B, 0xE5,
    0x57, 0xE1, 0x15, 0xB4, 0xDC, 0x32, 0x0B, 0xAB, 0x95, 0xA9, 0xF6, 0x8E, 0xF9, 0x4A, 0xDF, 0xC2,
    0x44, 0x8E, 0x64, 0x3C, 0x91, 0x11, 0xCA, 0x31, 0xD7, 0xBF, 0xBD, 0xA4, 0x4A, 0xCD, 0xA4, 0x9C,
    0x09, 0x45, 0x2D, 0x5D, 0x31, 0xBD, 0x9B, 0x87, 0xCF, 0x79, 0x44, 0x89, 0x5D, 0x60, 0x48, 0x48,
    0xA7, 0x9A, 0xE0, 0x09, 0x94, 0x61, 0xE8, 0x22, 0x6A, 0x21, 0xA6, 0xB0, 0xA6, 0xA2, 0x60, 0xB1,
    0x85, 0xC4, 0xB2, 0x61, 0x30, 0xB0, 0x22, 0x9F, 0x99, 0x13, 0xF6, 0xEF, 0x50, 0x89, 0xB7, 0x67,
    0xA1, 0xDD, 0x91, 0x83, 0x78, 0x19, 0x10, 0x31, 0x63, 0xA3, 0x36, 0xD2, 0xE2, 0xB2, 0x0D, 0xDD,
    0xF5, 0xC3, 0xDA, 0x9A, 0xB3, 0x32, 0x7A, 0xDF, 0x72, 0xF7, 0x98, 0x61, 0x4A, 0xEA, 0xFB, 0x68,
    0x2C, 0x24, 0x2D, 0x97, 0x9E, 0x3C, 0x97, 0xBB, 0x7F, 0x5E, 0xFE, 0xAF, 0x9B, 0xDB, 0x6A, 0x52,
    0xEC, 0x6E, 0xEE, 0x96, 0x37, 0x37, 0xDD, 0xC3, 0x33, 0x53, 0x43, 0x05, 0x4C, 0xEB, 0x1F, 0x38,
    0x46, 0xED, 0x5C, 0xF4, 0x94, 0x0A, 0xA2, 0x43, 0xE1, 0x1E, 0x47, 0xF7, 0x7B, 0xF7, 0xFD, 0x42,
    0x94, 0xBC, 0xDC, 0x98, 0x2E, 0xB4, 0x22, 0xF8, 0x5F, 0x99, 0x50, 0xEF, 0x70, 0xC5, 0xBC, 0xD2,
    0x4A, 0xF7, 0xEE, 0x2E, 0xAA, 0x77, 0x2A, 0xBF, 0xF7, 0xCE, 0x4A, 0xAE, 0x21, 0x5D, 0x3C, 0xB1,
    0x7D, 0xE6, 0xEE, 0x71, 0xCA, 0x17, 0xAF, 0xCA, 0x8A, 0x2E, 0x09, 0xE7, 0xF5, 0xB3, 0xC1, 0xB3,
    0x84, 0xB1, 0xE5, 0x9C, 0xDB, 0x7A, 0xF3, 0x18, 0x3F, 0x66, 0xD8, 0x83, 0xA2, 0xE5, 0x97, 0x6F,
    0x7D, 0x9E, 0xC8, 0x2F, 0x40, 0xCC, 0xA2, 0x61, 0xF5, 0x63, 0xB0, 0xF1, 0xCF, 0x51, 0x4C, 0x4E,
    0x7B, 0x19, 0x78, 0x13, 0x48, 0x3E, 0x51, 0x83, 0x05, 0xD3, 0x40, 0x8E, 0xBE, 0xA2, 0xBC, 0xC6,
    0xCF, 0x89, 0x60, 0x41, 0x3C, 0x58, 0xD9, 0x01, 0x72, 0xDC, 0x71, 0xBE, 0x2B, 0xF5, 0x45, 0xCA,
    0xE0, 0xE4, 0xCC, 0x49, 0x13, 0xCA, 0x2A, 0x54, 0xEA, 0xAA, 0xF9, 0x70, 0x5B, 0xDD, 0x5A, 0x13,
    0xB2, 0x2C, 0xD8, 0xA7, 0x90, 0x4B, 0x54, 0x8B, 0x36, 0x4F, 0xFC, 0xFA, 0x0F, 0x1A, 0x14, 0xCE,
    0xD1, 0xEF, 0x34, 0x34, 0x1A, 0xA3, 0x86, 0x8A, 0x49, 0xBB, 0x88, 0xD7, 0x86, 0xB5, 0x49, 0xCF,
    0x0B, 0x08, 0xBA, 0x1D, 0xE8, 0x0C, 0xD3, 0xEF, 0xDA, 0xF2, 0x6A, 0x6D, 0xC2, 0xC9, 0xEE, 0x5A,
    0x7E, 0x38, 0xF9, 0xCB, 0x87, 0x5B, 0xF0, 0xBE, 0x76, 0xB6, 0x36, 0xB3, 0xFA, 0x81, 0x49, 0x89,
    0x6B, 0xDB, 0xD4, 0xB5, 0xDD, 0x72, 0x61, 0x76, 0xF8, 0x32, 0xBC, 0x32, 0xE9, 0x18, 0x9A, 0x53,
    0x7E, 0x3D, 0xB1, 0x92, 0x0F, 0x56, 0x8C, 0x83, 0x43, 0x7F, 0xED, 0x91, 0xB0, 0xB7, 0xEA, 0x98,
    0x77, 0xB5, 0xF9, 0xEB, 0x29, 0x57, 0x59, 0x13, 0xB2, 0x76, 0xF8, 0x14, 0x95, 0xFE, 0x20, 0x62,
    0x56, 0x4E, 0x73, 0x96, 0x53, 0xC3, 0x3F, 0xA5, 0x54, 0x41, 0x8E, 0xD4, 0x30, 0x10, 0xF4, 0x4C,
    0x60, 0xB3, 0x22, 0x42, 0xBE, 0x73, 0xC9, 0x85, 0x23, 0x92, 0xAF, 0x7B, 0x73, 0x9E, 0xC0, 0x85,
    0x77, 0xF0, 0x84, 0xE4, 0x09, 0xFC, 0x64, 0x5F, 0x80, 0xE2, 0x27, 0xE4, 0x09, 0xF9, 0xC1, 0x1A,
    0x36, 0x12, 0x96, 0xC8, 0x6E, 0xD3, 0x55, 0xED, 0x30, 0xAB, 0x39, 0x21, 0xD6, 0x87, 0x72, 0xC6,
    0xE9, 0xB4, 0xBB, 0xAB, 0xAB, 0xC6, 0x39, 0x5B, 0x77, 0x44, 0x01, 0x34, 0xCF, 0x40, 0x5F, 0x80,
    0x31, 0xF3, 0x38, 0xE1, 0x98, 0x2F, 0xFD, 0x0E, 0x0C, 0x1B, 0x70, 0x96, 0xEB, 0x35, 0x02, 0x9E,
    0x7B, 0xC6, 0xB4, 0x4C, 0x73, 0x92, 0x09, 0xDB, 0xB8, 0x5E, 0x3E, 0xEB, 0x9E, 0x80, 0x67, 0xA6,
    0x73, 0xDF, 0x89, 0x1F, 0x89, 0x37, 0x0C, 0xED, 0x19, 0x3A, 0x17, 0xC6, 0x20, 0xA8, 0x13, 0xDC,
    0x1F, 0x44, 0x32, 0xAF, 0xDC, 0xF5, 0xF8, 0xEB, 0xA3, 0x68, 0x25, 0x21, 0x4B, 0x8A, 0x39, 0xE4,
    0x98, 0x63, 0x0A, 0xD9, 0x6F, 0xBD, 0x0B, 0xB9, 0xD1, 0xAF, 0x43, 0x76, 0x03, 0xD1, 0xBD, 0x0E,
    0x8F, 0xF5, 0xC9, 0xB6, 0xD9, 0x36, 0x92, 0x71, 0x30, 0x53, 0xF9, 0xA8, 0xE4, 0x5C, 0xBF, 0x54,
    0x22, 0x8C, 0x97, 0xAB, 0x8D, 0xC4, 0x3D, 0x59, 0x08, 0x29, 0xA9, 0xFC, 0x54, 0xB2, 0x6C, 0x00,
    0x75, 0x02, 0x2E, 0xAE, 0x96, 0x79, 0xB2, 0x5F, 0x76, 0xCF, 0x2D, 0xF1, 0xC3, 0xB7, 0xD7, 0xB6,
    0x08, 0x7C, 0x07, 0x4C, 0x61, 0x52, 0xF2, 0x72, 0x5C, 0x95, 0xC8, 0xD2, 0x2B, 0xB5, 0xE3, 0xDA,
    0x4A, 0xF8, 0x21, 0xD3, 0x49, 0x1E, 0x7E, 0x6B, 0x3D, 0x51, 0x44, 0x2B, 0xF5, 0x22, 0x0B, 0x9A,
    0x95, 0x01, 0x15, 0xB1, 0x83, 0xC8, 0x06, 0x7C, 0x7A, 0x49, 0x18, 0xD4, 0xD4, 0xA4, 0x2A, 0x28,
    0xBF, 0xD6, 0x96, 0xD8, 0x0F, 0x80, 0xCA, 0x00, 0x45, 0xEC, 0x97, 0x94, 0x69, 0xFF, 0x46, 0xA1,
    0x4A, 0xC4, 0x28, 0x55, 0x95, 0x98, 0x5C, 0x1A, 0x19, 0x0E, 0xA1, 0x2D, 0x87, 0xCE, 0xD6, 0xBF,
    0x0F, 0x63, 0x7D, 0x48, 0x26, 0x3A, 0x4D, 0x62, 0xBA, 0xD3, 0x24, 0xC6, 0x26, 0x3A, 0x24, 0xBB,
    0x73, 0x32, 0x01, 0x52, 0x78, 0xD0, 0x60, 0xBB, 0x57, 0x19, 0xFA, 0xAD, 0x2A, 0xB1, 0x5B, 0xAA,
    0x18, 0xCF, 0x03, 0xC7, 0x61, 0x63, 0xE0, 0xE1, 0x58, 0x38, 0x1F, 0xE4, 0x6E, 0x05, 0x89, 0x7B,
    0xBD, 0x5C, 0x8F, 0x45, 0x8A, 0x1E, 0xDF, 0xFF, 0x12, 0x4D, 0xA9, 0x74, 0xA5, 0xB0, 0x29, 0x75,
    0x79, 0x84, 0x1E, 0x4B, 0x80, 0x1E, 0xF3, 0x2D, 0x4A, 0x98, 0xFE, 0x6F, 0x34, 0x5E, 0xF1, 0xB4,
    0x40, 0xDD, 0xED, 0x06, 0xA5, 0xF7, 0x1B, 0x54, 0x3F, 0x2F, 0x8D, 0x84, 0x9F, 0x3A, 0x03, 0x79,
    0xC0, 0x0C, 0x22, 0x9D, 0xE1, 0xE9, 0x92, 0x86, 0x8E, 0x71, 0xB2, 0x5F, 0xF2, 0x74, 0xE9, 0x32,
    0xA0, 0x6A, 0xE7, 0xDD, 0x1D, 0x43, 0xB4, 0x81, 0xDA, 0x70, 0x99, 0xCD, 0x32, 0xF7, 0x45, 0x6F,
    0x59, 0x21, 0x86, 0x50, 0xE2, 0xA0, 0xB7, 0xE7, 0xF7, 0xA8, 0x24, 0xFD, 0x7B, 0xE5, 0x6F, 0xE8,
    0x42, 0x38, 0xF2, 0xBC, 0xC6, 0x25, 0xE4, 0xAE, 0xC4, 0x0D, 0x4E, 0x55, 0x96, 0xD4, 0xB5, 0x67,
    0xB9, 0x57, 0x07, 0x9B, 0x9B, 0xAB, 0xB3, 0xCD, 0xE5, 0xE6, 0x78, 0x63, 0xBB, 0xFE, 0x13, 0xDC,
    0x68, 0x99, 0x6F, 0xBF, 0xE8, 0xFA, 0x1C, 0x31, 0xE8, 0xFC, 0x12, 0x4D, 0x6D, 0x7F, 0x00, 0xAD,
    0x93, 0xBD, 0x6E, 0xD4, 0x40, 0x14, 0x85, 0x8F, 0x67, 0x89, 0x5C, 0x8C, 0x64, 0xF7, 0x80, 0xE4,
    0x17, 0x08, 0x71, 0xBB, 0x48, 0x8E, 0xC6, 0x3D, 0x0D, 0x6F, 0x00, 0x0F, 0xB1, 0x05, 0x45, 0x14,
    0x9B, 0x50, 0x22, 0xF1, 0x0A, 0x34, 0x54, 0x54, 0x29, 0x2C, 0xC5, 0x45, 0x58, 0x0F, 0xA2, 0xA0,
    0xA0, 0x60, 0x1E, 0x61, 0xD9, 0x2D, 0x28, 0x40, 0xEC, 0x08, 0xB9, 0x30, 0xCA, 0xDA, 0xC3, 0xF1,
    0x4F, 0x22, 0x11, 0x89, 0x95, 0x90, 0x98, 0xBD, 0x67, 0xF6, 0xB3, 0xEF, 0xF5, 0xDC, 0x9D, 0xF1,
    0x59, 0x1C, 0x20, 0xDC, 0xF7, 0x11, 0xDB, 0xA8, 0x53, 0x6D, 0xB6, 0x53, 0x75, 0x9C, 0xE3, 0x00,
    0xE0, 0xBD, 0x49, 0x29, 0x65, 0x28, 0x4B, 0xED, 0xA8, 0x96, 0x52, 0x14, 0x93, 0xA1, 0x4C, 0x47,
    0xF9, 0xFD, 0x37, 0x46, 0x05, 0x10, 0xDB, 0xFB, 0x88, 0x3A, 0x40, 0xB1, 0x34, 0xE3, 0x23, 0xAA,
    0x06, 0xB8, 0xEA, 0xCD, 0xF0, 0x4A, 0xAA, 0x62, 0xA2, 0x72, 0x3B, 0x84, 0xEE, 0x57, 0x82, 0xB0,
    0x43, 0xD2, 0x77, 0x4A, 0xFA, 0x96, 0xFF, 0x3C, 0xC9, 0x4B, 0xEF, 0x09, 0xB2, 0x86, 0x8B, 0xB8,
    0x46, 0x75, 0x9E, 0xB3, 0x6C, 0xEA, 0x4C, 0xD6, 0x60, 0x09, 0xB5, 0xC2, 0xAD, 0xF1, 0xF7, 0xE6,
    0x27, 0x5C, 0x2A, 0xE6, 0xBD, 0x7B, 0x43, 0xA2, 0xE3, 0x65, 0x97, 0x32, 0x91, 0xFF, 0x87, 0xE6,
    0x4F, 0x81, 0x62, 0x4F, 0xDC, 0x41, 0xE1, 0x70, 0xE1, 0xF4, 0x52, 0xEA, 0x4B, 0x5F, 0x17, 0x8C,
    0x30, 0x2F, 0x62, 0x14, 0xEF, 0x50, 0x59, 0x9C, 0xA6, 0x58, 0x00, 0xFC, 0xD5, 0xA5, 0x30, 0x65,
    0x6C, 0x2A, 0x37, 0xC4, 0xC6, 0x2C, 0x67, 0xA6, 0xBC, 0x15, 0xD2, 0x94, 0xD5, 0x90, 0xBD, 0x32,
    0xD5, 0x0B, 0x53, 0xCC, 0x0C, 0x18, 0x82, 0x2F, 0xCF, 0xE7, 0xE9, 0xCB, 0x51, 0xA9, 0x7C, 0x0E,
    0x2B, 0x5F, 0x53, 0x0E, 0x36, 0xEE, 0xF0, 0xD3, 0xD5, 0x70, 0x2E, 0xF7, 0xDD, 0xB7, 0x5C, 0x75,
    0x32, 0xCF, 0xAC, 0xCC, 0x4F, 0xA9, 0xC7, 0x14, 0x6B, 0xCE, 0xC6, 0xBA, 0x5E, 0x55, 0x8B, 0x2B,
    0x67, 0x3C, 0xD6, 0x46, 0xEE, 0x65, 0x9E, 0x35, 0x63, 0xED, 0x62, 0xA8, 0x13, 0x29, 0x68, 0x8F,
    0x41, 0xFD, 0x9E, 0xBD, 0xB7, 0x9C, 0xEE, 0xBE, 0xE1, 0x14, 0x73, 0x75, 0xC1, 0x47, 0xE0, 0xB5,
    0x0F, 0x97, 0x08, 0xD7, 0x1F, 0x2D, 0x7C, 0x3B, 0x8F, 0xB5, 0x12, 0x9A, 0x87, 0x6C, 0xE7, 0x47,
    0x2B, 0x27, 0xB4, 0xC3, 0x83, 0xF3, 0xF9, 0xE1, 0xC5, 0x27, 0xA1, 0xBF, 0xE6, 0x09, 0x49, 0x3D,
    0x12, 0x7A, 0xA3, 0x9F, 0x91, 0x22, 0x29, 0xF4, 0x5A, 0x9F, 0x93, 0x02, 0xD2, 0x6A, 0xB5, 0x9F,
    0x16, 0x13, 0x7D, 0x31, 0xF3, 0x89, 0xD6, 0x3A, 0x99, 0x68, 0xA3, 0x0F, 0xAF, 0x29, 0x0F, 0x27,
    0xDA, 0x42, 0xDA, 0x91, 0x3A, 0xCC, 0x26, 0xDA, 0xC1, 0x9B, 0x88, 0xA6, 0xAD, 0x07, 0x7A, 0xCF,
    0x6D, 0x25, 0x03, 0x7D, 0xD0, 0xF4, 0xF7, 0x40, 0x9F, 0xB9, 0x37, 0xBF, 0xE9, 0xA9, 0xED, 0xF7,
    0x3B, 0x50, 0xDD, 0xBF, 0xE9, 0x13, 0x12, 0x0F, 0x9D, 0x23, 0x22, 0xF5, 0x7F, 0x1E, 0x16, 0x7E,
    0x0F, 0xE4, 0xF1, 0x68, 0xBE, 0x5D, 0x20, 0xEB, 0xD1, 0x12, 0xC7, 0x81, 0xD4, 0x23, 0x85, 0xAF,
    0xE2, 0xC9, 0x26, 0xE2, 0x47, 0x79, 0xED, 0x98, 0xEA, 0xC6, 0x3B, 0x51, 0xFA, 0xA7, 0x81, 0x7F,
    0x03, 0xA5, 0xCE, 0xB1, 0x0D, 0xC2, 0x30, 0x10, 0x85, 0xE1, 0x47, 0x40, 0x72, 0x91, 0x11, 0x18,
    0x21, 0x45, 0x46, 0x30, 0x3D, 0x43, 0xC1, 0x28, 0xD4, 0x30, 0x44, 0x46, 0x00, 0xD1, 0xD2, 0x50,
    0x30, 0x00, 0x85, 0x0B, 0x0A, 0xF0, 0xCF, 0x73, 0x82, 0x14, 0x24, 0x68, 0x10, 0xD6, 0xE9, 0x93,
    0x4E, 0x77, 0xD6, 0x3D, 0x69, 0x26, 0xBF, 0x9A, 0xE3, 0x5D, 0x8A, 0x9C, 0xB2, 0x04, 0x7B, 0xEC,
    0x65, 0x89, 0x2A, 0x16, 0xE1, 0xA1, 0xA9, 0xDB, 0x4D, 0xAF, 0x5E, 0xCE, 0x81, 0xEC, 0xF5, 0xD1,
    0x86, 0xED, 0x2E, 0x97, 0x69, 0xF8, 0xCF, 0x96, 0xB4, 0xE2, 0x10, 0xB9, 0x75, 0x5C, 0x07, 0xA5,
    0x49, 0x39, 0x59, 0xF9, 0x8C, 0x3C, 0x2E, 0x76, 0xBD, 0xA4, 0x50, 0x12, 0xAE, 0xFD, 0xF1, 0xB3,
    0x6A, 0xB0, 0xF1, 0x4D, 0x27, 0xFC, 0xBA, 0xF9, 0x6B, 0x39, 0x61, 0xCB, 0xD9, 0xD9, 0x22, 0x69,
    0xF0, 0x09, 0x55, 0x92, 0x41, 0x4A, 0xC3, 0x40, 0x14, 0x86, 0xFF, 0x64, 0xD0, 0x0A, 0x91, 0x76,
    0xA3, 0x2E, 0x44, 0x9A, 0xBD, 0x14, 0x7A, 0x81, 0x6A, 0xA2, 0x5E, 0x41, 0xCF, 0xE1, 0x26, 0x4B,
    0x25, 0x39, 0x82, 0x1B, 0x8F, 0x20, 0x48, 0x37, 0xE6, 0x00, 0x4A, 0xE6, 0x08, 0x59, 0xB9, 0x0E,
    0xD8, 0x8D, 0x6E, 0x7C, 0x42, 0x84, 0xB4, 0x94, 0x3E, 0xDF, 0x9B, 0x89, 0x88, 0xC3, 0x24, 0xDF,
    0xCB, 0x30, 0x79, 0xF3, 0xFF, 0x7F, 0x02, 0x00, 0x7B, 0xF0, 0x83, 0x0B, 0xCF, 0xB7, 0xDA, 0x21,
    0xA8, 0xA9, 0x67, 0xF9, 0x8F, 0xA1, 0xF5, 0x34, 0xBF, 0x2C, 0x3C, 0x47, 0xF0, 0xFB, 0x4F, 0xD0,
    0xB8, 0x6D, 0x6D, 0x68, 0xF7, 0x75, 0xD9, 0x86, 0x9F, 0x6C, 0x81, 0x53, 0x98, 0xCD, 0xBD, 0xEC,
    0x20, 0x44, 0x05, 0x4A, 0xE9, 0x26, 0x2F, 0xA0, 0x3C, 0x7E, 0xB2, 0x4A, 0xCA, 0x37, 0x29, 0x06,
    0xAF, 0x15, 0x65, 0xDA, 0x90, 0x79, 0xAD, 0x8C, 0x5A, 0x8C, 0x95, 0xB1, 0xC5, 0x50, 0x99, 0x7B,
    0x86, 0x5F, 0x0D, 0x6E, 0x33, 0x6D, 0xCC, 0xDC, 0x09, 0x77, 0xB0, 0x9A, 0x2B, 0xB5, 0xE5, 0xC4,
    0xD1, 0xE2, 0x48, 0x29, 0x3A, 0xDC, 0x33, 0xF8, 0xFD, 0x39, 0xE7, 0x14, 0x01, 0x33, 0x25, 0xDC,
    0x8A, 0xF0, 0x81, 0x38, 0xCD, 0x53, 0x63, 0x8D, 0x30, 0x5A, 0x9E, 0x7F, 0x47, 0xA9, 0xEC, 0xAA,
    0x98, 0xD9, 0x19, 0xB8, 0x3A, 0x7B, 0x74, 0x7E, 0x2F, 0x7D, 0x1C, 0xA1, 0x1C, 0xE3, 0x8A, 0x7C,
    0x11, 0x54, 0x1A, 0x4D, 0xD8, 0xF9, 0x0B, 0x23, 0x0D, 0x6C, 0xEA, 0x2C, 0xCB, 0x18, 0x58, 0xF4,
    0x09, 0x90, 0x1C, 0xE1, 0x8A, 0x19, 0x5C, 0x67, 0x60, 0xAC, 0x26, 0x7D, 0x48, 0x13, 0xF4, 0xA9,
    0xCD, 0xFA, 0xC2, 0x66, 0x88, 0x0B, 0x4C, 0x53, 0xCD, 0x37, 0xB1, 0x3A, 0x1B, 0x42, 0x52, 0xAB,
    0x5D, 0xA2, 0x7E, 0x85, 0x1A, 0xC4, 0xA9, 0xCE, 0xB2, 0xE9, 0x3F, 0xD6, 0x5F, 0x41, 0x7D, 0x41,
    0x34, 0x5A, 0xA6, 0x38, 0x60, 0x50, 0xB9, 0x7B, 0xC8, 0xBC, 0xBA, 0x40, 0x93, 0x79, 0x85, 0x41,
    0x3D, 0x8B, 0xF8, 0x63, 0x5E, 0x6D, 0x8C, 0x9D, 0x48, 0xB8, 0x12, 0xAF, 0x29, 0x86, 0xD0, 0x82,
    0x22, 0x51, 0x98, 0x74, 0x21, 0xDB, 0xB1, 0xC6, 0xB2, 0x08, 0x5E, 0x44, 0xB3, 0xE8, 0x9F, 0xCA,
    0xBF, 0x20, 0x7D, 0x6F, 0x9C, 0x40, 0xF1, 0x1C, 0xBB, 0x3E, 0xE2, 0xC5, 0xB4, 0x12, 0xCC, 0xDA,
    0xA5, 0x71, 0x87, 0x6B, 0xF7, 0xA3, 0x6C, 0x33, 0x2F, 0xBD, 0x82, 0xAD, 0x07, 0xBD, 0xFF, 0x00,
};

static const EpdGlyph bitter_16_boldGlyphs[] = {
    { 0, 0, 96, 0, 0, 0, 0 }, // U+0020
    { 6, 25, 171, 2, 24, 38, 0 }, // !
    { 11, 10, 231, 2, 26, 28, 38 }, // "
    { 21, 24, 358, 1, 24, 126, 66 }, // #
    { 17, 33, 324, 2, 28, 141, 192 }, // $
    { 27, 25, 463, 1, 24, 169, 333 }, // %
    { 21, 25, 358, 1, 24, 132, 502 }, // &
    { 5, 10, 134, 2, 26, 13, 634 }, // '
    { 10, 35, 169, 1, 30, 88, 647 }, // (
    { 10, 35, 169, 0, 30, 88, 735 }, // )
    { 13, 12, 243, 1, 26, 39, 823 }, // *
    { 17, 17, 291, 1, 20, 73, 862 }, // +
    { 6, 11, 130, 1, 5, 17, 935 }, // ,
    { 11, 4, 238, 2, 12, 11, 952 }, // -
    { 6, 6, 124, 1, 5, 9, 963 }, // .
    { 13, 30, 181, -1, 27, 98, 972 }, // /
    { 20, 21, 347, 1, 20, 105, 1070 }, // 0
    { 15, 20, 235, 0, 20, 75, 1175 }, // 1
    { 17, 20, 309, 1, 20, 85, 1250 }, // 2
    { 17, 25, 292, 0, 20, 107, 1335 }, // 3
    { 20, 24, 320, 0, 20, 120, 1442 }, // 4
    { 17, 25, 283, 0, 20, 107, 1562 }, // 5
    { 19, 25, 320, 1, 24, 119, 1669 }, // 6
    { 18, 25, 288, 0, 20, 113, 1788 }, // 7
    { 18, 25, 320, 1, 24, 113, 1901 }, // 8
    { 19, 25, 320, 0, 20, 119, 2014 }, // 9
    { 6, 17, 124, 1, 16, 26, 2133 }, // :
    { 7, 22, 127, 0, 16, 39, 2159 }, // ;
    { 16, 18, 291, 1, 21, 72, 2198 }, // <
    { 16, 10, 284, 1, 17, 40, 2270 }, // =
    { 16, 16, 288, 1, 20, 64, 2310 }, // >
    { 14, 25, 239, 0, 24, 88, 2374 }, // ?
    { 27, 26, 463, 1, 22, 176, 2462 }, // @
    { 24, 24, 380, 0, 24, 144, 2638 }, // A
    { 20, 24, 345, 1, 24, 120, 2782 }, // B
    { 19, 25, 337, 1, 24, 119, 2902 }, // C
    { 22, 24, 380, 1, 24, 132, 3021 }, // D
    { 18, 24, 325, 1, 24, 108, 3153 }, // E
    { 18, 24, 300, 1, 24, 108, 3261 }, // F
    { 23, 25, 382, 1, 24, 144, 3369 }, // G
    { 25, 24, 420, 1, 24, 150, 3513 }, // H
    { 10, 24, 193, 1, 24, 60, 3663 }, // I
    { 13, 30, 182, -2, 24, 98, 3723 }, // J
    { 23, 24, 383, 1, 24, 138, 3821 }, // K
    { 17, 24, 298, 1, 24, 102, 3959 }, // L
    { 27, 24, 466, 1, 24, 162, 4061 }, // M
    { 24, 24, 412, 1, 24, 144, 4223 }, // N
    { 23, 25, 390, 1, 24, 144, 4367 }, // O
    { 19, 24, 325, 1, 24, 114, 4511 }, // P
    { 27, 31, 394, 1, 24, 210, 4625 }, // Q
    { 21, 24, 356, 1, 24, 126, 4835 }, // R
    { 18, 25, 320, 1, 24, 113, 4961 }, // S
    { 20, 24, 326, 0, 24, 120, 5074 }, // T
    { 25, 25, 396, 0, 24, 157, 5194 }, // U
    { 24, 25, 378, 0, 24, 150, 5351 }, // V
    { 34, 25, 544, 0, 24, 213, 5501 }, // W
    { 24, 24, 379, 0, 24, 144, 5714 }, // X
    { 22, 24, 346, 0, 24, 132, 5858 }, // Y
    { 19, 24, 332, 1, 24, 114, 5990 }, // Z
    { 10, 33, 186, 2, 29, 83, 6104 }, // [
    { 13, 30, 187, -1, 27, 98, 6187 }, // <backslash>
    { 9, 33, 186, 0, 29, 75, 6285 }, // ]
    { 18, 13, 290, 0, 30, 59, 6360 }, // ^
    { 18, 3, 262, -1, -2, 14, 6419 }, // _
    { 10, 8, 185, 1, 28, 20, 6433 }, // `
    { 18, 20, 299, 1, 19, 90, 6453 }, // a
    { 19, 27, 314, 0, 26, 129, 6543 }, // b
    { 17, 20, 275, 0, 19, 85, 6672 }, // c
    { 19, 27, 322, 1, 26, 129, 6757 }, // d
    { 17, 20, 293, 1, 19, 85, 6886 }, // e
    { 15, 27, 199, 0, 27, 102, 6971 }, // f
    { 19, 28, 306, 0, 19, 133, 7073 }, // g
    { 21, 26, 338, 0, 26, 137, 7206 }, // h
    { 11, 26, 170, 0, 26, 72, 7343 }, // i
    { 10, 35, 155, -2, 26, 88, 7415 }, // j
    { 20, 26, 317, 0, 26, 130, 7503 }, // k
    { 10, 26, 165, 0, 26, 65, 7633 }, // l
    { 32, 19, 509, 0, 19, 152, 7698 }, // m
    { 22, 19, 343, 0, 19, 105, 7850 }, // n
    { 18, 20, 308, 1, 19, 90, 7955 }, // o
    { 20, 27, 324, 0, 19, 135, 8045 }, // p
    { 19, 27, 315, 1, 19, 129, 8180 }, // q
    { 16, 19, 251, 0, 19, 76, 8309 }, // r
    { 15, 20, 263, 1, 19, 75, 8385 }, // s
    { 13, 24, 211, 0, 23, 78, 8460 }, // t
    { 21, 19, 337, 0, 18, 100, 8538 }, // u
    { 20, 19, 290, -1, 18, 95, 8638 }, // v
    { 29, 19, 444, -1, 18, 138, 8733 }, // w
    { 19, 18, 303, 0, 18, 86, 8871 }, // x
    { 20, 27, 296, -1, 18, 135, 8957 }, // y
    { 15, 18, 269, 1, 18, 68, 9092 }, // z
    { 12, 33, 193, 0, 29, 99, 9160 }, // {
    { 4, 32, 166, 3, 28, 32, 9259 }, // |
    { 12, 33, 193, 0, 29, 99, 9291 }, // }
    { 18, 6, 314, 1, 15, 27, 9390 }, // ~
    { 0, 0, 96, 0, 0, 0, 0 }, // U+00A0
    { 6, 25, 171, 2, 18, 38, 0 }, // U+00A1
    { 16, 26, 285, 1, 25, 104, 38 }, // U+00A2
    { 19, 24, 348, 1, 24, 114, 142 }, // U+00A3
    { 19, 18, 349, 1, 19, 86, 256 }, // U+00A4
    { 22, 24, 371, 1, 24, 132, 342 }, // U+00A5
    { 4, 32, 166, 3, 28, 32, 474 }, // U+00A6
    { 15, 31, 293, 2, 24, 117, 506 }, // U+00A7
    { 13, 6, 248, 1, 26, 20, 623 }, // U+00A8
    { 26, 25, 458, 1, 24, 163, 643 }, // U+00A9
    { 13, 19, 234, 1, 24, 62, 806 }, // U+00AA
    { 16, 16, 286, 1, 17, 64, 868 }, // U+00AB
    { 17, 11, 316, 1, 14, 47, 932 }, // U+00AC
    { 0, 0, 0, 0, 0, 0, 979 }, // U+00AD
    { 21, 21, 380, 1, 26, 111, 979 }, // U+00AE
    { 11, 4, 228, 2, 26, 11, 1090 }, // U+00AF
    { 12, 11, 235, 1, 25, 33, 1101 }, // U+00B0
    { 17, 21, 309, 1, 22, 90, 1134 }, // U+00B1
    { 12, 15, 196, 0, 27, 45, 1224 }, // U+00B2
    { 12, 16, 199, 0, 27, 48, 1269 }, // U+00B3
    { 11, 8, 186, 1, 28, 22, 1317 }, // U+00B4
    { 21, 26, 351, 0, 18, 137, 1339 }, // U+00B5
    { 21, 30, 343, 0, 24, 158, 1476 }, // U+00B6
    { 6, 6, 124, 1, 14, 9, 1634 }, // U+00B7
    { 9, 9, 172, 1, 0, 21, 1643 }, // U+00B8
    { 10, 15, 157, 0, 27, 38, 1664 }, // U+00B9
    { 14, 19, 252, 1, 24, 67, 1702 }, // U+00BA
    { 16, 16, 286, 1, 17, 64, 1769 }, // U+00BB
    { 30, 25, 478, 0, 24, 188, 1833 }, // U+00BC
    { 30, 25, 491, 0, 24, 188, 2021 }, // U+00BD
    { 31, 25, 497, 0, 24, 194, 2209 }, // U+00BE
    { 14, 26, 234, 0, 19, 91, 2403 }, // U+00BF
    { 24, 32, 380, 0, 32, 192, 2494 }, // U+00C0
    { 24, 32, 380, 0, 32, 192, 2686 }, // U+00C1
    { 24, 32, 380, 0, 32, 192, 2878 }, // U+00C2
    { 24, 31, 380, 0, 31, 186, 3070 }, // U+00C3
    { 24, 31, 380, 0, 31, 186, 3256 }, // U+00C4
    { 24, 33, 380, 0, 33, 198, 3442 }, // U+00C5
    { 30, 24, 502, 0, 24, 180, 3640 }, // U+00C6
    { 19, 33, 337, 1, 24, 157, 3820 }, // U+00C7
    { 18, 32, 325, 1, 32, 144, 3977 }, // U+00C8
    { 18, 32, 325, 1, 32, 144, 4121 }, // U+00C9
    { 18, 32, 325, 1, 32, 144, 4265 }, // U+00CA
    { 18, 31, 325, 1, 31, 140, 4409 }, // U+00CB
    { 10, 32, 193, 1, 32, 80, 4549 }, // U+00CC
    { 10, 32, 193, 1, 32, 80, 4629 }, // U+00CD
    { 14, 32, 193, -1, 32, 112, 4709 }, // U+00CE
    { 13, 31, 193, 0, 31, 101, 4821 }, // U+00CF
    { 22, 24, 380, 1, 24, 132, 4922 }, // U+00D0
    { 24, 31, 412, 1, 31, 186, 5054 }, // U+00D1
    { 23, 33, 390, 1, 32, 190, 5240 }, // U+00D2
    { 23, 33, 390, 1, 32, 190, 5430 }, // U+00D3
    { 23, 33, 390, 1, 32, 190, 5620 }, // U+00D4
    { 23, 32, 390, 1, 31, 184, 5810 }, // U+00D5
    { 23, 32, 390, 1, 31, 184, 5994 }, // U+00D6
    { 15, 15, 266, 1, 19, 57, 6178 }, // U+00D7
    { 23, 30, 392, 1, 27, 173, 6235 }, // U+00D8
    { 25, 33, 396, 0, 32, 207, 6408 }, // U+00D9
    { 25, 33, 396, 0, 32, 207, 6615 }, // U+00DA
    { 25, 33, 396, 0, 32, 207, 6822 }, // U+00DB
    { 25, 32, 396, 0, 31, 200, 7029 }, // U+00DC
    { 22, 32, 346, 0, 32, 176, 7229 }, // U+00DD
    { 19, 24, 319, 1, 24, 114, 7405 }, // U+00DE
    { 23, 28, 372, 0, 27, 161, 7519 }, // U+00DF
    { 18, 29, 299, 1, 28, 131, 7680 }, // U+00E0
    { 18, 29, 299, 1, 28, 131, 7811 }, // U+00E1
    { 18, 29, 299, 1, 28, 131, 7942 }, // U+00E2
    { 18, 28, 299, 1, 27, 126, 8073 }, // U+00E3
    { 18, 27, 299, 1, 26, 122, 8199 }, // U+00E4
    { 18, 30, 299, 1, 29, 135, 8321 }, // U+00E5
    { 27, 20, 456, 1, 19, 135, 8456 }, // U+00E6
    { 17, 28, 275, 0, 19, 119, 8591 }, // U+00E7
    { 17, 29, 293, 1, 28, 124, 8710 }, // U+00E8
    { 17, 29, 293, 1, 28, 124, 8834 }, // U+00E9
    { 17, 29, 293, 1, 28, 124, 8958 }, // U+00EA
    { 17, 27, 293, 1, 26, 115, 9082 }, // U+00EB
    { 11, 28, 170, 0, 28, 77, 9197 }, // U+00EC
    { 11, 28, 170, 0, 28, 77, 9274 }, // U+00ED
    { 12, 28, 170, -1, 28, 84, 9351 }, // U+00EE
    { 12, 26, 170, -1, 26, 78, 9435 }, // U+00EF
    { 19, 28, 310, 0, 27, 133, 9513 }, // U+00F0
    { 22, 27, 343, 0, 27, 149, 9646 }, // U+00F1
    { 18, 29, 308, 1, 28, 131, 9795 }, // U+00F2
    { 18, 29, 308, 1, 28, 131, 9926 }, // U+00F3
    { 18, 29, 308, 1, 28, 131, 10057 }, // U+00F4
    { 18, 28, 308, 1, 27, 126, 10188 }, // U+00F5
    { 18, 27, 308, 1, 26, 122, 10314 }, // U+00F6
    { 16, 19, 284, 1, 21, 76, 10436 }, // U+00F7
    { 18, 26, 310, 1, 22, 117, 10512 }, // U+00F8
    { 21, 29, 337, 0, 28, 153, 10629 }, // U+00F9
    { 21, 29, 337, 0, 28, 153, 10782 }, // U+00FA
    { 21, 29, 337, 0, 28, 153, 10935 }, // U+00FB
    { 21, 27, 337, 0, 26, 142, 11088 }, // U+00FC
    { 20, 37, 296, -1, 28, 185, 11230 }, // U+00FD
    { 19, 34, 316, 0, 26, 162, 11415 }, // U+00FE
    { 20, 35, 296, -1, 26, 175, 11577 }, // U+00FF
    { 0, 0, 293, 0, 0, 0, 0 }, // U+2007
    { 0, 0, 124, 0, 0, 0, 0 }, // U+2008
    { 0, 0, 48, 0, 0, 0, 0 }, // U+2009
    { 0, 0, 53, 0, 0, 0, 0 }, // U+200A
    { 0, 0, 0, 0, 0, 0, 0 }, // U+200B
    { 0, 0, 0, 0, 0, 0, 0 }, // U+200C
    { 0, 0, 0, 0, 0, 0, 0 }, // U+200D
    { 0, 0, 0, 0, 0, 0, 0 }, // U+200E
    { 0, 0, 0, 0, 0, 0, 0 }, // U+200F
    { 12, 4, 231, 1, 12, 12, 0 }, // U+2010
    { 18, 4, 350, 2, 14, 18, 12 }, // U+2012
    { 17, 4, 323, 2, 12, 17, 30 }, // U+2013
    { 25, 5, 456, 2, 12, 32, 47 }, // U+2014
    { 25, 5, 456, 2, 12, 32, 79 }, // U+2015
    { 18, 8, 262, -1, -2, 36, 111 }, // U+2017
    { 7, 11, 120, 0, 27, 20, 147 }, // U+2018
    { 7, 11, 120, 0, 27, 20, 167 }, // U+2019
    { 6, 11, 120, 1, 5, 17, 187 }, // U+201A
    { 7, 11, 120, 0, 27, 20, 204 }, // U+201B
    { 13, 11, 221, 0, 27, 36, 224 }, // U+201C
    { 12, 11, 221, 1, 27, 33, 260 }, // U+201D
    { 12, 11, 221, 1, 5, 33, 293 }, // U+201E
    { 16, 26, 262, 0, 23, 104, 326 }, // U+2020
    { 16, 26, 262, 0, 23, 104, 430 }, // U+2021
    { 12, 12, 226, 1, 16, 36, 534 }, // U+2022
    { 16, 6, 341, 2, 5, 24, 570 }, // U+2025
    { 23, 6, 396, 1, 5, 35, 594 }, // U+2026
    { 0, 0, 0, 0, 0, 0, 629 }, // U+202A
    { 0, 0, 0, 0, 0, 0, 629 }, // U+202B
    { 0, 0, 0, 0, 0, 0, 629 }, // U+202C
    { 0, 0, 0, 0, 0, 0, 629 }, // U+202D
    { 0, 0, 0, 0, 0, 0, 629 }, // U+202E
    { 40, 25, 677, 1, 24, 250, 629 }, // U+2030
    { 6, 10, 161, 2, 26, 15, 879 }, // U+2032
    { 12, 10, 254, 2, 26, 30, 894 }, // U+2033
    { 9, 16, 169, 1, 17, 36, 924 }, // U+2039
    { 9, 16, 169, 1, 17, 36, 960 }, // U+203A
    { 14, 25, 299, 2, 24, 88, 996 }, // U+203C
    { 14, 4, 228, 0, 23, 14, 1084 }, // U+203E
    { 19, 25, 103, -6, 24, 119, 1098 }, // U+2044
    { 0, 0, 0, 0, 0, 0, 1217 }, // U+2060
    { 0, 0, 0, 0, 0, 0, 1217 }, // U+2061
    { 0, 0, 0, 0, 0, 0, 1217 }, // U+2062
    { 0, 0, 0, 0, 0, 0, 1217 }, // U+2063
    { 0, 0, 0, 0, 0, 0, 1217 }, // U+2064
    { 0, 0, 0, 0, 0, 0, 1217 }, // U+2066
    { 0, 0, 0, 0, 0, 0, 1217 }, // U+2067
    { 0, 0, 0, 0, 0, 0, 1217 }, // U+2068
    { 0, 0, 0, 0, 0, 0, 1217 }, // U+2069
    { 0, 0, 0, 0, 0, 0, 1217 }, // U+206A
    { 0, 0, 0, 0, 0, 0, 1217 }, // U+206B
    { 0, 0, 0, 0, 0, 0, 1217 }, // U+206C
    { 0, 0, 0, 0, 0, 0, 1217 }, // U+206D
    { 0, 0, 0, 0, 0, 0, 1217 }, // U+206E
    { 0, 0, 0, 0, 0, 0, 1217 }, // U+206F
    { 20, 33, 355, 1, 28, 165, 0 }, // U+20A1
    { 18, 24, 332, 2, 24, 108, 165 }, // U+20A3
    { 18, 24, 355, 2, 24, 108, 273 }, // U+20A4
    { 26, 24, 467, 2, 24, 156, 381 }, // U+20A6
    { 22, 24, 370, 1, 24, 132, 537 }, // U+20A7
    { 35, 25, 559, 0, 24, 219, 669 }, // U+20A9
    { 20, 31, 366, 1, 26, 155, 888 }, // U+20AB
    { 21, 25, 371, 1, 24, 132, 1043 }, // U+20AC
    { 23, 24, 421, 2, 24, 138, 1175 }, // U+20AD
    { 20, 24, 351, 1, 24, 120, 1313 }, // U+20AE
    { 21, 24, 372, 1, 24, 126, 1433 }, // U+20B1
    { 23, 33, 390, 1, 28, 190, 1559 }, // U+20B2
    { 19, 25, 372, 2, 24, 119, 1749 }, // U+20B4
    { 20, 33, 355, 1, 28, 165, 1868 }, // U+20B5
    { 21, 24, 331, 0, 24, 126, 2033 }, // U+20B8
    { 18, 24, 334, 2, 24, 108, 2159 }, // U+20B9
    { 20, 24, 358, 2, 24, 120, 2267 }, // U+20BA
    { 31, 28, 497, 0, 28, 217, 2387 }, // U+20BC
    { 20, 24, 350, 2, 24, 120, 2604 }, // U+20BD
    { 24, 23, 418, 1, 23, 138, 0 }, // U+2190
    { 23, 24, 372, 0, 24, 138, 138 }, // U+2191
    { 25, 23, 418, 1, 23, 144, 276 }, // U+2192
    { 23, 24, 372, 0, 24, 138, 420 }, // U+2193
    { 34, 23, 571, 1, 23, 196, 558 }, // U+2194
    { 23, 34, 372, 0, 29, 196, 754 }, // U+2195
    { 23, 37, 372, 0, 29, 213, 950 }, // U+21A8
    { 8, 22, 165, 1, 22, 44, 0 }, // U+2669
    { 13, 22, 240, 1, 22, 72, 44 }, // U+266A
    { 19, 25, 342, 1, 23, 119, 116 }, // U+266B
    { 19, 25, 342, 1, 23, 119, 235 }, // U+266C
    { 9, 21, 185, 1, 20, 48, 354 }, // U+266D
    { 10, 21, 190, 1, 14, 53, 402 }, // U+266E
    { 16, 28, 295, 1, 20, 112, 455 }, // U+266F
    { 38, 35, 677, 2, 29, 333, 567 }, // U+2764
    { 22, 27, 355, 0, 27, 149, 0 }, // U+FB01
    { 23, 27, 364, 0, 27, 156, 149 }, // U+FB02
    { 32, 35, 677, 5, 29, 280, 0 }, // U+1F44D
    { 34, 35, 677, 4, 29, 298, 280 }, // U+1F600
};

static const EpdUnicodeInterval bitter_16_boldIntervals[] = {
    { 0x20, 0x7E, 0x0 },
    { 0xA0, 0xFF, 0x5F },
    { 0x2007, 0x2010, 0xBF },
    { 0x2012, 0x2015, 0xC9 },
    { 0x2017, 0x201E, 0xCD },
    { 0x2020, 0x2022, 0xD5 },
    { 0x2025, 0x2026, 0xD8 },
    { 0x202A, 0x202E, 0xDA },
    { 0x2030, 0x2030, 0xDF },
    { 0x2032, 0x2033, 0xE0 },
    { 0x2039, 0x203A, 0xE2 },
    { 0x203C, 0x203C, 0xE4 },
    { 0x203E, 0x203E, 0xE5 },
    { 0x2044, 0x2044, 0xE6 },
    { 0x2060, 0x2064, 0xE7 },
    { 0x2066, 0x206F, 0xEC },
    { 0x20A1, 0x20A1, 0xF6 },
    { 0x20A3, 0x20A4, 0xF7 },
    { 0x20A6, 0x20A7, 0xF9 },
    { 0x20A9, 0x20A9, 0xFB },
    { 0x20AB, 0x20AE, 0xFC },
    { 0x20B1, 0x20B2, 0x100 },
    { 0x20B4, 0x20B5, 0x102 },
    { 0x20B8, 0x20BA, 0x104 },
    { 0x20BC, 0x20BD, 0x107 },
    { 0x2190, 0x2195, 0x109 },
    { 0x21A8, 0x21A8, 0x10F },
    { 0x2669, 0x266F, 0x110 },
    { 0x2764, 0x2764, 0x117 },
    { 0xFB01, 0xFB02, 0x118 },
    { 0x1F44D, 0x1F44D, 0x11A },
    { 0x1F600, 0x1F600, 0x11B },
};

static const EpdFontGroup bitter_16_boldGroups[] = {
    { 0, 4231, 10220, 95, 0 },
    { 4231, 3953, 12714, 96, 95 },
    { 8184, 596, 1301, 55, 191 },
    { 8780, 1195, 2871, 19, 246 },
    { 9975, 472, 1220, 7, 265 },
    { 10447, 466, 970, 8, 272 },
    { 10913, 129, 324, 2, 280 },
    { 11042, 350, 595, 2, 282 },
};

static const EpdKernClassEntry bitter_16_boldKernLeftClasses[] = {
    { 0x0021, 1 }, // !
    { 0x0022, 2 }, // "
    { 0x0024, 3 }, // $
    { 0x0026, 4 }, // &
    { 0x0027, 2 }, // '
    { 0x0028, 5 }, // (
    { 0x002C, 6 }, // ,
    { 0x002D, 7 }, // -
    { 0x002E, 6 }, // .
    { 0x002F, 8 }, // /
    { 0x0030, 9 }, // 0
    { 0x0031, 10 }, // 1
    { 0x0032, 11 }, // 2
    { 0x0033, 12 }, // 3
    { 0x0034, 13 }, // 4
    { 0x0035, 14 }, // 5
    { 0x0036, 15 }, // 6
    { 0x0037, 16 }, // 7
    { 0x0038, 12 }, // 8
    { 0x0039, 17 }, // 9
    { 0x003A, 18 }, // :
    { 0x003B, 18 }, // ;
    { 0x003F, 19 }, // ?
    { 0x0040, 20 }, // @
    { 0x0041, 21 }, // A
    { 0x0042, 12 }, // B
    { 0x0043, 22 }, // C
    { 0x0044, 20 }, // D
    { 0x0045, 23 }, // E
    { 0x0046, 24 }, // F
    { 0x0047, 25 }, // G
    { 0x0048, 26 }, // H
    { 0x0049, 26 }, // I
    { 0x004A, 27 }, // J
    { 0x004B, 28 }, // K
    { 0x004C, 29 }, // L
    { 0x004D, 26 }, // M
    { 0x004E, 26 }, // N
    { 0x004F, 20 }, // O
    { 0x0050, 30 }, // P
    { 0x0051, 31 }, // Q
    { 0x0052, 32 }, // R
    { 0x0053, 3 }, // S
    { 0x0054, 33 }, // T
    { 0x0055, 27 }, // U
    { 0x0056, 34 }, // V
    { 0x0057, 35 }, // W
    { 0x0058, 28 }, // X
    { 0x0059, 36 }, // Y
    { 0x005A, 37 }, // Z
    { 0x005B, 38 }, // [
    { 0x005C, 39 }, // <backslash>
    { 0x005F, 40 }, // _
    { 0x0061, 41 }, // a
    { 0x0062, 42 }, // b
    { 0x0063, 43 }, // c
    { 0x0064, 44 }, // d
    { 0x0065, 45 }, // e
    { 0x0066, 46 }, // f
    { 0x0067, 47 }, // g
    { 0x0068, 41 }, // h
    { 0x0069, 44 }, // i
    { 0x006A, 48 }, // j
    { 0x006B, 49 }, // k
    { 0x006C, 44 }, // l
    { 0x006D, 41 }, // m
    { 0x006E, 41 }, // n
    { 0x006F, 42 }, // o
    { 0x0070, 42 }, // p
    { 0x0071, 50 }, // q
    { 0x0072, 51 }, // r
    { 0x0073, 52 }, // s
    { 0x0074, 53 }, // t
    { 0x0075, 54 }, // u
    { 0x0076, 55 }, // v
    { 0x0077, 55 }, // w
    { 0x0078, 49 }, // x
    { 0x0079, 56 }, // y
    { 0x007A, 57 }, // z
    { 0x007B, 58 }, // {
    { 0x00A1, 1 }, // U+00A1
    { 0x00A2, 43 }, // U+00A2
    { 0x00A3, 59 }, // U+00A3
    { 0x00A5, 36 }, // U+00A5
    { 0x00A7, 3 }, // U+00A7
    { 0x00A9, 20 }, // U+00A9
    { 0x00AB, 60 }, // U+00AB
    { 0x00AE, 42 }, // U+00AE
    { 0x00B2, 61 }, // U+00B2
    { 0x00B5, 54 }, // U+00B5
    { 0x00B7, 7 }, // U+00B7
    { 0x00B9, 62 }, // U+00B9
    { 0x00BB, 63 }, // U+00BB
    { 0x00C0, 21 }, // U+00C0
    { 0x00C1, 21 }, // U+00C1
    { 0x00C2, 21 }, // U+00C2
    { 0x00C3, 21 }, // U+00C3
    { 0x00C4, 21 }, // U+00C4
    { 0x00C5, 21 }, // U+00C5
    { 0x00C6, 23 }, // U+00C6
    { 0x00C7, 22 }, // U+00C7
    { 0x00C8, 23 }, // U+00C8
    { 0x00C9, 23 }, // U+00C9
    { 0x00CA, 23 }, // U+00CA
    { 0x00CB, 23 }, // U+00CB
    { 0x00CC, 26 }, // U+00CC
    { 0x00CD, 26 }, // U+00CD
    { 0x00CE, 26 }, // U+00CE
    { 0x00CF, 64 }, // U+00CF
    { 0x00D0, 20 }, // U+00D0
    { 0x00D1, 26 }, // U+00D1
    { 0x00D2, 20 }, // U+00D2
    { 0x00D3, 20 }, // U+00D3
    { 0x00D4, 20 }, // U+00D4
    { 0x00D5, 20 }, // U+00D5
    { 0x00D6, 20 }, // U+00D6
    { 0x00D8, 20 }, // U+00D8
    { 0x00D9, 27 }, // U+00D9
    { 0x00DA, 27 }, // U+00DA
    { 0x00DB, 27 }, // U+00DB
    { 0x00DC, 27 }, // U+00DC
    { 0x00DD, 36 }, // U+00DD
    { 0x00DE, 30 }, // U+00DE
    { 0x00DF, 65 }, // U+00DF
    { 0x00E0, 41 }, // U+00E0
    { 0x00E1, 41 }, // U+00E1
    { 0x00E2, 41 }, // U+00E2
    { 0x00E3, 41 }, // U+00E3
    { 0x00E4, 41 }, // U+00E4
    { 0x00E5, 41 }, // U+00E5
    { 0x00E6, 45 }, // U+00E6
    { 0x00E7, 66 }, // U+00E7
    { 0x00E8, 45 }, // U+00E8
    { 0x00E9, 45 }, // U+00E9
    { 0x00EA, 45 }, // U+00EA
    { 0x00EB, 67 }, // U+00EB
    { 0x00EC, 68 }, // U+00EC
    { 0x00ED, 69 }, // U+00ED
    { 0x00EE, 70 }, // U+00EE
    { 0x00EF, 71 }, // U+00EF
    { 0x00F0, 42 }, // U+00F0
    { 0x00F1, 41 }, // U+00F1
    { 0x00F2, 42 }, // U+00F2
    { 0x00F3, 42 }, // U+00F3
    { 0x00F4, 42 }, // U+00F4
    { 0x00F5, 42 }, // U+00F5
    { 0x00F6, 42 }, // U+00F6
    { 0x00F8, 42 }, // U+00F8
    { 0x00F9, 54 }, // U+00F9
    { 0x00FA, 54 }, // U+00FA
    { 0x00FB, 54 }, // U+00FB
    { 0x00FC, 54 }, // U+00FC
    { 0x00FD, 55 }, // U+00FD
    { 0x00FE, 42 }, // U+00FE
    { 0x00FF, 55 }, // U+00FF
    { 0x2010, 7 }, // U+2010
    { 0x2013, 7 }, // U+2013
    { 0x2014, 7 }, // U+2014
    { 0x2015, 7 }, // U+2015
    { 0x2017, 40 }, // U+2017
    { 0x2018, 2 }, // U+2018
    { 0x2019, 2 }, // U+2019
    { 0x201A, 6 }, // U+201A
    { 0x201B, 2 }, // U+201B
    { 0x201C, 2 }, // U+201C
    { 0x201D, 2 }, // U+201D
    { 0x201E, 6 }, // U+201E
    { 0x2025, 6 }, // U+2025
    { 0x2026, 6 }, // U+2026
    { 0x2039, 60 }, // U+2039
    { 0x203A, 63 }, // U+203A
    { 0x203C, 1 }, // U+203C
    { 0x20A1, 22 }, // U+20A1
    { 0x20A3, 24 }, // U+20A3
    { 0x20A6, 26 }, // U+20A6
    { 0x20A7, 30 }, // U+20A7
    { 0x20A9, 35 }, // U+20A9
    { 0x20AB, 72 }, // U+20AB
    { 0x20AC, 22 }, // U+20AC
    { 0x20AD, 28 }, // U+20AD
    { 0x20AE, 33 }, // U+20AE
    { 0x20B1, 30 }, // U+20B1
    { 0x20B2, 25 }, // U+20B2
    { 0x20B4, 3 }, // U+20B4
    { 0x20B5, 22 }, // U+20B5
    { 0x20B8, 33 }, // U+20B8
    { 0x20B9, 32 }, // U+20B9
    { 0x20BD, 30 }, // U+20BD
    { 0xFB01, 44 }, // U+FB01
    { 0xFB02, 44 }, // U+FB02
};

static const EpdKernClassEntry bitter_16_boldKernRightClasses[] = {
    { 0x0021, 1 }, // !
    { 0x0022, 2 }, // "
    { 0x0024, 3 }, // $
    { 0x0026, 4 }, // &
    { 0x0027, 2 }, // '
    { 0x0029, 5 }, // )
    { 0x002A, 6 }, // *
    { 0x002C, 7 }, // ,
    { 0x002D, 8 }, // -
    { 0x002E, 7 }, // .
    { 0x002F, 9 }, // /
    { 0x0030, 10 }, // 0
    { 0x0031, 11 }, // 1
    { 0x0032, 12 }, // 2
    { 0x0033, 13 }, // 3
    { 0x0034, 14 }, // 4
    { 0x0035, 15 }, // 5
    { 0x0036, 16 }, // 6
    { 0x0037, 17 }, // 7
    { 0x0038, 4 }, // 8
    { 0x0039, 18 }, // 9
    { 0x003A, 19 }, // :
    { 0x003B, 19 }, // ;
    { 0x003F, 20 }, // ?
    { 0x0040, 21 }, // @
    { 0x0041, 22 }, // A
    { 0x0042, 23 }, // B
    { 0x0043, 21 }, // C
    { 0x0044, 23 }, // D
    { 0x0045, 23 }, // E
    { 0x0046, 23 }, // F
    { 0x0047, 21 }, // G
    { 0x0048, 23 }, // H
    { 0x0049, 23 }, // I
    { 0x004A, 24 }, // J
    { 0x004B, 23 }, // K
    { 0x004C, 23 }, // L
    { 0x004D, 23 }, // M
    { 0x004E, 23 }, // N
    { 0x004F, 21 }, // O
    { 0x0050, 23 }, // P
    { 0x0051, 21 }, // Q
    { 0x0052, 23 }, // R
    { 0x0053, 3 }, // S
    { 0x0054, 25 }, // T
    { 0x0055, 26 }, // U
    { 0x0056, 27 }, // V
    { 0x0057, 27 }, // W
    { 0x0058, 28 }, // X
    { 0x0059, 29 }, // Y
    { 0x005A, 30 }, // Z
    { 0x005C, 31 }, // <backslash>
    { 0x005D, 32 }, // ]
    { 0x005F, 33 }, // _
    { 0x0061, 34 }, // a
    { 0x0062, 35 }, // b
    { 0x0063, 36 }, // c
    { 0x0064, 36 }, // d
    { 0x0065, 36 }, // e
    { 0x0066, 37 }, // f
    { 0x0067, 38 }, // g
    { 0x0068, 39 }, // h
    { 0x0069, 37 }, // i
    { 0x006A, 40 }, // j
    { 0x006B, 39 }, // k
    { 0x006C, 39 }, // l
    { 0x006D, 37 }, // m
    { 0x006E, 37 }, // n
    { 0x006F, 36 }, // o
    { 0x0070, 41 }, // p
    { 0x0071, 36 }, // q
    { 0x0072, 37 }, // r
    { 0x0073, 42 }, // s
    { 0x0074, 43 }, // t
    { 0x0075, 44 }, // u
    { 0x0076, 45 }, // v
    { 0x0077, 45 }, // w
    { 0x0078, 46 }, // x
    { 0x0079, 47 }, // y
    { 0x007A, 48 }, // z
    { 0x007C, 49 }, // |
    { 0x007D, 50 }, // }
    { 0x00A1, 51 }, // U+00A1
    { 0x00A2, 36 }, // U+00A2
    { 0x00A5, 29 }, // U+00A5
    { 0x00A6, 49 }, // U+00A6
    { 0x00A7, 3 }, // U+00A7
    { 0x00A9, 21 }, // U+00A9
    { 0x00AB, 52 }, // U+00AB
    { 0x00AE, 36 }, // U+00AE
    { 0x00B0, 53 }, // U+00B0
    { 0x00B7, 8 }, // U+00B7
    { 0x00BB, 54 }, // U+00BB
    { 0x00BF, 55 }, // U+00BF
    { 0x00C0, 22 }, // U+00C0
    { 0x00C1, 22 }, // U+00C1
    { 0x00C2, 22 }, // U+00C2
    { 0x00C3, 22 }, // U+00C3
    { 0x00C4, 22 }, // U+00C4
    { 0x00C5, 22 }, // U+00C5
    { 0x00C6, 22 }, // U+00C6
    { 0x00C7, 21 }, // U+00C7
    { 0x00C8, 23 }, // U+00C8
    { 0x00C9, 23 }, // U+00C9
    { 0x00CA, 23 }, // U+00CA
    { 0x00CB, 23 }, // U+00CB
    { 0x00CC, 23 }, // U+00CC
    { 0x00CD, 23 }, // U+00CD
    { 0x00CE, 23 }, // U+00CE
    { 0x00CF, 56 }, // U+00CF
    { 0x00D0, 23 }, // U+00D0
    { 0x00D1, 23 }, // U+00D1
    { 0x00D2, 21 }, // U+00D2
    { 0x00D3, 21 }, // U+00D3
    { 0x00D4, 21 }, // U+00D4
    { 0x00D5, 21 }, // U+00D5
    { 0x00D6, 21 }, // U+00D6
    { 0x00D8, 21 }, // U+00D8
    { 0x00D9, 26 }, // U+00D9
    { 0x00DA, 26 }, // U+00DA
    { 0x00DB, 26 }, // U+00DB
    { 0x00DC, 26 }, // U+00DC
    { 0x00DD, 29 }, // U+00DD
    { 0x00DE, 23 }, // U+00DE
    { 0x00DF, 37 }, // U+00DF
    { 0x00E0, 34 }, // U+00E0
    { 0x00E1, 34 }, // U+00E1
    { 0x00E2, 34 }, // U+00E2
    { 0x00E3, 34 }, // U+00E3
    { 0x00E4, 34 }, // U+00E4
    { 0x00E5, 34 }, // U+00E5
    { 0x00E6, 34 }, // U+00E6
    { 0x00E7, 36 }, // U+00E7
    { 0x00E8, 36 }, // U+00E8
    { 0x00E9, 36 }, // U+00E9
    { 0x00EA, 36 }, // U+00EA
    { 0x00EB, 36 }, // U+00EB
    { 0x00EC, 57 }, // U+00EC
    { 0x00ED, 58 }, // U+00ED
    { 0x00EE, 59 }, // U+00EE
    { 0x00EF, 60 }, // U+00EF
    { 0x00F0, 36 }, // U+00F0
    { 0x00F1, 37 }, // U+00F1
    { 0x00F2, 36 }, // U+00F2
    { 0x00F3, 36 }, // U+00F3
    { 0x00F4, 36 }, // U+00F4
    { 0x00F5, 36 }, // U+00F5
    { 0x00F6, 36 }, // U+00F6
    { 0x00F8, 61 }, // U+00F8
    { 0x00F9, 44 }, // U+00F9
    { 0x00FA, 44 }, // U+00FA
    { 0x00FB, 44 }, // U+00FB
    { 0x00FC, 44 }, // U+00FC
    { 0x00FD, 47 }, // U+00FD
    { 0x00FE, 62 }, // U+00FE
    { 0x00FF, 47 }, // U+00FF
    { 0x2010, 8 }, // U+2010
    { 0x2013, 8 }, // U+2013
    { 0x2014, 8 }, // U+2014
    { 0x2015, 8 }, // U+2015
    { 0x2017, 33 }, // U+2017
    { 0x2018, 2 }, // U+2018
    { 0x2019, 2 }, // U+2019
    { 0x201A, 7 }, // U+201A
    { 0x201B, 2 }, // U+201B
    { 0x201C, 2 }, // U+201C
    { 0x201D, 2 }, // U+201D
    { 0x201E, 7 }, // U+201E
    { 0x2025, 7 }, // U+2025
    { 0x2026, 7 }, // U+2026
    { 0x2039, 52 }, // U+2039
    { 0x203A, 54 }, // U+203A
    { 0x203C, 1 }, // U+203C
    { 0x2044, 63 }, // U+2044
    { 0x20A1, 21 }, // U+20A1
    { 0x20A3, 23 }, // U+20A3
    { 0x20A6, 23 }, // U+20A6
    { 0x20A7, 23 }, // U+20A7
    { 0x20A9, 27 }, // U+20A9
    { 0x20AB, 36 }, // U+20AB
    { 0x20AD, 23 }, // U+20AD
    { 0x20AE, 25 }, // U+20AE
    { 0x20B1, 23 }, // U+20B1
    { 0x20B2, 21 }, // U+20B2
    { 0x20B4, 3 }, // U+20B4
    { 0x20B5, 21 }, // U+20B5
    { 0x20B8, 25 }, // U+20B8
    { 0x20BD, 23 }, // U+20BD
    { 0xFB01, 37 }, // U+FB01
    { 0xFB02, 37 }, // U+FB02
};

static const int8_t bitter_16_boldKernMatrix[] = {
       0,    0,    0,    0,    0,    0,    0,    0,    0,    0,    0,    0,    0,    0,    0,    0,    0,    0,    0,    0,    0,   -4,    0,    0,    0,    0,    0,    0,    0,    0,    0,    0,    0,    0,    0,    0,    0,    0,    0,    0,    0,    0,    0,    0,    0,    0,    0,    0,    0,    0,    0,    0,    0,    0,    0,    0,    0,    0,    0,    0,    0,    0,    0,
       0,    0,    0,    0,    0,    0,  -23,    0,    0,    0,    0,    0,    0,    0,    0,    0,    0,    0,    0,    0,   -9,  -52,    4,    0,    8,    0,    4,   -6,    0,    0,    0,    0,    0,  -10,   12,  -12,    0,    0,   12,    0,    0,  -28,    0,    0,    0,    0,    0,    0,    0,    0,    0,    0,    0,    0,    0,    4,    0,    0,    0,    0,  -12,   12,    0,
       0,    0,    0,    0,    0,    0,  -12,    0,    0,    0,   -3,    0,   -2,    0,    0,    0,   -7,    0,    0,    0,    0,  -15,   -6,    0,  -15,    0,  -22,  -28,  -27,   -8,    0,    0,    0,   -9,    0,   -4,  -12,   -4,    0,   -5,  -12,    0,   -4,   -7,  -14,  -16,  -13,    0,    0,    0,    0,    0,    0,    0,    0,   -6,  -12,  -12,  -14,  -18,   -4,    0,    0,
       0,    0,    5,    0,    0,    0,    0,    0,    0,    0,    0,    0,    0,    0,    0,    0,    0,    0,    0,    0,    7,  -17,    0,    0,    0,    0,  -20,  -18,  -22,    0,    0,    0,    0,   -4,   -4,    2,    0,    0,   -4,    0,    0,   -4,    0,   -4,  -11,   -8,   -7,   -4,    0,    0,    0,    0,    0,    0,    0,    0,    0,    0,    0,    0,    2,   -4,    0,
       0,    0,    0,    0,    0,    0,    0,    0,   21,    0,    0,    0,    0,    0,    0,    0,    0,    0,    0,    0,    0,    0,    0,   39,  -12,    0,    0,    0,    0,    0,   14,    0,   20,    0,    0,   -3,    0,   11,    0,   36,    0,    0,    0,    0,    0,    0,    0,    0,    0,    0,    0,    0,    0,    0,    0,    0,    0,    0,    0,    0,   -3,    0,    0,
       0,  -44,    0,    0,    0,    0,    0,    0,    0,  -23,  -11,    2,    0,  -11,    0,  -12,  -30,  -11,    0,    0,  -20,    6,    0,   27,  -39,    0,  -41,   -7,  -41,    0,    0,    0,    0,    0,    0,   -9,    0,    0,    0,    0,    0,    0,    0,    0,  -34,    0,  -38,    0,    0,    0,    0,  -12,    0,    0,    0,    0,    0,    0,    0,    0,   -9,    0,    0,
       0,    0,    0,    0,    0,    0,    0,    0,    0,    0,  -25,   -4,  -12,    4,  -17,    0,  -29,   -9,    0,    0,    0,  -12,    0,    0,  -36,    0,  -27,  -44,    0,    0,    0,    0,    0,    0,    0,    0,    0,    0,    0,    0,    0,    0,    0,    0,   -2,  -29,  -14,    0,    0,    0,    0,    0,    0,  -16,    0,    0,    0,    0,    0,    0,    0,    0,    0,
       0,    0,    0,    0,   14,    0,    0,    0,  -23,    0,    0,    0,    0,    0,    0,    0,    0,    0,    0,    0,   -8,  -20,   -8,    9,   -3,    7,    7,  -14,    7,    0,   21,   14,    0,  -20,   14,  -20,  -20,    0,   14,    0,  -20,    0,    0,    0,    0,  -20,  -17,    0,    0,   14,    0,    0,    0,    0,    0,   -8,  -20,  -20,  -20,  -20,  -20,   14,    0,
       0,    0,    0,    0,    0,    0,  -25,    0,    0,    0,   -4,    0,    0,    0,    0,    0,    0,    0,    0,    0,    0,    0,    0,    0,    0,    0,    0,    0,    0,    0,    0,    0,    0,    0,    0,    0,    0,    0,    0,    0,    0,    0,    0,    0,    0,    0,    0,    0,    0,    0,    0,    0,   -5,    0,    0,    0,    0,    0,    0,    0,    0,    0,    0,
       0,    0,    0,    0,    0,    0,    4,    0,    5,    0,    0,    0,    0,    0,    0,    0,   -5,    0,    0,    0,    0,    0,    0,    0,    0,    0,    0,    0,    0,    0,    0,    0,    0,    0,    0,    0,    0,    0,    0,    0,    0,    0,    0,    0,    0,    0,    0,    0,    0,    0,    0,    0,  -22,    0,    0,    0,    0,    0,    0,    0,    0,    0,    0,
       0,    0,    0,    0,    0,    0,    0,    0,    0,    0,    0,    0,    0,    0,    0,    0,   -3,    0,    0,    0,    0,    0,    0,    0,    0,    0,    0,    0,    0,    0,    0,    0,    0,    0,    0,    0,    0,    0,    0,    0,    0,    0,    0,    0,    0,    0,    0,    0,    0,    0,    0,    0,    0,    0,    0,    0,    0,    0,    0,    0,    0,    0,    0,
       0,   -9,    0,    0,    0,    0,  -20,    0,    0,    0,    0,    0,   -9,    0,    0,    0,    0,    0,    0,   -8,   -5,  -18,  -12,    0,  -20,    0,  -28,  -26,  -24,  -14,    0,    0,    0,   -6,   -4,   -3,   -8,   -4,   -4,   -4,   -8,   -4,   -3,   -4,   -9,  -18,  -12,   -8,    0,    0,    0,    0,    0,    0,    0,  -12,   -8,   -8,   -8,   -8,   -3,   -4,    0,
       0,    0,    0,    0,    0,    0,    0,    5,    0,    0,    0,    0,    0,    5,    0,    0,   -6,    0,   14,    0,    0,    0,    0,    0,    0,    0,    0,    0,    0,    0,    0,    0,    0,    0,    0,    0,    0,    0,    0,    0,    0,    0,    0,    0,    0,    0,    0,    0,    0,    0,    0,    0,  -21,    0,    0,    0,    0,    0,    0,    0,    0,    0,    0,
       0,    0,    0,    0,    0,    0,   -8,    0,    0,    0,   -7,   -7,  -14,    0,    0,    0,  -11,   -5,    0,    0,    0,    0,    0,    0,    0,    0,    0,    0,    0,    0,    0,    0,    0,    0,    0,    0,    0,    0,    0,    0,    0,    0,    0,    0,    0,    0,    0,    0,    0,    0,    0,    0,   -5,    0,    0,    0,    0,    0,    0,    0,    0,    0,    0,
       0,    0,    0,    0,    0,    0,    0,    0,    0,    0,   -7,   -5,   -4,    4,   -9,    0,   -8,    0,    0,    0,    0,    0,    0,    0,    0,    0,    0,    0,    0,    0,    0,    0,    0,    0,    0,    0,    0,    0,    0,    0,    0,    0,    0,    0,    0,    0,    0,    0,    0,    0,    0,    0,  -17,    0,    0,    0,    0,    0,    0,    0,    0,    0,    0,
       0,    0,    0,   -7,    0,    0,  -52,  -24,    0,   -9,    7,   -2,   -8,   -7,   -7,   -6,    4,   -4,    0,    0,    0,    0,    0,    0,    0,    0,    0,    0,    0,    0,    0,    0,    0,    0,    0,    0,    0,    0,    0,    0,    0,    0,    0,    0,    0,    0,    0,    0,    0,    0,    0,    0,   17,    0,    0,    0,    0,    0,    0,    0,    0,    0,    0,
       0,    0,    0,    0,    0,    0,  -28,    0,    0,    0,    0,    0,  -11,    0,    0,    0,   -8,    0,    0,    0,    0,    0,    0,    0,    0,    0,    0,    0,    0,    0,    0,    0,    0,    0,    0,    0,    0,    0,    0,    0,    0,    0,    0,    0,    0,    0,    0,    0,    0,    0,    0,    0,   -4,    0,    0,    0,    0,    0,    0,    0,    0,    0,    0,
       0,    0,    0,    0,    0,    0,    0,    0,    0,    0,    0,    0,    0,    0,    0,    0,    0,    0,    0,    0,    0,    0,    0,    7,   -7,    0,  -16,    0,  -16,    0,    0,    0,    0,    0,    0,    0,    0,    0,    0,    0,    0,    0,    0,    0,   -4,    0,    0,    0,    0,    0,    0,    0,    0,    0,    0,    0,    0,    0,    0,    0,    0,    0,    0,
       0,    0,    0,    0,    0,    0,    0,    0,    0,    0,    0,    0,    0,    0,    0,    0,    0,    0,    0,    0,    0,    0,    4,    0,    7,    0,    0,    0,    0,    0,    0,    0,    0,    0,    0,    0,    0,    0,    0,    0,    0,    0,    0,    0,    0,    0,    0,    0,    0,    0,    0,    0,    0,    0,  -18,    4,    0,    0,    0,    0,    0,    0,    0,
       0,   -9,   -3,    0,    0,    0,  -20,    0,    2,    0,    0,    0,  -22,    0,    0,    0,    0,    0,    0,   -5,    0,  -12,    0,    0,  -12,    0,  -22,  -23,  -16,  -13,    0,    0,    0,  -10,   -2,   -2,   -7,   -4,   -2,    3,   -7,   -2,   -2,   -3,   -4,   -9,   -4,    0,    0,    0,    0,    0,    0,    0,    0,    0,   -7,   -7,   -7,   -7,   -2,   -2,    0,
      -4,  -52,  -11,    0,    0,    0,    6,  -12,    5,    0,    0,    0,    0,    0,    0,    0,    0,    0,    0,  -24,  -12,    4,  -11,   -7,  -42,  -26,  -45,   -4,  -37,   -4,    0,   11,    0,   -6,   -1,   -8,   -5,  -10,   -1,   -5,   -5,   -4,  -12,  -13,  -20,    5,  -22,   -9,    0,    5,   -4,    0,    0,    0,    0,  -11,   -5,   -5,   -5,   -5,   -8,   -1,    0,
       0,    4,    0,   -3,    0,    0,   -5,  -19,    0,    0,   -3,   -3,   -4,    0,   -4,    0,   -4,   -9,    0,    0,  -12,  -10,    0,   -6,  -10,    0,   -9,  -14,  -10,    0,    0,    0,    0,  -10,  -11,  -12,  -11,  -13,  -11,   -9,  -11,   -7,   -6,  -11,   -7,  -10,   -9,  -10,    0,    0,    0,    0,    0,    0,    0,    0,  -11,  -11,   -9,  -11,  -12,  -11,    0,
       0,    0,    0,    0,    0,    0,    0,   -7,   -2,    0,    0,    0,    0,    0,    0,    0,    0,    0,    0,    0,  -12,   -4,    0,    0,  -20,    0,  -14,  -19,   -8,    0,    0,    0,    0,   -9,    0,   -9,   -5,   -9,    0,   -9,   -5,   -9,   -8,   -8,  -15,  -12,  -12,   -7,    0,    0,    0,    0,    0,    0,    0,    0,   -5,   -5,    0,   -5,   -9,    0,    0,
       0,    0,   -3,    0,    0,    0,  -60,    0,  -18,    0,    0,    0,    0,    0,    0,    0,    0,    0,  -20,    0,  -11,  -36,  -11,   -2,    0,    0,   -5,  -12,   -5,  -12,    0,    0,    0,  -15,    0,  -22,   -6,  -17,    0,   -3,   -6,  -17,   -4,   -4,    0,  -10,   -1,  -10,    0,    0,    0,    0,    0,    0,    0,  -11,   -6,   -6,   -7,    2,  -22,    0,    0,
       0,    0,    0,    0,    0,    0,    0,    0,    0,    0,    0,    0,    0,    0,    0,    0,    0,    0,    0,    0,    0,   -3,    0,    0,    0,    0,  -20,  -18,  -22,    0,    0,    0,    0,   -4,   -4,    2,    0,    0,   -4,    0,    0,   -4,    0,   -4,  -11,   -8,   -7,   -4,    0,    0,    0,    0,    0,    0,    0,    0,    0,    0,    0,    0,    2,   -4,    0,
       0,    4,   -9,    0,    0,    0,    0,    0,    5,    0,    0,    0,    0,    0,    0,    0,    0,    0,    0,    0,    0,  -11,    0,    0,  -10,   -4,   -8,  -13,   -6,   -7,    0,    0,    0,   -7,    0,   -4,    0,   -7,    0,   -4,    0,   -7,    0,    0,  -10,  -13,  -12,    0,    0,    0,    0,    0,    0,    0,    0,    0,    0,    0,   11,   12,   -4,    0,    0,
       0,    0,    0,    0,    0,    0,    0,    0,    0,    0,    0,    0,    0,    0,    0,    0,    0,    0,    0,    0,    0,  -26,   -4,    0,   -2,    0,   -2,  -15,    0,  -11,    0,    0,    0,  -10,    4,   -6,    0,  -10,    4,   -2,    0,  -10,   -5,   -6,  -12,  -17,  -12,  -10,    0,    0,    0,    0,    0,    0,    0,   -4,    0,    0,   14,   12,   -6,    4,    0,
      -5,   -6,   -8,    0,    0,    0,   -8,  -44,    1,    0,    0,    0,    0,    0,    0,    0,    0,    0,    0,   -7,  -23,   -4,  -13,   -5,  -15,  -18,  -10,   -5,  -11,  -12,    0,    0,    0,  -14,    0,  -17,   -4,  -15,    0,   -9,   -4,  -15,  -14,  -15,  -18,    0,  -24,   -2,    0,    0,    0,    0,    0,    0,    0,  -13,   -4,   -4,   -2,   -2,  -17,    0,    0,
       0,    0,  -18,    0,    0,    0,    0,    0,    0,    0,    0,    0,    0,    0,    0,    0,    0,    0,    0,    0,  -14,   -3,    0,   -4,  -36,  -20,  -42,   -5,  -47,   -4,    0,    0,    0,   -4,    0,   -4,   -4,   -4,    0,    0,   -4,   -4,  -12,   -8,  -21,   -4,  -25,    0,    0,    0,    0,    0,    0,    0,    0,    0,   -4,   -4,   -4,   -4,   -4,    0,    0,
       0,    4,   -4,    0,    0,    0,  -78,  -14,  -16,    0,    0,    0,    0,    0,    0,    0,    0,    0,    0,   -7,   -3,  -29,  -11,   -4,   -4,   -7,  -14,  -19,  -12,  -10,    0,   -5,    0,  -11,   -4,   -4,   -3,   -6,   -4,   -4,   -3,   -4,   -4,   -4,    1,   -5,    0,   -8,    0,   -5,    0,    0,    0,    0,    0,  -11,   -3,   -3,   -3,   -3,   -4,   -4,    0,
       0,   -9,   -3,    0,   39,    0,  -37,    0,   44,    0,    0,    0,  -22,    0,    0,    0,    0,    0,   39,   -5,    0,  -12,    0,   78,  -12,    0,  -22,  -23,  -16,  -13,    0,   37,   50,  -10,   -3,   -3,    0,   25,   -3,   66,    0,   -2,   -2,   -3,   -4,   -9,   34,    0,   18,   37,    0,    0,    0,    0,    0,    0,    0,    0,    0,    0,   14,   39,    0,
       0,    0,    0,    0,    0,    0,    0,    0,    0,    0,    0,    0,    0,    0,    0,    0,    0,    0,    0,    0,  -10,   -4,    0,    0,  -12,   -8,  -25,   -9,  -27,   -4,    0,    0,    0,   -4,    0,  -10,   -4,   -4,    0,   -2,   -4,    0,   -7,   -7,  -12,   -4,  -11,    0,    0,    0,    0,    0,    0,    0,    0,    0,   -4,   -4,   -4,   -4,  -10,    0,    0,
       0,    8,  -12,    0,    0,    0,  -43,  -36,  -16,    0,    0,    0,    0,    0,    0,    0,    0,    0,  -16,   -4,  -12,  -42,  -10,   -4,   -4,   -3,   -4,  -14,   -5,  -14,    0,    0,    0,  -20,   -4,  -21,   -6,  -25,   -4,   -4,   -6,  -22,   -4,   -5,   -2,  -12,    1,  -15,    0,    0,    0,    0,    0,    0,    0,  -10,   -6,   -6,   -1,    0,  -21,   -4,    0,
      -9,    4,  -23,  -14,    0,    0,  -57,  -27,  -24,    0,    0,    0,  -13,    0,    0,    0,    0,    0,  -18,    0,  -37,  -45,   -8,   -4,   -4,   -2,    4,   -8,    4,  -17,    0,   -4,    0,  -37,    1,  -36,  -19,  -34,    1,  -17,  -19,  -34,  -15,  -22,  -15,  -33,  -28,  -38,    0,   -4,    0,    0,    0,    0,    0,   -8,  -19,  -30,  -15,    2,  -36,    1,    0,
      -9,    4,  -23,  -14,    0,    0,  -57,  -27,  -24,    0,    0,    0,  -13,    0,    0,    0,    0,    0,  -18,    0,  -19,  -45,   -8,   -4,   -4,   -2,    4,   -8,    4,  -17,    0,   -4,    0,  -37,    1,  -36,  -19,  -34,    1,  -17,  -19,  -34,  -15,  -22,  -15,  -33,  -28,  -38,    0,   -4,    0,    0,    0,    0,    0,   -8,  -19,  -30,  -15,    2,  -36,    1,    0,
       0,    0,  -18,    0,    0,    0,  -59,    0,    0,    0,    0,    0,  -13,    0,   -7,    0,   -4,    0,  -21,    0,  -18,  -37,   -6,   -3,   -1,   -2,    4,   -9,    4,   -8,    0,   -4,    0,  -37,    9,  -32,  -21,  -29,    4,  -11,  -21,  -28,  -12,  -20,  -24,  -30,  -20,  -23,    0,   -4,    0,    0,    0,    0,    0,   -6,  -21,  -30,  -16,    4,  -32,    4,    0,
       0,    0,  -11,    0,    0,    0,    0,    0,    0,    0,    0,    0,    0,    0,    0,    0,    0,    0,    0,    0,  -12,   -9,   -6,    0,  -10,   -8,  -12,  -13,  -12,    0,    0,    0,    0,    0,    0,   -3,   -3,   -4,    0,    0,   -3,   -4,  -10,  -10,  -12,   -5,  -15,    0,    0,    0,    0,    0,    0,    0,    0,   -6,   -3,   -3,    0,    0,   -3,    0,    0,
       0,    0,    0,    0,    0,    0,    0,    0,   36,    0,    0,    0,    0,    0,    0,    0,    0,    0,    0,    0,    0,   14,    0,   32,  -26,    0,   -4,    0,   -4,    0,   27,    0,   34,    0,   16,    0,    0,   14,   16,   52,    0,    0,    0,    0,    0,    0,    0,    0,    0,    0,    0,    0,    0,    0,    0,    0,    0,    0,    0,    0,    0,   16,    0,
       0,    0,    0,    0,   14,    0,    0,    0,   21,    0,    0,    0,    0,    0,    0,    0,    0,    0,    0,    0,    0,    0,    0,   36,    0,    0,    0,    0,    0,    0,    0,   14,   14,    0,    0,    0,    0,    0,    0,    0,    0,    0,    0,    0,    0,    0,    0,    0,    0,    0,    0,    0,    0,    0,    0,    0,    0,    0,    0,    0,    0,    0,    0,
       0,    0,    0,    0,   14,    0,    0,    0,   21,    0,    0,    0,    0,    0,    0,    0,    0,    0,    0,    0,    0,    0,    0,   34,    0,    0,    0,    0,    0,    0,    0,   12,    0,    0,    0,    0,    7,   14,    0,   30,    7,    0,    0,    0,    0,    0,    0,    0,    0,   12,    0,    0,    0,    0,    0,    0,    7,    7,    7,    7,    0,    0,    0,
      -3,  -28,    0,    0,    0,    0,    7,    0,   11,    0,    0,    0,    0,    0,    0,    0,    0,    0,    0,   -8,    0,    0,    0,    0,    0,    0,    0,    0,    0,    0,    0,    0,    0,    0,    0,    0,    0,    0,    0,    0,    0,    0,    0,    0,  -13,    0,  -16,    0,    0,    0,    0,    0,    0,    0,    0,    0,    0,    0,    0,    0,    0,    0,    0,
       0,  -24,    0,    0,    0,    0,  -10,    0,    6,    0,    0,    0,    0,    0,    0,    0,    0,    0,    0,   -4,   -2,    0,    0,    0,    0,    0,    0,    0,    0,    0,    0,    0,    0,    0,    0,    0,    0,    0,    0,   -1,    0,    0,    0,    0,   -7,  -16,   -8,    0,    0,    0,    0,    0,    0,    0,    0,    0,    0,    0,    0,    0,    0,    0,    0,
       0,    3,    0,    0,    0,    0,    0,  -12,    0,    0,    0,    0,    0,    0,    0,    0,    0,    0,    0,   -7,    0,    0,    0,    0,    0,    0,    0,    0,    0,    0,    0,    0,    0,   -9,   -4,   -9,   -6,   -9,   -4,   -4,   -6,    0,   -6,   -7,   -9,   -4,   -4,    0,    0,    0,    0,    0,    0,    0,    0,    0,   -6,   -6,   -6,   -6,   -9,   -4,    0,
       0,  -12,    0,    0,    0,    0,    0,   -4,   14,    0,    0,    0,    0,    0,    0,    0,    0,    0,    0,    0,   -4,    0,    0,    0,    0,    0,    0,    0,    0,    0,    0,   14,    0,   -4,    0,    0,    0,    0,    0,    4,    0,    0,    0,    0,   -9,   -5,   -8,    0,    0,    7,    0,    0,    0,    0,    0,    0,    0,    0,    0,    9,    0,    0,    0,
       0,    0,    0,    0,    0,    0,    0,    0,    0,    0,    0,    0,    0,    0,    0,    0,    0,    0,    0,    0,    0,    0,    0,    0,    0,    0,    0,    0,    0,    0,    0,    0,    0,    0,    0,    0,    0,    0,    0,   -4,    0,    0,    0,    0,   -7,  -14,  -10,    0,    0,    0,    0,    0,    0,    0,    0,    0,    0,    0,    0,    0,    0,    0,    0,
      30,   23,    0,    0,   62,   37,  -16,  -12,    0,    0,    0,    0,    0,    0,    0,    0,    0,    0,    0,   20,    0,    0,    0,    0,    0,    0,    0,    0,    0,    0,   39,   87,    0,   -4,   29,   -5,    4,   -2,   29,   10,    4,    0,    5,    4,    5,   -7,    4,    0,    0,   50,    0,    0,    0,    0,    0,    0,   14,   14,   20,   29,   -5,   29,    0,
       0,    0,    0,    0,    0,    0,    0,    0,   14,    0,    0,    0,    0,    0,    0,    0,    0,    0,    0,    0,    0,    0,    0,    0,    0,    0,    0,    0,    0,    0,    0,   14,   14,   -7,   -4,   -9,   -4,    7,   -4,   28,   -4,   -5,   -2,    0,   -2,   -9,   -3,    0,    0,    5,    0,    0,    0,    0,    0,    0,   -4,   -4,   -4,   -4,   -9,   -4,    0,
       0,    0,    0,    0,    0,    0,    0,    0,    7,    0,    0,    0,    0,    0,    0,    0,    0,    0,    0,    0,    0,    0,    0,    0,    0,    0,    0,    0,    0,    0,    0,    0,    0,    0,    0,    0,    0,    0,    0,   14,    0,    0,    0,    0,  -10,  -12,   -7,   -7,    0,    0,    0,    0,    0,    0,    0,    0,    0,    0,    0,    4,    0,    0,    0,
      -4,    0,    0,    0,    0,    0,    0,  -29,    9,    0,    0,    0,    0,    0,    0,    0,    0,    0,    0,  -10,   -9,    0,    0,    0,    0,    0,    0,    0,    0,    0,    0,    0,    0,  -12,   -4,  -16,   -7,  -13,   -4,   -8,   -7,  -11,   -4,   -6,   -4,   -2,   -2,   -8,    0,    0,    0,    0,    0,    0,    0,    0,   -7,   -7,   -7,   -7,  -16,   -4,    0,
       0,    0,    0,    0,    0,    0,    0,    0,    0,    0,    0,    0,    0,    0,    0,    0,    0,    0,    5,    0,    0,    0,    0,    0,    0,    0,    0,    0,    0,    0,    0,    0,   21,    0,    0,    0,    4,   11,    0,   52,   12,    0,    0,    0,  -11,  -12,    2,    0,    0,    0,    0,    0,    0,    0,    0,    0,    4,    4,    4,    4,    0,   14,    0,
      -2,    0,    0,    0,   -2,    0,  -39,    0,  -12,    0,    0,    0,    0,    0,    0,    0,    0,    0,    0,   -2,    0,    0,    0,    0,    0,    0,    0,    0,    0,    0,    0,   -9,    0,  -15,   -9,   -9,   -4,   -8,   -9,    2,   -4,   -6,    0,    0,    7,   -4,    9,    0,    0,   -9,    0,    0,    0,    0,    0,    0,   -4,   -4,   -4,   -4,   -9,   -9,    0,
       0,  -22,    0,    0,    0,    0,   -5,    0,    0,    0,    0,    0,    0,    0,    0,    0,    0,    0,    0,    0,    0,    0,    0,    0,    0,    0,    0,    0,    0,    0,    0,    0,    0,    0,    0,    0,    0,    0,    0,    0,    0,    0,    0,    0,   -7,  -13,   -8,    0,    0,    0,    0,    0,    0,    0,    0,    0,    0,    0,    0,    0,    0,    0,    0,
       0,    0,    0,    0,    0,    0,    0,    0,    0,    0,    0,    0,    0,    0,    0,    0,    0,    0,    0,    0,    0,    0,    0,    0,    0,    0,    0,    0,    0,    0,    0,    0,    0,   -5,   -3,   -9,    0,   -6,   -3,   -2,    0,   -5,    0,    0,   -5,   -4,   -3,    0,    0,    0,    0,    0,    0,    0,    0,    0,    0,    0,    0,    0,   -9,   -3,    0,
       0,    0,    0,    0,    0,    0,    0,    0,   12,    0,    0,    0,    0,    0,    0,    0,    0,    0,    0,    0,    0,    0,    0,    0,    0,    0,    0,    0,    0,    0,    0,    0,    0,    0,    0,    0,    0,    0,    0,    0,    0,    0,    0,    0,   -9,   -2,   -9,   -5,    0,    0,    0,    0,    0,    0,    0,    0,    0,    0,    0,    0,    0,    0,    0,
       0,    0,    0,    0,    0,    0,  -37,   -9,    0,    0,    0,    0,    0,    0,    0,    0,    0,    0,   -5,    0,   -4,    0,    0,    0,    0,    0,    0,    0,    0,    0,    0,    0,    0,  -11,    0,   -7,   -2,   -8,    0,    0,   -2,  -12,   11,    6,   11,   -2,   11,   -6,    0,    0,    0,    0,    0,    0,    0,    0,   -2,   -2,   -2,   -2,   -7,    0,    0,
       0,    0,    0,    0,    0,    0,  -37,   -9,    0,    0,    0,    0,    0,    0,    0,    0,    0,    0,   -5,    0,   -4,    0,    0,    0,    0,    0,    0,    0,    0,    0,    0,    0,    0,  -11,    0,  -17,   -2,   -8,    0,    0,   -2,  -12,   11,    6,   11,   -2,   11,   -6,    0,    0,    0,    0,    0,    0,    0,    0,   -2,   -2,   -2,   -2,  -17,    0,    0,
       0,    0,    0,    0,    0,    0,    0,    0,    0,    0,    0,    0,    0,    0,    0,    0,    0,    0,    0,    0,    0,    0,    0,    0,    0,    0,    0,    0,    0,    0,    0,    0,    0,    0,   -4,    0,    0,    0,   -4,    0,    0,   -5,    0,    0,   -9,   -9,   -8,    0,    0,    0,    0,    0,    0,    0,    0,    0,    0,    0,    0,    0,    0,   -4,    0,
       0,    0,    0,    0,    0,    0,    0,    0,   21,    0,    0,    0,    0,    0,    0,    0,    0,    0,    0,    0,    0,    5,    0,   32,   -4,    0,   -4,    0,   -4,    0,   14,    0,   16,    0,    7,    0,    0,    7,    7,   25,    0,    0,    0,    0,    0,    0,    0,    0,    0,    0,    0,    0,    0,    0,    0,    0,    0,    0,    0,    0,    0,    7,    0,
       0,    0,    0,    0,    0,    0,    0,    0,    0,    0,    0,   -3,    0,    0,    0,    0,   -4,    0,    0,    0,    0,    0,    0,    0,    0,    0,    0,    0,    0,    0,    0,    0,    0,    0,    0,    0,    0,    0,    0,    0,    0,    0,    0,    0,    0,    0,    0,    0,    0,    0,    0,    0,    0,    0,    0,    0,    0,    0,    0,    0,    0,    0,    0,
       0,    0,    0,    0,    0,    0,    0,  -16,    0,    0,    0,    0,    0,    0,    0,    0,    0,    0,    0,    0,    0,    0,    0,    0,    0,    0,    0,    0,    0,    0,    0,    0,    0,    0,    0,    0,    0,    0,    0,    0,    0,    0,    0,    0,    0,    0,    0,    0,    0,    0,    0,    0,    0,    0,    0,    0,    0,    0,    0,    0,    0,    0,    0,
       0,    0,    0,    0,    0,    0,    0,    0,    0,    0,    0,    0,    0,    0,    0,    0,    0,    0,    0,    0,    0,    0,    0,    0,    0,    0,    0,    0,    0,    0,    0,    0,    0,    0,    0,    0,    0,    0,    0,    0,    0,    0,    0,    0,    0,    0,    0,    0,    0,    0,    0,    0,    0,    0,    0,    0,    0,    0,    0,    0,    0,    0,    2,
       0,    0,    0,    0,    0,    0,    0,    0,    0,    0,    0,    0,    0,    0,    0,    0,    0,    0,    0,    0,    0,    0,    0,    0,    0,    0,    0,    0,    0,    0,    0,    0,    0,    0,    0,    0,    0,    0,    0,    0,    0,    0,    0,    0,    0,    0,    0,    0,    0,    0,    0,    0,    0,    0,    0,    0,    0,    0,    0,    0,    0,    0,   14,
       0,    0,    0,    0,    0,    0,  -12,    0,    0,    0,    0,    0,    0,    0,    0,    0,    0,    0,    0,    0,    0,    0,    0,    0,    0,    0,    0,    0,    0,    0,    0,    0,    0,    0,    0,    0,    0,    0,    0,    0,    0,    0,    0,    0,    0,    0,    0,    0,    0,    0,    0,    0,    0,    0,    0,    0,    0,    0,    0,    0,    0,    0,    0,
       0,    4,   -9,    0,    0,    0,    0,    0,    5,    0,    0,    0,    0,    0,    0,    0,    0,    0,    0,    0,    0,  -11,    0,    7,  -10,   -4,   -8,  -13,   -6,   -7,   20,    0,    0,   -7,    0,   -4,    0,   -7,    0,   -4,    0,   -7,    0,    0,  -10,  -13,  -12,    0,    0,    0,    0,    0,    0,    0,    0,   14,    0,    0,   11,   12,   -4,    0,    0,
       0,    0,    0,    0,    0,    0,    0,    0,    0,    0,    0,    0,    0,    0,    0,    0,    0,    0,    0,    0,    0,    0,    0,    0,    0,    0,    0,    0,    0,    0,    0,    0,    0,    0,   -6,   -3,   -9,   -7,   -6,   -5,   -9,   -6,  -10,   -3,  -14,   -9,  -19,   -7,    0,    0,    0,    0,    0,    0,    0,    0,   -9,   -9,   -9,   -9,   -3,   -6,    0,
       0,    3,    0,    0,    0,    0,    0,  -12,    0,    0,    0,    0,    0,    0,    0,    0,    0,    0,    0,   -7,    0,    0,    0,    0,    0,    0,    0,    0,    0,    0,    0,    0,    0,   -9,   -4,   -9,   -6,   -9,   -4,   -2,   -6,    0,   -6,   -7,   -9,   -4,   -4,    0,    0,    0,    0,    0,    0,    0,    0,    0,   -6,   -6,   -6,   -6,   -9,   -4,    0,
       0,    0,    0,    0,    0,    0,    0,    0,    0,    0,    0,    0,    0,    0,    0,    0,    0,    0,    0,    0,    0,    0,    0,    0,    0,    0,    0,    0,    0,    0,    0,    0,    0,    0,    0,    0,    0,    0,    0,   -9,    0,    0,    0,    0,   -7,  -14,  -10,    0,    0,    0,    0,    0,    0,    0,    0,    0,    0,    0,    0,    0,    0,    0,    0,
       0,  -12,    0,    0,    0,    0,    0,   -4,   14,    0,    0,    0,    0,    0,    0,    0,    0,    0,    0,    0,   -4,    0,    0,    0,    0,    0,    0,    0,    0,    0,    0,   14,    0,   -4,    7,    0,    0,    0,    7,    4,    0,    0,    0,    0,   -9,   -5,   -8,    0,    0,    7,    0,    0,    0,    0,    0,    0,    0,    0,   20,   21,    0,    7,    0,
       0,  -12,    0,    0,    0,    0,    0,   -4,   14,    0,    0,    0,    0,    0,    0,    0,    0,    0,    0,    0,   -4,    0,    0,    0,    0,    0,    0,    0,    0,    0,    0,   14,    0,   -4,   12,    0,    0,    0,   12,    4,    0,    0,    0,    0,   -9,   -5,   -8,    0,    0,    7,    0,    0,    0,    0,    0,    0,    7,    0,    7,   23,    0,   12,    0,
       0,  -12,    0,    0,    0,    0,    0,   -4,   14,    0,    0,    0,    0,    0,    0,    0,    0,    0,    0,    0,   -4,    0,    0,    0,    0,    0,    0,    0,    0,    0,    0,   14,    0,   -4,   11,    0,    0,    0,   11,    4,    0,    0,    0,    0,   -9,   -5,   -8,    0,    0,    7,    0,    0,    0,    0,    0,    0,    0,   12,   20,   21,    0,   11,    0,
       0,  -12,    0,    0,    0,    0,    0,   -4,   14,    0,    0,    0,    0,    0,    0,    0,    0,    0,    0,    0,   -4,    0,    0,    0,    0,    0,    0,    0,    0,    0,    0,   14,    0,   -4,   14,    0,   25,    0,   14,    4,   25,    0,    0,    0,   -9,   -5,   -8,    0,    0,    7,    0,    0,    0,    0,    0,    0,    5,    2,   25,   32,    0,   14,    0,
       0,    0,    0,    0,    0,    0,    0,    0,    0,    0,    0,    0,    0,    0,    0,    0,    0,    0,    0,    0,    0,    0,    0,    0,    0,    0,    0,    0,    0,    0,    0,    0,    0,    0,    0,    0,    0,    0,    0,   -2,    0,    0,    0,    0,  -12,   -4,   -9,    0,    0,    0,    0,    0,    0,    0,    0,    0,    0,    0,    0,    0,    0,    0,    0,
};

static const EpdLigaturePair bitter_16_boldLigaturePairs[] = {
    { 0x00660069, 0xFB01 }, // f i -> U+FB01
    { 0x0066006C, 0xFB02 }, // f l -> U+FB02
};

static constexpr EpdFontData bitter_16_bold = {
    bitter_16_boldBitmaps,
    bitter_16_boldGlyphs,
    bitter_16_boldIntervals,
    32,
    40,
    32,
    -9,
    true,
    bitter_16_boldGroups,
    8,
    nullptr,
    bitter_16_boldKernLeftClasses,
    bitter_16_boldKernRightClasses,
    bitter_16_boldKernMatrix,
    190,
    190,
    72,
    63,
    bitter_16_boldLigaturePairs,
    2,
};
