/**
 * generated by fontconvert.py
 * name: bitter_12_bold
 * size: 12
 * mode: 2-bit  compressed: true
 * Command used: fontconvert.py bitter_12_bold 12 ../builtinFonts/source/Bitter/Bitter-Bold.ttf ../builtinFonts/source/NotoEmoji/NotoEmoji-Regular.ttf ../builtinFonts/source/NotoSymbols/NotoSansSymbols-Regular.ttf --exact-intervals --additional-intervals 0x0020,0x007E --additional-intervals 0x00A0,0x00FF --additional-intervals 0x2000,0x206F --additional-intervals 0x20A0,0x20CF --additional-intervals 0x2190,0x21FF --additional-intervals 0xFB00,0xFB06 --additional-intervals 0xFFFD,0xFFFD --additional-intervals 0x2669,0x266F --additional-intervals 0x2764,0x2764 --additional-intervals 0x1F600,0x1F600 --additional-intervals 0x1F44D,0x1F44D --font-include-intervals 1:0x2764,0x2764 --font-include-intervals 1:0x1F600,0x1F600 --font-include-intervals 1:0x1F44D,0x1F44D --font-include-intervals 2:0x2669,0x266F --2bit --compress --pnum --darken-aa
 */
#pragma once
#include "EpdFontData.h"

static const uint8_t bitter_12_boldBitmaps[8173] = {
    0x95, 0x58, 0xBD, 0x73, 0xDD, 0xC6, 0x11, 0x5F, 0x00, 0x96, 0x30, 0x21, 0x26, 0x81, 0x0B, 0x52,
    0x93, 0x88, 0x33, 0x81, 0x8B, 0x14, 0x1A, 0x71, 0x26, 0x68, 0x53, 0x58, 0x3C, 0x24, 0x29, 0x53,
    0x38, 0x85, 0xE5, 0xC6, 0x4D, 0x0A, 0x15, 0xB6, 0x0A, 0xAB, 0xB5, 0x67, 0x6C, 0x02, 0xB6, 0xFF,
    0x00, 0xBF, 0x26, 0x69, 0xD2, 0xB0, 0x50, 0x41, 0x3F, 0x65, 0xC2, 0x36, 0xF1, 0x88, 0xBC, 0xB3,
    0x55, 0xB8, 0x0C, 0x92, 0xC6, 0x85, 0x8B, 0xA0, 0xB0, 0x1D, 0x27, 0x29, 0x74, 0x91, 0xC1, 0x09,
    0x28, 0x01, 0xB8, 0xFC, 0x7E, 0x07, 0xF0, 0xCB, 0xA4, 0xC6, 0xCA, 0x03, 0x76, 0xDF, 0x7B, 0xC0,
    0xDD, 0xDE, 0xDE, 0x7E, 0xEF, 0x2D, 0x1D, 0x3E, 0x7A, 0x1F, 0x9F, 0xAD, 0x77, 0x44, 0xAE, 0x39,
    0xB7, 0x2F, 0x6B, 0x6B, 0x52, 0xAA, 0x62, 0x4B, 0x09, 0xEE, 0xCD, 0x5C, 0x6E, 0xF8, 0xFB, 0xDA,
    0xF7, 0x44, 0xAE, 0x87, 0xDB, 0xA2, 0x22, 0x2B, 0x5B, 0x13, 0x5C, 0x1A, 0x5F, 0x3D, 0x48, 0x31,
    0x9B, 0x20, 0x7D, 0x52, 0x4B, 0x9F, 0x9A, 0xA0, 0x9B, 0x60, 0x63, 0xD4, 0x5F, 0x2B, 0xE7, 0xFA,
    0x8D, 0xC7, 0xFA, 0xEB, 0xC8, 0xE6, 0x45, 0x64, 0x95, 0xC4, 0x84, 0x46, 0x89, 0x64, 0x22, 0x92,
    0xCF, 0x50, 0x2E, 0x24, 0xC6, 0xF4, 0xDC, 0xB9, 0x42, 0xD5, 0x65, 0x51, 0xE2, 0xA5, 0x96, 0x54,
    0x4A, 0x23, 0xA2, 0x06, 0x0C, 0x75, 0xAD, 0x84, 0x6E, 0x14, 0x59, 0x77, 0x95, 0x88, 0x36, 0x6F,
    0x8B, 0x32, 0xF7, 0x01, 0x7B, 0x52, 0x56, 0x1A, 0xF3, 0xB4, 0xEB, 0xF1, 0xAA, 0x3E, 0xA1, 0x47,
    0xB8, 0x24, 0x92, 0x74, 0x92, 0x1A, 0x05, 0xBA, 0xC5, 0x5E, 0x56, 0x95, 0xE4, 0xAC, 0x97, 0x2E,
    0xFD, 0xA4, 0xC5, 0xAF, 0x4F, 0x2D, 0xD0, 0x07, 0x46, 0x4A, 0x9D, 0x57, 0x92, 0x0D, 0xE0, 0x27,
    0x28, 0xFA, 0xBC, 0x91, 0xB0, 0x03, 0xAD, 0xE8, 0x9B, 0x76, 0x4F, 0xD2, 0x07, 0xCD, 0xA6, 0xE4,
    0xEF, 0x83, 0x55, 0x15, 0xE1, 0xD7, 0x10, 0xD9, 0xAD, 0xA0, 0x0B, 0x5D, 0x8F, 0x6D, 0x6B, 0x1B,
    0x14, 0xA0, 0x1F, 0xE8, 0x43, 0xC1, 0xB6, 0x2B, 0xCF, 0xB6, 0xC9, 0x0A, 0x55, 0xA5, 0x00, 0xB0,
    0x0C, 0xB6, 0xD3, 0x71, 0xB9, 0x13, 0x62, 0xEB, 0x89, 0x73, 0x9D, 0x6A, 0xD2, 0xA6, 0xAC, 0xD2,
    0x06, 0x5B, 0x22, 0xD4, 0xDA, 0xE4, 0x46, 0x3D, 0xF6, 0xF3, 0xB0, 0xED, 0x4E, 0x64, 0x0D, 0x77,
    0xB9, 0xB5, 0xB5, 0x79, 0xE3, 0xC6, 0x35, 0x30, 0xFE, 0xA2, 0x8C, 0x61, 0x1F, 0xB5, 0x89, 0x4D,
    0x9B, 0x8C, 0x23, 0x2B, 0x5C, 0x85, 0x92, 0x12, 0x17, 0xBE, 0xB1, 0x42, 0x6E, 0x32, 0x93, 0x36,
    0x89, 0x8D, 0xDA, 0xB0, 0x97, 0x41, 0xDE, 0x91, 0xE7, 0x39, 0xC9, 0xE1, 0x6D, 0x6E, 0xD2, 0x3A,
    0xB1, 0xB1, 0x8D, 0xBA, 0xA8, 0x0F, 0xFB, 0xE0, 0xF8, 0x0A, 0x71, 0xE1, 0xD9, 0x4C, 0x53, 0x55,
    0x5A, 0xEE, 0xCB, 0x73, 0x58, 0x4A, 0x02, 0x2B, 0x41, 0x23, 0x6F, 0xFD, 0xA3, 0xD2, 0xDA, 0xC4,
    0x6F, 0x49, 0xDC, 0x4B, 0xB6, 0x29, 0x3F, 0xFE, 0x01, 0x5F, 0x9D, 0x11, 0xE6, 0x0C, 0x50, 0xA6,
    0x21, 0x5C, 0xD7, 0xCB, 0xEA, 0xDC, 0x7B, 0x08, 0x7C, 0x05, 0x1C, 0x28, 0xF0, 0x9C, 0x9A, 0xB4,
    0xF8, 0x29, 0x78, 0x82, 0x66, 0x5D, 0x51, 0xBA, 0x0A, 0xF7, 0x0A, 0xC4, 0x82, 0xAB, 0xE2, 0xB2,
    0x85, 0x44, 0x8D, 0xC4, 0xB5, 0x24, 0x06, 0xFA, 0x91, 0xB4, 0xF0, 0xA4, 0x45, 0x36, 0x45, 0xDE,
    0x16, 0x70, 0x26, 0x10, 0x09, 0x14, 0x6E, 0x05, 0xA2, 0xE6, 0x40, 0xE3, 0x07, 0x56, 0x67, 0x06,
    0xF2, 0xA3, 0x5B, 0x49, 0x26, 0xAB, 0x31, 0xAA, 0x56, 0x8D, 0x2E, 0x52, 0xEB, 0x84, 0x90, 0xB4,
    0x27, 0x30, 0x3D, 0x2B, 0x4D, 0xDE, 0x40, 0xE4, 0x06, 0xEA, 0x82, 0x25, 0x75, 0x9E, 0x59, 0x88,
    0x3D, 0x70, 0x45, 0x42, 0x06, 0x79, 0xFF, 0x4C, 0x17, 0x72, 0xC1, 0x0D, 0x2D, 0xF5, 0xB8, 0xD7,
    0xDD, 0x42, 0xA0, 0x4E, 0xA1, 0x95, 0xDF, 0x0F, 0x00, 0x90, 0xF7, 0x2D, 0x80, 0x10, 0xA2, 0x1E,
    0x36, 0xDA, 0x82, 0xA1, 0x1A, 0xFA, 0xC4, 0x9E, 0x41, 0x1F, 0xE3, 0xAA, 0x23, 0xB8, 0x0C, 0xD3,
    0x2C, 0x31, 0xB7, 0xC4, 0xDC, 0x1B, 0x18, 0xFF, 0x22, 0x8C, 0x7B, 0x15, 0xC0, 0xB9, 0xC1, 0x3D,
    0x98, 0x9B, 0x6B, 0x00, 0xA0, 0x71, 0x99, 0xF4, 0xB0, 0xA8, 0xD0, 0x8A, 0xCA, 0xEA, 0x05, 0x01,
    0x63, 0xF7, 0x26, 0xF3, 0xCE, 0x31, 0x46, 0x5E, 0xE6, 0xAE, 0x1D, 0xA4, 0x07, 0x00, 0xDF, 0x30,
    0xBE, 0x02, 0x2A, 0x01, 0x93, 0x65, 0x21, 0x83, 0x2A, 0xA2, 0x4E, 0x15, 0x89, 0x55, 0x45, 0x5A,
    0xC3, 0x4A, 0x8C, 0x2A, 0xCA, 0x9B, 0xE5, 0x02, 0xEB, 0xF7, 0x70, 0x91, 0xFE, 0xF6, 0xD2, 0x7D,
    0x0D, 0x9A, 0xC5, 0x11, 0xAC, 0x2C, 0x3F, 0x84, 0x5B, 0x8D, 0x13, 0xD0, 0x73, 0xCC, 0x29, 0x80,
    0x97, 0xE5, 0x10, 0x52, 0x4E, 0x97, 0x0B, 0x8F, 0x78, 0x9A, 0xE0, 0x79, 0xDA, 0xD9, 0xEE, 0x78,
    0xC2, 0xD3, 0x2A, 0x5E, 0xAF, 0x8F, 0xDC, 0x30, 0xD8, 0x82, 0xA8, 0xB1, 0x77, 0xB8, 0x91, 0xF7,
    0x81, 0x92, 0xCE, 0x7A, 0xA7, 0xF5, 0x32, 0xF3, 0xB2, 0x00, 0x57, 0x50, 0x57, 0xAD, 0xB1, 0xA2,
    0x2E, 0xF2, 0x9A, 0x06, 0x91, 0xC3, 0x0F, 0x4E, 0x2B, 0xE5, 0xF6, 0x72, 0x49, 0x97, 0x36, 0x84,
    0xFD, 0x9B, 0x25, 0xDC, 0x5C, 0x17, 0x6F, 0x52, 0xC6, 0xC1, 0x38, 0xC9, 0x99, 0x90, 0x40, 0xD6,
    0xA9, 0x3D, 0xB5, 0x90, 0xF1, 0x62, 0xE1, 0xB0, 0x70, 0x1E, 0xE6, 0x8D, 0x5B, 0x37, 0x10, 0x51,
    0x4F, 0xAB, 0x65, 0xA0, 0x28, 0xB4, 0xD0, 0xF2, 0xE1, 0x4D, 0x46, 0x4B, 0xFE, 0x64, 0x80, 0x08,
    0x2D, 0x60, 0x10, 0xF5, 0x19, 0x64, 0x0C, 0x22, 0x23, 0x88, 0x11, 0xB0, 0x43, 0xA3, 0xBF, 0x02,
    0xB7, 0x6E, 0x1A, 0x43, 0xFF, 0x14, 0xD0, 0x8A, 0xF1, 0x3F, 0x9B, 0x42, 0x14, 0x0C, 0x39, 0x47,
    0xA0, 0xF2, 0x7E, 0x6D, 0x95, 0x01, 0x1C, 0x68, 0x8B, 0x77, 0x36, 0x76, 0x0F, 0x1B, 0x59, 0xCD,
    0x9A, 0x49, 0x92, 0xCA, 0x33, 0xB6, 0x02, 0x79, 0xA5, 0xD8, 0x5F, 0xEA, 0x8C, 0x04, 0xD0, 0xE1,
    0x69, 0x57, 0xE0, 0xE7, 0xE4, 0xFF, 0xF4, 0x0B, 0x11, 0xE9, 0xEC, 0x1B, 0x93, 0x55, 0x08, 0xBF,
    0xF2, 0x26, 0x1D, 0xDD, 0x7F, 0x10, 0x3B, 0x61, 0x83, 0x60, 0x06, 0x5F, 0xAD, 0xE4, 0xD8, 0xB3,
    0x6A, 0x66, 0xF0, 0x2A, 0xE3, 0xF2, 0x6E, 0xD6, 0x5D, 0xE6, 0x67, 0x40, 0x06, 0x15, 0xE1, 0xFA,
    0x72, 0x59, 0x1C, 0x51, 0x3F, 0xFD, 0x0C, 0x94, 0x15, 0x0C, 0x89, 0x4A, 0xAF, 0x02, 0xEE, 0x7B,
    0x94, 0x18, 0x5A, 0x1E, 0x12, 0x57, 0xE1, 0x21, 0x6C, 0xE6, 0x05, 0x1F, 0x7D, 0x4B, 0x67, 0x95,
    0x6B, 0x9F, 0x47, 0x60, 0x8D, 0x3A, 0x49, 0x2C, 0x35, 0xE0, 0xAA, 0x68, 0x90, 0xA8, 0x45, 0x60,
    0xA7, 0xB3, 0xCE, 0x92, 0x87, 0xB0, 0x3A, 0x86, 0x5F, 0x3C, 0x87, 0xB7, 0x4B, 0xC0, 0x45, 0x73,
    0x90, 0x0D, 0x68, 0x07, 0x78, 0x95, 0x37, 0x70, 0xFC, 0xA8, 0x55, 0xBF, 0x72, 0x1F, 0xF7, 0x2A,
    0x75, 0x76, 0xD8, 0x7B, 0x0E, 0xF1, 0xB5, 0x87, 0xD3, 0xAB, 0x3E, 0xC4, 0x1A, 0x7D, 0x4A, 0x94,
    0xBF, 0x67, 0x37, 0xFB, 0xFC, 0x97, 0x76, 0x6F, 0x3F, 0x7B, 0x38, 0x62, 0x5C, 0x8F, 0x87, 0xEF,
    0x2E, 0xAE, 0x22, 0x8C, 0x62, 0x8D, 0x78, 0xFC, 0x3D, 0xA5, 0xCB, 0xBD, 0xAE, 0x8F, 0x20, 0x1F,
    0xFE, 0x01, 0x0F, 0xC1, 0x0A, 0xCC, 0x83, 0xDB, 0x4E, 0xFD, 0xDE, 0x35, 0xC3, 0x31, 0xB5, 0xA0,
    0x32, 0xA0, 0x7D, 0x4E, 0xEC, 0x69, 0x39, 0x3D, 0x78, 0x0F, 0x87, 0x57, 0x3B, 0xDA, 0x6C, 0xCF,
    0xDC, 0x33, 0x48, 0x7A, 0xF0, 0x0A, 0xD4, 0x54, 0xC3, 0x88, 0xA0, 0x39, 0x57, 0xB8, 0x2E, 0x76,
    0xD6, 0x75, 0xD0, 0xFF, 0x75, 0xB8, 0x0A, 0x83, 0x5E, 0x4E, 0xF5, 0xB6, 0x69, 0x1B, 0xB7, 0x71,
    0x17, 0xB7, 0x11, 0x00, 0xA1, 0xF6, 0xF0, 0x4E, 0x83, 0xD9, 0x05, 0xC0, 0xE0, 0x37, 0xDE, 0x45,
    0x7D, 0x8C, 0xB0, 0x3C, 0x41, 0xD4, 0x27, 0xA3, 0xEE, 0x30, 0xB7, 0x51, 0x0E, 0x2C, 0x42, 0x4F,
    0x48, 0x09, 0x0D, 0xCC, 0xDD, 0xE6, 0x2D, 0xF2, 0xA0, 0x89, 0x1A, 0x5D, 0x45, 0xCD, 0x1C, 0x44,
    0xCE, 0x01, 0x79, 0xF7, 0x19, 0xD0, 0x86, 0x75, 0xE6, 0x34, 0x4C, 0x0B, 0x71, 0x04, 0x8C, 0xCA,
    0xA5, 0x42, 0xC8, 0x13, 0x99, 0xAA, 0x19, 0xFD, 0x3A, 0x01, 0x4B, 0xD0, 0x17, 0x3C, 0x8D, 0x48,
    0x17, 0x40, 0x65, 0x05, 0xA4, 0xCC, 0x79, 0xE4, 0x5F, 0xF8, 0x21, 0x1C, 0x1C, 0x51, 0xD3, 0x50,
    0x30, 0x79, 0x04, 0x82, 0xF1, 0xC0, 0x18, 0xB6, 0x15, 0x39, 0xF4, 0xBB, 0x8D, 0x00, 0x61, 0x83,
    0xC1, 0xE2, 0xE1, 0xF0, 0x65, 0x9F, 0xA7, 0x3D, 0x1C, 0xDE, 0x94, 0xE3, 0xE7, 0xAD, 0x70, 0x9C,
    0x4D, 0xC6, 0x7B, 0x96, 0x73, 0x09, 0xA0, 0xB3, 0x20, 0x55, 0xD0, 0xC1, 0xFC, 0x68, 0x86, 0x79,
    0x3C, 0x7C, 0x3D, 0xC6, 0x62, 0x1E, 0xC6, 0x0F, 0x4F, 0xD3, 0xF1, 0x00, 0xC3, 0x01, 0x33, 0x95,
    0x07, 0x48, 0xAD, 0xA0, 0xD8, 0xE8, 0x3E, 0x8C, 0x39, 0x5D, 0x00, 0x6E, 0x6B, 0xA4, 0x08, 0x88,
    0xA7, 0xF3, 0x5E, 0xEF, 0x85, 0x75, 0x84, 0x60, 0xBE, 0x33, 0x8A, 0x07, 0x0C, 0x41, 0x28, 0x28,
    0x0D, 0x90, 0xB2, 0x40, 0xE9, 0xB8, 0xEB, 0x75, 0x0D, 0xEA, 0x9A, 0xD5, 0x42, 0xF0, 0x6B, 0x6E,
    0x37, 0x58, 0xEE, 0x28, 0x87, 0xBC, 0x0E, 0xED, 0xE8, 0xF6, 0x42, 0xA1, 0x1D, 0x22, 0x0E, 0x61,
    0x9A, 0x9B, 0x91, 0xFF, 0x7B, 0xC1, 0x38, 0x70, 0x0D, 0x5F, 0x25, 0x29, 0x8F, 0xAE, 0x2F, 0x85,
    0xA5, 0x87, 0xD7, 0xCB, 0x77, 0xDE, 0x9C, 0xEB, 0x78, 0x5F, 0x5E, 0x6E, 0xC3, 0xE4, 0x98, 0x31,
    0x90, 0x1F, 0x9E, 0xF1, 0x76, 0xBC, 0x37, 0x10, 0xB9, 0x7A, 0x1F, 0x02, 0xB8, 0xA9, 0x95, 0x25,
    0x3C, 0x1B, 0xF1, 0x26, 0x87, 0x03, 0x17, 0x34, 0x44, 0xA1, 0xB5, 0x02, 0xC1, 0x03, 0xE2, 0x16,
    0x06, 0x1E, 0x1F, 0xEA, 0x49, 0x07, 0x5E, 0x99, 0xFC, 0x5B, 0xE1, 0x05, 0x04, 0x8B, 0x21, 0x1C,
    0x97, 0x74, 0xB3, 0x75, 0x74, 0x01, 0xF9, 0x4A, 0x68, 0xC2, 0xDE, 0x17, 0xA6, 0x8C, 0xC3, 0x90,
    0xF3, 0x6D, 0xAD, 0x5D, 0x0C, 0x41, 0x71, 0xA4, 0xFD, 0x64, 0xDC, 0x6D, 0x26, 0x5F, 0x70, 0xCD,
    0xF5, 0x1D, 0x09, 0xC1, 0x22, 0x4D, 0x00, 0x7E, 0xC5, 0x44, 0x16, 0xBB, 0x2A, 0xA3, 0x76, 0x8C,
    0x22, 0xAE, 0x3D, 0xB6, 0xFB, 0xC0, 0xFF, 0x6D, 0x07, 0xE0, 0x6F, 0x1E, 0x1F, 0x00, 0x3F, 0x72,
    0xFF, 0x01, 0xB6, 0xEE, 0xAF, 0xC4, 0xFA, 0x63, 0x62, 0xF5, 0x73, 0xE2, 0xAB, 0x01, 0xB1, 0x00,
    0x7B, 0xC7, 0x66, 0x18, 0xC4, 0xEE, 0x27, 0x8C, 0xB5, 0xA0, 0xE2, 0x51, 0x98, 0xC7, 0x45, 0x7F,
    0x81, 0x25, 0x52, 0x68, 0xB2, 0x26, 0xB2, 0x40, 0x4F, 0x5A, 0xA0, 0x6F, 0x50, 0x1B, 0xC6, 0x8F,
    0x46, 0x20, 0xEB, 0x88, 0xCA, 0x0F, 0x80, 0xD4, 0xDF, 0x81, 0x32, 0x68, 0xDC, 0xA6, 0x44, 0x91,
    0x33, 0x89, 0x0D, 0x3D, 0x55, 0x8F, 0xB4, 0x91, 0x7C, 0x60, 0x90, 0x85, 0xB2, 0x60, 0x9B, 0x88,
    0xC3, 0x36, 0x81, 0x06, 0x0C, 0x52, 0x10, 0x84, 0xE9, 0x26, 0xB5, 0x10, 0x15, 0x8E, 0x99, 0xF3,
    0x0C, 0x72, 0x4C, 0xA7, 0xC8, 0x4A, 0x1C, 0xAC, 0x1A, 0x96, 0x5D, 0xE3, 0x54, 0xCD, 0xC0, 0x2C,
    0xA9, 0x14, 0xFA, 0x38, 0xD4, 0xB8, 0xE3, 0x63, 0xF4, 0xE4, 0x8A, 0xD9, 0x51, 0xE0, 0xE9, 0x27,
    0xE0, 0xEF, 0x8C, 0x41, 0x81, 0x01, 0xA8, 0x8A, 0x7D, 0x14, 0xB8, 0xC8, 0x85, 0x98, 0xD0, 0xC7,
    0x33, 0x6C, 0xB6, 0xE7, 0xD8, 0x3C, 0x61, 0xAE, 0x3A, 0x46, 0x67, 0xD8, 0x0C, 0xC8, 0x66, 0x34,
    0xB3, 0x19, 0x9F, 0xB0, 0xE9, 0x2B, 0x16, 0x51, 0x5F, 0x5C, 0x63, 0xD4, 0xED, 0x99, 0x95, 0x18,
    0x80, 0xB3, 0xFA, 0x4C, 0x7C, 0xA2, 0x85, 0x27, 0xB4, 0xC0, 0xE8, 0x2C, 0xA2, 0x8D, 0x61, 0x6B,
    0x44, 0xD5, 0x6C, 0x8B, 0xAD, 0xA2, 0x19, 0x66, 0x27, 0x66, 0x48, 0xD7, 0xA0, 0xFF, 0xBA, 0x5F,
    0x30, 0x1F, 0xA3, 0x84, 0x08, 0xB4, 0x8F, 0x04, 0xF8, 0x83, 0xE2, 0xA8, 0xCA, 0x91, 0xD4, 0xD9,
    0x2B, 0xAC, 0xB0, 0xF6, 0xF2, 0xC9, 0x2F, 0xE7, 0x72, 0xCE, 0xFF, 0x28, 0xC0, 0x8E, 0xB9, 0xE5,
    0x7B, 0x85, 0xDC, 0xF7, 0x0B, 0xFA, 0x77, 0xAE, 0xD0, 0x78, 0x57, 0x62, 0x8C, 0xDC, 0xF4, 0xC5,
    0xC6, 0x8E, 0x9E, 0x0B, 0xA4, 0xFB, 0x69, 0x43, 0xB8, 0x7F, 0x2B, 0x6D, 0x7E, 0xE2, 0x13, 0xCC,
    0x77, 0x01, 0x72, 0x7C, 0x00, 0x5A, 0x84, 0xDB, 0xCB, 0x70, 0xB9, 0xAD, 0x5D, 0xE4, 0xEC, 0x9D,
    0x43, 0x24, 0x5F, 0x70, 0x8E, 0xD2, 0xE0, 0xD9, 0x91, 0x46, 0xD5, 0x86, 0x3D, 0x20, 0x2A, 0xB2,
    0x86, 0xBA, 0xE7, 0xB3, 0xA4, 0x57, 0x1F, 0x63, 0x14, 0xEA, 0x85, 0xE5, 0x87, 0x20, 0xEF, 0x46,
    0x90, 0xD7, 0x68, 0x40, 0x16, 0x9C, 0x21, 0x69, 0x2B, 0x23, 0x95, 0x8C, 0xEA, 0x11, 0xB5, 0x3D,
    0x10, 0x32, 0x6D, 0x38, 0xA2, 0x60, 0x16, 0x97, 0x10, 0x21, 0x91, 0x49, 0xF9, 0x12, 0xB3, 0xC7,
    0x2E, 0x53, 0x20, 0xE3, 0x64, 0xE6, 0xD3, 0x22, 0xB5, 0x96, 0x52, 0x49, 0xF1, 0x5C, 0x25, 0xC1,
    0x39, 0xC2, 0x9D, 0x70, 0xB9, 0x40, 0x67, 0xD3, 0xA3, 0x12, 0x45, 0x0C, 0x44, 0x06, 0x46, 0xB7,
    0x82, 0x0A, 0x60, 0x1F, 0x55, 0x16, 0xF2, 0x28, 0xA2, 0x00, 0xBF, 0xA8, 0xB2, 0xCC, 0xC1, 0xDD,
    0x50, 0x67, 0xAA, 0xF7, 0x90, 0x3A, 0x7B, 0x95, 0x3F, 0x80, 0xB7, 0xF5, 0x5B, 0xD9, 0x03, 0xBA,
    0xDE, 0x5E, 0xFA, 0x19, 0xC4, 0x32, 0xF4, 0xE9, 0xBF, 0xB1, 0xF6, 0x88, 0xCE, 0x07, 0xAB, 0xEB,
    0x2E, 0x72, 0x3E, 0x85, 0x45, 0x0C, 0xE5, 0xC8, 0x64, 0xE4, 0x41, 0x35, 0x2C, 0x5E, 0x50, 0x08,
    0xCA, 0x78, 0x54, 0x8A, 0xC0, 0xD6, 0x11, 0x0F, 0x4A, 0xC7, 0x70, 0x30, 0x60, 0xF9, 0x18, 0x4D,
    0x0B, 0x4C, 0x96, 0xE5, 0x83, 0x7B, 0x89, 0x65, 0xCD, 0x43, 0x33, 0x95, 0x34, 0x13, 0xEF, 0x89,
    0xDF, 0x05, 0x37, 0xA5, 0xE0, 0x85, 0x32, 0xA2, 0x0C, 0x09, 0x7A, 0x88, 0x24, 0xF2, 0x61, 0xBE,
    0xC1, 0x2A, 0x1A, 0x15, 0x44, 0xED, 0xD1, 0x72, 0x67, 0x65, 0x39, 0xFB, 0x7E, 0x8B, 0x79, 0x29,
    0xDA, 0x26, 0xEC, 0x07, 0x42, 0x8A, 0xE0, 0xF3, 0xE0, 0x9E, 0xD5, 0xD6, 0xA8, 0x98, 0x6F, 0xF7,
    0xC9, 0x1B, 0xA5, 0x92, 0x77, 0x32, 0x15, 0x98, 0x17, 0x22, 0xED, 0x13, 0x34, 0xD0, 0xD5, 0xE5,
    0xF2, 0x2E, 0xD3, 0xAF, 0x07, 0xC9, 0x6C, 0x8E, 0xC4, 0xF4, 0x23, 0xD4, 0x43, 0xBE, 0xEE, 0x62,
    0x11, 0x0A, 0x8E, 0x7C, 0x8D, 0xEA, 0xEB, 0xD3, 0xA9, 0x38, 0x81, 0xCA, 0xBA, 0xCC, 0x0A, 0x8B,
    0x82, 0x63, 0x80, 0x72, 0x3B, 0xD7, 0xF6, 0xF2, 0x2C, 0x97, 0xBB, 0xCB, 0xB1, 0xAB, 0xBE, 0x0D,
    0x42, 0x33, 0x94, 0x15, 0xBE, 0x31, 0xF2, 0x1D, 0x52, 0x54, 0xB3, 0x61, 0x42, 0xDB, 0x14, 0xB4,
    0xBE, 0x85, 0xEA, 0x7D, 0x2F, 0xB5, 0x79, 0x6E, 0x28, 0xFA, 0x29, 0x14, 0x6A, 0x34, 0x15, 0xB9,
    0x0D, 0x6A, 0xB0, 0xA9, 0x67, 0xBA, 0x76, 0x3B, 0x8E, 0x9D, 0x0A, 0xC7, 0x62, 0xDE, 0x13, 0xFA,
    0xE5, 0x27, 0x10, 0xE4, 0x23, 0xD4, 0x7A, 0x0D, 0x04, 0x6F, 0x7C, 0x75, 0x8D, 0x5E, 0x35, 0x63,
    0x4D, 0xC9, 0xDA, 0xB2, 0x26, 0x7C, 0x5F, 0xF2, 0x4A, 0xD9, 0x64, 0x80, 0xBA, 0x7F, 0x28, 0xF7,
    0x16, 0x30, 0xC4, 0x9E, 0x75, 0x34, 0x38, 0x72, 0xDE, 0x79, 0x99, 0xC4, 0x82, 0x25, 0xB3, 0x00,
    0x52, 0xCD, 0x97, 0x6E, 0xAE, 0xD2, 0x35, 0xEB, 0x72, 0xB8, 0xB9, 0xB6, 0xE9, 0xA0, 0xAC, 0x20,
    0x57, 0xBF, 0x02, 0x4D, 0xF9, 0xC8, 0x53, 0x8B, 0xEF, 0x59, 0x8E, 0xE1, 0x6F, 0x3B, 0x92, 0x3D,
    0x74, 0xA4, 0x69, 0x32, 0xE4, 0xB0, 0xAC, 0xCE, 0x6C, 0x56, 0xA7, 0x17, 0x40, 0x5E, 0x67, 0x5F,
    0x6A, 0xE3, 0xD7, 0xA6, 0x87, 0x21, 0x04, 0xC8, 0xC6, 0x5D, 0x86, 0x46, 0xBF, 0x76, 0x6E, 0xD1,
    0xEB, 0x9B, 0x7C, 0xEE, 0xBE, 0x4E, 0xC0, 0xD7, 0x8F, 0x75, 0x20, 0x19, 0x72, 0x26, 0x1B, 0xCE,
    0xE0, 0xA8, 0x81, 0x24, 0x47, 0x01, 0xED, 0xDB, 0x99, 0x33, 0x1D, 0xD4, 0xBA, 0x33, 0xA0, 0xC9,
    0x66, 0xD3, 0xC0, 0x2A, 0x7C, 0x47, 0xEC, 0x01, 0x9D, 0x3B, 0x42, 0x96, 0xFF, 0x3E, 0x7A, 0x96,
    0x1F, 0x22, 0x13, 0x21, 0xFC, 0x44, 0xEE, 0x83, 0xDE, 0xF7, 0x52, 0x1B, 0x0B, 0xF0, 0xD3, 0xFB,
    0x75, 0x32, 0x94, 0x87, 0x53, 0x67, 0xA0, 0x7C, 0xD7, 0x5D, 0xB2, 0xD1, 0x3D, 0xC3, 0xCF, 0x1D,
    0xB4, 0xAF, 0xAE, 0x3A, 0x6E, 0x68, 0xD7, 0xEF, 0x8A, 0x83, 0xC3, 0xB5, 0xB1, 0xAF, 0xCD, 0x71,
    0xA7, 0x07, 0xE8, 0x6C, 0x31, 0xCF, 0x4C, 0x7F, 0xCF, 0xDF, 0x30, 0x68, 0x14, 0x1D, 0x25, 0x8C,
    0xF3, 0x8F, 0x0B, 0xD2, 0x62, 0xD9, 0xD7, 0x28, 0x53, 0x16, 0x3C, 0x75, 0x28, 0x0B, 0x35, 0x9D,
    0x3E, 0x7C, 0x45, 0xF9, 0x0C, 0xBE, 0x4F, 0x85, 0x09, 0x49, 0xF6, 0xDB, 0xC2, 0x1F, 0xD5, 0x80,
    0xEF, 0x3A, 0x5F, 0xEE, 0xDA, 0x2D, 0x50, 0x42, 0x30, 0xB2, 0xFA, 0x5F, 0x9A, 0xC9, 0xBD, 0x4A,
    0xDC, 0xA1, 0x37, 0x93, 0xB5, 0x05, 0x34, 0x0B, 0x33, 0x2B, 0xED, 0xE4, 0x39, 0x27, 0xF0, 0x91,
    0xA4, 0x4F, 0xBC, 0x7C, 0x9A, 0x74, 0xC8, 0x6C, 0xEA, 0xAF, 0xE4, 0x29, 0x90, 0x5A, 0xDD, 0xAB,
    0x91, 0x10, 0x56, 0xD3, 0xC8, 0x10, 0x3C, 0x5C, 0xD9, 0x2E, 0x2D, 0x6C, 0xEA, 0x5B, 0x17, 0x1A,
    0xFD, 0xB1, 0x1C, 0xE5, 0x56, 0x30, 0x86, 0x0E, 0x29, 0xEB, 0x35, 0xC4, 0xCF, 0xD7, 0x93, 0x11,
    0xB5, 0xF1, 0x53, 0xAF, 0x60, 0xD8, 0xE8, 0xCB, 0x96, 0x41, 0xE4, 0xCA, 0xC2, 0x37, 0x79, 0x1E,
    0xCE, 0xC6, 0xFA, 0x9B, 0xDB, 0x69, 0x83, 0x52, 0xA1, 0xD1, 0x4D, 0xDA, 0xA0, 0xBB, 0x6E, 0x10,
    0x44, 0x1E, 0xF7, 0x73, 0x47, 0xC7, 0x70, 0x33, 0x4C, 0xE7, 0x3A, 0x8D, 0xF2, 0xBD, 0x20, 0x82,
    0x4E, 0x07, 0xE8, 0xD7, 0x16, 0xDA, 0x96, 0xF3, 0xDE, 0x9E, 0x76, 0xE9, 0x41, 0x0F, 0x57, 0xAA,
    0x37, 0xE4, 0x0D, 0x29, 0x3F, 0x77, 0x9F, 0xFA, 0xB3, 0x15, 0xC8, 0x24, 0x19, 0x32, 0x48, 0x25,
    0x99, 0xA5, 0xF2, 0xDD, 0xD7, 0x44, 0xAB, 0x1C, 0xD4, 0xA0, 0xC6, 0x09, 0x93, 0x26, 0x28, 0xD2,
    0xFB, 0xE0, 0x77, 0x47, 0x54, 0xE2, 0x0B, 0x01, 0x6F, 0x5B, 0xCC, 0x72, 0xE5, 0x08, 0x4B, 0xD8,
    0xD8, 0x86, 0xF5, 0x0D, 0x3E, 0xC1, 0x66, 0x8D, 0xEF, 0x45, 0x6B, 0xEC, 0xCA, 0xEF, 0xCC, 0x77,
    0xBA, 0xFE, 0x77, 0xE6, 0x3B, 0xF7, 0xEC, 0x40, 0x9F, 0xE9, 0xDC, 0xAF, 0xBC, 0xFB, 0x67, 0xD1,
    0x7F, 0x61, 0x8B, 0x08, 0x8B, 0xEE, 0xF2, 0x23, 0xAD, 0x22, 0x8F, 0xC7, 0xDD, 0x0C, 0xED, 0x91,
    0x46, 0xD3, 0x83, 0x92, 0x56, 0x5F, 0xA5, 0xBE, 0xEF, 0x2A, 0x8E, 0x2D, 0x23, 0x6F, 0xA7, 0xF0,
    0xAA, 0x19, 0xDF, 0xD7, 0xFF, 0x59, 0xFC, 0x1F, 0x5E, 0xE4, 0xC7, 0x45, 0x6E, 0xD7, 0xC8, 0xEA,
    0xE9, 0xB3, 0x0C, 0x68, 0x93, 0xEE, 0x04, 0x26, 0xAF, 0x54, 0x7F, 0x2A, 0x3F, 0xC7, 0x3E, 0x87,
    0x64, 0x78, 0x27, 0xB1, 0x37, 0x2E, 0xF4, 0x85, 0xD2, 0xFB, 0x42, 0xF8, 0x51, 0x91, 0x23, 0xD7,
    0xA2, 0xFD, 0x0B, 0xAD, 0x93, 0x05, 0xAC, 0xBE, 0x84, 0x38, 0x5C, 0xC3, 0x5E, 0x3B, 0xE9, 0xBA,
    0xA8, 0x43, 0x0B, 0x09, 0x35, 0x41, 0x46, 0xE8, 0x20, 0x2E, 0x37, 0x9C, 0x88, 0x3B, 0x3B, 0x28,
    0xC0, 0x01, 0x19, 0xB6, 0x72, 0xF1, 0x7D, 0x08, 0xCF, 0x68, 0x22, 0x44, 0xAF, 0x55, 0x79, 0x65,
    0x71, 0x05, 0x74, 0xB5, 0xD5, 0x0D, 0x4C, 0x04, 0x05, 0xC3, 0x53, 0x81, 0xD7, 0xA1, 0xB6, 0x70,
    0x4D, 0xA4, 0xC5, 0x07, 0x03, 0x43, 0xC4, 0xDA, 0x6B, 0x6B, 0x77, 0x55, 0x8F, 0xAB, 0xCB, 0x21,
    0x50, 0x1E, 0xF8, 0xA5, 0x26, 0x6A, 0x33, 0xC3, 0xE3, 0x9F, 0xB0, 0x57, 0xC8, 0x84, 0x5B, 0x48,
    0xC3, 0x7B, 0xD8, 0x7B, 0x3F, 0x9D, 0x45, 0x21, 0x7A, 0x7A, 0xA0, 0x4B, 0xDE, 0xBD, 0xB4, 0x58,
    0xDB, 0x56, 0x7D, 0x66, 0xB5, 0x55, 0xAD, 0xB2, 0x25, 0x4D, 0xDA, 0x66, 0x55, 0x82, 0x7F, 0x79,
    0x11, 0xDB, 0xFD, 0x4E, 0xA1, 0x2D, 0xEF, 0x41, 0x05, 0xBB, 0x04, 0x9D, 0x70, 0x68, 0xF7, 0x90,
    0x44, 0x46, 0xF6, 0xE6, 0x82, 0xC6, 0x8E, 0x27, 0x5B, 0x8D, 0xF2, 0x47, 0x5D, 0x39, 0xA9, 0x42,
    0x33, 0x73, 0x02, 0x27, 0x65, 0x0D, 0xBA, 0x25, 0x02, 0x30, 0xCF, 0xDD, 0x22, 0x54, 0xED, 0x14,
    0x98, 0xF7, 0x27, 0x7F, 0x0E, 0x62, 0xBD, 0xA9, 0xC4, 0x8F, 0xA0, 0xF2, 0x1A, 0x65, 0xE7, 0x27,
    0x90, 0x2F, 0x4A, 0x1A, 0xEC, 0xE6, 0xB5, 0x79, 0x37, 0x1D, 0xF7, 0x0C, 0x83, 0xAC, 0xA3, 0x2E,
    0x33, 0x3E, 0x31, 0xF3, 0x5C, 0x76, 0x2C, 0xB1, 0x8B, 0xFD, 0x29, 0x33, 0xE7, 0x73, 0x52, 0xA5,
    0xAD, 0x24, 0xF4, 0xCD, 0xE9, 0x8C, 0xE5, 0x2A, 0x4C, 0x86, 0xA5, 0xF8, 0xBC, 0x49, 0x59, 0xBB,
    0xF9, 0x32, 0x7A, 0x59, 0xDC, 0x37, 0xA2, 0xFE, 0x45, 0x68, 0x16, 0xA5, 0x1A, 0x46, 0x39, 0x36,
    0x06, 0x71, 0x77, 0x29, 0xB5, 0xB9, 0xFA, 0xB2, 0x84, 0x6B, 0xF0, 0x5C, 0xE8, 0x6A, 0x11, 0xB8,
    0x2A, 0x72, 0x05, 0xD2, 0x61, 0x7C, 0xF6, 0xA6, 0x45, 0x34, 0x4C, 0x73, 0x6C, 0xB2, 0x0C, 0x7F,
    0x27, 0xE7, 0xC6, 0xF0, 0xCC, 0x63, 0x24, 0x05, 0xB9, 0x53, 0xAD, 0xEE, 0x5D, 0xF8, 0x79, 0xFB,
    0x75, 0x7F, 0x2E, 0x88, 0x18, 0x88, 0xBA, 0xE3, 0xDB, 0x77, 0x87, 0xFA, 0xC3, 0x1F, 0x5D, 0x91,
    0xBD, 0x8A, 0x75, 0x5C, 0x77, 0xC1, 0xB0, 0x3B, 0x96, 0x42, 0xDC, 0x9F, 0xCE, 0x6D, 0xD2, 0x36,
    0x44, 0xC8, 0xDE, 0xAD, 0x46, 0x30, 0xFF, 0x9B, 0x64, 0xAA, 0xE1, 0xFE, 0x07, 0xBD, 0x59, 0x3F,
    0x6C, 0xDE, 0xC6, 0x15, 0x7F, 0x24, 0x25, 0xD3, 0x31, 0xD3, 0x9E, 0x06, 0x39, 0x30, 0x9C, 0xC0,
    0xCC, 0xA0, 0x21, 0xB1, 0x11, 0x33, 0x83, 0x81, 0x16, 0xA8, 0xA4, 0x63, 0x93, 0xA1, 0x43, 0x86,
    0x68, 0x88, 0x33, 0xB4, 0x4B, 0x87, 0x0C, 0x41, 0x80, 0xD6, 0x4B, 0x07, 0x03, 0x95, 0x4D, 0x36,
    0x1E, 0x3C, 0x74, 0x88, 0x96, 0x4E, 0x1D, 0xAA, 0x21, 0x83, 0xFD, 0xB9, 0xA8, 0x3B, 0x74, 0x08,
    0x50, 0x59, 0x24, 0xE2, 0x02, 0x1D, 0x3A, 0x84, 0x69, 0xD1, 0x76, 0xE8, 0x10, 0xA2, 0x89, 0xDB,
    0xA1, 0x83, 0x0F, 0x0D, 0x5D, 0x50, 0x36, 0xC9, 0xEB, 0xEF, 0x77, 0xFC, 0x24, 0xD9, 0xA9, 0xD3,
    0x34, 0xFD, 0x2C, 0xF3, 0xE3, 0x7B, 0xE2, 0x9F, 0xE3, 0xFB, 0x77, 0xEF, 0xBD, 0x7B, 0xEF, 0x24,
    0xDB, 0xD6, 0x5E, 0x10, 0xB9, 0x70, 0x61, 0x9B, 0x87, 0xC5, 0x51, 0xC8, 0x73, 0x22, 0x2B, 0xEE,
    0x5C, 0x95, 0xD0, 0xB6, 0xB1, 0xED, 0x74, 0xD9, 0x15, 0xF2, 0x9E, 0x15, 0x19, 0xDC, 0x89, 0x8B,
    0x42, 0x44, 0x97, 0xE7, 0x13, 0xDB, 0x45, 0xB6, 0x96, 0x8B, 0xBB, 0xE3, 0xF1, 0x61, 0x32, 0xA4,
    0xBE, 0xB5, 0x55, 0x00, 0x88, 0x9A, 0xA8, 0x54, 0x26, 0x04, 0x88, 0x38, 0xB8, 0xB3, 0x26, 0xD6,
    0x1A, 0x29, 0x00, 0x61, 0x23, 0x12, 0xB4, 0x53, 0x68, 0x82, 0x3A, 0x30, 0x41, 0xAD, 0xEE, 0x5E,
    0xAB, 0x0B, 0x6B, 0x6B, 0xC8, 0x50, 0x1F, 0x13, 0xC9, 0x57, 0xE7, 0xBF, 0x55, 0x6B, 0x6B, 0x4B,
    0x65, 0xAD, 0x44, 0xB5, 0x16, 0x55, 0x26, 0xE9, 0x1E, 0x54, 0xB8, 0x1F, 0x6C, 0x8A, 0xF7, 0xD5,
    0xEA, 0xF1, 0xCB, 0x18, 0xEF, 0xE5, 0x27, 0x27, 0x87, 0x26, 0x79, 0x66, 0x95, 0x2D, 0x93, 0x9D,
    0xD0, 0xA6, 0x51, 0xE3, 0x75, 0x12, 0x74, 0x41, 0x23, 0x5E, 0x1F, 0x82, 0xBD, 0x55, 0x95, 0x48,
    0x16, 0x97, 0x90, 0x1C, 0x0A, 0x40, 0xC0, 0x96, 0x08, 0x72, 0xF0, 0xB8, 0xEF, 0x96, 0x22, 0x49,
    0x48, 0xA4, 0x6D, 0x3A, 0xA2, 0xC5, 0x1B, 0xBB, 0x07, 0xC7, 0xAE, 0xEF, 0xDE, 0xAC, 0x7B, 0xB6,
    0x56, 0xB6, 0x4D, 0xFE, 0xD6, 0xEA, 0x1C, 0xA7, 0x24, 0x95, 0xA8, 0x16, 0x26, 0xCB, 0x13, 0x6B,
    0xB4, 0xEA, 0xB6, 0xFD, 0xBE, 0x90, 0x5E, 0x97, 0x7D, 0x72, 0xB7, 0x0B, 0x61, 0xA6, 0xA2, 0x16,
    0xD5, 0x80, 0xFC, 0xB2, 0xDF, 0xAD, 0x04, 0xAD, 0xC6, 0x18, 0x5B, 0x1D, 0xBA, 0x2A, 0x8B, 0x9E,
    0x6C, 0xAB, 0x12, 0xD2, 0x01, 0x2F, 0xFA, 0x60, 0x6D, 0x37, 0x60, 0x5F, 0x0B, 0xD9, 0x7B, 0xAF,
    0x48, 0x23, 0xD0, 0xAC, 0xE2, 0x6F, 0x16, 0x2F, 0x1B, 0x1D, 0xD9, 0x0F, 0x9B, 0x95, 0xF8, 0x66,
    0xD5, 0x6D, 0x69, 0x2F, 0xDF, 0xDA, 0xD2, 0x90, 0x64, 0x0F, 0x6D, 0xAD, 0x27, 0x79, 0xDE, 0xAD,
    0x2A, 0x5B, 0xB7, 0x3A, 0xB0, 0x6F, 0x1B, 0x55, 0x2E, 0x44, 0x15, 0x8C, 0xAC, 0x73, 0xCF, 0xDE,
    0xEE, 0x31, 0x2D, 0xE0, 0x2F, 0xF2, 0x9A, 0xC8, 0xD3, 0x03, 0x34, 0x2A, 0x57, 0x54, 0x75, 0x2C,
    0xAA, 0xFC, 0xEB, 0x55, 0x02, 0xF3, 0x45, 0xD5, 0xC5, 0xA8, 0xD2, 0xB6, 0x89, 0x3F, 0x6D, 0x3D,
    0x67, 0x0C, 0x6D, 0x21, 0x5D, 0x7B, 0xF4, 0xEC, 0x1A, 0xAE, 0xFD, 0x7A, 0x39, 0xAC, 0xBB, 0xF8,
    0x66, 0xA3, 0x5F, 0x31, 0x43, 0x0C, 0x5D, 0xCA, 0x02, 0xB6, 0xBF, 0x6C, 0xD4, 0x87, 0x5D, 0x60,
    0xB6, 0x24, 0x5F, 0xC2, 0x6C, 0xA5, 0x84, 0xC9, 0xA4, 0x80, 0xB5, 0x92, 0xCF, 0x00, 0x8E, 0xA4,
    0x15, 0x78, 0x44, 0x0E, 0x71, 0xEA, 0xE4, 0xDB, 0x1B, 0xCD, 0x72, 0xD1, 0x2D, 0x9F, 0x5F, 0x5E,
    0x7E, 0xE1, 0x57, 0xCB, 0xCB, 0x27, 0x8C, 0x6E, 0x4E, 0xFC, 0x72, 0xA5, 0x39, 0x81, 0xEB, 0x17,
    0xD6, 0xB7, 0x57, 0x97, 0x57, 0xDE, 0x7A, 0xA2, 0x51, 0x29, 0xBC, 0xE1, 0x6E, 0x91, 0x4B, 0xD1,
    0xBA, 0xCF, 0x0B, 0xCB, 0xF3, 0xAD, 0x89, 0x78, 0xEF, 0x8A, 0xB2, 0x92, 0x5C, 0x2F, 0x57, 0xC3,
    0x72, 0x25, 0xA8, 0x80, 0x71, 0x8D, 0x27, 0x78, 0xCE, 0x63, 0x75, 0xFF, 0x84, 0x13, 0xE1, 0xCC,
    0xE0, 0x36, 0xF7, 0x3D, 0xC4, 0xF1, 0x16, 0x64, 0x74, 0xAF, 0x46, 0xA9, 0x32, 0x2B, 0x17, 0xB2,
    0xF4, 0xEB, 0x3A, 0x15, 0x18, 0x70, 0x5B, 0xFC, 0x16, 0x5E, 0x26, 0xFA, 0x8F, 0x78, 0x0E, 0x2F,
    0xCA, 0x93, 0x9E, 0x03, 0xD6, 0x75, 0xBE, 0x94, 0xE4, 0xF3, 0x85, 0x44, 0x9D, 0x1C, 0x82, 0x82,
    0x49, 0xBE, 0x90, 0xE0, 0x6D, 0x9A, 0xC1, 0xA6, 0x50, 0xEF, 0x45, 0xAF, 0x8B, 0x3A, 0x5D, 0x67,
    0xE9, 0x92, 0x1C, 0xDD, 0x38, 0xBA, 0x51, 0xD4, 0x99, 0xC9, 0x00, 0xAA, 0x56, 0x9F, 0x0F, 0xFC,
    0xED, 0x14, 0x46, 0xD9, 0x7B, 0x83, 0xB2, 0x7F, 0x18, 0xD4, 0x6F, 0x10, 0x19, 0x70, 0x4A, 0x7A,
    0xA7, 0xAA, 0xF7, 0x41, 0x26, 0x93, 0x2B, 0x91, 0xB5, 0x5D, 0x62, 0x39, 0x1B, 0xAF, 0x56, 0xD9,
    0x14, 0xF4, 0x14, 0x62, 0x40, 0x08, 0x90, 0x0C, 0xA0, 0xBF, 0x18, 0x3C, 0x8C, 0xF5, 0x39, 0xFE,
    0xAC, 0x97, 0x1E, 0x41, 0xF0, 0xE2, 0x97, 0xCF, 0x89, 0xCA, 0x55, 0x0D, 0xD5, 0x2E, 0x9C, 0xEE,
    0x74, 0x33, 0x9F, 0x62, 0x86, 0x6A, 0x5B, 0xFF, 0xBA, 0x0E, 0xF6, 0x7E, 0x49, 0xA7, 0x7B, 0xCF,
    0xE6, 0xCA, 0x9A, 0xE4, 0xB7, 0x8D, 0xF6, 0x3A, 0x2D, 0xEE, 0xC4, 0xC5, 0xA5, 0x06, 0x0F, 0xE1,
    0xEB, 0xB2, 0xB0, 0xEF, 0x32, 0xF3, 0xCE, 0x65, 0xCE, 0x2B, 0xE9, 0x55, 0xA9, 0x5F, 0xA9, 0xE3,
    0x9B, 0xAD, 0x32, 0x5D, 0x68, 0x7A, 0xF5, 0xD7, 0x2E, 0xB9, 0x64, 0x32, 0x55, 0x75, 0x71, 0xFA,
    0xEC, 0x21, 0xF1, 0x8D, 0x44, 0xA5, 0xC4, 0x86, 0x7A, 0x17, 0x86, 0xD6, 0xFF, 0x9A, 0x61, 0x12,
    0x09, 0x8C, 0x74, 0xC4, 0x3E, 0xA3, 0xD0, 0xE0, 0x0E, 0x38, 0xAA, 0x8A, 0x34, 0x80, 0x3B, 0x73,
    0x42, 0xE0, 0xD9, 0xB9, 0x1E, 0x2E, 0x46, 0xB7, 0x73, 0x91, 0x4E, 0x9D, 0xCB, 0xC5, 0x6F, 0x56,
    0x93, 0x1C, 0x83, 0x2E, 0x00, 0x47, 0x25, 0xF3, 0x4A, 0x8C, 0xC9, 0xA9, 0x49, 0x11, 0x4F, 0x2E,
    0x3A, 0xBC, 0x48, 0xF1, 0xC0, 0x31, 0xAC, 0xA7, 0x1C, 0x33, 0x43, 0xCF, 0xFC, 0x86, 0xE3, 0x0B,
    0x1E, 0x37, 0x88, 0xBD, 0x76, 0x9F, 0x63, 0xF8, 0x77, 0x9B, 0x83, 0xE3, 0x07, 0xB6, 0x8E, 0x87,
    0xE4, 0xD5, 0x9F, 0x22, 0x4A, 0x75, 0xF4, 0x32, 0xDE, 0x74, 0x24, 0x81, 0x81, 0x20, 0x81, 0x81,
    0xF0, 0x1A, 0xDC, 0xF6, 0x9C, 0xBB, 0x70, 0x67, 0x0D, 0x14, 0x61, 0x0D, 0x50, 0x24, 0x76, 0x1C,
    0xE1, 0x3E, 0x60, 0x0A, 0x0F, 0xC2, 0x28, 0x38, 0x11, 0x3E, 0x82, 0x1F, 0xC5, 0xB9, 0xC0, 0x95,
    0xC0, 0x17, 0x26, 0x07, 0x5F, 0x38, 0x54, 0xC7, 0xA1, 0x97, 0x4C, 0x52, 0x2E, 0x24, 0x97, 0xEB,
    0x8C, 0x13, 0x5C, 0xDA, 0x2A, 0xEB, 0x93, 0xB7, 0xEF, 0x55, 0x92, 0xEA, 0xF0, 0x77, 0x70, 0x8A,
    0x1B, 0xEA, 0xC7, 0xC0, 0x5D, 0x02, 0xA7, 0x08, 0x0C, 0x32, 0x2E, 0x28, 0xC6, 0xD6, 0x89, 0x81,
    0xDC, 0x00, 0x4D, 0x80, 0xE7, 0x5D, 0x04, 0x3C, 0xEF, 0xD2, 0xF2, 0x98, 0x9C, 0xE7, 0xDC, 0x13,
    0x3C, 0xD7, 0xEE, 0xB4, 0x48, 0x26, 0x4C, 0x3E, 0xBA, 0x9C, 0x0E, 0xB1, 0x3F, 0xDA, 0xCC, 0x30,
    0xA7, 0xD6, 0xF8, 0x57, 0x91, 0x71, 0x38, 0xD6, 0xF9, 0x9C, 0x1A, 0x68, 0x2C, 0x4C, 0xAA, 0x48,
    0x2C, 0xD3, 0xC3, 0xFF, 0x39, 0xF3, 0x23, 0x34, 0x95, 0x88, 0x81, 0xA3, 0x88, 0x62, 0xC4, 0xA7,
    0x68, 0xCD, 0x5C, 0xCA, 0x84, 0xBA, 0xCD, 0x8F, 0x3B, 0xE6, 0xF8, 0x2E, 0x32, 0xE2, 0xF7, 0xDF,
    0x71, 0xB9, 0x14, 0x92, 0x5A, 0x0B, 0xB6, 0x77, 0x5E, 0x1F, 0xE8, 0xDD, 0x88, 0xDD, 0x52, 0x90,
    0x2B, 0xDA, 0xD0, 0x1A, 0xDB, 0x46, 0x30, 0x94, 0x1C, 0x21, 0xFD, 0x8C, 0xE9, 0x96, 0x2C, 0x15,
    0x79, 0xA8, 0xFC, 0x31, 0xF0, 0xDD, 0xDC, 0xA5, 0x1C, 0x33, 0xC3, 0x67, 0x3F, 0x03, 0x95, 0x75,
    0xBF, 0x3A, 0x70, 0xBE, 0x71, 0x5E, 0x31, 0x52, 0xF0, 0xED, 0xB6, 0x05, 0x95, 0x67, 0x8F, 0x1F,
    0xBC, 0xAA, 0x73, 0xCC, 0xE8, 0x9A, 0xB9, 0xA5, 0x20, 0x81, 0x8C, 0x57, 0x8B, 0x5E, 0x7A, 0xA0,
    0xD6, 0x65, 0x42, 0x08, 0xDD, 0x5C, 0x5E, 0x27, 0x51, 0x95, 0x4E, 0x91, 0xE3, 0xE1, 0xB7, 0x07,
    0xAA, 0xEF, 0x91, 0xC9, 0x64, 0xB2, 0x89, 0x69, 0x65, 0x9D, 0x11, 0x39, 0x1C, 0xDC, 0xEB, 0x18,
    0xFD, 0x9F, 0x76, 0x1E, 0xA2, 0xFF, 0x63, 0xC6, 0x9B, 0xBA, 0x39, 0x46, 0x5D, 0x7F, 0x16, 0xBC,
    0x02, 0xAE, 0x06, 0x85, 0xC3, 0xF6, 0x5A, 0x47, 0xE7, 0xB7, 0x9D, 0x8C, 0xAC, 0x24, 0x32, 0x41,
    0x27, 0x8D, 0xAA, 0x89, 0x93, 0x32, 0x18, 0xAE, 0x35, 0x58, 0xEC, 0x51, 0x23, 0x8C, 0x18, 0xA5,
    0x0E, 0x47, 0xA3, 0x02, 0x40, 0x20, 0x35, 0xA1, 0xD1, 0x65, 0x50, 0x17, 0x79, 0x50, 0x53, 0x99,
    0x87, 0x01, 0xF5, 0xCB, 0xA8, 0x9E, 0xF1, 0x91, 0xBC, 0x0B, 0xE4, 0x4E, 0x0B, 0x0D, 0x60, 0x04,
    0xE4, 0x42, 0x89, 0x3E, 0x71, 0x49, 0xC1, 0x2D, 0x54, 0xA7, 0xF1, 0x4C, 0xC3, 0x4C, 0xF3, 0xA9,
    0xAB, 0xA8, 0x98, 0x6A, 0xA4, 0x40, 0x4A, 0x7C, 0x9A, 0x06, 0xDB, 0x72, 0x0E, 0x73, 0x12, 0x5A,
    0x6A, 0xF2, 0x05, 0x84, 0x0D, 0x72, 0x56, 0xE3, 0xD7, 0x2C, 0xA9, 0x1C, 0xEC, 0xBC, 0x46, 0x2B,
    0x8D, 0xB0, 0x73, 0x56, 0xF6, 0x9E, 0x37, 0xC2, 0x71, 0x26, 0x1A, 0xAE, 0x19, 0x7E, 0x4B, 0x10,
    0x59, 0x82, 0xCA, 0xE0, 0x1B, 0x83, 0x36, 0xEA, 0x13, 0x16, 0x71, 0x8F, 0x94, 0xBE, 0x0F, 0xA5,
    0x91, 0x76, 0xA5, 0xE8, 0x84, 0xD5, 0x90, 0x5F, 0xAB, 0x47, 0x4B, 0x7F, 0x6D, 0x0E, 0x1E, 0xA5,
    0x51, 0xE6, 0x65, 0x29, 0xFF, 0xCA, 0xDA, 0xE1, 0x47, 0x46, 0xFB, 0x2B, 0x90, 0x1C, 0x2B, 0x27,
    0x5D, 0x0E, 0x73, 0x32, 0x4A, 0xCD, 0xD2, 0x11, 0xD3, 0x8E, 0xE1, 0x5F, 0x78, 0x46, 0x2D, 0x07,
    0xB3, 0xD4, 0x7C, 0x92, 0xD5, 0x05, 0x1C, 0x1D, 0x73, 0x7A, 0x22, 0x9D, 0x81, 0xCE, 0x1B, 0xE2,
    0xC3, 0xEB, 0x6D, 0xA9, 0x3F, 0x32, 0x2B, 0x70, 0x66, 0xA4, 0xCF, 0x09, 0x16, 0xE6, 0x32, 0xB2,
    0xB9, 0xD7, 0xCB, 0x17, 0x9E, 0xE3, 0xB7, 0x38, 0x17, 0x3C, 0xE9, 0xE3, 0x72, 0x48, 0x4A, 0xE0,
    0xC5, 0xF9, 0xFF, 0x53, 0x98, 0x93, 0x93, 0xAB, 0x4C, 0x65, 0xF0, 0x60, 0xD6, 0x27, 0x78, 0x15,
    0x3A, 0x02, 0x96, 0xA8, 0x48, 0x81, 0xB2, 0x1C, 0x25, 0x34, 0x6A, 0x0C, 0x5B, 0x4F, 0xD1, 0xD3,
    0x3B, 0xA9, 0x2E, 0xC7, 0x17, 0xD3, 0x21, 0x1C, 0x8C, 0x24, 0x10, 0x0D, 0x05, 0xA9, 0x72, 0xD9,
    0xB6, 0x5C, 0x7E, 0xC2, 0xFA, 0x07, 0x4C, 0x09, 0x98, 0x95, 0x04, 0xC5, 0x81, 0x1C, 0x3E, 0x34,
    0x5D, 0x11, 0x4E, 0x5E, 0x91, 0xC9, 0x15, 0x3D, 0x08, 0x4B, 0x22, 0x29, 0x3E, 0x09, 0xA1, 0x4C,
    0x19, 0xDA, 0x8A, 0x08, 0xF5, 0x41, 0x78, 0xAF, 0x01, 0xFA, 0xB4, 0x03, 0xFA, 0xE7, 0x00, 0x64,
    0x2C, 0x51, 0xF6, 0x0E, 0x90, 0xFE, 0x08, 0x28, 0xB6, 0x40, 0x8A, 0x28, 0x80, 0xC9, 0x8C, 0x0F,
    0x33, 0x82, 0x14, 0x51, 0x51, 0x72, 0x86, 0x5C, 0xAD, 0x30, 0xC6, 0xDD, 0x98, 0x94, 0xE4, 0x7B,
    0xBB, 0xD9, 0x19, 0x4B, 0x39, 0x03, 0x1D, 0x85, 0xB8, 0x8B, 0x7A, 0x83, 0x38, 0xD5, 0x25, 0xCC,
    0x89, 0x80, 0xB6, 0x6E, 0x2D, 0x75, 0x28, 0x65, 0x1E, 0x79, 0x10, 0x41, 0xCC, 0x14, 0x28, 0xE3,
    0x60, 0x5D, 0x87, 0x9D, 0xC4, 0x03, 0xE2, 0x38, 0x22, 0x29, 0x71, 0xAA, 0xCE, 0x3B, 0x77, 0x78,
    0x06, 0xE0, 0xF5, 0xBB, 0x79, 0x50, 0xB3, 0x23, 0x39, 0x2D, 0x8F, 0x89, 0xB9, 0xBF, 0x41, 0xBE,
    0x64, 0xA9, 0xF9, 0x6C, 0xC8, 0x60, 0x04, 0x13, 0xE5, 0x8F, 0x87, 0xB9, 0x7E, 0x19, 0x8C, 0xD0,
    0x1A, 0x88, 0x77, 0x8F, 0x9A, 0xA7, 0xCF, 0x3D, 0x26, 0xA5, 0x17, 0x58, 0x2F, 0x75, 0x98, 0x6F,
    0xAF, 0xE7, 0x7A, 0xC3, 0x2B, 0x79, 0x76, 0xFE, 0x31, 0xCC, 0xB4, 0x7C, 0x55, 0xCE, 0xE8, 0xBC,
    0x4F, 0x3E, 0x46, 0xDB, 0x4C, 0x17, 0x14, 0x54, 0x9A, 0x58, 0x40, 0xEE, 0xB5, 0xFA, 0xFD, 0x3E,
    0x96, 0xAD, 0x39, 0xB7, 0x74, 0xBA, 0x7A, 0x7A, 0x85, 0x9D, 0x74, 0x47, 0x61, 0x9A, 0xA9, 0x30,
    0x8D, 0xA2, 0x30, 0x28, 0xD0, 0xB2, 0x5C, 0x93, 0xDD, 0x3A, 0x85, 0x69, 0xC1, 0xDD, 0x37, 0x40,
    0x61, 0x09, 0xA4, 0x72, 0xA0, 0x84, 0xC2, 0xDC, 0xA0, 0x30, 0x2D, 0x85, 0x31, 0xBB, 0xC2, 0x28,
    0x0A, 0x13, 0x53, 0x98, 0x55, 0x0A, 0xF3, 0xCC, 0xD8, 0xF6, 0x52, 0xAC, 0xC8, 0xEC, 0x57, 0x7E,
    0x25, 0xEF, 0x47, 0x59, 0xD1, 0x2E, 0xF9, 0x93, 0xCD, 0xC2, 0x06, 0xD6, 0x9C, 0xDB, 0xF1, 0x21,
    0x26, 0xCA, 0xD9, 0xF4, 0x4B, 0x20, 0xF4, 0xAE, 0x40, 0xEC, 0xA4, 0x51, 0x7D, 0xDA, 0x6B, 0x48,
    0x42, 0xCC, 0x14, 0x08, 0x72, 0xD8, 0xC4, 0x7B, 0x8D, 0x0C, 0x5C, 0xDD, 0x89, 0xBE, 0x79, 0xE4,
    0xEB, 0xCA, 0xBF, 0x3D, 0xD7, 0x3B, 0x70, 0xE6, 0x6F, 0x50, 0xFD, 0xC1, 0x45, 0x1D, 0x0B, 0x0F,
    0xD6, 0x80, 0x2B, 0x7E, 0xFD, 0x78, 0x98, 0xCF, 0xB1, 0x02, 0xD3, 0xE8, 0x36, 0xD1, 0x98, 0x99,
    0xE9, 0xD5, 0x61, 0x3C, 0x3B, 0x70, 0xA5, 0xFF, 0x5B, 0xAA, 0x99, 0x5C, 0x39, 0x32, 0x99, 0x26,
    0xD7, 0x26, 0xC2, 0x62, 0x61, 0x02, 0x78, 0xB0, 0x01, 0xC5, 0x00, 0x49, 0x15, 0x45, 0x02, 0xA3,
    0x64, 0xD0, 0x2C, 0x64, 0xB6, 0xF9, 0x6D, 0x37, 0x36, 0xD1, 0xE3, 0xD6, 0xCE, 0x43, 0x51, 0xE1,
    0x2A, 0x1F, 0xEB, 0xD6, 0x3B, 0xB7, 0x80, 0x61, 0x91, 0x19, 0x57, 0x5B, 0x78, 0x21, 0xAB, 0x9F,
    0x70, 0x40, 0x15, 0xD4, 0xA8, 0x26, 0xDC, 0xFB, 0x29, 0x13, 0xEE, 0xB8, 0xCA, 0xA8, 0x74, 0x63,
    0x40, 0x3E, 0x72, 0x0A, 0xE4, 0xDC, 0xB4, 0xC0, 0x82, 0xB7, 0xE3, 0xC8, 0x56, 0x8C, 0x0B, 0xCA,
    0x85, 0x01, 0xAE, 0x46, 0x03, 0x42, 0x43, 0x44, 0x59, 0x33, 0x93, 0xA0, 0x23, 0x36, 0x05, 0xBD,
    0x9A, 0xA5, 0x95, 0xB1, 0x0E, 0x55, 0x40, 0xBA, 0xA7, 0x3A, 0xD6, 0xD9, 0x08, 0x2B, 0x00, 0x4A,
    0xC7, 0xC8, 0x60, 0xCD, 0x50, 0xA6, 0x4D, 0x4A, 0x6D, 0x2C, 0x7A, 0x7A, 0xC3, 0x6A, 0xCC, 0x85,
    0xEA, 0x8B, 0xF8, 0x8B, 0x6B, 0xCF, 0xB9, 0x86, 0x19, 0xA5, 0x76, 0x5D, 0x03, 0x8E, 0x6B, 0x1B,
    0x08, 0xA3, 0x8E, 0x35, 0xA6, 0xC4, 0x88, 0xFD, 0x98, 0x1D, 0x15, 0xC0, 0x9B, 0x58, 0xC6, 0x98,
    0xE8, 0x5B, 0x80, 0xBC, 0x18, 0xE1, 0xCF, 0xDC, 0xA1, 0x42, 0xAF, 0xDF, 0x83, 0x08, 0x5B, 0x63,
    0xF9, 0x2E, 0x9C, 0x1D, 0xB4, 0x10, 0xCB, 0x92, 0x55, 0x6E, 0x33, 0xCD, 0xF1, 0x9A, 0x95, 0x2E,
    0x1B, 0x29, 0xA6, 0x32, 0x5A, 0xE5, 0x5F, 0xB0, 0x47, 0xB9, 0x22, 0xDE, 0xB4, 0x07, 0x9C, 0x89,
    0x6E, 0xFB, 0x04, 0x1C, 0x89, 0xC5, 0x0B, 0x68, 0x06, 0xCD, 0xDE, 0xA2, 0x34, 0x13, 0xCD, 0x74,
    0x41, 0x42, 0xC3, 0xB9, 0x18, 0xDC, 0x5F, 0x2F, 0x5D, 0x7A, 0x04, 0x76, 0x95, 0xD1, 0x9E, 0x77,
    0x51, 0x71, 0x9A, 0x46, 0x3C, 0x00, 0x6D, 0xE1, 0x92, 0xCB, 0x8C, 0xB4, 0xBD, 0xEB, 0xF9, 0x29,
    0x7E, 0x7D, 0x07, 0xDF, 0xA3, 0xD6, 0x81, 0x5B, 0x82, 0x42, 0xE5, 0x68, 0xE4, 0x5C, 0x2D, 0x8B,
    0x54, 0xE7, 0x7E, 0x81, 0x17, 0x39, 0xBB, 0x0E, 0x9B, 0xEB, 0x5B, 0xC5, 0x4F, 0xCE, 0x82, 0x12,
    0xDF, 0x01, 0x97, 0x9E, 0xE8, 0x3F, 0xD9, 0x9D, 0x02, 0xDF, 0xFE, 0x83, 0xFB, 0x98, 0xF6, 0x25,
    0x86, 0xE4, 0x9A, 0x1C, 0x85, 0x00, 0xA7, 0xDE, 0xA5, 0x23, 0x3B, 0x09, 0x12, 0xA3, 0x31, 0x81,
    0x89, 0x13, 0x38, 0xBB, 0x0F, 0x5C, 0x3F, 0x54, 0x79, 0x12, 0x83, 0x02, 0x96, 0x13, 0x78, 0x64,
    0x3B, 0xB6, 0xE6, 0x28, 0x4D, 0x25, 0xE6, 0x8C, 0xC0, 0x93, 0x7E, 0x88, 0x67, 0x2C, 0x95, 0xB8,
    0x84, 0x9D, 0x11, 0x56, 0x9B, 0xD0, 0x1E, 0x1F, 0x26, 0xDC, 0xCF, 0x68, 0x46, 0xAF, 0xE3, 0x01,
    0x3D, 0x7C, 0xCE, 0x24, 0xAD, 0x80, 0x56, 0x65, 0xDC, 0x03, 0x62, 0x79, 0x66, 0xCB, 0x0C, 0xA0,
    0x1F, 0xE0, 0x77, 0x2E, 0xC5, 0xB8, 0xDC, 0x27, 0xBF, 0xF9, 0x5D, 0xCF, 0x6D, 0x47, 0xCF, 0xD5,
    0xF5, 0xC8, 0xE3, 0x8C, 0xCC, 0x4E, 0xF7, 0x7E, 0xCF, 0xBD, 0x8B, 0x5A, 0xBB, 0x5C, 0xDD, 0xF7,
    0xDC, 0x59, 0xE8, 0xA6, 0x8B, 0x12, 0x98, 0x1B, 0xCE, 0xCB, 0x02, 0x7A, 0x59, 0xBE, 0x38, 0x33,
    0xCD, 0x27, 0xD1, 0x89, 0x65, 0xB5, 0xEA, 0xBC, 0x8E, 0x5D, 0xD3, 0x53, 0x9B, 0x99, 0xD1, 0x26,
    0xFA, 0xCC, 0x4F, 0x99, 0x6C, 0xC8, 0x06, 0x39, 0x26, 0x72, 0x03, 0x91, 0xC3, 0xED, 0x60, 0xA4,
    0x4D, 0x57, 0x5E, 0xE2, 0x03, 0x6E, 0x3D, 0xC1, 0xA9, 0xA2, 0xCF, 0x39, 0x99, 0xC6, 0x07, 0x9E,
    0xC8, 0x34, 0x48, 0x6A, 0x6E, 0xB3, 0x33, 0x5F, 0x0D, 0xCB, 0xE9, 0x5E, 0xCE, 0x15, 0x89, 0x3B,
    0x9A, 0xDF, 0xFF, 0x9C, 0x33, 0xA0, 0x7F, 0xC3, 0x09, 0x73, 0xF4, 0xFC, 0x5A, 0x95, 0x59, 0x5C,
    0x02, 0x2F, 0x7A, 0x5F, 0xEE, 0x5B, 0x7F, 0xF3, 0x30, 0xE4, 0x2E, 0x00, 0x98, 0xE7, 0x84, 0x59,
    0x0A, 0xE2, 0x9C, 0x2F, 0xC6, 0x75, 0xFA, 0xF9, 0xB8, 0x0C, 0xEC, 0x6D, 0xEE, 0xC7, 0x57, 0x49,
    0x9D, 0xA1, 0xA6, 0x07, 0xCE, 0x55, 0x8D, 0xB5, 0x87, 0x50, 0x65, 0x79, 0x4C, 0x6B, 0x96, 0xC9,
    0x1D, 0x9B, 0x2A, 0xCB, 0xE6, 0x18, 0xBE, 0x47, 0x3F, 0x3F, 0x8D, 0x2E, 0x10, 0xB6, 0xC5, 0x6A,
    0x94, 0x7A, 0xD5, 0xF6, 0x5E, 0x12, 0x79, 0x2A, 0xFF, 0xBE, 0x64, 0x7F, 0xB1, 0x15, 0x9B, 0xAD,
    0xA8, 0x57, 0x53, 0x0B, 0x86, 0x0F, 0x05, 0xBC, 0x6D, 0xB2, 0x5E, 0xDB, 0x6C, 0xC0, 0x42, 0xF2,
    0x80, 0x8F, 0xEF, 0xEE, 0xD8, 0xEF, 0xFA, 0xF8, 0x26, 0xF8, 0xF6, 0x8C, 0xA9, 0x34, 0xAE, 0x9D,
    0x34, 0x95, 0x86, 0x8C, 0x00, 0x03, 0x59, 0xCD, 0x78, 0x1D, 0x57, 0x7C, 0x13, 0xDF, 0x29, 0x72,
    0xC6, 0xDE, 0x7F, 0xF8, 0x78, 0x34, 0xF5, 0x71, 0xAA, 0xBD, 0x24, 0xB3, 0xD3, 0x3D, 0xC2, 0xD5,
    0x9E, 0x95, 0x60, 0x23, 0xC1, 0x4E, 0x2F, 0x61, 0xA5, 0xEF, 0xF3, 0xF1, 0x19, 0xE8, 0xBE, 0xC7,
    0xEC, 0xCC, 0x66, 0x16, 0x34, 0x5F, 0x6A, 0xF7, 0xB3, 0xF3, 0x2C, 0x34, 0x5D, 0xDC, 0x6C, 0x23,
    0x33, 0x5B, 0xF7, 0x57, 0xF6, 0xE2, 0x66, 0x06, 0x9A, 0x27, 0xA6, 0x65, 0x9E, 0x4B, 0x68, 0xE9,
    0xEE, 0xE6, 0x24, 0x7B, 0xBE, 0x9C, 0x80, 0x86, 0x7D, 0xAC, 0x38, 0x1F, 0x3A, 0xCE, 0xC3, 0x4D,
    0x50, 0xC9, 0xA9, 0xEB, 0xA5, 0xEF, 0xF2, 0x27, 0xDC, 0xB4, 0x2E, 0xC0, 0x05, 0x3D, 0xE5, 0xFB,
    0xB7, 0x8D, 0xBE, 0xF4, 0x81, 0xD1, 0xEF, 0x80, 0xFF, 0x2F, 0x00, 0x1D, 0x64, 0x68, 0x12, 0xC7,
    0x3F, 0x72, 0x79, 0x15, 0xD1, 0x37, 0x3F, 0x56, 0x38, 0x8E, 0xD4, 0x31, 0x71, 0x9B, 0xA1, 0x52,
    0x30, 0x77, 0xB6, 0xE3, 0xC6, 0xC7, 0x74, 0x82, 0x5F, 0xDF, 0x78, 0x6A, 0xC3, 0xD6, 0x85, 0x29,
    0xFE, 0xC7, 0xDD, 0x7B, 0xD0, 0xEF, 0x7D, 0x7B, 0xB3, 0x1F, 0x37, 0x7B, 0x97, 0xC6, 0x3C, 0xCC,
    0x4D, 0x2F, 0xFA, 0x23, 0x65, 0x3F, 0x26, 0xB3, 0xD3, 0x65, 0xE7, 0x1B, 0x73, 0xD7, 0xAE, 0x45,
    0xD1, 0x86, 0xF9, 0xA8, 0x91, 0xF8, 0x53, 0x6F, 0x76, 0xBA, 0xDC, 0x34, 0x69, 0xDC, 0xA6, 0x89,
    0x8C, 0x9B, 0x26, 0xC7, 0x1E, 0x81, 0x0D, 0x48, 0x83, 0x7B, 0xE9, 0x76, 0x5C, 0x97, 0x38, 0x8F,
    0x63, 0xDE, 0x93, 0xA3, 0x6F, 0x1E, 0x7D, 0x53, 0x77, 0xF8, 0xB5, 0x49, 0x4B, 0x0A, 0x88, 0xE6,
    0x2A, 0x68, 0xE3, 0xD2, 0x95, 0x94, 0xBD, 0x66, 0xD7, 0x09, 0x1D, 0xB7, 0xC7, 0x9A, 0x92, 0x39,
    0x87, 0xFD, 0x28, 0x2B, 0x48, 0x96, 0xC5, 0xFC, 0xD7, 0x08, 0x12, 0xF2, 0x71, 0x3B, 0x76, 0x67,
    0x2C, 0xC6, 0x9C, 0xAC, 0xEC, 0x1C, 0xAB, 0x11, 0xE2, 0xFB, 0xE1, 0xF7, 0xEF, 0x49, 0x7C, 0x1B,
    0x3E, 0x8A, 0x7C, 0x13, 0x37, 0xBA, 0x8E, 0x2B, 0x65, 0x1E, 0x0E, 0x49, 0x1D, 0xDF, 0x2A, 0xCA,
    0x98, 0xFE, 0xCC, 0xCA, 0xE0, 0x56, 0xBA, 0x47, 0x23, 0xF9, 0x44, 0xDC, 0xBE, 0x1C, 0x53, 0xA0,
    0x2C, 0xCC, 0x89, 0xD7, 0xE9, 0xD4, 0xEF, 0x74, 0xCE, 0xBF, 0xB2, 0xF6, 0xC4, 0x81, 0xE9, 0xF4,
    0x6F, 0x85, 0x52, 0xBD, 0x92, 0xD3, 0x30, 0x10, 0xFE, 0x6C, 0x27, 0x78, 0x26, 0x9E, 0x41, 0x14,
    0x64, 0x06, 0x0A, 0x4E, 0x94, 0x19, 0x8A, 0xA8, 0xA5, 0xB8, 0x58, 0xBA, 0x82, 0xEA, 0x8A, 0x4B,
    0x93, 0x57, 0xA0, 0xA0, 0xA1, 0xA5, 0x38, 0x22, 0x31, 0x57, 0x50, 0x50, 0xF0, 0x0A, 0x14, 0x14,
    0x37, 0x7E, 0x07, 0xCE, 0x9A, 0xBB, 0x82, 0x32, 0x7E, 0x04, 0x15, 0x3C, 0x80, 0x67, 0x48, 0x91,
    0xC2, 0xC9, 0xB2, 0xB2, 0xF9, 0x19, 0x98, 0x03, 0xAC, 0x5D, 0xAF, 0xF4, 0xE9, 0x5B, 0x69, 0x7F,
    0x64, 0xC9, 0xD4, 0xBD, 0x4C, 0x57, 0xAB, 0x65, 0x4D, 0xD4, 0x46, 0x8D, 0x73, 0x4B, 0xE4, 0x78,
    0xEE, 0xA3, 0xBE, 0xA8, 0xAA, 0xEA, 0x92, 0x27, 0xD4, 0xF5, 0x3F, 0xC4, 0xEF, 0x36, 0xEC, 0x49,
    0x55, 0x39, 0x4D, 0xD4, 0x44, 0xFD, 0x73, 0x9D, 0xA2, 0x70, 0x02, 0x9A, 0x87, 0x85, 0x35, 0x73,
    0x8C, 0xA0, 0x9C, 0xF6, 0xCA, 0x4B, 0x23, 0xB1, 0xC0, 0x53, 0x66, 0x27, 0x90, 0x3D, 0x22, 0x98,
    0x37, 0xC7, 0x31, 0x23, 0x8F, 0x7A, 0xAE, 0x46, 0x09, 0xC9, 0xDE, 0x99, 0x61, 0x28, 0x73, 0x8D,
    0xB8, 0xF0, 0xB2, 0xF0, 0xA5, 0x30, 0x56, 0x39, 0xFB, 0xD2, 0x6B, 0xE5, 0x1F, 0x4E, 0x90, 0xB0,
    0xF7, 0xBB, 0x46, 0x6F, 0x5A, 0xB5, 0x09, 0xE2, 0x6D, 0x23, 0x0A, 0x3F, 0x17, 0xE6, 0xF8, 0x28,
    0x46, 0xF1, 0x8F, 0xAD, 0xF8, 0xAD, 0xBF, 0xCB, 0xB4, 0x5E, 0x71, 0x26, 0x96, 0x0E, 0x98, 0xF6,
    0x38, 0x01, 0xF5, 0x6D, 0x62, 0x7B, 0xFE, 0x83, 0xBF, 0xFA, 0xDE, 0x3D, 0xB9, 0x94, 0xB4, 0x2B,
    0xE8, 0x4B, 0x24, 0x3C, 0xFF, 0xDD, 0xF1, 0x87, 0xEF, 0x9D, 0x00, 0xB5, 0x87, 0x25, 0x10, 0x19,
    0x8A, 0xE5, 0x87, 0x26, 0xC8, 0x0E, 0x89, 0xC1, 0x11, 0x0F, 0x6B, 0xAC, 0xA9, 0x5D, 0xED, 0x62,
    0xB5, 0x46, 0x3C, 0x26, 0xF8, 0x98, 0x3B, 0x7D, 0xDD, 0x89, 0xA0, 0x6F, 0xF6, 0x32, 0xE8, 0x37,
    0x9D, 0x68, 0x46, 0xB8, 0x97, 0xA0, 0xD8, 0x41, 0x78, 0xBE, 0x86, 0xBD, 0x55, 0xAC, 0xCE, 0x15,
    0x57, 0x24, 0x5E, 0xDB, 0x09, 0xDF, 0x77, 0x64, 0x27, 0xAE, 0xB7, 0xC3, 0xFA, 0x73, 0x3B, 0xD8,
    0xF7, 0x91, 0x0E, 0x5B, 0x2B, 0x17, 0xAD, 0xDA, 0xEB, 0x3E, 0x8F, 0x64, 0xD9, 0xA9, 0x90, 0x1E,
    0x80, 0x74, 0x47, 0x9D, 0x20, 0x8F, 0xEC, 0xEB, 0xF6, 0x93, 0x3A, 0x6D, 0x20, 0x6E, 0x42, 0xA9,
    0xB3, 0x16, 0xEA, 0x22, 0xE8, 0x92, 0xAD, 0xCE, 0x42, 0x19, 0xED, 0x3E, 0x6B, 0xD7, 0x3A, 0x0F,
    0xC9, 0x2E, 0xA5, 0x4E, 0x92, 0x67, 0xA4, 0x6E, 0x0B, 0x8A, 0xF1, 0x8F, 0x81, 0x25, 0xC6, 0x46,
    0x7A, 0x65, 0x62, 0xF8, 0x0B, 0x9C, 0x63, 0x86, 0xF1, 0x33, 0x23, 0x37, 0x5E, 0x9D, 0x79, 0xCD,
    0x2D, 0x56, 0x58, 0x68, 0x9C, 0x97, 0x98, 0xCD, 0xF8, 0xE6, 0x34, 0xE4, 0x41, 0x7A, 0x6D, 0x0E,
    0xD8, 0x73, 0x8D, 0xB4, 0x13, 0x0D, 0x9F, 0xC5, 0xB1, 0xBD, 0xE2, 0xB5, 0xE6, 0x53, 0x44, 0x9B,
    0xB7, 0x22, 0xC4, 0xB4, 0x3A, 0x3C, 0x46, 0x35, 0xF9, 0x40, 0xA2, 0xFD, 0x29, 0xB5, 0x08, 0x57,
    0xC5, 0x2F, 0x59, 0x17, 0xCD, 0xEB, 0xBC, 0x19, 0xBA, 0x3A, 0x4B, 0xDD, 0xC0, 0x61, 0x3C, 0x26,
    0x4C, 0xAD, 0x8D, 0xEF, 0x7A, 0xC9, 0x2F, 0x88, 0x2B, 0x51, 0x30, 0x2B, 0x16, 0x4E, 0x0F, 0x3D,
    0xE4, 0xB3, 0x91, 0x6E, 0xFF, 0xBF, 0xC5, 0xB0, 0x74, 0xC3, 0xD6, 0x7D, 0xD6, 0x6F, 0x8D, 0x54,
    0x31, 0x8F, 0xE4, 0x34, 0x14, 0x7E, 0x89, 0xA5, 0x0D, 0xC2, 0x45, 0x68, 0x46, 0x87, 0x74, 0xC5,
    0x50, 0xA2, 0xBD, 0x22, 0xFF, 0x00, 0x67, 0xFF, 0xC1, 0x14, 0x4C, 0x45, 0x71, 0xCD, 0x55, 0x4B,
    0x31, 0x7F, 0x00, 0x91, 0xFC, 0x02, 0xB4, 0xFF, 0x80, 0x2B, 0xB6, 0x98, 0x0D, 0xC5, 0x4A, 0x88,
    0xF2, 0x4E, 0xB6, 0x84, 0x44, 0x73, 0x05, 0xE9, 0x69, 0x22, 0x41, 0x81, 0x68, 0xCE, 0x12, 0x01,
    0x79, 0xE6, 0x92, 0x3C, 0xBE, 0x67, 0xCF, 0xEE, 0xED, 0x1D, 0x14, 0xCC, 0xE8, 0xFB, 0x12, 0xDB,
    0xB1, 0xFD, 0xF9, 0x7B, 0xEF, 0x99, 0xF2, 0x57, 0x44, 0xEA, 0xE7, 0x04, 0xFD, 0x0D, 0x11, 0x7F,
    0x3B, 0x14, 0x5C, 0x8D, 0xEB, 0x59, 0x8F, 0xA6, 0xCF, 0x7D, 0xE3, 0x32, 0x6F, 0x6B, 0x74, 0xD3,
    0x7B, 0x40, 0x9F, 0x75, 0x44, 0xA6, 0xA7, 0x8F, 0xAA, 0x50, 0xF8, 0x32, 0xF0, 0x98, 0xFF, 0xC5,
    0x3D, 0x7D, 0x7F, 0x20, 0xFA, 0xD3, 0x25, 0xFC, 0xDA, 0x12, 0x5D, 0x10, 0x9D, 0x77, 0xDD, 0x95,
    0x61, 0x1E, 0x2A, 0xA0, 0x18, 0xD5, 0x09, 0x44, 0x11, 0xCB, 0x0D, 0x15, 0xBC, 0x24, 0xA0, 0xFD,
    0xF8, 0x50, 0x93, 0xC1, 0x32, 0xD5, 0xD2, 0xC6, 0xB6, 0x0E, 0xD8, 0x83, 0xDB, 0x08, 0x74, 0xD6,
    0x84, 0x35, 0x94, 0xAC, 0x33, 0xA9, 0x41, 0x8F, 0xAA, 0xD7, 0x5E, 0xE6, 0x6C, 0xA8, 0xE1, 0x91,
    0x56, 0xDB, 0x4D, 0x84, 0xBC, 0x3F, 0x9A, 0x37, 0xA4, 0x26, 0x1C, 0x2B, 0x64, 0x5E, 0x8D, 0xB9,
    0xD7, 0xC7, 0xEF, 0x7C, 0xC3, 0x1C, 0x71, 0x7E, 0x43, 0x97, 0x7B, 0xC3, 0xC4, 0xD3, 0x9A, 0xDB,
    0x66, 0x54, 0xEC, 0x4A, 0xA7, 0x78, 0x10, 0xF2, 0xA5, 0x7B, 0xF4, 0xE6, 0xF0, 0xF4, 0x37, 0x7C,
    0xC6, 0x0B, 0x74, 0x77, 0xFB, 0xD5, 0x76, 0xBB, 0xFD, 0x3C, 0x36, 0x9F, 0x1C, 0x6F, 0x5F, 0xFF,
    0xAE, 0x7C, 0xC9, 0x4E, 0xF9, 0x42, 0x08, 0x13, 0x0B, 0x9F, 0xB1, 0x93, 0xA5, 0x84, 0x1A, 0x77,
    0xDE, 0xED, 0x45, 0x2E, 0x3B, 0xC2, 0x59, 0x3D, 0x36, 0x5F, 0x8F, 0x54, 0x84, 0x62, 0x92, 0x3E,
    0x6E, 0x23, 0xA1, 0x19, 0x64, 0x00, 0xA3, 0x38, 0x86, 0x50, 0x0B, 0x0A, 0xA2, 0x94, 0x1E, 0x52,
    0x21, 0x64, 0xD8, 0x9D, 0xE8, 0xF2, 0x86, 0xF6, 0x59, 0xF7, 0xDC, 0x2E, 0xF9, 0x04, 0x95, 0xBB,
    0xA0, 0x96, 0x8C, 0xAF, 0x4A, 0x48, 0x20, 0x43, 0x1A, 0x72, 0xE8, 0x6B, 0xD8, 0xA5, 0xB9, 0x7E,
    0x89, 0xD9, 0x25, 0xB7, 0x69, 0x47, 0x08, 0x91, 0x33, 0x74, 0x1D, 0xBC, 0x8B, 0xBF, 0xBB, 0x4E,
    0xE6, 0x5B, 0x3E, 0xB6, 0xD4, 0xBC, 0x54, 0x6F, 0x7A, 0xF4, 0x62, 0x49, 0xD9, 0x27, 0xE4, 0xF2,
    0xA8, 0xC6, 0x4C, 0xBC, 0x86, 0x40, 0x89, 0x71, 0xE9, 0x63, 0xB8, 0xEF, 0x7E, 0x2B, 0x74, 0x19,
    0x47, 0xAB, 0xA6, 0x27, 0x0B, 0x97, 0xC5, 0x69, 0x69, 0x3F, 0xB1, 0xF0, 0x0E, 0x36, 0x02, 0x66,
    0x30, 0x4E, 0xFE, 0xB6, 0x06, 0xE8, 0x01, 0xD0, 0x6E, 0x64, 0xE4, 0x6F, 0x76, 0x6B, 0xE6, 0xB1,
    0xE0, 0xA7, 0x23, 0x6D, 0x62, 0x72, 0x3C, 0x87, 0xAC, 0x51, 0x9E, 0xA4, 0xB1, 0xB3, 0x65, 0xE8,
    0xE0, 0x49, 0xCD, 0xD9, 0xA4, 0x47, 0x0A, 0x10, 0xF0, 0x0C, 0x5A, 0x10, 0xF7, 0x99, 0x3A, 0xB1,
    0x97, 0xD2, 0xFB, 0xED, 0x71, 0x2F, 0xE2, 0xA8, 0x94, 0x24, 0x9A, 0xE8, 0x07, 0xC5, 0xAF, 0x27,
    0x0C, 0x8C, 0x70, 0x1E, 0x1A, 0x37, 0x58, 0xF7, 0xC3, 0x0E, 0x8E, 0x23, 0x5A, 0xD5, 0xAC, 0x97,
    0x1A, 0x39, 0x17, 0xC4, 0x21, 0x0F, 0x2A, 0x7B, 0x10, 0x54, 0x3F, 0x3E, 0xD8, 0x6D, 0xB4, 0xA4,
    0x8E, 0xA4, 0x83, 0x6D, 0xD3, 0x00, 0x3E, 0x91, 0xEF, 0xB4, 0xCC, 0x40, 0x12, 0xE9, 0x90, 0xC1,
    0x66, 0xD6, 0x3C, 0x44, 0x82, 0x9F, 0xD7, 0xF8, 0x3E, 0x08, 0xA6, 0xCA, 0x85, 0x00, 0x6C, 0x2A,
    0xB7, 0xA1, 0xEA, 0x27, 0xB8, 0x07, 0xB7, 0x2C, 0x82, 0x7E, 0x38, 0xA3, 0xB3, 0x0B, 0x4B, 0xD4,
    0x60, 0x0D, 0xB8, 0x5A, 0xEC, 0xC4, 0xD9, 0x54, 0x2F, 0x39, 0x4F, 0x11, 0x77, 0xC9, 0xD2, 0x4A,
    0xB2, 0x0C, 0x69, 0xD3, 0x7B, 0x35, 0x6F, 0xE3, 0x95, 0x9A, 0x45, 0xD8, 0x41, 0x92, 0x64, 0x96,
    0x54, 0x0A, 0xD6, 0xAF, 0x53, 0xFD, 0x24, 0xD2, 0x29, 0x59, 0xDA, 0x53, 0xB2, 0x90, 0x1A, 0xDE,
    0x21, 0xA9, 0x9B, 0x5C, 0xBC, 0xD1, 0x90, 0x4C, 0xEB, 0x90, 0x07, 0xD1, 0x81, 0xF0, 0x39, 0x90,
    0x54, 0x77, 0x8A, 0xF1, 0x89, 0x50, 0x14, 0x0C, 0x49, 0x2D, 0xD7, 0xC5, 0x4C, 0xB6, 0xCD, 0x91,
    0x4B, 0x4E, 0xC8, 0x83, 0x4A, 0xBE, 0x9D, 0x24, 0x67, 0x51, 0x59, 0x96, 0xAF, 0xFE, 0xB5, 0x51,
    0x86, 0xB5, 0xCE, 0x70, 0x16, 0x83, 0x00, 0x41, 0x36, 0x72, 0xD3, 0xD6, 0x9F, 0x91, 0x41, 0x6F,
    0x83, 0xCA, 0x5C, 0x6A, 0x9C, 0x64, 0xB8, 0x44, 0x3A, 0xA2, 0xA8, 0xE2, 0xFB, 0xEE, 0x0F, 0xC4,
    0x48, 0x54, 0xD7, 0x1A, 0xCF, 0xB2, 0x35, 0x87, 0x5D, 0xBB, 0x96, 0x22, 0x61, 0x28, 0x96, 0x5C,
    0x53, 0xFD, 0x5B, 0xC8, 0x21, 0xA5, 0xF2, 0x71, 0x90, 0xF5, 0xFC, 0xC5, 0xE9, 0x76, 0xA2, 0xFF,
    0x77, 0x3B, 0x61, 0x0E, 0x54, 0xF7, 0xB4, 0x3B, 0xBC, 0xBB, 0x26, 0x04, 0x43, 0xCF, 0xDE, 0xC6,
    0x13, 0xD1, 0xFD, 0xBB, 0xE0, 0x45, 0x39, 0xBC, 0x00, 0xBE, 0x7A, 0x56, 0x0E, 0x9F, 0x52, 0x89,
    0xD3, 0xFD, 0x17, 0x62, 0x66, 0x2E, 0xA2, 0x4B, 0xE6, 0xB6, 0x56, 0xF6, 0x48, 0xEB, 0xA4, 0xF7,
    0x0C, 0x63, 0xD9, 0x4C, 0x72, 0x15, 0xAD, 0x76, 0xF0, 0x1A, 0x5D, 0x0D, 0xA7, 0x1A, 0x8A, 0xF3,
    0xE5, 0xFA, 0x92, 0x6B, 0x2A, 0x5F, 0x44, 0xB5, 0x13, 0xD5, 0xF9, 0x75, 0xBA, 0x01, 0x54, 0xF8,
    0x98, 0xD4, 0x51, 0xDC, 0x1E, 0x90, 0xA9, 0x1F, 0x50, 0x73, 0x31, 0xD1, 0x27, 0xBB, 0x81, 0xF4,
    0x2C, 0x59, 0x95, 0x5D, 0x7F, 0x19, 0xD4, 0xA4, 0x82, 0xFC, 0x0B, 0x00, 0x57, 0x41, 0x30, 0xE2,
    0x0D, 0x2E, 0xA2, 0x05, 0xDE, 0x4B, 0x34, 0xCE, 0x62, 0xD9, 0x6B, 0xF7, 0x3E, 0xDB, 0x59, 0xF2,
    0x46, 0x72, 0x09, 0xB1, 0xC6, 0x35, 0x45, 0xE6, 0x97, 0x57, 0xD8, 0xD0, 0xEA, 0x1F, 0xA1, 0x64,
    0xD1, 0x6E, 0xA1, 0x7C, 0xD2, 0x8E, 0x21, 0x4C, 0xA3, 0x74, 0x55, 0xD0, 0xAE, 0x41, 0xFD, 0x68,
    0x67, 0x5A, 0xED, 0xC1, 0x2E, 0x71, 0x09, 0xAE, 0xEE, 0x19, 0x49, 0xD6, 0x37, 0x62, 0x48, 0x88,
    0x3C, 0xA1, 0x46, 0x48, 0xF2, 0xD6, 0xCA, 0xB5, 0x30, 0x98, 0xA1, 0x1C, 0x4A, 0xFF, 0x00, 0xF8,
    0x37, 0x4E, 0xC6, 0x25, 0x21, 0x53, 0x49, 0xF7, 0x11, 0xF7, 0xA6, 0x72, 0xC2, 0x3F, 0x8D, 0x92,
    0x4D, 0x6A, 0xC3, 0x30, 0x10, 0x85, 0x47, 0xD6, 0xC2, 0x05, 0x17, 0xB4, 0x69, 0x77, 0x05, 0x5F,
    0xA0, 0xE0, 0x0B, 0xA4, 0xC8, 0xD0, 0x33, 0xF8, 0x3A, 0x95, 0xA0, 0x17, 0xC9, 0x4D, 0x22, 0xC8,
    0x05, 0x0A, 0xBD, 0x80, 0x21, 0x17, 0x30, 0x54, 0xA9, 0x03, 0x71, 0x32, 0x9D, 0x27, 0xD9, 0xC5,
    0x74, 0xD3, 0x78, 0x31, 0xB2, 0xA4, 0xF9, 0x79, 0xF3, 0x8D, 0x48, 0xB5, 0x44, 0xA4, 0x3F, 0xC4,
    0x18, 0x18, 0x8B, 0xED, 0x15, 0x47, 0x27, 0x1C, 0x0D, 0x38, 0x62, 0xE6, 0x13, 0xCC, 0x94, 0xFE,
    0x4C, 0xBF, 0xDC, 0x2A, 0xF8, 0x91, 0xF3, 0x62, 0x6A, 0xC4, 0x96, 0xB8, 0x51, 0xD8, 0xD2, 0x16,
    0x5B, 0xF8, 0xD4, 0xF0, 0x71, 0x1C, 0x48, 0x31, 0x0F, 0x54, 0x8E, 0xE7, 0x89, 0x9A, 0xCF, 0xC8,
    0xE4, 0x74, 0xB4, 0x61, 0xA3, 0xA3, 0x69, 0x49, 0x47, 0x24, 0xBC, 0xD1, 0x50, 0x01, 0x63, 0xC2,
    0x22, 0x2E, 0x09, 0x49, 0x82, 0xC9, 0x26, 0x21, 0xFD, 0x1F, 0xB9, 0xBF, 0x5D, 0x20, 0x84, 0x91,
    0x60, 0x12, 0x53, 0x0D, 0x4B, 0x16, 0x8D, 0xA3, 0xED, 0xED, 0x0A, 0x9E, 0x74, 0xD4, 0x50, 0x5F,
    0x07, 0xBB, 0x8F, 0xAE, 0x35, 0x5F, 0xC7, 0x0B, 0x69, 0x66, 0xB9, 0x61, 0x16, 0x08, 0x0D, 0x4A,
    0x54, 0x28, 0x51, 0xA0, 0x84, 0xD0, 0xBD, 0xCB, 0x7C, 0x9B, 0x4C, 0x18, 0x32, 0x84, 0x31, 0x24,
    0x89, 0x68, 0x3D, 0xE5, 0x06, 0x78, 0xD6, 0xE8, 0x21, 0x99, 0xB9, 0xCF, 0xCB, 0x30, 0x2F, 0x89,
    0xB8, 0x0D, 0xB3, 0x27, 0xA8, 0xA3, 0x07, 0xE1, 0x8E, 0x2E, 0x84, 0x7C, 0x1D, 0x12, 0x7B, 0x9B,
    0xE9, 0xDF, 0xD3, 0xFC, 0x25, 0xC9, 0xE6, 0x92, 0x26, 0xD8, 0x66, 0x79, 0x49, 0xA8, 0x39, 0x1C,
    0xAF, 0x64, 0xDF, 0xA3, 0xF3, 0x6F, 0xD2, 0x86, 0x7F, 0xD0, 0xB1, 0xB8, 0xA5, 0xF1, 0x17, 0x1D,
    0xAB, 0xD6, 0xBD, 0xC6, 0x26, 0xD4, 0x07, 0x19, 0x60, 0x79, 0x1E, 0xA7, 0x3C, 0x54, 0x19, 0xAF,
    0x9F, 0x07, 0x9D, 0xA7, 0x01, 0x9A, 0x0A, 0x9A, 0x4B, 0x70, 0xA8, 0x79, 0xFD, 0x02, 0xAA, 0x51,
    0xC2, 0x9A, 0xFD, 0xEA, 0x05, 0x54, 0xFF, 0xBC, 0x80, 0x67, 0x1D, 0xCB, 0x0C, 0x5C, 0xC2, 0x76,
    0x92, 0xE0, 0x7B, 0xA2, 0x22, 0xD5, 0xDD, 0x49, 0xD2, 0x15, 0x70, 0x35, 0xCC, 0x8D, 0x03, 0x5B,
    0x22, 0xE9, 0x1F, 0xBB, 0xAE, 0xA3, 0x1F, 0x8D, 0x90, 0xB1, 0x4A, 0x03, 0x41, 0x10, 0x86, 0xFF,
    0xBB, 0x10, 0x52, 0xDC, 0xC2, 0x55, 0xBE, 0x85, 0x70, 0x0B, 0x16, 0x36, 0x07, 0x7B, 0xBE, 0x41,
    0xDE, 0x24, 0x88, 0x85, 0x57, 0x04, 0x93, 0x07, 0xB0, 0xC8, 0x43, 0xF8, 0x00, 0x07, 0xB6, 0x42,
    0x56, 0x02, 0x5A, 0x24, 0xEA, 0x82, 0x6D, 0x8A, 0x4D, 0x22, 0x58, 0x08, 0x71, 0x8B, 0x88, 0x07,
    0xB9, 0xDC, 0x3A, 0xBB, 0xC6, 0x14, 0x12, 0xC4, 0x99, 0x59, 0x3E, 0xE6, 0x87, 0xF9, 0x77, 0x77,
    0x00, 0xE8, 0x7D, 0xD9, 0xD4, 0x42, 0x0F, 0x95, 0x95, 0x17, 0x70, 0xA1, 0x7D, 0xAD, 0x80, 0x0D,
    0x60, 0x81, 0xF7, 0x3E, 0x16, 0x12, 0x73, 0x89, 0x99, 0xAF, 0x79, 0xBF, 0xB9, 0x80, 0x98, 0x61,
    0xA8, 0x60, 0x25, 0xBE, 0x27, 0xDA, 0x40, 0xC7, 0x20, 0xB1, 0x06, 0xF6, 0xA5, 0xA0, 0xC9, 0x82,
    0x0C, 0xFE, 0x38, 0x41, 0xD1, 0xD4, 0x89, 0x11, 0xBA, 0x47, 0x97, 0x0E, 0xA5, 0x95, 0x62, 0x6B,
    0xB3, 0xCF, 0x87, 0x7A, 0xEB, 0x7A, 0x5D, 0xC0, 0xFC, 0xCF, 0x67, 0xF0, 0xEB, 0x77, 0xAF, 0x7A,
    0xB9, 0x32, 0xB9, 0xCE, 0x75, 0x31, 0xD7, 0x36, 0xBB, 0x42, 0x46, 0x46, 0xA6, 0xFB, 0x59, 0xD9,
    0xAA, 0x4E, 0xCD, 0x4F, 0x76, 0xD7, 0xBE, 0x1F, 0xA4, 0x48, 0xC9, 0x22, 0x90, 0x08, 0x14, 0x55,
    0x14, 0x2C, 0xA3, 0xB0, 0x8E, 0x92, 0x32, 0xB2, 0x4A, 0x7C, 0x28, 0x7B, 0xA2, 0xDE, 0x9C, 0xE8,
    0xF5, 0x46, 0x1D, 0x75, 0x9C, 0xDE, 0xDB, 0xE9, 0xC8, 0x22, 0xA0, 0x45, 0xE3, 0x07, 0xE4, 0xD0,
    0x46, 0x68, 0x4B, 0xF4, 0x6C, 0x16, 0x5F, 0x26, 0xE1, 0xEA, 0x4E, 0x0B, 0x16, 0x8F, 0x0B, 0x59,
    0x9E, 0x33, 0xB6, 0xE1, 0x72, 0x7A, 0xCD, 0x58, 0xCE, 0xE5, 0xE3, 0x33, 0x63, 0x9C, 0xCB, 0xFB,
    0x91, 0xC7, 0x68, 0x8B, 0xAD, 0xB8, 0xF0, 0x18, 0x9F, 0x79, 0x3C, 0x1C, 0x7B, 0x4C, 0x13, 0x8F,
    0x32, 0xF6, 0x30, 0x2D, 0x87, 0x5B, 0x15, 0x4E, 0x08, 0xA3, 0x3E, 0x2A, 0xC2, 0x13, 0x90, 0x12,
    0x2A, 0x20, 0x26, 0x18, 0xA0, 0x31, 0xE1, 0x47, 0x92, 0xDE, 0x74, 0xC3, 0x85, 0xDB, 0xF0, 0x21,
    0xCF, 0x1D, 0x5A, 0xA7, 0xCA, 0x21, 0x58, 0x67, 0x7E, 0xEF, 0x29, 0x76, 0xF1, 0x05, 0x63, 0x90,
    0x5E, 0xB0, 0x80, 0x81, 0xE1, 0xFF, 0xE7, 0x1F, 0x0C, 0xCC, 0xFF, 0xBF, 0xFF, 0x61, 0x60, 0xFF,
    0xC1, 0xFC, 0x83, 0x81, 0xFB, 0x03, 0xE3, 0x02, 0x20, 0xC1, 0xC0, 0xC0, 0xC0, 0xFF, 0x35, 0x6A,
    0x09, 0x43, 0xFD, 0xFF, 0xFF, 0x3F, 0x20, 0x04, 0xF7, 0x07, 0x66, 0xA2, 0x08, 0xFE, 0x0F, 0xCC,
    0x7F, 0x18, 0xEC, 0xFF, 0xEB, 0xFF, 0x77, 0xA8, 0x07, 0x11, 0x0C, 0x5C, 0x2F, 0x43, 0x18, 0x18,
    0xF6, 0xFF, 0xFF, 0x03, 0xB4, 0x03, 0x44, 0xFC, 0x61, 0xFA, 0x03, 0x54, 0x07, 0x23, 0xF8, 0xBF,
    0x3A, 0xFD, 0x01, 0x1A, 0x7F, 0x08, 0x4A, 0x20, 0x24, 0xF0, 0x13, 0x50, 0x3B, 0xE4, 0xFF, 0x37,
    0xD4, 0x03, 0x89, 0x03, 0x00, 0x55, 0x8E, 0xB1, 0x4A, 0x03, 0x41, 0x10, 0x86, 0xFF, 0xBB, 0x2D,
    0x44, 0x36, 0xB9, 0xB5, 0xB1, 0xD1, 0x40, 0x5E, 0x20, 0x90, 0x14, 0x57, 0x58, 0x88, 0x9E, 0xE4,
    0x1D, 0xAC, 0x7C, 0x04, 0x21, 0x3E, 0x80, 0xC5, 0x81, 0x2F, 0xE0, 0x43, 0xD8, 0x58, 0x25, 0x45,
    0x8A, 0x14, 0x42, 0x46, 0x02, 0x5A, 0xD8, 0xEC, 0x23, 0x6C, 0x61, 0xE3, 0x55, 0x57, 0xA4, 0x48,
    0x20, 0xC9, 0x38, 0xB3, 0x97, 0x08, 0x0E, 0xEC, 0xF7, 0x2F, 0xFF, 0xCE, 0xCE, 0xFC, 0x00, 0x4E,
    0xA0, 0xB5, 0x55, 0xA4, 0x5F, 0x91, 0x8B, 0x86, 0x85, 0xD0, 0x3C, 0x45, 0x0E, 0x95, 0xCE, 0xA8,
    0x7F, 0x69, 0xF5, 0x31, 0xB8, 0xB9, 0x87, 0x2B, 0xDC, 0xCB, 0x03, 0x3A, 0xE8, 0x21, 0xBF, 0x9D,
    0x09, 0x07, 0xFC, 0x0C, 0x37, 0x5E, 0x06, 0xA0, 0x5B, 0xDD, 0x09, 0xAF, 0x90, 0x09, 0x77, 0x68,
    0x07, 0xD8, 0xCF, 0xEA, 0x2D, 0xE0, 0xD8, 0x54, 0x2B, 0x71, 0x2C, 0x5A, 0x7F, 0x34, 0x3F, 0xF7,
    0xBC, 0x84, 0x1D, 0xD7, 0xA7, 0xA3, 0xA2, 0x0D, 0x42, 0xBA, 0x76, 0x37, 0x04, 0xF4, 0x99, 0x4B,
    0xFC, 0xAF, 0x79, 0x74, 0x6C, 0x48, 0x36, 0x22, 0x8F, 0x72, 0x2B, 0x90, 0x78, 0x20, 0x09, 0x38,
    0xD2, 0x74, 0x17, 0xC8, 0xB4, 0x4B, 0xD3, 0x68, 0x1B, 0x72, 0x15, 0x83, 0x49, 0x1A, 0x30, 0x33,
    0x65, 0x30, 0x35, 0x36, 0x09, 0x79, 0x15, 0x90, 0x97, 0x8F, 0x53, 0x10, 0xC5, 0xB9, 0xE4, 0xF7,
    0xF2, 0x0A, 0x9C, 0x95, 0x14, 0x3E, 0x98, 0xBF, 0xDF, 0x69, 0xB2, 0x06, 0xCE, 0x17, 0x65, 0x7E,
    0xCD, 0xCC, 0x43, 0xF4, 0xBA, 0xCC, 0x5B, 0x8B, 0xCC, 0xAC, 0xD2, 0xBA, 0x23, 0xFB, 0xFA, 0x3B,
    0x99, 0x2F, 0x9B, 0xE3, 0x69, 0xB2, 0x1C, 0x92, 0xED, 0x73, 0x36, 0xF5, 0x0B,
};

static const EpdGlyph bitter_12_boldGlyphs[] = {
    { 0, 0, 72, 0, 0, 0, 0 }, // U+0020
    { 4, 19, 128, 2, 18, 19, 0 }, // !
    { 9, 8, 174, 1, 20, 18, 19 }, // "
    { 16, 18, 269, 0, 18, 72, 37 }, // #
    { 13, 25, 243, 1, 21, 82, 109 }, // $
    { 20, 19, 347, 1, 18, 95, 191 }, // %
    { 16, 19, 269, 1, 18, 76, 286 }, // &
    { 4, 8, 100, 1, 20, 8, 362 }, // '
    { 8, 27, 126, 0, 23, 54, 370 }, // (
    { 8, 27, 126, 0, 23, 54, 424 }, // )
    { 10, 10, 182, 1, 20, 25, 478 }, // *
    { 13, 13, 218, 0, 15, 43, 503 }, // +
    { 6, 9, 98, 0, 4, 14, 546 }, // ,
    { 9, 3, 178, 1, 9, 7, 560 }, // -
    { 5, 5, 93, 0, 4, 7, 567 }, // .
    { 10, 24, 136, -1, 21, 60, 574 }, // /
    { 15, 16, 260, 1, 15, 60, 634 }, // 0
    { 11, 15, 176, 0, 15, 42, 694 }, // 1
    { 13, 15, 232, 1, 15, 49, 736 }, // 2
    { 13, 19, 219, 0, 15, 62, 785 }, // 3
    { 15, 18, 240, 0, 15, 68, 847 }, // 4
    { 13, 19, 212, 0, 15, 62, 915 }, // 5
    { 14, 19, 240, 1, 18, 67, 977 }, // 6
    { 13, 19, 216, 0, 15, 62, 1044 }, // 7
    { 13, 19, 240, 1, 18, 62, 1106 }, // 8
    { 14, 19, 240, 0, 15, 67, 1168 }, // 9
    { 5, 13, 93, 0, 12, 17, 1235 }, // :
    { 6, 17, 96, 0, 12, 26, 1252 }, // ;
    { 13, 14, 218, 0, 16, 46, 1278 }, // <
    { 13, 8, 213, 0, 12, 26, 1324 }, // =
    { 12, 12, 216, 1, 15, 36, 1350 }, // >
    { 11, 19, 179, 0, 18, 53, 1386 }, // ?
    { 20, 20, 347, 1, 17, 100, 1439 }, // @
    { 18, 18, 285, 0, 18, 81, 1539 }, // A
    { 16, 18, 259, 0, 18, 72, 1620 }, // B
    { 14, 19, 253, 1, 18, 67, 1692 }, // C
    { 17, 18, 285, 0, 18, 77, 1759 }, // D
    { 14, 18, 244, 0, 18, 63, 1836 }, // E
    { 14, 18, 225, 0, 18, 63, 1899 }, // F
    { 17, 19, 286, 1, 18, 81, 1962 }, // G
    { 19, 18, 315, 0, 18, 86, 2043 }, // H
    { 9, 18, 145, 0, 18, 41, 2129 }, // I
    { 10, 23, 137, -2, 18, 58, 2170 }, // J
    { 18, 18, 287, 0, 18, 81, 2228 }, // K
    { 14, 18, 223, 0, 18, 63, 2309 }, // L
    { 21, 18, 349, 0, 18, 95, 2372 }, // M
    { 19, 18, 309, 0, 18, 86, 2467 }, // N
    { 17, 19, 293, 1, 18, 81, 2553 }, // O
    { 15, 18, 244, 0, 18, 68, 2634 }, // P
    { 20, 23, 295, 1, 18, 115, 2702 }, // Q
    { 17, 18, 267, 0, 18, 77, 2817 }, // R
    { 13, 19, 240, 1, 18, 62, 2894 }, // S
    { 15, 18, 245, 0, 18, 68, 2956 }, // T
    { 19, 19, 297, 0, 18, 91, 3024 }, // U
    { 18, 19, 284, 0, 18, 86, 3115 }, // V
    { 26, 19, 408, 0, 18, 124, 3201 }, // W
    { 18, 18, 284, 0, 18, 81, 3325 }, // X
    { 17, 18, 259, 0, 18, 77, 3406 }, // Y
    { 15, 18, 249, 0, 18, 68, 3483 }, // Z
    { 7, 25, 139, 2, 22, 44, 3551 }, // [
    { 10, 24, 140, -1, 21, 60, 3595 }, // <backslash>
    { 7, 25, 139, 0, 22, 44, 3655 }, // ]
    { 13, 10, 218, 0, 23, 33, 3699 }, // ^
    { 14, 3, 196, -1, -1, 11, 3732 }, // _
    { 8, 6, 138, 0, 21, 12, 3743 }, // `
    { 14, 15, 224, 0, 14, 53, 3755 }, // a
    { 14, 21, 236, 0, 20, 74, 3808 }, // b
    { 13, 15, 206, 0, 14, 49, 3882 }, // c
    { 15, 21, 242, 0, 20, 79, 3931 }, // d
    { 13, 15, 220, 0, 14, 49, 4010 }, // e
    { 11, 20, 150, 0, 20, 55, 4059 }, // f
    { 14, 21, 230, 0, 14, 74, 4114 }, // g
    { 16, 20, 253, 0, 20, 80, 4188 }, // h
    { 8, 20, 127, 0, 20, 40, 4268 }, // i
    { 8, 27, 116, -2, 20, 54, 4308 }, // j
    { 15, 20, 238, 0, 20, 75, 4362 }, // k
    { 8, 20, 124, 0, 20, 40, 4437 }, // l
    { 24, 14, 382, 0, 14, 84, 4477 }, // m
    { 16, 14, 258, 0, 14, 56, 4561 }, // n
    { 14, 15, 231, 0, 14, 53, 4617 }, // o
    { 15, 20, 243, 0, 14, 75, 4670 }, // p
    { 15, 20, 236, 0, 14, 75, 4745 }, // q
    { 12, 14, 188, 0, 14, 42, 4820 }, // r
    { 11, 15, 197, 1, 14, 42, 4862 }, // s
    { 10, 18, 158, 0, 17, 45, 4904 }, // t
    { 16, 15, 253, 0, 14, 60, 4949 }, // u
    { 15, 15, 218, -1, 14, 57, 5009 }, // v
    { 22, 15, 333, -1, 14, 83, 5066 }, // w
    { 14, 14, 228, 0, 14, 49, 5149 }, // x
    { 15, 21, 222, -1, 14, 79, 5198 }, // y
    { 12, 14, 202, 0, 14, 42, 5277 }, // z
    { 9, 25, 144, 0, 22, 57, 5319 }, // {
    { 4, 24, 125, 2, 21, 24, 5376 }, // |
    { 9, 25, 144, 0, 22, 57, 5400 }, // }
    { 13, 6, 236, 1, 12, 20, 5457 }, // ~
    { 0, 0, 72, 0, 0, 0, 0 }, // U+00A0
    { 4, 19, 128, 2, 14, 19, 0 }, // U+00A1
    { 12, 20, 214, 1, 19, 60, 19 }, // U+00A2
    { 14, 18, 261, 1, 18, 63, 79 }, // U+00A3
    { 14, 13, 262, 1, 14, 46, 142 }, // U+00A4
    { 17, 18, 278, 0, 18, 77, 188 }, // U+00A5
    { 4, 24, 125, 2, 21, 24, 265 }, // U+00A6
    { 12, 23, 220, 1, 18, 69, 289 }, // U+00A7
    { 10, 5, 186, 1, 20, 13, 358 }, // U+00A8
    { 20, 19, 344, 1, 18, 95, 371 }, // U+00A9
    { 11, 15, 175, 0, 18, 42, 466 }, // U+00AA
    { 12, 12, 214, 1, 13, 36, 508 }, // U+00AB
    { 13, 8, 237, 1, 10, 26, 544 }, // U+00AC
    { 0, 0, 0, 0, 0, 0, 570 }, // U+00AD
    { 16, 16, 285, 1, 19, 64, 570 }, // U+00AE
    { 9, 3, 171, 1, 19, 7, 634 }, // U+00AF
    { 10, 9, 176, 0, 19, 23, 641 }, // U+00B0
    { 12, 17, 232, 1, 17, 51, 664 }, // U+00B1
    { 9, 11, 147, 0, 20, 25, 715 }, // U+00B2
    { 9, 12, 149, 0, 20, 27, 740 }, // U+00B3
    { 8, 6, 139, 1, 21, 12, 767 }, // U+00B4
    { 16, 20, 263, 0, 14, 80, 779 }, // U+00B5
    { 16, 23, 258, 0, 18, 92, 859 }, // U+00B6
    { 5, 5, 93, 0, 10, 7, 951 }, // U+00B7
    { 8, 7, 129, 0, 0, 14, 958 }, // U+00B8
    { 8, 11, 118, 0, 20, 22, 972 }, // U+00B9
    { 11, 15, 189, 0, 18, 42, 994 }, // U+00BA
    { 12, 12, 214, 1, 13, 36, 1036 }, // U+00BB
    { 22, 19, 359, 0, 18, 105, 1072 }, // U+00BC
    { 23, 19, 368, 0, 18, 110, 1177 }, // U+00BD
    { 23, 19, 373, 0, 18, 110, 1287 }, // U+00BE
    { 11, 19, 175, 0, 14, 53, 1397 }, // U+00BF
    { 18, 24, 285, 0, 24, 108, 1450 }, // U+00C0
    { 18, 24, 285, 0, 24, 108, 1558 }, // U+00C1
    { 18, 24, 285, 0, 24, 108, 1666 }, // U+00C2
    { 18, 23, 285, 0, 23, 104, 1774 }, // U+00C3
    { 18, 23, 285, 0, 23, 104, 1878 }, // U+00C4
    { 18, 25, 285, 0, 25, 113, 1982 }, // U+00C5
    { 23, 18, 377, 0, 18, 104, 2095 }, // U+00C6
    { 14, 25, 253, 1, 18, 88, 2199 }, // U+00C7
    { 14, 24, 244, 0, 24, 84, 2287 }, // U+00C8
    { 14, 24, 244, 0, 24, 84, 2371 }, // U+00C9
    { 14, 24, 244, 0, 24, 84, 2455 }, // U+00CA
    { 14, 23, 244, 0, 23, 81, 2539 }, // U+00CB
    { 9, 24, 145, 0, 24, 54, 2620 }, // U+00CC
    { 9, 24, 145, 0, 24, 54, 2674 }, // U+00CD
    { 11, 24, 145, -1, 24, 66, 2728 }, // U+00CE
    { 10, 23, 145, 0, 23, 58, 2794 }, // U+00CF
    { 17, 18, 285, 0, 18, 77, 2852 }, // U+00D0
    { 19, 23, 309, 0, 23, 110, 2929 }, // U+00D1
    { 17, 25, 293, 1, 24, 107, 3039 }, // U+00D2
    { 17, 25, 293, 1, 24, 107, 3146 }, // U+00D3
    { 17, 25, 293, 1, 24, 107, 3253 }, // U+00D4
    { 17, 24, 293, 1, 23, 102, 3360 }, // U+00D5
    { 17, 24, 293, 1, 23, 102, 3462 }, // U+00D6
    { 12, 12, 200, 0, 15, 36, 3564 }, // U+00D7
    { 17, 22, 294, 1, 20, 94, 3600 }, // U+00D8
    { 19, 25, 297, 0, 24, 119, 3694 }, // U+00D9
    { 19, 25, 297, 0, 24, 119, 3813 }, // U+00DA
    { 19, 25, 297, 0, 24, 119, 3932 }, // U+00DB
    { 19, 24, 297, 0, 23, 114, 4051 }, // U+00DC
    { 17, 24, 259, 0, 24, 102, 4165 }, // U+00DD
    { 15, 18, 240, 0, 18, 68, 4267 }, // U+00DE
    { 18, 21, 279, 0, 20, 95, 4335 }, // U+00DF
    { 14, 22, 224, 0, 21, 77, 4430 }, // U+00E0
    { 14, 22, 224, 0, 21, 77, 4507 }, // U+00E1
    { 14, 22, 224, 0, 21, 77, 4584 }, // U+00E2
    { 14, 21, 224, 0, 20, 74, 4661 }, // U+00E3
    { 14, 21, 224, 0, 20, 74, 4735 }, // U+00E4
    { 14, 23, 224, 0, 22, 81, 4809 }, // U+00E5
    { 21, 15, 342, 0, 14, 79, 4890 }, // U+00E6
    { 13, 21, 206, 0, 14, 69, 4969 }, // U+00E7
    { 13, 22, 220, 0, 21, 72, 5038 }, // U+00E8
    { 13, 22, 220, 0, 21, 72, 5110 }, // U+00E9
    { 13, 22, 220, 0, 21, 72, 5182 }, // U+00EA
    { 13, 21, 220, 0, 20, 69, 5254 }, // U+00EB
    { 8, 21, 127, 0, 21, 42, 5323 }, // U+00EC
    { 9, 21, 127, 0, 21, 48, 5365 }, // U+00ED
    { 10, 21, 127, -1, 21, 53, 5413 }, // U+00EE
    { 9, 20, 127, -1, 20, 45, 5466 }, // U+00EF
    { 14, 21, 233, 0, 20, 74, 5511 }, // U+00F0
    { 16, 20, 258, 0, 20, 80, 5585 }, // U+00F1
    { 14, 22, 231, 0, 21, 77, 5665 }, // U+00F2
    { 14, 22, 231, 0, 21, 77, 5742 }, // U+00F3
    { 14, 22, 231, 0, 21, 77, 5819 }, // U+00F4
    { 14, 21, 231, 0, 20, 74, 5896 }, // U+00F5
    { 14, 21, 231, 0, 20, 74, 5970 }, // U+00F6
    { 13, 15, 213, 0, 16, 49, 6044 }, // U+00F7
    { 14, 19, 232, 0, 16, 67, 6093 }, // U+00F8
    { 16, 22, 253, 0, 21, 88, 6160 }, // U+00F9
    { 16, 22, 253, 0, 21, 88, 6248 }, // U+00FA
    { 16, 22, 253, 0, 21, 88, 6336 }, // U+00FB
    { 16, 21, 253, 0, 20, 84, 6424 }, // U+00FC
    { 15, 28, 222, -1, 21, 105, 6508 }, // U+00FD
    { 15, 26, 237, 0, 20, 98, 6613 }, // U+00FE
    { 15, 27, 222, -1, 20, 102, 6711 }, // U+00FF
    { 0, 0, 220, 0, 0, 0, 0 }, // U+2007
    { 0, 0, 93, 0, 0, 0, 0 }, // U+2008
    { 0, 0, 36, 0, 0, 0, 0 }, // U+2009
    { 0, 0, 40, 0, 0, 0, 0 }, // U+200A
    { 0, 0, 0, 0, 0, 0, 0 }, // U+200B
    { 0, 0, 0, 0, 0, 0, 0 }, // U+200C
    { 0, 0, 0, 0, 0, 0, 0 }, // U+200D
    { 0, 0, 0, 0, 0, 0, 0 }, // U+200E
    { 0, 0, 0, 0, 0, 0, 0 }, // U+200F
    { 9, 3, 173, 1, 9, 7, 0 }, // U+2010
    { 14, 4, 262, 1, 11, 14, 7 }, // U+2012
    { 13, 3, 242, 1, 9, 10, 21 }, // U+2013
    { 19, 4, 342, 1, 9, 19, 31 }, // U+2014
    { 19, 4, 342, 1, 9, 19, 50 }, // U+2015
    { 14, 7, 196, -1, -1, 25, 69 }, // U+2017
    { 5, 8, 90, 0, 20, 10, 94 }, // U+2018
    { 5, 9, 90, 0, 20, 12, 104 }, // U+2019
    { 5, 9, 90, 0, 4, 12, 116 }, // U+201A
    { 5, 8, 90, 0, 20, 10, 128 }, // U+201B
    { 10, 9, 166, 0, 21, 23, 138 }, // U+201C
    { 10, 9, 166, 0, 20, 23, 161 }, // U+201D
    { 10, 9, 166, 0, 4, 23, 184 }, // U+201E
    { 12, 20, 197, 0, 18, 60, 207 }, // U+2020
    { 12, 20, 197, 0, 18, 60, 267 }, // U+2021
    { 9, 9, 170, 1, 12, 21, 327 }, // U+2022
    { 13, 5, 256, 1, 4, 17, 348 }, // U+2025
    { 18, 5, 297, 0, 4, 23, 365 }, // U+2026
    { 0, 0, 0, 0, 0, 0, 388 }, // U+202A
    { 0, 0, 0, 0, 0, 0, 388 }, // U+202B
    { 0, 0, 0, 0, 0, 0, 388 }, // U+202C
    { 0, 0, 0, 0, 0, 0, 388 }, // U+202D
    { 0, 0, 0, 0, 0, 0, 388 }, // U+202E
    { 30, 19, 508, 1, 18, 143, 388 }, // U+2030
    { 5, 8, 121, 1, 20, 10, 531 }, // U+2032
    { 10, 8, 190, 1, 20, 20, 541 }, // U+2033
    { 6, 12, 127, 1, 13, 18, 561 }, // U+2039
    { 6, 12, 127, 1, 13, 18, 579 }, // U+203A
    { 10, 19, 224, 2, 18, 48, 597 }, // U+203C
    { 10, 3, 171, 0, 17, 8, 645 }, // U+203E
    { 15, 19, 78, -5, 18, 72, 653 }, // U+2044
    { 0, 0, 0, 0, 0, 0, 725 }, // U+2060
    { 0, 0, 0, 0, 0, 0, 725 }, // U+2061
    { 0, 0, 0, 0, 0, 0, 725 }, // U+2062
    { 0, 0, 0, 0, 0, 0, 725 }, // U+2063
    { 0, 0, 0, 0, 0, 0, 725 }, // U+2064
    { 0, 0, 0, 0, 0, 0, 725 }, // U+2066
    { 0, 0, 0, 0, 0, 0, 725 }, // U+2067
    { 0, 0, 0, 0, 0, 0, 725 }, // U+2068
    { 0, 0, 0, 0, 0, 0, 725 }, // U+2069
    { 0, 0, 0, 0, 0, 0, 725 }, // U+206A
    { 0, 0, 0, 0, 0, 0, 725 }, // U+206B
    { 0, 0, 0, 0, 0, 0, 725 }, // U+206C
    { 0, 0, 0, 0, 0, 0, 725 }, // U+206D
    { 0, 0, 0, 0, 0, 0, 725 }, // U+206E
    { 0, 0, 0, 0, 0, 0, 725 }, // U+206F
    { 15, 25, 266, 1, 21, 94, 0 }, // U+20A1
    { 14, 18, 249, 1, 18, 63, 94 }, // U+20A3
    { 14, 18, 266, 1, 18, 63, 157 }, // U+20A4
    { 20, 18, 350, 1, 18, 90, 220 }, // U+20A6
    { 17, 18, 278, 0, 18, 77, 310 }, // U+20A7
    { 26, 19, 419, 0, 18, 124, 387 }, // U+20A9
    { 15, 24, 274, 1, 20, 90, 511 }, // U+20AB
    { 16, 19, 278, 1, 18, 76, 601 }, // U+20AC
    { 18, 18, 316, 1, 18, 81, 677 }, // U+20AD
    { 15, 18, 264, 1, 18, 68, 758 }, // U+20AE
    { 17, 18, 279, 0, 18, 77, 826 }, // U+20B1
    { 17, 25, 293, 1, 21, 107, 903 }, // U+20B2
    { 14, 19, 279, 2, 18, 67, 1010 }, // U+20B4
    { 15, 25, 266, 1, 21, 94, 1077 }, // U+20B5
    { 16, 18, 248, 0, 18, 72, 1171 }, // U+20B8
    { 14, 18, 251, 1, 18, 63, 1243 }, // U+20B9
    { 15, 18, 268, 1, 18, 68, 1306 }, // U+20BA
    { 23, 21, 373, 0, 21, 121, 1374 }, // U+20BC
    { 14, 18, 263, 2, 18, 63, 1495 }, // U+20BD
    { 19, 17, 314, 0, 17, 81, 0 }, // U+2190
    { 18, 18, 279, 0, 18, 81, 81 }, // U+2191
    { 19, 17, 314, 0, 17, 81, 162 }, // U+2192
    { 18, 18, 279, 0, 18, 81, 243 }, // U+2193
    { 26, 17, 428, 0, 17, 111, 324 }, // U+2194
    { 18, 26, 279, 0, 22, 117, 435 }, // U+2195
    { 18, 28, 279, 0, 22, 126, 552 }, // U+21A8
    { 6, 17, 124, 1, 17, 26, 0 }, // U+2669
    { 9, 17, 180, 1, 17, 39, 26 }, // U+266A
    { 14, 18, 256, 1, 17, 63, 65 }, // U+266B
    { 14, 18, 256, 1, 17, 63, 128 }, // U+266C
    { 7, 16, 139, 1, 15, 28, 191 }, // U+266D
    { 7, 17, 143, 1, 11, 30, 219 }, // U+266E
    { 12, 21, 221, 1, 15, 63, 249 }, // U+266F
    { 28, 27, 508, 2, 22, 189, 312 }, // U+2764
    { 17, 20, 266, 0, 20, 85, 0 }, // U+FB01
    { 17, 20, 273, 0, 20, 85, 85 }, // U+FB02
    { 24, 27, 508, 4, 22, 162, 0 }, // U+1F44D
    { 26, 27, 508, 3, 22, 176, 162 }, // U+1F600
};

static const EpdUnicodeInterval bitter_12_boldIntervals[] = {
    { 0x20, 0x7E, 0x0 },
    { 0xA0, 0xFF, 0x5F },
    { 0x2007, 0x2010, 0xBF },
    { 0x2012, 0x2015, 0xC9 },
    { 0x2017, 0x201E, 0xCD },
    { 0x2020, 0x2022, 0xD5 },
    { 0x2025, 0x2026, 0xD8 },
    { 0x202A, 0x202E, 0xDA },
    { 0x2030, 0x2030, 0xDF },
    { 0x2032, 0x2033, 0xE0 },
    { 0x2039, 0x203A, 0xE2 },
    { 0x203C, 0x203C, 0xE4 },
    { 0x203E, 0x203E, 0xE5 },
    { 0x2044, 0x2044, 0xE6 },
    { 0x2060, 0x2064, 0xE7 },
    { 0x2066, 0x206F, 0xEC },
    { 0x20A1, 0x20A1, 0xF6 },
    { 0x20A3, 0x20A4, 0xF7 },
    { 0x20A6, 0x20A7, 0xF9 },
    { 0x20A9, 0x20A9, 0xFB },
    { 0x20AB, 0x20AE, 0xFC },
    { 0x20B1, 0x20B2, 0x100 },
    { 0x20B4, 0x20B5, 0x102 },
    { 0x20B8, 0x20BA, 0x104 },
    { 0x20BC, 0x20BD, 0x107 },
    { 0x2190, 0x2195, 0x109 },
    { 0x21A8, 0x21A8, 0x10F },
    { 0x2669, 0x266F, 0x110 },
    { 0x2764, 0x2764, 0x117 },
    { 0xFB01, 0xFB02, 0x118 },
    { 0x1F44D, 0x1F44D, 0x11A },
    { 0x1F600, 0x1F600, 0x11B },
};

static const EpdFontGroup bitter_12_boldGroups[] = {
    { 0, 3005, 6079, 95, 0 },
    { 3005, 2788, 7563, 96, 95 },
    { 5793, 477, 828, 55, 191 },
    { 6270, 912, 1696, 19, 246 },
    { 7182, 329, 739, 7, 265 },
    { 7511, 311, 547, 8, 272 },
    { 7822, 103, 200, 2, 280 },
    { 7925, 248, 351, 2, 282 },
};

static const EpdKernClassEntry bitter_12_boldKernLeftClasses[] = {
    { 0x0021, 1 }, // !
    { 0x0022, 2 }, // "
    { 0x0024, 3 }, // $
    { 0x0026, 4 }, // &
    { 0x0027, 2 }, // '
    { 0x0028, 5 }, // (
    { 0x002C, 6 }, // ,
    { 0x002D, 7 }, // -
    { 0x002E, 6 }, // .
    { 0x002F, 8 }, // /
    { 0x0030, 9 }, // 0
    { 0x0031, 10 }, // 1
    { 0x0032, 11 }, // 2
    { 0x0033, 12 }, // 3
    { 0x0034, 13 }, // 4
    { 0x0035, 14 }, // 5
    { 0x0036, 15 }, // 6
    { 0x0037, 16 }, // 7
    { 0x0038, 12 }, // 8
    { 0x0039, 17 }, // 9
    { 0x003A, 18 }, // :
    { 0x003B, 18 }, // ;
    { 0x003F, 19 }, // ?
    { 0x0040, 20 }, // @
    { 0x0041, 21 }, // A
    { 0x0042, 12 }, // B
    { 0x0043, 22 }, // C
    { 0x0044, 20 }, // D
    { 0x0045, 23 }, // E
    { 0x0046, 24 }, // F
    { 0x0047, 25 }, // G
    { 0x0048, 26 }, // H
    { 0x0049, 26 }, // I
    { 0x004A, 27 }, // J
    { 0x004B, 28 }, // K
    { 0x004C, 29 }, // L
    { 0x004D, 26 }, // M
    { 0x004E, 26 }, // N
    { 0x004F, 20 }, // O
    { 0x0050, 30 }, // P
    { 0x0051, 31 }, // Q
    { 0x0052, 32 }, // R
    { 0x0053, 3 }, // S
    { 0x0054, 33 }, // T
    { 0x0055, 27 }, // U
    { 0x0056, 34 }, // V
    { 0x0057, 35 }, // W
    { 0x0058, 28 }, // X
    { 0x0059, 36 }, // Y
    { 0x005A, 37 }, // Z
    { 0x005B, 38 }, // [
    { 0x005C, 39 }, // <backslash>
    { 0x005F, 40 }, // _
    { 0x0061, 41 }, // a
    { 0x0062, 42 }, // b
    { 0x0063, 43 }, // c
    { 0x0064, 44 }, // d
    { 0x0065, 45 }, // e
    { 0x0066, 46 }, // f
    { 0x0067, 47 }, // g
    { 0x0068, 41 }, // h
    { 0x0069, 44 }, // i
    { 0x006A, 48 }, // j
    { 0x006B, 49 }, // k
    { 0x006C, 44 }, // l
    { 0x006D, 41 }, // m
    { 0x006E, 41 }, // n
    { 0x006F, 42 }, // o
    { 0x0070, 42 }, // p
    { 0x0071, 50 }, // q
    { 0x0072, 51 }, // r
    { 0x0073, 52 }, // s
    { 0x0074, 53 }, // t
    { 0x0075, 54 }, // u
    { 0x0076, 55 }, // v
    { 0x0077, 55 }, // w
    { 0x0078, 49 }, // x
    { 0x0079, 56 }, // y
    { 0x007A, 57 }, // z
    { 0x007B, 58 }, // {
    { 0x00A1, 1 }, // U+00A1
    { 0x00A2, 43 }, // U+00A2
    { 0x00A3, 59 }, // U+00A3
    { 0x00A5, 36 }, // U+00A5
    { 0x00A7, 3 }, // U+00A7
    { 0x00A9, 20 }, // U+00A9
    { 0x00AB, 60 }, // U+00AB
    { 0x00AE, 42 }, // U+00AE
    { 0x00B2, 61 }, // U+00B2
    { 0x00B5, 54 }, // U+00B5
    { 0x00B7, 7 }, // U+00B7
    { 0x00B9, 62 }, // U+00B9
    { 0x00BB, 63 }, // U+00BB
    { 0x00C0, 21 }, // U+00C0
    { 0x00C1, 21 }, // U+00C1
    { 0x00C2, 21 }, // U+00C2
    { 0x00C3, 21 }, // U+00C3
    { 0x00C4, 21 }, // U+00C4
    { 0x00C5, 21 }, // U+00C5
    { 0x00C6, 23 }, // U+00C6
    { 0x00C7, 22 }, // U+00C7
    { 0x00C8, 23 }, // U+00C8
    { 0x00C9, 23 }, // U+00C9
    { 0x00CA, 23 }, // U+00CA
    { 0x00CB, 23 }, // U+00CB
    { 0x00CC, 26 }, // U+00CC
    { 0x00CD, 26 }, // U+00CD
    { 0x00CE, 26 }, // U+00CE
    { 0x00CF, 64 }, // U+00CF
    { 0x00D0, 20 }, // U+00D0
    { 0x00D1, 26 }, // U+00D1
    { 0x00D2, 20 }, // U+00D2
    { 0x00D3, 20 }, // U+00D3
    { 0x00D4, 20 }, // U+00D4
    { 0x00D5, 20 }, // U+00D5
    { 0x00D6, 20 }, // U+00D6
    { 0x00D8, 20 }, // U+00D8
    { 0x00D9, 27 }, // U+00D9
    { 0x00DA, 27 }, // U+00DA
    { 0x00DB, 27 }, // U+00DB
    { 0x00DC, 27 }, // U+00DC
    { 0x00DD, 36 }, // U+00DD
    { 0x00DE, 30 }, // U+00DE
    { 0x00DF, 65 }, // U+00DF
    { 0x00E0, 41 }, // U+00E0
    { 0x00E1, 41 }, // U+00E1
    { 0x00E2, 41 }, // U+00E2
    { 0x00E3, 41 }, // U+00E3
    { 0x00E4, 41 }, // U+00E4
    { 0x00E5, 41 }, // U+00E5
    { 0x00E6, 45 }, // U+00E6
    { 0x00E7, 66 }, // U+00E7
    { 0x00E8, 45 }, // U+00E8
    { 0x00E9, 45 }, // U+00E9
    { 0x00EA, 45 }, // U+00EA
    { 0x00EB, 67 }, // U+00EB
    { 0x00EC, 68 }, // U+00EC
    { 0x00ED, 69 }, // U+00ED
    { 0x00EE, 70 }, // U+00EE
    { 0x00EF, 71 }, // U+00EF
    { 0x00F0, 42 }, // U+00F0
    { 0x00F1, 41 }, // U+00F1
    { 0x00F2, 42 }, // U+00F2
    { 0x00F3, 42 }, // U+00F3
    { 0x00F4, 42 }, // U+00F4
    { 0x00F5, 42 }, // U+00F5
    { 0x00F6, 42 }, // U+00F6
    { 0x00F8, 42 }, // U+00F8
    { 0x00F9, 54 }, // U+00F9
    { 0x00FA, 54 }, // U+00FA
    { 0x00FB, 54 }, // U+00FB
    { 0x00FC, 54 }, // U+00FC
    { 0x00FD, 55 }, // U+00FD
    { 0x00FE, 42 }, // U+00FE
    { 0x00FF, 55 }, // U+00FF
    { 0x2010, 7 }, // U+2010
    { 0x2013, 7 }, // U+2013
    { 0x2014, 7 }, // U+2014
    { 0x2015, 7 }, // U+2015
    { 0x2017, 40 }, // U+2017
    { 0x2018, 2 }, // U+2018
    { 0x2019, 2 }, // U+2019
    { 0x201A, 6 }, // U+201A
    { 0x201B, 2 }, // U+201B
    { 0x201C, 2 }, // U+201C
    { 0x201D, 2 }, // U+201D
    { 0x201E, 6 }, // U+201E
    { 0x2025, 6 }, // U+2025
    { 0x2026, 6 }, // U+2026
    { 0x2039, 60 }, // U+2039
    { 0x203A, 63 }, // U+203A
    { 0x203C, 1 }, // U+203C
    { 0x20A1, 22 }, // U+20A1
    { 0x20A3, 24 }, // U+20A3
    { 0x20A6, 26 }, // U+20A6
    { 0x20A7, 30 }, // U+20A7
    { 0x20A9, 35 }, // U+20A9
    { 0x20AB, 72 }, // U+20AB
    { 0x20AC, 22 }, // U+20AC
    { 0x20AD, 28 }, // U+20AD
    { 0x20AE, 33 }, // U+20AE
    { 0x20B1, 30 }, // U+20B1
    { 0x20B2, 25 }, // U+20B2
    { 0x20B4, 3 }, // U+20B4
    { 0x20B5, 22 }, // U+20B5
    { 0x20B8, 33 }, // U+20B8
    { 0x20B9, 32 }, // U+20B9
    { 0x20BD, 30 }, // U+20BD
    { 0xFB01, 44 }, // U+FB01
    { 0xFB02, 44 }, // U+FB02
};

static const EpdKernClassEntry bitter_12_boldKernRightClasses[] = {
    { 0x0021, 1 }, // !
    { 0x0022, 2 }, // "
    { 0x0024, 3 }, // $
    { 0x0026, 4 }, // &
    { 0x0027, 2 }, // '
    { 0x0029, 5 }, // )
    { 0x002A, 6 }, // *
    { 0x002C, 7 }, // ,
    { 0x002D, 8 }, // -
    { 0x002E, 7 }, // .
    { 0x002F, 9 }, // /
    { 0x0030, 10 }, // 0
    { 0x0031, 11 }, // 1
    { 0x0032, 12 }, // 2
    { 0x0033, 13 }, // 3
    { 0x0034, 14 }, // 4
    { 0x0035, 15 }, // 5
    { 0x0036, 16 }, // 6
    { 0x0037, 17 }, // 7
    { 0x0038, 4 }, // 8
    { 0x0039, 18 }, // 9
    { 0x003A, 19 }, // :
    { 0x003B, 19 }, // ;
    { 0x003F, 20 }, // ?
    { 0x0040, 21 }, // @
    { 0x0041, 22 }, // A
    { 0x0042, 23 }, // B
    { 0x0043, 21 }, // C
    { 0x0044, 23 }, // D
    { 0x0045, 23 }, // E
    { 0x0046, 23 }, // F
    { 0x0047, 21 }, // G
    { 0x0048, 23 }, // H
    { 0x0049, 23 }, // I
    { 0x004A, 24 }, // J
    { 0x004B, 23 }, // K
    { 0x004C, 23 }, // L
    { 0x004D, 23 }, // M
    { 0x004E, 23 }, // N
    { 0x004F, 21 }, // O
    { 0x0050, 23 }, // P
    { 0x0051, 21 }, // Q
    { 0x0052, 23 }, // R
    { 0x0053, 3 }, // S
    { 0x0054, 25 }, // T
    { 0x0055, 26 }, // U
    { 0x0056, 27 }, // V
    { 0x0057, 27 }, // W
    { 0x0058, 28 }, // X
    { 0x0059, 29 }, // Y
    { 0x005A, 30 }, // Z
    { 0x005C, 31 }, // <backslash>
    { 0x005D, 32 }, // ]
    { 0x005F, 33 }, // _
    { 0x0061, 34 }, // a
    { 0x0062, 35 }, // b
    { 0x0063, 36 }, // c
    { 0x0064, 36 }, // d
    { 0x0065, 36 }, // e
    { 0x0066, 37 }, // f
    { 0x0067, 38 }, // g
    { 0x0068, 39 }, // h
    { 0x0069, 37 }, // i
    { 0x006A, 40 }, // j
    { 0x006B, 39 }, // k
    { 0x006C, 39 }, // l
    { 0x006D, 37 }, // m
    { 0x006E, 37 }, // n
    { 0x006F, 36 }, // o
    { 0x0070, 41 }, // p
    { 0x0071, 36 }, // q
    { 0x0072, 37 }, // r
    { 0x0073, 42 }, // s
    { 0x0074, 43 }, // t
    { 0x0075, 44 }, // u
    { 0x0076, 45 }, // v
    { 0x0077, 45 }, // w
    { 0x0078, 46 }, // x
    { 0x0079, 47 }, // y
    { 0x007A, 48 }, // z
    { 0x007C, 49 }, // |
    { 0x007D, 50 }, // }
    { 0x00A1, 51 }, // U+00A1
    { 0x00A2, 36 }, // U+00A2
    { 0x00A5, 29 }, // U+00A5
    { 0x00A6, 49 }, // U+00A6
    { 0x00A7, 3 }, // U+00A7
    { 0x00A9, 21 }, // U+00A9
    { 0x00AB, 52 }, // U+00AB
    { 0x00AE, 36 }, // U+00AE
    { 0x00B0, 53 }, // U+00B0
    { 0x00B7, 8 }, // U+00B7
    { 0x00BB, 54 }, // U+00BB
    { 0x00BF, 55 }, // U+00BF
    { 0x00C0, 22 }, // U+00C0
    { 0x00C1, 22 }, // U+00C1
    { 0x00C2, 22 }, // U+00C2
    { 0x00C3, 22 }, // U+00C3
    { 0x00C4, 22 }, // U+00C4
    { 0x00C5, 22 }, // U+00C5
    { 0x00C6, 22 }, // U+00C6
    { 0x00C7, 21 }, // U+00C7
    { 0x00C8, 23 }, // U+00C8
    { 0x00C9, 23 }, // U+00C9
    { 0x00CA, 23 }, // U+00CA
    { 0x00CB, 23 }, // U+00CB
    { 0x00CC, 23 }, // U+00CC
    { 0x00CD, 23 }, // U+00CD
    { 0x00CE, 23 }, // U+00CE
    { 0x00CF, 56 }, // U+00CF
    { 0x00D0, 23 }, // U+00D0
    { 0x00D1, 23 }, // U+00D1
    { 0x00D2, 21 }, // U+00D2
    { 0x00D3, 21 }, // U+00D3
    { 0x00D4, 21 }, // U+00D4
    { 0x00D5, 21 }, // U+00D5
    { 0x00D6, 21 }, // U+00D6
    { 0x00D8, 21 }, // U+00D8
    { 0x00D9, 26 }, // U+00D9
    { 0x00DA, 26 }, // U+00DA
    { 0x00DB, 26 }, // U+00DB
    { 0x00DC, 26 }, // U+00DC
    { 0x00DD, 29 }, // U+00DD
    { 0x00DE, 23 }, // U+00DE
    { 0x00DF, 37 }, // U+00DF
    { 0x00E0, 34 }, // U+00E0
    { 0x00E1, 34 }, // U+00E1
    { 0x00E2, 34 }, // U+00E2
    { 0x00E3, 34 }, // U+00E3
    { 0x00E4, 34 }, // U+00E4
    { 0x00E5, 34 }, // U+00E5
    { 0x00E6, 34 }, // U+00E6
    { 0x00E7, 36 }, // U+00E7
    { 0x00E8, 36 }, // U+00E8
    { 0x00E9, 36 }, // U+00E9
    { 0x00EA, 36 }, // U+00EA
    { 0x00EB, 36 }, // U+00EB
    { 0x00EC, 57 }, // U+00EC
    { 0x00ED, 58 }, // U+00ED
    { 0x00EE, 59 }, // U+00EE
    { 0x00EF, 60 }, // U+00EF
    { 0x00F0, 36 }, // U+00F0
    { 0x00F1, 37 }, // U+00F1
    { 0x00F2, 36 }, // U+00F2
    { 0x00F3, 36 }, // U+00F3
    { 0x00F4, 36 }, // U+00F4
    { 0x00F5, 36 }, // U+00F5
    { 0x00F6, 36 }, // U+00F6
    { 0x00F8, 61 }, // U+00F8
    { 0x00F9, 44 }, // U+00F9
    { 0x00FA, 44 }, // U+00FA
    { 0x00FB, 44 }, // U+00FB
    { 0x00FC, 44 }, // U+00FC
    { 0x00FD, 47 }, // U+00FD
    { 0x00FE, 62 }, // U+00FE
    { 0x00FF, 47 }, // U+00FF
    { 0x2010, 8 }, // U+2010
    { 0x2013, 8 }, // U+2013
    { 0x2014, 8 }, // U+2014
    { 0x2015, 8 }, // U+2015
    { 0x2017, 33 }, // U+2017
    { 0x2018, 2 }, // U+2018
    { 0x2019, 2 }, // U+2019
    { 0x201A, 7 }, // U+201A
    { 0x201B, 2 }, // U+201B
    { 0x201C, 2 }, // U+201C
    { 0x201D, 2 }, // U+201D
    { 0x201E, 7 }, // U+201E
    { 0x2025, 7 }, // U+2025
    { 0x2026, 7 }, // U+2026
    { 0x2039, 52 }, // U+2039
    { 0x203A, 54 }, // U+203A
    { 0x203C, 1 }, // U+203C
    { 0x2044, 63 }, // U+2044
    { 0x20A1, 21 }, // U+20A1
    { 0x20A3, 23 }, // U+20A3
    { 0x20A6, 23 }, // U+20A6
    { 0x20A7, 23 }, // U+20A7
    { 0x20A9, 27 }, // U+20A9
    { 0x20AB, 36 }, // U+20AB
    { 0x20AD, 23 }, // U+20AD
    { 0x20AE, 25 }, // U+20AE
    { 0x20B1, 23 }, // U+20B1
    { 0x20B2, 21 }, // U+20B2
    { 0x20B4, 3 }, // U+20B4
    { 0x20B5, 21 }, // U+20B5
    { 0x20B8, 25 }, // U+20B8
    { 0x20BD, 23 }, // U+20BD
    { 0xFB01, 37 }, // U+FB01
    { 0xFB02, 37 }, // U+FB02
};

static const int8_t bitter_12_boldKernMatrix[] = {
       0,    0,    0,    0,    0,    0,    0,    0,    0,    0,    0,    0,    0,    0,    0,    0,    0,    0,    0,    0,    0,   -3,    0,    0,    0,    0,    0,    0,    0,    0,    0,    0,    0,    0,    0,    0,    0,    0,    0,    0,    0,    0,    0,    0,    0,    0,    0,    0,    0,    0,    0,    0,    0,    0,    0,    0,    0,    0,    0,    0,    0,    0,    0,
       0,    0,    0,    0,    0,    0,  -17,    0,    0,    0,    0,    0,    0,    0,    0,    0,    0,    0,    0,    0,   -7,  -39,    3,    0,    6,    0,    3,   -5,    0,    0,    0,    0,    0,   -7,    9,   -9,    0,    0,    9,    0,    0,  -21,    0,    0,    0,    0,    0,    0,    0,    0,    0,    0,    0,    0,    0,    3,    0,    0,    0,    0,   -9,    9,    0,
       0,    0,    0,    0,    0,    0,   -9,    0,    0,    0,   -2,    0,   -1,    0,    0,    0,   -5,    0,    0,    0,    0,  -11,   -5,    0,  -11,    0,  -17,  -21,  -20,   -6,    0,    0,    0,   -7,    0,   -3,   -9,   -3,    0,   -4,   -9,    0,   -3,   -5,  -11,  -12,  -10,    0,    0,    0,    0,    0,    0,    0,    0,   -5,   -9,   -9,  -10,  -13,   -3,    0,    0,
       0,    0,    4,    0,    0,    0,    0,    0,    0,    0,    0,    0,    0,    0,    0,    0,    0,    0,    0,    0,    5,  -13,    0,    0,    0,    0,  -15,  -13,  -17,    0,    0,    0,    0,   -3,   -3,    1,    0,    0,   -3,    0,    0,   -3,    0,   -3,   -8,   -6,   -5,   -3,    0,    0,    0,    0,    0,    0,    0,    0,    0,    0,    0,    0,    1,   -3,    0,
       0,    0,    0,    0,    0,    0,    0,    0,   16,    0,    0,    0,    0,    0,    0,    0,    0,    0,    0,    0,    0,    0,    0,   29,   -9,    0,    0,    0,    0,    0,   11,    0,   15,    0,    0,   -2,    0,    8,    0,   27,    0,    0,    0,    0,    0,    0,    0,    0,    0,    0,    0,    0,    0,    0,    0,    0,    0,    0,    0,    0,   -2,    0,    0,
       0,  -33,    0,    0,    0,    0,    0,    0,    0,  -17,   -8,    1,    0,   -8,    0,   -9,  -23,   -8,    0,    0,  -15,    5,    0,   20,  -29,    0,  -31,   -5,  -31,    0,    0,    0,    0,    0,    0,   -7,    0,    0,    0,    0,    0,    0,    0,    0,  -25,    0,  -29,    0,    0,    0,    0,   -9,    0,    0,    0,    0,    0,    0,    0,    0,   -7,    0,    0,
       0,    0,    0,    0,    0,    0,    0,    0,    0,    0,  -19,   -3,   -9,    3,  -13,    0,  -22,   -7,    0,    0,    0,   -9,    0,    0,  -27,    0,  -20,  -33,    0,    0,    0,    0,    0,    0,    0,    0,    0,    0,    0,    0,    0,    0,    0,    0,   -1,  -22,  -11,    0,    0,    0,    0,    0,    0,  -12,    0,    0,    0,    0,    0,    0,    0,    0,    0,
       0,    0,    0,    0,   11,    0,    0,    0,  -17,    0,    0,    0,    0,    0,    0,    0,    0,    0,    0,    0,   -6,  -15,   -6,    7,   -2,    5,    5,  -11,    5,    0,   16,   11,    0,  -15,   11,  -15,  -15,    0,   11,    0,  -15,    0,    0,    0,    0,  -15,  -13,    0,    0,   11,    0,    0,    0,    0,    0,   -6,  -15,  -15,  -15,  -15,  -15,   11,    0,
       0,    0,    0,    0,    0,    0,  -19,    0,    0,    0,   -3,    0,    0,    0,    0,    0,    0,    0,    0,    0,    0,    0,    0,    0,    0,    0,    0,    0,    0,    0,    0,    0,    0,    0,    0,    0,    0,    0,    0,    0,    0,    0,    0,    0,    0,    0,    0,    0,    0,    0,    0,    0,   -4,    0,    0,    0,    0,    0,    0,    0,    0,    0,    0,
       0,    0,    0,    0,    0,    0,    3,    0,    4,    0,    0,    0,    0,    0,    0,    0,   -4,    0,    0,    0,    0,    0,    0,    0,    0,    0,    0,    0,    0,    0,    0,    0,    0,    0,    0,    0,    0,    0,    0,    0,    0,    0,    0,    0,    0,    0,    0,    0,    0,    0,    0,    0,  -17,    0,    0,    0,    0,    0,    0,    0,    0,    0,    0,
       0,    0,    0,    0,    0,    0,    0,    0,    0,    0,    0,    0,    0,    0,    0,    0,   -2,    0,    0,    0,    0,    0,    0,    0,    0,    0,    0,    0,    0,    0,    0,    0,    0,    0,    0,    0,    0,    0,    0,    0,    0,    0,    0,    0,    0,    0,    0,    0,    0,    0,    0,    0,    0,    0,    0,    0,    0,    0,    0,    0,    0,    0,    0,
       0,   -7,    0,    0,    0,    0,  -15,    0,    0,    0,    0,    0,   -7,    0,    0,    0,    0,    0,    0,   -6,   -4,  -13,   -9,    0,  -15,    0,  -21,  -19,  -18,  -11,    0,    0,    0,   -5,   -3,   -2,   -6,   -3,   -3,   -3,   -6,   -3,   -2,   -3,   -7,  -13,   -9,   -6,    0,    0,    0,    0,    0,    0,    0,   -9,   -6,   -6,   -6,   -6,   -2,   -3,    0,
       0,    0,    0,    0,    0,    0,    0,    4,    0,    0,    0,    0,    0,    4,    0,    0,   -5,    0,   11,    0,    0,    0,    0,    0,    0,    0,    0,    0,    0,    0,    0,    0,    0,    0,    0,    0,    0,    0,    0,    0,    0,    0,    0,    0,    0,    0,    0,    0,    0,    0,    0,    0,  -16,    0,    0,    0,    0,    0,    0,    0,    0,    0,    0,
       0,    0,    0,    0,    0,    0,   -6,    0,    0,    0,   -5,   -5,  -11,    0,    0,    0,   -8,   -4,    0,    0,    0,    0,    0,    0,    0,    0,    0,    0,    0,    0,    0,    0,    0,    0,    0,    0,    0,    0,    0,    0,    0,    0,    0,    0,    0,    0,    0,    0,    0,    0,    0,    0,   -4,    0,    0,    0,    0,    0,    0,    0,    0,    0,    0,
       0,    0,    0,    0,    0,    0,    0,    0,    0,    0,   -5,   -4,   -3,    3,   -7,    0,   -6,    0,    0,    0,    0,    0,    0,    0,    0,    0,    0,    0,    0,    0,    0,    0,    0,    0,    0,    0,    0,    0,    0,    0,    0,    0,    0,    0,    0,    0,    0,    0,    0,    0,    0,    0,  -13,    0,    0,    0,    0,    0,    0,    0,    0,    0,    0,
       0,    0,    0,   -5,    0,    0,  -39,  -18,    0,   -7,    5,   -1,   -6,   -5,   -5,   -5,    3,   -3,    0,    0,    0,    0,    0,    0,    0,    0,    0,    0,    0,    0,    0,    0,    0,    0,    0,    0,    0,    0,    0,    0,    0,    0,    0,    0,    0,    0,    0,    0,    0,    0,    0,    0,   13,    0,    0,    0,    0,    0,    0,    0,    0,    0,    0,
       0,    0,    0,    0,    0,    0,  -21,    0,    0,    0,    0,    0,   -8,    0,    0,    0,   -6,    0,    0,    0,    0,    0,    0,    0,    0,    0,    0,    0,    0,    0,    0,    0,    0,    0,    0,    0,    0,    0,    0,    0,    0,    0,    0,    0,    0,    0,    0,    0,    0,    0,    0,    0,   -3,    0,    0,    0,    0,    0,    0,    0,    0,    0,    0,
       0,    0,    0,    0,    0,    0,    0,    0,    0,    0,    0,    0,    0,    0,    0,    0,    0,    0,    0,    0,    0,    0,    0,    5,   -5,    0,  -12,    0,  -12,    0,    0,    0,    0,    0,    0,    0,    0,    0,    0,    0,    0,    0,    0,    0,   -3,    0,    0,    0,    0,    0,    0,    0,    0,    0,    0,    0,    0,    0,    0,    0,    0,    0,    0,
       0,    0,    0,    0,    0,    0,    0,    0,    0,    0,    0,    0,    0,    0,    0,    0,    0,    0,    0,    0,    0,    0,    3,    0,    5,    0,    0,    0,    0,    0,    0,    0,    0,    0,    0,    0,    0,    0,    0,    0,    0,    0,    0,    0,    0,    0,    0,    0,    0,    0,    0,    0,    0,    0,  -13,    3,    0,    0,    0,    0,    0,    0,    0,
       0,   -7,   -2,    0,    0,    0,  -15,    0,    1,    0,    0,    0,  -17,    0,    0,    0,    0,    0,    0,   -4,    0,   -9,    0,    0,   -9,    0,  -17,  -17,  -12,  -10,    0,    0,    0,   -7,   -1,   -1,   -5,   -3,   -1,    2,   -5,   -1,   -1,   -2,   -3,   -7,   -3,    0,    0,    0,    0,    0,    0,    0,    0,    0,   -5,   -5,   -5,   -5,   -1,   -1,    0,
      -3,  -39,   -8,    0,    0,    0,    5,   -9,    4,    0,    0,    0,    0,    0,    0,    0,    0,    0,    0,  -18,   -9,    3,   -8,   -5,  -31,  -19,  -34,   -3,  -28,   -3,    0,    8,    0,   -5,   -1,   -6,   -4,   -7,   -1,   -4,   -4,   -3,   -9,  -10,  -15,    4,  -17,   -7,    0,    4,   -3,    0,    0,    0,    0,   -8,   -4,   -4,   -4,   -4,   -6,   -1,    0,
       0,    3,    0,   -2,    0,    0,   -4,  -14,    0,    0,   -2,   -2,   -3,    0,   -3,    0,   -3,   -7,    0,    0,   -9,   -7,    0,   -5,   -7,    0,   -7,  -11,   -7,    0,    0,    0,    0,   -7,   -8,   -9,   -8,  -10,   -8,   -7,   -8,   -5,   -5,   -8,   -5,   -7,   -7,   -7,    0,    0,    0,    0,    0,    0,    0,    0,   -8,   -8,   -7,   -8,   -9,   -8,    0,
       0,    0,    0,    0,    0,    0,    0,   -5,   -1,    0,    0,    0,    0,    0,    0,    0,    0,    0,    0,    0,   -9,   -3,    0,    0,  -15,    0,  -11,  -14,   -6,    0,    0,    0,    0,   -7,    0,   -6,   -4,   -7,    0,   -7,   -4,   -7,   -6,   -6,  -11,   -9,   -9,   -5,    0,    0,    0,    0,    0,    0,    0,    0,   -4,   -4,    0,   -4,   -6,    0,    0,
       0,    0,   -2,    0,    0,    0,  -45,    0,  -13,    0,    0,    0,    0,    0,    0,    0,    0,    0,  -15,    0,   -8,  -27,   -8,   -1,    0,    0,   -4,   -9,   -4,   -9,    0,    0,    0,  -11,    0,  -17,   -5,  -13,    0,   -2,   -5,  -13,   -3,   -3,    0,   -7,   -1,   -7,    0,    0,    0,    0,    0,    0,    0,   -8,   -5,   -5,   -6,    1,  -17,    0,    0,
       0,    0,    0,    0,    0,    0,    0,    0,    0,    0,    0,    0,    0,    0,    0,    0,    0,    0,    0,    0,    0,   -2,    0,    0,    0,    0,  -15,  -13,  -17,    0,    0,    0,    0,   -3,   -3,    1,    0,    0,   -3,    0,    0,   -3,    0,   -3,   -8,   -6,   -5,   -3,    0,    0,    0,    0,    0,    0,    0,    0,    0,    0,    0,    0,    1,   -3,    0,
       0,    3,   -7,    0,    0,    0,    0,    0,    4,    0,    0,    0,    0,    0,    0,    0,    0,    0,    0,    0,    0,   -8,    0,    0,   -7,   -3,   -6,  -10,   -5,   -5,    0,    0,    0,   -5,    0,   -3,    0,   -5,    0,   -3,    0,   -5,    0,    0,   -7,  -10,   -9,    0,    0,    0,    0,    0,    0,    0,    0,    0,    0,    0,    8,    9,   -3,    0,    0,
       0,    0,    0,    0,    0,    0,    0,    0,    0,    0,    0,    0,    0,    0,    0,    0,    0,    0,    0,    0,    0,  -19,   -3,    0,   -1,    0,   -1,  -11,    0,   -8,    0,    0,    0,   -7,    3,   -5,    0,   -7,    3,   -1,    0,   -7,   -4,   -5,   -9,  -13,   -9,   -7,    0,    0,    0,    0,    0,    0,    0,   -3,    0,    0,   11,    9,   -5,    3,    0,
      -4,   -5,   -6,    0,    0,    0,   -6,  -33,    1,    0,    0,    0,    0,    0,    0,    0,    0,    0,    0,   -5,  -17,   -3,  -10,   -4,  -11,  -13,   -7,   -4,   -8,   -9,    0,    0,    0,  -11,    0,  -13,   -3,  -11,    0,   -7,   -3,  -11,  -11,  -11,  -13,    0,  -18,   -1,    0,    0,    0,    0,    0,    0,    0,  -10,   -3,   -3,   -1,   -1,  -13,    0,    0,
       0,    0,  -13,    0,    0,    0,    0,    0,    0,    0,    0,    0,    0,    0,    0,    0,    0,    0,    0,    0,  -11,   -2,    0,   -3,  -27,  -15,  -31,   -4,  -35,   -3,    0,    0,    0,   -3,    0,   -3,   -3,   -3,    0,    0,   -3,   -3,   -9,   -6,  -16,   -3,  -19,    0,    0,    0,    0,    0,    0,    0,    0,    0,   -3,   -3,   -3,   -3,   -3,    0,    0,
       0,    3,   -3,    0,    0,    0,  -59,  -11,  -12,    0,    0,    0,    0,    0,    0,    0,    0,    0,    0,   -5,   -2,  -22,   -8,   -3,   -3,   -5,  -11,  -14,   -9,   -7,    0,   -4,    0,   -8,   -3,   -3,   -2,   -5,   -3,   -3,   -2,   -3,   -3,   -3,    1,   -4,    0,   -6,    0,   -4,    0,    0,    0,    0,    0,   -8,   -2,   -2,   -2,   -2,   -3,   -3,    0,
       0,   -7,   -2,    0,   29,    0,  -28,    0,   33,    0,    0,    0,  -17,    0,    0,    0,    0,    0,   29,   -4,    0,   -9,    0,   59,   -9,    0,  -17,  -17,  -12,  -10,    0,   28,   37,   -7,   -2,   -2,    0,   19,   -2,   49,    0,   -1,   -1,   -2,   -3,   -7,   25,    0,   13,   28,    0,    0,    0,    0,    0,    0,    0,    0,    0,    0,   11,   30,    0,
       0,    0,    0,    0,    0,    0,    0,    0,    0,    0,    0,    0,    0,    0,    0,    0,    0,    0,    0,    0,   -7,   -3,    0,    0,   -9,   -6,  -19,   -7,  -20,   -3,    0,    0,    0,   -3,    0,   -7,   -3,   -3,    0,   -1,   -3,    0,   -5,   -5,   -9,   -3,   -8,    0,    0,    0,    0,    0,    0,    0,    0,    0,   -3,   -3,   -3,   -3,   -7,    0,    0,
       0,    6,   -9,    0,    0,    0,  -32,  -27,  -12,    0,    0,    0,    0,    0,    0,    0,    0,    0,  -12,   -3,   -9,  -31,   -7,   -3,   -3,   -2,   -3,  -11,   -4,  -11,    0,    0,    0,  -15,   -3,  -16,   -5,  -19,   -3,   -3,   -5,  -17,   -3,   -4,   -1,   -9,    1,  -11,    0,    0,    0,    0,    0,    0,    0,   -7,   -5,   -5,   -1,    0,  -16,   -3,    0,
      -7,    3,  -17,  -11,    0,    0,  -43,  -20,  -18,    0,    0,    0,  -10,    0,    0,    0,    0,    0,  -13,    0,  -28,  -34,   -6,   -3,   -3,   -1,    3,   -6,    3,  -13,    0,   -3,    0,  -28,    1,  -27,  -14,  -25,    1,  -13,  -14,  -25,  -11,  -17,  -11,  -25,  -21,  -29,    0,   -3,    0,    0,    0,    0,    0,   -6,  -14,  -23,  -11,    1,  -27,    1,    0,
      -7,    3,  -17,  -11,    0,    0,  -43,  -20,  -18,    0,    0,    0,  -10,    0,    0,    0,    0,    0,  -13,    0,  -14,  -34,   -6,   -3,   -3,   -1,    3,   -6,    3,  -13,    0,   -3,    0,  -28,    1,  -27,  -14,  -25,    1,  -13,  -14,  -25,  -11,  -17,  -11,  -25,  -21,  -29,    0,   -3,    0,    0,    0,    0,    0,   -6,  -14,  -23,  -11,    1,  -27,    1,    0,
       0,    0,  -13,    0,    0,    0,  -44,    0,    0,    0,    0,    0,  -10,    0,   -5,    0,   -3,    0,  -16,    0,  -13,  -28,   -5,   -2,   -1,   -1,    3,   -7,    3,   -6,    0,   -3,    0,  -28,    7,  -24,  -16,  -22,    3,   -8,  -16,  -21,   -9,  -15,  -18,  -23,  -15,  -17,    0,   -3,    0,    0,    0,    0,    0,   -5,  -16,  -23,  -12,    3,  -24,    3,    0,
       0,    0,   -8,    0,    0,    0,    0,    0,    0,    0,    0,    0,    0,    0,    0,    0,    0,    0,    0,    0,   -9,   -7,   -5,    0,   -7,   -6,   -9,  -10,   -9,    0,    0,    0,    0,    0,    0,   -2,   -2,   -3,    0,    0,   -2,   -3,   -7,   -7,   -9,   -4,  -11,    0,    0,    0,    0,    0,    0,    0,    0,   -5,   -2,   -2,    0,    0,   -2,    0,    0,
       0,    0,    0,    0,    0,    0,    0,    0,   27,    0,    0,    0,    0,    0,    0,    0,    0,    0,    0,    0,    0,   11,    0,   24,  -19,    0,   -3,    0,   -3,    0,   20,    0,   25,    0,   12,    0,    0,   10,   12,   39,    0,    0,    0,    0,    0,    0,    0,    0,    0,    0,    0,    0,    0,    0,    0,    0,    0,    0,    0,    0,    0,   12,    0,
       0,    0,    0,    0,   11,    0,    0,    0,   16,    0,    0,    0,    0,    0,    0,    0,    0,    0,    0,    0,    0,    0,    0,   27,    0,    0,    0,    0,    0,    0,    0,   11,   11,    0,    0,    0,    0,    0,    0,    0,    0,    0,    0,    0,    0,    0,    0,    0,    0,    0,    0,    0,    0,    0,    0,    0,    0,    0,    0,    0,    0,    0,    0,
       0,    0,    0,    0,   11,    0,    0,    0,   16,    0,    0,    0,    0,    0,    0,    0,    0,    0,    0,    0,    0,    0,    0,   25,    0,    0,    0,    0,    0,    0,    0,    9,    0,    0,    0,    0,    6,   11,    0,   23,    6,    0,    0,    0,    0,    0,    0,    0,    0,    9,    0,    0,    0,    0,    0,    0,    6,    6,    6,    6,    0,    0,    0,
      -2,  -21,    0,    0,    0,    0,    5,    0,    8,    0,    0,    0,    0,    0,    0,    0,    0,    0,    0,   -6,    0,    0,    0,    0,    0,    0,    0,    0,    0,    0,    0,    0,    0,    0,    0,    0,    0,    0,    0,    0,    0,    0,    0,    0,  -10,    0,  -12,    0,    0,    0,    0,    0,    0,    0,    0,    0,    0,    0,    0,    0,    0,    0,    0,
       0,  -18,    0,    0,    0,    0,   -7,    0,    5,    0,    0,    0,    0,    0,    0,    0,    0,    0,    0,   -3,   -1,    0,    0,    0,    0,    0,    0,    0,    0,    0,    0,    0,    0,    0,    0,    0,    0,    0,    0,   -1,    0,    0,    0,    0,   -5,  -12,   -6,    0,    0,    0,    0,    0,    0,    0,    0,    0,    0,    0,    0,    0,    0,    0,    0,
       0,    2,    0,    0,    0,    0,    0,   -9,    0,    0,    0,    0,    0,    0,    0,    0,    0,    0,    0,   -5,    0,    0,    0,    0,    0,    0,    0,    0,    0,    0,    0,    0,    0,   -7,   -3,   -7,   -5,   -7,   -3,   -3,   -5,    0,   -5,   -5,   -7,   -3,   -3,    0,    0,    0,    0,    0,    0,    0,    0,    0,   -5,   -5,   -5,   -5,   -7,   -3,    0,
       0,   -9,    0,    0,    0,    0,    0,   -3,   11,    0,    0,    0,    0,    0,    0,    0,    0,    0,    0,    0,   -3,    0,    0,    0,    0,    0,    0,    0,    0,    0,    0,   10,    0,   -3,    0,    0,    0,    0,    0,    3,    0,    0,    0,    0,   -7,   -4,   -6,    0,    0,    5,    0,    0,    0,    0,    0,    0,    0,    0,    0,    7,    0,    0,    0,
       0,    0,    0,    0,    0,    0,    0,    0,    0,    0,    0,    0,    0,    0,    0,    0,    0,    0,    0,    0,    0,    0,    0,    0,    0,    0,    0,    0,    0,    0,    0,    0,    0,    0,    0,    0,    0,    0,    0,   -3,    0,    0,    0,    0,   -5,  -11,   -7,    0,    0,    0,    0,    0,    0,    0,    0,    0,    0,    0,    0,    0,    0,    0,    0,
      23,   17,    0,    0,   46,   28,  -12,   -9,    0,    0,    0,    0,    0,    0,    0,    0,    0,    0,    0,   15,    0,    0,    0,    0,    0,    0,    0,    0,    0,    0,   29,   65,    0,   -3,   22,   -4,    3,   -1,   22,    7,    3,    0,    4,    3,    4,   -5,    3,    0,    0,   37,    0,    0,    0,    0,    0,    0,   11,   11,   15,   22,   -4,   22,    0,
       0,    0,    0,    0,    0,    0,    0,    0,   11,    0,    0,    0,    0,    0,    0,    0,    0,    0,    0,    0,    0,    0,    0,    0,    0,    0,    0,    0,    0,    0,    0,   11,   11,   -5,   -3,   -7,   -3,    5,   -3,   21,   -3,   -4,   -1,    0,   -1,   -7,   -2,    0,    0,    4,    0,    0,    0,    0,    0,    0,   -3,   -3,   -3,   -3,   -7,   -3,    0,
       0,    0,    0,    0,    0,    0,    0,    0,    5,    0,    0,    0,    0,    0,    0,    0,    0,    0,    0,    0,    0,    0,    0,    0,    0,    0,    0,    0,    0,    0,    0,    0,    0,    0,    0,    0,    0,    0,    0,   11,    0,    0,    0,    0,   -7,   -9,   -5,   -5,    0,    0,    0,    0,    0,    0,    0,    0,    0,    0,    0,    3,    0,    0,    0,
      -3,    0,    0,    0,    0,    0,    0,  -22,    7,    0,    0,    0,    0,    0,    0,    0,    0,    0,    0,   -7,   -7,    0,    0,    0,    0,    0,    0,    0,    0,    0,    0,    0,    0,   -9,   -3,  -12,   -5,  -10,   -3,   -6,   -5,   -8,   -3,   -5,   -3,   -1,   -1,   -6,    0,    0,    0,    0,    0,    0,    0,    0,   -5,   -5,   -5,   -5,  -12,   -3,    0,
       0,    0,    0,    0,    0,    0,    0,    0,    0,    0,    0,    0,    0,    0,    0,    0,    0,    0,    4,    0,    0,    0,    0,    0,    0,    0,    0,    0,    0,    0,    0,    0,   16,    0,    0,    0,    3,    8,    0,   39,    9,    0,    0,    0,   -8,   -9,    1,    0,    0,    0,    0,    0,    0,    0,    0,    0,    3,    3,    3,    3,    0,   11,    0,
      -1,    0,    0,    0,   -1,    0,  -29,    0,   -9,    0,    0,    0,    0,    0,    0,    0,    0,    0,    0,   -1,    0,    0,    0,    0,    0,    0,    0,    0,    0,    0,    0,   -7,    0,  -11,   -7,   -7,   -3,   -6,   -7,    1,   -3,   -5,    0,    0,    5,   -3,    7,    0,    0,   -7,    0,    0,    0,    0,    0,    0,   -3,   -3,   -3,   -3,   -7,   -7,    0,
       0,  -17,    0,    0,    0,    0,   -4,    0,    0,    0,    0,    0,    0,    0,    0,    0,    0,    0,    0,    0,    0,    0,    0,    0,    0,    0,    0,    0,    0,    0,    0,    0,    0,    0,    0,    0,    0,    0,    0,    0,    0,    0,    0,    0,   -5,  -10,   -6,    0,    0,    0,    0,    0,    0,    0,    0,    0,    0,    0,    0,    0,    0,    0,    0,
       0,    0,    0,    0,    0,    0,    0,    0,    0,    0,    0,    0,    0,    0,    0,    0,    0,    0,    0,    0,    0,    0,    0,    0,    0,    0,    0,    0,    0,    0,    0,    0,    0,   -4,   -2,   -7,    0,   -5,   -2,   -1,    0,   -4,    0,    0,   -4,   -3,   -2,    0,    0,    0,    0,    0,    0,    0,    0,    0,    0,    0,    0,    0,   -7,   -2,    0,
       0,    0,    0,    0,    0,    0,    0,    0,    9,    0,    0,    0,    0,    0,    0,    0,    0,    0,    0,    0,    0,    0,    0,    0,    0,    0,    0,    0,    0,    0,    0,    0,    0,    0,    0,    0,    0,    0,    0,    0,    0,    0,    0,    0,   -7,   -1,   -7,   -4,    0,    0,    0,    0,    0,    0,    0,    0,    0,    0,    0,    0,    0,    0,    0,
       0,    0,    0,    0,    0,    0,  -28,   -7,    0,    0,    0,    0,    0,    0,    0,    0,    0,    0,   -4,    0,   -3,    0,    0,    0,    0,    0,    0,    0,    0,    0,    0,    0,    0,   -8,    0,   -5,   -1,   -6,    0,    0,   -1,   -9,    8,    5,    8,   -1,    8,   -5,    0,    0,    0,    0,    0,    0,    0,    0,   -1,   -1,   -1,   -1,   -5,    0,    0,
       0,    0,    0,    0,    0,    0,  -28,   -7,    0,    0,    0,    0,    0,    0,    0,    0,    0,    0,   -4,    0,   -3,    0,    0,    0,    0,    0,    0,    0,    0,    0,    0,    0,    0,   -8,    0,  -12,   -1,   -6,    0,    0,   -1,   -9,    8,    5,    8,   -1,    8,   -5,    0,    0,    0,    0,    0,    0,    0,    0,   -1,   -1,   -1,   -1,  -12,    0,    0,
       0,    0,    0,    0,    0,    0,    0,    0,    0,    0,    0,    0,    0,    0,    0,    0,    0,    0,    0,    0,    0,    0,    0,    0,    0,    0,    0,    0,    0,    0,    0,    0,    0,    0,   -3,    0,    0,    0,   -3,    0,    0,   -4,    0,    0,   -7,   -7,   -6,    0,    0,    0,    0,    0,    0,    0,    0,    0,    0,    0,    0,    0,    0,   -3,    0,
       0,    0,    0,    0,    0,    0,    0,    0,   16,    0,    0,    0,    0,    0,    0,    0,    0,    0,    0,    0,    0,    4,    0,   24,   -3,    0,   -3,    0,   -3,    0,   11,    0,   12,    0,    5,    0,    0,    5,    5,   19,    0,    0,    0,    0,    0,    0,    0,    0,    0,    0,    0,    0,    0,    0,    0,    0,    0,    0,    0,    0,    0,    5,    0,
       0,    0,    0,    0,    0,    0,    0,    0,    0,    0,    0,   -2,    0,    0,    0,    0,   -3,    0,    0,    0,    0,    0,    0,    0,    0,    0,    0,    0,    0,    0,    0,    0,    0,    0,    0,    0,    0,    0,    0,    0,    0,    0,    0,    0,    0,    0,    0,    0,    0,    0,    0,    0,    0,    0,    0,    0,    0,    0,    0,    0,    0,    0,    0,
       0,    0,    0,    0,    0,    0,    0,  -12,    0,    0,    0,    0,    0,    0,    0,    0,    0,    0,    0,    0,    0,    0,    0,    0,    0,    0,    0,    0,    0,    0,    0,    0,    0,    0,    0,    0,    0,    0,    0,    0,    0,    0,    0,    0,    0,    0,    0,    0,    0,    0,    0,    0,    0,    0,    0,    0,    0,    0,    0,    0,    0,    0,    0,
       0,    0,    0,    0,    0,    0,    0,    0,    0,    0,    0,    0,    0,    0,    0,    0,    0,    0,    0,    0,    0,    0,    0,    0,    0,    0,    0,    0,    0,    0,    0,    0,    0,    0,    0,    0,    0,    0,    0,    0,    0,    0,    0,    0,    0,    0,    0,    0,    0,    0,    0,    0,    0,    0,    0,    0,    0,    0,    0,    0,    0,    0,    1,
       0,    0,    0,    0,    0,    0,    0,    0,    0,    0,    0,    0,    0,    0,    0,    0,    0,    0,    0,    0,    0,    0,    0,    0,    0,    0,    0,    0,    0,    0,    0,    0,    0,    0,    0,    0,    0,    0,    0,    0,    0,    0,    0,    0,    0,    0,    0,    0,    0,    0,    0,    0,    0,    0,    0,    0,    0,    0,    0,    0,    0,    0,   11,
       0,    0,    0,    0,    0,    0,   -9,    0,    0,    0,    0,    0,    0,    0,    0,    0,    0,    0,    0,    0,    0,    0,    0,    0,    0,    0,    0,    0,    0,    0,    0,    0,    0,    0,    0,    0,    0,    0,    0,    0,    0,    0,    0,    0,    0,    0,    0,    0,    0,    0,    0,    0,    0,    0,    0,    0,    0,    0,    0,    0,    0,    0,    0,
       0,    3,   -7,    0,    0,    0,    0,    0,    4,    0,    0,    0,    0,    0,    0,    0,    0,    0,    0,    0,    0,   -8,    0,    5,   -7,   -3,   -6,  -10,   -5,   -5,   15,    0,    0,   -5,    0,   -3,    0,   -5,    0,   -3,    0,   -5,    0,    0,   -7,  -10,   -9,    0,    0,    0,    0,    0,    0,    0,    0,   11,    0,    0,    8,    9,   -3,    0,    0,
       0,    0,    0,    0,    0,    0,    0,    0,    0,    0,    0,    0,    0,    0,    0,    0,    0,    0,    0,    0,    0,    0,    0,    0,    0,    0,    0,    0,    0,    0,    0,    0,    0,    0,   -5,   -2,   -7,   -5,   -5,   -4,   -7,   -4,   -7,   -2,  -11,   -7,  -14,   -5,    0,    0,    0,    0,    0,    0,    0,    0,   -7,   -7,   -7,   -7,   -2,   -5,    0,
       0,    2,    0,    0,    0,    0,    0,   -9,    0,    0,    0,    0,    0,    0,    0,    0,    0,    0,    0,   -5,    0,    0,    0,    0,    0,    0,    0,    0,    0,    0,    0,    0,    0,   -7,   -3,   -7,   -5,   -7,   -3,   -2,   -5,    0,   -5,   -5,   -7,   -3,   -3,    0,    0,    0,    0,    0,    0,    0,    0,    0,   -5,   -5,   -5,   -5,   -7,   -3,    0,
       0,    0,    0,    0,    0,    0,    0,    0,    0,    0,    0,    0,    0,    0,    0,    0,    0,    0,    0,    0,    0,    0,    0,    0,    0,    0,    0,    0,    0,    0,    0,    0,    0,    0,    0,    0,    0,    0,    0,   -6,    0,    0,    0,    0,   -5,  -11,   -7,    0,    0,    0,    0,    0,    0,    0,    0,    0,    0,    0,    0,    0,    0,    0,    0,
       0,   -9,    0,    0,    0,    0,    0,   -3,   11,    0,    0,    0,    0,    0,    0,    0,    0,    0,    0,    0,   -3,    0,    0,    0,    0,    0,    0,    0,    0,    0,    0,   10,    0,   -3,    5,    0,    0,    0,    5,    3,    0,    0,    0,    0,   -7,   -4,   -6,    0,    0,    5,    0,    0,    0,    0,    0,    0,    0,    0,   15,   16,    0,    5,    0,
       0,   -9,    0,    0,    0,    0,    0,   -3,   11,    0,    0,    0,    0,    0,    0,    0,    0,    0,    0,    0,   -3,    0,    0,    0,    0,    0,    0,    0,    0,    0,    0,   10,    0,   -3,    9,    0,    0,    0,    9,    3,    0,    0,    0,    0,   -7,   -4,   -6,    0,    0,    5,    0,    0,    0,    0,    0,    0,    5,    0,    5,   17,    0,    9,    0,
       0,   -9,    0,    0,    0,    0,    0,   -3,   11,    0,    0,    0,    0,    0,    0,    0,    0,    0,    0,    0,   -3,    0,    0,    0,    0,    0,    0,    0,    0,    0,    0,   10,    0,   -3,    8,    0,    0,    0,    8,    3,    0,    0,    0,    0,   -7,   -4,   -6,    0,    0,    5,    0,    0,    0,    0,    0,    0,    0,    9,   15,   16,    0,    8,    0,
       0,   -9,    0,    0,    0,    0,    0,   -3,   11,    0,    0,    0,    0,    0,    0,    0,    0,    0,    0,    0,   -3,    0,    0,    0,    0,    0,    0,    0,    0,    0,    0,   10,    0,   -3,   11,    0,   19,    0,   11,    3,   19,    0,    0,    0,   -7,   -4,   -6,    0,    0,    5,    0,    0,    0,    0,    0,    0,    4,    1,   19,   24,    0,   11,    0,
       0,    0,    0,    0,    0,    0,    0,    0,    0,    0,    0,    0,    0,    0,    0,    0,    0,    0,    0,    0,    0,    0,    0,    0,    0,    0,    0,    0,    0,    0,    0,    0,    0,    0,    0,    0,    0,    0,    0,   -1,    0,    0,    0,    0,   -9,   -3,   -7,    0,    0,    0,    0,    0,    0,    0,    0,    0,    0,    0,    0,    0,    0,    0,    0,
};

static const EpdLigaturePair bitter_12_boldLigaturePairs[] = {
    { 0x00660069, 0xFB01 }, // f i -> U+FB01
    { 0x0066006C, 0xFB02 }, // f l -> U+FB02
};

static constexpr EpdFontData bitter_12_bold = {
    bitter_12_boldBitmaps,
    bitter_12_boldGlyphs,
    bitter_12_boldIntervals,
    32,
    30,
    24,
    -7,
    true,
    bitter_12_boldGroups,
    8,
    nullptr,
    bitter_12_boldKernLeftClasses,
    bitter_12_boldKernRightClasses,
    bitter_12_boldKernMatrix,
    190,
    190,
    72,
    63,
    bitter_12_boldLigaturePairs,
    2,
};
