/**
 * generated by fontconvert.py
 * name: bitter_12_bolditalic
 * size: 12
 * mode: 2-bit  compressed: true
 * Command used: fontconvert.py bitter_12_bolditalic 12 ../builtinFonts/source/Bitter/Bitter-BoldItalic.ttf ../builtinFonts/source/NotoEmoji/NotoEmoji-Regular.ttf ../builtinFonts/source/NotoSymbols/NotoSansSymbols-Regular.ttf --exact-intervals --additional-intervals 0x0020,0x007E --additional-intervals 0x00A0,0x00FF --additional-intervals 0x2000,0x206F --additional-intervals 0x20A0,0x20CF --additional-intervals 0x2190,0x21FF --additional-intervals 0xFB00,0xFB06 --additional-intervals 0xFFFD,0xFFFD --additional-intervals 0x2669,0x266F --additional-intervals 0x2764,0x2764 --additional-intervals 0x1F600,0x1F600 --additional-intervals 0x1F44D,0x1F44D --font-include-intervals 1:0x2764,0x2764 --font-include-intervals 1:0x1F600,0x1F600 --font-include-intervals 1:0x1F44D,0x1F44D --font-include-intervals 2:0x2669,0x266F --2bit --compress --pnum --darken-aa
 */
#pragma once
#include "EpdFontData.h"

static const uint8_t bitter_12_bolditalicBitmaps[9080] = {
    0x9D, 0x59, 0xBF, 0x8F, 0xDD, 0xC6, 0x11, 0x1E, 0x92, 0x96, 0x09, 0x1C, 0x8B, 0x55, 0x21, 0x19,
    0x70, 0x84, 0x84, 0x2E, 0x5C, 0x18, 0x32, 0x6C, 0xB6, 0x09, 0x60, 0xDF, 0x32, 0x0A, 0x90, 0xD6,
    0x57, 0xE4, 0x92, 0xC0, 0x2E, 0x9C, 0xC2, 0x45, 0xE0, 0x00, 0x51, 0x4A, 0x17, 0xF6, 0x91, 0xB2,
    0x0B, 0xB7, 0xF7, 0x1F, 0xE4, 0x8A, 0x2B, 0x4E, 0x2F, 0x01, 0xD4, 0xCA, 0x80, 0x74, 0x64, 0xE2,
    0xD2, 0x45, 0x98, 0xA4, 0x74, 0x61, 0x1A, 0x56, 0x6C, 0x03, 0x2A, 0x8E, 0xB0, 0xA8, 0x98, 0x92,
    0x48, 0x6E, 0xBE, 0x6F, 0x96, 0xEF, 0xDD, 0xC9, 0x3F, 0x12, 0x20, 0x8F, 0xDC, 0x95, 0xEF, 0x3D,
    0x72, 0x76, 0x76, 0xE6, 0x9B, 0x99, 0x6F, 0xD6, 0xE1, 0x61, 0xDC, 0x27, 0x5D, 0xD2, 0x99, 0xD6,
    0x34, 0xA6, 0xE6, 0x95, 0x96, 0x69, 0x9E, 0x0A, 0x3F, 0x2F, 0x88, 0xC3, 0x75, 0x2C, 0xE7, 0xE5,
    0xE2, 0xB9, 0x3C, 0x7B, 0xA5, 0xB6, 0xA6, 0xB6, 0x69, 0x69, 0xD3, 0x7C, 0x3B, 0x95, 0x97, 0x32,
    0x79, 0xEE, 0x69, 0x91, 0xAD, 0xF2, 0x48, 0xC4, 0xD4, 0xA3, 0x48, 0x7A, 0x6D, 0x10, 0xC9, 0xAE,
    0xF4, 0x12, 0x14, 0xBF, 0xBA, 0x2F, 0x89, 0x73, 0xCE, 0x4F, 0x32, 0x9A, 0xDA, 0x4F, 0xC1, 0x90,
    0x96, 0x12, 0x76, 0x59, 0x2E, 0xBF, 0x7B, 0x58, 0x1D, 0x48, 0xE5, 0x5C, 0x27, 0x37, 0x1E, 0xBA,
    0x03, 0xFF, 0xFE, 0xA9, 0x10, 0x1B, 0x76, 0x5C, 0xFD, 0x6D, 0x8C, 0x5B, 0x18, 0xF8, 0x26, 0x9C,
    0x73, 0xB1, 0x6E, 0x10, 0xE7, 0x86, 0x68, 0x0E, 0xFB, 0xB8, 0x0F, 0xA0, 0x31, 0x06, 0xDE, 0x88,
    0x5C, 0x8B, 0x31, 0x0B, 0xC4, 0xD5, 0xF2, 0xA4, 0x6B, 0xF0, 0x7A, 0xFB, 0xA2, 0x98, 0xD6, 0x8A,
    0x69, 0xAC, 0xD8, 0xDA, 0x3A, 0x97, 0x5B, 0x37, 0xC9, 0x25, 0x3C, 0x27, 0xDB, 0xE2, 0xC7, 0xCB,
    0x18, 0x17, 0x44, 0x02, 0x27, 0x51, 0x97, 0xB8, 0xDA, 0x34, 0xE9, 0xFB, 0x6D, 0x56, 0xDA, 0xA8,
    0x2D, 0x64, 0x3B, 0x6A, 0x47, 0x4C, 0x9F, 0x75, 0xB2, 0x6D, 0x3E, 0x6A, 0x24, 0x73, 0x7F, 0x2C,
    0xC5, 0x4C, 0x16, 0x2F, 0xEC, 0x8C, 0x45, 0x2D, 0xD1, 0xBF, 0xA1, 0x74, 0xF2, 0xC5, 0xA7, 0x83,
    0xA4, 0x7F, 0x83, 0xC2, 0xD6, 0x94, 0x03, 0xF6, 0x56, 0x0E, 0x61, 0x6F, 0xDE, 0xED, 0xE2, 0x36,
    0x71, 0xAD, 0xA9, 0x23, 0x97, 0x5F, 0x54, 0xF9, 0x97, 0x5C, 0x09, 0x95, 0xBB, 0x08, 0xC3, 0x0C,
    0x71, 0x6B, 0xBA, 0xA8, 0x31, 0xD0, 0xC2, 0x60, 0x7B, 0xF1, 0xBC, 0xBA, 0x1E, 0x38, 0x37, 0xC3,
    0x44, 0x43, 0xD6, 0x9A, 0xB6, 0x28, 0x4D, 0x53, 0x49, 0x5A, 0x3B, 0xC9, 0x6A, 0x97, 0x17, 0x65,
    0xF5, 0xC8, 0x61, 0xC7, 0xA3, 0x18, 0xAA, 0xFD, 0x0B, 0x91, 0x8B, 0x92, 0xE5, 0xD8, 0x0E, 0xAE,
    0x6D, 0x79, 0x49, 0x9E, 0x53, 0xF7, 0xC4, 0xD0, 0xAC, 0x11, 0x5B, 0x4A, 0x25, 0x32, 0x49, 0x34,
    0x4A, 0xD4, 0x4B, 0xD2, 0xF1, 0xBB, 0xB4, 0x86, 0x18, 0xFE, 0x62, 0x61, 0x37, 0x91, 0x62, 0x7D,
    0x5B, 0x7F, 0xE7, 0x92, 0x95, 0x7C, 0x06, 0x3E, 0x49, 0x60, 0xBD, 0x56, 0x02, 0x95, 0x27, 0x6F,
    0xC1, 0x4F, 0x02, 0x7F, 0xAF, 0x9F, 0x2B, 0xF9, 0x1C, 0x04, 0xA5, 0xEB, 0x3B, 0x3B, 0x23, 0x17,
    0xE2, 0x1C, 0xD7, 0x0D, 0xB1, 0xEE, 0xB0, 0xAC, 0x6B, 0x6B, 0xEA, 0x02, 0xA7, 0x3D, 0xE1, 0x05,
    0x76, 0xBC, 0x7F, 0x72, 0x37, 0x77, 0x55, 0x79, 0xE9, 0x2D, 0xEE, 0x7B, 0xFB, 0x96, 0xBC, 0xF4,
    0x63, 0xFD, 0x29, 0x85, 0x12, 0xC2, 0x5B, 0xD7, 0x02, 0x16, 0xF0, 0x59, 0xCD, 0xD7, 0xF9, 0xF2,
    0xA8, 0x37, 0xDC, 0xBE, 0x23, 0x49, 0x99, 0x36, 0x59, 0x93, 0xD6, 0xA6, 0xCC, 0xE4, 0x1D, 0xE9,
    0x81, 0xC4, 0xC2, 0xE1, 0x61, 0x21, 0xAE, 0x44, 0x5E, 0x94, 0x22, 0xAF, 0xCA, 0x42, 0x57, 0x3B,
    0xE7, 0x65, 0x52, 0x9C, 0xBA, 0x77, 0x8D, 0x1C, 0xA8, 0x80, 0x0D, 0x4A, 0x5C, 0x13, 0x61, 0x18,
    0xB9, 0x2E, 0xAA, 0x28, 0x58, 0x1E, 0x09, 0xF8, 0x08, 0x07, 0xB0, 0x93, 0xF0, 0x91, 0xF2, 0xF4,
    0x91, 0xB7, 0x65, 0xF9, 0x64, 0x83, 0x84, 0x40, 0x92, 0x71, 0xAE, 0xCE, 0xFA, 0xAC, 0xB5, 0xB5,
    0xE9, 0xAA, 0xDC, 0x74, 0x4E, 0x36, 0xA3, 0x75, 0x92, 0x36, 0x70, 0x5A, 0x5D, 0x49, 0x55, 0xDA,
    0xBB, 0x70, 0x24, 0xDC, 0x97, 0xD0, 0x7D, 0x17, 0xA8, 0x1E, 0x0C, 0x56, 0x87, 0xAE, 0x4E, 0x1D,
    0x10, 0x59, 0xFF, 0x70, 0x31, 0x61, 0x4E, 0x73, 0x39, 0xBD, 0x67, 0x80, 0x17, 0x9B, 0x6B, 0x2B,
    0xD7, 0x06, 0xD5, 0x00, 0xBF, 0xFB, 0xC5, 0x10, 0x71, 0x0D, 0x36, 0xDF, 0x6C, 0xD1, 0xF0, 0x10,
    0x41, 0xCC, 0x4A, 0x32, 0xE1, 0x3F, 0x3B, 0xC0, 0x1E, 0xDE, 0x81, 0xA5, 0x0A, 0xE7, 0xCA, 0xCA,
    0x8F, 0x5C, 0xAE, 0xCE, 0xF8, 0xDE, 0xD5, 0xB1, 0x73, 0x6D, 0x5C, 0xA7, 0x5D, 0x02, 0x45, 0xC3,
    0x9C, 0xA8, 0xC3, 0xFB, 0x97, 0xF1, 0x3B, 0x64, 0x4B, 0x85, 0x70, 0xB9, 0x88, 0x97, 0xE9, 0xAF,
    0x65, 0x3C, 0x23, 0xAE, 0x2C, 0x6E, 0xD0, 0xB0, 0x23, 0x14, 0xF7, 0x98, 0xF3, 0x48, 0xB5, 0x18,
    0xC0, 0x7C, 0x88, 0x11, 0xE3, 0x87, 0xF4, 0x13, 0xB8, 0x19, 0xB2, 0xA6, 0xAC, 0x0E, 0x07, 0x5B,
    0x27, 0x9D, 0xAD, 0xD3, 0xDA, 0x96, 0x08, 0xB3, 0x01, 0x63, 0xE4, 0xBF, 0xBA, 0x1F, 0x1D, 0xB3,
    0x1F, 0xAB, 0xD5, 0x01, 0x04, 0xB7, 0xC0, 0x7B, 0x13, 0x4E, 0xBB, 0x79, 0xC4, 0xB0, 0x1D, 0xFC,
    0x88, 0xDD, 0x1D, 0x18, 0x69, 0x66, 0xAA, 0x80, 0x67, 0xCE, 0xEA, 0x54, 0x95, 0xE7, 0xB1, 0x57,
    0x7B, 0x63, 0x86, 0xBF, 0xA9, 0x53, 0xE3, 0x75, 0x0A, 0x5D, 0xA3, 0x7F, 0x60, 0x8F, 0x88, 0x33,
    0x61, 0x0A, 0xA0, 0x96, 0x19, 0x03, 0xFF, 0x93, 0x81, 0xB6, 0x20, 0x98, 0x4A, 0x57, 0xDA, 0x9A,
    0xCE, 0xF0, 0x0E, 0xB1, 0x35, 0x22, 0xAA, 0xB4, 0x88, 0xA9, 0x14, 0xB2, 0xE2, 0xC5, 0x29, 0x97,
    0x57, 0xAB, 0x12, 0xCF, 0xD7, 0x78, 0xBE, 0xBE, 0xBD, 0x5B, 0x95, 0x23, 0x74, 0xEE, 0x43, 0xD8,
    0x36, 0x5A, 0x84, 0xA6, 0xED, 0x5A, 0x15, 0xDD, 0xCE, 0xF7, 0xFD, 0xA4, 0x9F, 0x64, 0xA6, 0x23,
    0xB8, 0xC7, 0x2E, 0x1A, 0xE3, 0x21, 0xEE, 0xA2, 0x21, 0xE9, 0xA2, 0x3E, 0x1E, 0x10, 0xF5, 0xAE,
    0xAA, 0x05, 0x7B, 0x0C, 0xE8, 0xD3, 0xFB, 0x00, 0x50, 0x0D, 0x00, 0x95, 0x48, 0x51, 0xF0, 0x8B,
    0x2D, 0xB3, 0xDA, 0x7E, 0xEE, 0xCA, 0x14, 0xBF, 0xC7, 0xAE, 0x67, 0xA0, 0x2B, 0xD8, 0x02, 0x9F,
    0x3E, 0x6B, 0xD3, 0x67, 0x08, 0x00, 0xA3, 0x80, 0xDB, 0x8C, 0xFB, 0x55, 0x67, 0xE8, 0x5F, 0xD8,
    0x53, 0xCE, 0x2F, 0x5A, 0x2C, 0xB8, 0xD8, 0x86, 0x0C, 0x00, 0x4C, 0x8A, 0x49, 0x31, 0x87, 0x1C,
    0x61, 0xBA, 0xB4, 0x33, 0xCD, 0x12, 0xE1, 0x67, 0x42, 0x26, 0x68, 0xA1, 0xE7, 0x88, 0x94, 0x91,
    0x2F, 0x1B, 0xF8, 0x56, 0xA8, 0x69, 0x18, 0x1F, 0xC3, 0x64, 0xA1, 0x7B, 0x90, 0x01, 0x5E, 0x2D,
    0xFD, 0x53, 0x4D, 0xD0, 0xAB, 0x91, 0x02, 0x66, 0x84, 0xB6, 0xCF, 0xF0, 0x4D, 0xF8, 0x9C, 0xFE,
    0xCF, 0x61, 0xCF, 0x75, 0xB8, 0xD0, 0x07, 0x18, 0x33, 0x5C, 0x7F, 0x5D, 0xB3, 0x4B, 0xC2, 0xBC,
    0x37, 0x8B, 0xDF, 0x63, 0xE6, 0x98, 0x7B, 0x73, 0x20, 0x3E, 0x27, 0x16, 0x99, 0x9A, 0xED, 0xA4,
    0xF9, 0x46, 0x63, 0xE5, 0x49, 0x8A, 0xEB, 0x32, 0xD7, 0x3F, 0x91, 0x0C, 0x5C, 0x05, 0xF6, 0xB6,
    0x88, 0x1D, 0xC1, 0x5F, 0xCC, 0x6D, 0xA5, 0xC6, 0xB9, 0x7E, 0x7E, 0xA4, 0x2F, 0x21, 0x2A, 0x10,
    0x4C, 0x9A, 0x72, 0x7E, 0xB0, 0x2F, 0x1E, 0x4A, 0x56, 0xF1, 0x96, 0x27, 0x03, 0x36, 0x88, 0x04,
    0xDD, 0x54, 0xC3, 0x71, 0xF6, 0x9E, 0x1B, 0xB6, 0x6D, 0xF2, 0xE9, 0x60, 0xF7, 0xCC, 0xB5, 0xDE,
    0xDE, 0xCE, 0xC2, 0xCE, 0xDE, 0xB2, 0x51, 0xB7, 0x37, 0x62, 0xBA, 0x3D, 0x5A, 0xD3, 0x8D, 0xB7,
    0xB2, 0xD9, 0xF5, 0xB7, 0x11, 0xCE, 0x28, 0x1D, 0xF2, 0xB4, 0x2A, 0x24, 0xE6, 0x61, 0xC5, 0x2A,
    0x43, 0x38, 0x5F, 0xFD, 0x92, 0x6B, 0x5C, 0x6A, 0xB8, 0xE7, 0x96, 0x9B, 0x64, 0x9D, 0x42, 0x5C,
    0x48, 0xF8, 0x88, 0xF9, 0xE3, 0x1E, 0x96, 0x4A, 0x3E, 0xC3, 0x64, 0x3E, 0x64, 0x29, 0x7C, 0x6F,
    0x64, 0x29, 0xC3, 0x54, 0xFD, 0x12, 0x93, 0x43, 0x0D, 0x42, 0x06, 0x41, 0x74, 0xDE, 0xDF, 0x65,
    0xC6, 0x10, 0xA6, 0x0B, 0x4C, 0xD5, 0x80, 0x02, 0xE4, 0x38, 0xC1, 0x56, 0xFB, 0x7C, 0x64, 0xA2,
    0xF3, 0x1D, 0x77, 0xC6, 0x29, 0xAF, 0x98, 0x6A, 0xA1, 0x42, 0xA5, 0x89, 0xE2, 0x35, 0x15, 0xD5,
    0x72, 0xC2, 0x42, 0x33, 0xFE, 0x0C, 0xA6, 0x60, 0x66, 0x12, 0x86, 0xE4, 0x31, 0xE0, 0x04, 0x88,
    0xC6, 0x33, 0xC2, 0x9C, 0x26, 0xC0, 0xC4, 0x18, 0x4C, 0xE0, 0xB8, 0xC2, 0x0D, 0x10, 0x3E, 0xC4,
    0x13, 0x4A, 0x15, 0x6A, 0x67, 0xD6, 0x06, 0x1D, 0xA1, 0x53, 0x60, 0x8F, 0x58, 0x82, 0x2B, 0x6C,
    0xC2, 0x96, 0x7F, 0xF3, 0x7B, 0xDB, 0x24, 0xF0, 0x95, 0x2B, 0x01, 0x36, 0x28, 0xB6, 0x80, 0x73,
    0xD1, 0x52, 0xE1, 0x0C, 0xB1, 0xB6, 0xAC, 0x90, 0x10, 0x72, 0xC4, 0x43, 0xC1, 0x5D, 0x55, 0x7E,
    0x6B, 0xEB, 0x69, 0xE6, 0x34, 0x21, 0x5A, 0x82, 0x09, 0xD2, 0xA0, 0xA5, 0xAD, 0xA1, 0x9E, 0x43,
    0x0A, 0x88, 0x1C, 0xB0, 0x80, 0x60, 0x3C, 0xA3, 0xE5, 0x6A, 0xB5, 0x82, 0x60, 0xA7, 0xBB, 0xB7,
    0xE5, 0x36, 0xA4, 0xBE, 0xCC, 0x2A, 0xE3, 0x55, 0xDB, 0xCD, 0x19, 0xF2, 0x3A, 0xE6, 0x5D, 0x6C,
    0x5A, 0xB8, 0x67, 0x86, 0x23, 0xC2, 0x2D, 0xE8, 0x20, 0xAA, 0xB3, 0x7E, 0xB4, 0x67, 0xE4, 0xCC,
    0xDF, 0x96, 0xC3, 0xA1, 0x72, 0x50, 0x9A, 0x57, 0xF9, 0x19, 0x39, 0x3A, 0x62, 0xFA, 0x8C, 0xBB,
    0x62, 0x26, 0x8A, 0xDD, 0x3E, 0x63, 0x7A, 0xF2, 0x4E, 0x89, 0x67, 0x54, 0x25, 0xD3, 0xA3, 0x6A,
    0x64, 0xAD, 0xDC, 0xD4, 0xE0, 0x57, 0x23, 0xA9, 0xB5, 0x20, 0x3B, 0x23, 0x57, 0xB2, 0x9C, 0x80,
    0xD3, 0x4A, 0x62, 0xD8, 0xA2, 0x4C, 0x88, 0x5C, 0xC2, 0x77, 0x86, 0x5A, 0x86, 0xE1, 0x1A, 0xEA,
    0x4E, 0x59, 0xAC, 0x64, 0x75, 0xB4, 0xB5, 0x2A, 0x43, 0x37, 0xA0, 0x24, 0x04, 0xAE, 0x4D, 0x49,
    0x71, 0x4A, 0xA6, 0x44, 0x9B, 0x73, 0x2E, 0x34, 0xBE, 0x2A, 0x16, 0x56, 0x6C, 0xFE, 0x75, 0xCE,
    0xE4, 0x4B, 0x9C, 0xE1, 0xFD, 0x79, 0xF7, 0x6A, 0x4B, 0x23, 0x00, 0x42, 0x50, 0x1F, 0xE9, 0x38,
    0x5A, 0xCF, 0xD0, 0x2B, 0xD6, 0xD9, 0xBA, 0x9F, 0x69, 0x2E, 0x88, 0xF8, 0xD6, 0xEA, 0x08, 0x0B,
    0x05, 0xB4, 0x74, 0xC9, 0xAA, 0x53, 0xC8, 0xD9, 0xC2, 0x83, 0x3B, 0xF0, 0x75, 0x5C, 0x6F, 0xBE,
    0x4E, 0xCE, 0x84, 0x68, 0x5A, 0xE5, 0x6A, 0x89, 0x8C, 0x81, 0x4B, 0x70, 0x77, 0x7E, 0x98, 0xF5,
    0x60, 0x50, 0x23, 0x1A, 0xC0, 0x0C, 0xB4, 0x3C, 0x6D, 0xCA, 0x49, 0xE9, 0x47, 0x71, 0x8A, 0xAB,
    0xE7, 0x69, 0x58, 0x96, 0x9E, 0x66, 0x09, 0xDD, 0xD5, 0xD1, 0x9B, 0xD4, 0xA9, 0x1A, 0xA1, 0x55,
    0x01, 0x3D, 0x4B, 0x2D, 0x89, 0x78, 0xB2, 0xB8, 0xC2, 0x90, 0xE1, 0x72, 0xEE, 0xF5, 0xD6, 0x3B,
    0xCB, 0x4F, 0x33, 0xAB, 0xDF, 0x84, 0x75, 0xC3, 0x11, 0x93, 0xE2, 0xDC, 0x83, 0x7D, 0x0C, 0xBC,
    0xE1, 0x1B, 0x4C, 0x78, 0x66, 0x75, 0x04, 0x2B, 0x23, 0x2E, 0x50, 0x59, 0xBC, 0x26, 0xB9, 0x3C,
    0xEE, 0xFE, 0xD3, 0xC2, 0xB4, 0xB8, 0x7F, 0x27, 0x1A, 0x43, 0xC0, 0x28, 0xD2, 0x8C, 0x6A, 0xFD,
    0x80, 0x9C, 0x7D, 0xB9, 0x7C, 0xC4, 0xB2, 0x57, 0x60, 0x01, 0xE0, 0xF9, 0x0E, 0x36, 0x80, 0x0A,
    0x2E, 0x76, 0x64, 0xE1, 0x2D, 0x46, 0x83, 0x34, 0x73, 0x3C, 0xA5, 0x24, 0x5F, 0xB3, 0xC5, 0x02,
    0xA3, 0xBB, 0xCD, 0xB9, 0x18, 0xF0, 0xCD, 0x68, 0x3B, 0x18, 0x75, 0xB0, 0x0D, 0x42, 0x73, 0xC8,
    0x6A, 0xB0, 0xB3, 0x7E, 0x0B, 0xF0, 0x01, 0xCD, 0x08, 0x46, 0x42, 0x83, 0x91, 0x30, 0x23, 0xB3,
    0xE6, 0x98, 0x33, 0xC8, 0x59, 0x1D, 0x3C, 0xB9, 0xCA, 0xB1, 0x96, 0x71, 0x65, 0xE0, 0x7A, 0xD6,
    0x12, 0x3B, 0x86, 0x83, 0xCE, 0x30, 0x44, 0x31, 0x91, 0x9F, 0x1C, 0x3B, 0xCE, 0x53, 0xC5, 0x79,
    0xB4, 0xEF, 0xEB, 0xFC, 0x11, 0x2C, 0x34, 0x66, 0xE0, 0xA9, 0xC1, 0x60, 0x4E, 0x6A, 0xAC, 0x65,
    0xA0, 0x20, 0xAA, 0x0E, 0x67, 0xD4, 0x1D, 0x60, 0xA1, 0x0F, 0x09, 0xE7, 0x99, 0xE9, 0x16, 0x39,
    0x96, 0x45, 0x36, 0x26, 0xB6, 0x0B, 0x60, 0x23, 0x64, 0xFC, 0xC5, 0x33, 0x22, 0x11, 0xB0, 0x76,
    0x84, 0x75, 0x95, 0x93, 0xC1, 0xE5, 0x05, 0x27, 0xC0, 0x1A, 0x93, 0x68, 0x0B, 0xA0, 0x13, 0x92,
    0x4B, 0x25, 0xD1, 0x84, 0x6F, 0x15, 0x60, 0x29, 0x9C, 0xF6, 0xD0, 0xC3, 0x3A, 0x87, 0x28, 0x28,
    0xAB, 0xE9, 0x61, 0x9D, 0x1F, 0xE8, 0x00, 0x62, 0xDD, 0x5E, 0xF3, 0x59, 0x4C, 0xCE, 0x66, 0x31,
    0x9D, 0xE2, 0x89, 0x8E, 0x25, 0x5B, 0x40, 0x5C, 0x04, 0xEE, 0x81, 0x8F, 0x44, 0x0D, 0x43, 0x3F,
    0x31, 0x18, 0x7D, 0x24, 0xEA, 0xF4, 0x9D, 0x8A, 0x77, 0x67, 0x14, 0x2F, 0xC0, 0x9B, 0x59, 0xDE,
    0x16, 0xC5, 0xCF, 0x2C, 0x85, 0x2B, 0x3C, 0x55, 0xBC, 0xA3, 0xE2, 0xCD, 0x59, 0xC5, 0x93, 0x5E,
    0x99, 0xC5, 0xCF, 0x55, 0x3E, 0x29, 0x20, 0x27, 0x96, 0xFB, 0x6F, 0xA7, 0x64, 0x98, 0xD1, 0x2F,
    0x53, 0x94, 0xCB, 0x0A, 0x21, 0x27, 0x77, 0x9A, 0x97, 0x4B, 0xA2, 0xB4, 0x59, 0xA3, 0x34, 0x51,
    0xA8, 0xF6, 0xD8, 0x0C, 0x83, 0xD3, 0x5D, 0x21, 0x54, 0x7F, 0xEA, 0x7C, 0x4A, 0xAE, 0x1C, 0xBC,
    0xE3, 0xFA, 0x68, 0x08, 0xD1, 0xCE, 0x70, 0x04, 0xFB, 0xE4, 0x33, 0x31, 0x94, 0x8B, 0xB0, 0x26,
    0x7E, 0x07, 0xC1, 0xA1, 0x2A, 0x45, 0xF3, 0x34, 0x42, 0x7D, 0x5B, 0x07, 0x5A, 0x9A, 0x15, 0x3A,
    0x04, 0x47, 0xE0, 0x74, 0xCA, 0x89, 0x50, 0x77, 0x8F, 0x16, 0xEE, 0x35, 0xBE, 0x6C, 0xDA, 0xF1,
    0x6D, 0xD3, 0x0C, 0x6F, 0xA4, 0xCD, 0x6F, 0xFE, 0x6B, 0x4C, 0x2E, 0xD1, 0x40, 0xDA, 0xC0, 0x1E,
    0x23, 0xC5, 0x9A, 0x6F, 0x32, 0x21, 0x39, 0xE0, 0xBA, 0x66, 0x51, 0xCA, 0x41, 0xF0, 0x96, 0x7C,
    0xED, 0x27, 0x26, 0x27, 0x5B, 0x22, 0x30, 0x8B, 0x9C, 0xC9, 0x8D, 0x99, 0xE0, 0xB1, 0x6C, 0xDF,
    0xD2, 0x15, 0x2C, 0x69, 0x84, 0xCF, 0x5D, 0xAD, 0xC1, 0x33, 0x85, 0xD3, 0xB6, 0xBB, 0x42, 0x35,
    0x83, 0xD5, 0x41, 0xC1, 0x7C, 0x94, 0x4D, 0x81, 0x6B, 0x80, 0xB9, 0x8A, 0x86, 0x07, 0x9F, 0x18,
    0xB0, 0x50, 0xCC, 0x4A, 0x0D, 0x46, 0x42, 0x73, 0xC1, 0x7A, 0xD1, 0x88, 0xA4, 0x12, 0x8E, 0x88,
    0xDD, 0x70, 0x2A, 0x18, 0xA8, 0x13, 0xF5, 0x25, 0x20, 0x54, 0x1E, 0x77, 0xEE, 0x73, 0x49, 0x55,
    0x2F, 0x09, 0xE5, 0xF2, 0xF5, 0xE0, 0x28, 0x04, 0xA1, 0x9B, 0x21, 0x04, 0x1C, 0x6B, 0x88, 0xC7,
    0x10, 0x74, 0xAB, 0x33, 0x23, 0xD3, 0x76, 0x67, 0x26, 0x84, 0x93, 0xC1, 0xCA, 0x88, 0x1E, 0x70,
    0xD6, 0x39, 0xE6, 0x3F, 0x7B, 0x73, 0xD2, 0x20, 0x1A, 0x47, 0x87, 0xCE, 0x20, 0xEE, 0x86, 0x0A,
    0xDD, 0x4E, 0xF4, 0x55, 0x57, 0xA1, 0xF6, 0x47, 0x5F, 0x77, 0xC5, 0x1E, 0xCB, 0x7E, 0x43, 0x62,
    0x82, 0x40, 0xB2, 0xDA, 0x6A, 0x96, 0xB6, 0xE7, 0x3F, 0xCA, 0x89, 0xC3, 0x59, 0x49, 0x80, 0x4F,
    0xBF, 0xEB, 0x4F, 0xB0, 0x3A, 0xBC, 0x7C, 0x14, 0xB9, 0xDE, 0x32, 0xAD, 0x81, 0xC6, 0x91, 0x1C,
    0x03, 0x9F, 0x05, 0xF3, 0xE5, 0xB8, 0xB0, 0x9F, 0x88, 0x54, 0x56, 0xA9, 0x2E, 0x83, 0x92, 0xC2,
    0xF1, 0xEB, 0x09, 0xF9, 0xE4, 0x2B, 0x10, 0x3B, 0xC7, 0x03, 0x88, 0x31, 0xEC, 0x0D, 0x44, 0x38,
    0xCD, 0x32, 0x75, 0xC5, 0xE9, 0xF2, 0x75, 0x64, 0x88, 0x62, 0x46, 0xD2, 0xB1, 0x43, 0xC2, 0xB2,
    0xAA, 0xCD, 0x1E, 0xDB, 0xB7, 0xC1, 0x30, 0xF1, 0xC3, 0x52, 0xC1, 0xB8, 0xC7, 0xB4, 0x46, 0x23,
    0x55, 0x34, 0x52, 0x41, 0x8E, 0xA2, 0x75, 0x4A, 0x89, 0x8C, 0x4E, 0x45, 0xBE, 0x54, 0xAC, 0x98,
    0x26, 0x4C, 0xD4, 0x8E, 0xA8, 0x97, 0x2C, 0xAE, 0x2E, 0x27, 0xC8, 0xF3, 0x90, 0xEB, 0x86, 0x1D,
    0x83, 0x2F, 0x67, 0x92, 0xF7, 0x12, 0x54, 0x53, 0xA5, 0x12, 0x8C, 0x97, 0x8C, 0xDF, 0x17, 0xF5,
    0x92, 0x4C, 0xA1, 0xEC, 0x4D, 0xA6, 0x10, 0xA5, 0x1C, 0xFD, 0x66, 0x62, 0xD9, 0x01, 0xEF, 0xEF,
    0x90, 0x3C, 0x61, 0x7B, 0xDC, 0x74, 0x70, 0xC7, 0x1B, 0xC6, 0x8F, 0x5B, 0x52, 0x42, 0x38, 0xDA,
    0xD4, 0xCB, 0x4D, 0x43, 0xAD, 0x1B, 0x56, 0x7F, 0xB3, 0x4A, 0x7D, 0xC9, 0x86, 0x05, 0xBB, 0xB9,
    0x80, 0x76, 0x6C, 0x5B, 0xFB, 0xDF, 0x0C, 0x57, 0x8A, 0x3E, 0xCE, 0x94, 0x7A, 0xD5, 0x09, 0xAE,
    0xB8, 0x8E, 0x9B, 0xA8, 0x89, 0x5A, 0x5C, 0x88, 0x23, 0x3D, 0x3E, 0x58, 0x1D, 0x04, 0xBA, 0x34,
    0x97, 0x81, 0x97, 0x37, 0x2B, 0xB1, 0x91, 0x2D, 0xBF, 0xB9, 0xD2, 0x9E, 0x76, 0xBD, 0xD3, 0xBA,
    0xF5, 0x1C, 0x99, 0xA5, 0xAF, 0x0E, 0x84, 0x9A, 0x52, 0x3C, 0xF1, 0x65, 0x2E, 0x5B, 0xBA, 0xA1,
    0x99, 0xBB, 0x61, 0x1A, 0x9F, 0x20, 0xF0, 0x18, 0xB2, 0xD8, 0x94, 0x67, 0x0C, 0xC3, 0x9C, 0x2D,
    0x18, 0xA9, 0xEF, 0xB3, 0x10, 0x09, 0x10, 0xA2, 0x09, 0x90, 0x3F, 0xC8, 0xD6, 0x9D, 0x1D, 0x84,
    0x72, 0x0B, 0x0E, 0xD9, 0x26, 0x03, 0x28, 0x76, 0x8B, 0x86, 0x09, 0x4D, 0x00, 0x4A, 0x5E, 0x5D,
    0xE4, 0x16, 0x64, 0xBC, 0x28, 0x8B, 0x1C, 0x21, 0xFD, 0x2E, 0x80, 0x75, 0xC2, 0xCA, 0x5B, 0x00,
    0xB5, 0x45, 0x1B, 0xC0, 0xE4, 0xE7, 0x8E, 0x50, 0x5D, 0x47, 0x3F, 0x36, 0x6D, 0x13, 0x7C, 0x1B,
    0x77, 0x7B, 0x12, 0xDF, 0x73, 0x35, 0xB8, 0x6E, 0x63, 0xE6, 0xAC, 0x35, 0x68, 0x33, 0xF4, 0x6A,
    0x41, 0xF7, 0x6B, 0xD3, 0x66, 0x75, 0xDA, 0x20, 0x51, 0xE0, 0xF2, 0xBD, 0x28, 0x0F, 0x4F, 0x2C,
    0xD3, 0xEC, 0x0E, 0xF6, 0xB2, 0x75, 0x87, 0x69, 0x4A, 0x39, 0xAD, 0xE9, 0x61, 0x50, 0x3D, 0x27,
    0x39, 0xCD, 0x0E, 0xC5, 0x02, 0x13, 0xCD, 0x18, 0x9F, 0x77, 0x48, 0x0D, 0xC3, 0xA6, 0x65, 0x42,
    0x8E, 0x3F, 0xF4, 0x85, 0x3C, 0xEB, 0x1F, 0xE3, 0x04, 0x5B, 0x27, 0xDD, 0xFF, 0xBB, 0xC7, 0x33,
    0xFA, 0x94, 0xD0, 0x87, 0x9A, 0xE3, 0x2D, 0x64, 0xF4, 0x93, 0x59, 0xB3, 0x7D, 0xF1, 0xD0, 0xEB,
    0xA4, 0xFA, 0xFC, 0xEB, 0xD6, 0x63, 0x2D, 0x1C, 0xE2, 0xEF, 0x03, 0xF1, 0x0D, 0x85, 0x14, 0xF3,
    0x82, 0xC7, 0x80, 0x11, 0xE0, 0x6B, 0xC9, 0xB4, 0xC3, 0xE2, 0xD1, 0x2D, 0x53, 0x4C, 0xEC, 0xC6,
    0xF4, 0x28, 0xB5, 0x56, 0x0A, 0xB3, 0x4C, 0xED, 0xE2, 0x62, 0xA5, 0x32, 0x3E, 0xA0, 0x75, 0x3A,
    0x13, 0x3D, 0xF9, 0x92, 0x34, 0x2F, 0x71, 0x19, 0x5A, 0x00, 0x84, 0x76, 0x13, 0xF7, 0xE1, 0x07,
    0x17, 0xA0, 0x84, 0x1E, 0x50, 0x85, 0x73, 0xD2, 0xB3, 0xFF, 0x33, 0xFE, 0x50, 0xAD, 0x4B, 0x1B,
    0xBA, 0x04, 0x06, 0x69, 0x2C, 0xCC, 0x52, 0xD5, 0xE6, 0x11, 0xBA, 0x3A, 0x77, 0x82, 0xEE, 0x15,
    0x2B, 0xEC, 0x64, 0x0B, 0x41, 0x81, 0x59, 0xFE, 0x04, 0x8A, 0x8C, 0xED, 0x66, 0xCE, 0xB7, 0x94,
    0x74, 0xBD, 0xF9, 0x0E, 0xD7, 0x47, 0xDD, 0xEF, 0xBF, 0xE9, 0x7A, 0xAC, 0x62, 0xD0, 0x23, 0x62,
    0x15, 0xF6, 0x96, 0x7A, 0xA9, 0xF3, 0x4B, 0xBD, 0xF2, 0xA2, 0x43, 0x51, 0xF4, 0x38, 0xDE, 0x8F,
    0xFA, 0x64, 0x48, 0xFA, 0x10, 0xC4, 0xF6, 0xA9, 0x7D, 0xD7, 0x56, 0x0D, 0x7A, 0x3E, 0xFF, 0x34,
    0x9E, 0xC4, 0x53, 0x48, 0x0D, 0xAE, 0xD5, 0xFC, 0x24, 0x6F, 0x90, 0x1D, 0x45, 0xDA, 0x5A, 0xC8,
    0xA1, 0x2A, 0x74, 0xC8, 0x6D, 0xC3, 0xEF, 0xB1, 0x1E, 0x33, 0xF1, 0xC4, 0xA7, 0xA3, 0xE5, 0x70,
    0xA7, 0x9B, 0x23, 0x27, 0x7F, 0x6B, 0x74, 0x55, 0x72, 0x69, 0xE2, 0x1B, 0xDE, 0x4C, 0xEB, 0xED,
    0x98, 0xB3, 0xDB, 0xE1, 0x01, 0x40, 0x7F, 0xF1, 0x30, 0xEE, 0xAA, 0x3E, 0xE9, 0x2A, 0x6C, 0xC3,
    0x42, 0x1A, 0xA2, 0xEA, 0x11, 0x0F, 0x40, 0x88, 0x3C, 0x98, 0x03, 0xBD, 0x94, 0xFD, 0x2B, 0xCA,
    0xCF, 0x5F, 0x26, 0xED, 0x88, 0x40, 0x25, 0x6A, 0xA0, 0xA9, 0x3E, 0x77, 0x64, 0xC6, 0x14, 0x35,
    0x15, 0xB9, 0x12, 0x95, 0x23, 0xA6, 0xB1, 0x69, 0xEE, 0xD6, 0x34, 0xE9, 0xA9, 0x01, 0xBA, 0x02,
    0xDB, 0x7E, 0xAA, 0xBC, 0x19, 0x1C, 0x8A, 0xFB, 0xD8, 0x19, 0x50, 0x80, 0x13, 0x57, 0xA1, 0xF1,
    0x1A, 0x8B, 0x1E, 0xB5, 0xAA, 0xB3, 0x4D, 0x45, 0xF4, 0xFB, 0x03, 0x82, 0x9C, 0x4D, 0x47, 0x25,
    0xB3, 0xCE, 0x13, 0x22, 0xC0, 0x61, 0xFF, 0x85, 0xCC, 0xD8, 0x3F, 0xBE, 0x05, 0x19, 0x70, 0x32,
    0xA1, 0x02, 0xCC, 0x81, 0xD2, 0x3F, 0xFD, 0x40, 0x32, 0xE5, 0xE6, 0x90, 0x5A, 0xA7, 0x13, 0xF0,
    0x8E, 0x8E, 0x2A, 0x6B, 0xCE, 0x98, 0x1E, 0x26, 0xA5, 0x51, 0xC9, 0x7C, 0xC0, 0x15, 0x72, 0x72,
    0xD4, 0x59, 0xBC, 0x79, 0xE5, 0xD2, 0xE3, 0xA8, 0x47, 0xCC, 0x34, 0x1E, 0xFB, 0x69, 0x53, 0xE4,
    0x1C, 0x19, 0x23, 0x07, 0x92, 0x10, 0x09, 0x9F, 0x3F, 0x7E, 0x70, 0x21, 0xAF, 0x5E, 0xE1, 0xA1,
    0xE7, 0xD5, 0x11, 0xDC, 0xA4, 0x22, 0x65, 0xBE, 0xEF, 0x58, 0x08, 0xC9, 0x79, 0x72, 0x3D, 0x96,
    0x2B, 0xC8, 0x6E, 0x2B, 0x4E, 0x3C, 0xA2, 0x03, 0x71, 0x0B, 0xC8, 0x3E, 0xC2, 0xF9, 0x46, 0xCF,
    0xF5, 0x1A, 0x7F, 0x60, 0x1A, 0x3D, 0x10, 0x8F, 0x28, 0x1F, 0x12, 0xE9, 0x03, 0x6D, 0xDB, 0xC5,
    0x1F, 0x0F, 0xC9, 0xFF, 0xC8, 0x5A, 0xF5, 0x37, 0x22, 0x9A, 0x09, 0x1F, 0xBE, 0x05, 0x4B, 0xCC,
    0xF9, 0xF6, 0xE4, 0xB9, 0x35, 0x7A, 0x26, 0xE0, 0xB9, 0x26, 0xA6, 0x61, 0x2B, 0xF7, 0xF1, 0x50,
    0x9D, 0x0C, 0xE9, 0xD4, 0x67, 0x5D, 0x97, 0x35, 0x6B, 0xA0, 0x3C, 0xDE, 0x90, 0xF0, 0xE5, 0xE7,
    0x0F, 0xB1, 0x28, 0xD8, 0x59, 0xDA, 0x6E, 0x67, 0xF5, 0x0B, 0x29, 0xB1, 0x50, 0xA2, 0xA6, 0xCA,
    0xD5, 0xF1, 0xD9, 0x68, 0xBC, 0x15, 0x8E, 0xB7, 0x5F, 0x1B, 0x51, 0x5D, 0x60, 0x37, 0x66, 0xB3,
    0x3F, 0x2F, 0x8D, 0x4B, 0x3C, 0xED, 0x58, 0xF6, 0x7F, 0x9D, 0x56, 0xF6, 0xEF, 0x40, 0x67, 0xFA,
    0x05, 0xE5, 0x80, 0xD7, 0xC8, 0x0E, 0x92, 0x58, 0xB0, 0x63, 0x01, 0x1A, 0xDB, 0x25, 0xCB, 0x65,
    0x36, 0xF0, 0x01, 0x80, 0x36, 0x51, 0x91, 0xD5, 0x48, 0xE2, 0x1A, 0xAF, 0x00, 0xE8, 0x8C, 0xDC,
    0xBF, 0x43, 0xA7, 0x5F, 0x3C, 0x84, 0x5B, 0xC0, 0xED, 0x6D, 0xC7, 0x98, 0xE3, 0x19, 0x0E, 0x81,
    0x9B, 0x74, 0xC7, 0xE4, 0x12, 0x60, 0x10, 0x03, 0xE9, 0x03, 0x5C, 0x83, 0x0E, 0x4D, 0x9B, 0x17,
    0x7F, 0x7A, 0xE4, 0x01, 0x73, 0xAE, 0x7C, 0x6A, 0x9F, 0xCE, 0x76, 0x84, 0x49, 0xCB, 0xA3, 0xE7,
    0x4A, 0x8F, 0xAA, 0x5D, 0xBB, 0x27, 0xE6, 0xEF, 0xAE, 0x05, 0x57, 0xF9, 0xC7, 0xD7, 0xDD, 0x20,
    0xC9, 0x67, 0xF7, 0xBE, 0xC2, 0x2E, 0xEE, 0xFE, 0xF3, 0x1E, 0x6A, 0xE5, 0xC9, 0x87, 0x5F, 0x83,
    0xA7, 0xB8, 0xF7, 0xC8, 0xEA, 0x1D, 0x4F, 0xBD, 0x22, 0x72, 0x5F, 0xEC, 0x3A, 0x9C, 0x37, 0xC4,
    0xE3, 0x40, 0x7E, 0x9D, 0xC0, 0xC9, 0xC9, 0x68, 0x90, 0x85, 0x10, 0x89, 0x15, 0xEC, 0x49, 0xEE,
    0xC2, 0x3C, 0xCD, 0xC2, 0x55, 0xF4, 0xCA, 0x9F, 0xA2, 0xFB, 0xB3, 0x1E, 0x57, 0x22, 0x88, 0x5A,
    0xA4, 0xE1, 0x36, 0xF8, 0x6D, 0xF0, 0x2A, 0x68, 0x31, 0x20, 0x1D, 0x4F, 0x94, 0x39, 0x33, 0x79,
    0x3A, 0x06, 0xA6, 0xF6, 0x19, 0x45, 0xA2, 0xBC, 0x84, 0xD5, 0xE1, 0x46, 0xB9, 0xE4, 0xD9, 0x94,
    0x8B, 0x32, 0x8C, 0xC5, 0x0C, 0x9B, 0x54, 0xDA, 0xAE, 0x73, 0x27, 0x5B, 0xE2, 0xE7, 0x37, 0x29,
    0xB2, 0xD8, 0xA4, 0xC8, 0x60, 0x77, 0x37, 0x5F, 0x0E, 0x26, 0x51, 0xAE, 0xAB, 0x3C, 0xB9, 0x36,
    0xFB, 0x84, 0xAC, 0x67, 0x8C, 0xB5, 0x9A, 0x28, 0x1A, 0xB7, 0xC0, 0x08, 0x51, 0xE0, 0x1F, 0x56,
    0x4A, 0x1E, 0x95, 0x40, 0x86, 0x07, 0xD4, 0xBF, 0xE0, 0x59, 0x82, 0x2F, 0xCC, 0xB8, 0x17, 0x32,
    0xD1, 0x13, 0xB9, 0x58, 0x82, 0x8C, 0xBF, 0x3C, 0x65, 0x12, 0x1B, 0x32, 0xB1, 0xDC, 0x77, 0xA8,
    0x2D, 0xBB, 0xA9, 0x1D, 0x72, 0x83, 0x88, 0x57, 0x1B, 0x37, 0x49, 0x93, 0xE8, 0xFF, 0xEE, 0x30,
    0x25, 0xFF, 0x87, 0x47, 0xB6, 0x9C, 0xAD, 0x6F, 0xCB, 0x3B, 0xE8, 0xF0, 0xC9, 0x19, 0x6F, 0x8A,
    0x5C, 0x57, 0xE7, 0xB9, 0xFA, 0x7B, 0x45, 0xA7, 0x0A, 0x34, 0xAA, 0x97, 0x9F, 0x25, 0x10, 0xD4,
    0x50, 0x4F, 0xC5, 0xF1, 0x0B, 0x48, 0xEA, 0xB1, 0xB7, 0x40, 0x3C, 0x84, 0x79, 0xEA, 0x6E, 0xD4,
    0x16, 0xB4, 0xFE, 0x39, 0x36, 0x3F, 0x72, 0x5E, 0xFE, 0x03, 0xBD, 0x59, 0x3F, 0x70, 0x1E, 0x47,
    0x15, 0x7F, 0xF7, 0x9D, 0xE5, 0x73, 0x74, 0x0C, 0xEB, 0x42, 0xCE, 0x40, 0xC2, 0x70, 0x2E, 0x28,
    0x20, 0x98, 0x1C, 0x45, 0x0A, 0x26, 0x48, 0xDA, 0x1B, 0x53, 0x52, 0x58, 0x85, 0x45, 0x91, 0x26,
    0x14, 0x14, 0x1E, 0x53, 0x98, 0x32, 0x85, 0xE2, 0x5B, 0x12, 0x98, 0x14, 0x29, 0xA2, 0x86, 0xDA,
    0x2E, 0x52, 0xC4, 0x9A, 0x61, 0x94, 0x22, 0x85, 0x61, 0x24, 0xDD, 0xD9, 0x2A, 0x28, 0x52, 0xE4,
    0x48, 0x66, 0xA0, 0xA0, 0x39, 0x82, 0x31, 0x03, 0x29, 0xB4, 0xC0, 0x05, 0x2E, 0xF6, 0xDD, 0x2D,
    0xBF, 0xDF, 0xDE, 0x49, 0x72, 0x60, 0xE2, 0x19, 0x22, 0x5B, 0xDF, 0x7D, 0xBB, 0xD2, 0x77, 0xDF,
    0xDE, 0xFB, 0xB7, 0xEF, 0xFD, 0xDE, 0x7B, 0xFB, 0x89, 0x84, 0x36, 0x6E, 0xE3, 0x26, 0xAC, 0x05,
    0xAF, 0xA8, 0x54, 0xFE, 0x4A, 0x4C, 0x6A, 0x74, 0x86, 0x4B, 0x0A, 0x7F, 0xC9, 0xCC, 0xE0, 0x3B,
    0x89, 0x4B, 0x51, 0x95, 0xB8, 0x21, 0x72, 0x83, 0x6A, 0x96, 0xD3, 0x72, 0x49, 0x1B, 0xC9, 0xE5,
    0xF0, 0xAD, 0x6F, 0xBD, 0x93, 0xBA, 0x36, 0x76, 0x95, 0x74, 0x22, 0xAD, 0x48, 0x23, 0x72, 0x1D,
    0xCF, 0xBA, 0x3B, 0xA2, 0x5C, 0x2F, 0xDA, 0x75, 0x92, 0x9B, 0x2D, 0x71, 0xC2, 0x21, 0x32, 0x88,
    0x04, 0xEE, 0xA2, 0xFF, 0x2A, 0xC1, 0x57, 0xFE, 0x73, 0x8F, 0x81, 0x7F, 0x67, 0xDD, 0xCC, 0x86,
    0x6D, 0x58, 0xC7, 0xCE, 0xD5, 0xB9, 0x73, 0x55, 0xE1, 0x5C, 0x39, 0x13, 0x59, 0x4F, 0x7E, 0x7E,
    0xDE, 0x26, 0xB8, 0x17, 0x39, 0x97, 0x85, 0x56, 0x4B, 0x5C, 0xA5, 0x99, 0x2A, 0x53, 0x51, 0xA5,
    0xC6, 0xD8, 0x11, 0x75, 0x7F, 0x10, 0xAC, 0x37, 0xDD, 0xE5, 0x17, 0xCD, 0x59, 0x39, 0x29, 0x97,
    0xDF, 0x9A, 0xDF, 0x28, 0xBA, 0xC4, 0xE5, 0x6D, 0xF2, 0x89, 0xAA, 0x23, 0xAB, 0xAC, 0x2A, 0x23,
    0x9B, 0x9A, 0xB0, 0xCD, 0x25, 0xEC, 0x3A, 0x09, 0x86, 0x16, 0x62, 0x39, 0x83, 0x91, 0x51, 0x7F,
    0x3C, 0x8B, 0x01, 0x41, 0x28, 0x1F, 0x86, 0x82, 0x2A, 0x1C, 0xB2, 0x02, 0x79, 0xC6, 0xAB, 0x8E,
    0xAA, 0xB8, 0x8A, 0x61, 0x23, 0x99, 0x5E, 0xA9, 0x68, 0x5C, 0xCB, 0xB8, 0x5E, 0x86, 0x62, 0x1D,
    0xAE, 0x9B, 0x22, 0xF1, 0x90, 0x49, 0xE1, 0xCA, 0xC0, 0x6D, 0x9A, 0x59, 0xA7, 0xC0, 0x8F, 0x3A,
    0x91, 0x26, 0xD8, 0x14, 0xB5, 0x84, 0xD0, 0x57, 0xDD, 0x1E, 0x24, 0x29, 0x73, 0x0C, 0x2D, 0x49,
    0x9D, 0x8B, 0xEA, 0x3B, 0xDC, 0xB7, 0x10, 0x02, 0xFC, 0x14, 0xFE, 0x86, 0x8D, 0x2C, 0x62, 0xAC,
    0xC5, 0x16, 0xA4, 0x6A, 0x0C, 0x23, 0x4F, 0xBD, 0x29, 0xB2, 0x30, 0x27, 0xDB, 0x89, 0x19, 0x74,
    0xD9, 0xA5, 0xE6, 0xEC, 0x9C, 0xC8, 0x49, 0xCA, 0x97, 0xC3, 0x88, 0xC1, 0x20, 0x85, 0x89, 0x6A,
    0x89, 0x6B, 0x55, 0x16, 0xAF, 0x34, 0x69, 0xE4, 0x6C, 0xB7, 0xAC, 0xDE, 0xAF, 0xB7, 0x96, 0x12,
    0xB3, 0xBE, 0xF4, 0x72, 0x9A, 0xC9, 0xF2, 0x1A, 0xA7, 0xA5, 0xD4, 0xC8, 0xD2, 0xB2, 0x2A, 0x57,
    0xD6, 0xB4, 0xC2, 0x92, 0xE4, 0xBC, 0xBB, 0xD5, 0xA8, 0x6A, 0x21, 0xAA, 0x21, 0x65, 0x5A, 0x8A,
    0xA3, 0xFE, 0x89, 0xA3, 0x3F, 0x5C, 0xA4, 0x7A, 0x7B, 0xD8, 0x25, 0x27, 0x51, 0x53, 0x60, 0xEF,
    0x77, 0x20, 0xED, 0x20, 0xA9, 0xE9, 0x25, 0x7D, 0xA5, 0x93, 0xF4, 0x37, 0x1D, 0x16, 0x3A, 0x89,
    0x3F, 0x71, 0xDE, 0x12, 0x73, 0xAB, 0x17, 0x61, 0xCD, 0x01, 0xA3, 0x97, 0x33, 0xAB, 0x17, 0x47,
    0xF3, 0x2C, 0xAA, 0x4C, 0x3A, 0x0D, 0x2F, 0xEB, 0x45, 0x7D, 0x00, 0x6B, 0xBF, 0x6E, 0x45, 0xC3,
    0x89, 0xF8, 0x37, 0xD9, 0x6D, 0x24, 0xFE, 0x23, 0xB4, 0xB6, 0x5B, 0x22, 0xD8, 0xAF, 0x69, 0x07,
    0x0C, 0x76, 0x3B, 0xBB, 0xBC, 0x01, 0xAF, 0x83, 0x5D, 0x0F, 0xC7, 0xD5, 0xC9, 0xDC, 0x77, 0xE0,
    0x50, 0x2E, 0x53, 0x26, 0xAE, 0x96, 0x5F, 0xC8, 0xEC, 0x9A, 0x6B, 0x5F, 0x6A, 0x16, 0xD7, 0x16,
    0xED, 0xE2, 0xDA, 0x39, 0xAB, 0xED, 0xB7, 0xEC, 0x92, 0x3D, 0x67, 0x17, 0x6F, 0x2E, 0xDE, 0x1C,
    0x96, 0x5E, 0x5A, 0xBC, 0xF1, 0x65, 0x9B, 0x64, 0x51, 0x15, 0xDD, 0x2B, 0xB0, 0x1B, 0xAD, 0x7F,
    0x5C, 0x73, 0xB3, 0xB3, 0x67, 0x36, 0x64, 0x76, 0x5D, 0x92, 0x5E, 0xF2, 0x42, 0xBA, 0x44, 0x5A,
    0xBC, 0x53, 0x19, 0x76, 0x44, 0xB7, 0x72, 0xD2, 0x60, 0x15, 0x76, 0x29, 0xE4, 0x0E, 0xC0, 0x08,
    0x30, 0x28, 0xDC, 0x0C, 0x5E, 0xE0, 0x2A, 0x8C, 0x92, 0x43, 0x14, 0xD6, 0x70, 0x24, 0x19, 0xB7,
    0xDF, 0xBF, 0x9E, 0xD9, 0xD8, 0x98, 0xBC, 0x67, 0xB4, 0x45, 0x0C, 0x33, 0x39, 0xF3, 0xEC, 0x95,
    0xF2, 0x5C, 0x52, 0x8A, 0xCE, 0x64, 0x47, 0x66, 0xAD, 0xA8, 0x5A, 0xF2, 0x5F, 0xC0, 0xC0, 0x7C,
    0xCF, 0x9C, 0x89, 0x9D, 0x8D, 0x5F, 0xB7, 0x27, 0xC1, 0xE9, 0x4A, 0x39, 0x73, 0x12, 0x6C, 0x82,
    0x72, 0x79, 0x02, 0xFE, 0x00, 0x19, 0x07, 0x09, 0x40, 0xFC, 0x27, 0xB3, 0x56, 0x75, 0x79, 0x5D,
    0xC8, 0x73, 0x32, 0x77, 0x49, 0x2E, 0xAA, 0x3E, 0xE8, 0x54, 0x87, 0xE0, 0xE8, 0x42, 0x5E, 0xAD,
    0x1F, 0x6D, 0xD8, 0x84, 0x4D, 0x64, 0xE9, 0xDC, 0xB1, 0x1F, 0xDA, 0xAA, 0xC1, 0x59, 0x08, 0xDA,
    0x29, 0xF7, 0x46, 0x97, 0xFC, 0x0C, 0x32, 0x9A, 0x71, 0xE8, 0xFD, 0x41, 0x67, 0xBF, 0xBC, 0x71,
    0x23, 0x74, 0xAE, 0xC7, 0xBA, 0x56, 0xBB, 0x37, 0x2A, 0xED, 0x2E, 0x94, 0xB9, 0x53, 0x7E, 0x68,
    0x97, 0x40, 0x82, 0xD4, 0xA8, 0x21, 0xCD, 0x82, 0x1E, 0xC6, 0xEF, 0xF6, 0xC7, 0x55, 0x84, 0x27,
    0x46, 0xBB, 0x2D, 0xB3, 0x86, 0x1B, 0x77, 0x38, 0xF4, 0xDF, 0xB1, 0xB9, 0x1F, 0x36, 0x72, 0x26,
    0x5B, 0x91, 0x67, 0x25, 0xCF, 0x0A, 0x93, 0xCB, 0x09, 0x89, 0x8D, 0xAA, 0x63, 0xC4, 0xC4, 0xF3,
    0x6D, 0x61, 0xE7, 0x24, 0x68, 0x54, 0xA3, 0xED, 0x77, 0x0F, 0x03, 0xA9, 0x2C, 0x1A, 0xD7, 0x4A,
    0x5E, 0x23, 0x1E, 0x62, 0xDB, 0x23, 0x82, 0x53, 0xBC, 0x0D, 0x38, 0x77, 0xE9, 0x6D, 0x48, 0x6F,
    0x23, 0xF8, 0xFC, 0x69, 0xF8, 0xD2, 0x8A, 0x76, 0x36, 0x77, 0xF6, 0xCC, 0x2A, 0x05, 0x57, 0xB3,
    0x2A, 0x79, 0xD5, 0xAA, 0xF7, 0xDB, 0xC8, 0xF6, 0x61, 0x5B, 0x20, 0x96, 0xF1, 0x2C, 0x7C, 0x09,
    0x6E, 0xB5, 0x95, 0x64, 0x67, 0x9F, 0x20, 0xF4, 0x00, 0x3A, 0x5A, 0xA2, 0x02, 0x3C, 0x3A, 0x7B,
    0xB6, 0x81, 0xEF, 0xCC, 0xAC, 0x50, 0x4E, 0xD8, 0x3A, 0xB4, 0xD8, 0xD2, 0xB0, 0x56, 0xB7, 0xFB,
    0xA8, 0xD6, 0x51, 0x97, 0xB7, 0xDB, 0xAA, 0x2B, 0xFA, 0x76, 0xD9, 0xFB, 0x21, 0xC2, 0xF2, 0x16,
    0x14, 0x49, 0x5E, 0xBD, 0x0B, 0x6D, 0x00, 0x73, 0xD2, 0x45, 0xAE, 0x9F, 0x35, 0xD3, 0x43, 0x36,
    0xF0, 0x28, 0x41, 0xF2, 0xE2, 0xE9, 0x8B, 0x67, 0x20, 0x9E, 0xC3, 0xC8, 0x02, 0x8B, 0x66, 0xF4,
    0x1C, 0xAE, 0x27, 0x97, 0xBD, 0x1E, 0x1E, 0xA4, 0x35, 0x1C, 0xA3, 0xDD, 0x5E, 0x82, 0x55, 0xFA,
    0xF6, 0x3B, 0xDA, 0x3B, 0x57, 0xEE, 0xDD, 0x0A, 0x0F, 0x24, 0x26, 0x6A, 0xE8, 0xE1, 0x08, 0x3D,
    0x7C, 0x04, 0x20, 0xCE, 0x9A, 0xC0, 0xF1, 0xA9, 0x19, 0x40, 0x62, 0x64, 0x08, 0x5F, 0xC1, 0x82,
    0x18, 0x31, 0xB9, 0x25, 0xEA, 0xFB, 0x36, 0x80, 0x97, 0x22, 0x5A, 0xC1, 0xE6, 0x0A, 0x71, 0x08,
    0xAE, 0x03, 0x19, 0xE0, 0x3D, 0x8C, 0x10, 0x55, 0x76, 0x49, 0x25, 0xC9, 0xED, 0x46, 0x63, 0x47,
    0x5F, 0xAB, 0x5D, 0xA9, 0x07, 0xB5, 0xBB, 0x57, 0x06, 0x99, 0x8E, 0xDF, 0x03, 0x83, 0xED, 0x04,
    0x0F, 0x04, 0xED, 0xF2, 0x95, 0x12, 0x32, 0xC0, 0xA8, 0x90, 0x41, 0x83, 0x6C, 0x42, 0xFA, 0xD3,
    0x7B, 0xC1, 0xFB, 0x6F, 0xB0, 0x2E, 0x71, 0x23, 0x0A, 0x01, 0x6A, 0x27, 0x21, 0x30, 0x47, 0x15,
    0xF1, 0x9F, 0x18, 0x21, 0x11, 0x42, 0xBF, 0xA6, 0x33, 0xE5, 0x08, 0xAD, 0x5B, 0xEB, 0x20, 0x92,
    0xBA, 0x7A, 0x76, 0x03, 0xEB, 0xBE, 0xE6, 0xC3, 0x98, 0x93, 0xC7, 0x90, 0x84, 0xB0, 0x07, 0xB9,
    0xA7, 0xD7, 0xD3, 0x15, 0x83, 0x90, 0x5F, 0x14, 0x96, 0x4B, 0x30, 0xCD, 0xEE, 0xD3, 0x60, 0xFF,
    0x84, 0x11, 0xE2, 0x3F, 0x61, 0x52, 0xBB, 0x88, 0xD4, 0xF4, 0x55, 0x3C, 0xA6, 0x09, 0x99, 0xC5,
    0x0F, 0x30, 0xC1, 0x4F, 0x19, 0xF5, 0x83, 0x84, 0x1F, 0xAF, 0x3A, 0x82, 0xA3, 0x13, 0x68, 0xE9,
    0x10, 0xD4, 0xB1, 0x2B, 0x99, 0x71, 0x88, 0xC6, 0xE7, 0x64, 0x4C, 0x1E, 0xA2, 0x06, 0x4A, 0x40,
    0x1E, 0x4B, 0xF2, 0xF8, 0xF9, 0xCE, 0xD6, 0xC9, 0xB2, 0x21, 0x79, 0x66, 0xAF, 0x1E, 0x58, 0x13,
    0xD4, 0xEA, 0x18, 0xF4, 0xF5, 0x70, 0xF6, 0xBD, 0x8C, 0xAB, 0x33, 0x10, 0xA5, 0xD2, 0xE6, 0x47,
    0x8F, 0x9F, 0xEF, 0xE9, 0x13, 0x42, 0x30, 0x80, 0x96, 0x9C, 0x3C, 0x2C, 0xC8, 0x0F, 0x4F, 0x3D,
    0x5E, 0x55, 0x7D, 0xD8, 0x13, 0xC0, 0xF5, 0x36, 0x53, 0x0A, 0xB7, 0x75, 0x71, 0x91, 0x1F, 0xFD,
    0x76, 0xD7, 0x8F, 0x95, 0xF9, 0xE5, 0x0D, 0x40, 0x3B, 0x56, 0x12, 0xD8, 0x0B, 0x3F, 0xEB, 0xC2,
    0x2C, 0xC3, 0xC1, 0xB4, 0x81, 0x1C, 0x3D, 0xFC, 0x1F, 0xD0, 0xCE, 0x64, 0x15, 0xDA, 0x02, 0xF8,
    0xA4, 0x6A, 0x66, 0x88, 0xA4, 0xE4, 0xAC, 0xFF, 0xE6, 0x56, 0xF9, 0x10, 0xFD, 0xC2, 0xB1, 0xC4,
    0x09, 0x5B, 0xB0, 0x06, 0x44, 0x87, 0x5D, 0x60, 0x13, 0xA0, 0x9E, 0xB3, 0xAE, 0x4D, 0xFD, 0x8C,
    0x0A, 0x04, 0x98, 0x82, 0x38, 0xCF, 0x5D, 0x0B, 0x89, 0xDA, 0x08, 0xA8, 0xA3, 0x6C, 0x60, 0xD3,
    0x3A, 0xB0, 0x1A, 0x52, 0xE4, 0x80, 0xED, 0x82, 0xC5, 0x83, 0x1C, 0x14, 0x27, 0xFE, 0x33, 0xEF,
    0xEB, 0x2A, 0x46, 0xB2, 0x71, 0x46, 0xF9, 0xB4, 0x02, 0x55, 0x97, 0x65, 0xC2, 0xF9, 0xCA, 0xE7,
    0xB0, 0x60, 0xAF, 0x42, 0x65, 0x61, 0xC6, 0x7C, 0x2E, 0x15, 0xE5, 0x95, 0xF1, 0x46, 0x4E, 0x33,
    0xF9, 0xCA, 0x4F, 0xA0, 0x25, 0xF8, 0xBA, 0x80, 0x1A, 0x6A, 0xE8, 0xA7, 0xB3, 0x25, 0x1F, 0xC5,
    0x9E, 0x21, 0xF4, 0xA2, 0x3E, 0x1C, 0xC3, 0xAA, 0xAF, 0xD2, 0x68, 0xC2, 0x10, 0xBA, 0x50, 0x13,
    0x54, 0x63, 0xC0, 0x12, 0x3F, 0x48, 0x0B, 0x25, 0x5F, 0xC4, 0x32, 0xA6, 0xF1, 0xB8, 0x15, 0xDC,
    0x91, 0x47, 0x4B, 0x7F, 0x1E, 0x5A, 0xC3, 0x22, 0x01, 0xC1, 0xEB, 0x5F, 0x1D, 0x32, 0xCC, 0xDA,
    0xA3, 0xA5, 0x9F, 0x9D, 0xF6, 0xF9, 0x0C, 0x39, 0x05, 0x6A, 0x10, 0x81, 0xCF, 0x3E, 0x32, 0xDA,
    0xDF, 0x16, 0xD4, 0x01, 0x84, 0xC5, 0x14, 0x2B, 0xDE, 0xF1, 0x52, 0xBF, 0x35, 0x73, 0x6D, 0xE0,
    0xF6, 0x91, 0x34, 0xF7, 0x34, 0x9D, 0x7F, 0x0F, 0x7C, 0x83, 0x1C, 0xA8, 0x85, 0xFE, 0x0D, 0xC8,
    0x45, 0xE9, 0xA2, 0xB9, 0xF3, 0x5F, 0xE7, 0x5D, 0x20, 0x2B, 0x4A, 0xC9, 0x5F, 0xC9, 0xE7, 0xA7,
    0x33, 0x63, 0x0D, 0xC3, 0xAD, 0xEA, 0x64, 0xD6, 0x17, 0x32, 0xAB, 0xBE, 0x3A, 0xED, 0xD5, 0x5B,
    0xD8, 0xBA, 0x56, 0x48, 0xCF, 0xFB, 0x11, 0x7D, 0xFC, 0x40, 0xDF, 0x69, 0x0C, 0x72, 0x50, 0xB1,
    0x4F, 0xFA, 0xFA, 0x11, 0x31, 0xBE, 0x80, 0x47, 0x5E, 0x4C, 0x40, 0x05, 0x40, 0x02, 0xDF, 0xE7,
    0x70, 0x39, 0xE0, 0xC4, 0xCA, 0x97, 0x1E, 0x1D, 0xED, 0x8D, 0x8D, 0xF5, 0x31, 0x74, 0xB9, 0x2B,
    0x48, 0x5F, 0xA6, 0x40, 0x51, 0x99, 0x21, 0x27, 0xE5, 0x8C, 0xE3, 0x62, 0x0C, 0x66, 0x94, 0x43,
    0xAE, 0x45, 0xD1, 0xEF, 0x10, 0x4B, 0x73, 0xC3, 0x4A, 0x52, 0x83, 0xA4, 0xAE, 0x40, 0x53, 0x97,
    0x20, 0x88, 0x1E, 0xA2, 0x0B, 0x91, 0xCA, 0x18, 0x9A, 0x7E, 0x7F, 0x58, 0xBC, 0x1E, 0xBC, 0x92,
    0x9F, 0x96, 0xBE, 0x5E, 0xE4, 0x3C, 0xF8, 0xF6, 0xE0, 0xEC, 0x37, 0x0E, 0xBE, 0xDC, 0xB8, 0x7E,
    0x72, 0x23, 0x9B, 0xB1, 0xCA, 0x32, 0x81, 0x6B, 0x50, 0xEC, 0x01, 0x8A, 0x18, 0x55, 0x98, 0x11,
    0x7F, 0x79, 0xCF, 0xE4, 0xBC, 0xE3, 0x38, 0xF7, 0x05, 0xE7, 0x4E, 0xBF, 0xE6, 0xE7, 0x77, 0xA1,
    0x75, 0x97, 0xBE, 0x5B, 0x21, 0x07, 0xAB, 0x3D, 0xA4, 0xEE, 0x56, 0x81, 0x3E, 0xCA, 0x37, 0xCE,
    0x36, 0xC4, 0x1C, 0x35, 0x3E, 0xD9, 0x0F, 0x01, 0xF5, 0xEC, 0x7D, 0xBF, 0x10, 0x50, 0x02, 0x76,
    0x10, 0x88, 0x59, 0x8A, 0x51, 0x30, 0xC8, 0xA2, 0x6A, 0x92, 0x24, 0xF2, 0x71, 0xEC, 0x18, 0x6C,
    0x50, 0x23, 0x1A, 0xA0, 0x10, 0x92, 0x11, 0x4A, 0x02, 0x74, 0x0C, 0x19, 0xE2, 0xA4, 0xC8, 0x72,
    0x4E, 0xAC, 0x80, 0x33, 0xEF, 0x13, 0x6E, 0x9C, 0xD8, 0x2D, 0x48, 0xD8, 0xE3, 0x2E, 0xFD, 0xA1,
    0x4C, 0x1A, 0xD1, 0xF7, 0x60, 0x02, 0xE5, 0x93, 0x89, 0x23, 0xB7, 0x33, 0x23, 0x03, 0xA6, 0xB7,
    0x98, 0x98, 0x4A, 0xB0, 0xF0, 0x12, 0x4C, 0x88, 0x71, 0x0C, 0xCC, 0xE7, 0x7D, 0x2D, 0xC1, 0x24,
    0x4B, 0x40, 0x57, 0xFF, 0x86, 0x03, 0xA8, 0xEC, 0xE6, 0x71, 0x69, 0xCE, 0xCA, 0xAB, 0x3D, 0x47,
    0x46, 0xE4, 0xBB, 0x89, 0x8D, 0x0D, 0x18, 0x31, 0xC7, 0xC1, 0x3C, 0x00, 0x0A, 0xA1, 0x04, 0x24,
    0xDF, 0x7F, 0x60, 0x62, 0x97, 0x84, 0x7B, 0x2B, 0xC7, 0xA0, 0x74, 0x2C, 0xCF, 0xA1, 0xFC, 0x4E,
    0x3E, 0x40, 0xF2, 0x43, 0x82, 0x32, 0x28, 0x2E, 0x91, 0x95, 0xD2, 0xBD, 0xDA, 0xC5, 0x76, 0x2D,
    0xAC, 0x4F, 0xFB, 0x54, 0xEC, 0x27, 0x94, 0xB9, 0x81, 0xFB, 0x4B, 0xC5, 0x0E, 0x90, 0x59, 0xCB,
    0x65, 0x81, 0x33, 0xAE, 0x0C, 0xFB, 0xC0, 0x95, 0x51, 0x1B, 0xA2, 0x5B, 0xB2, 0xEA, 0x5A, 0xAD,
    0x6C, 0x9A, 0xD4, 0x49, 0xBD, 0x96, 0x56, 0x69, 0xD5, 0x60, 0xDA, 0xAD, 0x75, 0x99, 0xBE, 0x5B,
    0x62, 0xDA, 0x83, 0x28, 0x09, 0x16, 0x23, 0xAF, 0x47, 0x3D, 0xDA, 0x25, 0xF4, 0x67, 0xEC, 0xF6,
    0x7D, 0x43, 0x29, 0xCB, 0x2C, 0x39, 0xBF, 0x72, 0xE8, 0x02, 0x8A, 0xDE, 0x4E, 0xD0, 0x84, 0xAC,
    0x99, 0x1C, 0x34, 0x5D, 0xBE, 0xBF, 0x37, 0xEC, 0x73, 0x4A, 0x66, 0xEC, 0x2C, 0x2D, 0xF7, 0x43,
    0x7B, 0x9C, 0xD8, 0x77, 0x6B, 0x96, 0xD7, 0x79, 0x16, 0x11, 0x13, 0xE2, 0x07, 0x80, 0x81, 0x53,
    0x4D, 0xC3, 0x31, 0xDF, 0xD3, 0x66, 0x1F, 0x79, 0x64, 0x19, 0xD8, 0xF4, 0xB3, 0x98, 0x5B, 0x1D,
    0xB7, 0xD9, 0x17, 0x59, 0xF4, 0x79, 0xE2, 0x80, 0xFA, 0x44, 0xC6, 0xC6, 0xEF, 0x78, 0x98, 0x5F,
    0xA2, 0xBE, 0x44, 0x24, 0xC5, 0x4D, 0xD7, 0xD7, 0x60, 0x84, 0xC5, 0xB0, 0x3A, 0x1E, 0xE6, 0x27,
    0xB8, 0x03, 0x3A, 0x26, 0x48, 0x5F, 0xE0, 0x84, 0x5E, 0x45, 0x4E, 0xE1, 0xDE, 0x63, 0x57, 0x3A,
    0xF4, 0xFB, 0x6B, 0xF6, 0x2D, 0xDE, 0x3F, 0x68, 0xF1, 0x67, 0x6E, 0x00, 0x75, 0xF3, 0x41, 0x21,
    0x7B, 0xB5, 0xC0, 0x5C, 0x65, 0x43, 0xF6, 0x27, 0x10, 0x32, 0x6C, 0xD1, 0xD6, 0x84, 0x63, 0x51,
    0xCA, 0x2E, 0x68, 0xA0, 0xAB, 0x14, 0xCD, 0x7E, 0x1B, 0xA0, 0xCB, 0xA9, 0x20, 0x1A, 0xA7, 0x3C,
    0x9B, 0x8A, 0xA7, 0x88, 0xA8, 0x12, 0x73, 0xFA, 0x9F, 0xB4, 0xC4, 0xAE, 0x28, 0x47, 0x84, 0x15,
    0x9B, 0xC8, 0x13, 0x33, 0x00, 0x31, 0x12, 0xD2, 0x80, 0xEC, 0x31, 0x20, 0xA9, 0x0F, 0x9B, 0x00,
    0x69, 0x46, 0xC7, 0xF0, 0x40, 0x5A, 0x32, 0x3E, 0x35, 0x41, 0xEC, 0x5F, 0x53, 0x7E, 0x92, 0x71,
    0xD0, 0x2A, 0xEC, 0x99, 0x73, 0x1B, 0x66, 0x5D, 0x0B, 0xD3, 0xB0, 0x41, 0x47, 0x6D, 0x0A, 0xE5,
    0x5D, 0x0D, 0xBD, 0x5F, 0xFC, 0x90, 0xFD, 0xDF, 0x07, 0x9C, 0x6E, 0xE3, 0xE1, 0xB4, 0x84, 0x28,
    0x9A, 0x4D, 0xAB, 0x36, 0x31, 0x8D, 0x49, 0xDB, 0x5E, 0x38, 0xDF, 0x49, 0xAE, 0x5E, 0x83, 0x24,
    0xE8, 0x87, 0xC5, 0x25, 0x60, 0xE4, 0x58, 0xC8, 0xD1, 0x2F, 0xFC, 0x91, 0xD2, 0x95, 0x76, 0xAA,
    0x77, 0xC5, 0x99, 0x03, 0xDC, 0x3A, 0xE9, 0x5B, 0x41, 0x08, 0x02, 0x1B, 0x44, 0xFD, 0x94, 0x5E,
    0xBF, 0x30, 0x7E, 0x37, 0x7F, 0x67, 0x85, 0x07, 0x4A, 0xA8, 0x3E, 0xD1, 0x24, 0xA7, 0x15, 0xE2,
    0x93, 0xF1, 0x58, 0x6A, 0xA3, 0xCB, 0x3C, 0xD3, 0x68, 0xDB, 0x73, 0x93, 0x67, 0x2E, 0xCB, 0x5F,
    0x41, 0xB1, 0xB3, 0xC7, 0x42, 0x21, 0xB7, 0x3C, 0x84, 0x18, 0xBB, 0xC0, 0xF9, 0xE9, 0x34, 0x06,
    0xBC, 0x48, 0x97, 0xB5, 0x77, 0x24, 0x8F, 0x80, 0xEE, 0x9B, 0x63, 0x8A, 0x57, 0x2C, 0xAF, 0x37,
    0x4B, 0xD9, 0x8A, 0x4B, 0x39, 0x1D, 0x1C, 0x9D, 0x6E, 0x6C, 0xB0, 0x2F, 0xF7, 0x2B, 0x9E, 0xC5,
    0xC9, 0xDB, 0x57, 0x0F, 0x93, 0xFB, 0x51, 0x68, 0x9E, 0x80, 0x5C, 0x39, 0x8C, 0x5B, 0x24, 0xA5,
    0x5C, 0xC5, 0xDF, 0x85, 0x93, 0x8F, 0x40, 0x7F, 0xC0, 0x7D, 0xC8, 0x48, 0xD8, 0x84, 0x2F, 0xA8,
    0x0C, 0x63, 0x6C, 0x63, 0xA3, 0xF6, 0xE8, 0xB4, 0x7F, 0xBC, 0xFE, 0xF4, 0x7A, 0xEC, 0xEE, 0x31,
    0x68, 0xF1, 0x52, 0xC6, 0xD5, 0x4E, 0x49, 0x61, 0x0A, 0x3A, 0xC5, 0x20, 0x67, 0xDC, 0x66, 0x07,
    0xE0, 0x75, 0x35, 0x2A, 0xA0, 0xBF, 0x4A, 0x81, 0x3C, 0x21, 0x05, 0x40, 0xFF, 0x74, 0x71, 0xCD,
    0xFD, 0xCE, 0xE6, 0x4E, 0xA3, 0x41, 0x41, 0x91, 0x52, 0x81, 0xD2, 0x0A, 0xC5, 0xA0, 0x5B, 0xA3,
    0x0A, 0x60, 0xD6, 0xD1, 0x88, 0x64, 0xED, 0x63, 0xEB, 0xC1, 0x3A, 0x8E, 0x7F, 0x7D, 0x00, 0xDD,
    0xB5, 0xC0, 0xF2, 0x16, 0x31, 0x56, 0x8F, 0xED, 0x3F, 0x1D, 0xB6, 0x28, 0xBD, 0x5B, 0x86, 0x9B,
    0x06, 0x61, 0x87, 0x8C, 0xB6, 0x32, 0x79, 0x54, 0xC2, 0x07, 0x18, 0x8B, 0x74, 0x55, 0x94, 0xC8,
    0x13, 0xF6, 0x3F, 0xC0, 0xCF, 0x80, 0x5F, 0x99, 0x54, 0x54, 0x18, 0x79, 0x6E, 0x6F, 0xF0, 0x39,
    0x30, 0xBF, 0x37, 0xF2, 0xF4, 0xFC, 0xFE, 0xBC, 0xE5, 0x8F, 0x91, 0x3D, 0x3F, 0x7F, 0x86, 0xF1,
    0xC4, 0xE8, 0xAA, 0x48, 0x4B, 0x9E, 0x2E, 0x5D, 0x75, 0x5E, 0x1E, 0x01, 0xDD, 0xEB, 0x87, 0xAE,
    0x9A, 0xA3, 0xFD, 0x6A, 0x3F, 0xE5, 0xAA, 0x9F, 0x9F, 0xEE, 0x02, 0x68, 0xEC, 0xC0, 0x38, 0x2E,
    0x2D, 0x65, 0x1B, 0xAE, 0xB5, 0x30, 0x77, 0x64, 0x9A, 0xF3, 0x30, 0xAC, 0xB6, 0x80, 0x92, 0x81,
    0x06, 0x7D, 0x72, 0xDD, 0xD5, 0x45, 0x95, 0x54, 0x29, 0x1D, 0x87, 0xAE, 0x03, 0x97, 0x29, 0x80,
    0x83, 0xF0, 0x87, 0x6A, 0x34, 0x97, 0x86, 0xB1, 0x32, 0xD8, 0x0A, 0xE9, 0x76, 0xB4, 0xD4, 0x93,
    0xEB, 0xEC, 0x56, 0x50, 0x59, 0x27, 0xFE, 0xD8, 0x07, 0x6F, 0x6C, 0xB7, 0x36, 0xFB, 0xE7, 0x3E,
    0x1E, 0x45, 0xB1, 0xC0, 0x3F, 0x2F, 0xC1, 0x7A, 0xD4, 0x24, 0x9D, 0xDE, 0xD9, 0x4A, 0x79, 0x44,
    0xF0, 0x70, 0x6E, 0x50, 0x6E, 0x27, 0xCD, 0x9C, 0x36, 0xDB, 0x5A, 0x16, 0x4E, 0xFD, 0xDF, 0xAC,
    0xE4, 0x79, 0xC1, 0xED, 0x8F, 0x4A, 0x58, 0x20, 0x83, 0x65, 0xB8, 0x19, 0x99, 0x7C, 0x31, 0x1D,
    0xBD, 0xEB, 0xA9, 0x0B, 0x55, 0x30, 0xFE, 0x46, 0x50, 0xC3, 0x60, 0x2C, 0x38, 0x6A, 0x6D, 0xD2,
    0x2A, 0x47, 0xB2, 0x2A, 0x40, 0x14, 0xC3, 0x8B, 0xA2, 0x7F, 0xDF, 0x03, 0xA7, 0x91, 0x40, 0x98,
    0x67, 0xD8, 0x19, 0x27, 0xE7, 0x59, 0xC7, 0x94, 0xFE, 0x38, 0xA5, 0xDA, 0x3E, 0x80, 0x8A, 0x27,
    0xCD, 0x4D, 0x71, 0x7F, 0x70, 0x59, 0xB1, 0xE7, 0xCA, 0xA4, 0x07, 0x35, 0xF4, 0xE3, 0x70, 0xFC,
    0x49, 0xA9, 0x51, 0x31, 0xD2, 0xCB, 0xFD, 0x2F, 0x25, 0x2E, 0x43, 0xB5, 0x55, 0x0D, 0xFB, 0x72,
    0x3E, 0x0C, 0x87, 0x9F, 0xFE, 0xF4, 0xC6, 0x22, 0xAA, 0xAB, 0x71, 0x7B, 0x13, 0xC8, 0x9A, 0x78,
    0x79, 0x11, 0xDB, 0xE0, 0x82, 0xCD, 0xBE, 0xEB, 0xFE, 0xCB, 0x09, 0x1F, 0x82, 0xC3, 0x47, 0xA2,
    0xFB, 0x10, 0x1C, 0x3E, 0x0A, 0xDD, 0xCF, 0xC2, 0xE1, 0xA3, 0xD0, 0xFC, 0x2C, 0x1C, 0x3E, 0x92,
    0x9C, 0xE3, 0xE1, 0x82, 0x1F, 0x2C, 0x42, 0x4E, 0x4C, 0xC7, 0x6C, 0x6C, 0xFC, 0x31, 0x78, 0xCA,
    0xEF, 0x5F, 0x2F, 0x8D, 0x80, 0xE6, 0xAB, 0xB3, 0x6E, 0x84, 0x6F, 0x36, 0x88, 0x18, 0x56, 0xE6,
    0xEF, 0x7A, 0x3D, 0xC1, 0xBF, 0x8C, 0x5B, 0x5D, 0xA9, 0xBA, 0xA8, 0xD3, 0x5B, 0x7B, 0xB5, 0xDE,
    0x7D, 0xAF, 0xD6, 0x6F, 0xA8, 0x5A, 0xFF, 0x12, 0xB2, 0xB4, 0xE0, 0x6F, 0x73, 0x93, 0x82, 0xBF,
    0x02, 0x7F, 0xD6, 0x0B, 0x6B, 0xE0, 0xFF, 0xF6, 0xBE, 0x5D, 0xC2, 0xA9, 0xE8, 0xE5, 0xA1, 0x57,
    0x38, 0x4C, 0xB0, 0x3A, 0xC6, 0xE4, 0x99, 0x37, 0x83, 0x15, 0xDD, 0x44, 0x16, 0x81, 0x3D, 0x5D,
    0x8A, 0x57, 0x8D, 0xAB, 0x52, 0xD0, 0x75, 0x3F, 0xE4, 0x50, 0x4D, 0x94, 0xE9, 0x7D, 0xFE, 0x62,
    0x51, 0xA0, 0x41, 0x05, 0xBA, 0xAE, 0xEC, 0x13, 0x26, 0xDA, 0x02, 0x89, 0x49, 0x97, 0x8D, 0x9D,
    0xAF, 0xB8, 0x8E, 0x4A, 0xF7, 0xD2, 0x68, 0x8C, 0x98, 0x65, 0xCC, 0xB5, 0x52, 0x96, 0x50, 0xA7,
    0x4E, 0xBD, 0xC2, 0x91, 0xE8, 0xB2, 0x0C, 0x65, 0xED, 0xC9, 0x22, 0x94, 0x3F, 0x1B, 0x9D, 0x9A,
    0x1D, 0x9D, 0xA6, 0x04, 0xAC, 0x93, 0x62, 0x7F, 0x60, 0x68, 0xC7, 0xFC, 0x30, 0xB6, 0xD7, 0xB2,
    0x7F, 0xAA, 0x1A, 0x5C, 0x0A, 0x5E, 0x40, 0x9F, 0x84, 0xF6, 0x27, 0xEA, 0x89, 0x2E, 0x03, 0x8F,
    0x95, 0x1D, 0xD7, 0xF8, 0x66, 0x3E, 0x1F, 0xCB, 0x62, 0xBA, 0xC9, 0x26, 0x7F, 0x59, 0xE1, 0x71,
    0x44, 0xE2, 0xEB, 0xF4, 0x6E, 0xFF, 0x9C, 0xD2, 0x37, 0xCC, 0xFE, 0x60, 0x32, 0x21, 0x51, 0x9E,
    0xD2, 0x7D, 0x93, 0x2B, 0x34, 0xBF, 0xCC, 0xAB, 0x43, 0x70, 0xB9, 0x3E, 0x49, 0x31, 0x4E, 0xEA,
    0xE0, 0xB1, 0x71, 0xFA, 0x2D, 0x96, 0x27, 0xEF, 0x39, 0xF2, 0x60, 0xAD, 0xDC, 0x16, 0x88, 0xA2,
    0x9A, 0xB8, 0x58, 0x7A, 0x70, 0xC4, 0xC4, 0xEC, 0x0F, 0x50, 0xD1, 0xD9, 0xF8, 0x3B, 0xAD, 0xE3,
    0x26, 0x20, 0xA3, 0x33, 0x02, 0xD8, 0x9F, 0xB1, 0xBB, 0xEB, 0xB3, 0xA9, 0x52, 0x64, 0x60, 0xF3,
    0x87, 0xA9, 0xF1, 0x14, 0x65, 0x3C, 0x46, 0x91, 0x80, 0xBB, 0xA4, 0x76, 0xC1, 0x38, 0xDD, 0x05,
    0x48, 0x25, 0xFC, 0x6F, 0x4E, 0xCC, 0x31, 0x1B, 0xE2, 0x3F, 0x75, 0x52, 0xBD, 0x6E, 0x14, 0x31,
    0x10, 0xFE, 0xBC, 0x1B, 0x38, 0x29, 0x2E, 0x7C, 0x45, 0xAE, 0x42, 0x60, 0xCA, 0x08, 0x29, 0xF8,
    0x05, 0x4E, 0xEB, 0x05, 0x0A, 0x0A, 0x9A, 0xA3, 0xB8, 0x82, 0x37, 0x88, 0xD2, 0x40, 0x99, 0x22,
    0xCA, 0x5A, 0x49, 0x41, 0x09, 0x25, 0x1D, 0x29, 0xA8, 0xAE, 0xE2, 0x01, 0x80, 0x33, 0xA2, 0xBC,
    0x22, 0x8B, 0x78, 0x01, 0x4B, 0x29, 0x68, 0x0D, 0x5A, 0xA1, 0x15, 0xDA, 0xBB, 0x61, 0xBC, 0x77,
    0x07, 0x02, 0x89, 0xF5, 0xCC, 0x78, 0x3D, 0xE3, 0x6F, 0x3C, 0x7F, 0x15, 0x61, 0x4E, 0x20, 0x02,
    0x7F, 0xA3, 0xE9, 0x74, 0x52, 0x11, 0x85, 0x39, 0xF3, 0xD1, 0x6C, 0xE6, 0x2C, 0x51, 0x39, 0x5F,
    0x73, 0x32, 0x83, 0x75, 0xB3, 0x0B, 0x3E, 0x50, 0xA4, 0x24, 0xFE, 0xAB, 0xDB, 0x9D, 0xCD, 0x5E,
    0x1A, 0xA2, 0x9A, 0xD9, 0xA7, 0xF3, 0x9D, 0xB5, 0x2F, 0xCF, 0xBE, 0x1D, 0x5C, 0x5E, 0x4B, 0xAF,
    0x61, 0x79, 0x55, 0x28, 0x20, 0xA0, 0xBC, 0x0A, 0xAA, 0x66, 0x59, 0x16, 0x38, 0xC6, 0x90, 0x35,
    0xDA, 0x1B, 0x5E, 0xBA, 0xB4, 0x38, 0x41, 0xC3, 0xF8, 0x7D, 0xCC, 0x79, 0x9D, 0x32, 0x42, 0x43,
    0xFA, 0xAC, 0xF7, 0x09, 0xD4, 0xCF, 0xF2, 0xCF, 0x51, 0x9D, 0xD7, 0x46, 0x79, 0xCB, 0xF4, 0xD4,
    0x5B, 0xED, 0x6F, 0xCA, 0x52, 0xA0, 0x94, 0x5F, 0xA2, 0xBA, 0x6A, 0x14, 0xCB, 0x4F, 0x51, 0x3D,
    0xF4, 0x85, 0x72, 0xE3, 0x5B, 0x18, 0xEE, 0x40, 0x88, 0x52, 0x2F, 0x82, 0xB9, 0x8C, 0xE6, 0x32,
    0xE8, 0x47, 0x8C, 0x72, 0x27, 0x06, 0xCD, 0x18, 0x9B, 0x4F, 0xBB, 0x44, 0x06, 0xA3, 0x6A, 0xCA,
    0xD1, 0x5A, 0x5A, 0xE1, 0x49, 0xAF, 0xE7, 0xE4, 0x57, 0xC0, 0x12, 0xA2, 0x43, 0xB6, 0xA6, 0x16,
    0x79, 0x83, 0x3C, 0x26, 0x82, 0xFB, 0x8D, 0x2D, 0xFF, 0xC1, 0xEE, 0xDE, 0xBB, 0xD0, 0x14, 0x6F,
    0x50, 0xE0, 0xA4, 0xF0, 0x6A, 0x0B, 0xFF, 0x1B, 0x7B, 0x3D, 0xC0, 0x2C, 0x61, 0x53, 0x13, 0xCA,
    0x9E, 0xD2, 0xBF, 0xEE, 0x20, 0x4A, 0x1C, 0xE0, 0x98, 0xC4, 0x8A, 0xB2, 0xD5, 0x4A, 0x74, 0x43,
    0x0C, 0xEF, 0xE2, 0xAD, 0x74, 0xD5, 0x83, 0xCE, 0xF8, 0xF9, 0x79, 0x67, 0xEB, 0x2A, 0x6F, 0x8C,
    0xDF, 0x01, 0xA7, 0x2B, 0xA8, 0xF7, 0x05, 0x49, 0x5E, 0xD5, 0x29, 0x94, 0xE7, 0xC1, 0xA4, 0xA0,
    0x6C, 0x1E, 0xAA, 0x14, 0x5A, 0x91, 0x87, 0x6E, 0xBD, 0x5F, 0xF5, 0xED, 0x29, 0xD4, 0x22, 0x5D,
    0x83, 0xA1, 0xD7, 0x7D, 0xEC, 0x6A, 0x69, 0xD7, 0xF9, 0x4F, 0xBA, 0xCA, 0xCB, 0x16, 0xC8, 0x7F,
    0x50, 0xB4, 0x9C, 0xB1, 0xFC, 0xFA, 0xAD, 0x4D, 0x36, 0x7D, 0xE9, 0xBB, 0x56, 0xB3, 0x43, 0xE5,
    0x7E, 0x46, 0xDE, 0xBB, 0xB4, 0x1B, 0x64, 0x8D, 0x3A, 0xFB, 0x1E, 0x0B, 0x0C, 0x82, 0xA4, 0x40,
    0x1D, 0xF7, 0x31, 0x27, 0x57, 0x45, 0x8C, 0x80, 0x3D, 0x5C, 0x03, 0xC4, 0x44, 0x06, 0xEE, 0xAA,
    0x33, 0xDC, 0xE5, 0x31, 0x0E, 0x21, 0x1E, 0x4F, 0xE4, 0x55, 0x54, 0x8B, 0xA0, 0x5E, 0x78, 0xA3,
    0x5C, 0x61, 0x30, 0x2E, 0x70, 0xB8, 0x9F, 0x5E, 0x1E, 0xA3, 0xCB, 0xA3, 0xAA, 0xAD, 0xE3, 0xA9,
    0x70, 0xDA, 0xCB, 0xC0, 0x09, 0x71, 0x6C, 0x8A, 0xCB, 0xAA, 0xEA, 0x41, 0xCC, 0xDB, 0xBC, 0x95,
    0x51, 0x7B, 0x8B, 0x77, 0xB8, 0x8D, 0xEC, 0xCD, 0x11, 0x06, 0xCD, 0x1C, 0x32, 0x12, 0xF3, 0x0A,
    0x2A, 0x2C, 0xA1, 0xEA, 0xF4, 0x3E, 0xF3, 0xC7, 0xC4, 0x2D, 0xF4, 0x59, 0x03, 0x7D, 0x3F, 0x42,
    0x67, 0x71, 0xDB, 0x5D, 0x1C, 0xF0, 0xE0, 0x90, 0x8A, 0x3D, 0x7F, 0x50, 0xDC, 0x14, 0x01, 0xAE,
    0x7A, 0xCD, 0x73, 0x39, 0x9D, 0x96, 0xA9, 0x5E, 0xE9, 0xD2, 0x7B, 0x66, 0xC1, 0x35, 0xD8, 0x94,
    0xB4, 0x5E, 0xB7, 0x76, 0x63, 0x4C, 0x65, 0xCC, 0xD2, 0x40, 0x0E, 0x42, 0xAA, 0x5B, 0x9A, 0x43,
    0x93, 0x90, 0xA7, 0x5B, 0xE3, 0x1F, 0x50, 0x6F, 0xEC, 0x41, 0x7B, 0x49, 0xFC, 0x02, 0x8D, 0x55,
    0x3D, 0x6F, 0xE5, 0x44, 0x14, 0x3D, 0xB6, 0xF5, 0xE2, 0x65, 0x2D, 0x70, 0xB3, 0x29, 0x36, 0x41,
    0x72, 0x0D, 0x42, 0x9A, 0x1A, 0x69, 0x97, 0x31, 0xFF, 0x20, 0xC5, 0xBE, 0x8A, 0x02, 0x5A, 0x68,
    0xF2, 0x07, 0x22, 0x3D, 0x2F, 0xBF, 0x20, 0x15, 0x1D, 0xD2, 0x16, 0x5B, 0x24, 0x6E, 0x96, 0x9E,
    0x20, 0x4F, 0x4A, 0xAA, 0xF5, 0x3F, 0xC0, 0x45, 0xA4, 0xA5, 0x63, 0xA4, 0x35, 0xC8, 0xC9, 0x8E,
    0x7D, 0x39, 0x77, 0x9C, 0x0F, 0x4A, 0x2C, 0xDD, 0xE3, 0xF7, 0xFC, 0xC6, 0x73, 0xCF, 0x3D, 0xF7,
    0xCC, 0x7D, 0xC0, 0xA7, 0xBF, 0x00, 0xCF, 0x3C, 0xF0, 0xE5, 0x80, 0xE4, 0x1F, 0x07, 0xF3, 0x3E,
    0x40, 0xDE, 0xCD, 0x99, 0xFC, 0x18, 0xCA, 0x80, 0x50, 0x79, 0x5C, 0x58, 0x07, 0x68, 0xEC, 0x1A,
    0xA0, 0xAB, 0x1F, 0x42, 0xBF, 0xF3, 0x79, 0x63, 0x7D, 0xE5, 0xCA, 0xF7, 0x32, 0xE4, 0xEF, 0xA4,
    0x4E, 0xDF, 0x5E, 0x21, 0x7B, 0x0B, 0x64, 0x3F, 0x03, 0xC5, 0x17, 0xC0, 0xE6, 0x09, 0x80, 0xB6,
    0x6D, 0x53, 0x11, 0x49, 0x44, 0x16, 0xD8, 0xE6, 0x39, 0x76, 0xF5, 0x33, 0x74, 0x7C, 0xAE, 0x21,
    0x6D, 0x0D, 0x11, 0xC7, 0x68, 0x92, 0x19, 0xD8, 0x9B, 0x8F, 0x50, 0x89, 0xC7, 0xE1, 0x72, 0x8A,
    0x2C, 0x00, 0x39, 0xC3, 0x4A, 0x13, 0x03, 0x89, 0xFC, 0x89, 0x52, 0x04, 0x46, 0xF7, 0x71, 0xF7,
    0xFB, 0xEC, 0xC9, 0x39, 0x1F, 0x2F, 0xD8, 0x6C, 0x5F, 0xC4, 0x28, 0x25, 0x60, 0x23, 0x2F, 0x80,
    0x85, 0xFB, 0x07, 0xF8, 0x34, 0xA4, 0x3E, 0x17, 0xF1, 0x56, 0x64, 0xD8, 0x31, 0xD2, 0xB6, 0x79,
    0xDC, 0x22, 0x93, 0xBE, 0x12, 0xA4, 0xE2, 0x4B, 0xA6, 0x15, 0x9F, 0x51, 0x02, 0x19, 0x23, 0x86,
    0xDC, 0x63, 0xB3, 0xCC, 0xDF, 0x8C, 0x9A, 0x8C, 0x7B, 0x3D, 0x26, 0xFF, 0x33, 0xEE, 0xBC, 0xE5,
    0xDE, 0x86, 0x4F, 0x26, 0x1C, 0xDE, 0x74, 0x7F, 0xB1, 0x4E, 0x5F, 0x92, 0x55, 0x1E, 0xB1, 0x18,
    0x72, 0xA9, 0x51, 0x0E, 0x99, 0x50, 0x97, 0xA0, 0xD8, 0x85, 0x44, 0x62, 0xED, 0xA7, 0x4C, 0xC2,
    0x5D, 0x62, 0xF5, 0xB0, 0x2F, 0x75, 0x41, 0x2D, 0x4C, 0x4F, 0x46, 0x64, 0x25, 0x03, 0x44, 0x17,
    0x8A, 0x56, 0xAA, 0x7B, 0x73, 0x5D, 0x4F, 0xB8, 0x06, 0x52, 0x3E, 0x89, 0x22, 0xAC, 0xA0, 0x0B,
    0x56, 0x1D, 0x22, 0x7C, 0xDE, 0xE2, 0x2C, 0x6D, 0x4F, 0xAD, 0xA4, 0x4C, 0xD7, 0x9B, 0x29, 0x9B,
    0x53, 0x69, 0x0A, 0x5F, 0x2C, 0x98, 0x51, 0xF8, 0x72, 0x49, 0x02, 0x6F, 0xD5, 0x92, 0x4E, 0x64,
    0x68, 0x85, 0x85, 0xB1, 0x74, 0x5E, 0xEB, 0x8D, 0x25, 0xAF, 0x57, 0x7C, 0x16, 0xD0, 0x49, 0xAC,
    0x2B, 0xFB, 0x30, 0x58, 0x92, 0x4C, 0xC5, 0xD9, 0xB0, 0xDE, 0x26, 0xBD, 0xD5, 0xC6, 0xAB, 0xF8,
    0x88, 0xB7, 0x19, 0x55, 0x8F, 0xFF, 0x5C, 0xDF, 0x2B, 0xA8, 0xD2, 0xDB, 0xA5, 0xD6, 0x4A, 0x9D,
    0x42, 0xB3, 0xB2, 0x4F, 0x7F, 0x25, 0x18, 0x6E, 0x1C, 0x2B, 0x4B, 0x97, 0x62, 0x44, 0x3E, 0x51,
    0xDD, 0xD2, 0x17, 0x84, 0xA1, 0xF4, 0xDC, 0xAB, 0x1C, 0x50, 0xB9, 0x8A, 0xD0, 0xDB, 0x1E, 0xD5,
    0xD0, 0x39, 0x94, 0x1F, 0xA8, 0x40, 0x29, 0x7F, 0x04, 0x8A, 0x54, 0xF1, 0xDD, 0x23, 0x68, 0xB5,
    0xED, 0x2B, 0xA5, 0xEE, 0xD7, 0x4F, 0x94, 0xF7, 0x8A, 0x06, 0x13, 0x6A, 0x6E, 0x15, 0xBA, 0xDE,
    0x46, 0x82, 0xAA, 0xD4, 0xD3, 0x3B, 0xA5, 0x16, 0x7D, 0xED, 0xFC, 0x96, 0x66, 0xC7, 0x2A, 0xF1,
    0xE6, 0xE6, 0x0C, 0x4C, 0x8E, 0x5B, 0x28, 0x42, 0xE2, 0xB5, 0x11, 0xA3, 0x8A, 0x3E, 0xB0, 0x2F,
    0x5A, 0x46, 0x52, 0x6B, 0xD7, 0x5E, 0xFF, 0x70, 0x96, 0xCA, 0xA4, 0x3D, 0x1C, 0x76, 0x23, 0x4D,
    0x6B, 0x69, 0xC1, 0x5A, 0x5B, 0xA7, 0x65, 0x75, 0xB9, 0xBE, 0xF1, 0xED, 0xDF, 0x35, 0x09, 0x48,
    0xAF, 0x26, 0x71, 0xC9, 0x62, 0xD8, 0xB5, 0x99, 0xDB, 0xA6, 0xA1, 0x50, 0x20, 0x91, 0x2C, 0x64,
    0x33, 0xB9, 0x90, 0x97, 0x15, 0x50, 0x4B, 0x6A, 0xEF, 0xC8, 0xFE, 0x8C, 0x8C, 0x03, 0x4B, 0x99,
    0x2E, 0xAA, 0x7E, 0xBA, 0x30, 0x6E, 0x3C, 0x32, 0xEE, 0x08, 0xF6, 0x77, 0x52, 0x9E, 0x91, 0xB0,
    0xAE, 0x72, 0x7A, 0x84, 0x8F, 0xF7, 0xE8, 0x98, 0x8E, 0xAA, 0x30, 0xE7, 0x67, 0xB2, 0x2A, 0x9C,
    0x30, 0x2A, 0x4A, 0x63, 0x54, 0xE3, 0x96, 0xE7, 0x46, 0x4D, 0xAD, 0xFC, 0xD5, 0x39, 0xCC, 0x17,
    0x89, 0x44, 0x88, 0x15, 0x57, 0xFC, 0xD4, 0x28, 0xD4, 0x59, 0x38, 0x8E, 0xEB, 0x1C, 0x81, 0x7B,
    0xE4, 0xD7, 0x2C, 0xB1, 0xB8, 0x57, 0x21, 0x42, 0x27, 0xD1, 0x0C, 0xF1, 0xC5, 0xAF, 0xEE, 0xE1,
    0x39, 0xF4, 0x74, 0x0D, 0xAB, 0x98, 0xD1, 0xC0, 0x74, 0xF6, 0x6F, 0x24, 0x88, 0x13, 0x70, 0x32,
    0x9C, 0xC4, 0xB1, 0xB0, 0x82, 0x0E, 0x03, 0x4E, 0x85, 0x4A, 0xEA, 0xAE, 0x36, 0x0A, 0xF9, 0xC4,
    0xAF, 0xD9, 0xC8, 0x1F, 0xD8, 0x70, 0xDB, 0x33, 0x9F, 0x59, 0x3A, 0xAF, 0x24, 0x07, 0x3A, 0x84,
    0x5E, 0x41, 0xA5, 0x4A, 0x57, 0x9A, 0xC7, 0x28, 0x6C, 0x14, 0x8E, 0x97, 0x48, 0x94, 0xC1, 0x13,
    0x59, 0xFA, 0x4C, 0xDF, 0x43, 0xD9, 0x6F, 0xB6, 0xBB, 0x9E, 0x47, 0x6F, 0x3C, 0x60, 0xF3, 0xF7,
    0xB7, 0xDB, 0x23, 0x4A, 0xE8, 0xCD, 0x4D, 0x7B, 0x5A, 0xC5, 0xD1, 0x54, 0xD4, 0xD6, 0x95, 0x8D,
    0xBD, 0xD6, 0xF4, 0x42, 0x55, 0x58, 0xE3, 0xFE, 0x1D, 0x7D, 0x8D, 0x13, 0xD5, 0xAE, 0xA6, 0x6E,
    0x1C, 0x6D, 0xC2, 0xD1, 0xF6, 0x53, 0x60, 0x05, 0xFF, 0x6F, 0xB4, 0x8D, 0x87, 0xAA, 0x28, 0x0F,
    0xB7, 0x9A, 0xEC, 0x6A, 0xA5, 0x6B, 0x6E, 0xE3, 0x49, 0xB4, 0x65, 0x6C, 0x27, 0x56, 0x8B, 0xBE,
    0xD6, 0xB6, 0xF2, 0x2C, 0x8D, 0x17, 0xE6, 0xD2, 0x4F, 0xF6, 0xD2, 0x7F, 0x67, 0xDD, 0x29, 0xDD,
    0x83, 0x18, 0xBB, 0x1A, 0x0F, 0x63, 0x2F, 0x1E, 0x28, 0xAA, 0xA1, 0x2D, 0x1E, 0xB0, 0xC7, 0x77,
    0x4B, 0x3D, 0x23, 0xBC, 0x38, 0x6E, 0x5E, 0x55, 0xDA, 0xD9, 0xBB, 0x85, 0xE9, 0x82, 0xFD, 0xE3,
    0xC0, 0x1E, 0x0C, 0x0C, 0xEE, 0x61, 0x9C, 0x4A, 0xB2, 0x36, 0x4E, 0xE5, 0xA1, 0xD2, 0xC8, 0x96,
    0x35, 0x0E, 0x56, 0xE2, 0xB0, 0x97, 0x34, 0xEC, 0x1B, 0x07, 0xAB, 0x7D, 0x7B, 0xD9, 0x14, 0xA3,
    0x69, 0x3E, 0x2A, 0x68, 0x2F, 0x9E, 0xCC, 0x72, 0xC1, 0xF9, 0x27, 0x33, 0x96, 0x64, 0x4E, 0x82,
    0xFA, 0x34, 0x0B, 0xC5, 0x98, 0x05, 0xA3, 0xC3, 0xC8, 0x69, 0x9F, 0x35, 0x0F, 0xAF, 0x83, 0xE8,
    0x05, 0xFB, 0xE0, 0x88, 0x15, 0xF3, 0xF8, 0xAB, 0x8D, 0x25, 0xC7, 0x89, 0x96, 0x85, 0xA0, 0x85,
    0xB0, 0xDC, 0x86, 0x67, 0x78, 0x22, 0x39, 0xEB, 0x46, 0xF6, 0x65, 0xF7, 0x35, 0xFF, 0x16, 0x20,
    0xA9, 0x27, 0xD5, 0x85, 0xBD, 0xEC, 0x99, 0x8B, 0xC8, 0x7C, 0x03, 0x71, 0xCA, 0xFA, 0xAA, 0xCF,
    0xC7, 0xDC, 0x19, 0xA7, 0x25, 0x18, 0x67, 0x89, 0xD6, 0xAF, 0xA8, 0xE6, 0x56, 0x6F, 0x47, 0x6B,
    0x4B, 0x4E, 0xAE, 0xE9, 0x9C, 0xCC, 0x2B, 0xDF, 0x95, 0x71, 0xE9, 0xE9, 0x06, 0x67, 0x6E, 0xE7,
    0x98, 0xA5, 0x58, 0x1A, 0xD1, 0x2B, 0xE3, 0x6A, 0x66, 0xF5, 0xF2, 0xBF, 0x55, 0x52, 0x3D, 0x4E,
    0xC3, 0x30, 0x18, 0xFD, 0xE2, 0x0C, 0x11, 0xCD, 0x60, 0x16, 0x24, 0x06, 0x44, 0x56, 0x16, 0x94,
    0x0B, 0x20, 0x39, 0x97, 0xE8, 0x21, 0xB8, 0x01, 0x53, 0x13, 0x89, 0x8B, 0x70, 0x08, 0xE6, 0xC4,
    0x4C, 0x1D, 0x58, 0x7C, 0x83, 0x46, 0x62, 0x60, 0xAC, 0x85, 0x22, 0x35, 0x12, 0x4E, 0xCC, 0xF7,
    0xEC, 0xB4, 0xB4, 0x91, 0xFC, 0x2C, 0xC7, 0xDF, 0xCF, 0x7B, 0xEF, 0x33, 0x51, 0x43, 0x44, 0xA9,
    0x65, 0x90, 0x00, 0x85, 0xE3, 0x8C, 0x5F, 0x23, 0x7E, 0xF5, 0x0C, 0xB5, 0xF7, 0xBE, 0xF7, 0x80,
    0x8E, 0xC1, 0x28, 0x7D, 0xBC, 0xC8, 0x90, 0x20, 0x1C, 0x2D, 0x19, 0xA4, 0x00, 0xB7, 0x00, 0x7A,
    0xE3, 0x02, 0x7C, 0x21, 0x67, 0xA4, 0x37, 0x09, 0xA7, 0xE5, 0xBF, 0x07, 0xAB, 0xB6, 0x3F, 0xCE,
    0xE7, 0x7D, 0xF7, 0x22, 0xFB, 0x47, 0x92, 0x86, 0xEF, 0x75, 0x5C, 0x05, 0xAF, 0xB2, 0x89, 0x4B,
    0x55, 0xB1, 0x52, 0xA8, 0x16, 0xD9, 0xA1, 0x59, 0x3A, 0x9C, 0x9A, 0x79, 0x3A, 0x12, 0x2D, 0x4C,
    0xC9, 0x94, 0xAC, 0x62, 0x18, 0x00, 0x41, 0x81, 0x5E, 0x42, 0x40, 0xE0, 0x4C, 0xD4, 0x06, 0x59,
    0x0F, 0x80, 0x67, 0x40, 0x0B, 0x98, 0x00, 0xEE, 0x08, 0x89, 0x3B, 0xB6, 0x10, 0xE3, 0xD2, 0xF1,
    0x2E, 0xB5, 0x2B, 0xDA, 0xA4, 0x56, 0x55, 0xEA, 0xD5, 0xCE, 0x24, 0xBF, 0x0F, 0x23, 0x65, 0xAC,
    0x86, 0x58, 0x12, 0xF3, 0xEC, 0x10, 0x5C, 0x06, 0xF3, 0xD0, 0x82, 0xAE, 0x49, 0x60, 0x1B, 0xC2,
    0x31, 0x1B, 0x83, 0xAE, 0xC2, 0x50, 0xCE, 0x11, 0x75, 0x05, 0x42, 0xC9, 0x14, 0xCC, 0xCA, 0x21,
    0xA6, 0xAE, 0x40, 0xDE, 0x7B, 0xAD, 0x2E, 0xB6, 0x60, 0xAD, 0x0F, 0x39, 0x9C, 0x00, 0x3A, 0xD0,
    0x30, 0x47, 0x15, 0x6C, 0x0E, 0xAC, 0x2E, 0xAA, 0x04, 0x0C, 0xAF, 0x82, 0xD1, 0xCB, 0x57, 0x56,
    0xC8, 0xE3, 0x86, 0x29, 0x6C, 0x28, 0xBC, 0x83, 0xF5, 0x33, 0x89, 0xA9, 0x55, 0x95, 0xB4, 0x6D,
    0x61, 0xA4, 0x9E, 0x32, 0x23, 0xC8, 0x89, 0xEA, 0x4C, 0x6E, 0x72, 0x21, 0x37, 0x3E, 0x04, 0xC0,
    0x53, 0x6A, 0xEF, 0xA9, 0xCB, 0x6C, 0x47, 0xEA, 0xF3, 0xCB, 0x91, 0xDC, 0xEF, 0x2D, 0x17, 0xF6,
    0x0D, 0x0B, 0x87, 0x84, 0x1A, 0xC1, 0x25, 0x9C, 0x5E, 0x85, 0xE6, 0xC2, 0x9C, 0xBC, 0xE6, 0x82,
    0x6C, 0x0E, 0xC1, 0xA6, 0x86, 0xCA, 0xDD, 0xCE, 0x90, 0x97, 0xDB, 0x21, 0x75, 0xC5, 0x87, 0xA3,
    0xBE, 0xD4, 0xEF, 0x71, 0xCA, 0x61, 0xCC, 0x71, 0xC6, 0xFF, 0x50, 0x73, 0xEF, 0xA6, 0x15, 0x5A,
    0x9A, 0x49, 0xF6, 0xD9, 0x30, 0x29, 0x2D, 0xDC, 0xC4, 0x7A, 0x3B, 0xCF, 0x04, 0x95, 0xC7, 0x83,
    0x39, 0x0D, 0x36, 0xB1, 0x8B, 0x6E, 0xD8, 0x16, 0xDE, 0x28, 0xDD, 0xAC, 0xD7, 0x6B, 0xFA, 0x03,
    0x8D, 0x90, 0xB1, 0x4A, 0x03, 0x41, 0x10, 0x86, 0xFF, 0xBB, 0x10, 0x52, 0xDC, 0xC2, 0x55, 0xBE,
    0x85, 0x70, 0x0B, 0x16, 0x36, 0x07, 0x7B, 0xBE, 0x41, 0xDE, 0x24, 0x88, 0x85, 0x57, 0x04, 0x93,
    0x07, 0xB0, 0xC8, 0x43, 0xF8, 0x00, 0x07, 0xB6, 0x42, 0x56, 0x02, 0x5A, 0x24, 0xEA, 0x82, 0x6D,
    0x8A, 0x4D, 0x22, 0x58, 0x08, 0x71, 0x8B, 0x88, 0x07, 0xB9, 0xDC, 0x3A, 0xBB, 0xC6, 0x14, 0x12,
    0xC4, 0x99, 0x59, 0x3E, 0xE6, 0x87, 0xF9, 0x77, 0x77, 0x00, 0xE8, 0x7D, 0xD9, 0xD4, 0x42, 0x0F,
    0x95, 0x95, 0x17, 0x70, 0xA1, 0x7D, 0xAD, 0x80, 0x0D, 0x60, 0x81, 0xF7, 0x3E, 0x16, 0x12, 0x73,
    0x89, 0x99, 0xAF, 0x79, 0xBF, 0xB9, 0x80, 0x98, 0x61, 0xA8, 0x60, 0x25, 0xBE, 0x27, 0xDA, 0x40,
    0xC7, 0x20, 0xB1, 0x06, 0xF6, 0xA5, 0xA0, 0xC9, 0x82, 0x0C, 0xFE, 0x38, 0x41, 0xD1, 0xD4, 0x89,
    0x11, 0xBA, 0x47, 0x97, 0x0E, 0xA5, 0x95, 0x62, 0x6B, 0xB3, 0xCF, 0x87, 0x7A, 0xEB, 0x7A, 0x5D,
    0xC0, 0xFC, 0xCF, 0x67, 0xF0, 0xEB, 0x77, 0xAF, 0x7A, 0xB9, 0x32, 0xB9, 0xCE, 0x75, 0x31, 0xD7,
    0x36, 0xBB, 0x42, 0x46, 0x46, 0xA6, 0xFB, 0x59, 0xD9, 0xAA, 0x4E, 0xCD, 0x4F, 0x76, 0xD7, 0xBE,
    0x1F, 0xA4, 0x48, 0xC9, 0x22, 0x90, 0x08, 0x14, 0x55, 0x14, 0x2C, 0xA3, 0xB0, 0x8E, 0x92, 0x32,
    0xB2, 0x4A, 0x7C, 0x28, 0x7B, 0xA2, 0xDE, 0x9C, 0xE8, 0xF5, 0x46, 0x1D, 0x75, 0x9C, 0xDE, 0xDB,
    0xE9, 0xC8, 0x22, 0xA0, 0x45, 0xE3, 0x07, 0xE4, 0xD0, 0x46, 0x68, 0x4B, 0xF4, 0x6C, 0x16, 0x5F,
    0x26, 0xE1, 0xEA, 0x4E, 0x0B, 0x16, 0x8F, 0x0B, 0x59, 0x9E, 0x33, 0xB6, 0xE1, 0x72, 0x7A, 0xCD,
    0x58, 0xCE, 0xE5, 0xE3, 0x33, 0x63, 0x9C, 0xCB, 0xFB, 0x91, 0xC7, 0x68, 0x8B, 0xAD, 0xB8, 0xF0,
    0x18, 0x9F, 0x79, 0x3C, 0x1C, 0x7B, 0x4C, 0x13, 0x8F, 0x32, 0xF6, 0x30, 0x2D, 0x87, 0x5B, 0x15,
    0x4E, 0x08, 0xA3, 0x3E, 0x2A, 0xC2, 0x13, 0x90, 0x12, 0x2A, 0x20, 0x26, 0x18, 0xA0, 0x31, 0xE1,
    0x47, 0x92, 0xDE, 0x74, 0xC3, 0x85, 0xDB, 0xF0, 0x21, 0xCF, 0x1D, 0x5A, 0xA7, 0xCA, 0x21, 0x58,
    0x67, 0x7E, 0xEF, 0x29, 0x76, 0xF1, 0x05, 0x45, 0xCE, 0xBB, 0x0D, 0xC3, 0x20, 0x14, 0x85, 0xE1,
    0x13, 0x53, 0x50, 0xB8, 0x60, 0x80, 0x14, 0x6E, 0xD3, 0x31, 0x02, 0xC9, 0x10, 0xDE, 0xC1, 0x5B,
    0x24, 0xE3, 0x64, 0x85, 0xA4, 0x89, 0x47, 0xB0, 0x32, 0x01, 0xCA, 0x04, 0x14, 0x2E, 0x5C, 0x60,
    0x6E, 0xCE, 0x35, 0x79, 0x80, 0xF8, 0x24, 0x24, 0xB8, 0xFA, 0x81, 0xE6, 0x76, 0x00, 0x7C, 0x11,
    0xE0, 0xBC, 0x12, 0x41, 0xC1, 0x2E, 0x63, 0x40, 0x93, 0x01, 0x98, 0xB5, 0xBF, 0x22, 0x88, 0xE4,
    0x8A, 0x5D, 0xCC, 0x02, 0x9B, 0xCC, 0x8C, 0x36, 0xD9, 0x19, 0x2E, 0xB5, 0xE9, 0x43, 0x74, 0x64,
    0x72, 0x11, 0xDD, 0x48, 0x7C, 0xA5, 0xE3, 0xB7, 0xD1, 0x93, 0x0B, 0x47, 0x85, 0x23, 0x79, 0xF0,
    0xEC, 0x8B, 0xDE, 0x16, 0x65, 0xC2, 0x6F, 0x35, 0xF7, 0x9E, 0x7A, 0x11, 0x7D, 0xB5, 0x29, 0xDC,
    0x9A, 0xC2, 0xE7, 0x6C, 0x59, 0x35, 0xE6, 0x44, 0x83, 0xBC, 0xB2, 0xFA, 0xA4, 0x76, 0x36, 0x6A,
    0x62, 0x15, 0x8B, 0x54, 0xA7, 0x5D, 0x6A, 0xA2, 0xB1, 0x55, 0x27, 0xA6, 0x69, 0x16, 0xF5, 0x5F,
    0x75, 0x82, 0xE6, 0xD5, 0xB4, 0xDA, 0xB6, 0xC5, 0xD5, 0x3A, 0x84, 0xBC, 0x19, 0xFF, 0x7D, 0x6F,
    0x55, 0x8E, 0xB1, 0x4A, 0x03, 0x41, 0x10, 0x86, 0xFF, 0xBB, 0x2D, 0x44, 0x36, 0xB9, 0xB5, 0xB1,
    0xD1, 0x40, 0x5E, 0x20, 0x90, 0x14, 0x57, 0x58, 0x88, 0x9E, 0xE4, 0x1D, 0xAC, 0x7C, 0x04, 0x21,
    0x3E, 0x80, 0xC5, 0x81, 0x2F, 0xE0, 0x43, 0xD8, 0x58, 0x25, 0x45, 0x8A, 0x14, 0x42, 0x46, 0x02,
    0x5A, 0xD8, 0xEC, 0x23, 0x6C, 0x61, 0xE3, 0x55, 0x57, 0xA4, 0x48, 0x20, 0xC9, 0x38, 0xB3, 0x97,
    0x08, 0x0E, 0xEC, 0xF7, 0x2F, 0xFF, 0xCE, 0xCE, 0xFC, 0x00, 0x4E, 0xA0, 0xB5, 0x55, 0xA4, 0x5F,
    0x91, 0x8B, 0x86, 0x85, 0xD0, 0x3C, 0x45, 0x0E, 0x95, 0xCE, 0xA8, 0x7F, 0x69, 0xF5, 0x31, 0xB8,
    0xB9, 0x87, 0x2B, 0xDC, 0xCB, 0x03, 0x3A, 0xE8, 0x21, 0xBF, 0x9D, 0x09, 0x07, 0xFC, 0x0C, 0x37,
    0x5E, 0x06, 0xA0, 0x5B, 0xDD, 0x09, 0xAF, 0x90, 0x09, 0x77, 0x68, 0x07, 0xD8, 0xCF, 0xEA, 0x2D,
    0xE0, 0xD8, 0x54, 0x2B, 0x71, 0x2C, 0x5A, 0x7F, 0x34, 0x3F, 0xF7, 0xBC, 0x84, 0x1D, 0xD7, 0xA7,
    0xA3, 0xA2, 0x0D, 0x42, 0xBA, 0x76, 0x37, 0x04, 0xF4, 0x99, 0x4B, 0xFC, 0xAF, 0x79, 0x74, 0x6C,
    0x48, 0x36, 0x22, 0x8F, 0x72, 0x2B, 0x90, 0x78, 0x20, 0x09, 0x38, 0xD2, 0x74, 0x17, 0xC8, 0xB4,
    0x4B, 0xD3, 0x68, 0x1B, 0x72, 0x15, 0x83, 0x49, 0x1A, 0x30, 0x33, 0x65, 0x30, 0x35, 0x36, 0x09,
    0x79, 0x15, 0x90, 0x97, 0x8F, 0x53, 0x10, 0xC5, 0xB9, 0xE4, 0xF7, 0xF2, 0x0A, 0x9C, 0x95, 0x14,
    0x3E, 0x98, 0xBF, 0xDF, 0x69, 0xB2, 0x06, 0xCE, 0x17, 0x65, 0x7E, 0xCD, 0xCC, 0x43, 0xF4, 0xBA,
    0xCC, 0x5B, 0x8B, 0xCC, 0xAC, 0xD2, 0xBA, 0x23, 0xFB, 0xFA, 0x3B, 0x99, 0x2F, 0x9B, 0xE3, 0x69,
    0xB2, 0x1C, 0x92, 0xED, 0x73, 0x36, 0xF5, 0x0B,
};

static const EpdGlyph bitter_12_bolditalicGlyphs[] = {
    { 0, 0, 70, 0, 0, 0, 0 }, // U+0020
    { 7, 19, 125, 1, 18, 34, 0 }, // !
    { 10, 8, 169, 2, 20, 20, 34 }, // "
    { 17, 18, 259, 0, 18, 77, 54 }, // #
    { 15, 25, 242, 0, 21, 94, 131 }, // $
    { 19, 19, 335, 1, 18, 91, 225 }, // %
    { 16, 19, 270, 1, 18, 76, 316 }, // &
    { 5, 8, 95, 2, 20, 10, 392 }, // '
    { 10, 27, 124, 0, 23, 68, 402 }, // (
    { 9, 27, 124, -1, 23, 61, 470 }, // )
    { 9, 10, 170, 2, 20, 23, 531 }, // *
    { 12, 13, 216, 1, 15, 39, 554 }, // +
    { 6, 9, 102, -1, 4, 14, 593 }, // ,
    { 9, 4, 163, 1, 9, 9, 607 }, // -
    { 5, 5, 104, 0, 4, 7, 616 }, // .
    { 13, 24, 131, -2, 21, 78, 623 }, // /
    { 14, 16, 251, 1, 15, 56, 701 }, // 0
    { 10, 15, 173, 0, 15, 38, 757 }, // 1
    { 14, 15, 228, 0, 15, 53, 795 }, // 2
    { 14, 19, 220, -1, 15, 67, 848 }, // 3
    { 15, 18, 236, -1, 15, 68, 915 }, // 4
    { 14, 19, 212, -1, 15, 67, 983 }, // 5
    { 14, 19, 239, 1, 18, 67, 1050 }, // 6
    { 14, 19, 216, 1, 15, 67, 1117 }, // 7
    { 15, 19, 240, 0, 18, 72, 1184 }, // 8
    { 14, 19, 239, 0, 15, 67, 1256 }, // 9
    { 6, 13, 104, 0, 12, 20, 1323 }, // :
    { 7, 17, 104, -1, 12, 30, 1343 }, // ;
    { 12, 12, 207, 1, 15, 36, 1373 }, // <
    { 13, 9, 258, 2, 13, 30, 1409 }, // =
    { 13, 12, 207, 0, 15, 39, 1439 }, // >
    { 11, 19, 173, 1, 18, 53, 1478 }, // ?
    { 20, 20, 349, 1, 17, 100, 1531 }, // @
    { 18, 18, 275, -1, 18, 81, 1631 }, // A
    { 17, 18, 255, -1, 18, 77, 1712 }, // B
    { 15, 19, 246, 1, 18, 72, 1789 }, // C
    { 18, 18, 281, -1, 18, 81, 1861 }, // D
    { 16, 18, 238, -1, 18, 72, 1942 }, // E
    { 16, 18, 220, -1, 18, 72, 2014 }, // F
    { 17, 19, 280, 1, 18, 81, 2086 }, // G
    { 21, 18, 306, -1, 18, 95, 2167 }, // H
    { 11, 18, 144, -1, 18, 50, 2262 }, // I
    { 13, 23, 136, -3, 18, 75, 2312 }, // J
    { 20, 18, 280, -1, 18, 90, 2387 }, // K
    { 14, 18, 218, -1, 18, 63, 2477 }, // L
    { 23, 18, 339, -1, 18, 104, 2540 }, // M
    { 21, 18, 298, -1, 18, 95, 2644 }, // N
    { 17, 19, 287, 1, 18, 81, 2739 }, // O
    { 17, 18, 239, -1, 18, 77, 2820 }, // P
    { 18, 23, 288, 1, 18, 104, 2897 }, // Q
    { 17, 18, 260, -1, 18, 77, 3001 }, // R
    { 15, 19, 235, 0, 18, 72, 3078 }, // S
    { 16, 18, 240, 1, 18, 72, 3150 }, // T
    { 18, 19, 289, 2, 18, 86, 3222 }, // U
    { 19, 19, 280, 1, 18, 91, 3308 }, // V
    { 26, 19, 397, 1, 18, 124, 3399 }, // W
    { 20, 18, 278, -1, 18, 90, 3523 }, // X
    { 17, 18, 255, 1, 18, 77, 3613 }, // Y
    { 17, 18, 242, -1, 18, 77, 3690 }, // Z
    { 11, 25, 134, 0, 22, 69, 3767 }, // [
    { 6, 24, 131, 1, 21, 36, 3836 }, // <backslash>
    { 10, 25, 134, -1, 22, 63, 3872 }, // ]
    { 13, 10, 200, 0, 23, 33, 3935 }, // ^
    { 13, 3, 189, -2, -1, 10, 3968 }, // _
    { 7, 6, 154, 3, 21, 11, 3978 }, // `
    { 14, 15, 236, 0, 14, 53, 3989 }, // a
    { 14, 21, 230, 0, 20, 74, 4042 }, // b
    { 13, 15, 194, 0, 14, 49, 4116 }, // c
    { 15, 21, 237, 0, 20, 79, 4165 }, // d
    { 13, 15, 207, 0, 14, 49, 4244 }, // e
    { 17, 27, 145, -4, 20, 115, 4293 }, // f
    { 15, 21, 230, -1, 14, 79, 4408 }, // g
    { 15, 21, 240, 0, 20, 79, 4487 }, // h
    { 7, 21, 123, 1, 20, 37, 4566 }, // i
    { 12, 27, 117, -4, 20, 81, 4603 }, // j
    { 15, 20, 228, 0, 20, 75, 4684 }, // k
    { 8, 21, 117, 0, 20, 42, 4759 }, // l
    { 21, 15, 362, 1, 14, 79, 4801 }, // m
    { 14, 15, 247, 1, 14, 53, 4880 }, // n
    { 14, 15, 224, 0, 14, 53, 4933 }, // o
    { 17, 20, 237, -2, 14, 85, 4986 }, // p
    { 14, 20, 230, 0, 14, 70, 5071 }, // q
    { 11, 14, 174, 1, 14, 39, 5141 }, // r
    { 12, 15, 198, 0, 14, 45, 5180 }, // s
    { 10, 18, 158, 0, 17, 45, 5225 }, // t
    { 15, 15, 247, 0, 14, 57, 5270 }, // u
    { 15, 15, 217, 0, 14, 57, 5327 }, // v
    { 22, 15, 328, 0, 14, 83, 5384 }, // w
    { 16, 14, 220, -1, 14, 56, 5467 }, // x
    { 17, 21, 216, -2, 14, 90, 5523 }, // y
    { 14, 14, 198, -1, 14, 49, 5613 }, // z
    { 11, 25, 140, 0, 22, 69, 5662 }, // {
    { 7, 24, 122, 1, 21, 42, 5731 }, // |
    { 11, 25, 140, -1, 22, 69, 5773 }, // }
    { 14, 6, 245, 1, 12, 21, 5842 }, // ~
    { 0, 0, 70, 0, 0, 0, 0 }, // U+00A0
    { 7, 19, 125, 0, 13, 34, 0 }, // U+00A1
    { 12, 20, 213, 1, 19, 60, 34 }, // U+00A2
    { 16, 18, 255, 0, 18, 72, 94 }, // U+00A3
    { 15, 13, 257, 1, 14, 49, 166 }, // U+00A4
    { 16, 18, 273, 2, 18, 72, 215 }, // U+00A5
    { 7, 24, 122, 1, 21, 42, 287 }, // U+00A6
    { 13, 23, 216, 0, 18, 75, 329 }, // U+00A7
    { 9, 5, 181, 3, 20, 12, 404 }, // U+00A8
    { 20, 19, 343, 1, 18, 95, 416 }, // U+00A9
    { 13, 15, 196, 0, 18, 49, 511 }, // U+00AA
    { 13, 12, 203, 0, 13, 39, 560 }, // U+00AB
    { 13, 9, 250, 1, 11, 30, 599 }, // U+00AC
    { 0, 0, 0, 0, 0, 0, 629 }, // U+00AD
    { 16, 16, 284, 2, 19, 64, 629 }, // U+00AE
    { 9, 3, 158, 2, 19, 7, 693 }, // U+00AF
    { 9, 9, 167, 2, 19, 21, 700 }, // U+00B0
    { 14, 17, 224, 0, 17, 60, 721 }, // U+00B1
    { 9, 11, 144, 1, 20, 25, 781 }, // U+00B2
    { 10, 12, 146, 0, 20, 30, 806 }, // U+00B3
    { 8, 6, 151, 2, 21, 12, 836 }, // U+00B4
    { 16, 20, 272, 0, 14, 80, 848 }, // U+00B5
    { 16, 23, 252, 1, 18, 92, 928 }, // U+00B6
    { 5, 5, 104, 1, 10, 7, 1020 }, // U+00B7
    { 7, 7, 141, -1, 0, 13, 1027 }, // U+00B8
    { 7, 11, 115, 1, 20, 20, 1040 }, // U+00B9
    { 12, 15, 176, 0, 18, 45, 1060 }, // U+00BA
    { 12, 12, 204, 0, 13, 36, 1105 }, // U+00BB
    { 20, 19, 350, 1, 18, 95, 1141 }, // U+00BC
    { 21, 19, 354, 1, 18, 100, 1236 }, // U+00BD
    { 22, 19, 367, 0, 18, 105, 1336 }, // U+00BE
    { 11, 19, 166, -1, 14, 53, 1441 }, // U+00BF
    { 18, 24, 275, -1, 24, 108, 1494 }, // U+00C0
    { 18, 24, 275, -1, 24, 108, 1602 }, // U+00C1
    { 18, 24, 275, -1, 24, 108, 1710 }, // U+00C2
    { 18, 24, 275, -1, 24, 108, 1818 }, // U+00C3
    { 18, 23, 275, -1, 23, 104, 1926 }, // U+00C4
    { 18, 25, 275, -1, 25, 113, 2030 }, // U+00C5
    { 24, 18, 366, -1, 18, 108, 2143 }, // U+00C6
    { 15, 25, 246, 1, 18, 94, 2251 }, // U+00C7
    { 16, 24, 238, -1, 24, 96, 2345 }, // U+00C8
    { 16, 24, 238, -1, 24, 96, 2441 }, // U+00C9
    { 16, 24, 238, -1, 24, 96, 2537 }, // U+00CA
    { 16, 23, 238, -1, 23, 92, 2633 }, // U+00CB
    { 11, 24, 144, -1, 24, 66, 2725 }, // U+00CC
    { 12, 24, 144, -1, 24, 72, 2791 }, // U+00CD
    { 13, 24, 144, -1, 24, 78, 2863 }, // U+00CE
    { 13, 23, 144, -1, 23, 75, 2941 }, // U+00CF
    { 18, 18, 281, -1, 18, 81, 3016 }, // U+00D0
    { 21, 24, 298, -1, 24, 126, 3097 }, // U+00D1
    { 17, 25, 287, 1, 24, 107, 3223 }, // U+00D2
    { 17, 25, 287, 1, 24, 107, 3330 }, // U+00D3
    { 17, 25, 287, 1, 24, 107, 3437 }, // U+00D4
    { 17, 25, 287, 1, 24, 107, 3544 }, // U+00D5
    { 17, 24, 287, 1, 23, 102, 3651 }, // U+00D6
    { 12, 12, 205, 1, 15, 36, 3753 }, // U+00D7
    { 18, 22, 290, 0, 20, 99, 3789 }, // U+00D8
    { 18, 25, 289, 2, 24, 113, 3888 }, // U+00D9
    { 18, 25, 289, 2, 24, 113, 4001 }, // U+00DA
    { 18, 25, 289, 2, 24, 113, 4114 }, // U+00DB
    { 18, 24, 289, 2, 23, 108, 4227 }, // U+00DC
    { 17, 24, 255, 1, 24, 102, 4335 }, // U+00DD
    { 16, 18, 234, -1, 18, 72, 4437 }, // U+00DE
    { 20, 27, 269, -3, 20, 135, 4509 }, // U+00DF
    { 14, 22, 236, 0, 21, 77, 4644 }, // U+00E0
    { 14, 22, 236, 0, 21, 77, 4721 }, // U+00E1
    { 14, 22, 236, 0, 21, 77, 4798 }, // U+00E2
    { 14, 21, 236, 0, 20, 74, 4875 }, // U+00E3
    { 14, 21, 236, 0, 20, 74, 4949 }, // U+00E4
    { 14, 23, 236, 0, 22, 81, 5023 }, // U+00E5
    { 20, 15, 322, 0, 14, 75, 5104 }, // U+00E6
    { 13, 21, 194, 0, 14, 69, 5179 }, // U+00E7
    { 13, 22, 206, 0, 21, 72, 5248 }, // U+00E8
    { 13, 22, 206, 0, 21, 72, 5320 }, // U+00E9
    { 14, 22, 206, 0, 21, 77, 5392 }, // U+00EA
    { 13, 21, 206, 0, 20, 69, 5469 }, // U+00EB
    { 8, 22, 123, 1, 21, 44, 5538 }, // U+00EC
    { 9, 22, 123, 1, 21, 50, 5582 }, // U+00ED
    { 8, 22, 123, 1, 21, 44, 5632 }, // U+00EE
    { 9, 21, 124, 1, 20, 48, 5676 }, // U+00EF
    { 14, 21, 227, 0, 20, 74, 5724 }, // U+00F0
    { 14, 21, 247, 1, 20, 74, 5798 }, // U+00F1
    { 14, 22, 224, 0, 21, 77, 5872 }, // U+00F2
    { 14, 22, 224, 0, 21, 77, 5949 }, // U+00F3
    { 14, 22, 224, 0, 21, 77, 6026 }, // U+00F4
    { 14, 21, 224, 0, 20, 74, 6103 }, // U+00F5
    { 14, 21, 224, 0, 20, 74, 6177 }, // U+00F6
    { 13, 15, 258, 2, 16, 49, 6251 }, // U+00F7
    { 15, 19, 233, 0, 16, 72, 6300 }, // U+00F8
    { 15, 22, 247, 0, 21, 83, 6372 }, // U+00F9
    { 15, 22, 247, 0, 21, 83, 6455 }, // U+00FA
    { 15, 22, 247, 0, 21, 83, 6538 }, // U+00FB
    { 15, 21, 247, 0, 20, 79, 6621 }, // U+00FC
    { 17, 28, 216, -2, 21, 119, 6700 }, // U+00FD
    { 17, 26, 231, -3, 20, 111, 6819 }, // U+00FE
    { 17, 27, 216, -2, 20, 115, 6930 }, // U+00FF
    { 0, 0, 200, 0, 0, 0, 0 }, // U+2007
    { 0, 0, 104, 0, 0, 0, 0 }, // U+2008
    { 0, 0, 35, 0, 0, 0, 0 }, // U+2009
    { 0, 0, 40, 0, 0, 0, 0 }, // U+200A
    { 0, 0, 0, 0, 0, 0, 0 }, // U+200B
    { 0, 0, 0, 0, 0, 0, 0 }, // U+200C
    { 0, 0, 0, 0, 0, 0, 0 }, // U+200D
    { 0, 0, 0, 0, 0, 0, 0 }, // U+200E
    { 0, 0, 0, 0, 0, 0, 0 }, // U+200F
    { 9, 4, 162, 1, 9, 9, 0 }, // U+2010
    { 14, 4, 248, 1, 11, 14, 9 }, // U+2012
    { 13, 4, 230, 1, 9, 13, 23 }, // U+2013
    { 19, 4, 324, 1, 9, 19, 36 }, // U+2014
    { 19, 4, 324, 1, 9, 19, 55 }, // U+2015
    { 14, 7, 189, -3, -1, 25, 74 }, // U+2017
    { 6, 8, 86, 1, 20, 12, 99 }, // U+2018
    { 6, 9, 86, 1, 20, 14, 111 }, // U+2019
    { 5, 9, 86, -1, 4, 12, 125 }, // U+201A
    { 6, 9, 111, 2, 20, 14, 137 }, // U+201B
    { 11, 9, 162, 1, 21, 25, 151 }, // U+201C
    { 11, 9, 162, 1, 20, 25, 176 }, // U+201D
    { 10, 9, 162, -1, 4, 23, 201 }, // U+201E
    { 12, 20, 187, 0, 18, 60, 224 }, // U+2020
    { 12, 20, 187, 0, 18, 60, 284 }, // U+2021
    { 9, 9, 168, 1, 12, 21, 344 }, // U+2022
    { 12, 5, 243, 1, 4, 15, 365 }, // U+2025
    { 18, 5, 308, 0, 4, 23, 380 }, // U+2026
    { 0, 0, 0, 0, 0, 0, 403 }, // U+202A
    { 0, 0, 0, 0, 0, 0, 403 }, // U+202B
    { 0, 0, 0, 0, 0, 0, 403 }, // U+202C
    { 0, 0, 0, 0, 0, 0, 403 }, // U+202D
    { 0, 0, 0, 0, 0, 0, 403 }, // U+202E
    { 29, 19, 487, 1, 18, 138, 403 }, // U+2030
    { 6, 8, 119, 2, 20, 12, 541 }, // U+2032
    { 11, 8, 189, 2, 20, 22, 553 }, // U+2033
    { 8, 12, 118, 0, 13, 24, 575 }, // U+2039
    { 7, 12, 119, 0, 13, 21, 599 }, // U+203A
    { 13, 19, 218, 1, 18, 62, 620 }, // U+203C
    { 10, 3, 180, 2, 17, 8, 682 }, // U+203E
    { 17, 19, 101, -5, 18, 81, 690 }, // U+2044
    { 0, 0, 0, 0, 0, 0, 771 }, // U+2060
    { 0, 0, 0, 0, 0, 0, 771 }, // U+2061
    { 0, 0, 0, 0, 0, 0, 771 }, // U+2062
    { 0, 0, 0, 0, 0, 0, 771 }, // U+2063
    { 0, 0, 0, 0, 0, 0, 771 }, // U+2064
    { 0, 0, 0, 0, 0, 0, 771 }, // U+2066
    { 0, 0, 0, 0, 0, 0, 771 }, // U+2067
    { 0, 0, 0, 0, 0, 0, 771 }, // U+2068
    { 0, 0, 0, 0, 0, 0, 771 }, // U+2069
    { 0, 0, 0, 0, 0, 0, 771 }, // U+206A
    { 0, 0, 0, 0, 0, 0, 771 }, // U+206B
    { 0, 0, 0, 0, 0, 0, 771 }, // U+206C
    { 0, 0, 0, 0, 0, 0, 771 }, // U+206D
    { 0, 0, 0, 0, 0, 0, 771 }, // U+206E
    { 0, 0, 0, 0, 0, 0, 771 }, // U+206F
    { 16, 25, 264, 1, 21, 100, 0 }, // U+20A1
    { 16, 18, 244, 0, 18, 72, 100 }, // U+20A3
    { 16, 18, 260, 0, 18, 72, 172 }, // U+20A4
    { 21, 18, 345, 1, 18, 95, 244 }, // U+20A6
    { 18, 18, 284, 0, 18, 81, 339 }, // U+20A7
    { 26, 19, 434, 2, 18, 124, 420 }, // U+20A9
    { 18, 24, 237, -1, 20, 108, 544 }, // U+20AB
    { 17, 19, 282, 1, 18, 81, 652 }, // U+20AC
    { 20, 18, 309, 0, 18, 90, 733 }, // U+20AD
    { 15, 18, 263, 2, 18, 68, 823 }, // U+20AE
    { 18, 18, 290, 1, 18, 81, 891 }, // U+20B1
    { 17, 25, 290, 1, 21, 107, 972 }, // U+20B2
    { 15, 19, 266, 1, 18, 72, 1079 }, // U+20B4
    { 16, 25, 264, 1, 21, 100, 1151 }, // U+20B5
    { 16, 18, 240, 1, 18, 72, 1251 }, // U+20B8
    { 15, 18, 247, 1, 18, 68, 1323 }, // U+20B9
    { 16, 18, 264, 0, 18, 72, 1391 }, // U+20BA
    { 23, 21, 366, -1, 21, 121, 1463 }, // U+20BC
    { 16, 18, 257, 1, 18, 72, 1584 }, // U+20BD
    { 18, 17, 289, 1, 17, 77, 0 }, // U+2190
    { 16, 18, 269, 1, 18, 72, 77 }, // U+2191
    { 19, 17, 299, 0, 17, 81, 149 }, // U+2192
    { 17, 18, 257, 0, 18, 77, 230 }, // U+2193
    { 26, 17, 410, 0, 17, 111, 307 }, // U+2194
    { 18, 26, 278, 0, 22, 117, 418 }, // U+2195
    { 20, 28, 287, -1, 22, 140, 535 }, // U+21A8
    { 6, 17, 124, 1, 17, 26, 0 }, // U+2669
    { 9, 17, 180, 1, 17, 39, 26 }, // U+266A
    { 14, 18, 256, 1, 17, 63, 65 }, // U+266B
    { 14, 18, 256, 1, 17, 63, 128 }, // U+266C
    { 7, 16, 139, 1, 15, 28, 191 }, // U+266D
    { 7, 17, 143, 1, 11, 30, 219 }, // U+266E
    { 12, 21, 221, 1, 15, 63, 249 }, // U+266F
    { 28, 27, 508, 2, 22, 189, 312 }, // U+2764
    { 20, 27, 257, -4, 20, 135, 0 }, // U+FB01
    { 21, 27, 260, -4, 20, 142, 135 }, // U+FB02
    { 24, 27, 508, 4, 22, 162, 0 }, // U+1F44D
    { 26, 27, 508, 3, 22, 176, 162 }, // U+1F600
};

static const EpdUnicodeInterval bitter_12_bolditalicIntervals[] = {
    { 0x20, 0x7E, 0x0 },
    { 0xA0, 0xFF, 0x5F },
    { 0x2007, 0x2010, 0xBF },
    { 0x2012, 0x2015, 0xC9 },
    { 0x2017, 0x201E, 0xCD },
    { 0x2020, 0x2022, 0xD5 },
    { 0x2025, 0x2026, 0xD8 },
    { 0x202A, 0x202E, 0xDA },
    { 0x2030, 0x2030, 0xDF },
    { 0x2032, 0x2033, 0xE0 },
    { 0x2039, 0x203A, 0xE2 },
    { 0x203C, 0x203C, 0xE4 },
    { 0x203E, 0x203E, 0xE5 },
    { 0x2044, 0x2044, 0xE6 },
    { 0x2060, 0x2064, 0xE7 },
    { 0x2066, 0x206F, 0xEC },
    { 0x20A1, 0x20A1, 0xF6 },
    { 0x20A3, 0x20A4, 0xF7 },
    { 0x20A6, 0x20A7, 0xF9 },
    { 0x20A9, 0x20A9, 0xFB },
    { 0x20AB, 0x20AE, 0xFC },
    { 0x20B1, 0x20B2, 0x100 },
    { 0x20B4, 0x20B5, 0x102 },
    { 0x20B8, 0x20BA, 0x104 },
    { 0x20BC, 0x20BD, 0x107 },
    { 0x2190, 0x2195, 0x109 },
    { 0x21A8, 0x21A8, 0x10F },
    { 0x2669, 0x266F, 0x110 },
    { 0x2764, 0x2764, 0x117 },
    { 0xFB01, 0xFB02, 0x118 },
    { 0x1F44D, 0x1F44D, 0x11A },
    { 0x1F600, 0x1F600, 0x11B },
};

static const EpdFontGroup bitter_12_bolditalicGroups[] = {
    { 0, 3402, 6526, 95, 0 },
    { 3402, 3024, 7815, 96, 95 },
    { 6426, 548, 870, 55, 191 },
    { 6974, 990, 1757, 19, 246 },
    { 7964, 388, 721, 7, 265 },
    { 8352, 311, 547, 8, 272 },
    { 8663, 169, 297, 2, 280 },
    { 8832, 248, 351, 2, 282 },
};

static const EpdKernClassEntry bitter_12_bolditalicKernLeftClasses[] = {
    { 0x0021, 1 }, // !
    { 0x0022, 2 }, // "
    { 0x0024, 3 }, // $
    { 0x0026, 4 }, // &
    { 0x0027, 2 }, // '
    { 0x0028, 5 }, // (
    { 0x002C, 6 }, // ,
    { 0x002D, 7 }, // -
    { 0x002E, 6 }, // .
    { 0x002F, 8 }, // /
    { 0x0030, 9 }, // 0
    { 0x0031, 10 }, // 1
    { 0x0032, 11 }, // 2
    { 0x0033, 12 }, // 3
    { 0x0034, 13 }, // 4
    { 0x0035, 14 }, // 5
    { 0x0036, 15 }, // 6
    { 0x0037, 16 }, // 7
    { 0x0038, 17 }, // 8
    { 0x0039, 18 }, // 9
    { 0x003A, 19 }, // :
    { 0x003B, 19 }, // ;
    { 0x003F, 20 }, // ?
    { 0x0040, 21 }, // @
    { 0x0041, 22 }, // A
    { 0x0042, 23 }, // B
    { 0x0043, 24 }, // C
    { 0x0044, 21 }, // D
    { 0x0045, 25 }, // E
    { 0x0046, 26 }, // F
    { 0x0047, 27 }, // G
    { 0x0048, 28 }, // H
    { 0x0049, 28 }, // I
    { 0x004A, 29 }, // J
    { 0x004B, 30 }, // K
    { 0x004C, 31 }, // L
    { 0x004D, 28 }, // M
    { 0x004E, 28 }, // N
    { 0x004F, 21 }, // O
    { 0x0050, 32 }, // P
    { 0x0051, 33 }, // Q
    { 0x0052, 34 }, // R
    { 0x0053, 3 }, // S
    { 0x0054, 35 }, // T
    { 0x0055, 29 }, // U
    { 0x0056, 36 }, // V
    { 0x0057, 36 }, // W
    { 0x0058, 30 }, // X
    { 0x0059, 37 }, // Y
    { 0x005A, 38 }, // Z
    { 0x005B, 39 }, // [
    { 0x005C, 40 }, // <backslash>
    { 0x005F, 41 }, // _
    { 0x0061, 42 }, // a
    { 0x0062, 43 }, // b
    { 0x0063, 44 }, // c
    { 0x0064, 45 }, // d
    { 0x0065, 46 }, // e
    { 0x0066, 47 }, // f
    { 0x0067, 48 }, // g
    { 0x0068, 42 }, // h
    { 0x0069, 45 }, // i
    { 0x006A, 48 }, // j
    { 0x006B, 49 }, // k
    { 0x006C, 45 }, // l
    { 0x006D, 42 }, // m
    { 0x006E, 42 }, // n
    { 0x006F, 43 }, // o
    { 0x0070, 43 }, // p
    { 0x0071, 50 }, // q
    { 0x0072, 51 }, // r
    { 0x0073, 52 }, // s
    { 0x0074, 53 }, // t
    { 0x0075, 54 }, // u
    { 0x0076, 55 }, // v
    { 0x0077, 55 }, // w
    { 0x0078, 49 }, // x
    { 0x0079, 55 }, // y
    { 0x007A, 56 }, // z
    { 0x007B, 57 }, // {
    { 0x00A1, 58 }, // U+00A1
    { 0x00A2, 44 }, // U+00A2
    { 0x00A3, 59 }, // U+00A3
    { 0x00A5, 37 }, // U+00A5
    { 0x00A7, 3 }, // U+00A7
    { 0x00A9, 21 }, // U+00A9
    { 0x00AB, 60 }, // U+00AB
    { 0x00AE, 43 }, // U+00AE
    { 0x00B3, 61 }, // U+00B3
    { 0x00B5, 54 }, // U+00B5
    { 0x00B7, 7 }, // U+00B7
    { 0x00BB, 62 }, // U+00BB
    { 0x00C0, 22 }, // U+00C0
    { 0x00C1, 22 }, // U+00C1
    { 0x00C2, 22 }, // U+00C2
    { 0x00C3, 22 }, // U+00C3
    { 0x00C4, 22 }, // U+00C4
    { 0x00C5, 22 }, // U+00C5
    { 0x00C6, 25 }, // U+00C6
    { 0x00C7, 24 }, // U+00C7
    { 0x00C8, 25 }, // U+00C8
    { 0x00C9, 25 }, // U+00C9
    { 0x00CA, 25 }, // U+00CA
    { 0x00CB, 25 }, // U+00CB
    { 0x00CC, 28 }, // U+00CC
    { 0x00CD, 28 }, // U+00CD
    { 0x00CE, 28 }, // U+00CE
    { 0x00CF, 63 }, // U+00CF
    { 0x00D0, 21 }, // U+00D0
    { 0x00D1, 28 }, // U+00D1
    { 0x00D2, 21 }, // U+00D2
    { 0x00D3, 21 }, // U+00D3
    { 0x00D4, 21 }, // U+00D4
    { 0x00D5, 21 }, // U+00D5
    { 0x00D6, 21 }, // U+00D6
    { 0x00D8, 21 }, // U+00D8
    { 0x00D9, 29 }, // U+00D9
    { 0x00DA, 29 }, // U+00DA
    { 0x00DB, 29 }, // U+00DB
    { 0x00DC, 29 }, // U+00DC
    { 0x00DD, 37 }, // U+00DD
    { 0x00DE, 32 }, // U+00DE
    { 0x00DF, 64 }, // U+00DF
    { 0x00E0, 42 }, // U+00E0
    { 0x00E1, 42 }, // U+00E1
    { 0x00E2, 42 }, // U+00E2
    { 0x00E3, 42 }, // U+00E3
    { 0x00E4, 42 }, // U+00E4
    { 0x00E5, 42 }, // U+00E5
    { 0x00E6, 46 }, // U+00E6
    { 0x00E7, 65 }, // U+00E7
    { 0x00E8, 46 }, // U+00E8
    { 0x00E9, 46 }, // U+00E9
    { 0x00EA, 46 }, // U+00EA
    { 0x00EB, 46 }, // U+00EB
    { 0x00EC, 66 }, // U+00EC
    { 0x00ED, 67 }, // U+00ED
    { 0x00EE, 68 }, // U+00EE
    { 0x00EF, 69 }, // U+00EF
    { 0x00F0, 43 }, // U+00F0
    { 0x00F1, 42 }, // U+00F1
    { 0x00F2, 43 }, // U+00F2
    { 0x00F3, 43 }, // U+00F3
    { 0x00F4, 43 }, // U+00F4
    { 0x00F5, 43 }, // U+00F5
    { 0x00F6, 43 }, // U+00F6
    { 0x00F8, 43 }, // U+00F8
    { 0x00F9, 54 }, // U+00F9
    { 0x00FA, 54 }, // U+00FA
    { 0x00FB, 54 }, // U+00FB
    { 0x00FC, 54 }, // U+00FC
    { 0x00FD, 55 }, // U+00FD
    { 0x00FE, 43 }, // U+00FE
    { 0x00FF, 55 }, // U+00FF
    { 0x2010, 7 }, // U+2010
    { 0x2013, 7 }, // U+2013
    { 0x2014, 7 }, // U+2014
    { 0x2015, 7 }, // U+2015
    { 0x2017, 41 }, // U+2017
    { 0x2018, 2 }, // U+2018
    { 0x2019, 2 }, // U+2019
    { 0x201A, 6 }, // U+201A
    { 0x201B, 2 }, // U+201B
    { 0x201C, 2 }, // U+201C
    { 0x201D, 2 }, // U+201D
    { 0x201E, 6 }, // U+201E
    { 0x2025, 6 }, // U+2025
    { 0x2026, 6 }, // U+2026
    { 0x2039, 60 }, // U+2039
    { 0x203A, 62 }, // U+203A
    { 0x203C, 1 }, // U+203C
    { 0x20A1, 24 }, // U+20A1
    { 0x20A3, 26 }, // U+20A3
    { 0x20A6, 28 }, // U+20A6
    { 0x20A7, 32 }, // U+20A7
    { 0x20A9, 70 }, // U+20A9
    { 0x20AB, 71 }, // U+20AB
    { 0x20AC, 24 }, // U+20AC
    { 0x20AD, 30 }, // U+20AD
    { 0x20AE, 35 }, // U+20AE
    { 0x20B1, 32 }, // U+20B1
    { 0x20B2, 27 }, // U+20B2
    { 0x20B4, 3 }, // U+20B4
    { 0x20B5, 24 }, // U+20B5
    { 0x20B8, 35 }, // U+20B8
    { 0x20B9, 34 }, // U+20B9
    { 0x20BD, 32 }, // U+20BD
    { 0xFB01, 45 }, // U+FB01
    { 0xFB02, 45 }, // U+FB02
};

static const EpdKernClassEntry bitter_12_bolditalicKernRightClasses[] = {
    { 0x0021, 1 }, // !
    { 0x0022, 2 }, // "
    { 0x0024, 3 }, // $
    { 0x0026, 4 }, // &
    { 0x0027, 2 }, // '
    { 0x0029, 5 }, // )
    { 0x002A, 6 }, // *
    { 0x002C, 7 }, // ,
    { 0x002D, 8 }, // -
    { 0x002E, 7 }, // .
    { 0x002F, 9 }, // /
    { 0x0030, 10 }, // 0
    { 0x0031, 11 }, // 1
    { 0x0032, 12 }, // 2
    { 0x0033, 13 }, // 3
    { 0x0034, 14 }, // 4
    { 0x0035, 15 }, // 5
    { 0x0036, 16 }, // 6
    { 0x0037, 17 }, // 7
    { 0x0038, 4 }, // 8
    { 0x0039, 18 }, // 9
    { 0x003A, 19 }, // :
    { 0x003B, 19 }, // ;
    { 0x003F, 20 }, // ?
    { 0x0040, 21 }, // @
    { 0x0041, 22 }, // A
    { 0x0042, 23 }, // B
    { 0x0043, 21 }, // C
    { 0x0044, 23 }, // D
    { 0x0045, 23 }, // E
    { 0x0046, 23 }, // F
    { 0x0047, 21 }, // G
    { 0x0048, 23 }, // H
    { 0x0049, 23 }, // I
    { 0x004A, 24 }, // J
    { 0x004B, 23 }, // K
    { 0x004C, 23 }, // L
    { 0x004D, 23 }, // M
    { 0x004E, 23 }, // N
    { 0x004F, 21 }, // O
    { 0x0050, 23 }, // P
    { 0x0051, 21 }, // Q
    { 0x0052, 23 }, // R
    { 0x0053, 3 }, // S
    { 0x0054, 25 }, // T
    { 0x0055, 26 }, // U
    { 0x0056, 27 }, // V
    { 0x0057, 27 }, // W
    { 0x0058, 28 }, // X
    { 0x0059, 29 }, // Y
    { 0x005A, 30 }, // Z
    { 0x005C, 31 }, // <backslash>
    { 0x005D, 32 }, // ]
    { 0x005F, 33 }, // _
    { 0x0061, 34 }, // a
    { 0x0062, 35 }, // b
    { 0x0063, 34 }, // c
    { 0x0064, 34 }, // d
    { 0x0065, 34 }, // e
    { 0x0066, 36 }, // f
    { 0x0067, 34 }, // g
    { 0x0068, 37 }, // h
    { 0x0069, 38 }, // i
    { 0x006A, 36 }, // j
    { 0x006B, 37 }, // k
    { 0x006C, 37 }, // l
    { 0x006D, 38 }, // m
    { 0x006E, 38 }, // n
    { 0x006F, 34 }, // o
    { 0x0070, 39 }, // p
    { 0x0071, 34 }, // q
    { 0x0072, 38 }, // r
    { 0x0073, 40 }, // s
    { 0x0074, 41 }, // t
    { 0x0075, 42 }, // u
    { 0x0076, 43 }, // v
    { 0x0077, 43 }, // w
    { 0x0078, 44 }, // x
    { 0x0079, 45 }, // y
    { 0x007A, 46 }, // z
    { 0x007C, 47 }, // |
    { 0x007D, 48 }, // }
    { 0x00A1, 49 }, // U+00A1
    { 0x00A2, 34 }, // U+00A2
    { 0x00A5, 29 }, // U+00A5
    { 0x00A6, 47 }, // U+00A6
    { 0x00A7, 3 }, // U+00A7
    { 0x00A9, 21 }, // U+00A9
    { 0x00AB, 50 }, // U+00AB
    { 0x00AE, 34 }, // U+00AE
    { 0x00B0, 51 }, // U+00B0
    { 0x00B5, 38 }, // U+00B5
    { 0x00B7, 8 }, // U+00B7
    { 0x00BB, 52 }, // U+00BB
    { 0x00BF, 53 }, // U+00BF
    { 0x00C0, 22 }, // U+00C0
    { 0x00C1, 22 }, // U+00C1
    { 0x00C2, 22 }, // U+00C2
    { 0x00C3, 22 }, // U+00C3
    { 0x00C4, 22 }, // U+00C4
    { 0x00C5, 22 }, // U+00C5
    { 0x00C6, 22 }, // U+00C6
    { 0x00C7, 21 }, // U+00C7
    { 0x00C8, 23 }, // U+00C8
    { 0x00C9, 23 }, // U+00C9
    { 0x00CA, 23 }, // U+00CA
    { 0x00CB, 23 }, // U+00CB
    { 0x00CC, 23 }, // U+00CC
    { 0x00CD, 23 }, // U+00CD
    { 0x00CE, 23 }, // U+00CE
    { 0x00CF, 54 }, // U+00CF
    { 0x00D0, 23 }, // U+00D0
    { 0x00D1, 23 }, // U+00D1
    { 0x00D2, 21 }, // U+00D2
    { 0x00D3, 21 }, // U+00D3
    { 0x00D4, 21 }, // U+00D4
    { 0x00D5, 21 }, // U+00D5
    { 0x00D6, 21 }, // U+00D6
    { 0x00D8, 21 }, // U+00D8
    { 0x00D9, 26 }, // U+00D9
    { 0x00DA, 26 }, // U+00DA
    { 0x00DB, 26 }, // U+00DB
    { 0x00DC, 26 }, // U+00DC
    { 0x00DD, 29 }, // U+00DD
    { 0x00DE, 23 }, // U+00DE
    { 0x00DF, 36 }, // U+00DF
    { 0x00E0, 34 }, // U+00E0
    { 0x00E1, 34 }, // U+00E1
    { 0x00E2, 34 }, // U+00E2
    { 0x00E3, 34 }, // U+00E3
    { 0x00E4, 34 }, // U+00E4
    { 0x00E5, 34 }, // U+00E5
    { 0x00E7, 34 }, // U+00E7
    { 0x00E8, 34 }, // U+00E8
    { 0x00E9, 34 }, // U+00E9
    { 0x00EA, 34 }, // U+00EA
    { 0x00EB, 34 }, // U+00EB
    { 0x00EC, 55 }, // U+00EC
    { 0x00ED, 56 }, // U+00ED
    { 0x00EE, 57 }, // U+00EE
    { 0x00EF, 58 }, // U+00EF
    { 0x00F0, 34 }, // U+00F0
    { 0x00F1, 38 }, // U+00F1
    { 0x00F2, 34 }, // U+00F2
    { 0x00F3, 34 }, // U+00F3
    { 0x00F4, 34 }, // U+00F4
    { 0x00F5, 34 }, // U+00F5
    { 0x00F6, 34 }, // U+00F6
    { 0x00F8, 59 }, // U+00F8
    { 0x00F9, 42 }, // U+00F9
    { 0x00FA, 42 }, // U+00FA
    { 0x00FB, 42 }, // U+00FB
    { 0x00FC, 42 }, // U+00FC
    { 0x00FD, 45 }, // U+00FD
    { 0x00FE, 60 }, // U+00FE
    { 0x00FF, 45 }, // U+00FF
    { 0x2010, 8 }, // U+2010
    { 0x2013, 8 }, // U+2013
    { 0x2014, 8 }, // U+2014
    { 0x2015, 8 }, // U+2015
    { 0x2017, 33 }, // U+2017
    { 0x2018, 2 }, // U+2018
    { 0x2019, 2 }, // U+2019
    { 0x201A, 7 }, // U+201A
    { 0x201B, 2 }, // U+201B
    { 0x201C, 2 }, // U+201C
    { 0x201D, 2 }, // U+201D
    { 0x201E, 7 }, // U+201E
    { 0x2025, 7 }, // U+2025
    { 0x2026, 7 }, // U+2026
    { 0x2039, 50 }, // U+2039
    { 0x203A, 52 }, // U+203A
    { 0x203C, 1 }, // U+203C
    { 0x2044, 61 }, // U+2044
    { 0x20A1, 21 }, // U+20A1
    { 0x20A3, 23 }, // U+20A3
    { 0x20A6, 23 }, // U+20A6
    { 0x20A7, 23 }, // U+20A7
    { 0x20A9, 27 }, // U+20A9
    { 0x20AB, 34 }, // U+20AB
    { 0x20AC, 21 }, // U+20AC
    { 0x20AD, 23 }, // U+20AD
    { 0x20AE, 25 }, // U+20AE
    { 0x20B1, 23 }, // U+20B1
    { 0x20B2, 21 }, // U+20B2
    { 0x20B4, 3 }, // U+20B4
    { 0x20B5, 21 }, // U+20B5
    { 0x20B8, 25 }, // U+20B8
    { 0x20BD, 23 }, // U+20BD
    { 0xFB01, 36 }, // U+FB01
    { 0xFB02, 36 }, // U+FB02
};

static const int8_t bitter_12_bolditalicKernMatrix[] = {
       0,    0,    0,    0,    0,    0,    0,    0,    0,    0,    0,    0,    0,    0,    0,    0,    0,    0,    0,    0,    0,   -2,    0,    0,    0,    0,    0,    0,    0,    0,    0,    0,    0,    0,    0,    0,    0,    0,    0,    0,    0,    0,    0,    0,    0,    0,    0,    0,    0,    0,    0,    0,    0,    0,    0,    0,    0,    0,    0,    0,    0,
       0,    0,    0,    0,    0,    0,  -17,    0,    0,    0,    0,    0,    0,    0,    0,    0,    0,    0,    0,    0,  -12,  -30,    3,    0,    6,    0,    0,   -7,    0,    0,    0,    0,    0,   -7,    8,    0,    8,    0,    0,  -12,    0,    0,    0,   -9,    0,    0,    0,    0,    0,    0,    0,    0,    0,    3,    0,    0,    0,    0,   -7,    8,    0,
       0,    0,    0,    0,    0,    0,   -9,    0,    0,    0,   -2,    0,   -2,    0,    0,    0,   -5,    0,    0,    0,    0,  -11,   -5,    0,  -12,    0,  -16,  -21,  -18,   -7,    0,    0,    0,   -2,    0,    0,    0,   -9,   -9,    0,   -2,   -5,  -12,  -12,  -10,    0,    0,    0,    0,    0,    0,    0,    0,   -5,   -9,   -9,   -9,  -16,   -2,    0,    0,
       0,    0,   -9,    0,    0,    0,    0,    0,    0,    0,    0,    0,    0,    0,    0,    0,    0,    0,    0,    0,    3,  -16,    0,    0,    0,    0,  -18,   -9,  -17,    0,    0,    0,    0,    2,   -2,    0,   -2,    0,    0,   -2,    0,   -2,   -8,   -7,   -6,   -3,    0,    0,    0,    0,    0,    0,    0,    0,    0,    0,    0,    0,    2,   -2,    0,
       0,    0,    0,    0,    0,    0,    0,    0,   14,    0,    0,    0,    0,    0,    0,    0,    0,    0,    0,    0,    0,    0,    0,   23,   -9,    0,    0,    0,    0,    0,   11,    0,   12,   -2,    0,   22,    0,    0,    0,    0,    0,    0,    0,    0,    0,    0,    0,    0,    0,    0,    0,    0,    0,    0,    0,    0,    0,    0,   -2,    0,    0,
       0,  -33,    0,    0,    0,    0,    0,    0,    0,  -18,   -8,    1,    0,  -12,    0,  -11,  -23,   -9,    0,    0,  -15,    8,    0,    4,  -29,    0,  -31,   -6,  -42,    0,    0,    0,    0,   -9,    0,    0,    0,   -8,   -8,    0,    0,    0,  -30,   -5,  -26,    0,    0,    0,    0,   -9,    0,    0,    0,    0,   -8,   -8,   -8,   -8,   -9,    0,    0,
       0,    0,    0,    0,    0,    0,    0,    0,    0,    0,  -19,   -4,  -11,    3,  -13,    0,  -22,   -7,    0,    0,    0,   -2,    0,    0,  -26,    0,  -20,  -33,    0,    0,    0,    0,    0,    0,    0,    0,    0,    0,    0,    0,    0,    0,    0,  -23,  -11,    0,    0,    0,    0,    0,    0,  -12,    0,    0,    0,    0,    0,    0,    0,    0,    0,
       0,    0,    0,    0,   11,    0,    0,    0,  -18,    0,    0,    0,    0,    0,    0,    0,    0,    0,    0,    0,   -5,  -15,   -2,    7,   -1,    6,    6,   -2,    6,    0,   16,   11,    0,  -14,   11,    0,   11,  -11,  -11,    0,    0,    0,    0,  -15,   -9,    0,    0,   11,    0,    0,    0,    0,    0,   -2,  -11,  -11,  -11,  -11,  -14,   11,    0,
       0,    0,    0,    0,    0,    0,  -18,    0,    0,    0,   -3,    0,    0,    0,    0,    0,    0,    0,    0,    0,    0,    0,    0,    0,    0,    0,    0,    0,    0,    0,    0,    0,    0,    0,    0,    0,    0,    0,    0,    0,    0,    0,    0,    0,    0,    0,    0,    0,    0,    0,   -4,    0,    0,    0,    0,    0,    0,    0,    0,    0,    0,
       0,    0,    0,    0,    0,    0,    3,    0,    4,    0,    0,    0,    0,    0,    0,    0,   -4,    0,    0,    0,    0,    6,    0,    0,    0,    0,    0,    0,    0,    0,    0,    0,    0,    0,    0,    0,    0,    0,    0,    0,    0,    0,    0,    0,    0,    0,    0,    0,    0,    0,  -16,    0,    0,    0,    0,    0,    0,    0,    0,    0,    0,
       0,    0,    0,    0,    0,    0,    0,    0,    0,    0,    0,    0,    0,    0,    0,    0,   -2,    0,    0,    0,    0,    0,    0,    0,    0,    0,    0,    0,    0,    0,    0,    0,    0,    0,    0,    0,    0,    0,    0,    0,    0,    0,    0,    0,    0,    0,    0,    0,    0,    0,    0,    0,    0,    0,    0,    0,    0,    0,    0,    0,    0,
       0,    0,    0,    0,    0,    0,   -9,    0,    0,    0,    0,    0,    0,    0,   -6,    0,   -2,    0,    0,    0,    0,    0,   -6,    0,    0,    0,    0,    0,    0,    0,    0,    0,    0,    0,    0,    0,    0,    0,    0,    0,    0,    0,    0,    0,    0,    0,    0,    0,    0,    0,   -4,    0,    0,   -6,    0,    0,    0,    0,    0,    0,    0,
       0,    0,    0,    0,    0,    0,    0,    6,    0,    0,    0,    0,    0,    4,    0,    0,   -5,    0,    0,    0,    0,    0,    0,    0,    0,    0,    0,    0,    0,    0,    0,    0,    0,    0,    0,    0,    0,    0,    0,    0,    0,    0,    0,    0,    0,    0,    0,    0,    0,    0,  -16,    0,    0,    0,    0,    0,    0,    0,    0,    0,    0,
       0,    0,    0,    0,    0,    0,   -3,    0,    0,    0,   -7,   -6,  -12,    0,    0,    0,   -8,   -7,    0,    0,    0,    0,    0,    0,    0,    0,    0,    0,    0,    0,    0,    0,    0,    0,    0,    0,    0,    0,    0,    0,    0,    0,    0,    0,    0,    0,    0,    0,    0,    0,   -4,    0,    0,    0,    0,    0,    0,    0,    0,    0,    0,
       0,    0,    0,    0,    0,    0,    0,    0,    0,    0,   -5,   -4,   -3,    3,   -7,    0,   -7,    0,    0,    0,    0,    0,    0,    0,    0,    0,    0,    0,    0,    0,    0,    0,    0,    0,    0,    0,    0,    0,    0,    0,    0,    0,    0,    0,    0,    0,    0,    0,    0,    0,  -13,    0,    0,    0,    0,    0,    0,    0,    0,    0,    0,
       0,    0,    0,   -4,    0,    0,  -39,  -18,    0,   -7,    6,   -1,   -6,   -5,   -5,   -5,    3,   -3,    0,    0,    0,    0,    0,    0,    0,    0,    0,    0,    0,    0,    0,    0,    0,    0,    0,    0,    0,    0,    0,    0,    0,    0,    0,    0,    0,    0,    0,    0,    0,    0,   13,    0,    0,    0,    0,    0,    0,    0,    0,    0,    0,
       0,    0,    0,    0,    0,    0,    0,    0,    0,    0,    0,    0,    0,    0,   -6,    0,   -8,    0,    0,    0,    0,    0,   -6,    0,    0,    0,    0,    0,    0,    0,    0,    0,    0,    0,    0,    0,    0,    0,    0,    0,    0,    0,    0,    0,    0,    0,    0,    0,    0,    0,   -4,    0,    0,   -6,    0,    0,    0,    0,    0,    0,    0,
       0,    0,    0,    0,    0,    0,  -21,    0,    0,    0,    0,    0,   -2,    0,    0,    0,   -6,    0,    0,    0,    0,    0,    0,    0,    0,    0,    0,    0,    0,    0,    0,    0,    0,    0,    0,    0,    0,    0,    0,    0,    0,    0,    0,    0,    0,    0,    0,    0,    0,    0,   -3,    0,    0,    0,    0,    0,    0,    0,    0,    0,    0,
       0,    0,    0,    0,    0,    0,    0,    0,    0,    0,    0,    0,    0,    0,    0,    0,    0,    0,    0,    0,    0,    0,    0,    0,  -11,    0,  -15,   -2,  -20,    0,    0,    0,    0,    0,    0,    0,    0,    0,    0,    0,    0,    0,   -5,   -2,   -7,    0,    0,    0,    0,    0,    0,    0,    0,    0,    0,    0,    0,    0,    0,    0,    0,
       0,    0,    0,    0,    0,    0,    0,    0,    0,    0,    0,    0,    0,    0,    0,    0,    0,    0,    0,    0,    0,    0,    3,    0,    6,    0,    0,    0,    0,    0,    0,    0,    0,    0,    0,    0,    0,    0,    0,    0,    0,    0,    0,    0,    0,    0,    0,    0,    0,    0,    0,    0,  -14,    3,    0,    0,    0,    0,    0,    0,    0,
       0,  -13,   -2,    0,    0,    0,  -15,    0,    1,    0,    0,    0,  -17,    0,    0,    0,    0,    0,    0,   -3,    0,   -7,    0,    0,   -7,    0,  -18,  -21,  -15,  -10,    0,    0,    0,   -1,   -1,    4,   -1,   -1,   -1,   -2,   -1,   -2,   -6,   -6,   -4,    0,    0,    0,    0,    0,    0,    0,    0,    0,   -1,   -1,   -1,   -1,   -1,    7,    0,
      -6,  -42,  -12,    0,    0,    0,    1,  -14,    4,    0,    0,    0,    0,    0,    0,    0,    0,    0,    0,  -18,   -8,    3,  -10,   -4,  -35,  -22,  -26,   -6,  -30,   -7,    0,    4,    0,   -6,   -7,   -6,   -7,   -5,   -5,   -3,  -10,  -10,  -16,   -1,  -16,   -6,    0,    3,   -3,    0,    0,    0,    0,  -10,   -5,   -5,   -5,   -5,   -6,   -7,    0,
       0,  -10,    0,    0,    0,    0,  -13,    0,    0,    0,    0,    0,   -6,    0,    0,    0,    0,    0,    0,   -6,   -1,  -13,   -8,   -1,  -15,    0,  -24,  -20,  -23,  -10,    0,    0,    0,   -2,   -2,   -2,   -2,   -6,   -6,   -2,   -2,   -4,   -8,  -13,  -11,   -6,    0,    0,    0,    0,    0,    0,    0,   -8,   -6,   -6,   -6,   -6,   -2,   -2,    0,
       0,   -2,    0,   -3,    0,    0,   -8,  -14,    0,    0,   -2,   -3,   -4,    0,   -2,    0,   -4,   -6,    0,    0,  -11,  -10,    0,   -2,   -7,    0,  -12,  -15,  -12,    0,    0,    0,    0,  -12,   -8,    0,   -8,   -8,   -8,  -10,   -6,   -8,   -5,   -8,   -8,  -11,    0,    0,    0,    0,    0,    0,    0,    0,   -8,   -8,   -8,  -12,  -12,   -8,    0,
       0,    0,    0,    0,    0,    0,    0,   -6,   -1,    0,    0,    0,    0,    0,    0,    0,    0,    0,    0,    0,   -9,  -12,    0,    0,  -13,    0,  -14,  -15,  -12,    0,    0,    0,    0,   -7,    0,    0,    0,   -5,   -5,   -7,   -7,   -7,  -11,   -9,   -9,   -6,    0,    0,    0,    0,    0,    0,    0,    0,   -5,   -5,   -5,   -5,   -7,    0,    0,
       0,    0,   -4,    0,    0,    0,  -46,    0,  -11,    0,    0,    0,    0,    0,    0,    0,    0,    0,  -19,    0,   -8,  -29,   -8,   -2,    0,    0,   -4,   -9,   -4,   -9,    0,    0,    0,  -16,    2,   -2,    2,    0,    0,  -13,   -2,   -2,   -2,   -7,    0,   -8,    0,    0,    0,    0,    0,    0,    0,   -8,    0,    0,    4,    7,  -16,    2,    0,
       0,    0,   -3,    0,    0,    0,    0,    0,    0,    0,    0,    0,    0,    0,    0,    0,    0,    0,    0,    0,    0,   -2,    0,    0,    0,    0,  -18,   -9,  -17,    0,    0,    0,    0,    2,   -2,    0,   -2,    0,    0,   -2,    0,   -2,   -8,   -7,   -6,   -3,    0,    0,    0,    0,    0,    0,    0,    0,    0,    0,    0,    0,    2,   -2,    0,
       0,    0,   -7,    0,    0,    0,    0,    0,   -5,    0,    0,    0,    0,    0,    0,    0,    0,    0,   -1,    0,    0,   -9,    0,    0,   -7,   -1,  -10,  -13,   -8,   -5,    0,    0,    0,   -3,    3,    0,    3,    0,    0,   -2,    0,    0,   -7,  -10,   -7,    0,    0,    0,    0,    0,    0,    0,    0,    0,    0,    0,    3,    6,   -3,    3,    0,
       0,    0,    0,    0,    0,    0,   -9,    0,    0,    0,    0,    0,    0,    0,    0,    0,    0,    0,   -7,    0,    0,  -15,   -1,    0,    0,    0,   -4,  -12,   -4,   -8,    0,    0,    0,   -5,    4,   -1,    4,   -1,   -1,   -7,   -4,   -5,   -9,  -12,   -8,   -7,    0,    0,    0,    0,    0,    0,    0,   -1,   -1,   -1,    4,    8,   -5,    4,    0,
      -5,   -6,   -6,    0,    0,    0,   -9,  -33,    1,    0,    0,    0,    0,    0,    0,    0,    0,    0,   -8,   -5,  -21,   -6,  -10,   -2,  -13,  -13,   -8,   -8,   -9,   -9,    0,    0,    0,   -9,    0,   -2,    0,   -6,   -6,  -11,  -10,  -11,  -15,    0,  -11,   -2,    0,    0,    0,    0,    0,    0,    0,  -10,   -6,   -6,   -8,   -3,   -9,    0,    0,
       0,    0,  -13,    0,    0,    0,    0,    0,    0,    0,    0,    0,    0,    0,    0,    0,    0,    0,   -6,    0,  -10,   -2,    0,   -2,  -27,  -15,  -34,   -4,  -35,   -2,    0,    0,    0,   -2,    0,    0,    0,   -3,   -3,   -3,   -9,   -6,  -16,   -2,  -19,    0,    0,    0,    0,    0,    0,    0,    0,    0,   -3,   -3,   -3,   -3,   -2,    0,    0,
       0,    3,   -2,    0,    0,    0,  -59,  -10,  -12,    0,    0,    0,    0,    0,    0,    0,    0,    0,   -4,   -5,   -2,  -19,   -7,   -3,   -2,   -5,  -12,  -16,  -16,   -9,    0,   -3,    0,   -3,   -2,   -1,   -2,   -2,   -2,   -2,   -2,   -2,    1,   -4,    0,   -6,    0,   -4,    0,    0,    0,    0,    0,   -7,   -2,   -2,   -2,   -2,   -3,   -2,    0,
       0,  -13,   -2,    0,   27,    0,  -15,    0,   34,    0,    0,    0,  -17,    0,    0,    0,    0,    0,    0,   -3,    0,   -7,    0,   31,   -7,    0,  -18,  -21,  -15,  -10,    0,   26,   38,   -1,   -2,    4,   -2,    0,    0,   -2,   -1,   -2,   -6,   -6,    0,    0,   11,   24,    0,    0,    0,    0,    0,    0,    0,    0,    0,    0,    6,   25,    0,
       0,    0,    0,    0,    0,    0,    0,    0,    0,    0,    0,    0,    0,    0,    0,    0,    0,    0,    0,    0,   -6,   -2,   -4,    0,  -13,   -7,  -21,   -6,  -22,   -2,    0,    0,    0,   -7,    0,   -1,    0,   -2,   -2,    0,   -5,   -5,   -8,   -3,   -8,    0,    0,    0,    0,    0,    0,    0,    0,   -4,   -2,   -2,   -2,   -2,   -7,    0,    0,
       0,    3,   -9,    0,    0,    0,  -32,  -29,  -12,    0,    0,    0,    0,    0,    0,    0,    0,    0,  -12,   -2,   -8,  -30,   -7,   -3,   -3,   -2,   -3,  -12,   -4,  -10,    0,    0,    0,  -16,    1,   -3,    1,   -4,   -4,  -17,   -2,   -4,   -1,   -9,    2,  -11,    0,    0,    0,    0,    0,    0,    0,   -7,   -4,   -4,    2,    1,  -16,    1,    0,
      -6,   -1,  -17,    0,    0,    0,  -51,  -20,  -18,    0,    0,    0,  -12,    0,    0,    0,    0,    0,  -21,    0,  -36,  -26,  -11,   -3,   -2,   -1,    3,   -7,    3,  -11,    0,    0,    0,  -21,    2,   -8,    2,  -16,  -16,  -24,  -12,  -16,  -11,  -26,  -18,  -26,    0,   -2,    0,    0,    0,    0,    0,  -11,  -16,  -25,  -10,   -5,  -21,    2,    0,
       0,    0,  -13,    0,    0,    0,  -44,    0,    0,    0,    0,    0,  -11,    0,   -5,    0,   -2,    0,  -22,    0,  -15,  -26,   -7,   -4,   -3,   -1,    3,   -6,    3,   -7,    0,    0,    0,  -24,    8,   -2,    4,  -11,  -11,  -21,   -9,  -14,  -17,  -22,  -14,  -17,    0,    0,    0,    0,    0,    0,    0,   -7,  -11,  -19,   -3,    0,  -24,    4,    0,
       0,    0,   -9,    0,    0,    0,    0,    0,    0,    0,    0,    0,    0,    0,    0,    0,    0,    0,    0,    0,   -8,   -8,   -6,    0,  -10,   -6,   -8,  -11,   -8,    0,    0,    0,    0,   -2,    0,    0,    0,   -5,   -5,   -4,   -8,   -7,   -9,   -5,  -11,    0,    0,    0,    0,    0,    0,    0,    0,   -6,   -5,   -5,   -5,   -3,   -2,    0,    0,
       0,    0,    0,    0,    0,    0,    0,    0,   27,    0,    0,    0,    0,    0,    0,    0,    0,    0,    0,    0,    0,   11,    0,   62,  -19,    0,    3,    0,    3,    0,   20,    0,    8,    0,   12,   37,   12,    0,    0,    0,    0,    0,    0,    0,    0,    0,    0,    0,    0,    0,    0,    0,    0,    0,    0,    0,    0,    0,    0,   12,    0,
       0,    0,    0,    0,   11,    0,    0,    0,   16,    0,    0,    0,    0,    0,    0,    0,    0,    0,    0,    0,    0,    0,    0,   27,    0,    0,    0,    0,    0,    0,    0,   11,   11,    0,    0,    0,    0,    0,    0,    0,    0,    0,    0,    0,    0,    0,    0,    6,    0,    0,    0,    0,    0,    0,    0,    0,    0,    0,    0,    0,    0,
       0,    0,    0,    0,   11,    0,    0,    0,   13,    0,    0,    0,    0,    0,    0,    0,    0,    0,    0,    0,    0,    0,    0,   22,    0,    0,    0,    0,    0,    0,    0,   10,    0,    0,    0,   22,    0,    0,    0,    0,    0,    0,    0,    0,    0,    0,    0,    8,    0,    0,    0,    0,    0,    0,    0,    0,    0,    0,    0,    0,    0,
      -2,  -24,    0,    0,    0,    0,    3,    0,    3,    0,    0,    0,    0,    0,    0,    0,    0,    0,    0,   -6,    0,    0,    0,    0,    0,    0,    0,    0,    0,    0,    0,    0,    0,    0,    0,    0,    0,    0,    0,    0,    0,    0,  -11,   -2,  -11,    0,    0,    0,    0,    0,    0,    0,    0,    0,    0,    0,    0,    0,    0,    0,    0,
       0,  -18,    0,    0,    0,    0,  -10,    0,    2,    0,    0,    0,    0,    0,    0,    0,    0,    0,    0,   -3,   -1,    0,    0,    0,    0,    0,    0,    0,    0,    0,    0,    0,    0,    4,    0,    0,    0,    0,    0,    0,    0,    0,  -10,   -9,  -10,    0,    0,    0,    0,    0,    0,    0,    0,    0,    0,    0,    0,    0,    4,    0,    0,
       0,   -2,    0,    0,    0,    0,    0,   -9,    0,    0,    0,    0,    0,    0,    0,    0,    0,    0,    0,   -6,    0,    0,    0,    0,    0,    0,    0,    0,    0,    0,    0,    0,    0,   -7,   -6,   -1,   -6,   -5,   -5,    0,    0,   -5,   -6,   -9,   -3,    0,    0,    0,    0,    0,    0,    0,    0,    0,   -5,   -5,   -5,   -5,   -7,   -6,    0,
       0,  -18,    0,    0,    0,    0,    0,   -3,   11,    0,    0,    0,    0,    0,    0,    0,    0,    0,    0,    0,   -2,    0,    0,    0,    0,    0,    0,    0,    0,    0,    0,   11,    0,    0,    3,    3,    3,    0,    0,    0,    0,    0,   -7,   -4,   -6,    0,    0,    0,    0,    0,    0,    0,    0,    0,    0,    0,    6,    0,    0,    3,    0,
       0,    0,    0,    0,    0,    0,    0,    0,    0,    0,    0,    0,    0,    0,    0,    0,    0,    0,    0,    0,    0,    0,    0,    0,    0,    0,    0,    0,    0,    0,    0,    0,    0,    0,    0,    0,    0,    0,    0,    0,    0,    0,   -6,  -12,   -8,    0,    0,    0,    0,    0,    0,    0,    0,    0,    0,    0,    0,    0,    0,    0,    0,
      15,   18,    0,    0,   46,   10,   -8,   -9,    0,    0,    0,    0,    0,    0,    0,    0,    0,    0,   -3,   14,    0,    0,    0,    0,    0,    0,    0,    0,    0,    0,    9,   58,    0,   -3,   19,    6,   19,    3,    3,    0,    4,    3,    5,   -5,    5,    0,    0,    0,    0,    0,    0,    0,    0,    0,   12,    6,   14,   24,   -3,   19,    0,
       0,    0,    0,    0,    0,    0,    0,    0,    6,    0,    0,    0,    0,    0,    0,    0,    0,    0,    0,    0,    0,    0,    0,    0,    0,    0,    0,    0,    0,    0,    0,    0,    0,    0,    0,   11,    0,    0,    0,    0,    0,    0,   -6,   -8,   -5,   -6,    0,    0,    0,    0,    0,    0,    0,    0,    0,    0,    0,    0,    0,    0,    0,
      -2,   -8,    0,    0,    0,    0,   -5,  -22,    4,    0,    0,    0,    0,    0,    0,    0,    0,    0,   -5,   -7,   -6,    0,    0,    0,    0,    0,    0,    0,    0,    0,    0,    0,    0,   -9,   -3,   -2,   -3,   -7,   -7,   -7,   -3,   -5,   -1,   -1,   -1,   -6,    0,    0,    0,    0,    0,    0,    0,    0,   -7,   -7,   -7,   -7,   -9,   -3,    0,
       0,    0,    0,    0,    0,    0,    0,    0,    0,    0,    0,    0,    0,    0,    0,    0,    0,    0,    0,    0,    0,    0,    0,    0,    0,    0,    0,    0,    0,    0,    0,    0,   16,    0,    0,   25,    0,    3,   11,    0,    0,    0,  -12,  -10,    0,    0,    0,    0,    0,    0,    0,    0,    0,    0,    3,    3,    3,    3,    0,   11,    0,
      -1,    0,    0,    0,   -1,    0,  -30,    0,  -10,    0,    0,    0,    0,    0,    0,    0,    0,    0,    0,   -1,    0,    0,    0,    0,    0,    0,    0,    0,    0,    0,    0,   -6,    0,   -3,   -4,    3,   -4,    3,    3,   -4,    0,    1,    5,   -2,    7,    0,    0,   -8,    0,    0,    0,    0,    0,    0,    3,    3,    3,    3,   -3,   -4,    0,
       0,    0,    0,    0,    0,    0,   -4,    0,    0,    0,    0,    0,    0,    0,    0,    0,    0,    0,    0,    0,    0,    0,    0,    0,    0,    0,    0,    0,    0,    0,    0,    0,    0,    0,    0,    0,    0,    0,    0,    0,    0,    0,  -16,  -10,   -6,    0,    0,    0,    0,    0,    0,    0,    0,    0,    0,    0,    0,    0,    0,    0,    0,
       0,   -3,    0,    0,    0,    0,    0,    0,    0,    0,    0,    0,    0,    0,    0,    0,    0,    0,    0,    0,    0,    0,    0,    0,    0,    0,    0,    0,    0,    0,    0,    0,    0,   -9,   -2,   -1,   -2,    0,    0,   -4,    0,    0,   -4,   -2,   -1,    0,    0,    0,    0,    0,    0,    0,    0,    0,    0,    0,    0,    0,   -9,   -2,    0,
       0,    0,    0,    0,    0,    0,    0,    0,    9,    0,    0,    0,    0,    0,    0,    0,    0,    0,    0,    0,    0,    0,    0,    0,    0,    0,    0,    0,    0,    0,    0,    0,    0,   -1,    0,    0,    0,    0,    0,    0,    0,    0,   -8,   -1,   -9,   -5,    0,    0,    0,    0,    0,    0,    0,    0,    0,    0,    0,    0,   -1,    0,    0,
       0,    0,    0,    0,    0,    0,  -28,   -7,    0,    0,    0,    0,    0,    0,    0,    0,    0,    0,   -5,    0,   -3,    0,    0,    0,    0,    0,    0,    0,    0,    0,    0,    0,    0,   -6,    0,    4,    0,    2,    2,   -7,    6,    5,    8,   -1,    7,   -4,    0,    0,    0,    0,    0,    0,    0,    0,    2,    2,    2,    2,   -6,    0,    0,
       0,    0,    0,    0,    0,    0,    0,    0,    0,    0,    0,    0,    0,    0,    0,    0,    0,    0,    0,    0,    0,    0,    0,    0,    0,    0,    0,    0,    0,    0,    0,    0,    0,    0,   -3,    0,   -3,    0,    0,   -4,    0,    0,   -7,   -7,   -6,    0,    0,    0,    0,    0,    0,    0,    0,    0,    0,    0,    0,    0,    0,   -3,    0,
       0,    0,    0,    0,    0,    0,    0,    0,   11,    0,    0,    0,    0,    0,    0,    0,    0,    0,    0,    0,    0,    3,    0,   19,   -2,    0,    0,    0,    0,    0,    6,    0,   11,    0,    8,   16,    8,    0,    0,    0,    0,    0,    0,    0,    0,    0,    0,    0,    0,    0,    0,    0,    0,    0,    0,    0,    0,    0,    0,    8,    0,
       0,    0,    0,    0,    0,    0,    0,    0,    0,    0,    0,    0,    0,    0,    0,    0,    0,    0,    0,    0,    0,   -6,    0,    0,    0,    0,    0,    0,    0,    0,    0,    0,    0,    0,    0,    0,    0,    0,    0,    0,    0,    0,    0,    0,    0,    0,    0,    0,    0,    0,    0,    0,    0,    0,    0,    0,    0,    0,    0,    0,    0,
       0,    0,    0,    0,    0,    0,    0,    0,    0,    0,    0,   -2,    0,    0,    0,    0,   -2,    0,    0,    0,    0,    0,    0,    0,    0,    0,    0,    0,    0,    0,    0,    0,    0,    0,    0,    0,    0,    0,    0,    0,    0,    0,    0,    0,    0,    0,    0,    0,    0,    0,    0,    0,    0,    0,    0,    0,    0,    0,    0,    0,    0,
       0,    0,    0,    0,    0,    0,    0,  -12,    0,    0,    0,    0,    0,    0,    0,    0,    0,    0,    0,    0,    0,    0,    0,    0,    0,    0,    0,    0,    0,    0,    0,    0,    0,    0,    0,    0,    0,    0,    0,    0,    0,    0,    0,    0,    0,    0,    0,    0,    0,    0,    0,    0,    0,    0,    0,    0,    0,    0,    0,    0,    0,
       0,    0,    0,    0,    0,    0,    0,    0,    0,    0,    0,    0,    0,    0,    0,    0,    0,    0,    0,    0,    0,    0,    0,    0,    0,    0,    0,    0,    0,    0,    0,    0,    0,    0,    0,    0,    0,    0,    0,    0,    0,    0,    0,    0,    0,    0,    0,    0,    0,    0,    0,    0,    0,    0,    0,    0,    0,    0,    0,    0,   -6,
       0,    0,    0,    0,    0,    0,   -9,    0,    0,    0,    0,    0,    0,    0,    0,    0,    0,    0,    0,    0,    0,    0,    0,    0,    0,    0,    0,    0,    0,    0,    0,    0,    0,    0,    0,    0,    0,    0,    0,    0,    0,    0,    0,    0,    0,    0,    0,    0,    0,    0,    0,    0,    0,    0,    0,    0,    0,    0,    0,    0,    0,
       0,    0,   -7,    0,    0,    0,    0,    0,   -5,    0,    0,    0,    0,    0,    0,    0,    0,    0,   -1,    0,    0,   -9,    0,    6,   -7,   -1,  -10,  -13,   -8,   -5,   11,    0,    0,   -3,    3,    0,    3,    0,    0,   -2,    0,    0,   -7,  -10,   -7,    0,    0,    0,    0,    0,    0,    0,    0,   12,    0,    0,    3,    6,   -3,    3,    0,
       0,    0,    0,    0,    0,    0,    0,    0,    0,    0,    0,    0,    0,    0,    0,    0,    0,    0,    0,    0,    0,    0,    0,    0,    0,    0,    0,    0,    0,    0,    0,    0,    0,   -1,   -3,   -4,   -3,   -4,   -4,   -1,   -4,    0,  -12,   -8,  -10,   -5,    0,    0,    0,    0,    0,    0,    0,    0,   -4,   -4,   -4,   -4,   -1,   -3,    0,
       0,   -2,    0,    0,    0,    0,    0,   -9,    0,    0,    0,    0,    0,    0,    0,    0,    0,    0,    0,   -6,    0,    0,    0,    0,    0,    0,    0,    0,    0,    0,    0,    0,    0,   -7,   -6,    4,   -6,   -5,   -5,    0,    0,   -5,   -6,   -9,   -3,    0,    0,    0,    0,    0,    0,    0,    0,    0,   -5,   -5,   -5,   -5,   -7,   -6,    0,
       0,  -18,    0,    0,    0,    0,    0,   -3,   11,    0,    0,    0,    0,    0,    0,    0,    0,    0,    0,    0,   -2,    0,    0,    0,    0,    0,    0,    0,    0,    0,    0,   11,    0,    0,    3,    3,    3,    0,    0,    0,    0,    0,   -7,   -4,   -6,    0,    0,    0,    0,    0,    0,    0,    0,    0,    0,    0,    7,   10,    0,    3,    0,
       0,  -18,    0,    0,    0,    0,    0,   -3,   11,    0,    0,    0,    0,    0,    0,    0,    0,    0,    0,    0,   -2,    0,    0,    0,    0,    0,    0,    0,    0,    0,    0,   11,    0,    0,   15,    3,   15,    0,    0,    0,    0,    0,   -7,   -4,   -6,    0,    0,    0,    0,    0,    0,    0,    0,    0,    6,    0,    6,   18,    0,   15,    0,
       0,  -18,    0,    0,    0,    0,    0,   -3,   11,    0,    0,    0,    0,    0,    0,    0,    0,    0,    0,    0,   -2,    0,    0,    0,    0,    0,    0,    0,    0,    0,    0,   11,    0,    0,   10,    3,   10,    0,    0,    0,    0,    0,   -7,   -4,   -6,    0,    0,    0,    0,    0,    0,    0,    0,    0,    0,    0,    7,   11,    0,   10,    0,
       0,  -18,    0,    0,    0,    0,    0,   -3,   11,    0,    0,    0,    0,    0,    0,    0,    0,    0,    0,    0,   -2,    0,    0,    0,    0,    0,    0,    0,    0,    0,    0,   11,    0,    0,   14,    3,   14,    0,    0,    0,    0,    0,   -7,   -4,   -6,    0,    0,    0,    0,    0,    0,    0,    0,    0,    6,    1,   14,   18,    0,   14,    0,
      -6,   -1,  -17,    0,    0,    0,  -51,  -20,  -18,    0,    0,    0,  -12,    0,    0,    0,    0,    0,  -21,    0,  -16,  -26,  -11,   -3,   -2,   -1,    3,   -7,    3,  -11,    0,    0,    0,  -21,    2,   -8,    2,  -16,  -16,  -24,  -12,  -16,  -11,  -26,  -18,  -26,    0,   -2,    0,    0,    0,    0,    0,  -11,  -16,  -25,  -10,   -5,  -21,    2,    0,
       0,    0,    0,    0,    0,    0,    0,    0,    0,    0,    0,    0,    0,    0,    0,    0,    0,    0,    0,    0,    0,    0,    0,    0,    0,    0,    0,    0,    0,    0,    0,    0,    0,    0,    0,   -1,    0,    0,    0,    0,    0,    0,  -10,   -4,   -7,    0,    0,    0,    0,    0,    0,    0,    0,    0,    0,    0,    0,    0,    0,    0,    0,
};

static const EpdLigaturePair bitter_12_bolditalicLigaturePairs[] = {
    { 0x00660069, 0xFB01 }, // f i -> U+FB01
    { 0x0066006C, 0xFB02 }, // f l -> U+FB02
};

static constexpr EpdFontData bitter_12_bolditalic = {
    bitter_12_bolditalicBitmaps,
    bitter_12_bolditalicGlyphs,
    bitter_12_bolditalicIntervals,
    32,
    30,
    24,
    -7,
    true,
    bitter_12_bolditalicGroups,
    8,
    nullptr,
    bitter_12_bolditalicKernLeftClasses,
    bitter_12_bolditalicKernRightClasses,
    bitter_12_bolditalicKernMatrix,
    189,
    191,
    71,
    61,
    bitter_12_bolditalicLigaturePairs,
    2,
};
