/**
 * generated by fontconvert.py
 * name: bitter_12_italic
 * size: 12
 * mode: 2-bit  compressed: true
 * Command used: fontconvert.py bitter_12_italic 12 ../builtinFonts/source/Bitter/Bitter-Italic.ttf ../builtinFonts/source/NotoEmoji/NotoEmoji-Regular.ttf ../builtinFonts/source/NotoSymbols/NotoSansSymbols-Regular.ttf --exact-intervals --additional-intervals 0x0020,0x007E --additional-intervals 0x00A0,0x00FF --additional-intervals 0x2000,0x206F --additional-intervals 0x20A0,0x20CF --additional-intervals 0x2190,0x21FF --additional-intervals 0xFB00,0xFB06 --additional-intervals 0xFFFD,0xFFFD --additional-intervals 0x2669,0x266F --additional-intervals 0x2764,0x2764 --additional-intervals 0x1F600,0x1F600 --additional-intervals 0x1F44D,0x1F44D --font-include-intervals 1:0x2764,0x2764 --font-include-intervals 1:0x1F600,0x1F600 --font-include-intervals 1:0x1F44D,0x1F44D --font-include-intervals 2:0x2669,0x266F --2bit --compress --pnum --darken-aa
 */
#pragma once
#include "EpdFontData.h"

static const uint8_t bitter_12_italicBitmaps[8655] = {
    0xA5, 0x58, 0xBF, 0x8F, 0xDC, 0xC6, 0x15, 0x7E, 0x24, 0xAD, 0x23, 0x20, 0x22, 0x19, 0x17, 0x12,
    0x92, 0xC8, 0x88, 0xE8, 0xC2, 0x85, 0xA1, 0xD8, 0xC7, 0x26, 0x85, 0x8B, 0xDD, 0x25, 0x81, 0x94,
    0x29, 0xAC, 0x42, 0x97, 0x14, 0x2E, 0xE2, 0x22, 0x95, 0x9B, 0x4D, 0xE1, 0xE2, 0x12, 0xEC, 0x1E,
    0x69, 0xFB, 0x0F, 0xF0, 0x15, 0x41, 0x8A, 0xA4, 0xB9, 0xC2, 0x40, 0xE4, 0x15, 0x02, 0xB9, 0xB8,
    0xE2, 0x80, 0xAC, 0x8E, 0x13, 0xAB, 0x54, 0x21, 0x36, 0x46, 0x8A, 0x00, 0x31, 0xED, 0x58, 0x01,
    0xA2, 0xC6, 0xB4, 0xC5, 0x20, 0xD4, 0x89, 0x4B, 0xE6, 0xFB, 0x66, 0xB8, 0x77, 0x7B, 0x82, 0x6D,
    0xC0, 0x09, 0x97, 0x33, 0xBB, 0x4B, 0x72, 0xDE, 0xBC, 0x1F, 0xDF, 0xFB, 0x45, 0xE7, 0xC0, 0xAB,
    0xBC, 0x12, 0x9F, 0xC2, 0xD7, 0x81, 0x0E, 0xB2, 0x20, 0x53, 0x89, 0x12, 0x25, 0xCF, 0x08, 0x8F,
    0xB1, 0xA4, 0x32, 0xC7, 0xF7, 0xA5, 0x4B, 0xCB, 0xD9, 0xD1, 0xF2, 0xF0, 0xA8, 0x3A, 0xAC, 0x70,
    0xE0, 0xC2, 0x56, 0xF2, 0xBA, 0xA8, 0xA4, 0xC2, 0x83, 0x95, 0x6C, 0xBB, 0xA5, 0x8C, 0xBD, 0x22,
    0xE8, 0xFB, 0x6E, 0xAB, 0xBB, 0xFD, 0x2F, 0x39, 0x52, 0x89, 0x54, 0x4A, 0xA4, 0x0A, 0xC5, 0x2D,
    0xB7, 0xE5, 0x7B, 0x0F, 0xF6, 0x92, 0xBC, 0xEF, 0xCB, 0xE7, 0x3E, 0xBA, 0x93, 0xA8, 0xAC, 0x36,
    0x4B, 0x42, 0xC7, 0x2E, 0x13, 0xC1, 0x70, 0x30, 0xDC, 0x42, 0xC4, 0xFF, 0x4C, 0x24, 0xEF, 0xB5,
    0xD7, 0xDD, 0xD6, 0x41, 0xE1, 0x69, 0xA5, 0x31, 0x32, 0x37, 0x51, 0x5A, 0x44, 0x35, 0x22, 0x5E,
    0x8F, 0xE7, 0xF2, 0x16, 0xCF, 0xF6, 0x58, 0x17, 0xCB, 0xF3, 0x12, 0xC9, 0x9B, 0x18, 0x87, 0x32,
    0x91, 0xC6, 0x69, 0xA5, 0xEF, 0x2B, 0x89, 0xFA, 0x44, 0x70, 0x41, 0xE4, 0x03, 0x0C, 0xF2, 0x79,
    0x1D, 0x8F, 0x37, 0x12, 0x24, 0xAA, 0x97, 0x50, 0xC6, 0x41, 0x36, 0x92, 0x5D, 0x1F, 0x3C, 0x1C,
    0xFA, 0xEF, 0x14, 0x52, 0x05, 0x3F, 0xCD, 0xA4, 0x56, 0xA1, 0xC8, 0x7C, 0x6F, 0x24, 0x12, 0xD5,
    0x35, 0x78, 0xF9, 0xC9, 0x27, 0x2B, 0x91, 0xE0, 0x3E, 0xE8, 0x84, 0xDB, 0x9E, 0x96, 0xD1, 0x08,
    0x53, 0xBD, 0xEB, 0x69, 0xB7, 0xC4, 0xE4, 0xEB, 0x5D, 0x90, 0x92, 0xF1, 0x14, 0x8A, 0x09, 0x1B,
    0xB9, 0x24, 0x0E, 0xB6, 0xBB, 0xD8, 0x25, 0x60, 0xBB, 0x72, 0x57, 0x3F, 0x2F, 0xFD, 0xD2, 0x2D,
    0x02, 0xED, 0x42, 0x91, 0x90, 0x06, 0x12, 0x79, 0x8F, 0x77, 0x6E, 0xE0, 0xDE, 0xCA, 0xEB, 0xFB,
    0x5A, 0x69, 0xBF, 0x88, 0xC5, 0xD7, 0x13, 0x09, 0xF4, 0x5C, 0x94, 0xDE, 0x93, 0x30, 0x89, 0x93,
    0x14, 0x2C, 0xB7, 0x12, 0x50, 0xB4, 0x4B, 0x38, 0x97, 0x47, 0x87, 0x46, 0xBF, 0x5E, 0x82, 0x27,
    0x20, 0x9B, 0xCC, 0x44, 0x1A, 0x71, 0x2B, 0xF1, 0x4A, 0x2C, 0x13, 0x95, 0x61, 0x11, 0x2F, 0xC7,
    0x02, 0xA1, 0xC1, 0x04, 0xCF, 0x91, 0x39, 0xED, 0x6F, 0x5C, 0xC4, 0x5D, 0xE8, 0x1E, 0x4F, 0xFA,
    0x5A, 0xC0, 0x3B, 0x8F, 0xE7, 0x49, 0x84, 0xA4, 0xEC, 0x6D, 0x08, 0x0C, 0x0B, 0xF1, 0xCC, 0x36,
    0xCE, 0x84, 0xD7, 0x2D, 0x69, 0x10, 0x5A, 0x9E, 0xDB, 0x37, 0x34, 0x4B, 0x77, 0x65, 0x7D, 0x54,
    0xB4, 0xDB, 0x2B, 0x7F, 0x4B, 0xD2, 0x3C, 0xC1, 0x03, 0xEA, 0x03, 0x19, 0x8F, 0xE4, 0xC5, 0x17,
    0xEC, 0xC6, 0xE6, 0xBC, 0x2A, 0xB2, 0x2D, 0x69, 0xDF, 0xC1, 0xEE, 0x03, 0x7F, 0x58, 0x7C, 0x64,
    0x4C, 0x73, 0x1D, 0xF7, 0xA3, 0x2C, 0x4A, 0x60, 0x0E, 0xFC, 0x3D, 0x90, 0xCB, 0x3B, 0x69, 0x9F,
    0x76, 0xE3, 0xE3, 0xB9, 0x25, 0xFD, 0x5D, 0x91, 0x97, 0xCC, 0x82, 0x43, 0x6E, 0x03, 0x68, 0x40,
    0x06, 0x3F, 0x1B, 0xC8, 0xBE, 0xBC, 0x26, 0xB5, 0xBE, 0x83, 0x33, 0x48, 0x86, 0x0D, 0x47, 0xA7,
    0x1C, 0x3E, 0x07, 0x20, 0x61, 0x63, 0xFF, 0xF1, 0x54, 0xAB, 0x22, 0x28, 0x22, 0x30, 0x19, 0x43,
    0x92, 0x39, 0xC6, 0xD2, 0x8E, 0x62, 0x09, 0xB1, 0x96, 0xD0, 0xF1, 0x5C, 0xA2, 0x24, 0x96, 0x63,
    0x09, 0xFB, 0x46, 0xFC, 0xBE, 0x30, 0x56, 0xA0, 0x8E, 0xFB, 0x24, 0xE8, 0x25, 0x9E, 0xCA, 0xF7,
    0xAD, 0xA6, 0xAD, 0xB2, 0x67, 0x46, 0x2F, 0x2D, 0xCF, 0xA8, 0xCF, 0x00, 0x55, 0x99, 0x7E, 0x06,
    0xDB, 0xF5, 0xA2, 0x1E, 0xE4, 0x19, 0x9C, 0x46, 0x73, 0x5C, 0xA0, 0x36, 0xA9, 0x48, 0x50, 0x25,
    0xF6, 0x44, 0x11, 0xB6, 0x89, 0xF8, 0xF8, 0x19, 0x63, 0x83, 0x14, 0xCF, 0x53, 0x2D, 0xF2, 0xA3,
    0x06, 0x90, 0xEE, 0x13, 0xEF, 0xC1, 0x54, 0xFB, 0x59, 0xA0, 0xFD, 0x24, 0xD0, 0x0E, 0x95, 0x6D,
    0xD6, 0xE7, 0x38, 0x6B, 0x0B, 0x77, 0xB8, 0xA0, 0xA5, 0x17, 0x0E, 0xDF, 0xB1, 0xBC, 0xE9, 0xAC,
    0x20, 0x60, 0x0D, 0x2E, 0xB4, 0x81, 0xB8, 0x98, 0x75, 0x11, 0x46, 0x8A, 0x81, 0x8B, 0xDE, 0xC7,
    0x00, 0xCB, 0xBB, 0x99, 0x44, 0xA0, 0xB5, 0x0C, 0x13, 0xA7, 0x8A, 0x20, 0x73, 0x04, 0x23, 0xC7,
    0x12, 0xEF, 0xA4, 0xD7, 0x63, 0xF8, 0x0A, 0x87, 0x11, 0x89, 0x32, 0x51, 0x28, 0x8E, 0xC5, 0x22,
    0x03, 0x61, 0xED, 0x74, 0x8B, 0x0C, 0xC6, 0x27, 0x00, 0xC4, 0xE3, 0x80, 0x08, 0xDE, 0x09, 0x64,
    0x80, 0x96, 0xB6, 0x6E, 0x75, 0x86, 0x87, 0xF3, 0xE3, 0x58, 0x5E, 0x70, 0x5B, 0xBA, 0x01, 0x35,
    0x23, 0x72, 0x03, 0x97, 0x9C, 0x1C, 0x66, 0x03, 0x2F, 0xE9, 0x83, 0x0C, 0xDE, 0x69, 0xE8, 0xA8,
    0x41, 0xBA, 0xE8, 0xE2, 0x81, 0xC4, 0x7D, 0x27, 0xF1, 0x83, 0x5C, 0xE0, 0x07, 0xD9, 0xDC, 0x58,
    0x42, 0xE1, 0x3B, 0xCC, 0x26, 0xA0, 0x17, 0x27, 0x1D, 0x96, 0x52, 0x3F, 0xD6, 0x22, 0xD7, 0x16,
    0x0B, 0x3C, 0xDF, 0x27, 0xD4, 0x1D, 0xDD, 0xBD, 0x22, 0xAF, 0x4E, 0x63, 0x89, 0x06, 0x85, 0x25,
    0x4C, 0xD5, 0xEC, 0x59, 0x31, 0x9E, 0xBE, 0x15, 0x0F, 0xB7, 0x2C, 0x3A, 0x1A, 0x83, 0x0E, 0xAF,
    0x89, 0x18, 0xF0, 0x10, 0x62, 0x7C, 0x0C, 0x7C, 0xEB, 0x30, 0x0B, 0xEA, 0x63, 0x44, 0x17, 0xA0,
    0x1E, 0x7B, 0x87, 0x6F, 0x75, 0x42, 0x5E, 0x96, 0xD0, 0x7B, 0x03, 0xE2, 0x2D, 0x7E, 0xDF, 0x91,
    0x15, 0xF8, 0x40, 0x08, 0xA3, 0x8C, 0xD4, 0xFB, 0x73, 0x50, 0x0C, 0xE4, 0xF0, 0x1E, 0xA7, 0x08,
    0x53, 0x86, 0x82, 0x8E, 0xC4, 0xF8, 0xB9, 0x19, 0xC0, 0xB9, 0x56, 0xD0, 0xA7, 0xDB, 0xBF, 0xAB,
    0x0D, 0xAC, 0x0C, 0x27, 0x77, 0xA0, 0x58, 0x30, 0x19, 0x56, 0xA0, 0x95, 0x49, 0x8C, 0x78, 0x73,
    0x01, 0x77, 0x10, 0x78, 0x35, 0x75, 0x73, 0x76, 0x8C, 0xA1, 0x55, 0x7A, 0x85, 0x5B, 0x32, 0x44,
    0x6F, 0xDE, 0xA1, 0x07, 0x85, 0xC6, 0x83, 0x76, 0xE1, 0x41, 0xE6, 0xD8, 0x86, 0x71, 0x00, 0x99,
    0xA0, 0x93, 0xB4, 0x20, 0xF2, 0xE2, 0x1A, 0x92, 0x20, 0x56, 0xD4, 0xE2, 0x00, 0x47, 0xCF, 0x82,
    0x8B, 0x2C, 0xEC, 0xFB, 0x53, 0xFA, 0x46, 0xFB, 0x44, 0xE1, 0x70, 0x04, 0x99, 0x0D, 0xB2, 0x0E,
    0x35, 0x1E, 0x80, 0x25, 0x42, 0x96, 0x28, 0x44, 0x98, 0x73, 0xC9, 0x65, 0x6D, 0x9C, 0xC0, 0x1C,
    0x5B, 0x1D, 0x81, 0xF7, 0x9D, 0xD7, 0x4A, 0xE2, 0x82, 0xFE, 0xAF, 0x61, 0x30, 0x98, 0x98, 0x3F,
    0x8D, 0xA7, 0x02, 0xA8, 0xCF, 0x9C, 0x09, 0x41, 0xFC, 0xAE, 0x97, 0x52, 0x50, 0x17, 0x5B, 0x4B,
    0xF4, 0x30, 0xD7, 0x50, 0x26, 0x04, 0x83, 0x99, 0x9A, 0x40, 0xA7, 0xF5, 0x48, 0x79, 0x27, 0xF5,
    0x28, 0x0A, 0x74, 0x35, 0x1E, 0x23, 0x45, 0x8C, 0x47, 0xDB, 0x98, 0x66, 0x2F, 0xBB, 0xE5, 0x68,
    0x36, 0xF6, 0xCA, 0xD9, 0x6C, 0x1C, 0x14, 0xF5, 0x2C, 0xFA, 0xD3, 0xA7, 0xD5, 0x48, 0x55, 0xBD,
    0x06, 0xD9, 0x1F, 0x18, 0x87, 0x10, 0x55, 0x6C, 0x91, 0x26, 0x45, 0x89, 0x3E, 0xE3, 0x85, 0x8B,
    0x89, 0x58, 0x5F, 0x90, 0x98, 0xD3, 0x9F, 0x39, 0x3D, 0x82, 0x54, 0xEE, 0x3F, 0x88, 0xE2, 0x0F,
    0x09, 0x8B, 0xB7, 0x89, 0x45, 0xA4, 0x20, 0x68, 0xAD, 0x66, 0xE0, 0x68, 0x98, 0x78, 0x0C, 0x2C,
    0x5A, 0xE2, 0xA6, 0x65, 0x5C, 0x61, 0x74, 0x80, 0xFA, 0xD3, 0x12, 0xE2, 0xF7, 0x55, 0x00, 0x23,
    0x2E, 0xDE, 0x87, 0x8E, 0x11, 0xA9, 0x57, 0xAF, 0x35, 0xB8, 0xDB, 0x9A, 0x4F, 0xC3, 0x8F, 0x53,
    0x3B, 0x75, 0x80, 0xE7, 0xFA, 0x04, 0x23, 0xF3, 0xAA, 0x80, 0x06, 0x83, 0xC9, 0xDC, 0xCA, 0x2F,
    0x30, 0x34, 0xAE, 0xE8, 0xB0, 0x98, 0xE2, 0x7E, 0xCF, 0x5D, 0x5C, 0x24, 0x8C, 0x18, 0x3F, 0xFA,
    0xDF, 0x37, 0x5E, 0x2D, 0x35, 0x40, 0x5A, 0x41, 0x6F, 0x07, 0xD1, 0xE0, 0x4A, 0xD4, 0xD5, 0xDC,
    0xC2, 0xC4, 0x8C, 0xF9, 0xA9, 0x9B, 0xB9, 0x12, 0x16, 0x80, 0x18, 0x64, 0x75, 0x00, 0x42, 0xB9,
    0x00, 0x52, 0x8B, 0x05, 0xBD, 0x92, 0xFF, 0xBA, 0x5B, 0x2B, 0xBA, 0x72, 0x4C, 0x07, 0x08, 0x33,
    0xB0, 0x05, 0xF6, 0x39, 0xC1, 0xFC, 0x4A, 0xC3, 0x91, 0xED, 0x04, 0xEE, 0x84, 0xF1, 0x50, 0x18,
    0x10, 0x61, 0x19, 0x64, 0xA9, 0x16, 0x99, 0xC2, 0x43, 0x8E, 0xD4, 0x61, 0x29, 0x53, 0x42, 0xC4,
    0x32, 0xB9, 0x58, 0xDC, 0xF4, 0xA9, 0x8F, 0x6E, 0x71, 0x04, 0xB2, 0xBB, 0x78, 0xEC, 0xC7, 0xD4,
    0x13, 0x07, 0x11, 0x45, 0x8D, 0x73, 0x78, 0x1B, 0x21, 0x02, 0xC4, 0x12, 0xD0, 0x82, 0x53, 0x79,
    0x1A, 0x94, 0x74, 0x0F, 0x6A, 0xA0, 0xF3, 0x9E, 0x4F, 0x8A, 0xDD, 0x82, 0x5A, 0x3B, 0x04, 0x9D,
    0x5F, 0x9D, 0xA7, 0xD3, 0x99, 0xE1, 0xFD, 0xFB, 0xC6, 0x26, 0x1D, 0x66, 0x2F, 0x13, 0xD4, 0xA6,
    0x34, 0x0B, 0xA3, 0x93, 0xDB, 0xEF, 0xC3, 0xAC, 0x3D, 0x84, 0xEC, 0x7F, 0x07, 0xE0, 0x34, 0x30,
    0x5B, 0x50, 0x62, 0x82, 0x98, 0x2F, 0x1A, 0xDF, 0x37, 0x4A, 0xB2, 0x48, 0x9B, 0xCB, 0xC5, 0x05,
    0x74, 0x87, 0xA4, 0x7F, 0x47, 0xDC, 0x1A, 0x7F, 0x21, 0xFA, 0x84, 0x53, 0xCC, 0x3D, 0x22, 0xED,
    0x03, 0xA9, 0x3D, 0x90, 0x6E, 0xA0, 0x48, 0x3D, 0x42, 0xDC, 0xEC, 0xCA, 0xFB, 0x48, 0x00, 0x71,
    0x07, 0x54, 0xE2, 0xF6, 0xD2, 0x6A, 0x26, 0xA0, 0x0E, 0x83, 0x4D, 0x45, 0x1A, 0x99, 0x7A, 0xC6,
    0x6D, 0x54, 0x31, 0x86, 0x9A, 0x18, 0x6D, 0xE2, 0x71, 0x66, 0x77, 0x61, 0x7A, 0x07, 0xE8, 0xA7,
    0x35, 0x61, 0xD3, 0x1A, 0xD8, 0x64, 0x4C, 0x2C, 0xAB, 0x75, 0xEE, 0x68, 0x78, 0x82, 0x16, 0xB8,
    0x61, 0x7E, 0xB5, 0x67, 0xC9, 0xF5, 0x58, 0x8D, 0xB5, 0xD3, 0xDA, 0xC8, 0x0B, 0x01, 0x20, 0x2D,
    0xF4, 0x51, 0x6F, 0x84, 0xE0, 0x41, 0x37, 0xC1, 0xA0, 0x1B, 0xA5, 0xCF, 0x42, 0x2A, 0xF2, 0xF7,
    0x46, 0x82, 0x38, 0x43, 0x12, 0x02, 0x3C, 0xA3, 0x6F, 0x0C, 0x12, 0x71, 0x66, 0xE4, 0x5C, 0xEC,
    0xFB, 0xFD, 0x87, 0x84, 0x31, 0x43, 0xE2, 0xD2, 0xA4, 0x33, 0xD7, 0x3A, 0x21, 0x26, 0x90, 0x71,
    0xEA, 0x09, 0xB5, 0xDD, 0x0E, 0x93, 0x57, 0xDD, 0xE1, 0x14, 0x73, 0xFB, 0x08, 0x60, 0x2B, 0xB0,
    0x23, 0x4A, 0xC5, 0x02, 0x1C, 0x80, 0x2F, 0xC8, 0xD9, 0x91, 0x5F, 0x80, 0x61, 0xB1, 0x6F, 0x33,
    0xE8, 0x6A, 0x23, 0xA5, 0x6C, 0x1A, 0x7A, 0x33, 0x9F, 0x9C, 0x1A, 0xDA, 0x03, 0x60, 0x02, 0x64,
    0x3E, 0x45, 0xE8, 0x01, 0x79, 0xA4, 0x23, 0x72, 0xE5, 0x00, 0xC1, 0x4C, 0xD2, 0x4A, 0x88, 0x46,
    0xF8, 0xA6, 0xC6, 0x26, 0x48, 0x6B, 0x3E, 0xE6, 0x27, 0x85, 0x82, 0x43, 0x3C, 0xAA, 0xA2, 0x99,
    0x38, 0x5F, 0x56, 0xA3, 0x99, 0xB8, 0x5F, 0xD4, 0xF5, 0x12, 0x31, 0xF2, 0xA4, 0x82, 0xDB, 0x16,
    0xB9, 0x46, 0xD6, 0xD0, 0x69, 0x52, 0x63, 0x8E, 0x91, 0x27, 0x7C, 0xFD, 0x7D, 0x87, 0x33, 0xB7,
    0x46, 0x8C, 0xC3, 0x3C, 0x2D, 0x19, 0xD3, 0xE0, 0x31, 0x08, 0xBC, 0xD8, 0xEB, 0x22, 0xAC, 0x2E,
    0x21, 0x64, 0xA0, 0x67, 0xE4, 0xDA, 0x2B, 0xE4, 0x49, 0x09, 0xEF, 0x7F, 0x54, 0x61, 0xFA, 0xB2,
    0xF6, 0xB5, 0x53, 0xB5, 0x3E, 0x3C, 0x67, 0x19, 0x64, 0x6E, 0x39, 0x81, 0xFB, 0x14, 0xB1, 0x4A,
    0xBC, 0x22, 0x7C, 0x15, 0xF4, 0xD5, 0x7D, 0x2A, 0xE2, 0x73, 0xBA, 0x4F, 0x07, 0xE2, 0x98, 0xA6,
    0x25, 0x13, 0x73, 0x4D, 0xD1, 0xE9, 0xE4, 0x30, 0x20, 0x04, 0xED, 0xFF, 0xD0, 0x12, 0xAE, 0xC7,
    0x84, 0x6B, 0x6C, 0xCB, 0xBA, 0x88, 0x45, 0x1C, 0x34, 0x1A, 0x25, 0xA6, 0x22, 0xDB, 0x13, 0x93,
    0x5B, 0xEC, 0xB4, 0x47, 0x87, 0x6F, 0xF1, 0x85, 0x24, 0x36, 0xC0, 0x35, 0x2A, 0x08, 0xD7, 0x04,
    0xF6, 0x68, 0x4E, 0xE1, 0x3A, 0xC4, 0xA2, 0xEE, 0x56, 0x2D, 0x4B, 0x3C, 0x69, 0x63, 0x51, 0x6B,
    0xA3, 0x91, 0x5B, 0xBB, 0x55, 0x50, 0xB9, 0x27, 0x10, 0x87, 0x9E, 0x75, 0xB2, 0xFF, 0x0D, 0x5E,
    0xF5, 0x2D, 0xD8, 0x9C, 0x9F, 0xB2, 0xB9, 0x3C, 0x65, 0x73, 0xB2, 0xC1, 0x66, 0x78, 0x8E, 0x4D,
    0xDF, 0x64, 0xAC, 0x95, 0x30, 0xE9, 0x7D, 0xCE, 0x6D, 0x4D, 0xF2, 0xB9, 0xC9, 0xC0, 0xB2, 0x66,
    0x7D, 0x33, 0x8C, 0x0E, 0xAC, 0x7B, 0x95, 0xFB, 0xF8, 0x76, 0x61, 0x02, 0xC2, 0x09, 0x63, 0xF1,
    0x84, 0xA8, 0x23, 0xE8, 0x98, 0xA5, 0x4D, 0xBE, 0x9E, 0x22, 0x68, 0xF6, 0x2D, 0x38, 0xDD, 0x02,
    0xEB, 0x69, 0x5F, 0x39, 0xDD, 0xCF, 0x98, 0x44, 0x2A, 0xAF, 0x70, 0x4A, 0x06, 0x20, 0x83, 0x2D,
    0xBA, 0x35, 0x83, 0x62, 0xD4, 0x31, 0xA5, 0x25, 0x36, 0x1F, 0x28, 0xFD, 0x12, 0x06, 0x22, 0x46,
    0xC6, 0xB6, 0x26, 0xEE, 0x59, 0xC5, 0xD9, 0xBA, 0xFB, 0x0A, 0x82, 0x14, 0xB2, 0x61, 0x3D, 0xB9,
    0xFD, 0x10, 0x79, 0x48, 0x57, 0x6F, 0xAA, 0xAC, 0x32, 0x5E, 0xC5, 0x94, 0x1D, 0x7D, 0x85, 0x57,
    0xCD, 0xE5, 0x5C, 0xE9, 0x44, 0xD9, 0x42, 0x94, 0x3A, 0x6F, 0xDC, 0x84, 0x7F, 0xF5, 0x0D, 0xBC,
    0x3E, 0x64, 0x76, 0x03, 0x85, 0x96, 0x24, 0x58, 0x3E, 0x98, 0x09, 0x7E, 0x10, 0xDB, 0x30, 0x64,
    0x02, 0x12, 0x58, 0x1D, 0xD3, 0x34, 0x33, 0x4E, 0x26, 0xE2, 0x98, 0xA4, 0xB3, 0xE4, 0xC2, 0x94,
    0x69, 0x33, 0x66, 0xB8, 0x33, 0xCD, 0x81, 0xA9, 0x4B, 0xAF, 0xBD, 0xEF, 0x2C, 0xF6, 0xD3, 0x0E,
    0x8D, 0x10, 0x6A, 0xCA, 0x3D, 0x6A, 0xD8, 0xAC, 0x04, 0xE2, 0x2B, 0x87, 0x71, 0x84, 0xE9, 0xB8,
    0x32, 0x58, 0x07, 0x01, 0xA7, 0x0E, 0xC5, 0xFA, 0xB2, 0x34, 0x64, 0xB5, 0xA5, 0x51, 0x56, 0xEC,
    0x89, 0x72, 0xD2, 0xCB, 0x99, 0x16, 0xD3, 0x6C, 0x1D, 0x36, 0x79, 0x5C, 0xBB, 0x29, 0x07, 0xCE,
    0x22, 0x4B, 0x5B, 0xA7, 0xF1, 0x7A, 0x54, 0xCE, 0xD0, 0xF1, 0x1C, 0x68, 0xF1, 0x5B, 0xF2, 0xA6,
    0x55, 0x8B, 0x5C, 0x09, 0x43, 0x2C, 0xB9, 0x55, 0xB1, 0x3D, 0xE3, 0x66, 0xC5, 0x68, 0xC6, 0x22,
    0xBC, 0x3C, 0x42, 0x67, 0x85, 0xAF, 0x6A, 0x82, 0xE4, 0xEF, 0x7D, 0x52, 0x4D, 0x20, 0xAE, 0xF7,
    0xA8, 0x98, 0x20, 0x49, 0xBB, 0x8F, 0x34, 0x3C, 0x55, 0xDC, 0x27, 0x59, 0x74, 0x44, 0x53, 0xB0,
    0xEA, 0x11, 0xA7, 0x93, 0xB0, 0x34, 0x9A, 0x63, 0xF4, 0xB2, 0xA9, 0xEA, 0xF4, 0x58, 0x1C, 0x5C,
    0xBB, 0x89, 0x1A, 0x2C, 0x6E, 0x2D, 0x0A, 0xC3, 0x8C, 0xED, 0x8A, 0x9E, 0x11, 0x50, 0x0C, 0x85,
    0x8F, 0xD8, 0x30, 0x1A, 0x28, 0x99, 0xE2, 0x85, 0x86, 0xF6, 0xF8, 0x2B, 0xB8, 0x4F, 0x73, 0x11,
    0xDB, 0x33, 0x22, 0x00, 0x3E, 0x40, 0xD5, 0xC0, 0xC4, 0xB5, 0xDF, 0x27, 0x79, 0x83, 0x8A, 0xED,
    0xDA, 0xCD, 0xAD, 0x85, 0xA4, 0x2D, 0x92, 0x82, 0x89, 0xE5, 0x88, 0x3D, 0xAC, 0x5E, 0xAC, 0xBA,
    0x18, 0xF5, 0xB6, 0xD7, 0x9A, 0x5A, 0xD6, 0xD4, 0x4A, 0xB9, 0x2E, 0x20, 0xA2, 0x64, 0x00, 0xC0,
    0x46, 0x82, 0x99, 0x98, 0x84, 0x84, 0x1D, 0x7D, 0x56, 0xE0, 0xCC, 0x95, 0x28, 0xE5, 0x5B, 0xEF,
    0xE1, 0xA2, 0xF5, 0x11, 0x47, 0x7C, 0x5B, 0x74, 0x26, 0x26, 0x7F, 0xB3, 0x16, 0xF5, 0xAB, 0xB3,
    0x3A, 0x14, 0x16, 0x05, 0x6F, 0xF4, 0xB2, 0x2C, 0x44, 0xAB, 0x08, 0xDF, 0x61, 0x9E, 0x34, 0xB9,
    0x52, 0x76, 0xD0, 0x78, 0x54, 0x72, 0xB2, 0x0F, 0x15, 0xE3, 0x74, 0x6D, 0x81, 0x55, 0x0C, 0x8D,
    0x8E, 0x4D, 0x0F, 0xB6, 0x55, 0xB3, 0xED, 0x90, 0x6D, 0xD8, 0xB6, 0x37, 0x1A, 0xC1, 0xB9, 0x89,
    0x9A, 0x6F, 0x1C, 0x98, 0x1E, 0x8D, 0x9F, 0x43, 0x7C, 0x76, 0xE5, 0x15, 0xDC, 0xB3, 0x9F, 0x97,
    0xD0, 0x43, 0x5D, 0xC5, 0x47, 0x0D, 0x9F, 0x00, 0xFD, 0x93, 0x4F, 0x01, 0x77, 0xAE, 0x0B, 0x70,
    0x76, 0xEB, 0xFC, 0x66, 0x41, 0x76, 0xB6, 0x5F, 0x68, 0xCE, 0xED, 0x75, 0x2F, 0x64, 0xBB, 0xBA,
    0xD9, 0xD0, 0x29, 0x02, 0x1A, 0x60, 0x38, 0xB7, 0x5B, 0x87, 0x46, 0xF6, 0x3C, 0x73, 0x1E, 0x69,
    0xEF, 0x6E, 0xA1, 0xDE, 0xAE, 0x42, 0xA9, 0x50, 0x63, 0x1D, 0xC9, 0xEE, 0xE5, 0x9D, 0x1D, 0xF6,
    0x3E, 0xD9, 0x0E, 0xBE, 0xB9, 0x1E, 0x55, 0x73, 0x01, 0x65, 0x3C, 0x2F, 0x5B, 0x07, 0xF4, 0x65,
    0x84, 0xF9, 0xDB, 0xC8, 0xCD, 0xAC, 0xC5, 0x15, 0xEA, 0x68, 0x95, 0x01, 0x01, 0xE8, 0x07, 0xC2,
    0x84, 0x75, 0xB8, 0x1D, 0x68, 0xCA, 0x3C, 0x96, 0x9F, 0xA9, 0x0E, 0x5A, 0x74, 0x53, 0xE0, 0xFC,
    0x72, 0x62, 0x8D, 0x15, 0x3E, 0x9D, 0x18, 0xDF, 0x3A, 0x40, 0x0B, 0x04, 0x27, 0xDC, 0xCB, 0x01,
    0xBA, 0x28, 0x41, 0x7C, 0x42, 0xBF, 0x6D, 0x68, 0x26, 0xA4, 0x39, 0x86, 0xEE, 0x66, 0x26, 0x96,
    0xE1, 0x83, 0x3E, 0x8D, 0x21, 0x89, 0xE5, 0x00, 0x5B, 0x7A, 0xD9, 0xDA, 0x07, 0x9F, 0xEE, 0x2A,
    0x0F, 0x8A, 0xAB, 0x2A, 0xBB, 0x7A, 0xDA, 0x70, 0xDB, 0xD3, 0x44, 0xC4, 0xD7, 0x55, 0x5F, 0xB1,
    0x3D, 0xA1, 0x5F, 0x5E, 0xB8, 0x6E, 0xAA, 0x79, 0x09, 0xCE, 0xA7, 0xB7, 0xAD, 0x3F, 0x16, 0xFF,
    0xAB, 0x50, 0x64, 0x40, 0x72, 0x24, 0xA8, 0xC7, 0x39, 0x9A, 0x98, 0x10, 0x6C, 0x87, 0x60, 0x17,
    0x41, 0xEB, 0x35, 0xB8, 0x05, 0x76, 0x8D, 0x7F, 0x6B, 0x31, 0x38, 0x31, 0xD0, 0x7C, 0x41, 0xD4,
    0x93, 0xC6, 0xBE, 0x1F, 0xB9, 0x24, 0xC3, 0xE2, 0x94, 0x25, 0xE1, 0xEB, 0xE7, 0x4A, 0x2A, 0x76,
    0x43, 0x39, 0x82, 0xE1, 0xED, 0x87, 0x43, 0xC9, 0xF0, 0x0D, 0x65, 0xC3, 0x78, 0x23, 0xC0, 0xAD,
    0x93, 0xF9, 0x50, 0x89, 0xE4, 0xC5, 0xE0, 0x7B, 0xDF, 0xDA, 0x68, 0x7B, 0x12, 0xB4, 0x20, 0x9C,
    0x8C, 0x06, 0xA2, 0x8D, 0x5C, 0x67, 0xD2, 0x85, 0x3C, 0xD3, 0xCE, 0xF6, 0x06, 0x6B, 0x43, 0xFA,
    0x4F, 0x1B, 0xF2, 0xD5, 0xB5, 0x21, 0x63, 0xE6, 0x43, 0xE0, 0x8B, 0x89, 0x89, 0xB4, 0x27, 0x60,
    0x75, 0x02, 0x56, 0xE7, 0xA0, 0x38, 0x33, 0xC6, 0x44, 0x31, 0x92, 0x34, 0xB2, 0x6E, 0x75, 0xE0,
    0xE1, 0x43, 0xF3, 0x74, 0x39, 0xC9, 0x35, 0xDA, 0xB1, 0x4C, 0x25, 0x21, 0x56, 0x47, 0xC3, 0x6A,
    0x54, 0xF8, 0x59, 0xAE, 0xD7, 0xCF, 0xD2, 0x53, 0x4F, 0x5B, 0x2D, 0x20, 0x0B, 0x77, 0x22, 0x7D,
    0xEE, 0xF5, 0xC8, 0x26, 0x16, 0xE6, 0x1B, 0xAF, 0x04, 0x8C, 0x0F, 0x50, 0x9A, 0x82, 0xCA, 0xB9,
    0xF0, 0x75, 0xA0, 0xCC, 0x76, 0x12, 0xF5, 0x0E, 0x82, 0x6B, 0xB2, 0x02, 0x3D, 0x34, 0xF0, 0xAC,
    0x1D, 0xD9, 0x3F, 0x61, 0x4D, 0x7C, 0x3B, 0x91, 0x31, 0x7E, 0xCF, 0xF0, 0xF0, 0x92, 0x09, 0x81,
    0x9D, 0x88, 0xBB, 0x02, 0xE5, 0x0E, 0xF4, 0xE2, 0x32, 0x2C, 0x4C, 0xBB, 0x4A, 0x09, 0x28, 0x83,
    0xAC, 0x35, 0x30, 0x1E, 0xE4, 0x46, 0x77, 0x91, 0x91, 0xE9, 0xF7, 0x9C, 0x03, 0xC9, 0xEF, 0xAD,
    0x10, 0xAF, 0xA3, 0xE3, 0x7C, 0x82, 0x46, 0xBA, 0x8A, 0xA0, 0x35, 0x55, 0x44, 0x88, 0x35, 0x61,
    0xC6, 0xD7, 0x1D, 0x1C, 0x13, 0xB3, 0x7E, 0x6C, 0x28, 0xCC, 0x0C, 0x95, 0xA5, 0xF9, 0xB5, 0x34,
    0x9A, 0x6C, 0xF1, 0x8B, 0x7A, 0xB4, 0xDA, 0x5C, 0xAB, 0xE3, 0x3D, 0xD0, 0xED, 0x25, 0xCA, 0xF3,
    0x44, 0x55, 0x61, 0xA6, 0x90, 0x94, 0x43, 0x38, 0x55, 0x64, 0x78, 0x39, 0xB3, 0x87, 0xD5, 0x2A,
    0xB9, 0x4A, 0xB3, 0xA5, 0x0C, 0xBA, 0xBD, 0x82, 0xD6, 0xA8, 0x56, 0xFF, 0x6C, 0x51, 0x4A, 0x00,
    0x13, 0x4B, 0x89, 0xC0, 0x1D, 0x0A, 0x07, 0x73, 0xCE, 0x51, 0x01, 0xDC, 0x71, 0xEB, 0xF8, 0xF3,
    0x52, 0x61, 0x2F, 0xF8, 0xD2, 0x8E, 0xBB, 0xEF, 0xF6, 0xB8, 0x7D, 0xDC, 0xA1, 0xDD, 0x2E, 0xF0,
    0x3C, 0xF8, 0x4D, 0x4D, 0xED, 0x11, 0x1B, 0x2E, 0x59, 0x76, 0xB0, 0x76, 0x30, 0x15, 0x83, 0x5F,
    0x39, 0xA6, 0xC3, 0x46, 0x4F, 0xF0, 0xC5, 0x59, 0x99, 0x8C, 0xA8, 0x29, 0x48, 0x21, 0x88, 0xF7,
    0xFF, 0x0F, 0x50, 0x9F, 0x7A, 0x3B, 0x42, 0xF6, 0x30, 0x2E, 0x27, 0x07, 0xF9, 0xBD, 0x2A, 0x3A,
    0xAE, 0x54, 0x55, 0xA9, 0x62, 0x1F, 0xA9, 0x3E, 0x4A, 0xBE, 0x1A, 0x17, 0x72, 0x05, 0x82, 0xB4,
    0xC1, 0x83, 0x99, 0xCA, 0x46, 0x2A, 0xB9, 0xA4, 0x50, 0x34, 0x77, 0xA6, 0xC5, 0x46, 0xB4, 0x70,
    0xEB, 0x5D, 0xA7, 0x3E, 0xF4, 0xAA, 0xE3, 0xBC, 0x80, 0x53, 0x22, 0xEA, 0x38, 0xFB, 0xE4, 0x9A,
    0x81, 0xF7, 0x23, 0x04, 0xA3, 0x04, 0x5E, 0xFA, 0x75, 0xB8, 0x9B, 0x18, 0xD9, 0xA0, 0x20, 0x87,
    0x56, 0x71, 0x60, 0x77, 0xA5, 0xA7, 0x06, 0x15, 0xC4, 0xC5, 0x1A, 0xDD, 0x9B, 0x1E, 0x72, 0x2C,
    0x73, 0x54, 0xA6, 0x13, 0x1F, 0xFD, 0x61, 0x9F, 0x66, 0x61, 0x93, 0x6B, 0x86, 0xB9, 0xCB, 0x88,
    0x5C, 0x69, 0x12, 0xC3, 0x96, 0x21, 0x95, 0x22, 0x7C, 0x79, 0x11, 0xA0, 0x40, 0xF2, 0x34, 0x5F,
    0x91, 0xC1, 0x13, 0x3E, 0xAD, 0x98, 0xC0, 0xC5, 0x79, 0xA2, 0xAD, 0xCB, 0xF7, 0x83, 0x2E, 0xC4,
    0xAC, 0xC5, 0xDE, 0x71, 0x16, 0x65, 0x28, 0x76, 0xB2, 0x38, 0xDB, 0x03, 0xB7, 0x69, 0xC6, 0xE2,
    0xAA, 0xD7, 0x47, 0xA0, 0xF2, 0x1F, 0x8D, 0x82, 0xFB, 0xC3, 0xBF, 0xFE, 0x05, 0x2E, 0x75, 0xF7,
    0xEE, 0x5D, 0x24, 0x94, 0x7B, 0xEF, 0x60, 0xF6, 0xEE, 0x7B, 0xF7, 0x12, 0xF1, 0xFE, 0xEE, 0x7D,
    0x0C, 0x13, 0xB5, 0x2C, 0xD3, 0xBC, 0x96, 0xEF, 0x42, 0xBC, 0x9A, 0x6F, 0xCA, 0xEC, 0xE1, 0x5C,
    0x97, 0x1B, 0x41, 0x85, 0xEB, 0x0D, 0x02, 0xD6, 0x92, 0xAF, 0x1E, 0x61, 0x8A, 0x88, 0x2F, 0xD2,
    0xD6, 0x59, 0x14, 0xDF, 0xC7, 0xCC, 0x90, 0x2C, 0xF8, 0xEF, 0xC8, 0x14, 0xBB, 0x03, 0x95, 0x05,
    0xD6, 0xED, 0x88, 0x8F, 0xD2, 0x05, 0x29, 0xD7, 0x31, 0x2F, 0xE9, 0xF0, 0xDC, 0x92, 0x2D, 0x07,
    0x8B, 0x14, 0x19, 0xD3, 0x07, 0x27, 0x8C, 0x77, 0x91, 0x79, 0x99, 0xC6, 0x08, 0xA7, 0x68, 0x23,
    0xC5, 0x74, 0x4F, 0xDA, 0x26, 0x40, 0xDA, 0x5A, 0x24, 0x3C, 0xCD, 0xF4, 0x14, 0x97, 0x1B, 0xDA,
    0x5A, 0xC9, 0x41, 0xE2, 0xF2, 0xD8, 0xE3, 0x3F, 0xCC, 0x13, 0x1F, 0x32, 0x3B, 0xD2, 0x9C, 0xBD,
    0xD9, 0x8A, 0xE4, 0x34, 0xE1, 0x7B, 0xE5, 0x0F, 0x71, 0xE9, 0x65, 0x53, 0x64, 0x72, 0x30, 0xAB,
    0x44, 0xA8, 0xD9, 0x58, 0x0B, 0x92, 0x2D, 0x9B, 0xDF, 0x4F, 0x53, 0x3C, 0xCB, 0x1C, 0xBE, 0xB4,
    0x49, 0xE5, 0xEC, 0x6D, 0xEC, 0x69, 0x7E, 0xB7, 0x29, 0x3E, 0x32, 0x29, 0xC6, 0x3D, 0xB0, 0xAF,
    0x5F, 0x51, 0xEF, 0xB9, 0xA5, 0x5B, 0x78, 0x9A, 0x1F, 0x9F, 0xEF, 0x0F, 0x87, 0xD7, 0xF6, 0x0A,
    0xB9, 0x7D, 0x1B, 0x06, 0xB7, 0xD9, 0x7E, 0x26, 0xBF, 0x34, 0xEF, 0xE2, 0x60, 0xB7, 0x5F, 0xD8,
    0x84, 0xAE, 0x9F, 0xDE, 0x20, 0xB4, 0xEF, 0x8A, 0x4B, 0x86, 0xAA, 0xC9, 0x1A, 0xB7, 0xEB, 0x9C,
    0x6E, 0xF9, 0xE4, 0x8B, 0x02, 0x2D, 0xBF, 0xB1, 0x25, 0x7D, 0xB4, 0x0A, 0x92, 0x5F, 0xA7, 0x9D,
    0x3C, 0xEB, 0x37, 0xF2, 0x5F, 0xCD, 0x59, 0x3D, 0x8C, 0xDC, 0xC6, 0x15, 0x7E, 0xE4, 0x48, 0xC7,
    0xE0, 0x08, 0x69, 0x54, 0x48, 0x40, 0xA2, 0x53, 0x6E, 0x8C, 0xC0, 0x95, 0x61, 0x2D, 0x1B, 0x15,
    0x2A, 0x76, 0x97, 0x04, 0x54, 0xA6, 0xF0, 0x15, 0x71, 0x1A, 0x37, 0x2A, 0x5C, 0xA9, 0x39, 0x17,
    0x01, 0x72, 0x40, 0x76, 0x6F, 0x07, 0x76, 0xE1, 0xF6, 0x80, 0x04, 0x08, 0x10, 0x15, 0x71, 0x00,
    0x15, 0xF2, 0xBA, 0xD0, 0x15, 0x57, 0x9C, 0x9D, 0x3D, 0x73, 0x2C, 0x15, 0x29, 0x52, 0x88, 0x08,
    0x12, 0xA4, 0x48, 0x43, 0xDB, 0xB1, 0x0D, 0xD8, 0x85, 0x06, 0x31, 0x0D, 0x53, 0x16, 0x77, 0xC7,
    0xDF, 0x1B, 0x72, 0xEF, 0x0E, 0x46, 0x02, 0xC3, 0xD2, 0x49, 0xC8, 0x72, 0x67, 0x44, 0x71, 0x87,
    0xEF, 0xBD, 0x79, 0xEF, 0x7B, 0x7F, 0x73, 0xA1, 0x15, 0xB8, 0xC8, 0x7F, 0x84, 0x89, 0x74, 0xAC,
    0x65, 0x86, 0x8B, 0x14, 0x25, 0xB8, 0x52, 0x1A, 0xD2, 0x80, 0x28, 0xD0, 0xF8, 0x8D, 0xBF, 0x91,
    0xA1, 0x7C, 0x2E, 0x16, 0xEF, 0xC7, 0xC5, 0x59, 0x95, 0x9D, 0x49, 0x08, 0x3F, 0xF3, 0xEF, 0x03,
    0x7F, 0x93, 0xD2, 0xF3, 0xEA, 0xF3, 0x3A, 0x72, 0x05, 0xED, 0x13, 0xFD, 0x8A, 0x68, 0x97, 0xE8,
    0x3A, 0xA8, 0xE6, 0xB7, 0x28, 0x76, 0x73, 0x52, 0xFF, 0x18, 0x61, 0x45, 0x1F, 0x0B, 0xFB, 0x34,
    0xC6, 0xE3, 0x11, 0xC6, 0x8C, 0x48, 0xE2, 0xA7, 0xD8, 0x35, 0xFE, 0x9E, 0x9A, 0x6E, 0xD4, 0xB4,
    0x43, 0x15, 0x95, 0x61, 0x19, 0x16, 0x89, 0x73, 0x66, 0x82, 0xC1, 0xF2, 0xC5, 0x14, 0x94, 0xF1,
    0x83, 0x47, 0x46, 0x2C, 0x72, 0x0A, 0x6D, 0x02, 0x81, 0x24, 0x24, 0x52, 0x18, 0x3D, 0x8C, 0x3E,
    0xC5, 0xDF, 0xCC, 0x29, 0x75, 0x8E, 0xAE, 0x62, 0x25, 0x7F, 0x5E, 0xB8, 0xBD, 0x3A, 0xCD, 0x1B,
    0xE9, 0xA4, 0x09, 0x6D, 0x64, 0x44, 0x21, 0x4A, 0xA9, 0x85, 0x55, 0x14, 0x58, 0x08, 0x5C, 0x41,
    0xC8, 0xC6, 0xD2, 0xE9, 0xFC, 0x13, 0x02, 0x8F, 0x76, 0xFD, 0xF4, 0x6D, 0xBC, 0xBF, 0xF0, 0x9B,
    0x61, 0x19, 0x43, 0xA7, 0x21, 0x9B, 0x67, 0x6D, 0xC9, 0x06, 0x96, 0xE5, 0x11, 0x86, 0xAF, 0xC8,
    0x50, 0xF7, 0x39, 0x4B, 0x92, 0xD6, 0xA9, 0x07, 0x15, 0xF4, 0xFD, 0xB5, 0x45, 0xAF, 0x12, 0xAD,
    0x7C, 0x03, 0x6D, 0xE0, 0xC5, 0x79, 0xA4, 0xA9, 0x8A, 0xB2, 0xC0, 0xFA, 0x3D, 0x11, 0xBD, 0x8F,
    0x31, 0x81, 0x22, 0x3F, 0xAB, 0x28, 0x36, 0x73, 0x92, 0xD9, 0x90, 0xA4, 0x4E, 0x48, 0x9A, 0x21,
    0x89, 0x0A, 0x0A, 0x71, 0x58, 0x98, 0x80, 0x34, 0x1B, 0x24, 0xB4, 0x74, 0x1E, 0x2F, 0xF6, 0x71,
    0x3F, 0x50, 0x05, 0x4D, 0x5C, 0x46, 0x2B, 0xB7, 0x88, 0xFA, 0x8A, 0x66, 0x29, 0x8D, 0x12, 0xCF,
    0x7C, 0x65, 0x91, 0x41, 0xBF, 0xAE, 0xE2, 0x17, 0xB6, 0x41, 0x0E, 0xD4, 0x7A, 0xC1, 0xBB, 0xA2,
    0xE8, 0x43, 0x6A, 0xBB, 0xA7, 0x84, 0xB1, 0x76, 0x10, 0x64, 0xFB, 0xB6, 0x4F, 0xB4, 0x75, 0x6C,
    0xC2, 0xF6, 0xF6, 0xF6, 0xE5, 0x4D, 0x63, 0xFB, 0xD1, 0x22, 0x2C, 0x41, 0x2A, 0x32, 0xD2, 0xC0,
    0xDA, 0xE1, 0xFC, 0x97, 0xD0, 0x7E, 0x02, 0x03, 0x12, 0x6D, 0xB0, 0xE5, 0x5E, 0x15, 0xAE, 0x96,
    0xBA, 0x4A, 0x08, 0x64, 0xEC, 0x28, 0xB4, 0x23, 0x51, 0x8E, 0x64, 0x99, 0xE6, 0xA5, 0xFA, 0xB8,
    0x6E, 0xB7, 0x9F, 0x3B, 0xEB, 0x9C, 0x87, 0x4F, 0x79, 0x45, 0x14, 0x56, 0xBE, 0x51, 0xA4, 0x52,
    0x43, 0xC0, 0x7A, 0xC0, 0x62, 0x0E, 0x80, 0xA3, 0xD8, 0xC4, 0xD7, 0x4C, 0xC0, 0xFA, 0x70, 0x19,
    0x0C, 0x09, 0x81, 0x25, 0x1D, 0x0D, 0x85, 0xD1, 0x6B, 0x49, 0xAD, 0xFD, 0x9B, 0x82, 0x45, 0x9E,
    0xC5, 0x3A, 0x2C, 0x7E, 0x7A, 0x63, 0x67, 0xF7, 0xEA, 0xF6, 0xAC, 0xFF, 0x5A, 0xFF, 0xC5, 0x4B,
    0xBB, 0xFD, 0xFE, 0x99, 0xDD, 0xD4, 0x9E, 0xD9, 0xED, 0xEF, 0x62, 0x5C, 0xBD, 0x74, 0x65, 0x70,
    0xB9, 0xDF, 0x9F, 0xAE, 0xEE, 0x4A, 0x82, 0x31, 0x3E, 0xD9, 0xCC, 0x68, 0x52, 0xD3, 0x8D, 0xDB,
    0x79, 0xF3, 0xF2, 0x2F, 0x82, 0x1D, 0xD5, 0x0C, 0x7A, 0x7B, 0xD2, 0x4A, 0xBB, 0x7E, 0x30, 0x4B,
    0x58, 0xAA, 0x10, 0x5B, 0x11, 0x3C, 0x4C, 0x3B, 0x60, 0x37, 0x09, 0x30, 0xC5, 0x0C, 0xA8, 0xF8,
    0x3B, 0xA2, 0x9C, 0x6E, 0xC5, 0x60, 0x00, 0xA5, 0x1D, 0x20, 0x62, 0xC0, 0xD6, 0xD1, 0x8B, 0x32,
    0xFB, 0x31, 0x16, 0x24, 0x8C, 0xD9, 0xA0, 0x62, 0x1A, 0xB8, 0xCD, 0xE7, 0x04, 0xE4, 0xAE, 0xFA,
    0x05, 0x97, 0xA4, 0x3E, 0x05, 0xE5, 0x6F, 0x52, 0x54, 0x53, 0xB0, 0xED, 0x37, 0x95, 0xD0, 0x7B,
    0x73, 0xCA, 0x2B, 0x0A, 0x3C, 0x1D, 0x1B, 0x55, 0x89, 0x19, 0xD3, 0x73, 0x74, 0x7A, 0x83, 0x36,
    0x12, 0xF8, 0x5B, 0x5C, 0xC2, 0xEB, 0x4A, 0x5C, 0x85, 0x28, 0x22, 0xA0, 0x09, 0x4A, 0x82, 0x09,
    0x70, 0x69, 0x1E, 0x89, 0x96, 0x3A, 0xD5, 0xEA, 0x03, 0x97, 0x25, 0xEE, 0x7E, 0x99, 0x2C, 0x94,
    0xED, 0x9F, 0x83, 0xE5, 0xA9, 0x1D, 0x9D, 0xE3, 0xF8, 0x01, 0xC8, 0xBE, 0x25, 0x60, 0x00, 0xE9,
    0xEE, 0x64, 0xCA, 0x29, 0x4A, 0x17, 0x18, 0xF3, 0x1E, 0xA5, 0xCD, 0xC0, 0x0F, 0xD5, 0xF4, 0x29,
    0xC2, 0xA0, 0x7D, 0xBC, 0x55, 0x03, 0xF1, 0x15, 0xEC, 0x66, 0x2B, 0x0C, 0x0B, 0x2F, 0xB0, 0x14,
    0x7E, 0x68, 0x49, 0x7C, 0x54, 0x92, 0xF8, 0x1B, 0xC6, 0xBD, 0x82, 0xD6, 0xEE, 0x19, 0x9A, 0x60,
    0x5C, 0x08, 0x32, 0x1A, 0xE4, 0x63, 0x12, 0x3A, 0x2A, 0xA2, 0x8A, 0xB6, 0x5E, 0xA8, 0xD2, 0x02,
    0xBE, 0x67, 0xD3, 0xF2, 0x67, 0x90, 0xB8, 0xF3, 0x01, 0xAD, 0x0A, 0x98, 0x3E, 0xD9, 0x09, 0x5C,
    0x1D, 0x15, 0x23, 0xA9, 0x61, 0xED, 0x81, 0xF2, 0x00, 0x95, 0x54, 0xCB, 0x7F, 0x59, 0x01, 0xF7,
    0xE9, 0x54, 0x5A, 0xE2, 0x8B, 0x9B, 0x55, 0x91, 0xC9, 0x6B, 0x26, 0xBA, 0x8B, 0xBD, 0x57, 0x81,
    0x9D, 0xE1, 0x2B, 0x3E, 0xAC, 0x80, 0x99, 0x9E, 0xCC, 0xB6, 0x2E, 0xD3, 0xB9, 0x53, 0x1C, 0x33,
    0xC0, 0xD2, 0x02, 0xCA, 0x30, 0x5F, 0x8F, 0xCE, 0x5B, 0x56, 0x79, 0x09, 0xEF, 0x0B, 0xA1, 0x2A,
    0x58, 0x33, 0xE6, 0x40, 0xA4, 0xA0, 0x37, 0xD3, 0x97, 0xE5, 0x5A, 0x51, 0x27, 0x65, 0xFE, 0x95,
    0xFD, 0x75, 0x41, 0xE2, 0x83, 0x8F, 0x61, 0xD9, 0x6B, 0x90, 0xBC, 0x27, 0x61, 0x9F, 0x91, 0x82,
    0x60, 0x76, 0xF5, 0x0E, 0xBF, 0x24, 0x81, 0x28, 0xD8, 0xB7, 0xB5, 0xEE, 0x7F, 0x23, 0x6F, 0xBF,
    0x4B, 0x7E, 0x93, 0xC9, 0xBB, 0x1A, 0xE4, 0xCB, 0xD9, 0xE4, 0x2B, 0xAB, 0x67, 0x0C, 0x9D, 0x0A,
    0x2F, 0x89, 0x12, 0x2F, 0x49, 0x8D, 0x97, 0xE0, 0x41, 0x16, 0x50, 0x80, 0x2A, 0x5C, 0x19, 0xEB,
    0xC8, 0x59, 0x4F, 0x1E, 0x68, 0xA0, 0x5D, 0xE5, 0xB2, 0xB0, 0x04, 0x22, 0x22, 0x73, 0x8A, 0xE3,
    0x28, 0x50, 0x31, 0x80, 0x09, 0x60, 0x2D, 0x20, 0x03, 0x90, 0x54, 0xA2, 0x98, 0x51, 0x12, 0xBF,
    0xDE, 0xBC, 0x37, 0x57, 0x51, 0x93, 0x57, 0xFD, 0xB3, 0xFB, 0x01, 0x55, 0xFD, 0x7D, 0x88, 0x00,
    0xBB, 0x44, 0x77, 0x0B, 0x48, 0x27, 0x10, 0x83, 0x06, 0xE1, 0x3B, 0x0F, 0x11, 0x47, 0x83, 0x32,
    0x60, 0xE9, 0x28, 0xF3, 0xE2, 0x6B, 0x76, 0x74, 0x7C, 0xC3, 0x4E, 0xB1, 0x7C, 0x03, 0xD9, 0x62,
    0x43, 0x2A, 0x43, 0x70, 0x11, 0x35, 0x79, 0x3F, 0x66, 0xF1, 0x38, 0x1E, 0xBF, 0x63, 0x94, 0x33,
    0xC1, 0xAD, 0x65, 0xA8, 0xBA, 0xEA, 0x1D, 0x96, 0x29, 0x29, 0xEF, 0xB1, 0x7B, 0xCB, 0x1F, 0x56,
    0xF9, 0x19, 0xC7, 0x1D, 0x4A, 0x79, 0xFA, 0x33, 0x4F, 0x5F, 0xC2, 0x6B, 0xC2, 0x8F, 0x61, 0x34,
    0x71, 0x17, 0x8B, 0xE3, 0xD7, 0x31, 0x49, 0x8E, 0x63, 0x3D, 0x68, 0x02, 0x30, 0xAC, 0xD9, 0xF5,
    0x31, 0x39, 0x84, 0x6E, 0x08, 0xD4, 0xB0, 0x18, 0x33, 0xE6, 0x3E, 0xA6, 0x49, 0x89, 0xB8, 0xE9,
    0x6C, 0x17, 0x38, 0xF9, 0xB3, 0xC5, 0xB9, 0x85, 0xE3, 0x7A, 0xC2, 0x20, 0x18, 0xD0, 0xD3, 0xE7,
    0xCB, 0x3E, 0x4F, 0x0A, 0x6F, 0xD0, 0xC1, 0x01, 0xD2, 0x57, 0xA9, 0x9E, 0x3E, 0xCB, 0x53, 0x4C,
    0x7E, 0x72, 0x13, 0xD3, 0xA3, 0x39, 0x9B, 0xEA, 0xD6, 0xD3, 0x67, 0xB9, 0x7F, 0x99, 0xF3, 0x65,
    0xCA, 0xC9, 0x65, 0xF0, 0xF4, 0xB9, 0x85, 0x3B, 0xAC, 0x53, 0x8E, 0xFB, 0x7D, 0x1F, 0x8A, 0x18,
    0x4E, 0x3D, 0x06, 0x52, 0xAC, 0x9F, 0x2A, 0xDF, 0x8B, 0x53, 0xA4, 0x65, 0x0E, 0xC9, 0x48, 0xCC,
    0xB1, 0x9B, 0x22, 0x87, 0xCA, 0x9C, 0xB0, 0xF3, 0x24, 0xA5, 0x4B, 0x40, 0x13, 0xE7, 0x6A, 0xAA,
    0x79, 0x0E, 0x2D, 0xD7, 0x15, 0xA2, 0xC8, 0x11, 0x77, 0xA4, 0xE1, 0x59, 0xF9, 0x6A, 0x22, 0x65,
    0x26, 0x2D, 0xAB, 0xA0, 0x82, 0xD7, 0x6E, 0x88, 0x12, 0xC9, 0xD5, 0xC6, 0x86, 0xE7, 0x49, 0xB9,
    0xE6, 0x5C, 0xE9, 0x2A, 0xD0, 0x47, 0x04, 0x40, 0x3E, 0xE5, 0xD5, 0xEE, 0x0F, 0xB5, 0xA8, 0xA8,
    0x8A, 0x0B, 0xB2, 0x70, 0xF7, 0xB7, 0x38, 0xD9, 0xB2, 0x96, 0xBB, 0xB2, 0x80, 0x0E, 0xBA, 0x31,
    0xEE, 0x9E, 0xA7, 0x14, 0x92, 0x2A, 0x94, 0x46, 0x5A, 0xA1, 0x00, 0xD9, 0x98, 0xA5, 0xA3, 0x5E,
    0xD6, 0xEA, 0x83, 0x53, 0xD0, 0x17, 0x06, 0xCF, 0x3B, 0x03, 0x09, 0x68, 0x2B, 0xC6, 0x9A, 0x80,
    0x53, 0xA1, 0x57, 0x1D, 0x85, 0xD3, 0xE9, 0xED, 0x88, 0xB5, 0xB0, 0x98, 0xEE, 0x43, 0x03, 0x5B,
    0x90, 0xFA, 0x8A, 0xAF, 0x17, 0xBC, 0xC4, 0x5C, 0x87, 0x38, 0x3F, 0xB8, 0x2C, 0xF0, 0x03, 0x2A,
    0x8D, 0x0A, 0xCA, 0x50, 0xD3, 0x20, 0x6F, 0x08, 0xB3, 0x89, 0x74, 0xE6, 0xDC, 0x32, 0xDA, 0x32,
    0x03, 0x30, 0x0E, 0x17, 0x9D, 0x1B, 0x9C, 0x24, 0xFD, 0x41, 0x2B, 0x77, 0xFC, 0x45, 0x41, 0x67,
    0x7D, 0x55, 0x73, 0x72, 0xB4, 0xA3, 0xD7, 0x4B, 0x92, 0xF7, 0x2C, 0xC5, 0x6F, 0x94, 0x27, 0xAC,
    0x93, 0xA0, 0xF0, 0xD1, 0x27, 0xD7, 0xE4, 0xCB, 0xB6, 0x70, 0xAA, 0xB9, 0x46, 0x9D, 0xFB, 0x0C,
    0xDA, 0x78, 0x82, 0x35, 0x93, 0x04, 0x1A, 0x42, 0xDB, 0x05, 0x58, 0x50, 0x03, 0xB1, 0xC8, 0x87,
    0xD6, 0xCD, 0x8A, 0xB8, 0x3E, 0x6D, 0x09, 0xA9, 0x92, 0x5C, 0x16, 0x74, 0x12, 0x3E, 0x16, 0x1D,
    0x84, 0xA2, 0xDC, 0x88, 0xAF, 0x6D, 0xAC, 0xF7, 0x1F, 0x9B, 0x48, 0x58, 0x58, 0xF1, 0x61, 0x8D,
    0x7A, 0xEB, 0xF1, 0x29, 0x4C, 0xA7, 0x19, 0x41, 0xBF, 0xD0, 0xE4, 0xE2, 0x1D, 0xFF, 0x6E, 0xCA,
    0x6F, 0x2B, 0x4D, 0x3E, 0x87, 0xF0, 0x04, 0x1A, 0x12, 0x09, 0xA4, 0x94, 0x26, 0x71, 0xBE, 0x70,
    0xA6, 0x84, 0x33, 0x60, 0xCA, 0xD4, 0x26, 0x4C, 0xAF, 0x01, 0x45, 0xA4, 0x9C, 0xD8, 0x40, 0x29,
    0x9B, 0xAC, 0x6A, 0xE7, 0x1D, 0xED, 0x7F, 0x45, 0xC2, 0x70, 0x4A, 0xAB, 0x6F, 0x47, 0x8E, 0xD4,
    0x82, 0x1C, 0x53, 0x83, 0x16, 0x0A, 0x7A, 0x84, 0x5C, 0x4B, 0x5F, 0x5A, 0x4C, 0xFF, 0xA9, 0x22,
    0x13, 0xD8, 0x26, 0x82, 0x57, 0xCE, 0x50, 0x03, 0x96, 0x43, 0xB0, 0x44, 0x31, 0x99, 0x89, 0x42,
    0xBD, 0xC4, 0x95, 0xFE, 0x7D, 0x70, 0x8B, 0x1F, 0x30, 0xCB, 0x05, 0xDC, 0x06, 0xD3, 0x66, 0x19,
    0xA0, 0x06, 0xAB, 0xA8, 0x59, 0x86, 0x3E, 0xB6, 0x8A, 0x98, 0xFB, 0x24, 0xC7, 0x76, 0x8E, 0x8A,
    0x65, 0x92, 0xE4, 0x2A, 0x39, 0xE1, 0x2A, 0xD5, 0xDD, 0x6C, 0x38, 0x49, 0xBE, 0x4F, 0x31, 0xEF,
    0xC3, 0xE7, 0xCA, 0x24, 0xF3, 0x6D, 0x0E, 0xFE, 0x1D, 0x72, 0xD5, 0xB6, 0xCD, 0xDE, 0x7C, 0xD0,
    0x4D, 0xDB, 0xEC, 0xE1, 0x0D, 0xFE, 0x09, 0x6A, 0xDE, 0x36, 0x14, 0x60, 0x92, 0x82, 0x0B, 0xC8,
    0x0C, 0xD0, 0xAB, 0x8F, 0x4A, 0xC6, 0x0E, 0x1B, 0x08, 0x4C, 0x6C, 0x10, 0xE0, 0xCC, 0x23, 0xF4,
    0xD9, 0x30, 0x57, 0xCB, 0xFD, 0x86, 0x5F, 0x83, 0x47, 0xE4, 0x41, 0xF5, 0x2C, 0xF8, 0x9E, 0xF3,
    0x3C, 0x50, 0x55, 0x46, 0x0F, 0xD8, 0x1B, 0x8F, 0x2A, 0x92, 0xA7, 0xCB, 0x37, 0x2C, 0xF6, 0xD8,
    0xDF, 0x6B, 0x8E, 0x6D, 0xD5, 0x33, 0x61, 0x79, 0x9A, 0xCE, 0x4B, 0x1A, 0xC9, 0xBB, 0x95, 0x78,
    0x54, 0x10, 0x82, 0xF8, 0x82, 0x84, 0xCB, 0xE4, 0x7D, 0x33, 0x14, 0xF6, 0xAA, 0x87, 0xDC, 0xF2,
    0x23, 0x38, 0xE6, 0xBE, 0xC4, 0x92, 0x20, 0xF2, 0xBA, 0xDF, 0x7B, 0x49, 0x00, 0xD5, 0x52, 0x38,
    0x48, 0x12, 0x6F, 0x66, 0x89, 0x5E, 0x57, 0x19, 0x3A, 0x60, 0x9E, 0x2C, 0xC4, 0x41, 0x6F, 0x4B,
    0xDB, 0x91, 0x4E, 0x69, 0x2C, 0x91, 0x59, 0xB6, 0xFB, 0x90, 0x28, 0xDD, 0x0B, 0x1A, 0x4A, 0xD1,
    0x1B, 0x70, 0x3A, 0xE9, 0x24, 0x19, 0xB2, 0x24, 0xFB, 0x2C, 0xC9, 0xF5, 0x23, 0x5E, 0xD2, 0x4F,
    0xCC, 0x3D, 0xF4, 0x80, 0x4F, 0xBA, 0xE7, 0x37, 0x6E, 0x23, 0x1C, 0xB8, 0x1A, 0x79, 0x53, 0xA1,
    0xFB, 0xE4, 0x5A, 0xB5, 0xE1, 0xD2, 0xB0, 0xE6, 0x05, 0x3C, 0x01, 0x97, 0x29, 0x87, 0x05, 0x3F,
    0x0D, 0x79, 0xCB, 0x03, 0x76, 0xE7, 0x11, 0x4F, 0x33, 0xF6, 0x18, 0x9F, 0x7F, 0x67, 0xFC, 0xE2,
    0x04, 0x17, 0x92, 0xE1, 0x9C, 0x93, 0x2E, 0x33, 0x3A, 0x7F, 0xC4, 0x3D, 0x5E, 0x16, 0x92, 0xD1,
    0x43, 0x16, 0x43, 0x3F, 0x2B, 0xE6, 0x8C, 0x6D, 0x38, 0x3E, 0x40, 0xFF, 0x47, 0xCE, 0x45, 0xC2,
    0x3C, 0x1B, 0xBE, 0xDC, 0x51, 0xA0, 0x64, 0xC7, 0xA4, 0x62, 0xF3, 0x7F, 0xA0, 0xE7, 0x17, 0x6E,
    0xAF, 0x4C, 0x69, 0xD2, 0x48, 0xD7, 0x06, 0xE9, 0xA8, 0x00, 0x51, 0x51, 0x42, 0xC8, 0xD0, 0xA2,
    0x0B, 0x0D, 0x2A, 0xEE, 0xA7, 0x6B, 0xDF, 0x25, 0xB2, 0x87, 0xA4, 0xE5, 0xB2, 0x26, 0x4B, 0xB2,
    0x25, 0x52, 0xB8, 0x68, 0xF1, 0xD5, 0x8C, 0x9F, 0xF8, 0x98, 0x03, 0xB9, 0xC0, 0xF8, 0x5C, 0x42,
    0x9C, 0x4C, 0x38, 0x9B, 0xF8, 0xFE, 0xD2, 0x43, 0x19, 0x0F, 0xEA, 0x18, 0xED, 0x8E, 0xB0, 0xA1,
    0xBF, 0xF8, 0xC0, 0x08, 0x2D, 0x98, 0x55, 0x06, 0xAD, 0x27, 0xD6, 0xD7, 0x14, 0xFD, 0x9D, 0x38,
    0xB5, 0xD0, 0x26, 0x57, 0x73, 0x3E, 0x1E, 0x07, 0xB7, 0x99, 0x17, 0xD3, 0x5C, 0xBC, 0x52, 0x52,
    0x58, 0x71, 0x2A, 0xE2, 0xAA, 0x8B, 0x0F, 0x61, 0xF8, 0xCC, 0xC6, 0x20, 0x66, 0xA1, 0x92, 0xCB,
    0x3F, 0x80, 0x88, 0x9C, 0xF5, 0x49, 0xBE, 0xC1, 0xD3, 0x35, 0x9F, 0x20, 0x9D, 0xF7, 0xD9, 0x02,
    0x53, 0xB4, 0x54, 0xE1, 0x19, 0x9E, 0xD6, 0xA1, 0xC7, 0x71, 0x72, 0x07, 0x8A, 0x4B, 0x1C, 0xCB,
    0xB7, 0xD1, 0x9E, 0x16, 0xF9, 0xB2, 0x20, 0xF4, 0xA1, 0xB7, 0x58, 0x76, 0x38, 0xC7, 0x94, 0x98,
    0xB5, 0x9E, 0x12, 0x36, 0xDD, 0x76, 0x7F, 0xD4, 0x3E, 0x5F, 0x79, 0x2B, 0xA3, 0x89, 0x33, 0xE1,
    0xE2, 0x8E, 0x89, 0xCA, 0xB6, 0xFB, 0x4E, 0xA0, 0x63, 0x84, 0x0D, 0x3D, 0x84, 0x2D, 0x87, 0xFE,
    0xEC, 0x8B, 0x87, 0xA3, 0x14, 0xA0, 0x4B, 0xDC, 0xC4, 0xC4, 0x0D, 0x84, 0xCA, 0x8E, 0xFB, 0xE0,
    0x24, 0xF3, 0x74, 0x63, 0x2E, 0x74, 0xE9, 0x84, 0xE8, 0x62, 0x37, 0x11, 0xF4, 0xAF, 0x36, 0x51,
    0x23, 0x47, 0xFA, 0x70, 0x1F, 0x4F, 0x42, 0x97, 0x4F, 0x21, 0xD4, 0x47, 0x06, 0x30, 0xD3, 0xF4,
    0xDC, 0x90, 0x4E, 0x84, 0x66, 0x0F, 0x8A, 0x4D, 0x01, 0xE2, 0xA1, 0xCC, 0x4E, 0x84, 0x1E, 0x01,
    0x31, 0x11, 0xE0, 0x26, 0x65, 0x3B, 0x62, 0xE8, 0x35, 0x2C, 0x9F, 0x9C, 0xEE, 0x45, 0xBD, 0x8A,
    0x02, 0xA9, 0x72, 0x4D, 0xFC, 0xA9, 0x7B, 0xB8, 0x88, 0xE1, 0x0A, 0xE9, 0xAA, 0x5F, 0x8B, 0xB8,
    0x8F, 0x1C, 0x70, 0xB0, 0x56, 0x87, 0x5C, 0x27, 0x26, 0x9F, 0x2F, 0x36, 0xF0, 0x10, 0x4C, 0x47,
    0x88, 0xC1, 0x34, 0x86, 0x28, 0xD7, 0x53, 0x97, 0x3E, 0xB0, 0x0A, 0x5E, 0xAE, 0x83, 0x8C, 0xC1,
    0xB6, 0xB2, 0x83, 0x2E, 0x22, 0x9C, 0xE7, 0x71, 0xB1, 0x2E, 0xF5, 0x7A, 0xE2, 0xFD, 0x68, 0x78,
    0xD8, 0x6D, 0xB3, 0x83, 0x5D, 0x97, 0xCE, 0x0A, 0xF8, 0x0B, 0x3A, 0xDE, 0x77, 0x89, 0x1D, 0x3B,
    0xCE, 0xC4, 0x9D, 0xAE, 0x28, 0xE9, 0x0E, 0xBC, 0xF8, 0x34, 0xAA, 0xEE, 0x9A, 0x87, 0x25, 0x14,
    0x77, 0xFC, 0x79, 0x52, 0xF8, 0x30, 0x07, 0x92, 0x54, 0x26, 0x35, 0x1F, 0xBE, 0x4E, 0x28, 0x7D,
    0x05, 0xC9, 0x00, 0xC4, 0xD2, 0xDF, 0xB5, 0xC0, 0x1D, 0x7A, 0xF7, 0x7D, 0x9E, 0xE4, 0xA3, 0x1A,
    0x39, 0xA8, 0x3C, 0x16, 0x2A, 0xD6, 0x19, 0xF6, 0x2D, 0x5D, 0x58, 0xA4, 0x3B, 0x74, 0x7A, 0x72,
    0xBA, 0x5C, 0xE1, 0xB3, 0x19, 0x12, 0x6C, 0x75, 0x2B, 0x3E, 0x66, 0xE6, 0x27, 0xA0, 0x3B, 0x80,
    0x12, 0x86, 0x28, 0x33, 0xFB, 0x92, 0x4E, 0x84, 0x1E, 0x94, 0x9A, 0x98, 0xA8, 0x42, 0x34, 0x40,
    0xD9, 0x79, 0x21, 0xCB, 0x4D, 0xC2, 0x87, 0x68, 0x99, 0xCA, 0x96, 0xC7, 0xD7, 0x43, 0x6E, 0x27,
    0x75, 0xDE, 0x06, 0xEE, 0xCB, 0xE4, 0xA2, 0x4A, 0x6A, 0xCE, 0xA6, 0xDF, 0xB7, 0x56, 0x94, 0xD2,
    0x0E, 0x67, 0x5B, 0x2F, 0xD2, 0xF7, 0xAE, 0xED, 0xF7, 0xC6, 0xE9, 0x68, 0xF8, 0xFD, 0xEB, 0xE8,
    0x27, 0x00, 0x64, 0xFA, 0x99, 0xA1, 0x35, 0x44, 0xAF, 0x80, 0xA1, 0x7E, 0x07, 0x10, 0xE0, 0xB0,
    0x8E, 0xD8, 0xB9, 0xF6, 0x5B, 0x13, 0xA0, 0x65, 0x89, 0xAA, 0xB4, 0x00, 0xBC, 0x8B, 0x24, 0x93,
    0x26, 0xC5, 0xF3, 0xA1, 0x3F, 0x1C, 0x96, 0x7A, 0x80, 0xB0, 0xC8, 0x10, 0x4F, 0x39, 0xD1, 0xA0,
    0xE8, 0x8D, 0x38, 0x66, 0x9F, 0xEB, 0x8A, 0xED, 0xF4, 0x2F, 0x5C, 0x7B, 0x13, 0xED, 0xCC, 0x0E,
    0x55, 0x7A, 0x21, 0xBB, 0x45, 0xF9, 0x5F, 0x1D, 0x25, 0x79, 0x9E, 0x49, 0xAB, 0xB4, 0x2C, 0xA0,
    0x55, 0x03, 0xA9, 0xB2, 0xE5, 0xC1, 0x7E, 0x2B, 0x5B, 0x2B, 0xDF, 0x00, 0x99, 0x69, 0xA2, 0x67,
    0x94, 0x1F, 0x1E, 0xD9, 0xA0, 0x83, 0x4D, 0x35, 0xC5, 0x96, 0x4B, 0x23, 0x7A, 0x8E, 0x9F, 0x5C,
    0xCC, 0x42, 0x57, 0xC9, 0x4F, 0x1B, 0x54, 0x2E, 0x10, 0x64, 0x46, 0x49, 0x43, 0x09, 0xCA, 0x26,
    0xFF, 0x1D, 0x37, 0xD4, 0x1C, 0x84, 0x55, 0xFA, 0xA0, 0x94, 0xCE, 0x7B, 0x0A, 0xF9, 0xB3, 0x4A,
    0x38, 0x52, 0xCC, 0x5D, 0x43, 0x87, 0xF3, 0x1F, 0x4A, 0x01, 0xED, 0x81, 0xAA, 0x68, 0x3C, 0xA3,
    0x72, 0xBD, 0x93, 0xEA, 0x07, 0x51, 0x60, 0xCD, 0x4C, 0x7E, 0xEE, 0x73, 0x58, 0xA0, 0xEB, 0x23,
    0xB4, 0x5D, 0xE4, 0xEA, 0x0E, 0xBD, 0xCD, 0xA7, 0x8D, 0x2F, 0x0A, 0x59, 0xAB, 0xA0, 0x04, 0xBD,
    0x26, 0xC4, 0x65, 0x60, 0x3B, 0xC6, 0xF8, 0x7F, 0x43, 0xA0, 0x47, 0x20, 0x48, 0x4C, 0xD1, 0x0B,
    0xB5, 0x77, 0x99, 0x9A, 0x21, 0x55, 0x83, 0xC7, 0x91, 0xA7, 0xE7, 0x63, 0x44, 0x4A, 0xCB, 0x83,
    0xF3, 0xC6, 0xB9, 0x65, 0xEB, 0x82, 0x6E, 0xAD, 0x3E, 0xD6, 0x33, 0xF8, 0x83, 0xCA, 0x95, 0x3F,
    0x19, 0xC4, 0x3C, 0x1D, 0x2E, 0x26, 0x3A, 0x2A, 0x01, 0x2A, 0xF3, 0x1B, 0x00, 0xEB, 0x9F, 0x45,
    0x22, 0xDE, 0x2C, 0x92, 0x38, 0x36, 0xE9, 0x25, 0x8C, 0x2B, 0x52, 0x27, 0x65, 0x42, 0xCA, 0x6C,
    0xC3, 0x29, 0x1A, 0x88, 0x59, 0xD2, 0x55, 0x38, 0xC5, 0x6B, 0xC7, 0xF3, 0xDF, 0x7A, 0x97, 0xFE,
    0x23, 0xDB, 0xFD, 0x71, 0xE5, 0x7C, 0x07, 0x90, 0x20, 0x73, 0x5A, 0x9A, 0x4D, 0x2D, 0xFD, 0x5F,
    0x7C, 0x14, 0x2D, 0x21, 0x7B, 0x04, 0x8E, 0x01, 0x2A, 0xE9, 0x31, 0x9A, 0xAC, 0x61, 0x84, 0xF6,
    0xD0, 0x4D, 0xB4, 0xAA, 0x73, 0x13, 0x1C, 0x86, 0x01, 0x3E, 0x04, 0x5A, 0xB4, 0x67, 0x19, 0xF0,
    0xE7, 0x65, 0x2C, 0x7B, 0x62, 0xBA, 0xDC, 0xCC, 0x4B, 0x98, 0x6B, 0x88, 0x00, 0x69, 0xE5, 0x31,
    0x40, 0x3F, 0x01, 0xDD, 0xAD, 0xF5, 0xF6, 0x9C, 0x6C, 0xBF, 0x77, 0x32, 0xF4, 0xDA, 0x8F, 0x4F,
    0xCE, 0xFE, 0xC8, 0x6B, 0xD1, 0xC9, 0x4D, 0x87, 0x59, 0x3C, 0xD8, 0xA0, 0x97, 0x29, 0xAA, 0x51,
    0xFB, 0x07, 0x35, 0xE7, 0x93, 0x86, 0xCF, 0x7E, 0x67, 0x5C, 0xA4, 0x8C, 0xB8, 0x6C, 0x1D, 0x70,
    0xB5, 0xE4, 0x33, 0x27, 0xC7, 0x56, 0x52, 0x0C, 0x28, 0xC9, 0xDE, 0x2B, 0xAB, 0x65, 0x1B, 0x19,
    0xFB, 0x86, 0xD2, 0x2C, 0x5B, 0x3C, 0x1F, 0x5F, 0xFC, 0x69, 0x16, 0xFF, 0x38, 0xF1, 0x75, 0xC1,
    0x05, 0xAE, 0xD0, 0x70, 0xB7, 0x99, 0xB5, 0x8B, 0x0E, 0xCF, 0xA9, 0x56, 0x34, 0x0D, 0xD3, 0x8A,
    0x86, 0xDF, 0x34, 0x34, 0x31, 0x07, 0x48, 0x0D, 0x63, 0x54, 0x74, 0x9C, 0xDC, 0x06, 0x1E, 0xDA,
    0x88, 0x96, 0x08, 0xED, 0x4D, 0x5B, 0xCD, 0x71, 0x83, 0x82, 0x7E, 0x1C, 0x55, 0x5C, 0x77, 0x84,
    0xE2, 0x4F, 0x49, 0x58, 0xBE, 0xBC, 0x6E, 0x07, 0x49, 0x16, 0x59, 0xBD, 0x59, 0x74, 0x77, 0x47,
    0x3D, 0xEF, 0x33, 0xD8, 0xE4, 0xB7, 0x75, 0x51, 0xA1, 0x92, 0x14, 0x31, 0x10, 0x7D, 0x99, 0x70,
    0x35, 0x55, 0x9B, 0x2A, 0x72, 0x82, 0x35, 0x88, 0x1D, 0x83, 0xB8, 0xA2, 0xF6, 0x76, 0xCC, 0x89,
    0x13, 0x33, 0xB5, 0x61, 0x91, 0x08, 0x10, 0x8C, 0x47, 0xE2, 0x40, 0x8E, 0xB8, 0xB9, 0x0D, 0x85,
    0x44, 0x80, 0xC7, 0xAC, 0x40, 0x50, 0x60, 0x57, 0x9C, 0xD8, 0x3A, 0xE2, 0x10, 0x88, 0x9D, 0x4F,
    0x08, 0x7F, 0x10, 0x31, 0x62, 0xC4, 0x1C, 0xA1, 0x7B, 0x16, 0xCC, 0x55, 0x5D, 0xF2, 0x3A, 0x9D,
    0xA4, 0xBA, 0x5F, 0xD2, 0xAF, 0xA7, 0xD5, 0x3A, 0xAE, 0xFF, 0x2C, 0x63, 0xF4, 0x6C, 0xD3, 0xAA,
    0xC2, 0x3A, 0xC6, 0xD1, 0x68, 0x5F, 0xBD, 0xA0, 0x4D, 0x0C, 0xE3, 0x72, 0xEB, 0x78, 0x54, 0x55,
    0x26, 0x3F, 0x64, 0x18, 0x36, 0xCA, 0x76, 0xEC, 0x85, 0x2E, 0xEA, 0x7E, 0xD8, 0x26, 0x46, 0x3B,
    0xED, 0x94, 0xD1, 0x98, 0xE3, 0x0C, 0x13, 0xE4, 0x34, 0x33, 0xDA, 0xD7, 0xD8, 0xE0, 0x04, 0x0D,
    0xCD, 0x02, 0x33, 0x28, 0x48, 0x93, 0xA6, 0xB8, 0xAF, 0x51, 0x14, 0xB8, 0xBA, 0xC0, 0xB0, 0xC3,
    0x30, 0xE0, 0xD5, 0x23, 0x24, 0x2B, 0xA3, 0x7F, 0x39, 0x82, 0xFA, 0x60, 0x35, 0x71, 0x9C, 0xE2,
    0xEC, 0x04, 0x13, 0xA2, 0xC9, 0x0C, 0x21, 0x1B, 0x6F, 0xEA, 0x73, 0x6C, 0xDE, 0x02, 0x47, 0x20,
    0x62, 0xC6, 0x02, 0xD3, 0xCB, 0x97, 0xCB, 0x78, 0xF3, 0x30, 0x7E, 0x01, 0x8D, 0xAF, 0xC0, 0x00,
    0xF4, 0x23, 0x3A, 0x88, 0x80, 0x64, 0x84, 0xF4, 0x90, 0x2D, 0xA4, 0x83, 0x30, 0xFF, 0x73, 0x67,
    0xB7, 0x73, 0xF3, 0xEF, 0x21, 0x8B, 0x2D, 0x8E, 0x99, 0xE6, 0xCE, 0x5C, 0xE8, 0xB0, 0x1C, 0x0E,
    0x33, 0xEF, 0x12, 0x5B, 0xE2, 0xEA, 0x5A, 0x0C, 0x0D, 0xBF, 0x86, 0x52, 0xB6, 0xE5, 0xB5, 0xF2,
    0x3F, 0x9A, 0xB4, 0x6D, 0x98, 0x22, 0xE9, 0xA1, 0x28, 0x43, 0x47, 0x7E, 0x0D, 0xA5, 0xB2, 0x05,
    0xB9, 0x3A, 0xB5, 0x1D, 0xB9, 0x6D, 0xFA, 0xDE, 0x93, 0x0B, 0xEA, 0x99, 0xE5, 0x93, 0xE6, 0x08,
    0x34, 0x97, 0x1C, 0x81, 0xBC, 0xE7, 0x08, 0x88, 0xA7, 0xBF, 0x6F, 0x90, 0x5B, 0xA8, 0x7D, 0x5C,
    0xC5, 0x80, 0x6C, 0x21, 0x7F, 0xBA, 0x40, 0x8A, 0xC9, 0xBD, 0xD9, 0xA2, 0xAB, 0xE5, 0x1E, 0xDB,
    0xC4, 0xB3, 0x0B, 0xA9, 0xAB, 0xD5, 0x73, 0x11, 0x34, 0xCA, 0x37, 0xEA, 0xB3, 0x2B, 0x91, 0xF5,
    0x32, 0xE2, 0x01, 0x7F, 0xF7, 0x98, 0x16, 0xE9, 0x94, 0xD5, 0x54, 0xED, 0x1C, 0xCC, 0x2E, 0x9E,
    0x18, 0xE2, 0x51, 0x1F, 0x59, 0xDF, 0xD9, 0x02, 0xF3, 0x02, 0xC5, 0x39, 0x0E, 0xC3, 0xCB, 0x56,
    0xDB, 0x25, 0x76, 0x54, 0xCC, 0x0E, 0xC4, 0x42, 0xBF, 0x17, 0x74, 0x3D, 0x81, 0x36, 0xA9, 0x93,
    0x5E, 0x04, 0x11, 0xA4, 0xD7, 0x76, 0x41, 0xDD, 0x24, 0xDE, 0xCD, 0x6B, 0x19, 0x76, 0xD2, 0x13,
    0x06, 0xD9, 0xF6, 0xA9, 0xEB, 0x94, 0x0B, 0xEA, 0x1D, 0x43, 0xAF, 0xBC, 0x4E, 0x5A, 0x2D, 0xDD,
    0xBD, 0x7F, 0xC4, 0x5C, 0xFB, 0x5A, 0xBB, 0x46, 0x73, 0xAD, 0x8F, 0xBF, 0x7D, 0x5A, 0x93, 0xCA,
    0xC0, 0x29, 0xD9, 0x05, 0x6B, 0x00, 0x96, 0x17, 0xCA, 0x8E, 0x5D, 0x19, 0x3F, 0x49, 0x6A, 0x0A,
    0xBE, 0x76, 0xA4, 0x9E, 0xE1, 0x36, 0xDD, 0x19, 0xC9, 0xCD, 0xFA, 0x0B, 0x8D, 0x54, 0x3D, 0x8C,
    0xDC, 0x44, 0x18, 0x7D, 0xF6, 0x90, 0xB3, 0x88, 0x11, 0x43, 0x91, 0x48, 0xE8, 0x72, 0xC8, 0x88,
    0x0A, 0xC2, 0x45, 0x6E, 0x29, 0x2E, 0x6B, 0xB7, 0x74, 0x14, 0xAC, 0xD2, 0x52, 0xD2, 0x1D, 0x45,
    0x84, 0x28, 0xEE, 0x6E, 0x9D, 0x9E, 0xE2, 0x28, 0xD2, 0x5F, 0x41, 0x73, 0xBE, 0x82, 0x2B, 0x52,
    0xA4, 0xD8, 0xDB, 0x9D, 0x3E, 0x12, 0xB2, 0x22, 0x21, 0x4A, 0x8C, 0x72, 0x51, 0xA4, 0xD0, 0x8C,
    0x14, 0x43, 0x7C, 0x87, 0xD7, 0xC3, 0xFB, 0xC6, 0xDE, 0x13, 0x91, 0x28, 0x98, 0xDD, 0xF9, 0xAC,
    0xF5, 0xCE, 0x7C, 0x3F, 0xEF, 0xBD, 0xEF, 0x03, 0xDE, 0xF9, 0x0A, 0xD8, 0xAA, 0x81, 0xCF, 0x0C,
    0xF0, 0xAD, 0x41, 0xF2, 0xAA, 0xC5, 0xF2, 0xD9, 0x2A, 0xEC, 0xB0, 0x13, 0x59, 0xEC, 0x68, 0x83,
    0x9D, 0xA4, 0x00, 0x32, 0x0C, 0x7B, 0xF2, 0xAF, 0xBD, 0x7E, 0x97, 0x9A, 0xC0, 0x68, 0xBB, 0x5B,
    0xAB, 0x67, 0x2E, 0xC7, 0x93, 0x73, 0x84, 0x3F, 0x03, 0xEA, 0x7B, 0xEE, 0x6D, 0x20, 0xB8, 0x01,
    0x84, 0x65, 0xF9, 0xA3, 0x72, 0xAE, 0xC3, 0xA2, 0x6C, 0x31, 0xC7, 0x7D, 0x74, 0xF8, 0x86, 0x1B,
    0x68, 0x87, 0x1D, 0x38, 0x87, 0xF0, 0xF2, 0x18, 0xCA, 0xC2, 0xEF, 0xCC, 0x15, 0xF8, 0xF4, 0x25,
    0x10, 0x55, 0x40, 0xCC, 0xAC, 0x76, 0x79, 0xC6, 0xAD, 0x78, 0x36, 0x58, 0x1E, 0x42, 0xBB, 0x16,
    0xD9, 0x0F, 0x2D, 0xCE, 0xF0, 0x88, 0x3E, 0x4E, 0xD7, 0x3E, 0x12, 0xBE, 0xBE, 0x36, 0xFD, 0xC2,
    0xEF, 0xCC, 0x59, 0x04, 0x0D, 0x8F, 0xD3, 0x57, 0x68, 0x83, 0x42, 0xD5, 0xCA, 0x44, 0x46, 0x99,
    0x99, 0x73, 0x85, 0x73, 0xCC, 0xB1, 0xCC, 0x43, 0x7E, 0x9D, 0x89, 0x19, 0x68, 0x56, 0x05, 0xBC,
    0x9E, 0x59, 0xF0, 0xF0, 0xC4, 0xDB, 0xBD, 0x56, 0x2E, 0xCE, 0xE7, 0xB4, 0x31, 0x8F, 0xF7, 0x08,
    0xA6, 0xD3, 0xE9, 0x97, 0x18, 0x96, 0x76, 0x52, 0x48, 0x60, 0xE3, 0x5F, 0x0D, 0xAD, 0x7A, 0x61,
    0x10, 0xD6, 0xEA, 0xEF, 0x02, 0xAA, 0x0E, 0xE8, 0x4C, 0x55, 0xA0, 0xFB, 0x94, 0x08, 0xD2, 0x65,
    0x27, 0xE0, 0x84, 0xE5, 0x31, 0x8B, 0x72, 0x8E, 0x00, 0x2F, 0x4E, 0x98, 0xD3, 0x3C, 0x60, 0xE1,
    0x1D, 0x3F, 0xE2, 0xA8, 0xF0, 0x06, 0x4D, 0xD8, 0xD0, 0x17, 0xD1, 0x0E, 0x2F, 0x97, 0x86, 0x87,
    0x7B, 0xDE, 0xB8, 0x3C, 0xA4, 0xE1, 0x25, 0x71, 0x39, 0x20, 0xE1, 0xA1, 0xF0, 0x58, 0x0C, 0x60,
    0x6C, 0x1E, 0xE3, 0x6B, 0x94, 0x87, 0x59, 0x8F, 0x2E, 0x74, 0x75, 0x54, 0xD3, 0xF1, 0x84, 0x57,
    0x14, 0x89, 0xE3, 0x23, 0x5A, 0x11, 0x69, 0x65, 0xF5, 0x19, 0x1A, 0x79, 0x4C, 0x58, 0x4C, 0xE6,
    0x64, 0xE1, 0xE6, 0x54, 0xD6, 0x58, 0x0E, 0x96, 0xF2, 0x6E, 0x85, 0xE0, 0x2F, 0x9B, 0xA6, 0xFC,
    0xF9, 0xAA, 0x4A, 0xEE, 0xF2, 0xF1, 0xDA, 0xE8, 0xB9, 0xC4, 0xC9, 0xB5, 0x0F, 0x07, 0x4D, 0x40,
    0xD0, 0x43, 0x4B, 0x42, 0xDD, 0x90, 0xC8, 0xD5, 0xBA, 0x21, 0x66, 0x4F, 0xCC, 0xDC, 0x53, 0x49,
    0x5C, 0xCA, 0x3E, 0x1F, 0x99, 0x3D, 0x6E, 0x84, 0x1A, 0xDE, 0x5E, 0x9E, 0x90, 0x93, 0x36, 0xB4,
    0x4C, 0x86, 0x14, 0xC7, 0x86, 0xB5, 0x69, 0x6F, 0x0A, 0xD6, 0xA6, 0x0B, 0xCA, 0x6C, 0x34, 0x19,
    0x8D, 0x21, 0x28, 0xB1, 0xFB, 0x8D, 0x80, 0x38, 0x4D, 0x07, 0xEF, 0xD1, 0x19, 0xB3, 0x16, 0x62,
    0xC5, 0xD5, 0xB0, 0x76, 0xCF, 0x09, 0x0B, 0xCB, 0x41, 0xF2, 0x9C, 0x60, 0xCF, 0xA0, 0x25, 0x33,
    0x0D, 0x42, 0x79, 0xCD, 0x8B, 0x88, 0x87, 0x89, 0xE3, 0x6D, 0x81, 0xDF, 0xAF, 0x99, 0x80, 0x96,
    0xFC, 0x42, 0x1E, 0xB5, 0xA4, 0x1F, 0x7B, 0x58, 0x2D, 0x3E, 0x84, 0x6A, 0x79, 0x07, 0x9E, 0x21,
    0x62, 0xC9, 0x9C, 0x73, 0x61, 0xAD, 0x28, 0x8F, 0x94, 0x7B, 0xCA, 0x70, 0x67, 0x38, 0x90, 0xCA,
    0x84, 0x35, 0x66, 0x8F, 0x4E, 0xA8, 0x68, 0x35, 0x3B, 0xA2, 0xCD, 0xA4, 0x34, 0x66, 0xE0, 0x4D,
    0x68, 0xF7, 0x45, 0xBC, 0x99, 0xB0, 0x96, 0xE4, 0x34, 0x8C, 0x12, 0x55, 0x51, 0x0D, 0x0A, 0xCF,
    0x62, 0xB7, 0x09, 0x7B, 0x50, 0x37, 0x0E, 0x9B, 0xEC, 0x05, 0x96, 0xD1, 0x4C, 0x7E, 0x7A, 0x69,
    0xD9, 0x5C, 0xF6, 0xBE, 0x2E, 0x2C, 0xC4, 0x5D, 0xF2, 0x39, 0x1B, 0x89, 0xCA, 0x5A, 0xE6, 0xD0,
    0xD5, 0xC7, 0x78, 0x2B, 0x6E, 0x59, 0x3D, 0x5F, 0x9F, 0x8D, 0xE8, 0xCE, 0x3D, 0xF4, 0x10, 0xC9,
    0x26, 0x1E, 0xE3, 0xD2, 0xEB, 0x8A, 0x29, 0x2D, 0xEE, 0xB5, 0x72, 0xA4, 0x13, 0x38, 0x9C, 0xD9,
    0x28, 0xCB, 0xB2, 0xB8, 0x92, 0x6A, 0xBE, 0x71, 0x71, 0xEF, 0x82, 0xCD, 0x90, 0xD4, 0xF4, 0x46,
    0x69, 0x86, 0x6C, 0x93, 0x01, 0x9E, 0x41, 0x5C, 0xF5, 0x5A, 0x5C, 0xE9, 0x85, 0x88, 0xA1, 0xF7,
    0x17, 0x3F, 0x10, 0x73, 0x47, 0xCC, 0xF6, 0xD8, 0x74, 0x48, 0x05, 0x4C, 0xF7, 0x70, 0x01, 0xCA,
    0xEB, 0x8E, 0xE0, 0xB6, 0x2D, 0x30, 0x6E, 0x41, 0x46, 0x83, 0x9F, 0x01, 0x83, 0x99, 0x60, 0xA3,
    0xCC, 0x27, 0x8C, 0x5C, 0x4C, 0x84, 0x7F, 0x1A, 0xCA, 0x4E, 0xFA, 0x30, 0xCB, 0x09, 0x9E, 0xAE,
    0x22, 0xDF, 0x52, 0x35, 0x65, 0x22, 0x0A, 0xD1, 0xA2, 0x12, 0x8D, 0xB5, 0x79, 0x7B, 0xA4, 0x55,
    0x58, 0x8D, 0x9E, 0xCF, 0x8A, 0x98, 0x82, 0x88, 0x3D, 0x36, 0xF2, 0xF7, 0x81, 0xB0, 0x5F, 0x51,
    0x06, 0xF9, 0x28, 0x5B, 0x93, 0x3C, 0x9C, 0xFA, 0xA8, 0x7B, 0xBC, 0xB9, 0xC7, 0xAC, 0x0E, 0x28,
    0xFC, 0x8C, 0x20, 0xC7, 0xAE, 0x19, 0x55, 0xB9, 0x35, 0x96, 0xB0, 0xC3, 0xBD, 0x3F, 0xCC, 0x88,
    0xE5, 0x1F, 0x6F, 0x8E, 0xB6, 0xFC, 0x7F, 0x8C, 0xB6, 0x3F, 0x39, 0xDA, 0x04, 0xBC, 0xE5, 0xF9,
    0x90, 0x8A, 0xEC, 0x77, 0x87, 0x84, 0x85, 0xCE, 0xD4, 0x49, 0x40, 0x78, 0x75, 0x72, 0xC4, 0xD8,
    0xC7, 0xFA, 0x81, 0x3D, 0x4D, 0xF2, 0xFA, 0x34, 0x41, 0x8D, 0x14, 0x6F, 0x06, 0xB8, 0xFB, 0xDF,
    0x74, 0x5E, 0x2F, 0xCB, 0x43, 0xEA, 0x48, 0x98, 0x20, 0xD6, 0xCE, 0xDC, 0x2E, 0xFB, 0x02, 0xEB,
    0x19, 0x29, 0x7C, 0xA5, 0x9C, 0x2C, 0xA4, 0xA0, 0xEC, 0x46, 0x3F, 0xE2, 0x57, 0xF0, 0x13, 0x31,
    0x4B, 0x3F, 0x46, 0x4C, 0x41, 0xF1, 0xEC, 0x27, 0xE3, 0xFF, 0xFB, 0x12, 0x83, 0x87, 0x96, 0x2D,
    0x82, 0x3E, 0x20, 0xF4, 0x07, 0x78, 0xFF, 0x16, 0x47, 0x33, 0x9B, 0x20, 0xB5, 0x38, 0xFA, 0xC8,
    0x86, 0x56, 0xF9, 0x4F, 0x54, 0x89, 0x56, 0x55, 0x95, 0xE5, 0xD1, 0xD3, 0x15, 0x63, 0x37, 0xC4,
    0x36, 0xBF, 0xEA, 0x6B, 0x7C, 0xE7, 0xED, 0x63, 0x6F, 0x1F, 0x89, 0x89, 0xDD, 0xD0, 0x4D, 0x54,
    0x4E, 0xB8, 0x7A, 0xCD, 0xA8, 0xD1, 0xEF, 0x35, 0x93, 0xD2, 0x0F, 0x6A, 0x86, 0xCC, 0xC2, 0x8A,
    0xC1, 0xF7, 0x95, 0x61, 0xE4, 0x4E, 0x6C, 0xD0, 0x28, 0x93, 0xB0, 0x39, 0xC4, 0x72, 0x28, 0x15,
    0x49, 0x1E, 0x55, 0x71, 0x9E, 0x30, 0xE5, 0x18, 0x09, 0x93, 0xD7, 0x2C, 0x44, 0x18, 0x4E, 0x31,
    0x13, 0x26, 0x0A, 0x71, 0x9E, 0x19, 0x11, 0xB7, 0xD7, 0xF6, 0xE2, 0xA4, 0x65, 0x25, 0x1D, 0xD1,
    0x9A, 0x7B, 0x2B, 0x83, 0xB3, 0xE5, 0xBC, 0x6E, 0x23, 0x7B, 0x9D, 0xB3, 0x32, 0x71, 0x17, 0x3E,
    0xB1, 0xCD, 0xF2, 0x88, 0x99, 0xD7, 0x5E, 0xCE, 0xA2, 0x66, 0x11, 0xB3, 0x68, 0xF9, 0x1F, 0x65,
    0x52, 0xB1, 0x4E, 0xE4, 0x30, 0x14, 0x9C, 0xC4, 0x87, 0x52, 0x04, 0xE4, 0xFB, 0x83, 0xB4, 0x54,
    0x84, 0x82, 0x32, 0x6C, 0x22, 0xF1, 0x37, 0x7C, 0xC3, 0xC2, 0x22, 0xF1, 0x03, 0x7C, 0x02, 0x75,
    0x9A, 0x6B, 0x29, 0x16, 0xAD, 0x25, 0x0A, 0x0A, 0x8A, 0x4B, 0x7F, 0x4D, 0x4E, 0x5B, 0x52, 0x90,
    0x82, 0xC2, 0xBA, 0x5D, 0x30, 0x33, 0x0E, 0x49, 0x73, 0xD1, 0x7A, 0x94, 0x8D, 0xDF, 0x1B, 0xCF,
    0x8C, 0x1F, 0xD0, 0x00, 0x48, 0x7B, 0x42, 0xEE, 0x08, 0x25, 0x17, 0xF6, 0x5C, 0x66, 0x20, 0x58,
    0x7D, 0xAA, 0xDB, 0xB6, 0xBD, 0xDB, 0x84, 0x10, 0xFA, 0xF8, 0x56, 0x34, 0x53, 0xAD, 0x51, 0x17,
    0xDE, 0x05, 0x4B, 0xC1, 0x89, 0xE0, 0x87, 0x00, 0xF7, 0xE4, 0xF4, 0xEC, 0xFF, 0x60, 0x7B, 0x40,
    0xF2, 0xEF, 0xD5, 0x65, 0xDB, 0xED, 0x50, 0x5E, 0x74, 0xFB, 0xB5, 0x71, 0x8B, 0xD3, 0xCC, 0x1D,
    0x46, 0x8A, 0xFC, 0x86, 0x35, 0x5A, 0xE4, 0xB4, 0x6C, 0x2B, 0xBE, 0x97, 0x54, 0x2C, 0xC4, 0x93,
    0x08, 0x72, 0x9D, 0x98, 0xE9, 0xC4, 0x54, 0xA2, 0xE0, 0x31, 0x6D, 0x97, 0xB8, 0x6C, 0xDB, 0x5F,
    0x8E, 0xDA, 0x42, 0xD7, 0xEA, 0x6D, 0xDA, 0xF0, 0x93, 0xBC, 0x82, 0xEC, 0xB8, 0x9A, 0x75, 0xFE,
    0x14, 0x1C, 0x0B, 0xAA, 0x59, 0xF6, 0x7A, 0x06, 0x3F, 0xD7, 0x0D, 0x13, 0x24, 0x84, 0x2A, 0x1D,
    0x2C, 0x4A, 0xD3, 0x5F, 0xC3, 0x3E, 0xFD, 0xF5, 0x30, 0xDB, 0x3F, 0x1D, 0xB0, 0x0B, 0xDC, 0x5D,
    0x29, 0xA9, 0x42, 0x75, 0x72, 0x02, 0x66, 0x29, 0xFB, 0xA6, 0x8B, 0xEC, 0x0C, 0x4F, 0x3E, 0xEA,
    0x31, 0x46, 0x1F, 0x05, 0x49, 0x13, 0x29, 0xA3, 0xAA, 0x3D, 0x56, 0xD4, 0xDC, 0x6E, 0x10, 0xE2,
    0x83, 0x8D, 0xFE, 0x7D, 0xAA, 0x1E, 0xC9, 0x7B, 0x8C, 0x25, 0xEB, 0xF4, 0x03, 0x13, 0x97, 0xF1,
    0xC7, 0xD8, 0x13, 0x23, 0xA8, 0x60, 0x1C, 0xE6, 0x7C, 0x62, 0x64, 0x58, 0xF1, 0x4B, 0x1A, 0xC8,
    0x6F, 0x03, 0x2D, 0xD4, 0xE7, 0x34, 0xED, 0xAB, 0x12, 0x59, 0x5F, 0xE5, 0xCE, 0x36, 0x4B, 0x8A,
    0xA2, 0x49, 0x26, 0xF9, 0xF0, 0xBF, 0x53, 0x99, 0x1C, 0x89, 0x35, 0x08, 0x67, 0xA6, 0x3F, 0xC2,
    0x95, 0xE9, 0x6A, 0x7A, 0x76, 0x1E, 0xF9, 0xF3, 0x33, 0x75, 0xEF, 0xDE, 0xD8, 0x1A, 0x64, 0xB7,
    0x56, 0x5D, 0xA1, 0xE3, 0x0F, 0xE2, 0xE1, 0x71, 0x80, 0x32, 0x65, 0x5D, 0x8A, 0x70, 0xC3, 0x2B,
    0x67, 0x35, 0x65, 0xBC, 0xFC, 0x76, 0xB8, 0xB6, 0xB7, 0x43, 0xE2, 0x6D, 0xE3, 0xD1, 0xD9, 0xE6,
    0x6C, 0xBC, 0xE4, 0x51, 0x6E, 0x39, 0x4F, 0x4C, 0xBC, 0xB0, 0xF3, 0xEF, 0x3B, 0xC9, 0xB1, 0x4C,
    0x5D, 0xEE, 0xD6, 0xB9, 0x33, 0xC3, 0x03, 0xA3, 0xF0, 0x9E, 0x67, 0x2E, 0x76, 0xA4, 0x2F, 0x82,
    0x12, 0xF9, 0x98, 0xA7, 0xA0, 0xD1, 0x68, 0x85, 0xCF, 0x11, 0xE2, 0xF3, 0x05, 0x8D, 0x90, 0xB1,
    0x4A, 0x03, 0x41, 0x10, 0x86, 0xFF, 0xBB, 0x10, 0x52, 0xDC, 0xC2, 0x55, 0xBE, 0x85, 0x70, 0x0B,
    0x16, 0x36, 0x07, 0x7B, 0xBE, 0x41, 0xDE, 0x24, 0x88, 0x85, 0x57, 0x04, 0x93, 0x07, 0xB0, 0xC8,
    0x43, 0xF8, 0x00, 0x07, 0xB6, 0x42, 0x56, 0x02, 0x5A, 0x24, 0xEA, 0x82, 0x6D, 0x8A, 0x4D, 0x22,
    0x58, 0x08, 0x71, 0x8B, 0x88, 0x07, 0xB9, 0xDC, 0x3A, 0xBB, 0xC6, 0x14, 0x12, 0xC4, 0x99, 0x59,
    0x3E, 0xE6, 0x87, 0xF9, 0x77, 0x77, 0x00, 0xE8, 0x7D, 0xD9, 0xD4, 0x42, 0x0F, 0x95, 0x95, 0x17,
    0x70, 0xA1, 0x7D, 0xAD, 0x80, 0x0D, 0x60, 0x81, 0xF7, 0x3E, 0x16, 0x12, 0x73, 0x89, 0x99, 0xAF,
    0x79, 0xBF, 0xB9, 0x80, 0x98, 0x61, 0xA8, 0x60, 0x25, 0xBE, 0x27, 0xDA, 0x40, 0xC7, 0x20, 0xB1,
    0x06, 0xF6, 0xA5, 0xA0, 0xC9, 0x82, 0x0C, 0xFE, 0x38, 0x41, 0xD1, 0xD4, 0x89, 0x11, 0xBA, 0x47,
    0x97, 0x0E, 0xA5, 0x95, 0x62, 0x6B, 0xB3, 0xCF, 0x87, 0x7A, 0xEB, 0x7A, 0x5D, 0xC0, 0xFC, 0xCF,
    0x67, 0xF0, 0xEB, 0x77, 0xAF, 0x7A, 0xB9, 0x32, 0xB9, 0xCE, 0x75, 0x31, 0xD7, 0x36, 0xBB, 0x42,
    0x46, 0x46, 0xA6, 0xFB, 0x59, 0xD9, 0xAA, 0x4E, 0xCD, 0x4F, 0x76, 0xD7, 0xBE, 0x1F, 0xA4, 0x48,
    0xC9, 0x22, 0x90, 0x08, 0x14, 0x55, 0x14, 0x2C, 0xA3, 0xB0, 0x8E, 0x92, 0x32, 0xB2, 0x4A, 0x7C,
    0x28, 0x7B, 0xA2, 0xDE, 0x9C, 0xE8, 0xF5, 0x46, 0x1D, 0x75, 0x9C, 0xDE, 0xDB, 0xE9, 0xC8, 0x22,
    0xA0, 0x45, 0xE3, 0x07, 0xE4, 0xD0, 0x46, 0x68, 0x4B, 0xF4, 0x6C, 0x16, 0x5F, 0x26, 0xE1, 0xEA,
    0x4E, 0x0B, 0x16, 0x8F, 0x0B, 0x59, 0x9E, 0x33, 0xB6, 0xE1, 0x72, 0x7A, 0xCD, 0x58, 0xCE, 0xE5,
    0xE3, 0x33, 0x63, 0x9C, 0xCB, 0xFB, 0x91, 0xC7, 0x68, 0x8B, 0xAD, 0xB8, 0xF0, 0x18, 0x9F, 0x79,
    0x3C, 0x1C, 0x7B, 0x4C, 0x13, 0x8F, 0x32, 0xF6, 0x30, 0x2D, 0x87, 0x5B, 0x15, 0x4E, 0x08, 0xA3,
    0x3E, 0x2A, 0xC2, 0x13, 0x90, 0x12, 0x2A, 0x20, 0x26, 0x18, 0xA0, 0x31, 0xE1, 0x47, 0x92, 0xDE,
    0x74, 0xC3, 0x85, 0xDB, 0xF0, 0x21, 0xCF, 0x1D, 0x5A, 0xA7, 0xCA, 0x21, 0x58, 0x67, 0x7E, 0xEF,
    0x29, 0x76, 0xF1, 0x05, 0x6D, 0x8E, 0xB1, 0x0D, 0xC2, 0x30, 0x10, 0x45, 0x1F, 0xB2, 0x94, 0x14,
    0x29, 0x3C, 0x82, 0x47, 0xC8, 0x04, 0x49, 0x6E, 0x09, 0x2A, 0x56, 0x89, 0x44, 0x46, 0x60, 0x08,
    0xFA, 0x2C, 0x80, 0x64, 0x8F, 0x90, 0x86, 0x3E, 0x35, 0x55, 0x24, 0x28, 0x28, 0x10, 0xE6, 0x2E,
    0xA1, 0xA0, 0xE0, 0x24, 0xBF, 0x2F, 0x5B, 0xF2, 0xFD, 0x07, 0xC5, 0x09, 0x38, 0xDE, 0x27, 0x78,
    0x1F, 0x66, 0xDC, 0x52, 0x4E, 0xB8, 0x59, 0x9F, 0x34, 0xA1, 0xBA, 0xEE, 0x85, 0x98, 0xF3, 0xC0,
    0x78, 0x1B, 0x07, 0xFC, 0xE0, 0x45, 0x11, 0xC0, 0x4B, 0x0D, 0x81, 0x0E, 0x6A, 0x43, 0x47, 0x6B,
    0x68, 0xD0, 0xEC, 0xD1, 0xBC, 0xA0, 0x19, 0x45, 0x53, 0xFF, 0xEA, 0x05, 0x5E, 0x86, 0x87, 0x1E,
    0xB7, 0x28, 0xA2, 0x6D, 0xCF, 0xAC, 0x53, 0x9C, 0xCD, 0x20, 0x2F, 0xEC, 0x36, 0x03, 0x67, 0x06,
    0x5A, 0x5F, 0x4E, 0x55, 0xA2, 0x4A, 0x8A, 0x98, 0x7D, 0x52, 0x03, 0xBF, 0x1A, 0x18, 0x82, 0x10,
    0x24, 0x98, 0x41, 0xFD, 0x6B, 0xD0, 0x6E, 0x68, 0xCC, 0xA0, 0x5F, 0x0D, 0xAC, 0x3C, 0xA7, 0xAD,
    0xFC, 0xF9, 0xC7, 0x40, 0xF8, 0xCE, 0x07, 0x55, 0x8E, 0xB1, 0x4A, 0x03, 0x41, 0x10, 0x86, 0xFF,
    0xBB, 0x2D, 0x44, 0x36, 0xB9, 0xB5, 0xB1, 0xD1, 0x40, 0x5E, 0x20, 0x90, 0x14, 0x57, 0x58, 0x88,
    0x9E, 0xE4, 0x1D, 0xAC, 0x7C, 0x04, 0x21, 0x3E, 0x80, 0xC5, 0x81, 0x2F, 0xE0, 0x43, 0xD8, 0x58,
    0x25, 0x45, 0x8A, 0x14, 0x42, 0x46, 0x02, 0x5A, 0xD8, 0xEC, 0x23, 0x6C, 0x61, 0xE3, 0x55, 0x57,
    0xA4, 0x48, 0x20, 0xC9, 0x38, 0xB3, 0x97, 0x08, 0x0E, 0xEC, 0xF7, 0x2F, 0xFF, 0xCE, 0xCE, 0xFC,
    0x00, 0x4E, 0xA0, 0xB5, 0x55, 0xA4, 0x5F, 0x91, 0x8B, 0x86, 0x85, 0xD0, 0x3C, 0x45, 0x0E, 0x95,
    0xCE, 0xA8, 0x7F, 0x69, 0xF5, 0x31, 0xB8, 0xB9, 0x87, 0x2B, 0xDC, 0xCB, 0x03, 0x3A, 0xE8, 0x21,
    0xBF, 0x9D, 0x09, 0x07, 0xFC, 0x0C, 0x37, 0x5E, 0x06, 0xA0, 0x5B, 0xDD, 0x09, 0xAF, 0x90, 0x09,
    0x77, 0x68, 0x07, 0xD8, 0xCF, 0xEA, 0x2D, 0xE0, 0xD8, 0x54, 0x2B, 0x71, 0x2C, 0x5A, 0x7F, 0x34,
    0x3F, 0xF7, 0xBC, 0x84, 0x1D, 0xD7, 0xA7, 0xA3, 0xA2, 0x0D, 0x42, 0xBA, 0x76, 0x37, 0x04, 0xF4,
    0x99, 0x4B, 0xFC, 0xAF, 0x79, 0x74, 0x6C, 0x48, 0x36, 0x22, 0x8F, 0x72, 0x2B, 0x90, 0x78, 0x20,
    0x09, 0x38, 0xD2, 0x74, 0x17, 0xC8, 0xB4, 0x4B, 0xD3, 0x68, 0x1B, 0x72, 0x15, 0x83, 0x49, 0x1A,
    0x30, 0x33, 0x65, 0x30, 0x35, 0x36, 0x09, 0x79, 0x15, 0x90, 0x97, 0x8F, 0x53, 0x10, 0xC5, 0xB9,
    0xE4, 0xF7, 0xF2, 0x0A, 0x9C, 0x95, 0x14, 0x3E, 0x98, 0xBF, 0xDF, 0x69, 0xB2, 0x06, 0xCE, 0x17,
    0x65, 0x7E, 0xCD, 0xCC, 0x43, 0xF4, 0xBA, 0xCC, 0x5B, 0x8B, 0xCC, 0xAC, 0xD2, 0xBA, 0x23, 0xFB,
    0xFA, 0x3B, 0x99, 0x2F, 0x9B, 0xE3, 0x69, 0xB2, 0x1C, 0x92, 0xED, 0x73, 0x36, 0xF5, 0x0B,
};

static const EpdGlyph bitter_12_italicGlyphs[] = {
    { 0, 0, 75, 0, 0, 0, 0 }, // U+0020
    { 6, 19, 127, 1, 18, 29, 0 }, // !
    { 8, 8, 155, 3, 20, 16, 29 }, // "
    { 16, 18, 254, 0, 18, 72, 45 }, // #
    { 14, 25, 242, 1, 21, 88, 117 }, // $
    { 17, 19, 329, 2, 18, 81, 205 }, // %
    { 16, 19, 273, 1, 18, 76, 286 }, // &
    { 3, 8, 90, 3, 20, 6, 362 }, // '
    { 9, 26, 120, 0, 22, 59, 368 }, // (
    { 9, 26, 120, -1, 22, 59, 427 }, // )
    { 9, 9, 175, 2, 20, 21, 486 }, // *
    { 12, 13, 218, 1, 15, 39, 507 }, // +
    { 5, 7, 90, -1, 3, 9, 546 }, // ,
    { 8, 3, 163, 1, 9, 6, 555 }, // -
    { 4, 4, 92, 0, 3, 4, 561 }, // .
    { 12, 24, 122, -2, 21, 72, 565 }, // /
    { 14, 16, 253, 1, 15, 56, 637 }, // 0
    { 10, 14, 166, 0, 14, 35, 693 }, // 1
    { 13, 15, 223, 0, 15, 49, 728 }, // 2
    { 14, 19, 216, -1, 15, 67, 777 }, // 3
    { 15, 18, 230, -1, 15, 68, 844 }, // 4
    { 14, 19, 206, -1, 15, 67, 912 }, // 5
    { 14, 19, 236, 1, 18, 67, 979 }, // 6
    { 13, 19, 206, 1, 15, 62, 1046 }, // 7
    { 14, 19, 239, 1, 18, 67, 1108 }, // 8
    { 14, 19, 237, 0, 15, 67, 1175 }, // 9
    { 5, 13, 92, 0, 12, 17, 1242 }, // :
    { 6, 16, 92, -1, 12, 24, 1259 }, // ;
    { 12, 12, 208, 1, 15, 36, 1283 }, // <
    { 13, 7, 269, 2, 12, 23, 1319 }, // =
    { 13, 12, 208, 0, 15, 39, 1342 }, // >
    { 10, 19, 164, 1, 18, 48, 1381 }, // ?
    { 20, 20, 347, 1, 17, 100, 1429 }, // @
    { 17, 18, 272, -1, 18, 77, 1529 }, // A
    { 15, 18, 254, 0, 18, 68, 1606 }, // B
    { 15, 19, 248, 1, 18, 72, 1674 }, // C
    { 17, 18, 283, 0, 18, 77, 1746 }, // D
    { 15, 18, 241, 0, 18, 68, 1823 }, // E
    { 15, 18, 220, 0, 18, 68, 1891 }, // F
    { 17, 19, 285, 1, 18, 81, 1959 }, // G
    { 20, 18, 307, 0, 18, 90, 2040 }, // H
    { 10, 18, 141, 0, 18, 45, 2130 }, // I
    { 13, 22, 134, -3, 18, 72, 2175 }, // J
    { 18, 18, 276, 0, 18, 81, 2247 }, // K
    { 13, 18, 215, 0, 18, 59, 2328 }, // L
    { 23, 18, 344, 0, 18, 104, 2387 }, // M
    { 20, 18, 303, 0, 18, 90, 2491 }, // N
    { 17, 19, 289, 1, 18, 81, 2581 }, // O
    { 15, 18, 235, 0, 18, 68, 2662 }, // P
    { 18, 23, 290, 1, 18, 104, 2730 }, // Q
    { 15, 18, 256, 0, 18, 68, 2834 }, // R
    { 15, 19, 233, 0, 18, 72, 2902 }, // S
    { 15, 18, 232, 1, 18, 68, 2974 }, // T
    { 18, 19, 291, 2, 18, 86, 3042 }, // U
    { 18, 19, 274, 1, 18, 86, 3128 }, // V
    { 26, 19, 396, 1, 18, 124, 3214 }, // W
    { 19, 18, 273, -1, 18, 86, 3338 }, // X
    { 17, 18, 251, 1, 18, 77, 3424 }, // Y
    { 16, 18, 238, 0, 18, 72, 3501 }, // Z
    { 10, 25, 131, 0, 22, 63, 3573 }, // [
    { 5, 24, 123, 2, 21, 30, 3636 }, // <backslash>
    { 10, 25, 131, -1, 22, 63, 3666 }, // ]
    { 11, 9, 201, 1, 22, 25, 3729 }, // ^
    { 13, 3, 190, -2, -1, 10, 3754 }, // _
    { 7, 6, 154, 3, 21, 11, 3764 }, // `
    { 14, 15, 235, 0, 14, 53, 3775 }, // a
    { 13, 21, 229, 1, 20, 69, 3828 }, // b
    { 12, 15, 193, 0, 14, 45, 3897 }, // c
    { 15, 21, 235, 0, 20, 79, 3942 }, // d
    { 13, 15, 203, 0, 14, 49, 4021 }, // e
    { 15, 26, 135, -3, 20, 98, 4070 }, // f
    { 14, 20, 229, 0, 14, 70, 4168 }, // g
    { 13, 21, 238, 1, 20, 69, 4238 }, // h
    { 6, 21, 117, 1, 20, 32, 4307 }, // i
    { 10, 26, 111, -3, 20, 65, 4339 }, // j
    { 13, 20, 220, 1, 20, 65, 4404 }, // k
    { 6, 21, 111, 1, 20, 32, 4469 }, // l
    { 21, 15, 362, 1, 14, 79, 4501 }, // m
    { 14, 15, 244, 1, 14, 53, 4580 }, // n
    { 12, 15, 223, 1, 14, 45, 4633 }, // o
    { 16, 20, 236, -2, 14, 80, 4678 }, // p
    { 14, 20, 229, 0, 14, 70, 4758 }, // q
    { 11, 14, 166, 1, 14, 39, 4828 }, // r
    { 12, 15, 190, 0, 14, 45, 4867 }, // s
    { 9, 18, 148, 1, 17, 41, 4912 }, // t
    { 13, 15, 244, 1, 14, 49, 4953 }, // u
    { 15, 15, 208, 0, 14, 57, 5002 }, // v
    { 21, 15, 316, 0, 14, 79, 5059 }, // w
    { 15, 14, 216, -1, 14, 53, 5138 }, // x
    { 17, 20, 208, -2, 14, 85, 5191 }, // y
    { 13, 14, 191, -1, 14, 46, 5276 }, // z
    { 10, 25, 132, 0, 22, 63, 5322 }, // {
    { 7, 24, 127, 1, 21, 42, 5385 }, // |
    { 10, 25, 132, -1, 22, 63, 5427 }, // }
    { 13, 4, 258, 2, 11, 13, 5490 }, // ~
    { 0, 0, 75, 0, 0, 0, 0 }, // U+00A0
    { 7, 18, 127, 0, 12, 32, 0 }, // U+00A1
    { 12, 20, 219, 1, 19, 60, 32 }, // U+00A2
    { 16, 18, 260, 0, 18, 72, 92 }, // U+00A3
    { 14, 13, 258, 1, 14, 46, 164 }, // U+00A4
    { 16, 18, 276, 2, 18, 72, 210 }, // U+00A5
    { 7, 24, 127, 1, 21, 42, 282 }, // U+00A6
    { 13, 23, 219, 0, 18, 75, 324 }, // U+00A7
    { 9, 4, 176, 3, 19, 9, 399 }, // U+00A8
    { 19, 19, 350, 2, 18, 91, 408 }, // U+00A9
    { 11, 14, 194, 1, 18, 39, 499 }, // U+00AA
    { 11, 12, 193, 1, 13, 33, 538 }, // U+00AB
    { 13, 8, 258, 1, 10, 26, 571 }, // U+00AC
    { 0, 0, 0, 0, 0, 0, 597 }, // U+00AD
    { 16, 15, 290, 2, 19, 60, 597 }, // U+00AE
    { 8, 3, 162, 3, 19, 6, 657 }, // U+00AF
    { 8, 9, 166, 2, 19, 18, 663 }, // U+00B0
    { 14, 16, 227, 0, 16, 56, 681 }, // U+00B1
    { 9, 11, 140, 1, 20, 25, 737 }, // U+00B2
    { 9, 12, 144, 1, 20, 27, 762 }, // U+00B3
    { 7, 6, 148, 2, 21, 11, 789 }, // U+00B4
    { 14, 20, 274, 1, 14, 70, 800 }, // U+00B5
    { 15, 23, 238, 1, 18, 87, 870 }, // U+00B6
    { 4, 4, 92, 1, 10, 4, 957 }, // U+00B7
    { 7, 6, 142, -1, 0, 11, 961 }, // U+00B8
    { 6, 11, 110, 1, 20, 17, 972 }, // U+00B9
    { 12, 14, 177, 0, 18, 42, 989 }, // U+00BA
    { 11, 12, 193, 0, 13, 33, 1031 }, // U+00BB
    { 19, 19, 330, 1, 18, 91, 1064 }, // U+00BC
    { 19, 19, 334, 1, 18, 91, 1155 }, // U+00BD
    { 20, 19, 351, 1, 18, 95, 1246 }, // U+00BE
    { 10, 19, 162, -1, 14, 48, 1341 }, // U+00BF
    { 17, 24, 272, -1, 24, 102, 1389 }, // U+00C0
    { 17, 24, 272, -1, 24, 102, 1491 }, // U+00C1
    { 17, 23, 272, -1, 23, 98, 1593 }, // U+00C2
    { 17, 23, 272, -1, 23, 98, 1691 }, // U+00C3
    { 17, 22, 272, -1, 22, 94, 1789 }, // U+00C4
    { 17, 24, 272, -1, 24, 102, 1883 }, // U+00C5
    { 24, 18, 367, -1, 18, 108, 1985 }, // U+00C6
    { 15, 24, 248, 1, 18, 90, 2093 }, // U+00C7
    { 15, 24, 241, 0, 24, 90, 2183 }, // U+00C8
    { 15, 24, 241, 0, 24, 90, 2273 }, // U+00C9
    { 15, 23, 241, 0, 23, 87, 2363 }, // U+00CA
    { 15, 22, 241, 0, 22, 83, 2450 }, // U+00CB
    { 10, 24, 141, 0, 24, 60, 2533 }, // U+00CC
    { 10, 24, 141, 0, 24, 60, 2593 }, // U+00CD
    { 11, 23, 141, 0, 23, 64, 2653 }, // U+00CE
    { 11, 22, 141, 0, 22, 61, 2717 }, // U+00CF
    { 17, 18, 283, 0, 18, 77, 2778 }, // U+00D0
    { 20, 23, 303, 0, 23, 115, 2855 }, // U+00D1
    { 17, 25, 289, 1, 24, 107, 2970 }, // U+00D2
    { 17, 25, 289, 1, 24, 107, 3077 }, // U+00D3
    { 17, 24, 289, 1, 23, 102, 3184 }, // U+00D4
    { 17, 24, 289, 1, 23, 102, 3286 }, // U+00D5
    { 17, 23, 289, 1, 22, 98, 3388 }, // U+00D6
    { 12, 11, 208, 1, 14, 33, 3486 }, // U+00D7
    { 17, 22, 294, 1, 20, 94, 3519 }, // U+00D8
    { 18, 25, 291, 2, 24, 113, 3613 }, // U+00D9
    { 18, 25, 291, 2, 24, 113, 3726 }, // U+00DA
    { 18, 24, 291, 2, 23, 108, 3839 }, // U+00DB
    { 18, 23, 291, 2, 22, 104, 3947 }, // U+00DC
    { 17, 24, 251, 1, 24, 102, 4051 }, // U+00DD
    { 14, 18, 230, 0, 18, 63, 4153 }, // U+00DE
    { 19, 27, 255, -3, 20, 129, 4216 }, // U+00DF
    { 14, 22, 235, 0, 21, 77, 4345 }, // U+00E0
    { 14, 22, 235, 0, 21, 77, 4422 }, // U+00E1
    { 14, 22, 235, 0, 21, 77, 4499 }, // U+00E2
    { 14, 21, 235, 0, 20, 74, 4576 }, // U+00E3
    { 14, 20, 235, 0, 19, 70, 4650 }, // U+00E4
    { 14, 22, 235, 0, 21, 77, 4720 }, // U+00E5
    { 20, 15, 320, 0, 14, 75, 4797 }, // U+00E6
    { 12, 20, 193, 0, 14, 60, 4872 }, // U+00E7
    { 13, 22, 202, 0, 21, 72, 4932 }, // U+00E8
    { 13, 22, 202, 0, 21, 72, 5004 }, // U+00E9
    { 13, 22, 202, 0, 21, 72, 5076 }, // U+00EA
    { 13, 20, 202, 0, 19, 65, 5148 }, // U+00EB
    { 8, 22, 117, 1, 21, 44, 5213 }, // U+00EC
    { 8, 22, 117, 1, 21, 44, 5257 }, // U+00ED
    { 8, 22, 117, 1, 21, 44, 5301 }, // U+00EE
    { 8, 20, 118, 1, 19, 40, 5345 }, // U+00EF
    { 14, 21, 228, 0, 20, 74, 5385 }, // U+00F0
    { 14, 21, 244, 1, 20, 74, 5459 }, // U+00F1
    { 12, 22, 223, 1, 21, 66, 5533 }, // U+00F2
    { 12, 22, 223, 1, 21, 66, 5599 }, // U+00F3
    { 12, 22, 223, 1, 21, 66, 5665 }, // U+00F4
    { 13, 21, 223, 1, 20, 69, 5731 }, // U+00F5
    { 12, 20, 223, 1, 19, 60, 5800 }, // U+00F6
    { 12, 13, 269, 3, 15, 39, 5860 }, // U+00F7
    { 15, 19, 233, 0, 16, 72, 5899 }, // U+00F8
    { 13, 22, 244, 1, 21, 72, 5971 }, // U+00F9
    { 13, 22, 244, 1, 21, 72, 6043 }, // U+00FA
    { 13, 22, 244, 1, 21, 72, 6115 }, // U+00FB
    { 13, 20, 244, 1, 19, 65, 6187 }, // U+00FC
    { 17, 27, 208, -2, 21, 115, 6252 }, // U+00FD
    { 16, 26, 230, -2, 20, 104, 6367 }, // U+00FE
    { 17, 25, 208, -2, 19, 107, 6471 }, // U+00FF
    { 0, 0, 200, 0, 0, 0, 0 }, // U+2007
    { 0, 0, 92, 0, 0, 0, 0 }, // U+2008
    { 0, 0, 38, 0, 0, 0, 0 }, // U+2009
    { 0, 0, 40, 0, 0, 0, 0 }, // U+200A
    { 0, 0, 0, 0, 0, 0, 0 }, // U+200B
    { 0, 0, 0, 0, 0, 0, 0 }, // U+200C
    { 0, 0, 0, 0, 0, 0, 0 }, // U+200D
    { 0, 0, 0, 0, 0, 0, 0 }, // U+200E
    { 0, 0, 0, 0, 0, 0, 0 }, // U+200F
    { 8, 3, 161, 1, 9, 6, 0 }, // U+2010
    { 14, 2, 250, 1, 10, 7, 6 }, // U+2012
    { 13, 3, 232, 1, 9, 10, 13 }, // U+2013
    { 19, 3, 327, 1, 9, 15, 23 }, // U+2014
    { 19, 3, 327, 1, 9, 15, 38 }, // U+2015
    { 14, 6, 190, -3, -1, 21, 53 }, // U+2017
    { 4, 7, 78, 2, 20, 7, 74 }, // U+2018
    { 5, 7, 78, 1, 20, 9, 81 }, // U+2019
    { 5, 7, 78, -1, 3, 9, 90 }, // U+201A
    { 5, 7, 100, 2, 20, 9, 99 }, // U+201B
    { 9, 7, 144, 2, 20, 16, 108 }, // U+201C
    { 10, 7, 144, 1, 20, 18, 124 }, // U+201D
    { 9, 7, 144, -1, 3, 16, 142 }, // U+201E
    { 12, 20, 181, 0, 18, 60, 158 }, // U+2020
    { 12, 20, 181, 0, 18, 60, 218 }, // U+2021
    { 8, 8, 153, 1, 12, 16, 278 }, // U+2022
    { 11, 4, 240, 1, 3, 11, 294 }, // U+2025
    { 16, 4, 285, 0, 3, 16, 305 }, // U+2026
    { 0, 0, 0, 0, 0, 0, 321 }, // U+202A
    { 0, 0, 0, 0, 0, 0, 321 }, // U+202B
    { 0, 0, 0, 0, 0, 0, 321 }, // U+202C
    { 0, 0, 0, 0, 0, 0, 321 }, // U+202D
    { 0, 0, 0, 0, 0, 0, 321 }, // U+202E
    { 27, 19, 479, 2, 18, 129, 321 }, // U+2030
    { 6, 8, 115, 2, 20, 12, 450 }, // U+2032
    { 10, 8, 176, 2, 20, 20, 462 }, // U+2033
    { 6, 12, 116, 1, 13, 18, 482 }, // U+2039
    { 7, 12, 116, 0, 13, 21, 500 }, // U+203A
    { 12, 19, 212, 1, 18, 57, 521 }, // U+203C
    { 10, 2, 164, 1, 17, 5, 578 }, // U+203E
    { 16, 19, 90, -5, 18, 76, 583 }, // U+2044
    { 0, 0, 0, 0, 0, 0, 659 }, // U+2060
    { 0, 0, 0, 0, 0, 0, 659 }, // U+2061
    { 0, 0, 0, 0, 0, 0, 659 }, // U+2062
    { 0, 0, 0, 0, 0, 0, 659 }, // U+2063
    { 0, 0, 0, 0, 0, 0, 659 }, // U+2064
    { 0, 0, 0, 0, 0, 0, 659 }, // U+2066
    { 0, 0, 0, 0, 0, 0, 659 }, // U+2067
    { 0, 0, 0, 0, 0, 0, 659 }, // U+2068
    { 0, 0, 0, 0, 0, 0, 659 }, // U+2069
    { 0, 0, 0, 0, 0, 0, 659 }, // U+206A
    { 0, 0, 0, 0, 0, 0, 659 }, // U+206B
    { 0, 0, 0, 0, 0, 0, 659 }, // U+206C
    { 0, 0, 0, 0, 0, 0, 659 }, // U+206D
    { 0, 0, 0, 0, 0, 0, 659 }, // U+206E
    { 0, 0, 0, 0, 0, 0, 659 }, // U+206F
    { 16, 25, 268, 1, 21, 100, 0 }, // U+20A1
    { 15, 18, 249, 1, 18, 68, 100 }, // U+20A3
    { 15, 18, 266, 1, 18, 68, 168 }, // U+20A4
    { 21, 18, 360, 1, 18, 95, 236 }, // U+20A6
    { 17, 18, 284, 1, 18, 77, 331 }, // U+20A7
    { 26, 19, 440, 2, 18, 124, 408 }, // U+20A9
    { 17, 24, 235, -1, 20, 102, 532 }, // U+20AB
    { 17, 19, 286, 1, 18, 81, 634 }, // U+20AC
    { 18, 18, 310, 1, 18, 81, 715 }, // U+20AD
    { 15, 18, 261, 2, 18, 68, 796 }, // U+20AE
    { 17, 18, 292, 1, 18, 77, 864 }, // U+20B1
    { 17, 25, 296, 1, 21, 107, 941 }, // U+20B2
    { 14, 19, 271, 2, 18, 67, 1048 }, // U+20B4
    { 16, 25, 268, 1, 21, 100, 1115 }, // U+20B5
    { 15, 18, 232, 1, 18, 68, 1215 }, // U+20B8
    { 14, 18, 250, 2, 18, 63, 1283 }, // U+20B9
    { 15, 18, 264, 1, 18, 68, 1346 }, // U+20BA
    { 22, 21, 372, 0, 21, 116, 1414 }, // U+20BC
    { 16, 18, 255, 1, 18, 72, 1530 }, // U+20BD
    { 18, 17, 292, 1, 17, 77, 0 }, // U+2190
    { 16, 18, 268, 1, 18, 72, 77 }, // U+2191
    { 18, 17, 302, 1, 17, 77, 149 }, // U+2192
    { 17, 18, 258, 0, 18, 77, 226 }, // U+2193
    { 25, 17, 410, 1, 17, 107, 303 }, // U+2194
    { 18, 25, 278, 0, 21, 113, 410 }, // U+2195
    { 19, 28, 288, -1, 22, 133, 523 }, // U+21A8
    { 6, 17, 124, 1, 17, 26, 0 }, // U+2669
    { 9, 17, 180, 1, 17, 39, 26 }, // U+266A
    { 14, 18, 256, 1, 17, 63, 65 }, // U+266B
    { 14, 18, 256, 1, 17, 63, 128 }, // U+266C
    { 7, 16, 139, 1, 15, 28, 191 }, // U+266D
    { 7, 17, 143, 1, 11, 30, 219 }, // U+266E
    { 12, 21, 221, 1, 15, 63, 249 }, // U+266F
    { 28, 27, 508, 2, 22, 189, 312 }, // U+2764
    { 18, 26, 241, -3, 20, 117, 0 }, // U+FB01
    { 18, 27, 244, -3, 20, 122, 117 }, // U+FB02
    { 24, 27, 508, 4, 22, 162, 0 }, // U+1F44D
    { 26, 27, 508, 3, 22, 176, 162 }, // U+1F600
};

static const EpdUnicodeInterval bitter_12_italicIntervals[] = {
    { 0x20, 0x7E, 0x0 },
    { 0xA0, 0xFF, 0x5F },
    { 0x2007, 0x2010, 0xBF },
    { 0x2012, 0x2015, 0xC9 },
    { 0x2017, 0x201E, 0xCD },
    { 0x2020, 0x2022, 0xD5 },
    { 0x2025, 0x2026, 0xD8 },
    { 0x202A, 0x202E, 0xDA },
    { 0x2030, 0x2030, 0xDF },
    { 0x2032, 0x2033, 0xE0 },
    { 0x2039, 0x203A, 0xE2 },
    { 0x203C, 0x203C, 0xE4 },
    { 0x203E, 0x203E, 0xE5 },
    { 0x2044, 0x2044, 0xE6 },
    { 0x2060, 0x2064, 0xE7 },
    { 0x2066, 0x206F, 0xEC },
    { 0x20A1, 0x20A1, 0xF6 },
    { 0x20A3, 0x20A4, 0xF7 },
    { 0x20A6, 0x20A7, 0xF9 },
    { 0x20A9, 0x20A9, 0xFB },
    { 0x20AB, 0x20AE, 0xFC },
    { 0x20B1, 0x20B2, 0x100 },
    { 0x20B4, 0x20B5, 0x102 },
    { 0x20B8, 0x20BA, 0x104 },
    { 0x20BC, 0x20BD, 0x107 },
    { 0x2190, 0x2195, 0x109 },
    { 0x21A8, 0x21A8, 0x10F },
    { 0x2669, 0x266F, 0x110 },
    { 0x2764, 0x2764, 0x117 },
    { 0xFB01, 0xFB02, 0x118 },
    { 0x1F44D, 0x1F44D, 0x11A },
    { 0x1F600, 0x1F600, 0x11B },
};

static const EpdFontGroup bitter_12_italicGroups[] = {
    { 0, 3237, 6204, 95, 0 },
    { 3237, 2833, 7328, 96, 95 },
    { 6070, 454, 716, 55, 191 },
    { 6524, 1011, 1757, 19, 246 },
    { 7535, 398, 716, 7, 265 },
    { 7933, 311, 547, 8, 272 },
    { 8244, 163, 265, 2, 280 },
    { 8407, 248, 351, 2, 282 },
};

static const EpdKernClassEntry bitter_12_italicKernLeftClasses[] = {
    { 0x0021, 1 }, // !
    { 0x0022, 2 }, // "
    { 0x0024, 3 }, // $
    { 0x0026, 4 }, // &
    { 0x0027, 2 }, // '
    { 0x0028, 5 }, // (
    { 0x002C, 6 }, // ,
    { 0x002D, 7 }, // -
    { 0x002E, 6 }, // .
    { 0x002F, 8 }, // /
    { 0x0030, 9 }, // 0
    { 0x0031, 10 }, // 1
    { 0x0032, 11 }, // 2
    { 0x0033, 12 }, // 3
    { 0x0034, 13 }, // 4
    { 0x0035, 14 }, // 5
    { 0x0036, 15 }, // 6
    { 0x0037, 16 }, // 7
    { 0x0038, 17 }, // 8
    { 0x0039, 18 }, // 9
    { 0x003A, 19 }, // :
    { 0x003B, 19 }, // ;
    { 0x003F, 20 }, // ?
    { 0x0040, 21 }, // @
    { 0x0041, 22 }, // A
    { 0x0042, 23 }, // B
    { 0x0043, 24 }, // C
    { 0x0044, 21 }, // D
    { 0x0045, 25 }, // E
    { 0x0046, 26 }, // F
    { 0x0047, 27 }, // G
    { 0x0048, 28 }, // H
    { 0x0049, 28 }, // I
    { 0x004A, 29 }, // J
    { 0x004B, 30 }, // K
    { 0x004C, 31 }, // L
    { 0x004D, 28 }, // M
    { 0x004E, 28 }, // N
    { 0x004F, 21 }, // O
    { 0x0050, 32 }, // P
    { 0x0051, 33 }, // Q
    { 0x0052, 34 }, // R
    { 0x0053, 3 }, // S
    { 0x0054, 35 }, // T
    { 0x0055, 29 }, // U
    { 0x0056, 36 }, // V
    { 0x0057, 36 }, // W
    { 0x0058, 30 }, // X
    { 0x0059, 37 }, // Y
    { 0x005A, 38 }, // Z
    { 0x005B, 39 }, // [
    { 0x005C, 40 }, // <backslash>
    { 0x005F, 41 }, // _
    { 0x0061, 42 }, // a
    { 0x0062, 43 }, // b
    { 0x0063, 44 }, // c
    { 0x0064, 45 }, // d
    { 0x0065, 46 }, // e
    { 0x0066, 47 }, // f
    { 0x0067, 48 }, // g
    { 0x0068, 42 }, // h
    { 0x0069, 45 }, // i
    { 0x006A, 48 }, // j
    { 0x006B, 49 }, // k
    { 0x006C, 45 }, // l
    { 0x006D, 42 }, // m
    { 0x006E, 42 }, // n
    { 0x006F, 43 }, // o
    { 0x0070, 43 }, // p
    { 0x0071, 50 }, // q
    { 0x0072, 51 }, // r
    { 0x0073, 52 }, // s
    { 0x0074, 53 }, // t
    { 0x0075, 54 }, // u
    { 0x0076, 55 }, // v
    { 0x0077, 55 }, // w
    { 0x0078, 49 }, // x
    { 0x0079, 55 }, // y
    { 0x007A, 56 }, // z
    { 0x007B, 57 }, // {
    { 0x00A1, 58 }, // U+00A1
    { 0x00A2, 44 }, // U+00A2
    { 0x00A3, 59 }, // U+00A3
    { 0x00A5, 37 }, // U+00A5
    { 0x00A7, 3 }, // U+00A7
    { 0x00A9, 21 }, // U+00A9
    { 0x00AB, 60 }, // U+00AB
    { 0x00AE, 43 }, // U+00AE
    { 0x00B3, 61 }, // U+00B3
    { 0x00B5, 54 }, // U+00B5
    { 0x00B7, 7 }, // U+00B7
    { 0x00BB, 62 }, // U+00BB
    { 0x00C0, 22 }, // U+00C0
    { 0x00C1, 22 }, // U+00C1
    { 0x00C2, 22 }, // U+00C2
    { 0x00C3, 22 }, // U+00C3
    { 0x00C4, 22 }, // U+00C4
    { 0x00C5, 22 }, // U+00C5
    { 0x00C6, 25 }, // U+00C6
    { 0x00C7, 24 }, // U+00C7
    { 0x00C8, 25 }, // U+00C8
    { 0x00C9, 25 }, // U+00C9
    { 0x00CA, 25 }, // U+00CA
    { 0x00CB, 25 }, // U+00CB
    { 0x00CC, 28 }, // U+00CC
    { 0x00CD, 28 }, // U+00CD
    { 0x00CE, 28 }, // U+00CE
    { 0x00CF, 63 }, // U+00CF
    { 0x00D0, 21 }, // U+00D0
    { 0x00D1, 28 }, // U+00D1
    { 0x00D2, 21 }, // U+00D2
    { 0x00D3, 21 }, // U+00D3
    { 0x00D4, 21 }, // U+00D4
    { 0x00D5, 21 }, // U+00D5
    { 0x00D6, 21 }, // U+00D6
    { 0x00D8, 21 }, // U+00D8
    { 0x00D9, 29 }, // U+00D9
    { 0x00DA, 29 }, // U+00DA
    { 0x00DB, 29 }, // U+00DB
    { 0x00DC, 29 }, // U+00DC
    { 0x00DD, 37 }, // U+00DD
    { 0x00DE, 32 }, // U+00DE
    { 0x00DF, 64 }, // U+00DF
    { 0x00E0, 42 }, // U+00E0
    { 0x00E1, 42 }, // U+00E1
    { 0x00E2, 42 }, // U+00E2
    { 0x00E3, 42 }, // U+00E3
    { 0x00E4, 42 }, // U+00E4
    { 0x00E5, 42 }, // U+00E5
    { 0x00E6, 46 }, // U+00E6
    { 0x00E7, 65 }, // U+00E7
    { 0x00E8, 46 }, // U+00E8
    { 0x00E9, 46 }, // U+00E9
    { 0x00EA, 46 }, // U+00EA
    { 0x00EB, 46 }, // U+00EB
    { 0x00EC, 66 }, // U+00EC
    { 0x00ED, 67 }, // U+00ED
    { 0x00EE, 68 }, // U+00EE
    { 0x00EF, 69 }, // U+00EF
    { 0x00F0, 43 }, // U+00F0
    { 0x00F1, 42 }, // U+00F1
    { 0x00F2, 43 }, // U+00F2
    { 0x00F3, 43 }, // U+00F3
    { 0x00F4, 43 }, // U+00F4
    { 0x00F5, 43 }, // U+00F5
    { 0x00F6, 43 }, // U+00F6
    { 0x00F8, 43 }, // U+00F8
    { 0x00F9, 54 }, // U+00F9
    { 0x00FA, 54 }, // U+00FA
    { 0x00FB, 54 }, // U+00FB
    { 0x00FC, 54 }, // U+00FC
    { 0x00FD, 55 }, // U+00FD
    { 0x00FE, 43 }, // U+00FE
    { 0x00FF, 55 }, // U+00FF
    { 0x2010, 7 }, // U+2010
    { 0x2013, 7 }, // U+2013
    { 0x2014, 7 }, // U+2014
    { 0x2015, 7 }, // U+2015
    { 0x2017, 41 }, // U+2017
    { 0x2018, 2 }, // U+2018
    { 0x2019, 2 }, // U+2019
    { 0x201A, 6 }, // U+201A
    { 0x201B, 2 }, // U+201B
    { 0x201C, 2 }, // U+201C
    { 0x201D, 2 }, // U+201D
    { 0x201E, 6 }, // U+201E
    { 0x2025, 6 }, // U+2025
    { 0x2026, 6 }, // U+2026
    { 0x2039, 60 }, // U+2039
    { 0x203A, 62 }, // U+203A
    { 0x203C, 1 }, // U+203C
    { 0x20A1, 24 }, // U+20A1
    { 0x20A3, 26 }, // U+20A3
    { 0x20A6, 28 }, // U+20A6
    { 0x20A7, 32 }, // U+20A7
    { 0x20A9, 70 }, // U+20A9
    { 0x20AB, 71 }, // U+20AB
    { 0x20AC, 24 }, // U+20AC
    { 0x20AD, 30 }, // U+20AD
    { 0x20AE, 35 }, // U+20AE
    { 0x20B1, 32 }, // U+20B1
    { 0x20B2, 27 }, // U+20B2
    { 0x20B4, 3 }, // U+20B4
    { 0x20B5, 24 }, // U+20B5
    { 0x20B8, 35 }, // U+20B8
    { 0x20B9, 34 }, // U+20B9
    { 0x20BD, 32 }, // U+20BD
    { 0xFB01, 45 }, // U+FB01
    { 0xFB02, 45 }, // U+FB02
};

static const EpdKernClassEntry bitter_12_italicKernRightClasses[] = {
    { 0x0021, 1 }, // !
    { 0x0022, 2 }, // "
    { 0x0024, 3 }, // $
    { 0x0026, 4 }, // &
    { 0x0027, 2 }, // '
    { 0x0029, 5 }, // )
    { 0x002A, 6 }, // *
    { 0x002C, 7 }, // ,
    { 0x002D, 8 }, // -
    { 0x002E, 7 }, // .
    { 0x002F, 9 }, // /
    { 0x0030, 10 }, // 0
    { 0x0031, 11 }, // 1
    { 0x0032, 12 }, // 2
    { 0x0033, 13 }, // 3
    { 0x0034, 14 }, // 4
    { 0x0035, 15 }, // 5
    { 0x0036, 16 }, // 6
    { 0x0037, 17 }, // 7
    { 0x0038, 4 }, // 8
    { 0x0039, 18 }, // 9
    { 0x003A, 19 }, // :
    { 0x003B, 19 }, // ;
    { 0x003F, 20 }, // ?
    { 0x0040, 21 }, // @
    { 0x0041, 22 }, // A
    { 0x0042, 23 }, // B
    { 0x0043, 21 }, // C
    { 0x0044, 23 }, // D
    { 0x0045, 23 }, // E
    { 0x0046, 23 }, // F
    { 0x0047, 21 }, // G
    { 0x0048, 23 }, // H
    { 0x0049, 23 }, // I
    { 0x004A, 24 }, // J
    { 0x004B, 23 }, // K
    { 0x004C, 23 }, // L
    { 0x004D, 23 }, // M
    { 0x004E, 23 }, // N
    { 0x004F, 21 }, // O
    { 0x0050, 23 }, // P
    { 0x0051, 21 }, // Q
    { 0x0052, 23 }, // R
    { 0x0053, 3 }, // S
    { 0x0054, 25 }, // T
    { 0x0055, 26 }, // U
    { 0x0056, 27 }, // V
    { 0x0057, 27 }, // W
    { 0x0058, 28 }, // X
    { 0x0059, 29 }, // Y
    { 0x005A, 30 }, // Z
    { 0x005C, 31 }, // <backslash>
    { 0x005D, 32 }, // ]
    { 0x005F, 33 }, // _
    { 0x0061, 34 }, // a
    { 0x0062, 35 }, // b
    { 0x0063, 34 }, // c
    { 0x0064, 34 }, // d
    { 0x0065, 34 }, // e
    { 0x0066, 36 }, // f
    { 0x0067, 34 }, // g
    { 0x0068, 37 }, // h
    { 0x0069, 38 }, // i
    { 0x006A, 36 }, // j
    { 0x006B, 37 }, // k
    { 0x006C, 37 }, // l
    { 0x006D, 38 }, // m
    { 0x006E, 38 }, // n
    { 0x006F, 34 }, // o
    { 0x0070, 39 }, // p
    { 0x0071, 34 }, // q
    { 0x0072, 38 }, // r
    { 0x0073, 40 }, // s
    { 0x0074, 41 }, // t
    { 0x0075, 42 }, // u
    { 0x0076, 43 }, // v
    { 0x0077, 43 }, // w
    { 0x0078, 44 }, // x
    { 0x0079, 45 }, // y
    { 0x007A, 46 }, // z
    { 0x007C, 47 }, // |
    { 0x007D, 48 }, // }
    { 0x00A1, 49 }, // U+00A1
    { 0x00A2, 34 }, // U+00A2
    { 0x00A5, 29 }, // U+00A5
    { 0x00A6, 47 }, // U+00A6
    { 0x00A7, 3 }, // U+00A7
    { 0x00A9, 21 }, // U+00A9
    { 0x00AB, 50 }, // U+00AB
    { 0x00AE, 34 }, // U+00AE
    { 0x00B0, 51 }, // U+00B0
    { 0x00B5, 38 }, // U+00B5
    { 0x00B7, 8 }, // U+00B7
    { 0x00BB, 52 }, // U+00BB
    { 0x00BF, 53 }, // U+00BF
    { 0x00C0, 22 }, // U+00C0
    { 0x00C1, 22 }, // U+00C1
    { 0x00C2, 22 }, // U+00C2
    { 0x00C3, 22 }, // U+00C3
    { 0x00C4, 22 }, // U+00C4
    { 0x00C5, 22 }, // U+00C5
    { 0x00C6, 22 }, // U+00C6
    { 0x00C7, 21 }, // U+00C7
    { 0x00C8, 23 }, // U+00C8
    { 0x00C9, 23 }, // U+00C9
    { 0x00CA, 23 }, // U+00CA
    { 0x00CB, 23 }, // U+00CB
    { 0x00CC, 23 }, // U+00CC
    { 0x00CD, 23 }, // U+00CD
    { 0x00CE, 23 }, // U+00CE
    { 0x00CF, 54 }, // U+00CF
    { 0x00D0, 23 }, // U+00D0
    { 0x00D1, 23 }, // U+00D1
    { 0x00D2, 21 }, // U+00D2
    { 0x00D3, 21 }, // U+00D3
    { 0x00D4, 21 }, // U+00D4
    { 0x00D5, 21 }, // U+00D5
    { 0x00D6, 21 }, // U+00D6
    { 0x00D8, 21 }, // U+00D8
    { 0x00D9, 26 }, // U+00D9
    { 0x00DA, 26 }, // U+00DA
    { 0x00DB, 26 }, // U+00DB
    { 0x00DC, 26 }, // U+00DC
    { 0x00DD, 29 }, // U+00DD
    { 0x00DE, 23 }, // U+00DE
    { 0x00DF, 36 }, // U+00DF
    { 0x00E0, 34 }, // U+00E0
    { 0x00E1, 34 }, // U+00E1
    { 0x00E2, 34 }, // U+00E2
    { 0x00E3, 34 }, // U+00E3
    { 0x00E4, 34 }, // U+00E4
    { 0x00E5, 34 }, // U+00E5
    { 0x00E7, 34 }, // U+00E7
    { 0x00E8, 34 }, // U+00E8
    { 0x00E9, 34 }, // U+00E9
    { 0x00EA, 34 }, // U+00EA
    { 0x00EB, 34 }, // U+00EB
    { 0x00EC, 55 }, // U+00EC
    { 0x00ED, 56 }, // U+00ED
    { 0x00EE, 57 }, // U+00EE
    { 0x00EF, 58 }, // U+00EF
    { 0x00F0, 34 }, // U+00F0
    { 0x00F1, 38 }, // U+00F1
    { 0x00F2, 34 }, // U+00F2
    { 0x00F3, 34 }, // U+00F3
    { 0x00F4, 34 }, // U+00F4
    { 0x00F5, 34 }, // U+00F5
    { 0x00F6, 34 }, // U+00F6
    { 0x00F8, 59 }, // U+00F8
    { 0x00F9, 42 }, // U+00F9
    { 0x00FA, 42 }, // U+00FA
    { 0x00FB, 42 }, // U+00FB
    { 0x00FC, 42 }, // U+00FC
    { 0x00FD, 45 }, // U+00FD
    { 0x00FE, 60 }, // U+00FE
    { 0x00FF, 45 }, // U+00FF
    { 0x2010, 8 }, // U+2010
    { 0x2013, 8 }, // U+2013
    { 0x2014, 8 }, // U+2014
    { 0x2015, 8 }, // U+2015
    { 0x2017, 33 }, // U+2017
    { 0x2018, 2 }, // U+2018
    { 0x2019, 2 }, // U+2019
    { 0x201A, 7 }, // U+201A
    { 0x201B, 2 }, // U+201B
    { 0x201C, 2 }, // U+201C
    { 0x201D, 2 }, // U+201D
    { 0x201E, 7 }, // U+201E
    { 0x2025, 7 }, // U+2025
    { 0x2026, 7 }, // U+2026
    { 0x2039, 50 }, // U+2039
    { 0x203A, 52 }, // U+203A
    { 0x203C, 1 }, // U+203C
    { 0x2044, 61 }, // U+2044
    { 0x20A1, 21 }, // U+20A1
    { 0x20A3, 23 }, // U+20A3
    { 0x20A6, 23 }, // U+20A6
    { 0x20A7, 23 }, // U+20A7
    { 0x20A9, 27 }, // U+20A9
    { 0x20AB, 34 }, // U+20AB
    { 0x20AC, 21 }, // U+20AC
    { 0x20AD, 23 }, // U+20AD
    { 0x20AE, 25 }, // U+20AE
    { 0x20B1, 23 }, // U+20B1
    { 0x20B2, 21 }, // U+20B2
    { 0x20B4, 3 }, // U+20B4
    { 0x20B5, 21 }, // U+20B5
    { 0x20B8, 25 }, // U+20B8
    { 0x20BD, 23 }, // U+20BD
    { 0xFB01, 36 }, // U+FB01
    { 0xFB02, 36 }, // U+FB02
};

static const int8_t bitter_12_italicKernMatrix[] = {
       0,    0,    0,    0,    0,    0,    0,    0,    0,    0,    0,    0,    0,    0,    0,    0,    0,    0,    0,    0,    0,   -4,    0,    0,    0,    0,    0,    0,    0,    0,    0,    0,    0,    0,    0,    0,    0,    0,    0,    0,    0,    0,    0,    0,    0,    0,    0,    0,    0,    0,    0,    0,    0,    0,    0,    0,    0,    0,    0,    0,    0,
       0,    0,    0,    0,    0,    0,  -18,    0,    0,    0,    0,    0,    0,    0,    0,    0,    0,    0,    0,    0,  -12,  -32,    2,    0,    6,    0,    0,   -6,    0,    0,    0,    0,    0,   -7,    6,    0,    6,    0,    0,  -14,    0,    0,    0,  -10,    0,    0,    0,    0,    0,    0,    0,    0,    0,    2,    0,    0,    0,    0,   -7,    6,    0,
       0,    0,    0,    0,    0,    0,  -13,    0,    0,    0,   -3,    0,   -3,    0,    0,    0,   -6,    0,    0,    0,    0,  -14,   -5,    0,  -13,    0,  -20,  -25,  -22,   -8,    0,    0,    0,   -4,    0,    0,    0,  -12,  -12,    0,   -4,   -6,  -14,  -14,  -12,    0,    0,    0,    0,    0,    0,    0,    0,   -5,  -12,  -12,  -12,  -21,   -4,    0,    0,
       0,    0,  -10,    0,    0,    0,    0,    0,    0,    0,    0,    0,    0,    0,    0,    0,    0,    0,    0,    0,    2,  -20,    0,    0,    0,    0,  -18,  -15,  -20,    0,    0,    0,    0,    0,   -4,    0,   -4,    0,    0,   -4,    0,   -4,  -10,  -10,   -7,   -6,    0,    0,    0,    0,    0,    0,    0,    0,    0,    0,    0,    0,    0,   -4,    0,
       0,    0,    0,    0,    0,    0,    0,    0,    9,    0,    0,    0,    0,    0,    0,    0,    0,    0,    0,    0,    0,    0,    0,   19,  -10,    0,    0,    0,    0,    0,    7,    0,    8,   -3,    0,   17,    0,    0,    0,    0,    0,    0,    0,    0,    0,    0,    0,    0,    0,    0,    0,    0,    0,    0,    0,    0,    0,    0,   -3,    0,    0,
       0,  -34,    0,    0,    0,    0,    0,    0,    0,  -22,  -10,    2,    0,  -14,    0,  -11,  -22,  -10,    0,    0,  -16,    8,    0,    2,  -29,    0,  -27,   -4,  -37,    0,    0,    0,    0,  -10,    0,    0,    0,   -8,   -8,    0,    0,    0,  -28,   -6,  -25,    0,    0,    0,    0,  -10,    0,    0,    0,    0,   -8,   -8,   -8,   -8,  -10,    0,    0,
       0,    0,    0,    0,    0,    0,    0,    0,    0,    0,  -18,   -8,  -11,    2,  -13,    0,  -22,   -4,    0,    0,    0,   -4,    0,    0,  -22,    0,  -22,  -38,    0,    0,    0,    0,    0,    0,    0,    0,    0,    0,    0,    0,    0,    0,    0,  -23,   -8,    0,    0,    0,    0,    0,    0,  -13,    0,    0,    0,    0,    0,    0,    0,    0,    0,
       0,    0,    0,    0,    7,    0,    0,    0,  -16,    0,    0,    0,    0,    0,    0,    0,    0,    0,    0,    0,   -5,  -14,   -3,    4,   -2,    4,    4,   -7,    4,    0,   11,    7,    0,  -14,    7,    0,    7,  -11,  -11,    0,    0,    0,    0,  -15,   -8,    0,    0,    7,    0,    0,    0,    0,    0,   -3,  -11,  -11,  -11,  -11,  -14,    7,    0,
       0,    0,    0,    0,    0,    0,  -22,    0,    0,    0,   -2,    0,    0,    0,    0,    0,    0,    0,    0,    0,    0,    0,    0,    0,    0,    0,    0,    0,    0,    0,    0,    0,    0,    0,    0,    0,    0,    0,    0,    0,    0,    0,    0,    0,    0,    0,    0,    0,    0,    0,   -6,    0,    0,    0,    0,    0,    0,    0,    0,    0,    0,
       0,    0,    0,    0,    0,    0,    2,    0,    3,    0,    0,    0,    0,    0,    0,    0,   -4,    0,    0,    0,    0,    4,    0,    0,    0,    0,    0,    0,    0,    0,    0,    0,    0,    0,    0,    0,    0,    0,    0,    0,    0,    0,    0,    0,    0,    0,    0,    0,    0,    0,  -18,    0,    0,    0,    0,    0,    0,    0,    0,    0,    0,
       0,    0,    0,    0,    0,    0,    0,    0,    0,    0,    0,    0,    0,    0,    0,    0,   -3,    0,    0,    0,    0,    0,    0,    0,    0,    0,    0,    0,    0,    0,    0,    0,    0,    0,    0,    0,    0,    0,    0,    0,    0,    0,    0,    0,    0,    0,    0,    0,    0,    0,    0,    0,    0,    0,    0,    0,    0,    0,    0,    0,    0,
       0,    0,    0,    0,    0,    0,  -10,    0,    0,    0,    0,    0,    0,    0,   -8,    0,   -4,    0,    0,    0,    0,    0,   -8,    0,    0,    0,    0,    0,    0,    0,    0,    0,    0,    0,    0,    0,    0,    0,    0,    0,    0,    0,    0,    0,    0,    0,    0,    0,    0,    0,   -6,    0,    0,   -8,    0,    0,    0,    0,    0,    0,    0,
       0,    0,    0,    0,    0,    0,    0,    4,    0,    0,    0,    0,    0,    3,    0,    0,   -5,    0,    0,    0,    0,    0,    0,    0,    0,    0,    0,    0,    0,    0,    0,    0,    0,    0,    0,    0,    0,    0,    0,    0,    0,    0,    0,    0,    0,    0,    0,    0,    0,    0,  -17,    0,    0,    0,    0,    0,    0,    0,    0,    0,    0,
       0,    0,    0,    0,    0,    0,   -6,    0,    0,    0,   -4,   -4,  -12,    0,    0,    0,   -8,   -7,    0,    0,    0,    0,    0,    0,    0,    0,    0,    0,    0,    0,    0,    0,    0,    0,    0,    0,    0,    0,    0,    0,    0,    0,    0,    0,    0,    0,    0,    0,    0,    0,   -6,    0,    0,    0,    0,    0,    0,    0,    0,    0,    0,
       0,    0,    0,    0,    0,    0,    0,    0,    0,    0,   -5,   -4,   -6,    2,   -7,    0,   -7,    0,    0,    0,    0,    0,    0,    0,    0,    0,    0,    0,    0,    0,    0,    0,    0,    0,    0,    0,    0,    0,    0,    0,    0,    0,    0,    0,    0,    0,    0,    0,    0,    0,  -13,    0,    0,    0,    0,    0,    0,    0,    0,    0,    0,
       0,    0,    0,   -4,    0,    0,  -35,  -17,    0,   -7,    4,   -2,   -7,   -5,   -6,   -5,    2,   -6,    0,    0,    0,    0,    0,    0,    0,    0,    0,    0,    0,    0,    0,    0,    0,    0,    0,    0,    0,    0,    0,    0,    0,    0,    0,    0,    0,    0,    0,    0,    0,    0,   12,    0,    0,    0,    0,    0,    0,    0,    0,    0,    0,
       0,    0,    0,    0,    0,    0,    0,    0,    0,    0,    0,    0,    0,    0,   -8,    0,   -9,    0,    0,    0,    0,    0,   -8,    0,    0,    0,    0,    0,    0,    0,    0,    0,    0,    0,    0,    0,    0,    0,    0,    0,    0,    0,    0,    0,    0,    0,    0,    0,    0,    0,   -6,    0,    0,   -8,    0,    0,    0,    0,    0,    0,    0,
       0,    0,    0,    0,    0,    0,  -21,    0,    0,    0,    0,    0,   -4,    0,    0,    0,   -6,    0,    0,    0,    0,    0,    0,    0,    0,    0,    0,    0,    0,    0,    0,    0,    0,    0,    0,    0,    0,    0,    0,    0,    0,    0,    0,    0,    0,    0,    0,    0,    0,    0,   -6,    0,    0,    0,    0,    0,    0,    0,    0,    0,    0,
       0,    0,    0,    0,    0,    0,    0,    0,    0,    0,    0,    0,    0,    0,    0,    0,    0,    0,    0,    0,    0,    0,    0,    0,   -7,    0,  -14,   -4,  -20,    0,    0,    0,    0,    0,    0,    0,    0,    0,    0,    0,    0,    0,   -5,   -3,   -7,    0,    0,    0,    0,    0,    0,    0,    0,    0,    0,    0,    0,    0,    0,    0,    0,
       0,    0,    0,    0,    0,    0,    0,    0,    0,    0,    0,    0,    0,    0,    0,    0,    0,    0,    0,    0,    0,    0,    2,    0,    4,    0,    0,    0,    0,    0,    0,    0,    0,    0,    0,    0,    0,    0,    0,    0,    0,    0,    0,    0,    0,    0,    0,    0,    0,    0,    0,    0,   -9,    2,    0,    0,    0,    0,    0,    0,    0,
       0,  -13,   -3,    0,    0,    0,  -16,    0,    2,    0,    0,    0,  -18,    0,    0,    0,    0,    0,    0,   -2,    0,  -10,    0,    0,   -8,    0,  -19,  -25,  -16,  -11,    0,    0,    0,   -2,   -2,    3,   -2,   -2,   -2,   -3,   -2,   -3,   -7,   -8,   -4,    0,    0,    0,    0,    0,    0,    0,    0,    0,   -2,   -2,   -2,   -2,   -2,    2,    0,
     -11,  -44,  -14,    0,    0,    0,    1,  -16,    3,    0,    0,    0,    0,    0,    0,    0,    0,    0,    0,  -17,  -10,    2,  -14,   -6,  -35,  -23,  -28,   -8,  -32,  -10,    0,    3,    0,   -7,  -10,   -7,  -10,   -9,   -9,   -6,  -12,  -12,  -18,   -2,  -18,   -8,    0,    2,   -6,    0,    0,    0,    0,  -14,   -9,   -9,   -9,   -9,   -7,  -10,    0,
       0,  -15,    0,    0,    0,    0,  -14,    0,    0,    0,    0,    0,   -8,    0,    0,    0,    0,    0,    0,   -6,   -2,  -16,  -10,   -2,  -17,    0,  -28,  -25,  -27,  -12,    0,    0,    0,   -4,   -4,   -4,   -4,   -7,   -7,   -4,   -4,   -6,  -10,  -16,  -12,   -7,    0,    0,    0,    0,    0,    0,    0,  -10,   -7,   -7,   -7,   -7,   -4,   -4,    0,
       0,   -3,    0,   -6,    0,    0,   -8,  -13,    0,    0,   -3,   -6,   -8,    0,   -4,    0,   -6,   -8,    0,    0,  -12,  -14,    0,   -4,  -10,    0,  -14,  -20,  -14,    0,    0,    0,    0,  -14,  -10,    0,  -10,  -10,  -10,  -12,   -7,  -10,   -6,  -12,  -10,  -14,    0,    0,    0,    0,    0,    0,    0,    0,  -10,  -10,  -10,  -18,  -14,  -10,    0,
       0,    0,    0,    0,    0,    0,    0,   -4,   -2,    0,    0,    0,    0,    0,    0,    0,    0,    0,    0,    0,   -9,  -14,    0,    0,  -14,    0,  -16,  -19,  -14,    0,    0,    0,    0,   -7,    0,    0,    0,   -5,   -5,   -8,   -7,   -8,  -12,  -10,  -10,   -7,    0,    0,    0,    0,    0,    0,    0,    0,   -5,   -5,   -5,   -8,   -7,    0,    0,
       0,    0,   -5,    0,    0,    0,  -44,    0,   -7,    0,    0,    0,    0,    0,    0,    0,    0,    0,  -18,    0,   -9,  -30,  -10,   -4,    0,    0,   -6,  -12,   -6,   -9,    0,    0,    0,  -18,   -3,   -3,   -3,   -4,   -4,  -13,   -4,   -4,   -4,  -10,   -4,   -9,    0,    0,    0,    0,    0,    0,    0,  -10,   -4,   -4,   -1,   -2,  -18,   -3,    0,
       0,    0,   -2,    0,    0,    0,    0,    0,    0,    0,    0,    0,    0,    0,    0,    0,    0,    0,    0,    0,    0,   -4,    0,    0,    0,    0,  -18,  -15,  -20,    0,    0,    0,    0,    0,   -4,    0,   -4,    0,    0,   -4,    0,   -4,  -10,  -10,   -7,   -6,    0,    0,    0,    0,    0,    0,    0,    0,    0,    0,    0,    0,    0,   -4,    0,
       0,    0,   -7,    0,    0,    0,    0,    0,   -6,    0,    0,    0,    0,    0,    0,    0,    0,    0,   -2,    0,    0,  -13,    0,    0,   -8,   -2,  -12,  -17,  -10,   -6,    0,    0,    0,   -6,    2,    0,    2,    0,    0,   -4,    0,    0,   -8,  -11,   -8,    0,    0,    0,    0,    0,    0,    0,    0,    0,    0,    0,    2,    4,   -6,    2,    0,
       0,    0,    0,    0,    0,    0,   -9,    0,    0,    0,    0,    0,    0,    0,    0,    0,    0,    0,   -7,    0,    0,  -19,   -2,    0,    0,    0,   -6,  -17,   -6,   -9,    0,    0,    0,   -5,    3,   -2,    3,   -2,   -2,   -8,   -4,   -5,   -9,  -14,   -8,   -7,    0,    0,    0,    0,    0,    0,    0,   -2,   -2,   -2,    0,    3,   -5,    3,    0,
      -9,   -4,  -10,    0,    0,    0,   -9,  -38,   -3,    0,    0,    0,    0,    0,    0,    0,    0,    0,   -8,   -9,  -25,   -8,  -14,   -4,  -16,  -18,  -10,  -12,  -12,  -12,    0,    0,    0,   -9,    0,   -3,    0,   -8,   -8,  -15,  -12,  -12,  -15,    0,  -11,   -4,    0,    0,    0,    0,    0,    0,    0,  -14,   -8,   -8,  -13,  -10,   -9,    0,    0,
       0,    0,  -16,    0,    0,    0,    0,    0,    0,    0,    0,    0,    0,    0,    0,    0,    0,    0,   -4,    0,  -14,   -4,    0,   -4,  -26,  -16,  -35,   -6,  -36,   -4,    0,    0,    0,   -4,    0,    0,    0,   -6,   -6,   -6,  -10,   -6,  -17,   -4,  -19,    0,    0,    0,    0,    0,    0,    0,    0,    0,   -6,   -6,   -6,   -6,   -4,    0,    0,
       0,    2,   -4,    0,    0,    0,  -55,  -12,  -11,    0,    0,    0,    0,    0,    0,    0,    0,    0,   -4,   -6,   -3,  -19,   -7,   -6,   -3,   -6,  -13,  -18,  -17,   -9,    0,   -2,    0,   -6,   -4,   -2,   -4,   -3,   -3,   -4,   -4,   -4,   -2,   -6,   -2,   -7,    0,   -3,    0,    0,    0,    0,    0,   -7,   -3,   -3,   -3,   -3,   -6,   -4,    0,
       0,  -13,   -3,    0,   18,    0,  -16,    0,   25,    0,    0,    0,  -18,    0,    0,    0,    0,    0,    0,   -2,    0,  -10,    0,   25,   -8,    0,  -19,  -25,  -16,  -11,    0,   17,   29,   -2,   -4,    3,   -4,   -2,   -2,   -3,   -2,   -3,   -7,   -8,   -2,    0,    7,   16,    0,    0,    0,    0,    0,    0,   -2,   -2,   -2,   -2,    1,   14,    0,
       0,    0,    0,    0,    0,    0,    0,    0,    0,    0,    0,    0,    0,    0,    0,    0,    0,    0,    0,    0,   -6,   -4,   -4,    0,  -13,   -7,  -22,  -11,  -24,   -4,    0,    0,    0,   -8,    0,   -2,    0,   -4,   -4,    0,   -6,   -6,  -10,   -6,   -9,    0,    0,    0,    0,    0,    0,    0,    0,   -4,   -4,   -4,   -4,   -4,   -8,    0,    0,
       0,    2,  -10,    0,    0,    0,  -31,  -29,  -11,    0,    0,    0,    0,    0,    0,    0,    0,    0,  -10,   -4,  -10,  -31,   -8,   -6,   -6,   -3,   -6,  -14,   -6,  -12,    0,    0,    0,  -18,   -2,   -6,   -2,   -8,   -8,  -17,   -4,   -6,   -5,  -13,    0,  -14,    0,    0,    0,    0,    0,    0,    0,   -8,   -8,   -8,   -3,   -9,  -18,   -2,    0,
      -8,   -1,  -20,    0,    0,    0,  -45,  -22,  -19,    0,    0,    0,  -14,    0,    0,    0,    0,    0,  -21,   -2,  -38,  -28,  -14,   -6,   -4,   -5,    2,  -10,    2,  -12,    0,   -2,    0,  -24,   -2,  -10,   -2,  -18,  -18,  -26,  -14,  -20,  -14,  -30,  -18,  -28,    0,   -3,    0,    0,    0,    0,    0,  -14,  -18,  -31,  -14,  -11,  -24,   -2,    0,
       0,    0,  -17,    0,    0,    0,  -42,    0,    0,    0,    0,    0,  -14,    0,   -9,    0,   -4,    0,  -24,    0,  -16,  -30,  -10,   -6,   -6,   -5,    2,   -8,    2,  -10,    0,    0,    0,  -26,    2,   -4,    0,  -11,  -11,  -26,  -13,  -18,  -20,  -26,  -16,  -20,    0,    0,    0,    0,    0,    0,    0,  -10,  -11,  -20,   -6,   -5,  -26,    0,    0,
       0,    0,  -10,    0,    0,    0,    0,    0,    0,    0,    0,    0,    0,    0,    0,    0,    0,    0,    0,    0,  -10,  -10,   -8,    0,  -11,   -8,  -10,  -14,  -10,    0,    0,    0,    0,   -3,    0,    0,    0,   -5,   -5,   -8,   -8,   -8,  -10,   -9,  -12,    0,    0,    0,    0,    0,    0,    0,    0,   -8,   -5,   -5,   -5,   -6,   -3,    0,    0,
       0,    0,    0,    0,    0,    0,    0,    0,   18,    0,    0,    0,    0,    0,    0,    0,    0,    0,    0,    0,    0,    7,    0,   48,  -22,    0,    2,    0,    2,    0,   14,    0,    6,    0,   10,   24,   10,    0,    0,    0,    0,    0,    0,    0,    0,    0,    0,    0,    0,    0,    0,    0,    0,    0,    0,    0,    0,    0,    0,   10,    0,
       0,    0,    0,    0,    7,    0,    0,    0,   11,    0,    0,    0,    0,    0,    0,    0,    0,    0,    0,    0,    0,    0,    0,   23,    0,    0,    0,    0,    0,    0,    0,    7,    7,    0,    0,    0,    0,    0,    0,    0,    0,    0,    0,    0,    0,    0,    0,    4,    0,    0,    0,    0,    0,    0,    0,    0,    0,    0,    0,    0,    0,
       0,    0,    0,    0,    7,    0,    0,    0,   14,    0,    0,    0,    0,    0,    0,    0,    0,    0,    0,    0,    0,    0,    0,   14,    0,    0,    0,    0,    0,    0,    0,    6,    0,    0,    0,   14,    0,    0,    0,    0,    0,    0,    0,    0,    0,    0,    0,    6,    0,    0,    0,    0,    0,    0,    0,    0,    0,    0,    0,    0,    0,
      -3,  -25,    0,    0,    0,    0,    2,    0,    0,    0,    0,    0,    0,    0,    0,    0,    0,    0,    0,   -6,    0,    0,    0,    0,    0,    0,    0,    0,    0,    0,    0,    0,    0,    0,    0,    0,    0,    0,    0,    0,    0,    0,  -11,   -4,  -11,    0,    0,    0,    0,    0,    0,    0,    0,    0,    0,    0,    0,    0,    0,    0,    0,
       0,  -20,    0,    0,    0,    0,  -11,    0,    0,    0,    0,    0,    0,    0,    0,    0,    0,    0,    0,   -2,   -2,    0,    0,    0,    0,    0,    0,    0,    0,    0,    0,    0,    0,    4,    0,    0,    0,    0,    0,    0,    0,    0,  -10,  -12,  -10,    0,    0,    0,    0,    0,    0,    0,    0,    0,    0,    0,    0,    0,    4,    0,    0,
       0,   -3,    0,    0,    0,    0,    0,   -8,    0,    0,    0,    0,    0,    0,    0,    0,    0,    0,    0,   -4,    0,    0,    0,    0,    0,    0,    0,    0,    0,    0,    0,    0,    0,   -7,   -8,   -2,   -8,   -5,   -5,    0,    0,   -6,   -8,  -12,   -6,    0,    0,    0,    0,    0,    0,    0,    0,    0,   -5,   -5,   -5,   -5,   -7,   -8,    0,
       0,  -16,    0,    0,    0,    0,    0,   -2,    7,    0,    0,    0,    0,    0,    0,    0,    0,    0,    0,    0,   -4,    0,    0,    0,    0,    0,    0,    0,    0,    0,    0,    7,    0,    0,    2,    2,    2,    0,    0,    0,    0,    0,   -7,   -8,   -6,    0,    0,    0,    0,    0,    0,    0,    0,    0,    0,    0,    4,    0,    0,    2,    0,
       0,    0,    0,    0,    0,    0,    0,    0,    0,    0,    0,    0,    0,    0,    0,    0,    0,    0,    0,    0,    0,    0,    0,    0,    0,    0,    0,    0,    0,    0,    0,    0,    0,    0,    0,    0,    0,    0,    0,    0,    0,    0,   -7,  -14,  -10,    0,    0,    0,    0,    0,    0,    0,    0,    0,    0,    0,    0,    0,    0,    0,    0,
      11,   16,    0,    0,   40,    8,   -6,  -10,    0,    0,    0,    0,    0,    0,    0,    0,    0,    0,   -2,   12,    0,    0,    0,    0,    0,    0,    0,    0,    0,    0,   15,   53,    0,   -2,   15,    4,   15,    2,    2,    0,    4,    2,    5,   -6,    6,    0,    0,    0,    0,    0,    0,    0,    0,    0,   10,    4,    9,   19,   -2,   15,    0,
       0,    0,    0,    0,    0,    0,    0,    0,    4,    0,    0,    0,    0,    0,    0,    0,    0,    0,    0,    0,    0,    0,    0,    0,    0,    0,    0,    0,    0,    0,    0,    0,    0,    0,    0,    7,    0,    0,    0,    0,    0,    0,   -8,  -12,   -6,   -4,    0,    0,    0,    0,    0,    0,    0,    0,    0,    0,    0,    0,    0,    0,    0,
      -4,   -6,    0,    0,    0,    0,   -6,  -21,    3,    0,    0,    0,    0,    0,    0,    0,    0,    0,   -5,   -8,   -8,    0,    0,    0,    0,    0,    0,    0,    0,    0,    0,    0,    0,  -12,   -6,   -3,   -6,  -10,  -10,  -10,   -6,   -6,   -2,   -2,   -2,   -7,    0,    0,    0,    0,    0,    0,    0,    0,  -10,  -10,  -10,  -10,  -12,   -6,    0,
       0,    0,    0,    0,    0,    0,    0,    0,    0,    0,    0,    0,    0,    0,    0,    0,    0,    0,    0,    0,    0,    0,    0,    0,    0,    0,    0,    0,    0,    0,    0,    0,   11,    0,    0,   17,    0,    2,    8,    0,    0,    0,  -13,  -12,   -2,    0,    0,    0,    0,    0,    0,    0,    0,    0,    2,    2,    2,    2,    0,    7,    0,
      -2,    0,    0,    0,   -2,    0,  -28,    0,   -8,    0,    0,    0,    0,    0,    0,    0,    0,    0,    0,   -2,    0,    0,    0,    0,    0,    0,    0,    0,    0,    0,    0,   -4,    0,   -6,   -4,    2,   -4,    2,    2,   -4,    0,    0,    5,   -3,    7,    0,    0,   -8,    0,    0,    0,    0,    0,    0,    2,    2,    2,    2,   -6,   -4,    0,
       0,    0,    0,    0,    0,    0,   -6,    0,    0,    0,    0,    0,    0,    0,    0,    0,    0,    0,    0,    0,    0,    0,    0,    0,    0,    0,    0,    0,    0,    0,    0,    0,    0,    0,    0,    0,    0,    0,    0,    0,    0,    0,  -18,  -12,   -7,    0,    0,    0,    0,    0,    0,    0,    0,    0,    0,    0,    0,    0,    0,    0,    0,
       0,   -2,    0,    0,    0,    0,    0,    0,    0,    0,    0,    0,    0,    0,    0,    0,    0,    0,    0,    0,    0,    0,    0,    0,    0,    0,    0,    0,    0,    0,    0,    0,    0,   -8,   -3,   -2,   -3,    0,    0,   -4,    0,    0,   -4,   -4,   -2,    0,    0,    0,    0,    0,    0,    0,    0,    0,    0,    0,    0,    0,   -8,   -3,    0,
       0,    0,    0,    0,    0,    0,    0,    0,    8,    0,    0,    0,    0,    0,    0,    0,    0,    0,    0,    0,    0,    0,    0,    0,    0,    0,    0,    0,    0,    0,    0,    0,    0,   -1,    0,    0,    0,    0,    0,    0,    0,    0,   -7,   -2,   -9,   -5,    0,    0,    0,    0,    0,    0,    0,    0,    0,    0,    0,    0,   -1,    0,    0,
       0,    0,    0,    0,    0,    0,  -28,   -6,    0,    0,    0,    0,    0,    0,    0,    0,    0,    0,   -5,    0,   -6,    0,    0,    0,    0,    0,    0,    0,    0,    0,    0,    0,    0,   -7,   -2,    2,   -2,    0,    0,   -8,    4,    2,    8,   -2,    7,   -4,    0,    0,    0,    0,    0,    0,    0,    0,    0,    0,    0,    0,   -7,   -2,    0,
       0,    0,    0,    0,    0,    0,    0,    0,    0,    0,    0,    0,    0,    0,    0,    0,    0,    0,    0,    0,    0,    0,    0,    0,    0,    0,    0,    0,    0,    0,    0,    0,    0,    0,   -2,    0,   -2,    0,    0,   -4,    0,    0,   -7,   -7,   -6,    0,    0,    0,    0,    0,    0,    0,    0,    0,    0,    0,    0,    0,    0,   -2,    0,
       0,    0,    0,    0,    0,    0,    0,    0,    7,    0,    0,    0,    0,    0,    0,    0,    0,    0,    0,    0,    0,    2,    0,   13,   -3,    0,    0,    0,    0,    0,    4,    0,    7,    0,    6,   11,    6,    0,    0,    0,    0,    0,    0,    0,    0,    0,    0,    0,    0,    0,    0,    0,    0,    0,    0,    0,    0,    0,    0,    6,    0,
       0,    0,    0,    0,    0,    0,    0,    0,    0,    0,    0,    0,    0,    0,    0,    0,    0,    0,    0,    0,    0,  -10,    0,    0,    0,    0,    0,    0,    0,    0,    0,    0,    0,    0,    0,    0,    0,    0,    0,    0,    0,    0,    0,    0,    0,    0,    0,    0,    0,    0,    0,    0,    0,    0,    0,    0,    0,    0,    0,    0,    0,
       0,    0,    0,    0,    0,    0,    0,    0,    0,    0,    0,   -3,    0,    0,    0,    0,   -4,    0,    0,    0,    0,    0,    0,    0,    0,    0,    0,    0,    0,    0,    0,    0,    0,    0,    0,    0,    0,    0,    0,    0,    0,    0,    0,    0,    0,    0,    0,    0,    0,    0,    0,    0,    0,    0,    0,    0,    0,    0,    0,    0,    0,
       0,    0,    0,    0,    0,    0,    0,  -13,    0,    0,    0,    0,    0,    0,    0,    0,    0,    0,    0,    0,    0,    0,    0,    0,    0,    0,    0,    0,    0,    0,    0,    0,    0,    0,    0,    0,    0,    0,    0,    0,    0,    0,    0,    0,    0,    0,    0,    0,    0,    0,    0,    0,    0,    0,    0,    0,    0,    0,    0,    0,    0,
       0,    0,    0,    0,    0,    0,    0,    0,    0,    0,    0,    0,    0,    0,    0,    0,    0,    0,    0,    0,    0,    0,    0,    0,    0,    0,    0,    0,    0,    0,    0,    0,    0,    0,    0,    0,    0,    0,    0,    0,    0,    0,    0,    0,    0,    0,    0,    0,    0,    0,    0,    0,    0,    0,    0,    0,    0,    0,    0,    0,   -4,
       0,    0,    0,    0,    0,    0,  -10,    0,    0,    0,    0,    0,    0,    0,    0,    0,    0,    0,    0,    0,    0,    0,    0,    0,    0,    0,    0,    0,    0,    0,    0,    0,    0,    0,    0,    0,    0,    0,    0,    0,    0,    0,    0,    0,    0,    0,    0,    0,    0,    0,    0,    0,    0,    0,    0,    0,    0,    0,    0,    0,    0,
       0,    0,   -7,    0,    0,    0,    0,    0,   -6,    0,    0,    0,    0,    0,    0,    0,    0,    0,   -2,    0,    0,  -13,    0,    4,   -8,   -2,  -12,  -17,  -10,   -6,    7,    0,    0,   -6,    2,    0,    2,    0,    0,   -4,    0,    0,   -8,  -11,   -8,    0,    0,    0,    0,    0,    0,    0,    0,    8,    0,    0,    2,    4,   -6,    2,    0,
       0,    0,    0,    0,    0,    0,    0,    0,    0,    0,    0,    0,    0,    0,    0,    0,    0,    0,    0,    0,    0,    0,    0,    0,    0,    0,    0,    0,    0,    0,    0,    0,    0,   -2,   -2,   -4,   -2,   -4,   -4,   -2,   -4,    0,  -11,  -10,   -9,   -5,    0,    0,    0,    0,    0,    0,    0,    0,   -4,   -4,   -4,   -4,   -2,   -2,    0,
       0,   -3,    0,    0,    0,    0,    0,   -8,    0,    0,    0,    0,    0,    0,    0,    0,    0,    0,    0,   -4,    0,    0,    0,    0,    0,    0,    0,    0,    0,    0,    0,    0,    0,   -7,   -8,    0,   -8,   -5,   -5,    0,    0,   -6,   -8,  -12,   -6,    0,    0,    0,    0,    0,    0,    0,    0,    0,   -5,   -5,   -5,   -5,   -7,   -8,    0,
       0,  -16,    0,    0,    0,    0,    0,   -2,    7,    0,    0,    0,    0,    0,    0,    0,    0,    0,    0,    0,   -4,    0,    0,    0,    0,    0,    0,    0,    0,    0,    0,    7,    0,    0,    2,    2,    2,    0,    0,    0,    0,    0,   -7,   -8,   -6,    0,    0,    0,    0,    0,    0,    0,    0,    0,    0,    0,    4,    6,    0,    2,    0,
       0,  -16,    0,    0,    0,    0,    0,   -2,    7,    0,    0,    0,    0,    0,    0,    0,    0,    0,    0,    0,   -4,    0,    0,    0,    0,    0,    0,    0,    0,    0,    0,    7,    0,    0,   10,    2,   10,    0,    0,    0,    0,    0,   -7,   -8,   -6,    0,    0,    0,    0,    0,    0,    0,    0,    0,    4,    0,    4,   12,    0,   10,    0,
       0,  -16,    0,    0,    0,    0,    0,   -2,    7,    0,    0,    0,    0,    0,    0,    0,    0,    0,    0,    0,   -4,    0,    0,    0,    0,    0,    0,    0,    0,    0,    0,    7,    0,    0,    6,    2,    6,    0,    0,    0,    0,    0,   -7,   -8,   -6,    0,    0,    0,    0,    0,    0,    0,    0,    0,    0,    0,    4,    7,    0,    6,    0,
       0,  -16,    0,    0,    0,    0,    0,   -2,    7,    0,    0,    0,    0,    0,    0,    0,    0,    0,    0,    0,   -4,    0,    0,    0,    0,    0,    0,    0,    0,    0,    0,    7,    0,    0,    9,    2,    9,    0,    0,    0,    0,    0,   -7,   -8,   -6,    0,    0,    0,    0,    0,    0,    0,    0,    0,    4,    1,    9,   12,    0,    9,    0,
      -8,   -1,  -20,    0,    0,    0,  -45,  -22,  -19,    0,    0,    0,  -14,    0,    0,    0,    0,    0,  -21,   -2,  -18,  -28,  -14,   -6,   -4,   -5,    2,  -10,    2,  -12,    0,   -2,    0,  -24,   -2,  -10,   -2,  -18,  -18,  -26,  -14,  -20,  -14,  -30,  -18,  -28,    0,   -3,    0,    0,    0,    0,    0,  -14,  -18,  -31,  -14,  -11,  -24,   -2,    0,
       0,    0,    0,    0,    0,    0,    0,    0,    0,    0,    0,    0,    0,    0,    0,    0,    0,    0,    0,    0,    0,    0,    0,    0,    0,    0,    0,    0,    0,    0,    0,    0,    0,    0,    0,   -2,    0,    0,    0,    0,    0,    0,  -12,   -8,   -7,    0,    0,    0,    0,    0,    0,    0,    0,    0,    0,    0,    0,    0,    0,    0,    0,
};

static const EpdLigaturePair bitter_12_italicLigaturePairs[] = {
    { 0x00660069, 0xFB01 }, // f i -> U+FB01
    { 0x0066006C, 0xFB02 }, // f l -> U+FB02
};

static constexpr EpdFontData bitter_12_italic = {
    bitter_12_italicBitmaps,
    bitter_12_italicGlyphs,
    bitter_12_italicIntervals,
    32,
    30,
    24,
    -7,
    true,
    bitter_12_italicGroups,
    8,
    nullptr,
    bitter_12_italicKernLeftClasses,
    bitter_12_italicKernRightClasses,
    bitter_12_italicKernMatrix,
    189,
    191,
    71,
    61,
    bitter_12_italicLigaturePairs,
    2,
};
