/**
 * generated by fontconvert.py
 * name: bitter_16_italic
 * size: 16
 * mode: 2-bit  compressed: true
 * Command used: fontconvert.py bitter_16_italic 16 ../builtinFonts/source/Bitter/Bitter-Italic.ttf ../builtinFonts/source/NotoEmoji/NotoEmoji-Regular.ttf ../builtinFonts/source/NotoSymbols/NotoSansSymbols-Regular.ttf --exact-intervals --additional-intervals 0x0020,0x007E --additional-intervals 0x00A0,0x00FF --additional-intervals 0x2000,0x206F --additional-intervals 0x20A0,0x20CF --additional-intervals 0x2190,0x21FF --additional-intervals 0xFB00,0xFB06 --additional-intervals 0xFFFD,0xFFFD --additional-intervals 0x2669,0x266F --additional-intervals 0x2764,0x2764 --additional-intervals 0x1F600,0x1F600 --additional-intervals 0x1F44D,0x1F44D --font-include-intervals 1:0x2764,0x2764 --font-include-intervals 1:0x1F600,0x1F600 --font-include-intervals 1:0x1F44D,0x1F44D --font-include-intervals 2:0x2669,0x266F --2bit --compress --pnum --darken-aa
 */
#pragma once
#include "EpdFontData.h"

static const uint8_t bitter_16_italicBitmaps[12378] = {
    0xAD, 0x5A, 0xBF, 0x93, 0xDD, 0xD6, 0x75, 0xBE, 0x00, 0x4C, 0xC2, 0x21, 0xC6, 0x03, 0x15, 0xDC,
    0x22, 0xD4, 0x8C, 0xE1, 0x32, 0x43, 0x65, 0x82, 0x7F, 0x80, 0x22, 0x60, 0xA5, 0x48, 0x29, 0x16,
    0x7C, 0xF2, 0xC4, 0x2A, 0xDC, 0xB8, 0x89, 0x34, 0x13, 0x36, 0x29, 0x92, 0x19, 0x6A, 0x01, 0xC7,
    0x45, 0x0A, 0x17, 0x62, 0x63, 0x37, 0x69, 0x54, 0xD8, 0x33, 0xF2, 0x53, 0xB1, 0x2E, 0x5C, 0xA4,
    0xD8, 0x7D, 0x40, 0xE2, 0x22, 0x85, 0x1B, 0x78, 0x5C, 0xA4, 0x48, 0x11, 0xC4, 0x23, 0x39, 0xB1,
    0x34, 0x19, 0x21, 0x16, 0x24, 0x83, 0x24, 0x80, 0x9B, 0xEF, 0xFB, 0x2E, 0xF0, 0xF6, 0xED, 0x72,
    0x29, 0xFF, 0x98, 0xEC, 0x5B, 0x1C, 0xEC, 0xE2, 0x01, 0xF7, 0x9E, 0x73, 0xEE, 0x39, 0xDF, 0xF9,
    0x71, 0x61, 0xEE, 0x7B, 0xA3, 0x8F, 0x4F, 0x30, 0x04, 0x7D, 0xD0, 0xF1, 0x13, 0xB6, 0x51, 0x1B,
    0x35, 0x71, 0x8D, 0x4F, 0x19, 0x97, 0xD7, 0x8C, 0xFB, 0xB9, 0x6B, 0xAC, 0xB1, 0x79, 0xC5, 0xBF,
    0xA2, 0xA6, 0x88, 0xEB, 0xE3, 0xB8, 0x3E, 0x8B, 0xEB, 0xD3, 0xB8, 0x3C, 0x8D, 0xF3, 0x21, 0x31,
    0x7D, 0x62, 0x7E, 0xF4, 0x65, 0x7C, 0x79, 0x13, 0x1F, 0x63, 0x4E, 0xCD, 0x08, 0x3A, 0x8A, 0x0E,
    0xDE, 0x60, 0x8C, 0xDF, 0xFB, 0x9D, 0x31, 0x1C, 0xDD, 0x78, 0xAF, 0x7F, 0xFA, 0xFA, 0xA7, 0x79,
    0x60, 0xF1, 0x53, 0x8A, 0xE6, 0x86, 0x73, 0x19, 0x93, 0x94, 0x49, 0x6E, 0x4C, 0x6A, 0x32, 0x3C,
    0x94, 0x89, 0xDE, 0x35, 0xC7, 0xA0, 0x67, 0x18, 0xCE, 0xDC, 0x9E, 0xB7, 0xF3, 0x3B, 0xA6, 0xC2,
    0xED, 0x9D, 0x29, 0x40, 0x5B, 0xE3, 0x73, 0x30, 0x37, 0xA4, 0x09, 0xDA, 0xB0, 0x35, 0x26, 0x6A,
    0x22, 0x0C, 0xE3, 0x06, 0x23, 0xEB, 0x64, 0xDB, 0x27, 0x0D, 0x71, 0xC1, 0xF0, 0x3B, 0x13, 0x8B,
    0x34, 0xB8, 0x6E, 0xED, 0x23, 0x93, 0x72, 0xB4, 0xEA, 0x83, 0x07, 0x9D, 0x37, 0x73, 0xA0, 0x11,
    0xE3, 0x04, 0x83, 0x09, 0x9A, 0xA0, 0xC7, 0x73, 0x01, 0x99, 0x0F, 0x2C, 0x88, 0x67, 0x1F, 0x83,
    0x56, 0x98, 0xD3, 0xC4, 0x96, 0x57, 0x0B, 0x5E, 0xF5, 0x49, 0x4C, 0x95, 0x93, 0xDB, 0xF2, 0x2E,
    0x48, 0x0E, 0x52, 0x80, 0x67, 0x28, 0xEA, 0xD8, 0x84, 0x93, 0xA9, 0x66, 0xDB, 0x93, 0xE3, 0xDA,
    0x5C, 0xD7, 0x00, 0x8E, 0x81, 0x72, 0x4F, 0xF8, 0xE4, 0x0D, 0x8E, 0xF1, 0xD7, 0x39, 0x05, 0x00,
    0x2B, 0x71, 0x9D, 0xFC, 0x72, 0x30, 0x69, 0x9E, 0x41, 0xE2, 0x63, 0x1C, 0x0F, 0xA5, 0xC2, 0x87,
    0x90, 0x70, 0x30, 0xA7, 0x60, 0x7D, 0x30, 0x63, 0x9A, 0x83, 0x0E, 0x50, 0xCB, 0x18, 0x74, 0x60,
    0xA5, 0xA8, 0x7E, 0x02, 0xF1, 0x53, 0x1B, 0x41, 0x24, 0xEF, 0x5E, 0xFA, 0xAD, 0x1D, 0x86, 0x3B,
    0x4E, 0x30, 0xA5, 0x19, 0xB3, 0x7F, 0xEC, 0x20, 0xD4, 0x08, 0xBD, 0x47, 0x3F, 0xEB, 0xBD, 0xDE,
    0x24, 0x7F, 0xDF, 0x81, 0x66, 0x41, 0xE7, 0x75, 0x78, 0xB8, 0xF5, 0xB5, 0xD6, 0x01, 0x56, 0xDA,
    0xEF, 0x30, 0x6F, 0x69, 0xB0, 0x10, 0xD0, 0x79, 0x31, 0x9A, 0xFB, 0xC6, 0x5C, 0x23, 0x6F, 0x6F,
    0x7E, 0x9F, 0xF2, 0x42, 0x6A, 0xE8, 0xBB, 0xF5, 0x6C, 0x19, 0xB5, 0x50, 0x49, 0x58, 0x87, 0x3D,
    0x49, 0x07, 0x0D, 0x81, 0x40, 0x43, 0x3D, 0xC9, 0x44, 0x39, 0xEC, 0x93, 0xED, 0x96, 0x3A, 0xB5,
    0x1E, 0x8E, 0xC7, 0xF1, 0x63, 0x93, 0xD4, 0x69, 0x03, 0x92, 0x95, 0x26, 0xAD, 0x2B, 0xAA, 0xC9,
    0xAE, 0x04, 0x3A, 0xC2, 0x6F, 0x55, 0xFB, 0xA3, 0xC9, 0x9E, 0x9C, 0x80, 0x39, 0x6B, 0x1B, 0x28,
    0x7B, 0xC6, 0x28, 0x47, 0x98, 0xFB, 0x6E, 0x71, 0x7C, 0x76, 0x7A, 0x3A, 0xF4, 0x3F, 0x92, 0xE9,
    0x61, 0xAE, 0xC1, 0x44, 0x54, 0x0F, 0x9E, 0x36, 0x18, 0x68, 0x32, 0x78, 0x0E, 0x5A, 0xE1, 0x35,
    0x4E, 0xC0, 0xCB, 0x59, 0x0E, 0xE5, 0xF3, 0x4B, 0xA8, 0x60, 0xE6, 0x2D, 0x97, 0x7F, 0x77, 0x5C,
    0x1D, 0x9A, 0x15, 0x7E, 0xD3, 0x92, 0x83, 0xE1, 0x59, 0x0C, 0xE2, 0x37, 0x8B, 0x85, 0x9B, 0x18,
    0x5F, 0xE4, 0xCB, 0x17, 0xB0, 0x27, 0x7C, 0x47, 0x43, 0x18, 0x8C, 0x37, 0xF2, 0xD7, 0x5C, 0xFC,
    0xC5, 0x15, 0x30, 0x81, 0x6F, 0x71, 0xCF, 0xC2, 0x4A, 0xCB, 0x67, 0xD3, 0x9A, 0xAC, 0xAC, 0x4C,
    0x86, 0xE2, 0xD0, 0x71, 0x7D, 0xC7, 0xCD, 0x72, 0x53, 0x7F, 0xDD, 0x31, 0x5F, 0xB9, 0x73, 0xB3,
    0x38, 0x1E, 0xAB, 0x8F, 0x07, 0xEF, 0x7F, 0xA8, 0xBF, 0xF8, 0x6D, 0x93, 0xC5, 0xE5, 0x9F, 0x86,
    0xEE, 0xA6, 0x87, 0x46, 0x5E, 0x24, 0x27, 0xA2, 0x0F, 0xAD, 0xC4, 0xA3, 0xB6, 0xE9, 0x4A, 0x19,
    0x54, 0xEC, 0xC8, 0xED, 0xF7, 0x9E, 0x6C, 0xE9, 0x01, 0xB4, 0xF3, 0xE6, 0x0A, 0x63, 0x27, 0xB9,
    0x9E, 0xF3, 0xA9, 0x70, 0x88, 0xE4, 0xE4, 0x61, 0x13, 0x97, 0xD9, 0xCA, 0x0E, 0x5C, 0x00, 0xBF,
    0xDB, 0xED, 0xA3, 0xC4, 0x64, 0x75, 0x51, 0x67, 0xF9, 0x17, 0xD6, 0xF9, 0x31, 0x9F, 0x27, 0x0F,
    0xC3, 0xD1, 0xB8, 0x21, 0x69, 0xB8, 0xA9, 0x1C, 0xD3, 0xDD, 0x42, 0xE6, 0x7A, 0xC7, 0x10, 0x19,
    0x58, 0x6F, 0x49, 0xE4, 0xC1, 0xC6, 0xBC, 0xBC, 0x08, 0x31, 0x9C, 0xDF, 0x12, 0xD6, 0x8E, 0xA5,
    0x38, 0x3F, 0x1F, 0x89, 0xB7, 0xFC, 0x93, 0x98, 0x79, 0xE3, 0x11, 0x06, 0xA1, 0x15, 0x64, 0x74,
    0x1B, 0xDB, 0x14, 0x2D, 0x35, 0xD3, 0x45, 0x50, 0x71, 0x1F, 0x63, 0x39, 0x06, 0x68, 0x37, 0x18,
    0x32, 0x91, 0x72, 0x21, 0x3D, 0xD4, 0x1D, 0x76, 0x20, 0x11, 0x49, 0xDC, 0xCA, 0xDA, 0x32, 0xDA,
    0x44, 0x02, 0xAB, 0x35, 0xF1, 0xFC, 0x00, 0xB6, 0x42, 0x47, 0x87, 0x2F, 0x62, 0xD2, 0x6B, 0xF7,
    0x38, 0xD1, 0xBB, 0xE0, 0x04, 0xCC, 0x67, 0x58, 0x41, 0x78, 0x74, 0xFC, 0x14, 0xC7, 0xB7, 0x07,
    0xF3, 0x45, 0x1A, 0x33, 0xE5, 0xA5, 0x65, 0x47, 0xCB, 0x11, 0xB7, 0xCB, 0x01, 0x1D, 0xC0, 0xD4,
    0xB8, 0xC0, 0x5E, 0xD5, 0x90, 0x43, 0x3A, 0x06, 0x74, 0xB4, 0x2D, 0x81, 0x10, 0x56, 0x93, 0x58,
    0x13, 0x3C, 0xF6, 0x6C, 0x0D, 0x41, 0xB3, 0x1A, 0x3A, 0x4B, 0xEB, 0x40, 0x06, 0x81, 0x89, 0x48,
    0x0A, 0x4C, 0xEF, 0xD1, 0xC4, 0x39, 0xB5, 0x49, 0xE9, 0x3D, 0xF4, 0xD4, 0x90, 0x97, 0x32, 0xAA,
    0xD1, 0x52, 0x77, 0xFC, 0xEE, 0x7C, 0x75, 0x89, 0x75, 0x54, 0xCC, 0xF7, 0xE9, 0xE5, 0xF8, 0xBE,
    0xA2, 0x43, 0xEE, 0x72, 0x3C, 0x7C, 0x4A, 0xEE, 0x06, 0x03, 0x77, 0xEC, 0xC5, 0xAF, 0x98, 0x15,
    0xA7, 0x9C, 0xCD, 0x7F, 0x6F, 0xA6, 0x2A, 0x29, 0x83, 0x20, 0xEB, 0xBA, 0xD0, 0x2A, 0x23, 0xF0,
    0x88, 0xA1, 0x73, 0xA2, 0x6B, 0x55, 0xFE, 0x25, 0x02, 0x5A, 0xF6, 0xAB, 0x93, 0x91, 0xF3, 0x76,
    0x26, 0x24, 0x2E, 0x9B, 0x23, 0x29, 0xCB, 0x7C, 0x99, 0xB7, 0x14, 0xCD, 0xC2, 0x6F, 0x40, 0x12,
    0x93, 0xA4, 0x15, 0x48, 0x81, 0x01, 0xBC, 0x91, 0x2B, 0x21, 0xFD, 0x37, 0x74, 0xB2, 0x5C, 0x7E,
    0x58, 0xD1, 0x49, 0x88, 0xAC, 0x20, 0x58, 0xF3, 0xC9, 0x64, 0xDF, 0x7D, 0x6D, 0xBE, 0x4F, 0xB1,
    0x06, 0x91, 0xA3, 0xCD, 0xD7, 0x26, 0x4C, 0x10, 0x0C, 0x7B, 0x18, 0xA1, 0x04, 0x7B, 0x59, 0x8E,
    0x36, 0x9B, 0xDC, 0x19, 0x82, 0x48, 0xB1, 0xDD, 0xCA, 0xAF, 0x08, 0x1C, 0x46, 0x3E, 0x2E, 0xB7,
    0x96, 0x6B, 0xD2, 0xD5, 0xC8, 0x18, 0x14, 0xA4, 0xA5, 0xF6, 0xB7, 0x12, 0x3A, 0x98, 0xF7, 0xB7,
    0xDB, 0x0B, 0x0F, 0xFA, 0x7C, 0x10, 0x68, 0xF6, 0x15, 0x93, 0x0C, 0xA6, 0xDA, 0x42, 0xA5, 0x8C,
    0x46, 0x40, 0x21, 0x5E, 0xFF, 0x4B, 0x82, 0x9F, 0xB9, 0x3E, 0xE7, 0xB4, 0x98, 0x1A, 0xFA, 0xC3,
    0x37, 0xE9, 0x63, 0x0F, 0xFF, 0x41, 0x5A, 0x7F, 0x76, 0x4F, 0x42, 0x03, 0x7B, 0x75, 0x3B, 0x35,
    0x7E, 0xC7, 0x21, 0xE5, 0x08, 0xDC, 0x7F, 0x7D, 0xE6, 0xBD, 0x96, 0xF3, 0x55, 0x24, 0x45, 0x4E,
    0xE2, 0xFE, 0xAD, 0xC8, 0x46, 0x91, 0x83, 0x83, 0xAC, 0x8E, 0x46, 0x93, 0x3E, 0xA9, 0x3A, 0x4E,
    0x01, 0xA3, 0x12, 0xFA, 0x11, 0x79, 0xAF, 0x6D, 0x20, 0x39, 0x71, 0xB4, 0xCE, 0x44, 0xB6, 0x5B,
    0x9B, 0x2B, 0xAC, 0xDC, 0x21, 0xE3, 0x0F, 0xDD, 0xF4, 0x17, 0x56, 0x1B, 0xA3, 0x97, 0x8B, 0x7C,
    0xAB, 0x68, 0x7F, 0xC0, 0x1D, 0xCB, 0xCF, 0x9B, 0xEF, 0xD0, 0x68, 0xEC, 0xEA, 0x84, 0x65, 0xDA,
    0x42, 0xBB, 0x51, 0x87, 0x65, 0x0A, 0x19, 0x6C, 0x41, 0x7A, 0x3C, 0x84, 0x7F, 0x93, 0x1A, 0xDA,
    0x40, 0x00, 0xB4, 0x1F, 0x8D, 0xB4, 0xCE, 0x86, 0x81, 0x11, 0x9E, 0x3A, 0x25, 0xF4, 0x59, 0xB8,
    0x1E, 0xF4, 0x52, 0x30, 0xA6, 0x64, 0x25, 0x6D, 0xA2, 0xAC, 0x16, 0xC3, 0xA8, 0xC0, 0x0A, 0xC5,
    0xFF, 0xF4, 0xC1, 0xE0, 0xE2, 0x8B, 0xBF, 0x97, 0x1C, 0xCE, 0x24, 0xEB, 0xEF, 0x9C, 0x47, 0x85,
    0x33, 0x26, 0x80, 0x9E, 0x2B, 0xA1, 0x6A, 0x29, 0xA7, 0x26, 0xD4, 0xD7, 0xF0, 0xA4, 0x85, 0xE8,
    0xDF, 0xAC, 0x81, 0xEB, 0x24, 0x4C, 0x25, 0x42, 0x3B, 0x73, 0x86, 0x47, 0xFB, 0x95, 0x96, 0x9C,
    0xE1, 0xB0, 0xAE, 0x57, 0xC1, 0x25, 0x84, 0x65, 0xBF, 0x51, 0x4D, 0x82, 0x3E, 0x10, 0xAE, 0x33,
    0x63, 0xCE, 0x0A, 0x90, 0x9D, 0xC9, 0xCD, 0x85, 0x9F, 0x03, 0x60, 0x4C, 0xA5, 0xC6, 0xAA, 0x24,
    0xBA, 0x7D, 0xC1, 0x5C, 0xF9, 0xE3, 0x11, 0xA6, 0x38, 0xA3, 0x8B, 0x0B, 0x80, 0x64, 0x20, 0x62,
    0xBA, 0x47, 0x7F, 0x63, 0x6E, 0x29, 0xA3, 0xA0, 0xD9, 0x80, 0x84, 0xF6, 0x7D, 0xB0, 0x2B, 0x57,
    0x85, 0xFA, 0xB2, 0x61, 0x5D, 0x8A, 0x8C, 0x6B, 0x14, 0x5A, 0x59, 0x97, 0x0C, 0xD6, 0xD2, 0x3F,
    0xD2, 0xDE, 0x4D, 0xE0, 0xA2, 0x15, 0x4D, 0x96, 0x24, 0xBF, 0xB1, 0xDD, 0x6E, 0x2F, 0xB3, 0x81,
    0xB5, 0x9B, 0x49, 0x26, 0x73, 0x7B, 0xBB, 0x7D, 0xD7, 0x44, 0x7C, 0xA0, 0xE7, 0x43, 0x04, 0xAB,
    0x81, 0xF3, 0xC1, 0x1C, 0x2A, 0x28, 0x07, 0x89, 0x8A, 0x81, 0x1D, 0xF2, 0x62, 0x4A, 0xFD, 0xC1,
    0x88, 0x31, 0x21, 0x00, 0xCE, 0xFC, 0xED, 0x2A, 0xD1, 0x09, 0x33, 0xA5, 0x91, 0xF8, 0x63, 0xFE,
    0x58, 0x16, 0x54, 0x2C, 0x07, 0x54, 0xED, 0xF1, 0x71, 0x8C, 0x97, 0x35, 0x32, 0x2E, 0xFA, 0xB2,
    0xC0, 0x92, 0xF9, 0xDC, 0x02, 0xF1, 0xD7, 0x2E, 0xB1, 0xF6, 0x67, 0x4B, 0xDA, 0x44, 0x80, 0xA9,
    0xF6, 0x57, 0xFD, 0xEA, 0x7D, 0xA3, 0xD4, 0x8A, 0x8C, 0x85, 0xF6, 0x43, 0xAE, 0x0D, 0xE4, 0x25,
    0x54, 0xF2, 0xE6, 0xD9, 0xF9, 0x79, 0x06, 0x9D, 0xFA, 0xF6, 0x9B, 0x49, 0x19, 0x37, 0x89, 0xED,
    0x99, 0xB7, 0x14, 0xAF, 0x20, 0x7D, 0xC9, 0x0C, 0xF2, 0x9C, 0xA8, 0x46, 0x72, 0xC3, 0xD3, 0x31,
    0xD2, 0x38, 0x5C, 0x3C, 0x0D, 0x9B, 0xA0, 0x8D, 0xEB, 0x31, 0xAA, 0x11, 0xF0, 0x78, 0xC2, 0x33,
    0x25, 0x4E, 0x09, 0x6F, 0x8F, 0x9A, 0xAC, 0x3E, 0x46, 0x1E, 0xF4, 0xE4, 0x93, 0x5F, 0x8C, 0xE6,
    0xCC, 0xB7, 0xFF, 0x82, 0xF9, 0x8E, 0xCD, 0xDF, 0x2D, 0x6B, 0x6B, 0x56, 0xAF, 0x96, 0xD6, 0xBE,
    0x28, 0x6C, 0xF9, 0x48, 0x91, 0xB8, 0x12, 0x44, 0x38, 0x74, 0xE0, 0x8F, 0x0B, 0x27, 0xC2, 0x72,
    0x93, 0x89, 0x56, 0xA2, 0x5A, 0x2F, 0xFF, 0x37, 0x82, 0xB6, 0x5F, 0x93, 0x46, 0x3F, 0x13, 0x68,
    0xFC, 0xB3, 0xA0, 0x3F, 0x77, 0xB2, 0x4C, 0xCA, 0x6E, 0x67, 0x05, 0x52, 0x68, 0x02, 0xC9, 0x44,
    0x25, 0x10, 0x2C, 0xE4, 0x80, 0xD6, 0xAD, 0x71, 0x6E, 0xD2, 0x0F, 0xB7, 0x8E, 0x2D, 0x98, 0xC6,
    0x4E, 0x8C, 0xD1, 0xDF, 0x6A, 0x9A, 0x76, 0xDA, 0x66, 0x08, 0x37, 0x76, 0x04, 0x0D, 0xB1, 0x44,
    0x47, 0x9B, 0xFB, 0xF4, 0x1C, 0xA6, 0x6B, 0xF4, 0x9F, 0xB8, 0x7D, 0x71, 0x62, 0xDC, 0xB2, 0x0C,
    0x5C, 0xF2, 0x47, 0x11, 0x18, 0x46, 0x09, 0x6D, 0x66, 0x25, 0xAC, 0x34, 0xFB, 0x6A, 0x41, 0xD8,
    0xE2, 0x92, 0x73, 0xAA, 0x6A, 0x03, 0xF6, 0x2D, 0xCD, 0x77, 0xA6, 0xEB, 0x4C, 0x24, 0x88, 0x6C,
    0x23, 0x6E, 0x0F, 0x06, 0xC2, 0x40, 0x8F, 0x0B, 0x69, 0x17, 0xCE, 0xEF, 0xD9, 0xBA, 0xA2, 0x89,
    0x29, 0x15, 0x37, 0xE6, 0xC5, 0xFF, 0x16, 0xFC, 0xB6, 0x34, 0x12, 0xC8, 0xF2, 0x7E, 0x34, 0x20,
    0x9A, 0x78, 0x03, 0x6E, 0xF6, 0x3A, 0x38, 0x9E, 0xD7, 0x25, 0xB8, 0xEB, 0x9D, 0x6C, 0x1F, 0x6F,
    0x18, 0x0A, 0x0F, 0xC0, 0xFC, 0x2A, 0x52, 0x9D, 0xA7, 0xD7, 0x35, 0xF2, 0xE4, 0x94, 0x6A, 0x89,
    0xED, 0x89, 0xE5, 0x3C, 0x3D, 0xD9, 0x2D, 0x99, 0xF2, 0x32, 0x61, 0x84, 0xD0, 0x92, 0xBA, 0x17,
    0xA5, 0xDA, 0x3E, 0x78, 0xCD, 0x2A, 0x8B, 0xCB, 0x94, 0x1D, 0x82, 0x01, 0x48, 0x1D, 0x89, 0x22,
    0x5C, 0x82, 0x01, 0x47, 0xE1, 0xA1, 0xCC, 0x1D, 0x7A, 0xEA, 0x1B, 0xB4, 0x12, 0x20, 0x56, 0x42,
    0x8A, 0x79, 0xA5, 0x48, 0x60, 0x27, 0x71, 0x40, 0x3B, 0xA4, 0xD6, 0xC0, 0x1C, 0x93, 0x4F, 0xFD,
    0xD2, 0x3E, 0xA1, 0x89, 0xC6, 0x48, 0x15, 0xAB, 0x2E, 0x10, 0xB7, 0x36, 0x62, 0x84, 0x04, 0xF8,
    0xF5, 0xC1, 0xE6, 0x98, 0xBC, 0xBC, 0x4C, 0x56, 0xEE, 0x90, 0x87, 0x9B, 0x07, 0x81, 0xD7, 0x91,
    0xDC, 0x59, 0x3E, 0xA5, 0xE2, 0x4A, 0x50, 0xA0, 0x8B, 0x41, 0x4E, 0x99, 0x16, 0x53, 0xCE, 0x86,
    0x93, 0x37, 0x2E, 0x11, 0x9F, 0xB7, 0x27, 0x5C, 0x04, 0x5B, 0xAB, 0x96, 0xDA, 0xCF, 0x3B, 0x93,
    0x4C, 0x9C, 0xF7, 0x8C, 0xF3, 0x3E, 0xE4, 0xBC, 0x0F, 0x39, 0xE5, 0x0B, 0xCF, 0x99, 0x77, 0x5E,
    0xCC, 0xBA, 0x02, 0x50, 0x5C, 0x15, 0x5C, 0x0F, 0x22, 0xAC, 0xD0, 0x74, 0x5A, 0xAB, 0x21, 0x27,
    0xAF, 0xB9, 0xF5, 0x58, 0x08, 0x45, 0x58, 0x49, 0xA4, 0xFF, 0x6A, 0x00, 0xC0, 0x79, 0x30, 0xA7,
    0xBB, 0x7A, 0xE2, 0x65, 0x61, 0xEF, 0x1D, 0x43, 0x1B, 0xF8, 0x93, 0x25, 0xD4, 0x68, 0x7E, 0x67,
    0x06, 0x0B, 0x08, 0xE0, 0xB9, 0xA3, 0xAF, 0xB3, 0x38, 0x28, 0x20, 0x10, 0x29, 0xFF, 0x0E, 0x3A,
    0xB3, 0xA7, 0x48, 0x0C, 0x2A, 0x66, 0x79, 0x1C, 0x01, 0x18, 0x93, 0x29, 0xB5, 0x8E, 0xA5, 0x7F,
    0xA6, 0x5E, 0x35, 0x99, 0x22, 0x86, 0x78, 0xF7, 0x8D, 0x56, 0xC1, 0x78, 0x9B, 0x7B, 0x50, 0x05,
    0x22, 0x29, 0x82, 0x11, 0x5C, 0x00, 0xCC, 0xE2, 0x31, 0x02, 0x16, 0x9E, 0xA3, 0x4C, 0xD0, 0x8B,
    0x2F, 0x4F, 0x5A, 0x4F, 0x44, 0x2F, 0xE5, 0x95, 0x66, 0x31, 0x0F, 0xD9, 0x47, 0xA7, 0xB5, 0x71,
    0x09, 0xA4, 0x3B, 0x6D, 0xB7, 0x27, 0xAD, 0x18, 0x26, 0xD4, 0xCD, 0x2E, 0x35, 0x9C, 0x5C, 0x76,
    0xE8, 0x86, 0xF5, 0xCE, 0x87, 0x65, 0xB2, 0x3A, 0x6A, 0x3C, 0x42, 0x19, 0xA3, 0x87, 0xAD, 0x59,
    0x45, 0x5A, 0x77, 0x12, 0x9F, 0x60, 0xD2, 0xB3, 0xF6, 0x99, 0x34, 0x53, 0x07, 0x15, 0xA5, 0x23,
    0xDF, 0x63, 0xAE, 0x0E, 0xBB, 0x2C, 0xD3, 0xE4, 0x8C, 0x83, 0x33, 0x72, 0x3A, 0xCE, 0x25, 0xCC,
    0x64, 0xE8, 0xA6, 0x4E, 0x0C, 0x8C, 0x89, 0x29, 0x60, 0xC4, 0xE5, 0x29, 0x0E, 0x06, 0x59, 0x07,
    0x58, 0x06, 0x59, 0x07, 0xD0, 0x20, 0xC3, 0x72, 0xF4, 0x97, 0x52, 0xE1, 0xEE, 0x9C, 0x47, 0x21,
    0x7C, 0xED, 0xC2, 0x15, 0x86, 0x7D, 0xC9, 0xBA, 0x70, 0x52, 0xB5, 0x0B, 0x9E, 0x43, 0xAE, 0x23,
    0x9A, 0xE3, 0x2B, 0xB4, 0xC7, 0xD9, 0xA7, 0x41, 0xB6, 0x14, 0x44, 0x70, 0xC4, 0xD4, 0x41, 0x2A,
    0xE2, 0xE8, 0x69, 0xCD, 0xF1, 0x14, 0xD9, 0x5D, 0x96, 0x60, 0xB2, 0xEF, 0xB9, 0x2A, 0xBB, 0x97,
    0xA1, 0x11, 0x4F, 0xAB, 0xAF, 0xF1, 0x8A, 0xE5, 0xE2, 0x81, 0x61, 0x2B, 0x96, 0x89, 0x0D, 0x23,
    0xE7, 0x07, 0xEB, 0x70, 0x53, 0x0C, 0xC8, 0x12, 0x81, 0x18, 0x45, 0x0D, 0xA0, 0x70, 0x80, 0x0E,
    0x7C, 0xDB, 0x28, 0x89, 0xA9, 0xC1, 0x4C, 0x4E, 0x45, 0x2B, 0x57, 0xCF, 0x97, 0xAC, 0x87, 0xF3,
    0x4A, 0x88, 0xCB, 0xE9, 0xF0, 0x81, 0x77, 0x98, 0x95, 0x5C, 0x91, 0x7A, 0xB2, 0x0C, 0xCC, 0x31,
    0x7B, 0x5C, 0x72, 0xF2, 0x1C, 0x73, 0x27, 0x00, 0x84, 0x6D, 0x25, 0x43, 0x31, 0x0E, 0x8B, 0x94,
    0x42, 0x6F, 0xF2, 0x25, 0xE8, 0x36, 0x1E, 0xD7, 0x9C, 0x51, 0x38, 0x9E, 0x5C, 0xD2, 0x1F, 0x63,
    0xB4, 0xA2, 0xA3, 0xE7, 0x60, 0x74, 0x6A, 0xA3, 0x32, 0xFE, 0x53, 0x9E, 0x01, 0xCF, 0x1F, 0xB1,
    0xD0, 0x83, 0x7A, 0x7E, 0x0A, 0x66, 0x33, 0x14, 0xD3, 0xAF, 0x52, 0x4F, 0x71, 0x5B, 0x50, 0xF7,
    0xC7, 0x51, 0x37, 0xF2, 0x7C, 0x16, 0xFE, 0xBA, 0xA7, 0x08, 0x67, 0xC1, 0xD3, 0x4E, 0x06, 0xE8,
    0xDB, 0x1A, 0xE5, 0xAD, 0x19, 0xE1, 0x7F, 0x14, 0x03, 0x96, 0x26, 0x49, 0x06, 0xEA, 0x0A, 0xCB,
    0x3C, 0xB8, 0xDA, 0xCC, 0xEF, 0x9D, 0x5C, 0x4A, 0xB9, 0x77, 0xC2, 0x3F, 0x65, 0x25, 0xAC, 0x91,
    0x12, 0xF0, 0xA1, 0xB8, 0x43, 0x7E, 0xC8, 0x3F, 0xFD, 0x08, 0x02, 0xD2, 0x8F, 0x68, 0x48, 0xAD,
    0x98, 0x3E, 0xA3, 0x1C, 0xCE, 0xE0, 0x71, 0x2F, 0x57, 0xB3, 0x70, 0x81, 0xE9, 0x81, 0x4E, 0xE0,
    0x93, 0x73, 0x65, 0x51, 0xC7, 0xA9, 0x32, 0x44, 0x0F, 0x0C, 0x76, 0x1C, 0x8C, 0x9C, 0x70, 0xE7,
    0x4D, 0x3C, 0x9D, 0x19, 0xCB, 0x13, 0xE2, 0x05, 0xBB, 0x37, 0x60, 0xEF, 0x1F, 0xDC, 0xE9, 0xA7,
    0x0D, 0xD9, 0x4D, 0xFE, 0xA3, 0x26, 0xB7, 0x2C, 0x34, 0x30, 0x42, 0x84, 0x13, 0x0B, 0x72, 0x2B,
    0xF0, 0xF6, 0x55, 0x09, 0xE5, 0x4C, 0x21, 0xC8, 0xA8, 0x56, 0xE5, 0xD6, 0xAF, 0x1C, 0x0A, 0x35,
    0x42, 0x21, 0x4C, 0x5D, 0xBD, 0x8F, 0xE8, 0xC7, 0x30, 0x64, 0xE5, 0x15, 0x55, 0xCE, 0x04, 0x88,
    0x55, 0x21, 0x8D, 0x36, 0x93, 0x7B, 0x39, 0x4A, 0xAF, 0x50, 0x83, 0x02, 0xD7, 0xED, 0x39, 0x25,
    0xFE, 0xE0, 0x29, 0xAB, 0x65, 0xB7, 0x2A, 0xDD, 0xAC, 0x1C, 0x8C, 0x28, 0x34, 0xD0, 0xF0, 0x12,
    0x60, 0x51, 0xCB, 0x54, 0x9F, 0x28, 0x94, 0xB3, 0x66, 0x1A, 0x65, 0xB1, 0x34, 0x2B, 0x85, 0xA6,
    0x7D, 0x40, 0x6E, 0x48, 0x06, 0x06, 0x64, 0xE8, 0xB1, 0x41, 0x56, 0x9B, 0x30, 0x0C, 0x1F, 0x06,
    0x64, 0x11, 0xB6, 0x43, 0x68, 0x46, 0x85, 0xB2, 0xDE, 0x8D, 0x8B, 0x2C, 0x94, 0x11, 0xE2, 0xD8,
    0xCD, 0xA5, 0x58, 0xF0, 0xF9, 0x98, 0x7C, 0xA5, 0x36, 0xBC, 0x43, 0x6D, 0x74, 0xCF, 0x68, 0xA3,
    0xFC, 0x3C, 0x6D, 0xCC, 0xC2, 0xEB, 0x79, 0xD5, 0x86, 0xD9, 0x6B, 0x43, 0xF9, 0xF5, 0x45, 0x6D,
    0xBC, 0x6E, 0x95, 0x0E, 0x1C, 0x68, 0xC3, 0xBA, 0x9C, 0x4A, 0xBD, 0x96, 0x68, 0xF2, 0x1A, 0x45,
    0xEC, 0x4E, 0x89, 0xAA, 0x3A, 0x17, 0xB3, 0xD9, 0xE3, 0xC6, 0xE5, 0x14, 0x66, 0xBE, 0x98, 0xC2,
    0x54, 0x4E, 0x6D, 0x8B, 0xC6, 0x02, 0x6A, 0x0C, 0x0B, 0x5B, 0xB0, 0x88, 0xAB, 0x5C, 0x08, 0xC5,
    0x32, 0x5B, 0xAA, 0x66, 0x76, 0x8D, 0xA0, 0x42, 0x46, 0x45, 0x3F, 0x4D, 0x89, 0x3A, 0x09, 0x13,
    0xA7, 0xB8, 0x09, 0x59, 0xA4, 0x80, 0xB9, 0x68, 0x86, 0x92, 0x58, 0x28, 0xB2, 0xDD, 0x15, 0x51,
    0x61, 0x05, 0x19, 0x5B, 0xDB, 0x5D, 0xEC, 0x05, 0xAA, 0xDD, 0x25, 0xB2, 0x94, 0xEE, 0x01, 0x11,
    0xC4, 0xA7, 0x56, 0x5D, 0x1A, 0x92, 0x38, 0xA4, 0x52, 0x49, 0x75, 0x98, 0xC0, 0xDC, 0xA1, 0x8B,
    0x89, 0x3C, 0x24, 0x37, 0xA7, 0x54, 0x97, 0xFD, 0x41, 0xD5, 0x13, 0x1A, 0x1A, 0xB8, 0xD7, 0xDA,
    0xEE, 0x62, 0xE4, 0x3E, 0xA8, 0x8B, 0x8F, 0x37, 0xD3, 0x6B, 0xFD, 0xA9, 0x37, 0x7A, 0xDD, 0xA9,
    0x0F, 0xF2, 0x63, 0xA4, 0x5F, 0xED, 0x61, 0x95, 0xDC, 0x1F, 0x56, 0xC9, 0x07, 0x45, 0xDC, 0xF3,
    0x31, 0xED, 0x3C, 0xEF, 0x2A, 0x97, 0x1E, 0x66, 0x42, 0x82, 0x00, 0x69, 0x8E, 0x30, 0x71, 0x17,
    0xD8, 0x39, 0x83, 0x16, 0xEC, 0xE8, 0x42, 0x95, 0x02, 0x60, 0x2E, 0xAA, 0xD9, 0x0A, 0x4D, 0x57,
    0x89, 0x5A, 0x4D, 0xA8, 0xB2, 0xCC, 0x08, 0xD3, 0xCD, 0xB4, 0xC4, 0xD3, 0x58, 0x01, 0x2F, 0x51,
    0xBC, 0x73, 0xC1, 0x94, 0xB4, 0xE7, 0xEC, 0xA1, 0x0B, 0xDA, 0xCA, 0xC0, 0x92, 0x86, 0x89, 0x40,
    0xB1, 0x9A, 0xC9, 0xDE, 0x69, 0xDA, 0x35, 0x74, 0x5F, 0x03, 0x52, 0x6F, 0xEE, 0x73, 0x69, 0xEC,
    0x08, 0xF5, 0x46, 0xB6, 0x67, 0x81, 0x51, 0x48, 0x03, 0xCA, 0x4A, 0x95, 0x91, 0xAA, 0xF5, 0xA6,
    0x2E, 0x20, 0xD3, 0x52, 0xC5, 0x75, 0xC2, 0xE1, 0xC4, 0xDE, 0x1E, 0x2D, 0x43, 0x16, 0xBA, 0xD3,
    0x5A, 0x68, 0x7C, 0x9F, 0xFA, 0x2B, 0x04, 0x77, 0x05, 0xBB, 0xA5, 0x26, 0x7B, 0x55, 0x5A, 0x39,
    0x51, 0x86, 0x29, 0x70, 0x4F, 0xE5, 0x5D, 0xA9, 0xF2, 0xFC, 0xA4, 0x37, 0x6B, 0xCD, 0xB8, 0x24,
    0xFA, 0xE0, 0xEA, 0x1E, 0x29, 0xA2, 0x0A, 0x38, 0x29, 0x98, 0xFF, 0x96, 0xB0, 0x06, 0xE4, 0x29,
    0xEC, 0xFD, 0x89, 0x13, 0x88, 0x99, 0x8C, 0x4B, 0xEB, 0x30, 0x1B, 0xD5, 0x5F, 0xEC, 0xF5, 0x87,
    0xF4, 0x70, 0x36, 0xB1, 0xBD, 0x88, 0x67, 0xC7, 0x89, 0xEC, 0x01, 0x11, 0xFB, 0x99, 0x0D, 0xEE,
    0x00, 0x35, 0xE7, 0x8E, 0x4C, 0xFA, 0x43, 0xD8, 0x56, 0xFA, 0x03, 0xC8, 0x5E, 0x10, 0x36, 0xBD,
    0x31, 0x2E, 0xC5, 0xB3, 0x37, 0xA6, 0x26, 0x53, 0x7B, 0x6F, 0xBC, 0x0B, 0x68, 0x25, 0xE7, 0xE3,
    0xA9, 0xC9, 0xBE, 0xC1, 0x35, 0x1D, 0x61, 0xDD, 0x27, 0x8A, 0x4B, 0x3D, 0xA3, 0x87, 0x51, 0x1C,
    0x71, 0xB2, 0x40, 0xA9, 0x89, 0x2B, 0x5B, 0x6A, 0x76, 0x3A, 0xF8, 0x47, 0xB9, 0x08, 0x55, 0x2D,
    0xF6, 0x62, 0x0E, 0x25, 0xA4, 0x90, 0x6A, 0x3B, 0xD4, 0x84, 0xD7, 0x0C, 0x66, 0x1E, 0xB9, 0xE6,
    0x52, 0x20, 0x21, 0xA8, 0x64, 0x45, 0x45, 0x4B, 0xF4, 0x87, 0x22, 0x5F, 0xD1, 0x98, 0xD9, 0xBF,
    0x6A, 0xC4, 0xE4, 0xE3, 0xDA, 0xD5, 0xA5, 0x1A, 0x4D, 0x8E, 0xB2, 0x3F, 0x25, 0xCE, 0xBF, 0x9D,
    0x9E, 0xCD, 0x28, 0x5B, 0x0C, 0x7A, 0x19, 0x67, 0xD4, 0x8A, 0xA1, 0xA4, 0x96, 0x21, 0x17, 0x0E,
    0xCF, 0x46, 0x75, 0x29, 0x80, 0x2B, 0x9E, 0x4B, 0x05, 0xD9, 0x12, 0x10, 0x47, 0x1D, 0xD9, 0xF4,
    0x36, 0xB9, 0xE3, 0x52, 0x97, 0xA8, 0x7F, 0xD7, 0xAB, 0x8D, 0xE4, 0x26, 0xB1, 0x32, 0x82, 0x4C,
    0x68, 0xB9, 0x93, 0x19, 0x8C, 0xFB, 0xA5, 0xCF, 0xFE, 0x42, 0x25, 0xF5, 0xDB, 0xB5, 0xF8, 0x15,
    0xBB, 0xE2, 0x2C, 0x12, 0x9B, 0xA1, 0x16, 0x5D, 0x7C, 0x2C, 0xD4, 0xA9, 0x68, 0xA1, 0x02, 0xAF,
    0xB4, 0x15, 0x00, 0xCC, 0x7B, 0x6A, 0xE0, 0xBC, 0x1B, 0xB3, 0x44, 0x7B, 0x47, 0x1F, 0x6F, 0x5E,
    0x9B, 0x59, 0xA7, 0x43, 0x78, 0x44, 0x3D, 0xD6, 0x3F, 0x8F, 0x96, 0xB4, 0x57, 0xBA, 0x51, 0x03,
    0xC6, 0x35, 0x25, 0x08, 0x9A, 0xFB, 0xF6, 0x8B, 0xBE, 0x94, 0xF8, 0x54, 0xFB, 0x3A, 0x97, 0x6B,
    0xDC, 0xEC, 0xBF, 0xF4, 0x5B, 0xA5, 0x39, 0x2D, 0x6B, 0x9B, 0x00, 0xF1, 0xE1, 0x43, 0x14, 0x01,
    0x9A, 0x76, 0xA5, 0xE6, 0xC6, 0x86, 0xA1, 0x9B, 0x5D, 0xB3, 0x7A, 0xD9, 0x4B, 0x71, 0x87, 0xDB,
    0x4B, 0x71, 0xC7, 0x78, 0x7E, 0x68, 0x7B, 0x66, 0x70, 0x19, 0x41, 0xD0, 0x1D, 0x1C, 0xEC, 0xD6,
    0x6A, 0x57, 0x65, 0xE9, 0xD8, 0x1E, 0x1C, 0x49, 0xA9, 0x56, 0xB9, 0x8E, 0xFD, 0x14, 0xB0, 0x16,
    0x6E, 0x8C, 0xDC, 0xFE, 0x01, 0x7B, 0xC3, 0x2F, 0xE3, 0x73, 0x17, 0x9F, 0xCC, 0xA4, 0xF8, 0x24,
    0x26, 0x46, 0x7E, 0xC4, 0x3D, 0x99, 0xB8, 0x8E, 0xF0, 0x01, 0x98, 0xD6, 0xA8, 0x62, 0x50, 0x9F,
    0x73, 0x23, 0xC2, 0xEF, 0x3C, 0x6E, 0x4A, 0xB0, 0x91, 0x39, 0x98, 0x1F, 0xA3, 0x0A, 0xC8, 0x35,
    0x18, 0x8F, 0x67, 0x04, 0xD8, 0xFD, 0x1E, 0x02, 0x74, 0xBF, 0x45, 0x80, 0xF2, 0x82, 0x00, 0x15,
    0x97, 0x0F, 0x0B, 0xFA, 0xF5, 0x1F, 0x2E, 0x31, 0x96, 0x9B, 0x1A, 0xD1, 0xEC, 0x0C, 0x3A, 0xC3,
    0x8D, 0x67, 0x71, 0x0D, 0x7F, 0xAC, 0xB5, 0x41, 0xD6, 0x04, 0x48, 0xB6, 0x82, 0x3E, 0xC3, 0xE4,
    0x47, 0xC6, 0xDC, 0xCF, 0xF6, 0xCD, 0xBA, 0xDB, 0x5B, 0xB6, 0x29, 0x8D, 0xF9, 0x92, 0x00, 0x17,
    0x35, 0x0A, 0x2D, 0x8B, 0x39, 0x15, 0xF8, 0x5C, 0xFC, 0x2C, 0xB4, 0xFF, 0x56, 0xB2, 0x35, 0x53,
    0x1A, 0xFB, 0x91, 0x2D, 0x03, 0xBA, 0x54, 0xCC, 0xE2, 0x16, 0xC0, 0x58, 0xB8, 0xAD, 0x02, 0xF8,
    0xD8, 0x4C, 0x07, 0x9D, 0xDD, 0x3E, 0xC2, 0x4C, 0x88, 0x13, 0xF2, 0xCD, 0x1C, 0xCE, 0x12, 0x6D,
    0xAA, 0xFC, 0x18, 0x41, 0xF7, 0xBF, 0x3E, 0x03, 0xA6, 0xD8, 0x9F, 0xDB, 0x3A, 0xB2, 0xCC, 0x8C,
    0x98, 0x72, 0x90, 0x63, 0xE7, 0x6E, 0xD1, 0x15, 0xC9, 0x82, 0xCB, 0x18, 0x5C, 0x28, 0x49, 0xD8,
    0xA0, 0x82, 0xC4, 0xE1, 0x27, 0xB0, 0xD9, 0xD0, 0x96, 0x55, 0x89, 0x67, 0xB3, 0x3A, 0x26, 0x7A,
    0x0B, 0xAA, 0x1D, 0x61, 0x1B, 0x5B, 0x5B, 0x2C, 0xE9, 0xD2, 0x7E, 0x13, 0x93, 0x4C, 0x2A, 0x99,
    0xAD, 0x30, 0x13, 0x2A, 0xBE, 0x5B, 0xB5, 0x2E, 0x51, 0x29, 0x14, 0x13, 0x37, 0x4E, 0xCA, 0x47,
    0xF8, 0x17, 0x59, 0xE8, 0x7B, 0x23, 0x2C, 0x7D, 0x80, 0x0B, 0xB1, 0x79, 0xDF, 0xD3, 0xF3, 0xAF,
    0xAA, 0x40, 0xEC, 0x72, 0xAD, 0x28, 0x7D, 0x76, 0x06, 0xF3, 0x18, 0xFA, 0x51, 0x84, 0x3D, 0x32,
    0xFB, 0xA6, 0x8A, 0xF2, 0x85, 0xA2, 0xBB, 0x10, 0xE9, 0x04, 0x85, 0x6B, 0xB8, 0x0B, 0x97, 0x66,
    0xF1, 0x1F, 0xAE, 0xD9, 0xE4, 0x73, 0x34, 0x4B, 0x1D, 0xB1, 0x28, 0x59, 0x44, 0x9A, 0xC0, 0xC4,
    0xC4, 0x5E, 0x0C, 0x93, 0x90, 0xC2, 0x3C, 0x40, 0x32, 0x81, 0x92, 0x15, 0x2C, 0xDB, 0x1F, 0x9E,
    0x8B, 0x55, 0xB9, 0x22, 0x37, 0xCF, 0xDA, 0x04, 0xE5, 0x1E, 0xEB, 0x91, 0x69, 0x15, 0x89, 0x71,
    0x86, 0x9B, 0x0F, 0x58, 0xB1, 0x77, 0x2F, 0x34, 0x92, 0xF7, 0xB5, 0x07, 0x0D, 0xD3, 0xAB, 0x60,
    0x4E, 0xB1, 0x36, 0x49, 0xAD, 0xBD, 0x50, 0x7B, 0x4C, 0xCF, 0x5B, 0xD8, 0xE7, 0xB4, 0xD3, 0x2F,
    0xE7, 0x08, 0x17, 0x34, 0xB7, 0x6E, 0x03, 0xE0, 0x78, 0x49, 0xA9, 0xE4, 0xE0, 0x82, 0x86, 0x38,
    0xF8, 0xB4, 0x75, 0x7D, 0xDA, 0xEC, 0x09, 0x1B, 0xE5, 0x79, 0xCC, 0xF6, 0x43, 0xC2, 0x7D, 0x40,
    0xC8, 0xD4, 0x3A, 0x13, 0x59, 0xAC, 0x43, 0x9B, 0x5F, 0x4E, 0xD1, 0x32, 0x91, 0x92, 0x7B, 0x0A,
    0x75, 0x88, 0xBC, 0xAD, 0x49, 0x76, 0x26, 0x7E, 0x3C, 0x9D, 0x21, 0x41, 0xEA, 0x99, 0x95, 0xD7,
    0x23, 0x77, 0xC2, 0xF6, 0xC6, 0xB9, 0xE6, 0x34, 0x2F, 0x28, 0x37, 0xD8, 0x2A, 0xFE, 0x40, 0xD4,
    0x17, 0x99, 0x15, 0xFC, 0x16, 0x8B, 0x3E, 0x90, 0x19, 0x21, 0x4E, 0x16, 0x1D, 0xAC, 0x16, 0x9D,
    0xD3, 0xA2, 0xCB, 0x78, 0x74, 0x86, 0x90, 0x19, 0x59, 0x43, 0x4C, 0x6B, 0x48, 0x96, 0x44, 0x72,
    0xDE, 0xE7, 0xDF, 0x0A, 0x6D, 0xB4, 0x68, 0x8F, 0xF9, 0x37, 0x30, 0xBA, 0xE2, 0x4E, 0x47, 0xE5,
    0xB6, 0x3B, 0x96, 0x8D, 0x3B, 0x35, 0xEF, 0xF9, 0xFB, 0xD6, 0x79, 0xD8, 0x7C, 0x69, 0x64, 0x88,
    0x4F, 0x07, 0x32, 0xB1, 0xF4, 0x7C, 0xDD, 0x76, 0xA0, 0xDB, 0x11, 0x6C, 0xA8, 0xE8, 0x44, 0xDB,
    0x40, 0xD4, 0x4E, 0xC3, 0x9B, 0xB3, 0x71, 0x89, 0xB8, 0x8B, 0xF2, 0xB3, 0xE5, 0x48, 0x2F, 0x76,
    0x9E, 0x6F, 0x58, 0x07, 0x3E, 0xD7, 0x2F, 0x95, 0xE9, 0x87, 0xB5, 0xFE, 0x5A, 0xA6, 0x5F, 0xB9,
    0x6B, 0xD5, 0x5C, 0xD1, 0x4E, 0x70, 0x4D, 0xD7, 0x37, 0x27, 0xB7, 0xC6, 0xCC, 0x5E, 0x7F, 0x67,
    0xC4, 0x18, 0x6E, 0xD8, 0x36, 0xE8, 0x63, 0xDB, 0x86, 0xDD, 0xF5, 0xC9, 0xED, 0x03, 0x44, 0x5D,
    0xC4, 0xAE, 0x0A, 0x9B, 0x6C, 0x6D, 0x46, 0x6E, 0xA7, 0x35, 0xBF, 0xFC, 0x70, 0x5E, 0xCA, 0x08,
    0x54, 0x17, 0x4B, 0x75, 0x9F, 0xE5, 0xD4, 0x80, 0xD3, 0xBF, 0xBA, 0xFA, 0x30, 0x0C, 0xEA, 0x17,
    0x1C, 0x24, 0x33, 0xE6, 0x1E, 0xF7, 0x6F, 0x22, 0x0C, 0x41, 0x1F, 0x76, 0x61, 0x17, 0x75, 0x71,
    0x8B, 0x4F, 0x13, 0x03, 0x80, 0x58, 0xAC, 0x61, 0x94, 0x3C, 0x03, 0x44, 0x54, 0x03, 0x72, 0x68,
    0xF3, 0xD2, 0x00, 0xEC, 0xA9, 0xEA, 0x6C, 0xA8, 0xE6, 0xC0, 0x76, 0xE9, 0x67, 0xD6, 0xC6, 0x76,
    0x08, 0x9E, 0xD6, 0xC5, 0x19, 0xAA, 0x4C, 0xD8, 0x5D, 0x1F, 0x30, 0x9D, 0xCD, 0x5A, 0x7F, 0x54,
    0x7D, 0x12, 0x0C, 0x6C, 0x1D, 0x21, 0xB7, 0x95, 0x11, 0x40, 0x8E, 0x96, 0x93, 0x77, 0xE0, 0x66,
    0x07, 0x59, 0x62, 0x5A, 0x41, 0xC4, 0x0A, 0x9A, 0x49, 0xAD, 0x5A, 0xAC, 0x3C, 0x31, 0xAD, 0x6D,
    0x54, 0x97, 0x41, 0x3E, 0x02, 0x5E, 0x32, 0x2B, 0x31, 0x76, 0xE9, 0x95, 0x11, 0x13, 0x98, 0x63,
    0x40, 0xE0, 0x23, 0x03, 0x65, 0xF0, 0xB4, 0xC1, 0x4C, 0xAC, 0x53, 0x80, 0x3E, 0x69, 0x1D, 0x32,
    0x07, 0xD6, 0xB4, 0x34, 0xBF, 0x9C, 0x1D, 0x90, 0xDC, 0x89, 0x4F, 0xF3, 0x7B, 0xD6, 0x06, 0x67,
    0xAE, 0x8F, 0xC5, 0x4C, 0x9E, 0x5D, 0x72, 0x33, 0xF5, 0xE9, 0xD9, 0x09, 0xF1, 0x81, 0x3A, 0xCC,
    0x19, 0xEC, 0x7E, 0x43, 0xA4, 0x70, 0xDB, 0xDE, 0xDC, 0x06, 0xC9, 0xD7, 0xBD, 0x95, 0x62, 0xBF,
    0xE7, 0x44, 0xD5, 0x7A, 0x32, 0x62, 0x76, 0x7A, 0x91, 0x4F, 0x64, 0x6D, 0x21, 0x3F, 0x2E, 0x1D,
    0xEA, 0xB8, 0x3D, 0x8F, 0x93, 0x96, 0x39, 0x86, 0xFD, 0x4F, 0x5E, 0x79, 0xF0, 0xEF, 0x74, 0xB9,
    0xF8, 0x63, 0x56, 0xBC, 0x70, 0x19, 0x8C, 0x1B, 0xAB, 0x41, 0xCA, 0xBA, 0xAE, 0x64, 0xE9, 0x96,
    0x71, 0xC3, 0x45, 0xD4, 0x75, 0xA3, 0xB5, 0x1D, 0x97, 0xC9, 0x34, 0x0B, 0x59, 0x4C, 0x25, 0x43,
    0xA9, 0x94, 0x61, 0xDA, 0x0D, 0xFD, 0xC6, 0xED, 0x5E, 0x5A, 0xF6, 0xE5, 0xBC, 0xF1, 0xFE, 0x6A,
    0x58, 0xCE, 0xA8, 0x9C, 0x55, 0x2D, 0x34, 0x55, 0x43, 0xDD, 0x75, 0xAC, 0x54, 0x53, 0x71, 0xCB,
    0xF2, 0xE7, 0xE5, 0xFF, 0x03, 0x9A, 0x17, 0x44, 0xF3, 0xDF, 0xF4, 0x44, 0x73, 0xEE, 0xB4, 0xD1,
    0x49, 0xEE, 0x3D, 0xAF, 0x70, 0xF2, 0xE8, 0x13, 0x21, 0xD5, 0x10, 0xC2, 0x92, 0xB1, 0xB6, 0x1D,
    0x96, 0x96, 0xA6, 0xD5, 0x06, 0x4F, 0x7F, 0xD2, 0x06, 0x16, 0x19, 0xCB, 0xE4, 0xB3, 0x6D, 0xFE,
    0xDC, 0x76, 0xD8, 0x85, 0xB6, 0x5D, 0xBE, 0x00, 0x79, 0x04, 0xF9, 0x2B, 0x3B, 0xFA, 0xF6, 0x7B,
    0x23, 0x50, 0x93, 0x76, 0x38, 0xC8, 0x4F, 0xE9, 0xBB, 0xEB, 0x86, 0x4C, 0x6A, 0xD9, 0x9F, 0xA2,
    0xB7, 0x76, 0x37, 0x31, 0xF2, 0x1D, 0xCC, 0x70, 0x07, 0xA3, 0x1F, 0xC3, 0xC2, 0x59, 0xD6, 0x56,
    0xBC, 0x67, 0xE3, 0x6C, 0x62, 0xB7, 0xBC, 0xD2, 0x00, 0x5D, 0xBE, 0x68, 0xA7, 0x82, 0xBF, 0xE3,
    0x65, 0xF0, 0x69, 0xAF, 0x00, 0x9F, 0xF4, 0x97, 0x88, 0x41, 0x2D, 0x77, 0x9A, 0xEE, 0x13, 0xAF,
    0xA2, 0x06, 0xAA, 0x89, 0x9B, 0x94, 0x38, 0x1E, 0x74, 0xAE, 0x19, 0xB7, 0x58, 0xAB, 0x33, 0xD9,
    0x67, 0xAC, 0xD5, 0xAE, 0xD6, 0x1A, 0x90, 0x44, 0xB4, 0x70, 0x44, 0xB1, 0xF4, 0x33, 0x14, 0x34,
    0xB1, 0xED, 0x6C, 0x13, 0xDA, 0x6F, 0x69, 0x70, 0x65, 0xAE, 0x27, 0x03, 0xB2, 0x1F, 0x3B, 0xC0,
    0x7A, 0x8A, 0x86, 0x23, 0x97, 0xAC, 0x85, 0xB8, 0xDA, 0x3B, 0x2E, 0x13, 0x5F, 0xA0, 0x20, 0x74,
    0xAB, 0x1F, 0x34, 0x46, 0x2C, 0x23, 0xA9, 0xC2, 0x1D, 0x93, 0xB2, 0x42, 0x19, 0x19, 0xB3, 0x3D,
    0x01, 0xA5, 0x76, 0xC5, 0xB4, 0xC3, 0x92, 0xAC, 0x05, 0x0B, 0xAA, 0x98, 0x9D, 0x79, 0x30, 0x58,
    0x6E, 0x40, 0xDA, 0xE1, 0x01, 0x3D, 0xEE, 0x01, 0x50, 0x02, 0x78, 0x92, 0x20, 0xC3, 0x04, 0x66,
    0xA6, 0x7C, 0x0D, 0xA8, 0x42, 0xFE, 0x09, 0xF9, 0xF8, 0x36, 0x0D, 0x9C, 0x38, 0x33, 0xAC, 0x13,
    0xDF, 0x4A, 0xBF, 0xCA, 0x3A, 0x61, 0x4C, 0xFF, 0x1C, 0xAA, 0x6A, 0xFB, 0xE4, 0xDB, 0x8D, 0x09,
    0x7F, 0xD1, 0x25, 0xDF, 0x41, 0x85, 0xF6, 0x49, 0x1B, 0xBF, 0x5D, 0x1A, 0x00, 0x48, 0xFC, 0xB1,
    0x36, 0xB9, 0x59, 0x19, 0xA0, 0xD2, 0x8F, 0x15, 0xA7, 0x8D, 0x4E, 0xD3, 0x92, 0x98, 0x9B, 0x25,
    0x8D, 0xF7, 0xCF, 0x88, 0x5E, 0x93, 0x57, 0xE5, 0x30, 0x4A, 0xE0, 0x13, 0xF7, 0xBF, 0xE9, 0x43,
    0xDC, 0xF1, 0x09, 0xD8, 0xC5, 0xF3, 0x65, 0xD0, 0xFB, 0xD7, 0x85, 0x98, 0x41, 0xC0, 0xC3, 0x68,
    0x1F, 0xAF, 0x42, 0x96, 0x5D, 0xC4, 0xEA, 0x55, 0x1B, 0xAB, 0x18, 0x0C, 0xAA, 0xB3, 0x2D, 0x1B,
    0x5B, 0xEC, 0x0F, 0xDD, 0xE0, 0xCB, 0x51, 0x6C, 0x7E, 0xA1, 0x00, 0xBA, 0xCE, 0x56, 0x61, 0xEE,
    0xAB, 0x2B, 0x1D, 0xA8, 0x6B, 0x43, 0x7D, 0xA5, 0xEE, 0xA5, 0x29, 0x35, 0xFB, 0x20, 0x9E, 0xCC,
    0x78, 0xA7, 0x7A, 0x4A, 0x0D, 0xA1, 0xFF, 0x15, 0x64, 0x7F, 0xA2, 0x57, 0x74, 0x9E, 0xB6, 0x66,
    0x65, 0xC5, 0xB3, 0xE7, 0xD5, 0x84, 0x4B, 0x26, 0xCC, 0x81, 0x2F, 0x86, 0xDD, 0x79, 0xA1, 0xA3,
    0x9A, 0xE4, 0x4D, 0xD7, 0xC9, 0xD0, 0x2D, 0xB6, 0x59, 0x5E, 0x18, 0x51, 0xB7, 0xDA, 0x96, 0x24,
    0xAC, 0x6F, 0x26, 0xF7, 0xDA, 0xD4, 0x52, 0x2D, 0xEB, 0xB1, 0x6A, 0xF5, 0x71, 0x55, 0x54, 0x6E,
    0x87, 0xD9, 0x6D, 0x3F, 0xBF, 0x40, 0xF7, 0x7C, 0x48, 0x13, 0x05, 0x96, 0x7E, 0xB0, 0x19, 0xE8,
    0xE0, 0xBD, 0x23, 0xC6, 0xDC, 0xCA, 0xD5, 0xD9, 0x8B, 0x98, 0xED, 0x34, 0x2E, 0x41, 0xCF, 0x2E,
    0xD5, 0x00, 0xC5, 0xB3, 0x35, 0x80, 0xFA, 0x14, 0x9D, 0xAB, 0x93, 0xF8, 0x92, 0x42, 0x74, 0x55,
    0x0D, 0x70, 0xE0, 0xA6, 0xCF, 0x1C, 0x72, 0x77, 0x8C, 0xF5, 0x57, 0x7A, 0x65, 0xE5, 0x2D, 0xBD,
    0xBD, 0x36, 0xF2, 0x35, 0x2B, 0xAF, 0x67, 0x71, 0xE2, 0xDE, 0x93, 0x0A, 0x1B, 0x16, 0x2E, 0xCB,
    0x5B, 0x71, 0x79, 0x92, 0xA7, 0x7A, 0x47, 0x8D, 0x25, 0x0E, 0x1F, 0xE0, 0x23, 0xDF, 0x94, 0x00,
    0xDA, 0xA4, 0x55, 0x0F, 0x61, 0x5A, 0xD8, 0x9C, 0x2E, 0x95, 0x2B, 0xE3, 0x41, 0xB9, 0xB2, 0x1C,
    0x4A, 0x62, 0x84, 0xF4, 0xA5, 0xB6, 0xA7, 0xB9, 0x0E, 0x87, 0xEC, 0xAE, 0xE5, 0xCA, 0x65, 0x6D,
    0xEC, 0xDC, 0xF0, 0x74, 0x13, 0xE6, 0xC5, 0x6F, 0x70, 0x7D, 0xEE, 0xB9, 0x2E, 0xD4, 0x1F, 0x01,
    0x51, 0xDA, 0xD4, 0xEC, 0xBE, 0x01, 0x20, 0xFB, 0x1B, 0xB7, 0x1D, 0x79, 0xAB, 0x34, 0xFF, 0x07,
    0xD5, 0x5A, 0x3D, 0x90, 0xDD, 0xD6, 0x75, 0x3E, 0x00, 0xB8, 0x8B, 0x09, 0xA1, 0x08, 0x2A, 0x44,
    0x4F, 0x62, 0x26, 0x82, 0x0B, 0x15, 0x1A, 0xC9, 0x14, 0x9A, 0x14, 0x2A, 0x96, 0x7B, 0x31, 0xF2,
    0x4C, 0x5C, 0x86, 0x05, 0x57, 0x2A, 0x54, 0xC4, 0x85, 0x8B, 0x8C, 0x5D, 0x6C, 0x8A, 0x14, 0xF2,
    0x0C, 0xB9, 0x80, 0xAC, 0xC9, 0xB8, 0x48, 0x61, 0xBA, 0x70, 0x1D, 0x15, 0x2A, 0xAC, 0x65, 0x41,
    0x15, 0x2E, 0x38, 0x99, 0xDD, 0x05, 0x14, 0x97, 0x2E, 0x04, 0xDB, 0x93, 0x71, 0x91, 0x82, 0x28,
    0xA8, 0xC4, 0xB1, 0x0A, 0x5E, 0x59, 0xA0, 0x04, 0x93, 0x78, 0xB8, 0xF9, 0xBE, 0x73, 0xF1, 0xF6,
    0x3D, 0x2E, 0xE3, 0x49, 0x21, 0x73, 0xB5, 0xC6, 0x3E, 0x9C, 0x87, 0xB7, 0xB8, 0xB8, 0xF7, 0xFC,
    0xFF, 0x5D, 0xC8, 0x10, 0x8D, 0xD1, 0x18, 0x0E, 0x32, 0x1F, 0x51, 0x1B, 0xB7, 0x49, 0x93, 0xEA,
    0x5F, 0x56, 0xE5, 0x55, 0x5E, 0x98, 0xC2, 0x48, 0x29, 0x35, 0xFE, 0x26, 0x59, 0x60, 0xC4, 0x0B,
    0x38, 0xB7, 0x70, 0x5E, 0xC3, 0x79, 0x80, 0xF3, 0x50, 0x24, 0x73, 0xBD, 0x38, 0x37, 0x46, 0x93,
    0x8C, 0x89, 0x95, 0xDB, 0x69, 0x2B, 0xB7, 0xF3, 0x46, 0xC4, 0x14, 0x38, 0x31, 0xA2, 0xC4, 0x59,
    0xCF, 0x27, 0xAF, 0xF1, 0xFF, 0x2A, 0x6F, 0x93, 0x2E, 0x75, 0xAE, 0x89, 0x1C, 0xE6, 0xDC, 0xC5,
    0xC0, 0x1C, 0x37, 0x5E, 0xC6, 0xB9, 0x8D, 0xF3, 0x12, 0x31, 0x09, 0x8E, 0x6E, 0x00, 0xE6, 0xCE,
    0xE1, 0xA6, 0x23, 0x0C, 0x5D, 0x81, 0x41, 0xD1, 0xC8, 0xA1, 0xB1, 0x25, 0xC4, 0x62, 0x7F, 0x29,
    0x92, 0x76, 0x1C, 0xBE, 0x0E, 0xB3, 0x8F, 0xAE, 0x62, 0x20, 0x30, 0xC2, 0x40, 0x85, 0x02, 0x94,
    0x56, 0xB0, 0xD1, 0x31, 0x0A, 0x73, 0x0F, 0x2B, 0xB1, 0x44, 0x35, 0x00, 0xDC, 0x93, 0xD0, 0x4A,
    0x38, 0xED, 0xDF, 0xB4, 0x62, 0xB0, 0x6C, 0xA7, 0xB0, 0x95, 0x10, 0xC3, 0xAA, 0xA4, 0x11, 0x70,
    0xE7, 0x73, 0xF7, 0xAF, 0x40, 0xDB, 0x39, 0xA0, 0xF5, 0xEA, 0x28, 0xC1, 0x28, 0xA3, 0x44, 0x16,
    0xAC, 0xF0, 0xA0, 0xE3, 0x4F, 0x05, 0x36, 0xEA, 0x25, 0x1A, 0x80, 0x23, 0xE8, 0x1C, 0xA4, 0x2C,
    0xA7, 0x49, 0x0E, 0x82, 0xE2, 0xB2, 0x7C, 0x4D, 0xE4, 0x9C, 0x6C, 0xEC, 0x14, 0xF8, 0xD4, 0xAE,
    0x31, 0xAE, 0xA9, 0x5D, 0x65, 0x5C, 0x01, 0x92, 0x30, 0x43, 0x34, 0x48, 0xD2, 0x49, 0x38, 0x12,
    0x3F, 0x4C, 0x4D, 0xF6, 0x2D, 0xE4, 0x48, 0x99, 0x47, 0x3A, 0x0C, 0x86, 0x00, 0x7E, 0x93, 0x64,
    0xE6, 0x1F, 0x12, 0xF9, 0xEC, 0x5E, 0x41, 0x01, 0x10, 0x1D, 0xC0, 0x69, 0x29, 0xC7, 0x0B, 0x3B,
    0x3B, 0xE0, 0x81, 0x51, 0xEA, 0x5F, 0xBC, 0xF5, 0xE0, 0x27, 0x2B, 0x0E, 0x29, 0x0F, 0x72, 0x5E,
    0x47, 0x7C, 0x08, 0x50, 0x1F, 0xBA, 0x2C, 0xD7, 0x81, 0x3E, 0x89, 0x19, 0x64, 0x08, 0xFA, 0xD0,
    0x86, 0x16, 0x14, 0x74, 0xE1, 0x0D, 0x39, 0x3E, 0xD2, 0x2A, 0x2B, 0x32, 0xF0, 0xDD, 0xE0, 0x6F,
    0x1B, 0x7F, 0x7C, 0x80, 0x8F, 0x7C, 0x1B, 0xF7, 0x2E, 0xDE, 0x15, 0x08, 0xC8, 0x35, 0x92, 0x4E,
    0x75, 0x23, 0x79, 0x9B, 0x56, 0x10, 0x33, 0x01, 0x1F, 0xF4, 0x80, 0xD8, 0xA6, 0x44, 0x3F, 0x5E,
    0xA8, 0x60, 0xF1, 0x7B, 0x91, 0x83, 0xD7, 0x7D, 0xAC, 0x0C, 0x5C, 0x10, 0x1C, 0x11, 0xEC, 0x91,
    0x0B, 0x47, 0x10, 0x02, 0x49, 0xAE, 0x7F, 0xD5, 0x93, 0xB2, 0x86, 0x88, 0x72, 0x9A, 0xB2, 0x5A,
    0x0A, 0x0F, 0x94, 0x6C, 0x10, 0x64, 0x94, 0x68, 0xCE, 0xF9, 0xCD, 0x6B, 0x8E, 0x34, 0x63, 0xFA,
    0x8B, 0x4E, 0xC9, 0x14, 0x13, 0x0E, 0x75, 0x34, 0x96, 0xD1, 0x70, 0x29, 0x00, 0xC5, 0xE7, 0x1F,
    0x80, 0x57, 0x44, 0x93, 0xEA, 0x9E, 0xFD, 0xFE, 0x35, 0x87, 0xB9, 0xCA, 0x42, 0x32, 0x2B, 0x01,
    0xFE, 0x13, 0xAA, 0xE0, 0x9E, 0xC1, 0xCA, 0x69, 0x93, 0xB8, 0xD6, 0x48, 0x5A, 0x18, 0xD7, 0xA5,
    0x55, 0x2E, 0x53, 0xD8, 0x25, 0xCD, 0x76, 0x30, 0x04, 0x5D, 0xDC, 0x5C, 0x0E, 0x7B, 0x5A, 0xC9,
    0x65, 0x0A, 0x22, 0x6A, 0xAF, 0xF9, 0xAF, 0xF9, 0x97, 0xDE, 0x8B, 0x31, 0x12, 0x78, 0x27, 0x4D,
    0x2E, 0xEE, 0x6F, 0x2D, 0x79, 0x66, 0x5C, 0x4B, 0x1C, 0x41, 0xF6, 0xB6, 0xA8, 0xFC, 0x54, 0x6B,
    0xF4, 0x12, 0xD4, 0xEC, 0x82, 0x96, 0xD4, 0xDD, 0xA2, 0x10, 0x02, 0xEA, 0x1B, 0xBF, 0xAF, 0x12,
    0x6E, 0x0E, 0xDF, 0x02, 0x31, 0x7D, 0x30, 0xBD, 0x01, 0x4D, 0x8A, 0x6C, 0xDA, 0xE2, 0x6C, 0x62,
    0x9B, 0x57, 0x49, 0x97, 0x17, 0x69, 0x6B, 0x8A, 0xAC, 0x81, 0x6D, 0x36, 0x79, 0xE3, 0x9A, 0xEC,
    0xE1, 0x9D, 0x2E, 0x71, 0x7F, 0xD7, 0xCB, 0xBB, 0x7F, 0x76, 0x65, 0x29, 0x2D, 0xC8, 0xDE, 0x96,
    0x98, 0xF0, 0xC5, 0xFD, 0x7D, 0x2F, 0xC3, 0x3F, 0x97, 0xF7, 0xC1, 0x8F, 0x1E, 0x36, 0xDA, 0x45,
    0x7D, 0x56, 0xA5, 0x6D, 0x29, 0xE6, 0xAD, 0x51, 0x4A, 0xB2, 0x1D, 0xA7, 0x01, 0xD3, 0xF3, 0x6A,
    0x04, 0xA2, 0x10, 0x42, 0x67, 0x60, 0x06, 0x10, 0x5F, 0x9B, 0xE8, 0xA3, 0xB5, 0xF3, 0xC7, 0xFE,
    0xFE, 0x3E, 0x75, 0x71, 0x0F, 0xE7, 0xF5, 0xD9, 0xFC, 0xC7, 0xB5, 0xF3, 0x8A, 0x6C, 0x2A, 0x01,
    0x25, 0x55, 0x0A, 0x3E, 0x05, 0x62, 0x82, 0xC9, 0xC0, 0x9E, 0xB2, 0x7C, 0x2A, 0x6E, 0xCB, 0x56,
    0xE6, 0xEC, 0x96, 0x5C, 0x8B, 0xAB, 0xFE, 0x39, 0xF9, 0x29, 0x60, 0x2A, 0x36, 0x7E, 0xCB, 0x12,
    0xBA, 0x86, 0xF0, 0x5E, 0x45, 0xF8, 0xFD, 0x36, 0xE5, 0x5D, 0xFB, 0xB4, 0x5C, 0x4B, 0xAA, 0xFE,
    0x92, 0x5C, 0xCE, 0xED, 0xDE, 0x35, 0x08, 0x59, 0x60, 0xA3, 0x6A, 0x80, 0x12, 0x2E, 0x28, 0x35,
    0x10, 0x48, 0x31, 0x06, 0xFB, 0x7A, 0xD9, 0xD5, 0xFC, 0xB4, 0xF2, 0x9E, 0x24, 0xB0, 0xA9, 0x9B,
    0xDD, 0xF5, 0xD0, 0x0E, 0x62, 0xFB, 0xC0, 0x42, 0x93, 0x87, 0xA8, 0x3B, 0xDA, 0x85, 0xA1, 0xC9,
    0xE6, 0x3B, 0x4B, 0xE6, 0x6C, 0x7B, 0x95, 0x9F, 0xE9, 0x50, 0x42, 0x94, 0x02, 0x02, 0x98, 0xAB,
    0xAB, 0x14, 0x9C, 0xBF, 0x39, 0xED, 0x0B, 0xF1, 0x9F, 0x41, 0xB4, 0x02, 0x6A, 0x3F, 0xAD, 0xAC,
    0x1D, 0x35, 0x6D, 0xCD, 0xCD, 0x00, 0x98, 0x7D, 0xB5, 0x88, 0xDD, 0x90, 0xB8, 0x31, 0x29, 0xA6,
    0x94, 0x4E, 0x72, 0xA4, 0x92, 0xE1, 0x61, 0x28, 0x6B, 0x49, 0xF9, 0xC3, 0x31, 0x98, 0xFF, 0xB8,
    0x52, 0x3A, 0x5B, 0x3B, 0x2B, 0x5F, 0x29, 0x22, 0x37, 0xC4, 0x0F, 0x17, 0x49, 0x71, 0x94, 0x90,
    0xBD, 0x07, 0xF2, 0xFA, 0x20, 0x50, 0x7A, 0xE7, 0x55, 0x93, 0xCF, 0x3E, 0x1F, 0xF7, 0xA5, 0xEB,
    0x4A, 0x38, 0x42, 0x2F, 0xE2, 0xBF, 0xA6, 0x4F, 0x80, 0x4D, 0xA4, 0xF0, 0x2D, 0x0D, 0xC9, 0x78,
    0x06, 0x0A, 0xEE, 0x30, 0x30, 0x75, 0x50, 0xE5, 0x4D, 0x47, 0x23, 0x52, 0x30, 0x09, 0x1C, 0xD1,
    0x82, 0x2E, 0x73, 0x04, 0xD0, 0x95, 0xA1, 0xEA, 0x69, 0xA7, 0x00, 0xF7, 0xB3, 0x16, 0xF7, 0x4D,
    0x03, 0x50, 0x36, 0x31, 0x1C, 0x79, 0x13, 0x0F, 0x91, 0x6B, 0x92, 0x69, 0xF7, 0x5E, 0x03, 0x2E,
    0xE4, 0x63, 0x5A, 0x0F, 0x66, 0x4C, 0xFF, 0xB9, 0xA0, 0x03, 0xA0, 0xDD, 0x54, 0xDE, 0x63, 0x82,
    0xEB, 0x2B, 0x50, 0x2C, 0xAD, 0x5C, 0x82, 0x9D, 0x9D, 0x2B, 0xE4, 0x45, 0x4F, 0x17, 0x09, 0x17,
    0x7F, 0xFF, 0x08, 0xA6, 0xDE, 0x1D, 0x50, 0x44, 0x70, 0x67, 0xAE, 0x85, 0xC2, 0xB9, 0x86, 0xE0,
    0x83, 0x01, 0x3F, 0x3F, 0xC0, 0xCA, 0xEE, 0xFB, 0x3D, 0x0C, 0xFC, 0x6D, 0x0B, 0x5F, 0xFD, 0x0D,
    0x3B, 0xBB, 0x38, 0x43, 0x06, 0x9B, 0x98, 0x20, 0x01, 0x97, 0xF7, 0xE8, 0xB3, 0x0F, 0x09, 0x0E,
    0x08, 0x46, 0x22, 0x32, 0x12, 0x91, 0x31, 0x2F, 0x40, 0x31, 0x42, 0x41, 0x30, 0x60, 0xF9, 0xB0,
    0x37, 0x94, 0x0F, 0xC0, 0x45, 0x0B, 0x26, 0x3A, 0x0B, 0xB6, 0xD7, 0xDD, 0x35, 0x8A, 0xDB, 0xE1,
    0x8F, 0xAA, 0x1B, 0x76, 0x94, 0x1D, 0x22, 0x55, 0x88, 0x68, 0x94, 0x16, 0xF4, 0x1B, 0x93, 0xE4,
    0x30, 0xDB, 0x0D, 0xC6, 0x26, 0xB0, 0x33, 0x73, 0xF2, 0xF4, 0xB6, 0x2A, 0xC8, 0x75, 0xD5, 0x8B,
    0x51, 0x3F, 0x03, 0x3F, 0x41, 0x0F, 0x52, 0x40, 0x5B, 0x21, 0x9B, 0xBF, 0xA1, 0xBC, 0xAB, 0x70,
    0xDA, 0x6D, 0x13, 0x1B, 0xC3, 0x2C, 0x23, 0x9B, 0xE1, 0xCC, 0x2B, 0x2C, 0x5E, 0xF0, 0x4C, 0x3A,
    0x78, 0x3F, 0x98, 0xA6, 0xA9, 0xD2, 0x07, 0x10, 0x02, 0xF5, 0xE1, 0x3B, 0xC5, 0xBA, 0xAA, 0x50,
    0x49, 0x64, 0x7F, 0xFF, 0x3D, 0xFD, 0x1D, 0x56, 0x7F, 0x05, 0xBD, 0x36, 0x40, 0x3D, 0x2F, 0x20,
    0xBF, 0x46, 0x16, 0x88, 0x01, 0x25, 0xA5, 0xF2, 0xEA, 0x40, 0x17, 0x26, 0x53, 0x62, 0xA3, 0x21,
    0x6B, 0x30, 0x2B, 0xD8, 0x3F, 0xCA, 0x36, 0x58, 0xF4, 0x42, 0xD0, 0xF8, 0xC9, 0xCE, 0xE1, 0xF9,
    0x77, 0x48, 0x5B, 0xDC, 0xC6, 0x13, 0xA3, 0x5B, 0xBE, 0xA0, 0x2C, 0x2E, 0x1D, 0x68, 0x68, 0x3E,
    0x98, 0xF5, 0x87, 0x4C, 0x1D, 0x35, 0xF4, 0xC1, 0xCA, 0x0B, 0x92, 0xB2, 0x27, 0x57, 0x10, 0xEF,
    0x18, 0xFC, 0xE1, 0xE8, 0xD3, 0x31, 0xB2, 0x49, 0x9B, 0x0F, 0xF5, 0x94, 0x56, 0x87, 0x83, 0x73,
    0x26, 0xF8, 0x04, 0x3C, 0x39, 0x88, 0x7E, 0x09, 0xFD, 0xEB, 0xD3, 0xB7, 0x19, 0x9A, 0x72, 0xD5,
    0xDD, 0xC3, 0xD7, 0xC1, 0x84, 0x82, 0x81, 0x66, 0x0F, 0x64, 0x2C, 0xC8, 0x9B, 0xA4, 0xE5, 0xE4,
    0x49, 0x43, 0x41, 0xA5, 0xCD, 0x46, 0xB1, 0x86, 0x95, 0x47, 0x4B, 0x3C, 0x5E, 0xE2, 0x11, 0x5B,
    0x62, 0x36, 0xA3, 0x36, 0xE3, 0x36, 0x23, 0xE7, 0xB1, 0x13, 0x01, 0x7A, 0x9B, 0x37, 0x88, 0xE5,
    0x02, 0x2B, 0x01, 0xC1, 0xDF, 0x81, 0x5B, 0xC0, 0xF0, 0x97, 0xF0, 0x7A, 0x40, 0xF1, 0xED, 0x86,
    0x28, 0x18, 0xAF, 0x72, 0x07, 0xEA, 0x8F, 0x30, 0x54, 0xBC, 0x4F, 0xE5, 0x6C, 0x98, 0x8A, 0x21,
    0x02, 0x53, 0xD5, 0xEA, 0xAE, 0x42, 0xEF, 0xA1, 0xD2, 0xFB, 0x57, 0x79, 0x3B, 0x83, 0x8D, 0x02,
    0xD9, 0x1C, 0x5F, 0x33, 0xB6, 0xB0, 0x3F, 0x18, 0x4F, 0xA5, 0x72, 0xCA, 0x05, 0x76, 0xC8, 0x87,
    0x92, 0xEA, 0x88, 0x0F, 0xD1, 0x1E, 0x15, 0xC3, 0x43, 0x3E, 0x44, 0xBB, 0xA4, 0xE2, 0xC1, 0x36,
    0xB9, 0xB8, 0xB3, 0xEA, 0x36, 0x82, 0x21, 0xEC, 0x39, 0xD5, 0x18, 0x75, 0x1A, 0x4C, 0xD2, 0xC6,
    0x74, 0xB0, 0x57, 0x44, 0x80, 0x16, 0x36, 0x7B, 0x3D, 0xFA, 0x18, 0xDE, 0xA7, 0x18, 0x12, 0x04,
    0xEC, 0x2B, 0xD0, 0x14, 0x12, 0x9A, 0x34, 0x5B, 0xFC, 0xCA, 0xE0, 0x05, 0x2B, 0xAA, 0xFB, 0xFD,
    0xDD, 0x1B, 0x7C, 0x1C, 0x76, 0x03, 0x2D, 0xC6, 0x17, 0xAC, 0xA1, 0x53, 0xFA, 0x38, 0x6A, 0xA6,
    0x14, 0x3A, 0xF9, 0xEC, 0xAC, 0x41, 0x59, 0xE1, 0x03, 0x6A, 0x39, 0xA7, 0x59, 0x27, 0x8F, 0xED,
    0xD9, 0x4B, 0x83, 0xCF, 0x0C, 0x35, 0x30, 0x6B, 0x0D, 0xF9, 0x08, 0x78, 0xD1, 0xE8, 0xA3, 0xB0,
    0x26, 0x68, 0xD5, 0x9C, 0xA4, 0x35, 0xE7, 0xC4, 0x3C, 0x98, 0x98, 0x40, 0x20, 0x3A, 0xDE, 0xE5,
    0x04, 0x5F, 0xD3, 0x69, 0x8E, 0x14, 0xFA, 0x58, 0x9A, 0xAB, 0x7F, 0x0C, 0x34, 0x08, 0xCB, 0x73,
    0xAB, 0xA5, 0x36, 0xD4, 0x1D, 0xE5, 0x56, 0x63, 0x8E, 0xC2, 0x5A, 0x21, 0x28, 0x81, 0x0E, 0x7C,
    0x4E, 0x11, 0x47, 0xBF, 0x23, 0x4C, 0x7E, 0xA1, 0x99, 0xD8, 0x07, 0x84, 0x79, 0xA1, 0xD9, 0x8C,
    0x26, 0x94, 0x87, 0x32, 0xA9, 0x74, 0x6A, 0x8D, 0x19, 0xB5, 0x0A, 0x11, 0x69, 0x62, 0xA2, 0x39,
    0x4D, 0xAA, 0xA9, 0x5F, 0xFE, 0xDB, 0xFD, 0x5A, 0x73, 0x09, 0xD0, 0x7C, 0xA4, 0xB8, 0x8F, 0x84,
    0xA4, 0x25, 0xEF, 0x0C, 0xB3, 0xC8, 0x11, 0x30, 0xD6, 0x54, 0x4F, 0x62, 0x1F, 0xFE, 0x7C, 0xA8,
    0x57, 0x67, 0xB5, 0x50, 0xAC, 0x78, 0x29, 0xFF, 0x24, 0x67, 0x18, 0x73, 0x0D, 0x4F, 0xB1, 0x5E,
    0xE6, 0xCA, 0x67, 0x47, 0xF9, 0x22, 0x87, 0x84, 0xE8, 0xA2, 0x2A, 0x68, 0xCF, 0x2C, 0xE6, 0x2F,
    0xCB, 0xB7, 0xB8, 0xFA, 0x7F, 0x59, 0x4D, 0x2A, 0x81, 0x67, 0xD4, 0xD4, 0x27, 0xB5, 0xF2, 0xCC,
    0x71, 0x5B, 0x8F, 0x91, 0x36, 0x1D, 0x8E, 0xCC, 0x8D, 0x3D, 0x94, 0x3E, 0xAE, 0xCE, 0x2C, 0xCE,
    0xC1, 0xBB, 0x9A, 0x87, 0x6B, 0xC2, 0x6E, 0xFE, 0x9E, 0x70, 0x2B, 0x2D, 0x14, 0x6A, 0x3E, 0x93,
    0xAF, 0xEC, 0x74, 0xF3, 0xC6, 0x59, 0xC4, 0x7F, 0x63, 0x07, 0xC7, 0x9C, 0x9C, 0x6A, 0x61, 0xE7,
    0x2F, 0xB4, 0xF0, 0x7C, 0x78, 0x7F, 0xA7, 0x54, 0xEA, 0xFE, 0x53, 0x6B, 0x3B, 0xF8, 0xB8, 0x0F,
    0xAD, 0x56, 0x84, 0x62, 0x20, 0x97, 0x73, 0xEA, 0x8E, 0x7C, 0xF1, 0x02, 0x97, 0x36, 0x5F, 0x20,
    0x8F, 0xF5, 0x51, 0x10, 0x29, 0xB1, 0xBF, 0x40, 0xF8, 0x9B, 0x27, 0x46, 0xDA, 0xAD, 0x13, 0xD7,
    0x62, 0x7E, 0xAC, 0x6B, 0x4E, 0xFB, 0x5E, 0x27, 0xA3, 0x79, 0x45, 0xD6, 0x86, 0xFE, 0x02, 0xB3,
    0xD5, 0x32, 0x17, 0x82, 0x8E, 0x79, 0x26, 0x69, 0x9C, 0x34, 0xE7, 0x5B, 0xF0, 0x13, 0x69, 0x45,
    0xC6, 0xA2, 0x90, 0xE5, 0x60, 0xE3, 0x2B, 0xC2, 0xF9, 0x82, 0xCB, 0x5E, 0xFC, 0x8D, 0xCE, 0xDA,
    0xB1, 0x5A, 0x05, 0xAF, 0xEE, 0x26, 0x43, 0xC8, 0x44, 0x0C, 0x2C, 0x08, 0x2C, 0x7C, 0x6D, 0x60,
    0x33, 0x28, 0xD6, 0x3B, 0x5A, 0x00, 0x69, 0xBA, 0xC4, 0xEC, 0xD5, 0xAF, 0xE8, 0xFE, 0x10, 0xD0,
    0xBB, 0x8A, 0x2F, 0x1E, 0x3B, 0x4F, 0x11, 0x96, 0xAC, 0x12, 0x98, 0x4B, 0x50, 0x78, 0x35, 0x1D,
    0x5B, 0x4C, 0x26, 0xC4, 0x9C, 0x35, 0x21, 0x73, 0x37, 0xA7, 0x65, 0xAD, 0xF5, 0x0C, 0xDD, 0x7F,
    0xCD, 0xFF, 0xD5, 0x5A, 0x4F, 0xFC, 0xC5, 0xB1, 0x43, 0x2C, 0x29, 0xFE, 0x44, 0x07, 0xD6, 0x7C,
    0x30, 0x2E, 0x8E, 0xCB, 0xC5, 0x9D, 0x80, 0xA2, 0x20, 0x98, 0x24, 0xFD, 0x68, 0x67, 0x8F, 0x5C,
    0xB9, 0xCC, 0x30, 0xBA, 0x45, 0x99, 0x3E, 0xEB, 0x4B, 0xE5, 0x13, 0x29, 0x5F, 0x49, 0x06, 0xD6,
    0xCC, 0xF6, 0x6B, 0x96, 0x9B, 0x8A, 0xB9, 0x4E, 0xBE, 0x58, 0x26, 0xD4, 0x88, 0x3E, 0x61, 0xCB,
    0xCA, 0xAA, 0x05, 0x37, 0xE2, 0x26, 0x9E, 0xF6, 0x6F, 0x35, 0xAC, 0x26, 0x1A, 0x2E, 0x56, 0x69,
    0xEE, 0xB3, 0xAC, 0xE7, 0xE8, 0x37, 0x14, 0x35, 0xD3, 0x2D, 0x7B, 0x00, 0x5F, 0x2E, 0x6A, 0xFF,
    0x40, 0xF4, 0xF8, 0x4C, 0xCA, 0x9F, 0xE6, 0x5E, 0x27, 0xC1, 0x02, 0x49, 0x99, 0x74, 0x28, 0xA4,
    0xBE, 0x64, 0xD4, 0x78, 0xEC, 0x31, 0x2B, 0x71, 0x44, 0x48, 0xC1, 0x56, 0xD8, 0x7D, 0xB9, 0x58,
    0x3D, 0x3F, 0xB7, 0x77, 0x58, 0x02, 0x66, 0x0B, 0xA6, 0x0A, 0x98, 0x36, 0x59, 0xE2, 0xC4, 0xE2,
    0xB6, 0x08, 0xD4, 0x6D, 0x74, 0xBE, 0x0B, 0xA1, 0x19, 0x5A, 0xB3, 0x96, 0x89, 0xCC, 0xD9, 0xC8,
    0x7A, 0xBB, 0xC8, 0xCD, 0x48, 0x2C, 0x3C, 0x0A, 0xCC, 0x65, 0x98, 0xCB, 0xD1, 0xB9, 0x30, 0x4E,
    0xD6, 0x2C, 0x91, 0xD4, 0x04, 0x23, 0x6F, 0xBD, 0x01, 0x7E, 0x64, 0x78, 0xA0, 0xC4, 0xFC, 0xAF,
    0xC8, 0x29, 0xAD, 0xFD, 0xAE, 0xFF, 0x67, 0x46, 0xFE, 0xD5, 0x4D, 0x38, 0xC4, 0x36, 0x6C, 0xA5,
    0x3B, 0x9D, 0xB5, 0x79, 0x1F, 0x99, 0x22, 0x0A, 0x04, 0x14, 0x0D, 0x56, 0x6E, 0x47, 0xCD, 0xA9,
    0xAC, 0x7B, 0x81, 0x2A, 0x42, 0xFD, 0xEA, 0x15, 0x72, 0x95, 0x8F, 0x5E, 0x63, 0xF7, 0x07, 0x7E,
    0xB1, 0xE5, 0x4A, 0x70, 0x7B, 0x58, 0x27, 0x51, 0x88, 0xEC, 0x13, 0x6B, 0x79, 0xC8, 0xA2, 0xA6,
    0xC0, 0x35, 0x7B, 0x7F, 0x0A, 0xAB, 0xC4, 0x6E, 0xB8, 0x1D, 0x8E, 0x9F, 0x64, 0x86, 0x79, 0xCB,
    0xF5, 0x8D, 0x06, 0x92, 0xBA, 0x22, 0x0E, 0x4E, 0x9B, 0x33, 0xFA, 0x41, 0xAD, 0x16, 0x4F, 0x37,
    0xE1, 0x2B, 0x6A, 0xED, 0x76, 0xB9, 0xB9, 0x65, 0x22, 0xDF, 0x13, 0xF5, 0x26, 0xEE, 0xD7, 0xAD,
    0xF7, 0xEC, 0xFC, 0x95, 0x04, 0xD3, 0x63, 0x99, 0xF1, 0x05, 0x84, 0xC4, 0x9D, 0x2B, 0x01, 0xFC,
    0x74, 0xEA, 0x2C, 0xBF, 0x12, 0x4C, 0xC0, 0x88, 0x7A, 0x48, 0x3B, 0x57, 0xAA, 0x33, 0x28, 0x2E,
    0xA3, 0x57, 0xE9, 0x43, 0xD9, 0xAE, 0x7E, 0x21, 0x08, 0xB1, 0x5C, 0x31, 0x28, 0x9E, 0x7B, 0x26,
    0xEC, 0x03, 0xA3, 0xC3, 0x5E, 0x34, 0xD2, 0x08, 0x8F, 0xE0, 0x17, 0x2C, 0x67, 0x70, 0xBE, 0xCC,
    0xAA, 0x99, 0xBB, 0xA3, 0xDA, 0xFD, 0x81, 0xFF, 0xFA, 0x79, 0xCB, 0xBA, 0x26, 0xBB, 0xD3, 0xB0,
    0xE0, 0x49, 0xC1, 0x25, 0xCC, 0x90, 0xE0, 0x8B, 0xC5, 0x8A, 0x53, 0xC6, 0x30, 0x4F, 0x65, 0x5D,
    0xC9, 0x0F, 0x4F, 0x22, 0xFA, 0xD4, 0x32, 0x22, 0xD1, 0x40, 0xB5, 0x3F, 0x9B, 0x68, 0x60, 0xD3,
    0x9C, 0x7F, 0xF6, 0x9B, 0xFE, 0xF8, 0xEA, 0xFF, 0xF8, 0xAE, 0x56, 0xAB, 0x2D, 0x40, 0x0C, 0xAD,
    0xEF, 0x5E, 0x5C, 0x08, 0x43, 0x90, 0x53, 0xC9, 0xD5, 0x45, 0x4A, 0x94, 0x2B, 0x46, 0x21, 0xD3,
    0x18, 0x55, 0x01, 0x0F, 0x19, 0x88, 0xF2, 0xA6, 0xD6, 0x28, 0xE3, 0x56, 0xB0, 0x72, 0x1A, 0x7C,
    0x9C, 0x2A, 0x04, 0x20, 0xD8, 0xE8, 0x54, 0x09, 0x10, 0x90, 0x92, 0x81, 0x92, 0x41, 0x95, 0x03,
    0x2F, 0x5D, 0xB3, 0xDD, 0x77, 0x13, 0x58, 0xCD, 0x5D, 0xD6, 0x5A, 0x2B, 0x85, 0x60, 0x6E, 0x41,
    0xF9, 0x02, 0x35, 0x69, 0x8F, 0xD3, 0x8E, 0x58, 0xF1, 0xD7, 0xD6, 0xA3, 0x3C, 0xBD, 0x26, 0x92,
    0x33, 0x8A, 0xFF, 0x0B, 0xAB, 0x7A, 0x27, 0x51, 0x5B, 0xCB, 0xEF, 0x90, 0x8A, 0x49, 0x8B, 0xC9,
    0xF7, 0xD7, 0x2A, 0x89, 0xB3, 0x89, 0x7F, 0x52, 0x31, 0xEC, 0x9B, 0xC5, 0x81, 0xDE, 0xA0, 0x02,
    0xD9, 0xBC, 0x3B, 0x61, 0x0C, 0x67, 0x94, 0xF3, 0xBE, 0x80, 0xD3, 0xEE, 0x40, 0x49, 0x34, 0x00,
    0x79, 0xAD, 0x3D, 0xDC, 0x33, 0x8E, 0x39, 0x3C, 0xFF, 0x9B, 0x6C, 0xB2, 0x45, 0x23, 0xCC, 0x7A,
    0x82, 0xF3, 0x33, 0x6C, 0xCC, 0xCF, 0x35, 0xB7, 0xC1, 0xF7, 0x34, 0x49, 0x3C, 0x00, 0xAF, 0x36,
    0x6B, 0xD9, 0x26, 0x7A, 0x0A, 0x85, 0xDD, 0x31, 0x51, 0xBE, 0xE8, 0xC6, 0xA0, 0xCD, 0x7F, 0x7B,
    0xD5, 0x72, 0xEA, 0x87, 0xAD, 0x26, 0xA9, 0x15, 0xE2, 0x29, 0x5D, 0x04, 0xA2, 0x1A, 0x96, 0x27,
    0x8D, 0x5D, 0x88, 0xAC, 0xF4, 0x8E, 0x05, 0x7A, 0xE9, 0xBF, 0xD8, 0xA4, 0x97, 0x3C, 0x61, 0xA2,
    0x79, 0x0D, 0xB0, 0x93, 0x3E, 0xB1, 0x59, 0x1B, 0x75, 0x89, 0xCD, 0x9B, 0xA4, 0x49, 0xAD, 0x69,
    0x32, 0x21, 0x44, 0xFC, 0xEF, 0x4C, 0x33, 0x90, 0x0F, 0xFF, 0x0E, 0x4A, 0x9A, 0xFC, 0xE7, 0x0D,
    0x68, 0xCB, 0xEE, 0x21, 0x48, 0xD0, 0xFF, 0x61, 0x2A, 0x64, 0x91, 0x59, 0x0F, 0x97, 0xB4, 0xEF,
    0xFC, 0xB2, 0x85, 0xA4, 0xB7, 0x98, 0x6C, 0x1A, 0xD9, 0x99, 0xF7, 0x7B, 0xC4, 0xE7, 0xE1, 0x38,
    0x9E, 0x5F, 0x15, 0xD9, 0x73, 0x92, 0x99, 0x79, 0x5F, 0xEB, 0xCB, 0xEC, 0x64, 0x49, 0x52, 0xB0,
    0x73, 0x45, 0x2E, 0x5C, 0x35, 0xCE, 0x46, 0x6E, 0x32, 0xAE, 0x45, 0x31, 0x40, 0xE9, 0x98, 0x8A,
    0x02, 0x35, 0x85, 0x42, 0xC6, 0x04, 0x04, 0xA1, 0x98, 0x14, 0x2B, 0x74, 0x8C, 0x1B, 0x08, 0x04,
    0xA9, 0xE6, 0xDF, 0x0C, 0x5F, 0x0B, 0x06, 0x96, 0x40, 0x5B, 0x44, 0x7E, 0x6B, 0x84, 0x81, 0xA0,
    0x61, 0x73, 0x93, 0x90, 0xDD, 0x4B, 0x3E, 0x68, 0x96, 0x61, 0x27, 0x43, 0x08, 0xEA, 0xE8, 0x27,
    0xD3, 0xE9, 0x0D, 0x27, 0x2B, 0x49, 0x75, 0xC7, 0xBD, 0x75, 0x08, 0xAA, 0x38, 0xDE, 0xFF, 0x09,
    0xD4, 0xBA, 0xE7, 0xAA, 0x4A, 0xDD, 0xD5, 0x2B, 0x72, 0xE6, 0xF1, 0xFF, 0xB6, 0x96, 0x32, 0x9A,
    0x9B, 0xA5, 0xEA, 0x57, 0xCB, 0x5B, 0x5A, 0xC9, 0x12, 0x81, 0xA0, 0x15, 0x7B, 0xD6, 0xF1, 0xD7,
    0xE3, 0x50, 0x1B, 0x6B, 0x4C, 0x5E, 0x96, 0xF0, 0xCD, 0xE3, 0xA6, 0xFA, 0x99, 0xC5, 0xFC, 0xA9,
    0x55, 0x6B, 0x2C, 0xF1, 0x5B, 0x52, 0xFD, 0xB2, 0x50, 0x10, 0x59, 0x79, 0xA8, 0x8D, 0x9D, 0x22,
    0xD8, 0x29, 0xDC, 0xBC, 0xC3, 0x87, 0x6A, 0x14, 0x99, 0x8E, 0x86, 0xFC, 0x9E, 0x3B, 0x7C, 0x40,
    0x20, 0x3D, 0xB1, 0xC3, 0xA7, 0xDB, 0x5D, 0xBA, 0x1D, 0x73, 0xBC, 0xC3, 0xF7, 0x43, 0xBF, 0xC3,
    0xB7, 0x2A, 0xFA, 0x13, 0xDF, 0xE1, 0xEA, 0xF5, 0xDA, 0xAE, 0xE0, 0x23, 0x7B, 0xA0, 0xEB, 0x3B,
    0x7C, 0xD3, 0x6A, 0x87, 0x0F, 0x39, 0xA1, 0x26, 0x85, 0xA2, 0x59, 0xA1, 0x1F, 0xAC, 0x63, 0xB3,
    0xDF, 0xBE, 0xAB, 0x1B, 0xAD, 0x0D, 0x81, 0xA5, 0xD3, 0xEC, 0x3D, 0x9F, 0x95, 0xCD, 0x25, 0x71,
    0xAD, 0x3D, 0x00, 0xAB, 0x9C, 0x4F, 0xD2, 0xC0, 0x22, 0x54, 0xA3, 0x4C, 0x57, 0x46, 0xCE, 0x57,
    0xF9, 0x16, 0xAB, 0x3A, 0x6B, 0xDD, 0xDE, 0x63, 0xA6, 0x78, 0x9C, 0xA2, 0x26, 0xBE, 0x66, 0xF1,
    0x51, 0x28, 0x9A, 0xDE, 0x58, 0x78, 0xBC, 0x9D, 0xDF, 0x8C, 0x2D, 0xBD, 0x1D, 0x96, 0xBE, 0x1A,
    0xD1, 0x02, 0xB0, 0xE0, 0x44, 0x41, 0x4D, 0x97, 0xCB, 0xA4, 0x8C, 0x3E, 0x25, 0x73, 0xA1, 0x2A,
    0xFB, 0x14, 0xF5, 0xFE, 0x4B, 0xE9, 0x5E, 0x68, 0x60, 0x10, 0x6E, 0x3D, 0x33, 0x5B, 0x0D, 0xB9,
    0x20, 0x30, 0xA9, 0xFD, 0x76, 0x1E, 0xAB, 0x10, 0x0C, 0x08, 0xE9, 0xC8, 0x7B, 0x99, 0xDB, 0x17,
    0xE4, 0x78, 0x6C, 0x2F, 0x6B, 0x1B, 0xC3, 0x6E, 0x11, 0x89, 0xC4, 0x5E, 0xD7, 0xAE, 0x68, 0x57,
    0xD3, 0xDB, 0xA5, 0x5D, 0x49, 0x74, 0xD3, 0x56, 0x7D, 0xBA, 0xDF, 0x2C, 0x9E, 0x77, 0x8B, 0x7D,
    0xB5, 0xE4, 0x33, 0x66, 0x91, 0x97, 0xBC, 0xC4, 0x4B, 0xDF, 0x4C, 0xAA, 0xDB, 0xC7, 0xBB, 0xB0,
    0xAA, 0x0D, 0x8A, 0xE1, 0xBC, 0x77, 0xC9, 0x31, 0x8C, 0x4B, 0xDA, 0xAE, 0xD6, 0x1D, 0x9B, 0xD5,
    0x11, 0xBB, 0x5F, 0x57, 0x6C, 0x87, 0x54, 0xE2, 0x3E, 0x76, 0x15, 0x2C, 0xDB, 0x14, 0x29, 0xAB,
    0x7E, 0xA8, 0x64, 0xC9, 0x85, 0x6B, 0x7A, 0xDB, 0x89, 0x44, 0x28, 0x58, 0xB0, 0x41, 0x31, 0x8A,
    0x3A, 0xEE, 0x89, 0x7A, 0x01, 0xC1, 0x30, 0x58, 0xED, 0x41, 0x6C, 0xFF, 0xFD, 0xD9, 0x02, 0xA2,
    0xFC, 0x95, 0x6B, 0x12, 0xC7, 0x04, 0x73, 0x3D, 0xAA, 0xBE, 0xE2, 0xEB, 0x38, 0x10, 0xBD, 0x98,
    0x7B, 0x42, 0x5A, 0xA6, 0x89, 0xB2, 0xF1, 0xD1, 0x96, 0xDD, 0x93, 0x46, 0x28, 0xA9, 0x96, 0xFE,
    0x96, 0x6C, 0x8F, 0x3F, 0x63, 0xE6, 0x5D, 0x95, 0xDC, 0xD8, 0x7A, 0xFA, 0x31, 0x46, 0x3E, 0x61,
    0x5C, 0x82, 0x3E, 0x64, 0xEF, 0x21, 0xAD, 0xB4, 0x05, 0x2E, 0x97, 0x69, 0x66, 0xE7, 0xE4, 0xC6,
    0x69, 0xA3, 0x31, 0x77, 0xB0, 0xF6, 0xA8, 0x7D, 0x2C, 0xA9, 0xDA, 0x9A, 0x5C, 0xDA, 0x3A, 0x75,
    0x34, 0xCE, 0x17, 0x73, 0xCA, 0x1E, 0xF4, 0x03, 0xF7, 0x3A, 0xAF, 0x71, 0xAF, 0xF3, 0x36, 0xC0,
    0x27, 0x76, 0xB9, 0x1D, 0xF0, 0xE2, 0x69, 0x22, 0x74, 0xD1, 0x55, 0xC8, 0x2E, 0x90, 0xED, 0x59,
    0x7D, 0x63, 0xE4, 0xD6, 0xC3, 0xA9, 0xE6, 0xAB, 0x09, 0x0E, 0x39, 0x0E, 0xC2, 0x05, 0x16, 0xEC,
    0x43, 0x36, 0xEE, 0x68, 0xDC, 0xC1, 0x42, 0x9D, 0x3F, 0x66, 0x87, 0x87, 0x0A, 0x5E, 0x9F, 0x6A,
    0xE7, 0x0B, 0xD4, 0xBB, 0xF0, 0x23, 0x1F, 0x4F, 0xF4, 0x73, 0xAD, 0x1A, 0xA4, 0x8F, 0x20, 0xF0,
    0x05, 0xA9, 0x36, 0x3B, 0x8B, 0x7C, 0x21, 0x1B, 0x62, 0x7E, 0x31, 0xBA, 0x1F, 0xD5, 0x58, 0x9E,
    0x1B, 0xE7, 0xF4, 0x5A, 0x29, 0x37, 0x43, 0x80, 0xC2, 0x55, 0xA5, 0xF1, 0x86, 0x94, 0x6E, 0x0C,
    0xDC, 0xCD, 0x31, 0x1E, 0x64, 0x80, 0xFB, 0x1C, 0xE0, 0xB5, 0x7A, 0xBA, 0x84, 0xF2, 0x44, 0xF5,
    0x3C, 0xCD, 0xD7, 0xFA, 0xC2, 0x4B, 0x15, 0x8A, 0xB9, 0xBF, 0x5B, 0xB0, 0xD4, 0x0D, 0xE9, 0x00,
    0xB7, 0xE7, 0x9D, 0x67, 0x6A, 0xFE, 0x4B, 0xC4, 0xD8, 0x4A, 0x10, 0xB2, 0x12, 0x6C, 0x71, 0x16,
    0xAB, 0xD2, 0x89, 0x1E, 0x8B, 0x1B, 0x67, 0xDA, 0xA8, 0xA3, 0x23, 0x0C, 0xED, 0x09, 0x9E, 0x23,
    0x21, 0x74, 0xFD, 0x8C, 0xCF, 0x02, 0xF8, 0x2C, 0xD8, 0x7B, 0x85, 0xE3, 0x1E, 0x4B, 0xD9, 0xB5,
    0x28, 0x8F, 0x2B, 0x26, 0xC6, 0xEE, 0xBD, 0x15, 0x4E, 0xB5, 0xEF, 0x3D, 0x16, 0xA6, 0xCB, 0xB8,
    0xB5, 0xDB, 0x84, 0x7C, 0x55, 0xE2, 0xC2, 0xF1, 0x8C, 0xFF, 0xE8, 0x8B, 0x7D, 0x72, 0xA4, 0xEC,
    0x34, 0xA0, 0xB1, 0xD4, 0x5D, 0xF7, 0x0A, 0x7F, 0xD4, 0x35, 0x33, 0x5F, 0xCB, 0x86, 0x08, 0x39,
    0xC9, 0xA7, 0x88, 0xCA, 0xC5, 0x91, 0x7C, 0x9D, 0xBB, 0xDA, 0x4F, 0x90, 0xC6, 0xB4, 0x39, 0x44,
    0xA8, 0x99, 0x70, 0x42, 0x4D, 0xE4, 0xCD, 0x27, 0xB8, 0x56, 0xA4, 0xCD, 0x0F, 0x3A, 0x59, 0x4C,
    0x9B, 0xEB, 0xA6, 0xF3, 0x92, 0x91, 0x2F, 0x8D, 0x2C, 0x04, 0xF2, 0x81, 0x91, 0x81, 0xAF, 0x08,
    0x59, 0x86, 0x55, 0xBE, 0x26, 0x64, 0x19, 0x93, 0x11, 0x91, 0xFD, 0xEE, 0x65, 0xAE, 0x1F, 0x68,
    0x89, 0xD1, 0xF1, 0xCB, 0xE3, 0x7D, 0x3E, 0x93, 0x21, 0x18, 0xB7, 0x88, 0x79, 0x6B, 0xB3, 0x7E,
    0x81, 0x69, 0x2F, 0x51, 0x5B, 0x61, 0x6C, 0xE9, 0xBD, 0xC6, 0x7C, 0x03, 0x21, 0x71, 0xA5, 0x67,
    0x5F, 0x04, 0xD5, 0xEC, 0xAD, 0xC1, 0xFC, 0x6C, 0x34, 0x6F, 0x0F, 0xCF, 0xAD, 0x95, 0x6D, 0x5F,
    0x8C, 0x76, 0x49, 0xEF, 0xC6, 0x05, 0x5C, 0x74, 0x5E, 0xC1, 0x38, 0x17, 0xCB, 0x9D, 0x0D, 0x36,
    0xBA, 0xA3, 0x7E, 0xC1, 0x96, 0x48, 0xBD, 0x7A, 0xDB, 0x08, 0x55, 0xDB, 0x94, 0xB3, 0xAB, 0x72,
    0xAF, 0x8A, 0xDC, 0x4D, 0x24, 0x5F, 0x10, 0x1D, 0xAB, 0xC1, 0xBA, 0x42, 0xB2, 0x57, 0x56, 0x10,
    0x9B, 0xE1, 0x70, 0xC3, 0x8A, 0xAF, 0xA4, 0x34, 0xF9, 0x7E, 0x1B, 0x3E, 0x13, 0xC3, 0xA3, 0xF3,
    0xE9, 0x0E, 0xB0, 0x32, 0x2D, 0x54, 0x54, 0x83, 0x42, 0xAC, 0xD9, 0x8B, 0x97, 0xEE, 0xED, 0xA0,
    0x00, 0xC3, 0xBE, 0xD9, 0x70, 0x0B, 0x04, 0x31, 0x83, 0x66, 0x7A, 0xCE, 0x67, 0xE4, 0xEB, 0xC7,
    0x4B, 0x03, 0x5C, 0x9B, 0x19, 0x4A, 0x27, 0xF9, 0x67, 0x18, 0x17, 0x3D, 0x6C, 0x0D, 0xBC, 0x17,
    0xF7, 0x46, 0xE0, 0xE2, 0x9A, 0x98, 0x29, 0x28, 0x5F, 0x02, 0xA9, 0xB8, 0x4C, 0x01, 0xF2, 0x01,
    0xE8, 0x2F, 0xC1, 0x82, 0x9A, 0x4C, 0xA8, 0xC9, 0x83, 0xC9, 0x03, 0x4D, 0x8C, 0x40, 0x93, 0xEB,
    0x0C, 0xEA, 0xB5, 0x47, 0xCA, 0xF8, 0xF6, 0xD1, 0x1C, 0x43, 0xDB, 0xFA, 0x3E, 0xC7, 0xB0, 0x8F,
    0xE5, 0x18, 0x9A, 0x88, 0x95, 0xDC, 0x63, 0x86, 0x96, 0xA3, 0x0E, 0xF5, 0xD9, 0x5C, 0xED, 0xD3,
    0x2F, 0xC3, 0x57, 0xB6, 0xC8, 0x97, 0x42, 0xF9, 0x52, 0x93, 0x2F, 0x6C, 0x69, 0x12, 0x20, 0x07,
    0xA3, 0x6B, 0xAD, 0xE9, 0xB1, 0x4D, 0x85, 0x82, 0xD3, 0x74, 0x70, 0x11, 0x4A, 0x7D, 0xA8, 0x29,
    0xF2, 0x85, 0x35, 0x2F, 0xF1, 0x37, 0xE2, 0x1D, 0xC9, 0x9C, 0x63, 0x74, 0xCB, 0x2E, 0x4A, 0xFF,
    0x78, 0x8E, 0xF1, 0xA4, 0x11, 0x4A, 0x8A, 0xD9, 0xD3, 0x06, 0xF0, 0x32, 0xFF, 0x4F, 0x8E, 0xF1,
    0x84, 0x71, 0x09, 0xEE, 0xFA, 0x1C, 0xA3, 0x58, 0xCB, 0x31, 0x24, 0xB8, 0x71, 0xDA, 0x68, 0xAC,
    0x72, 0x8C, 0x8C, 0x39, 0x46, 0xC6, 0xEE, 0x47, 0x52, 0x6C, 0x9D, 0x36, 0x1A, 0x0C, 0x66, 0x98,
    0x94, 0xAD, 0x15, 0xFF, 0x76, 0xC5, 0x23, 0x6F, 0xC7, 0x8C, 0x7C, 0x8F, 0x6A, 0x7F, 0x7F, 0xFF,
    0x27, 0xC7, 0xFF, 0xCC, 0xE4, 0xD1, 0x17, 0x1E, 0xE6, 0x3E, 0x84, 0x6A, 0xB7, 0xFA, 0x71, 0x44,
    0xD1, 0xFA, 0xF3, 0xD9, 0x20, 0xCD, 0x03, 0x66, 0x22, 0x18, 0x0F, 0x2D, 0x74, 0x5D, 0x34, 0x84,
    0x77, 0x90, 0x29, 0xC4, 0x3F, 0xB4, 0x69, 0x97, 0xA6, 0x36, 0x6D, 0xB7, 0x00, 0x9A, 0x9F, 0xA6,
    0x5D, 0xF6, 0x41, 0x97, 0xB6, 0xD9, 0xCF, 0x9A, 0xBC, 0x49, 0x3F, 0xC4, 0xE0, 0x94, 0x48, 0xA7,
    0x43, 0x30, 0xA1, 0x82, 0xB9, 0x38, 0x8A, 0xBE, 0x84, 0x91, 0xB2, 0x2B, 0xFB, 0x32, 0x2B, 0x81,
    0xAD, 0x55, 0x83, 0xC6, 0x1F, 0x76, 0xA9, 0xE5, 0xA1, 0xDF, 0x6F, 0xA4, 0x51, 0x26, 0x9A, 0x46,
    0x0F, 0x27, 0xED, 0x0E, 0xFE, 0x2E, 0x69, 0x4B, 0x54, 0x7C, 0x6D, 0x0E, 0xDF, 0xDD, 0x44, 0x2C,
    0x35, 0xF9, 0x06, 0xAB, 0x37, 0x7F, 0xEF, 0x03, 0x1E, 0x33, 0x7F, 0xB7, 0x34, 0xFF, 0x88, 0x20,
    0xA1, 0xCB, 0xC8, 0xE1, 0x3A, 0x3F, 0x1B, 0x17, 0xEC, 0x5C, 0xBB, 0x36, 0x76, 0x6F, 0x21, 0x65,
    0x58, 0xAF, 0xA6, 0xBF, 0xBE, 0xDC, 0xAD, 0xD1, 0xB4, 0x81, 0x2F, 0x35, 0x89, 0x16, 0x5E, 0x8F,
    0xE1, 0xF3, 0xE4, 0x11, 0x4A, 0x9A, 0x65, 0x09, 0x4A, 0xAF, 0x19, 0x0D, 0x0B, 0xEA, 0x9C, 0x61,
    0xDB, 0x37, 0x3D, 0xA9, 0x68, 0xA7, 0xC2, 0x9C, 0xA4, 0xE5, 0xAB, 0x34, 0xB6, 0xD4, 0xF2, 0x0E,
    0x0C, 0xAA, 0x2E, 0x7D, 0x29, 0x68, 0x1C, 0x37, 0xBE, 0xB5, 0x71, 0x16, 0xF8, 0x4D, 0x8A, 0x71,
    0xD5, 0x77, 0xDA, 0x96, 0xFF, 0xEB, 0x40, 0x26, 0x76, 0x1E, 0xE1, 0xC3, 0x71, 0xEF, 0x00, 0x9E,
    0x74, 0x93, 0x9B, 0x23, 0x05, 0x5F, 0xD9, 0x46, 0x6E, 0xC2, 0x7A, 0xB6, 0xE2, 0xFB, 0x21, 0x50,
    0x62, 0xE6, 0x89, 0x4D, 0xAE, 0xB5, 0xAB, 0xD1, 0x02, 0xFF, 0x48, 0x77, 0xC6, 0xB5, 0x26, 0xFF,
    0x44, 0x23, 0xC4, 0xA7, 0xFA, 0xEE, 0xE2, 0xC3, 0x4E, 0xB5, 0xB6, 0x39, 0x46, 0xC1, 0x6F, 0x38,
    0xF8, 0xDD, 0x3E, 0xFF, 0x1A, 0xA4, 0x2F, 0xAB, 0x63, 0xBB, 0xEA, 0x27, 0xE8, 0xEE, 0xF5, 0x77,
    0x7D, 0x88, 0x19, 0x57, 0x6F, 0x05, 0xCD, 0x9B, 0xC9, 0xBE, 0xF9, 0xA7, 0xFE, 0x7E, 0xDE, 0x30,
    0xD4, 0x22, 0xD3, 0x1B, 0xC8, 0x0C, 0xFD, 0x9C, 0x51, 0x9F, 0xF1, 0x05, 0xDA, 0x9E, 0x3D, 0x89,
    0xE8, 0x53, 0x1F, 0x58, 0xAB, 0xB2, 0xE2, 0x3C, 0xEC, 0xC2, 0x68, 0x77, 0xC6, 0xF7, 0x62, 0x66,
    0xD8, 0x6A, 0x5F, 0xA6, 0xE1, 0x5D, 0xE6, 0x04, 0xD5, 0xDC, 0x2B, 0x30, 0xBA, 0x55, 0x0F, 0x3E,
    0xB0, 0x29, 0xA4, 0x86, 0x57, 0xFE, 0x98, 0x8D, 0xC8, 0x5A, 0xB7, 0xFF, 0x7D, 0xAB, 0x61, 0x7A,
    0x76, 0x45, 0xD6, 0x62, 0x45, 0x9C, 0x47, 0xED, 0xA2, 0x92, 0x5E, 0xCE, 0x2F, 0xAC, 0xAE, 0x55,
    0xEF, 0x61, 0x9F, 0xEA, 0x5B, 0x37, 0xF9, 0x31, 0x0C, 0xBA, 0xB4, 0xF8, 0x13, 0x93, 0xCB, 0xFF,
    0x02, 0x95, 0x53, 0xBD, 0x6E, 0xD5, 0x30, 0x14, 0xFE, 0x12, 0x53, 0x05, 0xC9, 0x42, 0x5E, 0x60,
    0x60, 0xC1, 0x0B, 0x03, 0xAA, 0x84, 0xB2, 0x22, 0xD1, 0xC6, 0x91, 0xCA, 0x03, 0x74, 0xE8, 0xDD,
    0xD9, 0x91, 0x98, 0x19, 0x5A, 0x12, 0x60, 0x64, 0x61, 0x63, 0x60, 0x65, 0x40, 0xF7, 0x19, 0x2E,
    0xF7, 0x5A, 0xED, 0x0B, 0xA4, 0xE2, 0x05, 0xC2, 0xC2, 0x7C, 0x2A, 0x65, 0x88, 0x44, 0x6E, 0xCC,
    0x39, 0x76, 0x7F, 0x90, 0x90, 0x10, 0xD8, 0xF9, 0x8E, 0x9C, 0xE3, 0x63, 0x7F, 0xE7, 0xCF, 0x00,
    0x5C, 0x98, 0x5C, 0x18, 0x77, 0x97, 0x9F, 0xEF, 0x2D, 0x16, 0x8B, 0xBA, 0x09, 0x21, 0xF4, 0x1B,
    0x16, 0xDD, 0x42, 0x7E, 0xC1, 0x83, 0xFF, 0x66, 0x56, 0xCC, 0xCB, 0xE5, 0xF2, 0x4B, 0x90, 0x31,
    0x47, 0xB9, 0x15, 0xAB, 0x30, 0xFD, 0xA9, 0x71, 0x2C, 0x7C, 0x14, 0xBB, 0x7C, 0x24, 0x5E, 0x91,
    0x86, 0x6C, 0xD7, 0x62, 0x02, 0xD6, 0x2F, 0x45, 0xD3, 0xAB, 0x5E, 0x7B, 0x53, 0x97, 0x70, 0x75,
    0xD3, 0x3A, 0xDC, 0x47, 0xD6, 0xEA, 0xDE, 0x90, 0xE9, 0x75, 0x67, 0xBC, 0xC5, 0x3E, 0x5E, 0xB1,
    0x51, 0x0E, 0x5E, 0x77, 0xD6, 0x8B, 0xA6, 0xC2, 0x0A, 0x14, 0x2F, 0xAB, 0xB0, 0x41, 0x03, 0x87,
    0x12, 0xA6, 0x2E, 0x7C, 0xDE, 0xA3, 0xC5, 0xE1, 0xED, 0x8C, 0x1E, 0xAB, 0x6E, 0x65, 0x3C, 0xD9,
    0x03, 0x72, 0x45, 0xEF, 0xDE, 0x93, 0x7C, 0x45, 0xCF, 0xF6, 0x59, 0xFB, 0x50, 0xD3, 0x64, 0x2E,
    0xB6, 0x2C, 0x75, 0x37, 0x19, 0x3F, 0x18, 0xD5, 0xEF, 0x17, 0xFE, 0x89, 0x46, 0xE4, 0x78, 0x6E,
    0x4E, 0x47, 0xFB, 0x6D, 0xB2, 0x67, 0xA3, 0x39, 0x1D, 0xAC, 0xA2, 0xAA, 0xF0, 0x2B, 0x53, 0xD3,
    0x83, 0x6B, 0xEF, 0xE5, 0x16, 0xDD, 0x31, 0x7C, 0x82, 0xF1, 0xE0, 0x64, 0x11, 0x87, 0x43, 0x2F,
    0xC2, 0xFC, 0xE1, 0xDA, 0xEE, 0x29, 0x47, 0xDC, 0x48, 0xB4, 0x97, 0x98, 0x19, 0x5B, 0xC6, 0x94,
    0x90, 0x09, 0x46, 0x66, 0x14, 0x0C, 0x80, 0xA2, 0x84, 0xBC, 0xBB, 0x49, 0x54, 0xE4, 0x2A, 0xFE,
    0xCE, 0x75, 0x17, 0x19, 0xDC, 0xCF, 0xC0, 0xE5, 0x63, 0x82, 0x97, 0x97, 0x59, 0x7E, 0xF6, 0x7F,
    0x5C, 0xAC, 0xB3, 0x72, 0x43, 0xBD, 0x09, 0x3E, 0x7D, 0x4D, 0x68, 0x5D, 0x80, 0x1E, 0x39, 0xBD,
    0x45, 0x17, 0x60, 0x28, 0xC0, 0xD2, 0x1A, 0x86, 0x0F, 0x64, 0xB0, 0xB0, 0xB5, 0xAD, 0x9D, 0x97,
    0xD9, 0xC4, 0xE9, 0x6A, 0x99, 0xB7, 0x20, 0x53, 0x9C, 0x50, 0x92, 0xE9, 0x22, 0x90, 0x38, 0x0C,
    0xD8, 0x1F, 0x23, 0x4A, 0xF1, 0xCC, 0x71, 0xD5, 0x5E, 0x0B, 0xE1, 0x0A, 0xC7, 0xD1, 0x37, 0x16,
    0xC7, 0x2A, 0xD6, 0x71, 0xC4, 0x2A, 0xDA, 0xF2, 0x62, 0x8A, 0xB6, 0xBC, 0x18, 0xA3, 0x2D, 0x26,
    0x45, 0xD1, 0x16, 0xCD, 0xE6, 0x2C, 0xD5, 0xDC, 0x06, 0x9D, 0x3C, 0xCF, 0x0E, 0xCB, 0x37, 0x6B,
    0x60, 0x2D, 0xA9, 0x36, 0xC1, 0xEB, 0xC0, 0xBC, 0x93, 0xFB, 0x44, 0xEE, 0xE3, 0xC0, 0x01, 0x4E,
    0x39, 0x9D, 0xF0, 0x35, 0xFA, 0x7C, 0xC0, 0x30, 0x31, 0x95, 0x7D, 0x4B, 0x18, 0x06, 0x5E, 0x38,
    0x45, 0xD9, 0x05, 0x09, 0x95, 0xEA, 0x73, 0x5E, 0x0C, 0x8A, 0x78, 0x7E, 0xA7, 0x9C, 0x74, 0x97,
    0x93, 0xF1, 0x63, 0xD1, 0xDB, 0x16, 0xDC, 0xA4, 0x9B, 0x0D, 0x77, 0x23, 0x1A, 0x3E, 0x31, 0xE3,
    0x08, 0xD8, 0xA9, 0x99, 0x91, 0x33, 0x99, 0xF3, 0x81, 0x82, 0x3B, 0xD3, 0xB4, 0x25, 0x27, 0x68,
    0x8F, 0x35, 0x55, 0x3E, 0xAC, 0x99, 0xB0, 0x38, 0xE7, 0xAE, 0x21, 0xF3, 0xAE, 0x2F, 0x0B, 0x5F,
    0x99, 0x76, 0xCF, 0x44, 0x2F, 0xEF, 0x48, 0xE4, 0x4C, 0xAB, 0x06, 0x49, 0xA0, 0x6B, 0xA5, 0x2D,
    0xD6, 0x51, 0x57, 0xB6, 0x92, 0x21, 0xCE, 0x56, 0xCE, 0x81, 0x5D, 0x15, 0x3E, 0x6F, 0xA5, 0xE6,
    0x9C, 0x16, 0x29, 0xD9, 0x36, 0x36, 0x91, 0xAB, 0xC5, 0x7A, 0x86, 0xE2, 0x68, 0x7A, 0xB0, 0x6F,
    0x15, 0xF0, 0x28, 0x59, 0x1F, 0x65, 0x87, 0xD9, 0x54, 0x50, 0x1E, 0xA1, 0x49, 0x8D, 0xBA, 0x57,
    0x83, 0xE9, 0x15, 0x99, 0x8E, 0xE1, 0x05, 0x12, 0x8D, 0x16, 0x74, 0x65, 0x6D, 0x3C, 0x3F, 0x14,
    0xEF, 0x60, 0x5A, 0x41, 0x85, 0x1D, 0x6E, 0xA0, 0xDF, 0x47, 0xC5, 0x59, 0x09, 0x6A, 0x8B, 0x70,
    0xB0, 0xC5, 0x26, 0x9F, 0xAE, 0xD4, 0xE9, 0x75, 0xCB, 0x6A, 0x37, 0xFE, 0x5F, 0x56, 0x46, 0x44,
    0xAA, 0x5F, 0x2A, 0x08, 0x7B, 0x16, 0xCB, 0x7C, 0xBD, 0x29, 0xDD, 0x96, 0xDA, 0x18, 0xA9, 0x17,
    0xF8, 0x9D, 0xCA, 0x38, 0x41, 0x2A, 0xF1, 0xCD, 0x79, 0xFF, 0x8F, 0xE7, 0xD3, 0xE6, 0xD7, 0x14,
    0x7B, 0x94, 0xBF, 0x00, 0xAD, 0x56, 0x3D, 0x6F, 0xE4, 0x54, 0x14, 0xBD, 0xB6, 0x95, 0x58, 0x8A,
    0x05, 0x6E, 0x18, 0x81, 0x36, 0xC5, 0x34, 0x14, 0xAB, 0xA5, 0xF0, 0x1F, 0x48, 0xC6, 0xA6, 0xA1,
    0xA1, 0x20, 0x45, 0x4C, 0x01, 0x05, 0xFB, 0x0F, 0xB6, 0xA5, 0x08, 0xB1, 0xC5, 0x1F, 0x20, 0x05,
    0xF4, 0x53, 0x50, 0x2C, 0x83, 0x44, 0x28, 0xA8, 0x56, 0x4B, 0x6C, 0x29, 0xC5, 0x16, 0xDB, 0x58,
    0x42, 0xD4, 0x58, 0xA2, 0x41, 0x4B, 0x81, 0x41, 0x5E, 0xE1, 0x2C, 0xB6, 0x1F, 0xE7, 0xDC, 0xE7,
    0x99, 0x49, 0x96, 0x08, 0x51, 0x60, 0x45, 0xE7, 0xBE, 0x8C, 0xED, 0xFB, 0xCE, 0x3D, 0xF7, 0xE3,
    0x59, 0x44, 0xEE, 0x2F, 0x45, 0xA4, 0xA9, 0x01, 0x7F, 0x94, 0x22, 0xCE, 0x0F, 0x00, 0xEF, 0x32,
    0x17, 0x29, 0x9E, 0xD6, 0x12, 0x98, 0xF7, 0x46, 0x89, 0xC7, 0xC0, 0x88, 0x29, 0xE5, 0xD4, 0x1B,
    0x45, 0x3E, 0x09, 0x3A, 0x91, 0x93, 0xB0, 0x11, 0x39, 0x88, 0x2A, 0xBC, 0x13, 0x97, 0x04, 0x3C,
    0x2E, 0x59, 0x02, 0x28, 0xE4, 0x16, 0xE0, 0x8D, 0x2C, 0x9F, 0x1E, 0x4E, 0xA2, 0x46, 0xFC, 0x32,
    0xEC, 0xA5, 0xA8, 0xFC, 0x3E, 0x33, 0x89, 0x74, 0x06, 0x1E, 0xBF, 0x1B, 0xF1, 0xD0, 0xEF, 0x74,
    0xF8, 0x33, 0x9E, 0x71, 0x2F, 0x49, 0xE2, 0x09, 0x7E, 0x72, 0xDF, 0xA1, 0x87, 0x59, 0x9A, 0xA6,
    0x22, 0x06, 0xD7, 0x1A, 0x83, 0xE7, 0xE9, 0xA9, 0x08, 0x68, 0x2C, 0x80, 0xB5, 0x1C, 0x02, 0x2B,
    0x79, 0x0D, 0x48, 0x3A, 0x32, 0x57, 0x8C, 0x14, 0xE3, 0x67, 0x2B, 0x22, 0x5F, 0x02, 0x8E, 0x44,
    0xF2, 0x91, 0x4C, 0x36, 0x04, 0xE7, 0x7A, 0x73, 0xAE, 0x37, 0x45, 0x41, 0x06, 0x82, 0xD3, 0x13,
    0x5D, 0x5D, 0xC7, 0xA6, 0xE1, 0x4B, 0x8A, 0x22, 0xBB, 0x8F, 0xCE, 0xF8, 0x8F, 0x11, 0x87, 0x6C,
    0xA0, 0xCB, 0xA9, 0x04, 0x2D, 0x58, 0x80, 0xCA, 0x01, 0x99, 0xDC, 0xB5, 0x14, 0xC8, 0xC0, 0x37,
    0x88, 0x2F, 0x20, 0x6C, 0xAF, 0xD0, 0xC0, 0x0F, 0xA0, 0x9E, 0xA4, 0xB3, 0x40, 0x5A, 0xB1, 0xB8,
    0xB5, 0x5C, 0x88, 0x57, 0x4B, 0x2F, 0x5E, 0xE5, 0x8F, 0xAB, 0xF3, 0xB2, 0xC0, 0x16, 0x16, 0x64,
    0x76, 0x2C, 0x92, 0x1E, 0x8B, 0xE9, 0xE1, 0xB5, 0x17, 0x33, 0xC0, 0xB4, 0xF0, 0xC3, 0xD7, 0xD4,
    0x50, 0x0C, 0x93, 0x0B, 0x95, 0x39, 0x2F, 0xE5, 0x7B, 0xC4, 0xF4, 0x59, 0x05, 0x47, 0x12, 0xBD,
    0xDB, 0xD0, 0x1F, 0xA5, 0x33, 0x55, 0x60, 0x8D, 0xDC, 0xB8, 0x42, 0xFD, 0xB1, 0xB4, 0x26, 0xC7,
    0xC3, 0xD1, 0x25, 0x22, 0xED, 0x25, 0x9C, 0xCC, 0x9F, 0x35, 0x8D, 0xFF, 0x57, 0x25, 0x4E, 0x07,
    0x47, 0x95, 0xB8, 0xAD, 0xB8, 0x60, 0xE4, 0x21, 0x2C, 0x98, 0x0C, 0xEF, 0xC0, 0x14, 0x30, 0x4C,
    0xF4, 0x0C, 0x24, 0x35, 0x53, 0xB5, 0x22, 0x18, 0x04, 0xCD, 0xFE, 0xA8, 0xF9, 0x32, 0x9A, 0xAF,
    0x62, 0x42, 0xA5, 0xD4, 0x29, 0xB6, 0x54, 0x6B, 0x64, 0x8D, 0xB8, 0x3D, 0x15, 0x61, 0x9D, 0xC5,
    0x5F, 0x14, 0x8D, 0xE6, 0x2E, 0xA7, 0xDA, 0x54, 0xB0, 0x48, 0x37, 0x59, 0x9B, 0x32, 0xF5, 0x1F,
    0xF2, 0xE5, 0xA4, 0x47, 0xA8, 0x0D, 0x20, 0x7F, 0x1C, 0x91, 0xE8, 0x26, 0x32, 0x95, 0xCB, 0x45,
    0xE5, 0x52, 0x16, 0x86, 0xE6, 0x50, 0x53, 0x71, 0x3B, 0x2E, 0x20, 0xA5, 0xA7, 0x61, 0xCF, 0x8D,
    0xF8, 0x0D, 0x9D, 0x47, 0x31, 0xB3, 0x8A, 0xC5, 0x22, 0x66, 0x89, 0xDD, 0x33, 0x2B, 0x53, 0x3C,
    0x2B, 0x7E, 0x21, 0x35, 0x63, 0x03, 0xFC, 0xC7, 0x55, 0xD8, 0x5B, 0x9D, 0x98, 0xF5, 0x42, 0xB2,
    0x30, 0x57, 0x3D, 0x25, 0x8B, 0x24, 0x7C, 0xA2, 0xDD, 0xB3, 0x90, 0xF0, 0x27, 0xED, 0xA0, 0xC7,
    0x12, 0xFE, 0xA6, 0x55, 0xD0, 0xA3, 0x58, 0x34, 0x80, 0x76, 0xBD, 0x40, 0xBF, 0x68, 0x48, 0x51,
    0x2D, 0x7E, 0x3F, 0x15, 0xB6, 0xD7, 0xBD, 0xBC, 0xDF, 0xB5, 0x7A, 0x56, 0xDC, 0x5B, 0x99, 0xE5,
    0x54, 0x69, 0xB2, 0xF3, 0xFE, 0x78, 0xB4, 0xD5, 0xA7, 0x57, 0x61, 0x80, 0x9E, 0xB2, 0x0A, 0xC7,
    0x82, 0x52, 0x57, 0x5E, 0x8B, 0x64, 0x31, 0x5E, 0x67, 0x20, 0x62, 0x87, 0x00, 0xD8, 0x32, 0x51,
    0x58, 0x4C, 0x58, 0x71, 0x81, 0xFD, 0x81, 0xB1, 0x62, 0x01, 0x6C, 0x1C, 0xE4, 0x3E, 0x68, 0x7D,
    0x04, 0xE0, 0x8D, 0xD9, 0x03, 0x14, 0x87, 0x19, 0x10, 0x87, 0x14, 0x4D, 0x0C, 0xCF, 0x3B, 0x5B,
    0x8E, 0x94, 0xAB, 0x99, 0x90, 0x3D, 0xCD, 0x8A, 0x77, 0xBE, 0x39, 0x63, 0x48, 0x06, 0x93, 0xC0,
    0xD1, 0x22, 0xF7, 0xC7, 0xE4, 0x41, 0x29, 0x73, 0x6C, 0x9C, 0xEB, 0x1E, 0x39, 0x07, 0x48, 0x98,
    0x88, 0xD9, 0x90, 0x97, 0xB7, 0xC6, 0xD5, 0x43, 0xF5, 0xD6, 0xEB, 0x6C, 0x38, 0xBA, 0xA6, 0x79,
    0xAB, 0x15, 0xD7, 0x68, 0xAD, 0x09, 0xEB, 0x4E, 0xB1, 0x25, 0xFA, 0xAA, 0x99, 0x87, 0x77, 0xBE,
    0x05, 0x43, 0xF1, 0xF9, 0xE8, 0x0B, 0xB3, 0x29, 0xB0, 0xC0, 0xB6, 0xE8, 0x8C, 0xB0, 0x93, 0x26,
    0x33, 0x9D, 0x38, 0xA5, 0x1D, 0x39, 0x09, 0x67, 0x03, 0x7C, 0xB1, 0xA1, 0xE1, 0x98, 0x5A, 0x23,
    0xF6, 0x41, 0x8D, 0xA6, 0x22, 0xAC, 0x74, 0xA7, 0x79, 0x39, 0xF5, 0xBD, 0x6D, 0xE6, 0x92, 0x9C,
    0x7D, 0xA3, 0x8D, 0x10, 0x58, 0x23, 0xD9, 0xA7, 0x83, 0x4D, 0x97, 0xB1, 0x99, 0x9A, 0xC6, 0xA6,
    0xCE, 0x51, 0x23, 0x3A, 0x53, 0x47, 0x4B, 0x7E, 0xB0, 0xBC, 0x07, 0xA5, 0x8C, 0xAA, 0x76, 0xD9,
    0x1D, 0x68, 0x3D, 0x78, 0xC9, 0x60, 0x8A, 0x1A, 0x34, 0xD3, 0xF4, 0x98, 0x72, 0xF6, 0x16, 0xD2,
    0x31, 0xED, 0x0E, 0xF1, 0x42, 0x7B, 0x82, 0x54, 0xB7, 0x1F, 0x03, 0x1A, 0xAB, 0x98, 0xD7, 0xBF,
    0xC1, 0x74, 0x77, 0xA2, 0xBD, 0x2B, 0x19, 0xFC, 0xFA, 0x57, 0x72, 0x5F, 0xF6, 0x92, 0x7D, 0xEC,
    0xB4, 0x8B, 0xF0, 0x1D, 0xD5, 0x8C, 0x04, 0x5F, 0x61, 0xA5, 0x6F, 0xE7, 0x97, 0x85, 0xAC, 0xE2,
    0x5D, 0xB6, 0xB0, 0x19, 0x54, 0x9F, 0xD4, 0xCA, 0xDD, 0x28, 0x62, 0x0B, 0xBF, 0x71, 0x8D, 0x4A,
    0x84, 0xDA, 0xFB, 0xE8, 0x79, 0x5A, 0x7C, 0xEE, 0xD8, 0xC6, 0x48, 0x49, 0xD1, 0x66, 0xC7, 0x5D,
    0xE1, 0x5A, 0x6A, 0xB3, 0x53, 0x49, 0x6F, 0xA0, 0x42, 0xC8, 0xB3, 0xC4, 0xBF, 0x92, 0xD4, 0x7A,
    0x44, 0x2F, 0x6F, 0x29, 0xE6, 0x1B, 0xCD, 0xEE, 0x8C, 0xB6, 0x96, 0xDA, 0x0D, 0xE2, 0xFA, 0x52,
    0xD1, 0x76, 0x85, 0xFD, 0x49, 0x33, 0xBF, 0xCF, 0x73, 0xC5, 0x35, 0x24, 0xCD, 0xD9, 0x96, 0x48,
    0x76, 0xE5, 0xC0, 0x21, 0x02, 0x8E, 0x45, 0x09, 0x08, 0xE7, 0xCC, 0x42, 0x05, 0xBF, 0x6B, 0xD5,
    0xB7, 0xA9, 0xB0, 0x33, 0xD9, 0x66, 0x87, 0x14, 0x66, 0x1F, 0xE4, 0x85, 0xCA, 0xAF, 0xC8, 0x35,
    0xF2, 0x4E, 0x6C, 0xF9, 0x0C, 0xC6, 0x05, 0x9E, 0x27, 0x96, 0xEC, 0x9D, 0x79, 0xA3, 0xCD, 0x82,
    0x29, 0x51, 0xEB, 0x88, 0xAB, 0xD6, 0xE3, 0xCB, 0x51, 0x82, 0x8E, 0x52, 0x73, 0xAF, 0xA1, 0x73,
    0xA6, 0xA7, 0xCA, 0x05, 0xF3, 0x60, 0xEC, 0xA4, 0xA6, 0x67, 0x93, 0xAB, 0x63, 0xAF, 0x92, 0x28,
    0xF7, 0x4A, 0x7B, 0x42, 0x64, 0xB6, 0x91, 0xEF, 0xAD, 0xCE, 0xC7, 0xB3, 0xF8, 0xE6, 0x20, 0xE7,
    0xC8, 0xC9, 0x15, 0xC2, 0x7A, 0x9D, 0xB8, 0x78, 0xE2, 0x7F, 0x42, 0xE8, 0xD9, 0x4A, 0x9D, 0xC4,
    0x57, 0x1F, 0x76, 0x3C, 0xF4, 0x5A, 0xD6, 0x26, 0x76, 0xDE, 0x49, 0xB6, 0x12, 0xB6, 0x6B, 0x7E,
    0xEE, 0x06, 0x0A, 0x5B, 0xBD, 0xFC, 0x10, 0xF8, 0xFA, 0xDA, 0x87, 0x80, 0xFF, 0xFF, 0x7C, 0x08,
    0x0C, 0xFC, 0x10, 0xD0, 0xD4, 0xE8, 0x34, 0x9A, 0x33, 0x61, 0x5B, 0x02, 0x9E, 0x02, 0xA3, 0x71,
    0x73, 0x2D, 0xBB, 0x34, 0x65, 0x1E, 0xC7, 0x3D, 0x94, 0xD2, 0x57, 0xCA, 0xFA, 0x0E, 0x56, 0x0F,
    0xA3, 0x4D, 0x0F, 0x2C, 0x50, 0x23, 0xFD, 0x21, 0xA0, 0x3B, 0x60, 0x23, 0xBC, 0x09, 0xA9, 0x96,
    0xB6, 0x07, 0x6C, 0x23, 0x74, 0x1B, 0x60, 0xA4, 0x9C, 0xEE, 0x16, 0xB4, 0x7D, 0xB5, 0xED, 0x54,
    0x3B, 0x64, 0x90, 0x59, 0x48, 0xA8, 0x10, 0x0F, 0x10, 0x14, 0x31, 0x49, 0x76, 0xAC, 0xE1, 0xA5,
    0xEE, 0x4B, 0x06, 0xCB, 0xD0, 0xCE, 0x1A, 0x67, 0x58, 0x4F, 0x57, 0xDD, 0x84, 0x93, 0x45, 0x3D,
    0xF0, 0x84, 0x8C, 0x59, 0x7B, 0x31, 0x1B, 0xCB, 0xFE, 0x6E, 0x27, 0x98, 0xCE, 0x80, 0x8B, 0xCD,
    0xDC, 0x9E, 0xC6, 0x05, 0x93, 0x46, 0x2D, 0xC3, 0x7E, 0x02, 0xE7, 0x68, 0xCD, 0xD4, 0x9B, 0x98,
    0x26, 0x60, 0x1A, 0xE5, 0x38, 0x90, 0xB5, 0x17, 0x91, 0xBC, 0xA8, 0x75, 0xF9, 0x01, 0x92, 0x49,
    0x90, 0xCF, 0x11, 0x97, 0x4B, 0xFD, 0x8A, 0xCA, 0x7E, 0x08, 0x1C, 0xBF, 0x9A, 0xE5, 0xA0, 0x15,
    0x27, 0xD8, 0x34, 0xB3, 0x05, 0x0B, 0x0E, 0x05, 0xE3, 0x1C, 0xED, 0x71, 0x5B, 0xE4, 0x32, 0xF8,
    0x23, 0x3B, 0xA4, 0x63, 0x03, 0x92, 0xEE, 0x4B, 0x27, 0xCB, 0x62, 0xB2, 0x87, 0x93, 0x3D, 0x99,
    0xEC, 0x63, 0x6B, 0x9C, 0x31, 0x91, 0x6D, 0x3B, 0x4E, 0xAD, 0x86, 0xDD, 0x87, 0x17, 0x46, 0x63,
    0xAA, 0x5A, 0x0D, 0xAB, 0x78, 0xBB, 0xA1, 0xAE, 0xCE, 0xE0, 0x36, 0x54, 0xDA, 0xEB, 0xBC, 0x86,
    0xB2, 0x07, 0x8D, 0x57, 0x33, 0x3C, 0x4C, 0x51, 0x9D, 0xA3, 0x98, 0x0A, 0x95, 0x3D, 0xFE, 0x7D,
    0xFD, 0x0C, 0x40, 0x54, 0x6A, 0x0D, 0x2C, 0xF5, 0xC5, 0x64, 0x64, 0x40, 0x3C, 0xA3, 0x73, 0xFC,
    0x8E, 0xBF, 0x90, 0xB1, 0xE1, 0xD5, 0x39, 0xFF, 0x81, 0xAB, 0x88, 0x56, 0x33, 0x8A, 0xA9, 0xA9,
    0xF9, 0xC4, 0x4D, 0x55, 0xDF, 0xC3, 0x14, 0x9F, 0xEC, 0x6D, 0xF3, 0xAB, 0x7D, 0xDD, 0xCE, 0x2F,
    0x8B, 0xA8, 0xE1, 0x50, 0x7B, 0x9A, 0x07, 0x5D, 0xC2, 0x73, 0x2F, 0xD3, 0x8F, 0x4B, 0xC3, 0xC9,
    0xC8, 0x74, 0x47, 0x25, 0xEA, 0xDF, 0xC9, 0x7E, 0xC4, 0x14, 0xB6, 0xD5, 0xBB, 0xBB, 0x5A, 0x9D,
    0xAD, 0x35, 0xB3, 0xEB, 0x50, 0x9B, 0x73, 0xC7, 0xE8, 0x31, 0xF7, 0xAF, 0xF3, 0xEB, 0x6F, 0x8D,
    0x53, 0xBD, 0x6E, 0xD5, 0x30, 0x14, 0xB6, 0x63, 0x89, 0x20, 0x45, 0xC2, 0x1D, 0xD9, 0xC2, 0x1B,
    0x64, 0x65, 0xE2, 0x78, 0x63, 0xE5, 0x21, 0xFA, 0x08, 0x1D, 0x98, 0x1A, 0x4B, 0x3C, 0x00, 0xAF,
    0xC3, 0xD2, 0xDA, 0x62, 0x61, 0x24, 0x3B, 0x43, 0x2F, 0x13, 0x63, 0x3D, 0x78, 0xC8, 0xE0, 0x7B,
    0xCD, 0xF9, 0x71, 0x48, 0x5A, 0x18, 0xB0, 0x94, 0x2F, 0x96, 0x93, 0x63, 0x7F, 0x3F, 0xC7, 0x4A,
    0xC9, 0x78, 0xC5, 0x08, 0x8E, 0xF0, 0x42, 0x60, 0x56, 0x42, 0x7B, 0xE2, 0x65, 0x8F, 0xA0, 0xCF,
    0x34, 0xED, 0x33, 0xE1, 0xB8, 0x10, 0xCE, 0x15, 0xC7, 0x4A, 0x50, 0x0B, 0xE3, 0x2A, 0xF5, 0x63,
    0x24, 0x1C, 0xD2, 0xBE, 0x8D, 0xE2, 0x5A, 0x35, 0x33, 0x4E, 0xFC, 0xD9, 0xF2, 0x16, 0x26, 0xAA,
    0xC3, 0xE0, 0xEA, 0x9E, 0xEB, 0xA6, 0x42, 0x18, 0x88, 0x8A, 0xA9, 0x15, 0x3F, 0xD8, 0xFA, 0x80,
    0x15, 0xF0, 0xF9, 0x5B, 0x42, 0x26, 0xF6, 0x6B, 0x51, 0x43, 0x1E, 0x63, 0xC0, 0xCD, 0x46, 0x0F,
    0x1E, 0xD4, 0xE4, 0x6C, 0x7C, 0xAD, 0x40, 0x19, 0xA2, 0x2B, 0x5A, 0x0E, 0x78, 0xCB, 0x78, 0x7F,
    0xA0, 0x52, 0x9E, 0xA3, 0x66, 0xA2, 0x9D, 0x60, 0x3E, 0xB2, 0x32, 0x8C, 0xF6, 0xBF, 0x44, 0xB1,
    0x5D, 0x26, 0x03, 0x7B, 0xC2, 0xFE, 0x9C, 0x03, 0xCF, 0xF7, 0x62, 0xF9, 0x33, 0xF0, 0x39, 0x87,
    0x65, 0x88, 0xCF, 0xAC, 0xEF, 0x4E, 0xBB, 0x27, 0xFA, 0x03, 0xAF, 0xA7, 0x1D, 0x7B, 0xFE, 0x3A,
    0x9C, 0x76, 0x2B, 0x85, 0xE0, 0x11, 0x25, 0x87, 0xC9, 0x33, 0xBA, 0xCD, 0x8D, 0xB7, 0x88, 0x03,
    0x1E, 0x04, 0x18, 0x2B, 0xB8, 0x19, 0x67, 0xE3, 0x72, 0x8B, 0xB1, 0xF6, 0xE9, 0x6E, 0x5A, 0x90,
    0xD2, 0x99, 0xA8, 0x05, 0x66, 0x0C, 0x95, 0xCE, 0xB2, 0x95, 0x76, 0x30, 0xAC, 0x56, 0x3F, 0x71,
    0x06, 0x69, 0xE0, 0xB3, 0xB4, 0xB3, 0x84, 0xD8, 0xEC, 0x44, 0x96, 0x2E, 0x4D, 0x0E, 0xCB, 0xA3,
    0xC6, 0x60, 0xE1, 0xC4, 0x29, 0x34, 0xD5, 0x22, 0x1F, 0xD5, 0xDA, 0xD4, 0xFC, 0x64, 0xDF, 0x70,
    0x48, 0x6B, 0xE1, 0x70, 0xDB, 0xA4, 0xD9, 0x86, 0x25, 0xE2, 0x31, 0x96, 0x9B, 0xDC, 0xEC, 0xD4,
    0x65, 0x73, 0x94, 0x1E, 0x53, 0x5A, 0xC7, 0xF2, 0xAE, 0xE4, 0x0D, 0xB7, 0x2F, 0xB5, 0x15, 0xBB,
    0xDB, 0xE1, 0xCA, 0x97, 0x8D, 0xFF, 0x95, 0x3A, 0x74, 0x89, 0xE8, 0xAC, 0xA4, 0x67, 0xAC, 0x79,
    0x73, 0x41, 0x1C, 0xB1, 0xA9, 0x60, 0x42, 0xE0, 0x8B, 0x3D, 0xE9, 0x8B, 0x2A, 0x26, 0x9B, 0x8C,
    0x1D, 0x53, 0xBA, 0x88, 0x1D, 0xF3, 0x71, 0xEB, 0x98, 0x63, 0x40, 0x7F, 0xC7, 0x34, 0xFC, 0x33,
    0xA6, 0x97, 0x68, 0x89, 0x56, 0xEF, 0x30, 0xA6, 0x21, 0x82, 0x9F, 0x1C, 0x44, 0xBB, 0x00, 0x32,
    0xED, 0x33, 0xF4, 0x2B, 0x4A, 0x03, 0xBA, 0x6B, 0x61, 0x0E, 0x8E, 0xE2, 0x28, 0x1C, 0x47, 0x62,
    0x9A, 0xFE, 0x4F, 0xBF, 0xA8, 0x6B, 0x51, 0xA1, 0xBD, 0xDA, 0x9B, 0x50, 0x81, 0x44, 0x55, 0xE5,
    0xDA, 0xA2, 0x83, 0x64, 0xD6, 0xC3, 0x23, 0x1D, 0x1C, 0xC6, 0xEF, 0x89, 0x8C, 0x9A, 0x3E, 0xAD,
    0xF4, 0xFB, 0xE4, 0x70, 0x9B, 0x19, 0x2F, 0x11, 0xA6, 0x74, 0x87, 0x5E, 0x58, 0xAF, 0xDE, 0xE0,
    0xEB, 0xC5, 0xEE, 0x4C, 0xBB, 0x40, 0xF8, 0xF5, 0xD0, 0xF8, 0xED, 0xF6, 0x3C, 0x7D, 0xC9, 0x35,
    0x92, 0x7B, 0x64, 0x22, 0xDA, 0x72, 0x83, 0x51, 0x99, 0x84, 0xB9, 0x99, 0xD5, 0x24, 0x8A, 0xE4,
    0x62, 0x12, 0x05, 0x02, 0xEF, 0x7F, 0x12, 0xF9, 0xF1, 0xC7, 0xAF, 0x2C, 0xFC, 0xC8, 0x9D, 0x4E,
    0x68, 0xAA, 0x20, 0x9B, 0x81, 0x28, 0xB1, 0x7E, 0x6F, 0xB8, 0x89, 0x9A, 0xC1, 0x4B, 0xA3, 0xB4,
    0x97, 0x53, 0xBF, 0x01, 0xAD, 0x93, 0xBD, 0x6E, 0xD4, 0x40, 0x14, 0x85, 0x8F, 0x67, 0x89, 0x5C,
    0x8C, 0x64, 0xF7, 0x80, 0xE4, 0x17, 0x08, 0x71, 0xBB, 0x48, 0x8E, 0xC6, 0x3D, 0x0D, 0x6F, 0x00,
    0x0F, 0xB1, 0x05, 0x45, 0x14, 0x9B, 0x50, 0x22, 0xF1, 0x0A, 0x34, 0x54, 0x54, 0x29, 0x2C, 0xC5,
    0x45, 0x58, 0x0F, 0xA2, 0xA0, 0xA0, 0x60, 0x1E, 0x61, 0xD9, 0x2D, 0x28, 0x40, 0xEC, 0x08, 0xB9,
    0x30, 0xCA, 0xDA, 0xC3, 0xF1, 0x4F, 0x22, 0x11, 0x89, 0x95, 0x90, 0x98, 0xBD, 0x67, 0xF6, 0xB3,
    0xEF, 0xF5, 0xDC, 0x9D, 0xF1, 0x59, 0x1C, 0x20, 0xDC, 0xF7, 0x11, 0xDB, 0xA8, 0x53, 0x6D, 0xB6,
    0x53, 0x75, 0x9C, 0xE3, 0x00, 0xE0, 0xBD, 0x49, 0x29, 0x65, 0x28, 0x4B, 0xED, 0xA8, 0x96, 0x52,
    0x14, 0x93, 0xA1, 0x4C, 0x47, 0xF9, 0xFD, 0x37, 0x46, 0x05, 0x10, 0xDB, 0xFB, 0x88, 0x3A, 0x40,
    0xB1, 0x34, 0xE3, 0x23, 0xAA, 0x06, 0xB8, 0xEA, 0xCD, 0xF0, 0x4A, 0xAA, 0x62, 0xA2, 0x72, 0x3B,
    0x84, 0xEE, 0x57, 0x82, 0xB0, 0x43, 0xD2, 0x77, 0x4A, 0xFA, 0x96, 0xFF, 0x3C, 0xC9, 0x4B, 0xEF,
    0x09, 0xB2, 0x86, 0x8B, 0xB8, 0x46, 0x75, 0x9E, 0xB3, 0x6C, 0xEA, 0x4C, 0xD6, 0x60, 0x09, 0xB5,
    0xC2, 0xAD, 0xF1, 0xF7, 0xE6, 0x27, 0x5C, 0x2A, 0xE6, 0xBD, 0x7B, 0x43, 0xA2, 0xE3, 0x65, 0x97,
    0x32, 0x91, 0xFF, 0x87, 0xE6, 0x4F, 0x81, 0x62, 0x4F, 0xDC, 0x41, 0xE1, 0x70, 0xE1, 0xF4, 0x52,
    0xEA, 0x4B, 0x5F, 0x17, 0x8C, 0x30, 0x2F, 0x62, 0x14, 0xEF, 0x50, 0x59, 0x9C, 0xA6, 0x58, 0x00,
    0xFC, 0xD5, 0xA5, 0x30, 0x65, 0x6C, 0x2A, 0x37, 0xC4, 0xC6, 0x2C, 0x67, 0xA6, 0xBC, 0x15, 0xD2,
    0x94, 0xD5, 0x90, 0xBD, 0x32, 0xD5, 0x0B, 0x53, 0xCC, 0x0C, 0x18, 0x82, 0x2F, 0xCF, 0xE7, 0xE9,
    0xCB, 0x51, 0xA9, 0x7C, 0x0E, 0x2B, 0x5F, 0x53, 0x0E, 0x36, 0xEE, 0xF0, 0xD3, 0xD5, 0x70, 0x2E,
    0xF7, 0xDD, 0xB7, 0x5C, 0x75, 0x32, 0xCF, 0xAC, 0xCC, 0x4F, 0xA9, 0xC7, 0x14, 0x6B, 0xCE, 0xC6,
    0xBA, 0x5E, 0x55, 0x8B, 0x2B, 0x67, 0x3C, 0xD6, 0x46, 0xEE, 0x65, 0x9E, 0x35, 0x63, 0xED, 0x62,
    0xA8, 0x13, 0x29, 0x68, 0x8F, 0x41, 0xFD, 0x9E, 0xBD, 0xB7, 0x9C, 0xEE, 0xBE, 0xE1, 0x14, 0x73,
    0x75, 0xC1, 0x47, 0xE0, 0xB5, 0x0F, 0x97, 0x08, 0xD7, 0x1F, 0x2D, 0x7C, 0x3B, 0x8F, 0xB5, 0x12,
    0x9A, 0x87, 0x6C, 0xE7, 0x47, 0x2B, 0x27, 0xB4, 0xC3, 0x83, 0xF3, 0xF9, 0xE1, 0xC5, 0x27, 0xA1,
    0xBF, 0xE6, 0x09, 0x49, 0x3D, 0x12, 0x7A, 0xA3, 0x9F, 0x91, 0x22, 0x29, 0xF4, 0x5A, 0x9F, 0x93,
    0x02, 0xD2, 0x6A, 0xB5, 0x9F, 0x16, 0x13, 0x7D, 0x31, 0xF3, 0x89, 0xD6, 0x3A, 0x99, 0x68, 0xA3,
    0x0F, 0xAF, 0x29, 0x0F, 0x27, 0xDA, 0x42, 0xDA, 0x91, 0x3A, 0xCC, 0x26, 0xDA, 0xC1, 0x9B, 0x88,
    0xA6, 0xAD, 0x07, 0x7A, 0xCF, 0x6D, 0x25, 0x03, 0x7D, 0xD0, 0xF4, 0xF7, 0x40, 0x9F, 0xB9, 0x37,
    0xBF, 0xE9, 0xA9, 0xED, 0xF7, 0x3B, 0x50, 0xDD, 0xBF, 0xE9, 0x13, 0x12, 0x0F, 0x9D, 0x23, 0x22,
    0xF5, 0x7F, 0x1E, 0x16, 0x7E, 0x0F, 0xE4, 0xF1, 0x68, 0xBE, 0x5D, 0x20, 0xEB, 0xD1, 0x12, 0xC7,
    0x81, 0xD4, 0x23, 0x85, 0xAF, 0xE2, 0xC9, 0x26, 0xE2, 0x47, 0x79, 0xED, 0x98, 0xEA, 0xC6, 0x3B,
    0x51, 0xFA, 0xA7, 0x81, 0x7F, 0x03, 0x7D, 0x8F, 0xBD, 0x11, 0x83, 0x30, 0x14, 0x83, 0x05, 0x14,
    0x14, 0x14, 0x64, 0x03, 0x0F, 0x90, 0x82, 0x11, 0x60, 0xA3, 0x8C, 0x10, 0xA6, 0x49, 0x01, 0x43,
    0x98, 0x11, 0x18, 0x81, 0x11, 0x28, 0x28, 0x5C, 0x80, 0x9D, 0x27, 0x85, 0xFC, 0x54, 0x79, 0xC5,
    0x77, 0xDC, 0x71, 0x92, 0xF5, 0x01, 0x68, 0xC2, 0x05, 0xC8, 0x53, 0xD8, 0x81, 0x2A, 0x3E, 0x0E,
    0xA0, 0x5E, 0x72, 0x63, 0x33, 0x21, 0x00, 0x6D, 0x0F, 0xBB, 0xB6, 0x13, 0x89, 0xCC, 0x8F, 0x69,
    0x43, 0x9D, 0x52, 0x5A, 0x4F, 0x22, 0xA2, 0x32, 0x1E, 0x96, 0x3B, 0x99, 0xED, 0xA8, 0x67, 0xE4,
    0xC6, 0x89, 0x74, 0x13, 0x8A, 0xC0, 0xBE, 0x93, 0x1B, 0x5B, 0x8B, 0x95, 0xAD, 0xE5, 0xCA, 0x56,
    0x8B, 0xDF, 0xF9, 0x2C, 0x7C, 0x27, 0x6E, 0x8C, 0xB3, 0x7F, 0xE2, 0x8B, 0x4E, 0x6C, 0xC4, 0xD7,
    0x1C, 0x4F, 0x5C, 0x0F, 0x7D, 0x06, 0x51, 0x3F, 0xED, 0x6E, 0x71, 0xA0, 0x4B, 0x8A, 0x74, 0x19,
    0xA3, 0x4A, 0xE5, 0x62, 0x93, 0x2C, 0x2C, 0x76, 0x39, 0xC9, 0x31, 0x99, 0x1F, 0x8C, 0x66, 0x61,
    0x93, 0x5C, 0x8A, 0x85, 0x5C, 0x4A, 0xB9, 0xD0, 0xC8, 0xF6, 0xAF, 0x72, 0x59, 0xE4, 0xF2, 0x36,
    0xB2, 0x88, 0xFB, 0x71, 0x31, 0xD2, 0xA2, 0x17, 0x3B, 0x06, 0x5B, 0x59, 0xDC, 0x7B, 0xB9, 0x04,
    0x06, 0x69, 0xF4, 0xD7, 0x25, 0x7E, 0x5D, 0xD2, 0x8C, 0xCF, 0x3D, 0x01, 0x55, 0x92, 0x41, 0x4A,
    0xC3, 0x40, 0x14, 0x86, 0xFF, 0x64, 0xD0, 0x0A, 0x91, 0x76, 0xA3, 0x2E, 0x44, 0x9A, 0xBD, 0x14,
    0x7A, 0x81, 0x6A, 0xA2, 0x5E, 0x41, 0xCF, 0xE1, 0x26, 0x4B, 0x25, 0x39, 0x82, 0x1B, 0x8F, 0x20,
    0x48, 0x37, 0xE6, 0x00, 0x4A, 0xE6, 0x08, 0x59, 0xB9, 0x0E, 0xD8, 0x8D, 0x6E, 0x7C, 0x42, 0x84,
    0xB4, 0x94, 0x3E, 0xDF, 0x9B, 0x89, 0x88, 0xC3, 0x24, 0xDF, 0xCB, 0x30, 0x79, 0xF3, 0xFF, 0x7F,
    0x02, 0x00, 0x7B, 0xF0, 0x83, 0x0B, 0xCF, 0xB7, 0xDA, 0x21, 0xA8, 0xA9, 0x67, 0xF9, 0x8F, 0xA1,
    0xF5, 0x34, 0xBF, 0x2C, 0x3C, 0x47, 0xF0, 0xFB, 0x4F, 0xD0, 0xB8, 0x6D, 0x6D, 0x68, 0xF7, 0x75,
    0xD9, 0x86, 0x9F, 0x6C, 0x81, 0x53, 0x98, 0xCD, 0xBD, 0xEC, 0x20, 0x44, 0x05, 0x4A, 0xE9, 0x26,
    0x2F, 0xA0, 0x3C, 0x7E, 0xB2, 0x4A, 0xCA, 0x37, 0x29, 0x06, 0xAF, 0x15, 0x65, 0xDA, 0x90, 0x79,
    0xAD, 0x8C, 0x5A, 0x8C, 0x95, 0xB1, 0xC5, 0x50, 0x99, 0x7B, 0x86, 0x5F, 0x0D, 0x6E, 0x33, 0x6D,
    0xCC, 0xDC, 0x09, 0x77, 0xB0, 0x9A, 0x2B, 0xB5, 0xE5, 0xC4, 0xD1, 0xE2, 0x48, 0x29, 0x3A, 0xDC,
    0x33, 0xF8, 0xFD, 0x39, 0xE7, 0x14, 0x01, 0x33, 0x25, 0xDC, 0x8A, 0xF0, 0x81, 0x38, 0xCD, 0x53,
    0x63, 0x8D, 0x30, 0x5A, 0x9E, 0x7F, 0x47, 0xA9, 0xEC, 0xAA, 0x98, 0xD9, 0x19, 0xB8, 0x3A, 0x7B,
    0x74, 0x7E, 0x2F, 0x7D, 0x1C, 0xA1, 0x1C, 0xE3, 0x8A, 0x7C, 0x11, 0x54, 0x1A, 0x4D, 0xD8, 0xF9,
    0x0B, 0x23, 0x0D, 0x6C, 0xEA, 0x2C, 0xCB, 0x18, 0x58, 0xF4, 0x09, 0x90, 0x1C, 0xE1, 0x8A, 0x19,
    0x5C, 0x67, 0x60, 0xAC, 0x26, 0x7D, 0x48, 0x13, 0xF4, 0xA9, 0xCD, 0xFA, 0xC2, 0x66, 0x88, 0x0B,
    0x4C, 0x53, 0xCD, 0x37, 0xB1, 0x3A, 0x1B, 0x42, 0x52, 0xAB, 0x5D, 0xA2, 0x7E, 0x85, 0x1A, 0xC4,
    0xA9, 0xCE, 0xB2, 0xE9, 0x3F, 0xD6, 0x5F, 0x41, 0x7D, 0x41, 0x34, 0x5A, 0xA6, 0x38, 0x60, 0x50,
    0xB9, 0x7B, 0xC8, 0xBC, 0xBA, 0x40, 0x93, 0x79, 0x85, 0x41, 0x3D, 0x8B, 0xF8, 0x63, 0x5E, 0x6D,
    0x8C, 0x9D, 0x48, 0xB8, 0x12, 0xAF, 0x29, 0x86, 0xD0, 0x82, 0x22, 0x51, 0x98, 0x74, 0x21, 0xDB,
    0xB1, 0xC6, 0xB2, 0x08, 0x5E, 0x44, 0xB3, 0xE8, 0x9F, 0xCA, 0xBF, 0x20, 0x7D, 0x6F, 0x9C, 0x40,
    0xF1, 0x1C, 0xBB, 0x3E, 0xE2, 0xC5, 0xB4, 0x12, 0xCC, 0xDA, 0xA5, 0x71, 0x87, 0x6B, 0xF7, 0xA3,
    0x6C, 0x33, 0x2F, 0xBD, 0x82, 0xAD, 0x07, 0xBD, 0xFF, 0x00,
};

static const EpdGlyph bitter_16_italicGlyphs[] = {
    { 0, 0, 100, 0, 0, 0, 0 }, // U+0020
    { 8, 25, 170, 2, 24, 50, 0 }, // !
    { 10, 9, 207, 4, 26, 23, 50 }, // "
    { 21, 24, 339, 0, 24, 126, 73 }, // #
    { 19, 33, 322, 1, 28, 157, 199 }, // $
    { 23, 25, 438, 3, 24, 144, 356 }, // %
    { 20, 25, 364, 2, 24, 125, 500 }, // &
    { 4, 9, 120, 4, 26, 9, 625 }, // '
    { 11, 35, 160, 1, 30, 97, 634 }, // (
    { 11, 35, 160, -1, 30, 97, 731 }, // )
    { 11, 12, 234, 3, 26, 33, 828 }, // *
    { 17, 17, 291, 1, 20, 73, 861 }, // +
    { 7, 10, 119, -2, 4, 18, 934 }, // ,
    { 10, 4, 218, 2, 12, 10, 952 }, // -
    { 5, 5, 122, 0, 4, 7, 962 }, // .
    { 16, 30, 163, -2, 27, 120, 969 }, // /
    { 19, 21, 338, 1, 20, 100, 1089 }, // 0
    { 13, 19, 222, 0, 19, 62, 1189 }, // 1
    { 18, 20, 298, 0, 20, 90, 1251 }, // 2
    { 19, 25, 288, -2, 20, 119, 1341 }, // 3
    { 19, 24, 307, -1, 20, 114, 1460 }, // 4
    { 18, 25, 275, -1, 20, 113, 1574 }, // 5
    { 17, 25, 315, 2, 24, 107, 1687 }, // 6
    { 17, 25, 275, 1, 20, 107, 1794 }, // 7
    { 18, 25, 319, 1, 24, 113, 1901 }, // 8
    { 17, 25, 316, 1, 20, 107, 2014 }, // 9
    { 7, 17, 122, 0, 16, 30, 2121 }, // :
    { 9, 22, 122, -2, 16, 50, 2151 }, // ;
    { 17, 15, 277, 1, 19, 64, 2201 }, // <
    { 17, 9, 358, 3, 16, 39, 2265 }, // =
    { 16, 15, 277, 1, 19, 60, 2304 }, // >
    { 13, 25, 219, 2, 24, 82, 2364 }, // ?
    { 26, 26, 463, 2, 22, 169, 2446 }, // @
    { 24, 24, 362, -2, 24, 144, 2615 }, // A
    { 20, 24, 338, 0, 24, 120, 2759 }, // B
    { 19, 25, 331, 2, 24, 119, 2879 }, // C
    { 23, 24, 378, 0, 24, 138, 2998 }, // D
    { 20, 24, 322, 0, 24, 120, 3136 }, // E
    { 20, 24, 294, 0, 24, 120, 3256 }, // F
    { 22, 25, 380, 2, 24, 138, 3376 }, // G
    { 27, 24, 410, 0, 24, 162, 3514 }, // H
    { 13, 24, 188, 0, 24, 78, 3676 }, // I
    { 16, 30, 179, -3, 24, 120, 3754 }, // J
    { 24, 24, 368, 0, 24, 144, 3874 }, // K
    { 17, 24, 286, 0, 24, 102, 4018 }, // L
    { 30, 24, 459, 0, 24, 180, 4120 }, // M
    { 27, 24, 404, 0, 24, 162, 4300 }, // N
    { 21, 25, 386, 2, 24, 132, 4462 }, // O
    { 20, 24, 313, 0, 24, 120, 4594 }, // P
    { 23, 31, 387, 2, 24, 179, 4714 }, // Q
    { 20, 24, 342, 0, 24, 120, 4893 }, // R
    { 18, 25, 311, 1, 24, 113, 5013 }, // S
    { 19, 24, 309, 2, 24, 114, 5126 }, // T
    { 24, 25, 388, 2, 24, 150, 5240 }, // U
    { 23, 25, 365, 2, 24, 144, 5390 }, // V
    { 34, 25, 528, 2, 24, 213, 5534 }, // W
    { 25, 24, 364, -1, 24, 150, 5747 }, // X
    { 22, 24, 335, 2, 24, 132, 5897 }, // Y
    { 21, 24, 317, 0, 24, 126, 6029 }, // Z
    { 13, 33, 175, 0, 29, 108, 6155 }, // [
    { 7, 30, 164, 2, 27, 53, 6263 }, // <backslash>
    { 13, 33, 175, -1, 29, 108, 6316 }, // ]
    { 15, 12, 268, 1, 29, 45, 6424 }, // ^
    { 18, 3, 253, -3, -2, 14, 6469 }, // _
    { 9, 8, 205, 4, 28, 18, 6483 }, // `
    { 17, 20, 313, 1, 19, 85, 6501 }, // a
    { 17, 27, 306, 1, 26, 115, 6586 }, // b
    { 15, 19, 257, 1, 18, 72, 6701 }, // c
    { 18, 27, 314, 1, 26, 122, 6773 }, // d
    { 16, 19, 271, 1, 18, 76, 6895 }, // e
    { 20, 34, 180, -4, 26, 170, 6971 }, // f
    { 18, 26, 306, 0, 18, 117, 7141 }, // g
    { 18, 27, 317, 1, 26, 122, 7258 }, // h
    { 9, 27, 156, 1, 26, 61, 7380 }, // i
    { 14, 34, 148, -4, 26, 119, 7441 }, // j
    { 18, 26, 294, 1, 26, 117, 7560 }, // k
    { 8, 27, 148, 1, 26, 54, 7677 }, // l
    { 28, 19, 483, 1, 18, 133, 7731 }, // m
    { 18, 19, 325, 1, 18, 86, 7864 }, // n
    { 17, 19, 298, 1, 18, 81, 7950 }, // o
    { 21, 26, 314, -2, 18, 137, 8031 }, // p
    { 17, 26, 306, 1, 18, 111, 8168 }, // q
    { 14, 18, 222, 1, 18, 63, 8279 }, // r
    { 16, 19, 254, 0, 18, 76, 8342 }, // s
    { 12, 24, 197, 1, 23, 72, 8418 }, // t
    { 18, 19, 325, 1, 18, 86, 8490 }, // u
    { 19, 19, 277, 0, 18, 91, 8576 }, // v
    { 27, 19, 422, 1, 18, 129, 8667 }, // w
    { 20, 18, 288, -1, 18, 90, 8796 }, // x
    { 21, 26, 277, -2, 18, 137, 8886 }, // y
    { 17, 18, 254, -1, 18, 77, 9023 }, // z
    { 13, 33, 177, 0, 29, 108, 9100 }, // {
    { 8, 31, 169, 2, 27, 62, 9208 }, // |
    { 13, 33, 177, -1, 29, 108, 9270 }, // }
    { 17, 6, 344, 3, 15, 26, 9378 }, // ~
    { 0, 0, 100, 0, 0, 0, 0 }, // U+00A0
    { 8, 24, 170, 1, 16, 48, 0 }, // U+00A1
    { 15, 26, 292, 2, 25, 98, 48 }, // U+00A2
    { 21, 24, 346, 0, 24, 126, 146 }, // U+00A3
    { 18, 16, 344, 2, 18, 72, 272 }, // U+00A4
    { 21, 24, 367, 3, 24, 126, 344 }, // U+00A5
    { 8, 31, 169, 2, 27, 62, 470 }, // U+00A6
    { 17, 30, 292, 0, 24, 128, 532 }, // U+00A7
    { 11, 5, 235, 4, 26, 14, 660 }, // U+00A8
    { 26, 25, 467, 2, 24, 163, 674 }, // U+00A9
    { 15, 19, 258, 1, 24, 72, 837 }, // U+00AA
    { 15, 16, 257, 1, 17, 60, 909 }, // U+00AB
    { 16, 10, 343, 2, 13, 40, 969 }, // U+00AC
    { 0, 0, 0, 0, 0, 0, 1009 }, // U+00AD
    { 21, 20, 387, 3, 25, 105, 1009 }, // U+00AE
    { 10, 3, 215, 4, 25, 8, 1114 }, // U+00AF
    { 11, 11, 222, 3, 25, 31, 1122 }, // U+00B0
    { 17, 21, 303, 1, 22, 90, 1153 }, // U+00B1
    { 12, 15, 187, 1, 27, 45, 1243 }, // U+00B2
    { 12, 16, 193, 1, 27, 48, 1288 }, // U+00B3
    { 9, 8, 198, 3, 28, 18, 1336 }, // U+00B4
    { 19, 26, 365, 1, 18, 124, 1354 }, // U+00B5
    { 19, 30, 317, 2, 24, 143, 1478 }, // U+00B6
    { 5, 5, 122, 2, 13, 7, 1621 }, // U+00B7
    { 9, 8, 189, -1, 0, 18, 1628 }, // U+00B8
    { 9, 15, 147, 1, 27, 34, 1646 }, // U+00B9
    { 15, 19, 236, 1, 24, 72, 1680 }, // U+00BA
    { 15, 16, 258, 0, 17, 60, 1752 }, // U+00BB
    { 24, 25, 440, 2, 24, 150, 1812 }, // U+00BC
    { 25, 25, 446, 2, 24, 157, 1962 }, // U+00BD
    { 27, 25, 468, 1, 24, 169, 2119 }, // U+00BE
    { 13, 24, 216, -1, 18, 78, 2288 }, // U+00BF
    { 24, 31, 362, -2, 31, 186, 2366 }, // U+00C0
    { 24, 31, 362, -2, 31, 186, 2552 }, // U+00C1
    { 24, 31, 362, -2, 31, 186, 2738 }, // U+00C2
    { 24, 30, 362, -2, 30, 180, 2924 }, // U+00C3
    { 24, 30, 362, -2, 30, 180, 3104 }, // U+00C4
    { 24, 32, 362, -2, 32, 192, 3284 }, // U+00C5
    { 33, 24, 489, -2, 24, 198, 3476 }, // U+00C6
    { 19, 32, 331, 2, 24, 152, 3674 }, // U+00C7
    { 20, 31, 322, 0, 31, 155, 3826 }, // U+00C8
    { 20, 31, 322, 0, 31, 155, 3981 }, // U+00C9
    { 20, 31, 322, 0, 31, 155, 4136 }, // U+00CA
    { 20, 30, 322, 0, 30, 150, 4291 }, // U+00CB
    { 13, 31, 188, 0, 31, 101, 4441 }, // U+00CC
    { 14, 31, 188, 0, 31, 109, 4542 }, // U+00CD
    { 15, 31, 188, 0, 31, 117, 4651 }, // U+00CE
    { 14, 30, 188, 0, 30, 105, 4768 }, // U+00CF
    { 23, 24, 378, 0, 24, 138, 4873 }, // U+00D0
    { 27, 30, 404, 0, 30, 203, 5011 }, // U+00D1
    { 21, 32, 386, 2, 31, 168, 5214 }, // U+00D2
    { 21, 32, 386, 2, 31, 168, 5382 }, // U+00D3
    { 21, 32, 386, 2, 31, 168, 5550 }, // U+00D4
    { 21, 31, 386, 2, 30, 163, 5718 }, // U+00D5
    { 21, 31, 386, 2, 30, 163, 5881 }, // U+00D6
    { 16, 15, 277, 1, 19, 60, 6044 }, // U+00D7
    { 23, 29, 391, 1, 26, 167, 6104 }, // U+00D8
    { 24, 32, 388, 2, 31, 192, 6271 }, // U+00D9
    { 24, 32, 388, 2, 31, 192, 6463 }, // U+00DA
    { 24, 32, 388, 2, 31, 192, 6655 }, // U+00DB
    { 24, 31, 388, 2, 30, 186, 6847 }, // U+00DC
    { 22, 31, 335, 2, 31, 171, 7033 }, // U+00DD
    { 19, 24, 307, 0, 24, 114, 7204 }, // U+00DE
    { 25, 35, 340, -4, 26, 219, 7318 }, // U+00DF
    { 17, 29, 313, 1, 28, 124, 7537 }, // U+00E0
    { 17, 29, 313, 1, 28, 124, 7661 }, // U+00E1
    { 17, 28, 313, 1, 27, 119, 7785 }, // U+00E2
    { 17, 27, 313, 1, 26, 115, 7904 }, // U+00E3
    { 17, 27, 313, 1, 26, 115, 8019 }, // U+00E4
    { 17, 29, 313, 1, 28, 124, 8134 }, // U+00E5
    { 27, 19, 427, 0, 18, 129, 8258 }, // U+00E6
    { 15, 26, 257, 1, 18, 98, 8387 }, // U+00E7
    { 16, 29, 269, 1, 28, 116, 8485 }, // U+00E8
    { 16, 29, 269, 1, 28, 116, 8601 }, // U+00E9
    { 16, 28, 269, 1, 27, 112, 8717 }, // U+00EA
    { 16, 27, 269, 1, 26, 108, 8829 }, // U+00EB
    { 10, 29, 156, 1, 28, 73, 8937 }, // U+00EC
    { 11, 29, 156, 1, 28, 80, 9010 }, // U+00ED
    { 11, 28, 156, 1, 27, 77, 9090 }, // U+00EE
    { 11, 27, 157, 1, 26, 75, 9167 }, // U+00EF
    { 17, 28, 303, 1, 27, 119, 9242 }, // U+00F0
    { 18, 27, 325, 1, 26, 122, 9361 }, // U+00F1
    { 17, 29, 298, 1, 28, 124, 9483 }, // U+00F2
    { 17, 29, 298, 1, 28, 124, 9607 }, // U+00F3
    { 17, 28, 298, 1, 27, 119, 9731 }, // U+00F4
    { 17, 27, 298, 1, 26, 115, 9850 }, // U+00F5
    { 17, 27, 298, 1, 26, 115, 9965 }, // U+00F6
    { 16, 17, 358, 4, 20, 68, 10080 }, // U+00F7
    { 19, 24, 310, 0, 21, 114, 10148 }, // U+00F8
    { 18, 29, 325, 1, 28, 131, 10262 }, // U+00F9
    { 18, 29, 325, 1, 28, 131, 10393 }, // U+00FA
    { 18, 28, 325, 1, 27, 126, 10524 }, // U+00FB
    { 18, 27, 325, 1, 26, 122, 10650 }, // U+00FC
    { 21, 36, 277, -2, 28, 189, 10772 }, // U+00FD
    { 21, 34, 306, -3, 26, 179, 10961 }, // U+00FE
    { 21, 34, 277, -2, 26, 179, 11140 }, // U+00FF
    { 0, 0, 267, 0, 0, 0, 0 }, // U+2007
    { 0, 0, 122, 0, 0, 0, 0 }, // U+2008
    { 0, 0, 50, 0, 0, 0, 0 }, // U+2009
    { 0, 0, 53, 0, 0, 0, 0 }, // U+200A
    { 0, 0, 0, 0, 0, 0, 0 }, // U+200B
    { 0, 0, 0, 0, 0, 0, 0 }, // U+200C
    { 0, 0, 0, 0, 0, 0, 0 }, // U+200D
    { 0, 0, 0, 0, 0, 0, 0 }, // U+200E
    { 0, 0, 0, 0, 0, 0, 0 }, // U+200F
    { 11, 4, 215, 1, 12, 11, 0 }, // U+2010
    { 18, 4, 334, 2, 14, 18, 11 }, // U+2012
    { 16, 4, 310, 2, 12, 16, 29 }, // U+2013
    { 24, 3, 436, 2, 11, 18, 45 }, // U+2014
    { 24, 3, 436, 2, 11, 18, 63 }, // U+2015
    { 18, 8, 253, -3, -2, 36, 81 }, // U+2017
    { 6, 10, 104, 2, 27, 15, 117 }, // U+2018
    { 6, 10, 104, 2, 27, 15, 132 }, // U+2019
    { 6, 10, 104, -1, 4, 15, 147 }, // U+201A
    { 6, 10, 134, 3, 27, 15, 162 }, // U+201B
    { 12, 10, 193, 2, 27, 30, 177 }, // U+201C
    { 12, 10, 193, 2, 27, 30, 207 }, // U+201D
    { 11, 10, 193, -1, 4, 28, 237 }, // U+201E
    { 15, 27, 242, 1, 24, 102, 265 }, // U+2020
    { 15, 27, 242, 1, 24, 102, 367 }, // U+2021
    { 9, 9, 204, 2, 15, 21, 469 }, // U+2022
    { 14, 5, 320, 2, 4, 18, 490 }, // U+2025
    { 21, 5, 380, 0, 4, 27, 508 }, // U+2026
    { 0, 0, 0, 0, 0, 0, 535 }, // U+202A
    { 0, 0, 0, 0, 0, 0, 535 }, // U+202B
    { 0, 0, 0, 0, 0, 0, 535 }, // U+202C
    { 0, 0, 0, 0, 0, 0, 535 }, // U+202D
    { 0, 0, 0, 0, 0, 0, 535 }, // U+202E
    { 35, 25, 638, 3, 24, 219, 535 }, // U+2030
    { 7, 9, 154, 3, 26, 16, 754 }, // U+2032
    { 12, 9, 235, 3, 26, 27, 770 }, // U+2033
    { 9, 16, 155, 1, 17, 36, 797 }, // U+2039
    { 9, 16, 155, 0, 17, 36, 833 }, // U+203A
    { 15, 25, 282, 2, 24, 94, 869 }, // U+203C
    { 12, 3, 219, 2, 23, 9, 963 }, // U+203E
    { 21, 25, 121, -6, 24, 132, 972 }, // U+2044
    { 0, 0, 0, 0, 0, 0, 1104 }, // U+2060
    { 0, 0, 0, 0, 0, 0, 1104 }, // U+2061
    { 0, 0, 0, 0, 0, 0, 1104 }, // U+2062
    { 0, 0, 0, 0, 0, 0, 1104 }, // U+2063
    { 0, 0, 0, 0, 0, 0, 1104 }, // U+2064
    { 0, 0, 0, 0, 0, 0, 1104 }, // U+2066
    { 0, 0, 0, 0, 0, 0, 1104 }, // U+2067
    { 0, 0, 0, 0, 0, 0, 1104 }, // U+2068
    { 0, 0, 0, 0, 0, 0, 1104 }, // U+2069
    { 0, 0, 0, 0, 0, 0, 1104 }, // U+206A
    { 0, 0, 0, 0, 0, 0, 1104 }, // U+206B
    { 0, 0, 0, 0, 0, 0, 1104 }, // U+206C
    { 0, 0, 0, 0, 0, 0, 1104 }, // U+206D
    { 0, 0, 0, 0, 0, 0, 1104 }, // U+206E
    { 0, 0, 0, 0, 0, 0, 1104 }, // U+206F
    { 20, 33, 358, 2, 28, 165, 0 }, // U+20A1
    { 21, 24, 332, 1, 24, 126, 165 }, // U+20A3
    { 20, 24, 354, 1, 24, 120, 291 }, // U+20A4
    { 27, 24, 479, 2, 24, 162, 411 }, // U+20A6
    { 23, 24, 379, 1, 24, 138, 573 }, // U+20A7
    { 34, 25, 587, 3, 24, 213, 711 }, // U+20A9
    { 23, 31, 314, -1, 26, 179, 924 }, // U+20AB
    { 22, 25, 382, 2, 24, 138, 1103 }, // U+20AC
    { 25, 24, 413, 1, 24, 150, 1241 }, // U+20AD
    { 19, 24, 348, 3, 24, 114, 1391 }, // U+20AE
    { 23, 24, 389, 1, 24, 138, 1505 }, // U+20B1
    { 22, 33, 394, 2, 28, 182, 1643 }, // U+20B2
    { 18, 25, 362, 3, 24, 113, 1825 }, // U+20B4
    { 20, 33, 357, 2, 28, 165, 1938 }, // U+20B5
    { 20, 24, 309, 1, 24, 120, 2103 }, // U+20B8
    { 19, 24, 333, 2, 24, 114, 2223 }, // U+20B9
    { 20, 24, 352, 1, 24, 120, 2337 }, // U+20BA
    { 29, 28, 496, 0, 28, 203, 2457 }, // U+20BC
    { 21, 24, 340, 1, 24, 126, 2660 }, // U+20BD
    { 23, 23, 389, 2, 23, 133, 0 }, // U+2190
    { 22, 24, 357, 1, 24, 132, 133 }, // U+2191
    { 24, 23, 402, 1, 23, 138, 265 }, // U+2192
    { 21, 24, 344, 1, 24, 126, 403 }, // U+2193
    { 33, 23, 547, 1, 23, 190, 529 }, // U+2194
    { 24, 33, 371, 0, 28, 198, 719 }, // U+2195
    { 25, 36, 383, -1, 29, 225, 917 }, // U+21A8
    { 8, 22, 165, 1, 22, 44, 0 }, // U+2669
    { 13, 22, 240, 1, 22, 72, 44 }, // U+266A
    { 19, 25, 342, 1, 23, 119, 116 }, // U+266B
    { 19, 25, 342, 1, 23, 119, 235 }, // U+266C
    { 9, 21, 185, 1, 20, 48, 354 }, // U+266D
    { 10, 21, 190, 1, 14, 53, 402 }, // U+266E
    { 16, 28, 295, 1, 20, 112, 455 }, // U+266F
    { 38, 35, 677, 2, 29, 333, 567 }, // U+2764
    { 24, 34, 322, -4, 26, 204, 0 }, // U+FB01
    { 24, 35, 325, -4, 26, 210, 204 }, // U+FB02
    { 32, 35, 677, 5, 29, 280, 0 }, // U+1F44D
    { 34, 35, 677, 4, 29, 298, 280 }, // U+1F600
};

static const EpdUnicodeInterval bitter_16_italicIntervals[] = {
    { 0x20, 0x7E, 0x0 },
    { 0xA0, 0xFF, 0x5F },
    { 0x2007, 0x2010, 0xBF },
    { 0x2012, 0x2015, 0xC9 },
    { 0x2017, 0x201E, 0xCD },
    { 0x2020, 0x2022, 0xD5 },
    { 0x2025, 0x2026, 0xD8 },
    { 0x202A, 0x202E, 0xDA },
    { 0x2030, 0x2030, 0xDF },
    { 0x2032, 0x2033, 0xE0 },
    { 0x2039, 0x203A, 0xE2 },
    { 0x203C, 0x203C, 0xE4 },
    { 0x203E, 0x203E, 0xE5 },
    { 0x2044, 0x2044, 0xE6 },
    { 0x2060, 0x2064, 0xE7 },
    { 0x2066, 0x206F, 0xEC },
    { 0x20A1, 0x20A1, 0xF6 },
    { 0x20A3, 0x20A4, 0xF7 },
    { 0x20A6, 0x20A7, 0xF9 },
    { 0x20A9, 0x20A9, 0xFB },
    { 0x20AB, 0x20AE, 0xFC },
    { 0x20B1, 0x20B2, 0x100 },
    { 0x20B4, 0x20B5, 0x102 },
    { 0x20B8, 0x20BA, 0x104 },
    { 0x20BC, 0x20BD, 0x107 },
    { 0x2190, 0x2195, 0x109 },
    { 0x21A8, 0x21A8, 0x10F },
    { 0x2669, 0x266F, 0x110 },
    { 0x2764, 0x2764, 0x117 },
    { 0xFB01, 0xFB02, 0x118 },
    { 0x1F44D, 0x1F44D, 0x11A },
    { 0x1F600, 0x1F600, 0x11B },
};

static const EpdFontGroup bitter_16_italicGroups[] = {
    { 0, 4688, 10222, 95, 0 },
    { 4688, 4145, 12248, 96, 95 },
    { 8833, 643, 1212, 55, 191 },
    { 9476, 1371, 2950, 19, 246 },
    { 10847, 517, 1221, 7, 265 },
    { 11364, 466, 970, 8, 272 },
    { 11830, 198, 414, 2, 280 },
    { 12028, 350, 595, 2, 282 },
};

static const EpdKernClassEntry bitter_16_italicKernLeftClasses[] = {
    { 0x0021, 1 }, // !
    { 0x0022, 2 }, // "
    { 0x0024, 3 }, // $
    { 0x0026, 4 }, // &
    { 0x0027, 2 }, // '
    { 0x0028, 5 }, // (
    { 0x002C, 6 }, // ,
    { 0x002D, 7 }, // -
    { 0x002E, 6 }, // .
    { 0x002F, 8 }, // /
    { 0x0030, 9 }, // 0
    { 0x0031, 10 }, // 1
    { 0x0032, 11 }, // 2
    { 0x0033, 12 }, // 3
    { 0x0034, 13 }, // 4
    { 0x0035, 14 }, // 5
    { 0x0036, 15 }, // 6
    { 0x0037, 16 }, // 7
    { 0x0038, 17 }, // 8
    { 0x0039, 18 }, // 9
    { 0x003A, 19 }, // :
    { 0x003B, 19 }, // ;
    { 0x003F, 20 }, // ?
    { 0x0040, 21 }, // @
    { 0x0041, 22 }, // A
    { 0x0042, 23 }, // B
    { 0x0043, 24 }, // C
    { 0x0044, 21 }, // D
    { 0x0045, 25 }, // E
    { 0x0046, 26 }, // F
    { 0x0047, 27 }, // G
    { 0x0048, 28 }, // H
    { 0x0049, 28 }, // I
    { 0x004A, 29 }, // J
    { 0x004B, 30 }, // K
    { 0x004C, 31 }, // L
    { 0x004D, 28 }, // M
    { 0x004E, 28 }, // N
    { 0x004F, 21 }, // O
    { 0x0050, 32 }, // P
    { 0x0051, 33 }, // Q
    { 0x0052, 34 }, // R
    { 0x0053, 3 }, // S
    { 0x0054, 35 }, // T
    { 0x0055, 29 }, // U
    { 0x0056, 36 }, // V
    { 0x0057, 36 }, // W
    { 0x0058, 30 }, // X
    { 0x0059, 37 }, // Y
    { 0x005A, 38 }, // Z
    { 0x005B, 39 }, // [
    { 0x005C, 40 }, // <backslash>
    { 0x005F, 41 }, // _
    { 0x0061, 42 }, // a
    { 0x0062, 43 }, // b
    { 0x0063, 44 }, // c
    { 0x0064, 45 }, // d
    { 0x0065, 46 }, // e
    { 0x0066, 47 }, // f
    { 0x0067, 48 }, // g
    { 0x0068, 42 }, // h
    { 0x0069, 45 }, // i
    { 0x006A, 48 }, // j
    { 0x006B, 49 }, // k
    { 0x006C, 45 }, // l
    { 0x006D, 42 }, // m
    { 0x006E, 42 }, // n
    { 0x006F, 43 }, // o
    { 0x0070, 43 }, // p
    { 0x0071, 50 }, // q
    { 0x0072, 51 }, // r
    { 0x0073, 52 }, // s
    { 0x0074, 53 }, // t
    { 0x0075, 54 }, // u
    { 0x0076, 55 }, // v
    { 0x0077, 55 }, // w
    { 0x0078, 49 }, // x
    { 0x0079, 55 }, // y
    { 0x007A, 56 }, // z
    { 0x007B, 57 }, // {
    { 0x00A1, 58 }, // U+00A1
    { 0x00A2, 44 }, // U+00A2
    { 0x00A3, 59 }, // U+00A3
    { 0x00A5, 37 }, // U+00A5
    { 0x00A7, 3 }, // U+00A7
    { 0x00A9, 21 }, // U+00A9
    { 0x00AB, 60 }, // U+00AB
    { 0x00AE, 43 }, // U+00AE
    { 0x00B3, 61 }, // U+00B3
    { 0x00B5, 54 }, // U+00B5
    { 0x00B7, 7 }, // U+00B7
    { 0x00BB, 62 }, // U+00BB
    { 0x00C0, 22 }, // U+00C0
    { 0x00C1, 22 }, // U+00C1
    { 0x00C2, 22 }, // U+00C2
    { 0x00C3, 22 }, // U+00C3
    { 0x00C4, 22 }, // U+00C4
    { 0x00C5, 22 }, // U+00C5
    { 0x00C6, 25 }, // U+00C6
    { 0x00C7, 24 }, // U+00C7
    { 0x00C8, 25 }, // U+00C8
    { 0x00C9, 25 }, // U+00C9
    { 0x00CA, 25 }, // U+00CA
    { 0x00CB, 25 }, // U+00CB
    { 0x00CC, 28 }, // U+00CC
    { 0x00CD, 28 }, // U+00CD
    { 0x00CE, 28 }, // U+00CE
    { 0x00CF, 63 }, // U+00CF
    { 0x00D0, 21 }, // U+00D0
    { 0x00D1, 28 }, // U+00D1
    { 0x00D2, 21 }, // U+00D2
    { 0x00D3, 21 }, // U+00D3
    { 0x00D4, 21 }, // U+00D4
    { 0x00D5, 21 }, // U+00D5
    { 0x00D6, 21 }, // U+00D6
    { 0x00D8, 21 }, // U+00D8
    { 0x00D9, 29 }, // U+00D9
    { 0x00DA, 29 }, // U+00DA
    { 0x00DB, 29 }, // U+00DB
    { 0x00DC, 29 }, // U+00DC
    { 0x00DD, 37 }, // U+00DD
    { 0x00DE, 32 }, // U+00DE
    { 0x00DF, 64 }, // U+00DF
    { 0x00E0, 42 }, // U+00E0
    { 0x00E1, 42 }, // U+00E1
    { 0x00E2, 42 }, // U+00E2
    { 0x00E3, 42 }, // U+00E3
    { 0x00E4, 42 }, // U+00E4
    { 0x00E5, 42 }, // U+00E5
    { 0x00E6, 46 }, // U+00E6
    { 0x00E7, 65 }, // U+00E7
    { 0x00E8, 46 }, // U+00E8
    { 0x00E9, 46 }, // U+00E9
    { 0x00EA, 46 }, // U+00EA
    { 0x00EB, 46 }, // U+00EB
    { 0x00EC, 66 }, // U+00EC
    { 0x00ED, 67 }, // U+00ED
    { 0x00EE, 68 }, // U+00EE
    { 0x00EF, 69 }, // U+00EF
    { 0x00F0, 43 }, // U+00F0
    { 0x00F1, 42 }, // U+00F1
    { 0x00F2, 43 }, // U+00F2
    { 0x00F3, 43 }, // U+00F3
    { 0x00F4, 43 }, // U+00F4
    { 0x00F5, 43 }, // U+00F5
    { 0x00F6, 43 }, // U+00F6
    { 0x00F8, 43 }, // U+00F8
    { 0x00F9, 54 }, // U+00F9
    { 0x00FA, 54 }, // U+00FA
    { 0x00FB, 54 }, // U+00FB
    { 0x00FC, 54 }, // U+00FC
    { 0x00FD, 55 }, // U+00FD
    { 0x00FE, 43 }, // U+00FE
    { 0x00FF, 55 }, // U+00FF
    { 0x2010, 7 }, // U+2010
    { 0x2013, 7 }, // U+2013
    { 0x2014, 7 }, // U+2014
    { 0x2015, 7 }, // U+2015
    { 0x2017, 41 }, // U+2017
    { 0x2018, 2 }, // U+2018
    { 0x2019, 2 }, // U+2019
    { 0x201A, 6 }, // U+201A
    { 0x201B, 2 }, // U+201B
    { 0x201C, 2 }, // U+201C
    { 0x201D, 2 }, // U+201D
    { 0x201E, 6 }, // U+201E
    { 0x2025, 6 }, // U+2025
    { 0x2026, 6 }, // U+2026
    { 0x2039, 60 }, // U+2039
    { 0x203A, 62 }, // U+203A
    { 0x203C, 1 }, // U+203C
    { 0x20A1, 24 }, // U+20A1
    { 0x20A3, 26 }, // U+20A3
    { 0x20A6, 28 }, // U+20A6
    { 0x20A7, 32 }, // U+20A7
    { 0x20A9, 70 }, // U+20A9
    { 0x20AB, 71 }, // U+20AB
    { 0x20AC, 24 }, // U+20AC
    { 0x20AD, 30 }, // U+20AD
    { 0x20AE, 35 }, // U+20AE
    { 0x20B1, 32 }, // U+20B1
    { 0x20B2, 27 }, // U+20B2
    { 0x20B4, 3 }, // U+20B4
    { 0x20B5, 24 }, // U+20B5
    { 0x20B8, 35 }, // U+20B8
    { 0x20B9, 34 }, // U+20B9
    { 0x20BD, 32 }, // U+20BD
    { 0xFB01, 45 }, // U+FB01
    { 0xFB02, 45 }, // U+FB02
};

static const EpdKernClassEntry bitter_16_italicKernRightClasses[] = {
    { 0x0021, 1 }, // !
    { 0x0022, 2 }, // "
    { 0x0024, 3 }, // $
    { 0x0026, 4 }, // &
    { 0x0027, 2 }, // '
    { 0x0029, 5 }, // )
    { 0x002A, 6 }, // *
    { 0x002C, 7 }, // ,
    { 0x002D, 8 }, // -
    { 0x002E, 7 }, // .
    { 0x002F, 9 }, // /
    { 0x0030, 10 }, // 0
    { 0x0031, 11 }, // 1
    { 0x0032, 12 }, // 2
    { 0x0033, 13 }, // 3
    { 0x0034, 14 }, // 4
    { 0x0035, 15 }, // 5
    { 0x0036, 16 }, // 6
    { 0x0037, 17 }, // 7
    { 0x0038, 4 }, // 8
    { 0x0039, 18 }, // 9
    { 0x003A, 19 }, // :
    { 0x003B, 19 }, // ;
    { 0x003F, 20 }, // ?
    { 0x0040, 21 }, // @
    { 0x0041, 22 }, // A
    { 0x0042, 23 }, // B
    { 0x0043, 21 }, // C
    { 0x0044, 23 }, // D
    { 0x0045, 23 }, // E
    { 0x0046, 23 }, // F
    { 0x0047, 21 }, // G
    { 0x0048, 23 }, // H
    { 0x0049, 23 }, // I
    { 0x004A, 24 }, // J
    { 0x004B, 23 }, // K
    { 0x004C, 23 }, // L
    { 0x004D, 23 }, // M
    { 0x004E, 23 }, // N
    { 0x004F, 21 }, // O
    { 0x0050, 23 }, // P
    { 0x0051, 21 }, // Q
    { 0x0052, 23 }, // R
    { 0x0053, 3 }, // S
    { 0x0054, 25 }, // T
    { 0x0055, 26 }, // U
    { 0x0056, 27 }, // V
    { 0x0057, 27 }, // W
    { 0x0058, 28 }, // X
    { 0x0059, 29 }, // Y
    { 0x005A, 30 }, // Z
    { 0x005C, 31 }, // <backslash>
    { 0x005D, 32 }, // ]
    { 0x005F, 33 }, // _
    { 0x0061, 34 }, // a
    { 0x0062, 35 }, // b
    { 0x0063, 34 }, // c
    { 0x0064, 34 }, // d
    { 0x0065, 34 }, // e
    { 0x0066, 36 }, // f
    { 0x0067, 34 }, // g
    { 0x0068, 37 }, // h
    { 0x0069, 38 }, // i
    { 0x006A, 36 }, // j
    { 0x006B, 37 }, // k
    { 0x006C, 37 }, // l
    { 0x006D, 38 }, // m
    { 0x006E, 38 }, // n
    { 0x006F, 34 }, // o
    { 0x0070, 39 }, // p
    { 0x0071, 34 }, // q
    { 0x0072, 38 }, // r
    { 0x0073, 40 }, // s
    { 0x0074, 41 }, // t
    { 0x0075, 42 }, // u
    { 0x0076, 43 }, // v
    { 0x0077, 43 }, // w
    { 0x0078, 44 }, // x
    { 0x0079, 45 }, // y
    { 0x007A, 46 }, // z
    { 0x007C, 47 }, // |
    { 0x007D, 48 }, // }
    { 0x00A1, 49 }, // U+00A1
    { 0x00A2, 34 }, // U+00A2
    { 0x00A5, 29 }, // U+00A5
    { 0x00A6, 47 }, // U+00A6
    { 0x00A7, 3 }, // U+00A7
    { 0x00A9, 21 }, // U+00A9
    { 0x00AB, 50 }, // U+00AB
    { 0x00AE, 34 }, // U+00AE
    { 0x00B0, 51 }, // U+00B0
    { 0x00B5, 38 }, // U+00B5
    { 0x00B7, 8 }, // U+00B7
    { 0x00BB, 52 }, // U+00BB
    { 0x00BF, 53 }, // U+00BF
    { 0x00C0, 22 }, // U+00C0
    { 0x00C1, 22 }, // U+00C1
    { 0x00C2, 22 }, // U+00C2
    { 0x00C3, 22 }, // U+00C3
    { 0x00C4, 22 }, // U+00C4
    { 0x00C5, 22 }, // U+00C5
    { 0x00C6, 22 }, // U+00C6
    { 0x00C7, 21 }, // U+00C7
    { 0x00C8, 23 }, // U+00C8
    { 0x00C9, 23 }, // U+00C9
    { 0x00CA, 23 }, // U+00CA
    { 0x00CB, 23 }, // U+00CB
    { 0x00CC, 23 }, // U+00CC
    { 0x00CD, 23 }, // U+00CD
    { 0x00CE, 23 }, // U+00CE
    { 0x00CF, 54 }, // U+00CF
    { 0x00D0, 23 }, // U+00D0
    { 0x00D1, 23 }, // U+00D1
    { 0x00D2, 21 }, // U+00D2
    { 0x00D3, 21 }, // U+00D3
    { 0x00D4, 21 }, // U+00D4
    { 0x00D5, 21 }, // U+00D5
    { 0x00D6, 21 }, // U+00D6
    { 0x00D8, 21 }, // U+00D8
    { 0x00D9, 26 }, // U+00D9
    { 0x00DA, 26 }, // U+00DA
    { 0x00DB, 26 }, // U+00DB
    { 0x00DC, 26 }, // U+00DC
    { 0x00DD, 29 }, // U+00DD
    { 0x00DE, 23 }, // U+00DE
    { 0x00DF, 36 }, // U+00DF
    { 0x00E0, 34 }, // U+00E0
    { 0x00E1, 34 }, // U+00E1
    { 0x00E2, 34 }, // U+00E2
    { 0x00E3, 34 }, // U+00E3
    { 0x00E4, 34 }, // U+00E4
    { 0x00E5, 34 }, // U+00E5
    { 0x00E7, 34 }, // U+00E7
    { 0x00E8, 34 }, // U+00E8
    { 0x00E9, 34 }, // U+00E9
    { 0x00EA, 34 }, // U+00EA
    { 0x00EB, 34 }, // U+00EB
    { 0x00EC, 55 }, // U+00EC
    { 0x00ED, 56 }, // U+00ED
    { 0x00EE, 57 }, // U+00EE
    { 0x00EF, 58 }, // U+00EF
    { 0x00F0, 34 }, // U+00F0
    { 0x00F1, 38 }, // U+00F1
    { 0x00F2, 34 }, // U+00F2
    { 0x00F3, 34 }, // U+00F3
    { 0x00F4, 34 }, // U+00F4
    { 0x00F5, 34 }, // U+00F5
    { 0x00F6, 34 }, // U+00F6
    { 0x00F8, 59 }, // U+00F8
    { 0x00F9, 42 }, // U+00F9
    { 0x00FA, 42 }, // U+00FA
    { 0x00FB, 42 }, // U+00FB
    { 0x00FC, 42 }, // U+00FC
    { 0x00FD, 45 }, // U+00FD
    { 0x00FE, 60 }, // U+00FE
    { 0x00FF, 45 }, // U+00FF
    { 0x2010, 8 }, // U+2010
    { 0x2013, 8 }, // U+2013
    { 0x2014, 8 }, // U+2014
    { 0x2015, 8 }, // U+2015
    { 0x2017, 33 }, // U+2017
    { 0x2018, 2 }, // U+2018
    { 0x2019, 2 }, // U+2019
    { 0x201A, 7 }, // U+201A
    { 0x201B, 2 }, // U+201B
    { 0x201C, 2 }, // U+201C
    { 0x201D, 2 }, // U+201D
    { 0x201E, 7 }, // U+201E
    { 0x2025, 7 }, // U+2025
    { 0x2026, 7 }, // U+2026
    { 0x2039, 50 }, // U+2039
    { 0x203A, 52 }, // U+203A
    { 0x203C, 1 }, // U+203C
    { 0x2044, 61 }, // U+2044
    { 0x20A1, 21 }, // U+20A1
    { 0x20A3, 23 }, // U+20A3
    { 0x20A6, 23 }, // U+20A6
    { 0x20A7, 23 }, // U+20A7
    { 0x20A9, 27 }, // U+20A9
    { 0x20AB, 34 }, // U+20AB
    { 0x20AC, 21 }, // U+20AC
    { 0x20AD, 23 }, // U+20AD
    { 0x20AE, 25 }, // U+20AE
    { 0x20B1, 23 }, // U+20B1
    { 0x20B2, 21 }, // U+20B2
    { 0x20B4, 3 }, // U+20B4
    { 0x20B5, 21 }, // U+20B5
    { 0x20B8, 25 }, // U+20B8
    { 0x20BD, 23 }, // U+20BD
    { 0xFB01, 36 }, // U+FB01
    { 0xFB02, 36 }, // U+FB02
};

static const int8_t bitter_16_italicKernMatrix[] = {
       0,    0,    0,    0,    0,    0,    0,    0,    0,    0,    0,    0,    0,    0,    0,    0,    0,    0,    0,    0,    0,   -6,    0,    0,    0,    0,    0,    0,    0,    0,    0,    0,    0,    0,    0,    0,    0,    0,    0,    0,    0,    0,    0,    0,    0,    0,    0,    0,    0,    0,    0,    0,    0,    0,    0,    0,    0,    0,    0,    0,    0,
       0,    0,    0,    0,    0,    0,  -24,    0,    0,    0,    0,    0,    0,    0,    0,    0,    0,    0,    0,    0,  -16,  -43,    3,    0,    8,    0,    0,   -8,    0,    0,    0,    0,    0,  -10,    7,    0,    7,    0,    0,  -19,    0,    0,    0,  -13,    0,    0,    0,    0,    0,    0,    0,    0,    0,    3,    0,    0,    0,    0,  -10,    7,    0,
       0,    0,    0,    0,    0,    0,  -17,    0,    0,    0,   -4,    0,   -4,    0,    0,    0,   -8,    0,    0,    0,    0,  -18,   -7,    0,  -18,    0,  -26,  -33,  -29,  -11,    0,    0,    0,   -6,    0,    0,    0,  -15,  -15,    0,   -6,   -8,  -19,  -19,  -17,    0,    0,    0,    0,    0,    0,    0,    0,   -7,  -15,  -15,  -15,  -28,   -6,    0,    0,
       0,    0,  -14,    0,    0,    0,    0,    0,    0,    0,    0,    0,    0,    0,    0,    0,    0,    0,    0,    0,    3,  -27,    0,    0,    0,    0,  -24,  -20,  -26,    0,    0,    0,    0,   -1,   -6,    0,   -6,    0,    0,   -6,    0,   -6,  -14,  -13,  -10,   -7,    0,    0,    0,    0,    0,    0,    0,    0,    0,    0,    0,    0,   -1,   -6,    0,
       0,    0,    0,    0,    0,    0,    0,    0,   12,    0,    0,    0,    0,    0,    0,    0,    0,    0,    0,    0,    0,    0,    0,   26,  -13,    0,    0,    0,    0,    0,   10,    0,   11,   -4,    0,   23,    0,    0,    0,    0,    0,    0,    0,    0,    0,    0,    0,    0,    0,    0,    0,    0,    0,    0,    0,    0,    0,    0,   -4,    0,    0,
       0,  -45,    0,    0,    0,    0,    0,    0,    0,  -29,  -14,    3,    0,  -19,    0,  -15,  -29,  -13,    0,    0,  -21,   11,    0,    2,  -38,    0,  -36,   -5,  -50,    0,    0,    0,    0,  -13,    0,    0,    0,  -11,  -11,    0,    0,    0,  -37,   -8,  -33,    0,    0,    0,    0,  -13,    0,    0,    0,    0,  -11,  -11,  -11,  -11,  -13,    0,    0,
       0,    0,    0,    0,    0,    0,    0,    0,    0,    0,  -24,  -10,  -15,    3,  -18,    0,  -29,   -6,    0,    0,    0,   -6,    0,    0,  -30,    0,  -30,  -51,    0,    0,    0,    0,    0,    0,    0,    0,    0,    0,    0,    0,    0,    0,    0,  -30,  -11,    0,    0,    0,    0,    0,    0,  -18,    0,    0,    0,    0,    0,    0,    0,    0,    0,
       0,    0,    0,    0,   10,    0,    0,    0,  -21,    0,    0,    0,    0,    0,    0,    0,    0,    0,    0,    0,   -6,  -19,   -4,    6,   -3,    5,    5,   -9,    5,    0,   14,   10,    0,  -19,   10,    0,   10,  -14,  -14,    0,    0,    0,    0,  -20,  -11,    0,    0,   10,    0,    0,    0,    0,    0,   -4,  -14,  -14,  -14,  -14,  -19,   10,    0,
       0,    0,    0,    0,    0,    0,  -29,    0,    0,    0,   -3,    0,    0,    0,    0,    0,    0,    0,    0,    0,    0,    0,    0,    0,    0,    0,    0,    0,    0,    0,    0,    0,    0,    0,    0,    0,    0,    0,    0,    0,    0,    0,    0,    0,    0,    0,    0,    0,    0,    0,   -9,    0,    0,    0,    0,    0,    0,    0,    0,    0,    0,
       0,    0,    0,    0,    0,    0,    3,    0,    4,    0,    0,    0,    0,    0,    0,    0,   -5,    0,    0,    0,    0,    5,    0,    0,    0,    0,    0,    0,    0,    0,    0,    0,    0,    0,    0,    0,    0,    0,    0,    0,    0,    0,    0,    0,    0,    0,    0,    0,    0,    0,  -25,    0,    0,    0,    0,    0,    0,    0,    0,    0,    0,
       0,    0,    0,    0,    0,    0,    0,    0,    0,    0,    0,    0,    0,    0,    0,    0,   -4,    0,    0,    0,    0,    0,    0,    0,    0,    0,    0,    0,    0,    0,    0,    0,    0,    0,    0,    0,    0,    0,    0,    0,    0,    0,    0,    0,    0,    0,    0,    0,    0,    0,    0,    0,    0,    0,    0,    0,    0,    0,    0,    0,    0,
       0,    0,    0,    0,    0,    0,  -13,    0,    0,    0,    0,    0,    0,    0,  -11,    0,   -6,    0,    0,    0,    0,    0,  -11,    0,    0,    0,    0,    0,    0,    0,    0,    0,    0,    0,    0,    0,    0,    0,    0,    0,    0,    0,    0,    0,    0,    0,    0,    0,    0,    0,   -9,    0,    0,  -11,    0,    0,    0,    0,    0,    0,    0,
       0,    0,    0,    0,    0,    0,    0,    5,    0,    0,    0,    0,    0,    4,    0,    0,   -7,    0,    0,    0,    0,    0,    0,    0,    0,    0,    0,    0,    0,    0,    0,    0,    0,    0,    0,    0,    0,    0,    0,    0,    0,    0,    0,    0,    0,    0,    0,    0,    0,    0,  -23,    0,    0,    0,    0,    0,    0,    0,    0,    0,    0,
       0,    0,    0,    0,    0,    0,   -7,    0,    0,    0,   -6,   -5,  -16,    0,    0,    0,  -11,  -10,    0,    0,    0,    0,    0,    0,    0,    0,    0,    0,    0,    0,    0,    0,    0,    0,    0,    0,    0,    0,    0,    0,    0,    0,    0,    0,    0,    0,    0,    0,    0,    0,   -9,    0,    0,    0,    0,    0,    0,    0,    0,    0,    0,
       0,    0,    0,    0,    0,    0,    0,    0,    0,    0,   -6,   -5,   -7,    3,  -10,    0,  -10,    0,    0,    0,    0,    0,    0,    0,    0,    0,    0,    0,    0,    0,    0,    0,    0,    0,    0,    0,    0,    0,    0,    0,    0,    0,    0,    0,    0,    0,    0,    0,    0,    0,  -18,    0,    0,    0,    0,    0,    0,    0,    0,    0,    0,
       0,    0,    0,   -5,    0,    0,  -47,  -22,    0,  -10,    5,   -3,  -10,   -6,   -8,   -7,    3,   -7,    0,    0,    0,    0,    0,    0,    0,    0,    0,    0,    0,    0,    0,    0,    0,    0,    0,    0,    0,    0,    0,    0,    0,    0,    0,    0,    0,    0,    0,    0,    0,    0,   16,    0,    0,    0,    0,    0,    0,    0,    0,    0,    0,
       0,    0,    0,    0,    0,    0,    0,    0,    0,    0,    0,    0,    0,    0,  -11,    0,  -12,    0,    0,    0,    0,    0,  -11,    0,    0,    0,    0,    0,    0,    0,    0,    0,    0,    0,    0,    0,    0,    0,    0,    0,    0,    0,    0,    0,    0,    0,    0,    0,    0,    0,   -9,    0,    0,  -11,    0,    0,    0,    0,    0,    0,    0,
       0,    0,    0,    0,    0,    0,  -28,    0,    0,    0,    0,    0,   -6,    0,    0,    0,   -8,    0,    0,    0,    0,    0,    0,    0,    0,    0,    0,    0,    0,    0,    0,    0,    0,    0,    0,    0,    0,    0,    0,    0,    0,    0,    0,    0,    0,    0,    0,    0,    0,    0,   -7,    0,    0,    0,    0,    0,    0,    0,    0,    0,    0,
       0,    0,    0,    0,    0,    0,    0,    0,    0,    0,    0,    0,    0,    0,    0,    0,    0,    0,    0,    0,    0,    0,    0,    0,  -10,    0,  -19,   -6,  -27,    0,    0,    0,    0,    0,    0,    0,    0,    0,    0,    0,    0,    0,   -7,   -4,   -9,    0,    0,    0,    0,    0,    0,    0,    0,    0,    0,    0,    0,    0,    0,    0,    0,
       0,    0,    0,    0,    0,    0,    0,    0,    0,    0,    0,    0,    0,    0,    0,    0,    0,    0,    0,    0,    0,    0,    3,    0,    5,    0,    0,    0,    0,    0,    0,    0,    0,    0,    0,    0,    0,    0,    0,    0,    0,    0,    0,    0,    0,    0,    0,    0,    0,    0,    0,    0,  -12,    3,    0,    0,    0,    0,    0,    0,    0,
       0,  -18,   -4,    0,    0,    0,  -21,    0,    3,    0,    0,    0,  -24,    0,    0,    0,    0,    0,    0,   -3,    0,  -13,    0,    0,  -11,    0,  -26,  -33,  -21,  -15,    0,    0,    0,   -3,   -3,    4,   -3,   -3,   -3,   -4,   -3,   -4,  -10,  -11,   -5,    0,    0,    0,    0,    0,    0,    0,    0,    0,   -3,   -3,   -3,   -3,   -3,    3,    0,
     -14,  -59,  -19,    0,    0,    0,    2,  -22,    4,    0,    0,    0,    0,    0,    0,    0,    0,    0,    0,  -22,  -14,    3,  -18,   -9,  -47,  -31,  -38,  -11,  -43,  -13,    0,    4,    0,  -10,  -13,  -10,  -13,  -12,  -12,   -7,  -17,  -17,  -25,   -3,  -25,  -11,    0,    3,   -7,    0,    0,    0,    0,  -18,  -12,  -12,  -12,  -12,  -10,  -13,    0,
       0,  -20,    0,    0,    0,    0,  -19,    0,    0,    0,    0,    0,  -11,    0,    0,    0,    0,    0,    0,   -8,   -3,  -21,  -14,   -3,  -23,    0,  -37,  -33,  -36,  -17,    0,    0,    0,   -5,   -6,   -6,   -6,  -10,  -10,   -6,   -6,   -9,  -14,  -21,  -16,  -10,    0,    0,    0,    0,    0,    0,    0,  -14,  -10,  -10,  -10,  -10,   -5,   -6,    0,
       0,   -4,    0,   -7,    0,    0,  -11,  -17,    0,    0,   -4,   -7,  -10,    0,   -6,    0,   -9,  -11,    0,    0,  -16,  -19,    0,   -6,  -13,    0,  -19,  -27,  -19,    0,    0,    0,    0,  -19,  -14,    0,  -14,  -14,  -14,  -17,  -10,  -14,   -8,  -15,  -14,  -18,    0,    0,    0,    0,    0,    0,    0,    0,  -14,  -14,  -14,  -25,  -19,  -14,    0,
       0,    0,    0,    0,    0,    0,    0,   -5,   -3,    0,    0,    0,    0,    0,    0,    0,    0,    0,    0,    0,  -12,  -19,    0,    0,  -19,    0,  -22,  -25,  -19,    0,    0,    0,    0,  -10,    0,    0,    0,   -7,   -7,  -11,  -10,  -11,  -16,  -13,  -13,  -10,    0,    0,    0,    0,    0,    0,    0,    0,   -7,   -7,   -7,  -10,  -10,    0,    0,
       0,    0,   -7,    0,    0,    0,  -58,    0,  -10,    0,    0,    0,    0,    0,    0,    0,    0,    0,  -24,    0,  -12,  -40,  -14,   -6,    0,    0,   -9,  -15,   -9,  -12,    0,    0,    0,  -25,   -4,   -4,   -4,   -5,   -5,  -18,   -6,   -6,   -6,  -13,   -5,  -12,    0,    0,    0,    0,    0,    0,    0,  -14,   -5,   -5,   -2,   -3,  -25,   -4,    0,
       0,    0,   -3,    0,    0,    0,    0,    0,    0,    0,    0,    0,    0,    0,    0,    0,    0,    0,    0,    0,    0,   -6,    0,    0,    0,    0,  -24,  -20,  -26,    0,    0,    0,    0,   -1,   -6,    0,   -6,    0,    0,   -6,    0,   -6,  -14,  -13,  -10,   -7,    0,    0,    0,    0,    0,    0,    0,    0,    0,    0,    0,    0,   -1,   -6,    0,
       0,    0,  -10,    0,    0,    0,    0,    0,   -8,    0,    0,    0,    0,    0,    0,    0,    0,    0,   -3,    0,    0,  -17,    0,    0,  -11,   -3,  -17,  -22,  -14,   -8,    0,    0,    0,   -7,    3,    0,    3,    0,    0,   -6,    0,    0,  -11,  -15,  -11,    0,    0,    0,    0,    0,    0,    0,    0,    0,    0,    0,    3,    5,   -7,    3,    0,
       0,    0,    0,    0,    0,    0,  -12,    0,    0,    0,    0,    0,    0,    0,    0,    0,    0,    0,   -9,    0,    0,  -25,   -3,    0,    0,    0,   -9,  -22,   -9,  -12,    0,    0,    0,   -7,    4,   -3,    4,   -3,   -3,  -11,   -5,   -7,  -12,  -19,  -11,  -10,    0,    0,    0,    0,    0,    0,    0,   -3,   -3,   -3,    1,    4,   -7,    4,    0,
     -12,   -5,  -13,    0,    0,    0,  -12,  -51,   -4,    0,    0,    0,    0,    0,    0,    0,    0,    0,  -11,  -12,  -33,  -11,  -18,   -6,  -21,  -24,  -14,  -16,  -15,  -15,    0,    0,    0,  -12,    0,   -4,    0,  -11,  -11,  -20,  -17,  -16,  -20,    0,  -14,   -6,    0,    0,    0,    0,    0,    0,    0,  -18,  -11,  -11,  -18,  -14,  -12,    0,    0,
       0,    0,  -21,    0,    0,    0,    0,    0,    0,    0,    0,    0,    0,    0,    0,    0,    0,    0,   -5,    0,  -18,   -6,    0,   -6,  -35,  -21,  -47,   -9,  -48,   -6,    0,    0,    0,   -6,    0,    0,    0,   -7,   -7,   -7,  -13,   -9,  -23,   -6,  -26,    0,    0,    0,    0,    0,    0,    0,    0,    0,   -7,   -7,   -7,   -7,   -6,    0,    0,
       0,    3,   -6,    0,    0,    0,  -74,  -17,  -14,    0,    0,    0,    0,    0,    0,    0,    0,    0,   -5,   -8,   -4,  -26,  -10,   -7,   -4,   -8,  -18,  -25,  -23,  -12,    0,   -3,    0,   -7,   -6,   -3,   -6,   -4,   -4,   -6,   -6,   -6,   -2,   -9,   -3,  -10,    0,   -4,    0,    0,    0,    0,    0,  -10,   -4,   -4,   -4,   -4,   -7,   -6,    0,
       0,  -18,   -4,    0,   24,    0,  -21,    0,   33,    0,    0,    0,  -24,    0,    0,    0,    0,    0,    0,   -3,    0,  -13,    0,   33,  -11,    0,  -26,  -33,  -21,  -15,    0,   23,   39,   -3,   -5,    4,   -5,   -3,   -3,   -4,   -3,   -4,  -10,  -11,   -3,    0,   10,   22,    0,    0,    0,    0,    0,    0,   -3,   -3,   -3,   -3,    2,   19,    0,
       0,    0,    0,    0,    0,    0,    0,    0,    0,    0,    0,    0,    0,    0,    0,    0,    0,    0,    0,    0,   -8,   -6,   -5,    0,  -18,   -9,  -29,  -14,  -33,   -6,    0,    0,    0,  -11,    0,   -3,    0,   -6,   -6,    0,   -8,   -8,  -14,   -7,  -12,    0,    0,    0,    0,    0,    0,    0,    0,   -5,   -6,   -6,   -6,   -6,  -11,    0,    0,
       0,    3,  -13,    0,    0,    0,  -41,  -38,  -14,    0,    0,    0,    0,    0,    0,    0,    0,    0,  -13,   -6,  -14,  -42,  -11,   -7,   -7,   -4,   -7,  -19,   -9,  -17,    0,    0,    0,  -25,   -2,   -7,   -2,  -10,  -10,  -23,   -6,   -9,   -6,  -17,   -1,  -18,    0,    0,    0,    0,    0,    0,    0,  -11,  -10,  -10,   -4,  -12,  -25,   -2,    0,
     -11,   -1,  -26,    0,    0,    0,  -60,  -30,  -26,    0,    0,    0,  -19,    0,    0,    0,    0,    0,  -28,   -3,  -51,  -38,  -18,   -7,   -6,   -6,    3,  -13,    3,  -16,    0,   -3,    0,  -31,   -2,  -14,   -2,  -25,  -25,  -35,  -19,  -26,  -18,  -39,  -24,  -38,    0,   -4,    0,    0,    0,    0,    0,  -18,  -25,  -42,  -19,  -15,  -31,   -2,    0,
       0,    0,  -22,    0,    0,    0,  -55,    0,    0,    0,    0,    0,  -18,    0,  -12,    0,   -6,    0,  -33,    0,  -21,  -39,  -13,   -9,   -7,   -6,    3,  -11,    3,  -13,    0,    0,    0,  -35,    2,   -6,    1,  -15,  -15,  -35,  -17,  -23,  -26,  -34,  -22,  -26,    0,    0,    0,    0,    0,    0,    0,  -13,  -15,  -27,   -7,   -7,  -35,    1,    0,
       0,    0,  -13,    0,    0,    0,    0,    0,    0,    0,    0,    0,    0,    0,    0,    0,    0,    0,    0,    0,  -14,  -14,  -11,    0,  -15,  -11,  -14,  -18,  -14,    0,    0,    0,    0,   -4,    0,    0,    0,   -7,   -7,  -10,  -11,  -11,  -13,  -12,  -16,    0,    0,    0,    0,    0,    0,    0,    0,  -11,   -7,   -7,   -7,   -7,   -4,    0,    0,
       0,    0,    0,    0,    0,    0,    0,    0,   24,    0,    0,    0,    0,    0,    0,    0,    0,    0,    0,    0,    0,   10,    0,   65,  -29,    0,    3,    0,    3,    0,   18,    0,    7,    0,   13,   33,   13,    0,    0,    0,    0,    0,    0,    0,    0,    0,    0,    0,    0,    0,    0,    0,    0,    0,    0,    0,    0,    0,    0,   13,    0,
       0,    0,    0,    0,   10,    0,    0,    0,   14,    0,    0,    0,    0,    0,    0,    0,    0,    0,    0,    0,    0,    0,    0,   31,    0,    0,    0,    0,    0,    0,    0,   10,   10,    0,    0,    0,    0,    0,    0,    0,    0,    0,    0,    0,    0,    0,    0,    5,    0,    0,    0,    0,    0,    0,    0,    0,    0,    0,    0,    0,    0,
       0,    0,    0,    0,   10,    0,    0,    0,   19,    0,    0,    0,    0,    0,    0,    0,    0,    0,    0,    0,    0,    0,    0,   19,    0,    0,    0,    0,    0,    0,    0,    9,    0,    0,    0,   19,    0,    0,    0,    0,    0,    0,    0,    0,    0,    0,    0,    7,    0,    0,    0,    0,    0,    0,    0,    0,    0,    0,    0,    0,    0,
      -4,  -34,    0,    0,    0,    0,    3,    0,    1,    0,    0,    0,    0,    0,    0,    0,    0,    0,    0,   -8,    0,    0,    0,    0,    0,    0,    0,    0,    0,    0,    0,    0,    0,    0,    0,    0,    0,    0,    0,    0,    0,    0,  -14,   -6,  -15,    0,    0,    0,    0,    0,    0,    0,    0,    0,    0,    0,    0,    0,    0,    0,    0,
       0,  -27,    0,    0,    0,    0,  -15,    0,   -1,    0,    0,    0,    0,    0,    0,    0,    0,    0,    0,   -3,   -3,    0,    0,    0,    0,    0,    0,    0,    0,    0,    0,    0,    0,    5,    0,    0,    0,    0,    0,    0,    0,    0,  -13,  -15,  -13,    0,    0,    0,    0,    0,    0,    0,    0,    0,    0,    0,    0,    0,    5,    0,    0,
       0,   -4,    0,    0,    0,    0,    0,  -11,    0,    0,    0,    0,    0,    0,    0,    0,    0,    0,    0,   -5,    0,    0,    0,    0,    0,    0,    0,    0,    0,    0,    0,    0,    0,  -10,  -11,   -3,  -11,   -7,   -7,    0,    0,   -8,  -11,  -15,   -7,    0,    0,    0,    0,    0,    0,    0,    0,    0,   -7,   -7,   -7,   -7,  -10,  -11,    0,
       0,  -21,    0,    0,    0,    0,    0,   -3,   10,    0,    0,    0,    0,    0,    0,    0,    0,    0,    0,    0,   -6,    0,    0,    0,    0,    0,    0,    0,    0,    0,    0,   10,    0,    0,    3,    3,    3,    0,    0,    0,    0,    0,  -10,  -10,   -8,    0,    0,    0,    0,    0,    0,    0,    0,    0,    0,    0,    5,    0,    0,    3,    0,
       0,    0,    0,    0,    0,    0,    0,    0,    0,    0,    0,    0,    0,    0,    0,    0,    0,    0,    0,    0,    0,    0,    0,    0,    0,    0,    0,    0,    0,    0,    0,    0,    0,    0,    0,    0,    0,    0,    0,    0,    0,    0,  -10,  -19,  -14,    0,    0,    0,    0,    0,    0,    0,    0,    0,    0,    0,    0,    0,    0,    0,    0,
      15,   21,    0,    0,   53,   10,   -7,  -13,    0,    0,    0,    0,    0,    0,    0,    0,    0,    0,   -3,   15,    0,    0,    0,    0,    0,    0,    0,    0,    0,    0,   20,   71,    0,   -3,   20,    5,   20,    3,    3,    0,    5,    3,    7,   -8,    8,    0,    0,    0,    0,    0,    0,    0,    0,    0,   13,    5,   12,   26,   -3,   20,    0,
       0,    0,    0,    0,    0,    0,    0,    0,    5,    0,    0,    0,    0,    0,    0,    0,    0,    0,    0,    0,    0,    0,    0,    0,    0,    0,    0,    0,    0,    0,    0,    0,    0,    0,    0,   10,    0,    0,    0,    0,    0,    0,  -11,  -15,   -8,   -5,    0,    0,    0,    0,    0,    0,    0,    0,    0,    0,    0,    0,    0,    0,    0,
      -6,   -7,    0,    0,    0,    0,   -8,  -28,    4,    0,    0,    0,    0,    0,    0,    0,    0,    0,   -7,  -11,  -11,    0,    0,    0,    0,    0,    0,    0,    0,    0,    0,    0,    0,  -15,   -7,   -4,   -7,  -13,  -13,  -13,   -7,   -8,   -3,   -3,   -3,  -10,    0,    0,    0,    0,    0,    0,    0,    0,  -13,  -13,  -13,  -13,  -15,   -7,    0,
       0,    0,    0,    0,    0,    0,    0,    0,    0,    0,    0,    0,    0,    0,    0,    0,    0,    0,    0,    0,    0,    0,    0,    0,    0,    0,    0,    0,    0,    0,    0,    0,   14,    0,    0,   23,    0,    3,   10,    0,    0,    0,  -18,  -17,   -3,    0,    0,    0,    0,    0,    0,    0,    0,    0,    3,    3,    3,    3,    0,   10,    0,
      -3,    0,    0,    0,   -3,    0,  -37,    0,  -10,    0,    0,    0,    0,    0,    0,    0,    0,    0,    0,   -3,    0,    0,    0,    0,    0,    0,    0,    0,    0,    0,    0,   -5,    0,   -7,   -5,    3,   -5,    3,    3,   -5,    0,    0,    7,   -4,    9,    0,    0,  -11,    0,    0,    0,    0,    0,    0,    3,    3,    3,    3,   -7,   -5,    0,
       0,    0,    0,    0,    0,    0,   -9,    0,    0,    0,    0,    0,    0,    0,    0,    0,    0,    0,    0,    0,    0,    0,    0,    0,    0,    0,    0,    0,    0,    0,    0,    0,    0,    0,    0,    0,    0,    0,    0,    0,    0,    0,  -25,  -17,  -10,    0,    0,    0,    0,    0,    0,    0,    0,    0,    0,    0,    0,    0,    0,    0,    0,
       0,   -3,    0,    0,    0,    0,    0,    0,    0,    0,    0,    0,    0,    0,    0,    0,    0,    0,    0,    0,    0,    0,    0,    0,    0,    0,    0,    0,    0,    0,    0,    0,    0,  -11,   -4,   -3,   -4,    0,    0,   -5,    0,    0,   -5,   -6,   -3,    0,    0,    0,    0,    0,    0,    0,    0,    0,    0,    0,    0,    0,  -11,   -4,    0,
       0,    0,    0,    0,    0,    0,    0,    0,   11,    0,    0,    0,    0,    0,    0,    0,    0,    0,    0,    0,    0,    0,    0,    0,    0,    0,    0,    0,    0,    0,    0,    0,    0,   -2,    0,    0,    0,    0,    0,    0,    0,    0,   -9,   -3,  -12,   -7,    0,    0,    0,    0,    0,    0,    0,    0,    0,    0,    0,    0,   -2,    0,    0,
       0,    0,    0,    0,    0,    0,  -37,   -8,    0,    0,    0,    0,    0,    0,    0,    0,    0,    0,   -7,    0,   -7,    0,    0,    0,    0,    0,    0,    0,    0,    0,    0,    0,    0,  -10,   -3,    2,   -3,   -1,   -1,  -11,    5,    3,   11,   -3,   10,   -5,    0,    0,    0,    0,    0,    0,    0,    0,   -1,   -1,   -1,   -1,  -10,   -3,    0,
       0,    0,    0,    0,    0,    0,    0,    0,    0,    0,    0,    0,    0,    0,    0,    0,    0,    0,    0,    0,    0,    0,    0,    0,    0,    0,    0,    0,    0,    0,    0,    0,    0,    0,   -3,    0,   -3,    0,    0,   -5,    0,    0,  -10,  -10,   -8,    0,    0,    0,    0,    0,    0,    0,    0,    0,    0,    0,    0,    0,    0,   -3,    0,
       0,    0,    0,    0,    0,    0,    0,    0,   10,    0,    0,    0,    0,    0,    0,    0,    0,    0,    0,    0,    0,    3,    0,   17,   -4,    0,    0,    0,    0,    0,    5,    0,   10,    0,    7,   14,    7,    0,    0,    0,    0,    0,    0,    0,    0,    0,    0,    0,    0,    0,    0,    0,    0,    0,    0,    0,    0,    0,    0,    7,    0,
       0,    0,    0,    0,    0,    0,    0,    0,    0,    0,    0,    0,    0,    0,    0,    0,    0,    0,    0,    0,    0,  -13,    0,    0,    0,    0,    0,    0,    0,    0,    0,    0,    0,    0,    0,    0,    0,    0,    0,    0,    0,    0,    0,    0,    0,    0,    0,    0,    0,    0,    0,    0,    0,    0,    0,    0,    0,    0,    0,    0,    0,
       0,    0,    0,    0,    0,    0,    0,    0,    0,    0,    0,   -4,    0,    0,    0,    0,   -6,    0,    0,    0,    0,    0,    0,    0,    0,    0,    0,    0,    0,    0,    0,    0,    0,    0,    0,    0,    0,    0,    0,    0,    0,    0,    0,    0,    0,    0,    0,    0,    0,    0,    0,    0,    0,    0,    0,    0,    0,    0,    0,    0,    0,
       0,    0,    0,    0,    0,    0,    0,  -18,    0,    0,    0,    0,    0,    0,    0,    0,    0,    0,    0,    0,    0,    0,    0,    0,    0,    0,    0,    0,    0,    0,    0,    0,    0,    0,    0,    0,    0,    0,    0,    0,    0,    0,    0,    0,    0,    0,    0,    0,    0,    0,    0,    0,    0,    0,    0,    0,    0,    0,    0,    0,    0,
       0,    0,    0,    0,    0,    0,    0,    0,    0,    0,    0,    0,    0,    0,    0,    0,    0,    0,    0,    0,    0,    0,    0,    0,    0,    0,    0,    0,    0,    0,    0,    0,    0,    0,    0,    0,    0,    0,    0,    0,    0,    0,    0,    0,    0,    0,    0,    0,    0,    0,    0,    0,    0,    0,    0,    0,    0,    0,    0,    0,   -5,
       0,    0,    0,    0,    0,    0,  -13,    0,    0,    0,    0,    0,    0,    0,    0,    0,    0,    0,    0,    0,    0,    0,    0,    0,    0,    0,    0,    0,    0,    0,    0,    0,    0,    0,    0,    0,    0,    0,    0,    0,    0,    0,    0,    0,    0,    0,    0,    0,    0,    0,    0,    0,    0,    0,    0,    0,    0,    0,    0,    0,    0,
       0,    0,  -10,    0,    0,    0,    0,    0,   -8,    0,    0,    0,    0,    0,    0,    0,    0,    0,   -3,    0,    0,  -17,    0,    5,  -11,   -3,  -17,  -22,  -14,   -8,   10,    0,    0,   -7,    3,    0,    3,    0,    0,   -6,    0,    0,  -11,  -15,  -11,    0,    0,    0,    0,    0,    0,    0,    0,   11,    0,    0,    3,    5,   -7,    3,    0,
       0,    0,    0,    0,    0,    0,    0,    0,    0,    0,    0,    0,    0,    0,    0,    0,    0,    0,    0,    0,    0,    0,    0,    0,    0,    0,    0,    0,    0,    0,    0,    0,    0,   -3,   -3,   -5,   -3,   -5,   -5,   -3,   -5,    0,  -14,  -14,  -12,   -7,    0,    0,    0,    0,    0,    0,    0,    0,   -5,   -5,   -5,   -5,   -3,   -3,    0,
       0,   -4,    0,    0,    0,    0,    0,  -11,    0,    0,    0,    0,    0,    0,    0,    0,    0,    0,    0,   -5,    0,    0,    0,    0,    0,    0,    0,    0,    0,    0,    0,    0,    0,  -10,  -11,    1,  -11,   -7,   -7,    0,    0,   -8,  -11,  -15,   -7,    0,    0,    0,    0,    0,    0,    0,    0,    0,   -7,   -7,   -7,   -7,  -10,  -11,    0,
       0,  -21,    0,    0,    0,    0,    0,   -3,   10,    0,    0,    0,    0,    0,    0,    0,    0,    0,    0,    0,   -6,    0,    0,    0,    0,    0,    0,    0,    0,    0,    0,   10,    0,    0,    3,    3,    3,    0,    0,    0,    0,    0,  -10,  -10,   -8,    0,    0,    0,    0,    0,    0,    0,    0,    0,    0,    0,    6,    9,    0,    3,    0,
       0,  -21,    0,    0,    0,    0,    0,   -3,   10,    0,    0,    0,    0,    0,    0,    0,    0,    0,    0,    0,   -6,    0,    0,    0,    0,    0,    0,    0,    0,    0,    0,   10,    0,    0,   13,    3,   13,    0,    0,    0,    0,    0,  -10,  -10,   -8,    0,    0,    0,    0,    0,    0,    0,    0,    0,    5,    0,    5,   15,    0,   13,    0,
       0,  -21,    0,    0,    0,    0,    0,   -3,   10,    0,    0,    0,    0,    0,    0,    0,    0,    0,    0,    0,   -6,    0,    0,    0,    0,    0,    0,    0,    0,    0,    0,   10,    0,    0,    9,    3,    9,    0,    0,    0,    0,    0,  -10,  -10,   -8,    0,    0,    0,    0,    0,    0,    0,    0,    0,    0,    0,    6,   10,    0,    9,    0,
       0,  -21,    0,    0,    0,    0,    0,   -3,   10,    0,    0,    0,    0,    0,    0,    0,    0,    0,    0,    0,   -6,    0,    0,    0,    0,    0,    0,    0,    0,    0,    0,   10,    0,    0,   12,    3,   12,    0,    0,    0,    0,    0,  -10,  -10,   -8,    0,    0,    0,    0,    0,    0,    0,    0,    0,    5,    1,   12,   15,    0,   12,    0,
     -11,   -1,  -26,    0,    0,    0,  -60,  -30,  -26,    0,    0,    0,  -19,    0,    0,    0,    0,    0,  -28,   -3,  -25,  -38,  -18,   -7,   -6,   -6,    3,  -13,    3,  -16,    0,   -3,    0,  -31,   -2,  -14,   -2,  -25,  -25,  -35,  -19,  -26,  -18,  -39,  -24,  -38,    0,   -4,    0,    0,    0,    0,    0,  -18,  -25,  -42,  -19,  -15,  -31,   -2,    0,
       0,    0,    0,    0,    0,    0,    0,    0,    0,    0,    0,    0,    0,    0,    0,    0,    0,    0,    0,    0,    0,    0,    0,    0,    0,    0,    0,    0,    0,    0,    0,    0,    0,    0,    0,   -3,    0,    0,    0,    0,    0,    0,  -17,  -10,  -10,    0,    0,    0,    0,    0,    0,    0,    0,    0,    0,    0,    0,    0,    0,    0,    0,
};

static const EpdLigaturePair bitter_16_italicLigaturePairs[] = {
    { 0x00660069, 0xFB01 }, // f i -> U+FB01
    { 0x0066006C, 0xFB02 }, // f l -> U+FB02
};

static constexpr EpdFontData bitter_16_italic = {
    bitter_16_italicBitmaps,
    bitter_16_italicGlyphs,
    bitter_16_italicIntervals,
    32,
    40,
    32,
    -9,
    true,
    bitter_16_italicGroups,
    8,
    nullptr,
    bitter_16_italicKernLeftClasses,
    bitter_16_italicKernRightClasses,
    bitter_16_italicKernMatrix,
    189,
    191,
    71,
    61,
    bitter_16_italicLigaturePairs,
    2,
};
