/**
 * generated by fontconvert.py
 * name: bitter_14_regular
 * size: 14
 * mode: 2-bit  compressed: true
 * Command used: fontconvert.py bitter_14_regular 14 ../builtinFonts/source/Bitter/Bitter-Regular.ttf ../builtinFonts/source/NotoEmoji/NotoEmoji-Regular.ttf ../builtinFonts/source/NotoSymbols/NotoSansSymbols-Regular.ttf --exact-intervals --additional-intervals 0x0020,0x007E --additional-intervals 0x00A0,0x00FF --additional-intervals 0x2000,0x206F --additional-intervals 0x20A0,0x20CF --additional-intervals 0x2190,0x21FF --additional-intervals 0xFB00,0xFB06 --additional-intervals 0xFFFD,0xFFFD --additional-intervals 0x2669,0x266F --additional-intervals 0x2764,0x2764 --additional-intervals 0x1F600,0x1F600 --additional-intervals 0x1F44D,0x1F44D --font-include-intervals 1:0x2764,0x2764 --font-include-intervals 1:0x1F600,0x1F600 --font-include-intervals 1:0x1F44D,0x1F44D --font-include-intervals 2:0x2669,0x266F --2bit --compress --pnum --darken-aa
 */
#pragma once
#include "EpdFontData.h"

static const uint8_t bitter_14_regularBitmaps[9403] = {
    0xA5, 0x59, 0x3D, 0x8C, 0xDC, 0xC6, 0x15, 0x7E, 0x24, 0x2D, 0x11, 0x30, 0x03, 0xD0, 0x85, 0x14,
    0x20, 0x3E, 0xC0, 0x4C, 0xE1, 0x42, 0x91, 0x03, 0xB3, 0x49, 0xA1, 0xE2, 0xEE, 0x86, 0x4E, 0x80,
    0x34, 0x6E, 0x54, 0x68, 0x05, 0xC4, 0x2A, 0xDC, 0xB8, 0xB0, 0x65, 0x04, 0xD7, 0xA6, 0x90, 0x8E,
    0x84, 0x5D, 0xA6, 0xF0, 0x35, 0x69, 0xD2, 0xE4, 0x0A, 0x21, 0x90, 0x56, 0x40, 0xCE, 0x85, 0x0B,
    0x15, 0xAB, 0x25, 0x1D, 0x15, 0x2E, 0x5C, 0x98, 0x82, 0x61, 0xB8, 0x48, 0x61, 0x02, 0xB6, 0x0B,
    0x4B, 0x85, 0x68, 0x87, 0x42, 0x78, 0x67, 0x92, 0x93, 0xEF, 0x7B, 0xDC, 0xDB, 0x3B, 0x49, 0x27,
    0xCB, 0xB2, 0x77, 0xF7, 0xBD, 0xDB, 0x23, 0x87, 0x33, 0xF3, 0xFE, 0xBF, 0x37, 0xFB, 0x66, 0x8F,
    0xD7, 0xCD, 0x99, 0xBE, 0x2E, 0x5D, 0x3A, 0x21, 0x72, 0xA2, 0x1F, 0x7A, 0xB9, 0xFA, 0x9B, 0x6E,
    0xBD, 0x5B, 0x6F, 0xD7, 0xDA, 0xB5, 0x1B, 0x6B, 0x37, 0x56, 0x3F, 0xF8, 0xAD, 0xFC, 0x4A, 0x4E,
    0x89, 0x18, 0x99, 0x89, 0xAC, 0x4B, 0x47, 0xD6, 0x8A, 0xAC, 0x81, 0x1D, 0xBB, 0x39, 0xD9, 0x4D,
    0x62, 0x6B, 0x6D, 0x19, 0x81, 0x15, 0xD2, 0xB9, 0xB5, 0x48, 0xEB, 0x29, 0xAB, 0x44, 0x1A, 0x30,
    0xA7, 0xF6, 0x4A, 0x39, 0x7F, 0xFF, 0xC2, 0xD7, 0x82, 0x11, 0x56, 0xDE, 0xDE, 0xDB, 0xB9, 0x23,
    0x5E, 0x15, 0x16, 0x64, 0x99, 0x78, 0x25, 0x98, 0x5F, 0x84, 0x89, 0x04, 0x45, 0x94, 0x88, 0xBE,
    0xF0, 0xCF, 0x01, 0x65, 0xE2, 0x5A, 0x9B, 0x85, 0x58, 0xC1, 0x94, 0x41, 0x99, 0xE2, 0x81, 0x9B,
    0xA0, 0xB9, 0xB8, 0x45, 0x8E, 0xA1, 0x06, 0x8B, 0x44, 0x16, 0xD3, 0xD8, 0x5E, 0x24, 0xC6, 0x17,
    0xC9, 0x4B, 0x3C, 0x54, 0x9F, 0x15, 0xAF, 0x6E, 0x40, 0xAD, 0x52, 0x58, 0xD9, 0x7F, 0xDA, 0xC2,
    0xDA, 0x41, 0x02, 0x5B, 0x3D, 0x34, 0x7F, 0x22, 0xCE, 0x40, 0x59, 0x42, 0xEE, 0x5E, 0x8C, 0x57,
    0x3B, 0xB5, 0xAC, 0x4A, 0x8D, 0x8D, 0x5F, 0x92, 0x06, 0xBB, 0x9C, 0x49, 0x13, 0x09, 0xF9, 0xBA,
    0xE0, 0x4A, 0x0D, 0x0D, 0x18, 0xEF, 0x5B, 0xC8, 0x17, 0xDA, 0x5B, 0x98, 0xCA, 0x1D, 0x82, 0xE2,
    0x39, 0xEC, 0x23, 0x7A, 0x95, 0x6B, 0xAF, 0xC7, 0x3B, 0xB8, 0x36, 0x5B, 0x83, 0x12, 0x9C, 0x06,
    0x8F, 0x43, 0x44, 0x3C, 0x08, 0xC9, 0xC8, 0xC3, 0x64, 0x26, 0x35, 0x74, 0xC8, 0xBB, 0x33, 0x89,
    0xAF, 0x97, 0xBC, 0x63, 0x13, 0x39, 0x2B, 0x72, 0x4E, 0x64, 0xE3, 0x1B, 0x11, 0xDF, 0x62, 0x77,
    0xD1, 0x90, 0x57, 0x62, 0x0A, 0xAC, 0x6F, 0xF0, 0xB8, 0xA4, 0xE2, 0x94, 0xF8, 0x46, 0x51, 0xA9,
    0x9D, 0x08, 0xF3, 0x43, 0x58, 0xA8, 0xDA, 0x25, 0x0B, 0x77, 0xCF, 0x63, 0xCF, 0x89, 0xD3, 0xC9,
    0x5C, 0xC0, 0xFA, 0x05, 0x6B, 0x65, 0x10, 0xB7, 0x95, 0x1C, 0xC2, 0x43, 0x43, 0x31, 0x26, 0xA5,
    0x6D, 0x5C, 0xEA, 0x48, 0x8E, 0x61, 0x9A, 0xAB, 0x5D, 0xD7, 0xB6, 0x37, 0x6E, 0x7C, 0x20, 0xCF,
    0x41, 0xF0, 0xCE, 0x81, 0xBD, 0x82, 0x32, 0x2C, 0xA2, 0x2C, 0x4E, 0x0C, 0xD6, 0xDA, 0x94, 0x9B,
    0xFA, 0x9E, 0x29, 0xDF, 0x14, 0xA3, 0xEF, 0x28, 0x0B, 0x8B, 0xA0, 0xF4, 0x6A, 0xB7, 0x81, 0x9A,
    0x36, 0xE5, 0xC4, 0x33, 0xD0, 0xC6, 0x78, 0xD5, 0xAF, 0x16, 0x57, 0x3B, 0x0C, 0x9F, 0x2F, 0x1F,
    0xE0, 0x44, 0x73, 0x5C, 0xC1, 0x75, 0x17, 0x2B, 0xF8, 0x15, 0x57, 0x30, 0x72, 0x59, 0x4E, 0xA8,
    0x91, 0x6B, 0x7E, 0xB6, 0xBF, 0xCD, 0x20, 0xF3, 0xCA, 0xBF, 0x12, 0xAF, 0x95, 0xE0, 0xCF, 0x12,
    0x87, 0xC9, 0x2F, 0x7C, 0xBD, 0x7B, 0x4C, 0x1E, 0x31, 0x13, 0xE9, 0xE4, 0xEB, 0x7F, 0x3B, 0x0B,
    0xB9, 0xEB, 0x1C, 0x74, 0xD4, 0x7D, 0xD2, 0x33, 0x58, 0x39, 0x4D, 0x4C, 0x12, 0xCB, 0xCB, 0x30,
    0xE4, 0xFB, 0x90, 0x31, 0xA7, 0xED, 0x8B, 0xE9, 0x34, 0x3B, 0x91, 0xE6, 0x9B, 0x98, 0xF8, 0x0D,
    0x38, 0x26, 0x57, 0x87, 0x21, 0xE0, 0x9A, 0x5E, 0x01, 0xFF, 0x93, 0x20, 0x93, 0x10, 0xEA, 0x15,
    0x3C, 0x04, 0x9D, 0xE0, 0x41, 0x88, 0x47, 0x27, 0x87, 0x25, 0x31, 0xB0, 0x3A, 0x18, 0x18, 0x3E,
    0x38, 0x70, 0x14, 0x06, 0xAF, 0xD4, 0xAA, 0xA7, 0xD6, 0x12, 0xF4, 0x17, 0x3A, 0x89, 0x4A, 0x98,
    0xC0, 0x64, 0x30, 0x9F, 0xA1, 0xE5, 0x52, 0xB0, 0x0C, 0x2C, 0xCE, 0xF2, 0x25, 0xE3, 0xB5, 0x84,
    0x77, 0x39, 0x2E, 0x97, 0xB8, 0xC0, 0x13, 0x61, 0x1B, 0x74, 0x34, 0x2F, 0x94, 0x93, 0xD3, 0xA1,
    0x9C, 0xB3, 0x0B, 0x8B, 0x19, 0x9A, 0xAF, 0x80, 0x1D, 0x0B, 0x49, 0xFF, 0x51, 0xC8, 0x6A, 0x54,
    0x60, 0x0F, 0x4F, 0x26, 0x84, 0x0D, 0x6D, 0xAF, 0x1B, 0x5C, 0xB1, 0x2D, 0x36, 0x69, 0xB3, 0x74,
    0x2B, 0x2F, 0x2F, 0x21, 0x24, 0x56, 0x25, 0xA8, 0xCF, 0x80, 0xA0, 0xB4, 0x6A, 0x7C, 0x00, 0xFB,
    0x60, 0x2C, 0x04, 0x10, 0xDB, 0x94, 0x58, 0x0F, 0x77, 0xF0, 0x35, 0xBD, 0x33, 0xDD, 0x86, 0xBE,
    0x1B, 0x12, 0xE7, 0x09, 0x2C, 0x5C, 0xCE, 0x5A, 0x68, 0x38, 0x2D, 0x10, 0x36, 0x25, 0xE6, 0xA9,
    0x4E, 0x81, 0x70, 0x87, 0xA1, 0x57, 0xC8, 0x04, 0xE2, 0x61, 0x2D, 0x41, 0xB8, 0xE1, 0xE9, 0x62,
    0x9C, 0x9F, 0x29, 0x61, 0x9F, 0x82, 0xFA, 0x77, 0x50, 0x50, 0x7A, 0x07, 0x7B, 0xC1, 0x18, 0x97,
    0x21, 0x09, 0xAB, 0xE1, 0x15, 0xF3, 0x5B, 0x4A, 0xC6, 0x6B, 0x7A, 0xC3, 0xBF, 0xCB, 0x80, 0xFD,
    0x18, 0x2C, 0x7E, 0x15, 0x6C, 0x93, 0xEB, 0x74, 0x60, 0x6E, 0x03, 0xE6, 0xD7, 0x60, 0x70, 0xCB,
    0x4A, 0xE2, 0x04, 0x2C, 0x9D, 0x5C, 0xB8, 0x9F, 0xE4, 0x8C, 0x8B, 0x54, 0x93, 0x91, 0x6E, 0xEA,
    0x61, 0x76, 0x7C, 0x8B, 0x5A, 0x29, 0x94, 0xEE, 0x4C, 0xE1, 0xBE, 0xBA, 0xE7, 0x07, 0xC9, 0x72,
    0xCC, 0x20, 0xCF, 0x5E, 0xA7, 0x0D, 0x4C, 0x39, 0x4A, 0x10, 0xD4, 0x07, 0x14, 0x56, 0x2F, 0xC2,
    0x24, 0xE6, 0x2E, 0xB4, 0x80, 0xA0, 0x72, 0xF3, 0x2D, 0x98, 0x2A, 0xDF, 0x86, 0xAA, 0x6B, 0xD8,
    0xAD, 0x76, 0x21, 0xB8, 0xDF, 0x1C, 0xE8, 0x35, 0xE6, 0x2C, 0xAF, 0x9C, 0x13, 0xB3, 0x61, 0x33,
    0x68, 0xAE, 0x36, 0x95, 0xDF, 0x19, 0x84, 0x2A, 0x8C, 0xDF, 0x83, 0x06, 0x44, 0x76, 0x0F, 0xF3,
    0x77, 0x61, 0xE9, 0x76, 0x41, 0xBB, 0xD2, 0x78, 0xCC, 0x03, 0xA9, 0x55, 0xF3, 0x63, 0x7C, 0x03,
    0x69, 0xDA, 0xCD, 0xE9, 0x75, 0x64, 0x14, 0xBF, 0xA6, 0xE5, 0x4E, 0xE9, 0x2E, 0xE3, 0x62, 0xCC,
    0x09, 0x4C, 0x83, 0x58, 0x10, 0x91, 0x2F, 0x88, 0x22, 0xF1, 0x9A, 0xC5, 0x16, 0xCB, 0xA5, 0x51,
    0x35, 0x7F, 0x70, 0x18, 0xE3, 0xFF, 0x2A, 0x5D, 0xE1, 0x2B, 0x4D, 0xAA, 0x01, 0x52, 0x4D, 0x54,
    0xF8, 0x75, 0x9C, 0x78, 0x8D, 0x41, 0xC2, 0x30, 0x89, 0xDB, 0xC4, 0x85, 0x57, 0x87, 0x4D, 0x54,
    0x7A, 0xF4, 0x9A, 0x7C, 0x10, 0x7F, 0x0F, 0x7A, 0x2A, 0xA2, 0x1A, 0xC9, 0xA8, 0xE5, 0x9E, 0xD3,
    0x91, 0x30, 0xD6, 0x6B, 0xE2, 0x2A, 0xAA, 0xA9, 0x47, 0x87, 0x89, 0xE5, 0xD8, 0x98, 0xBC, 0x1D,
    0x58, 0x9E, 0x5E, 0x67, 0xBE, 0xCE, 0x8B, 0x14, 0x7B, 0xC5, 0x0C, 0x75, 0x8F, 0x4D, 0xC1, 0xAD,
    0x5B, 0x68, 0xAA, 0x65, 0x62, 0x4A, 0xB3, 0xA0, 0x45, 0xCD, 0x68, 0x03, 0xFB, 0x7D, 0x2B, 0x6F,
    0x71, 0xC3, 0x5E, 0x7D, 0xB0, 0x69, 0xB8, 0xBA, 0x58, 0x79, 0x61, 0xA7, 0x43, 0x3E, 0xAF, 0x65,
    0x05, 0xA2, 0x2D, 0xC2, 0x56, 0x16, 0xDF, 0x1C, 0x88, 0x1F, 0x15, 0x54, 0xC1, 0xC1, 0xEB, 0x18,
    0x64, 0x8D, 0x79, 0x35, 0x0B, 0x35, 0xEC, 0x9F, 0x5B, 0x5C, 0x47, 0xC0, 0x4A, 0x5A, 0x22, 0xB3,
    0x26, 0x92, 0x36, 0xF8, 0x33, 0xBA, 0x17, 0x75, 0xC1, 0x3A, 0x11, 0x51, 0x6F, 0xF4, 0xB2, 0x60,
    0x58, 0x5C, 0x09, 0x74, 0xD6, 0x93, 0x93, 0x49, 0x02, 0x0F, 0xAA, 0x72, 0xAB, 0xBE, 0xB9, 0x7C,
    0x1D, 0xBE, 0xCE, 0xC0, 0x57, 0xDD, 0xB6, 0x4C, 0xDC, 0x78, 0x34, 0xDE, 0x9F, 0x2C, 0x64, 0xF4,
    0x32, 0x91, 0xE3, 0xDF, 0x52, 0xE2, 0x7E, 0x1C, 0x87, 0xFA, 0x29, 0xCF, 0x0F, 0xA8, 0x81, 0xE5,
    0x7C, 0xA7, 0xA6, 0x95, 0xC6, 0x8F, 0x5F, 0x33, 0x57, 0xA4, 0x4C, 0xE1, 0x50, 0x02, 0x96, 0x87,
    0x5C, 0xE0, 0xCE, 0xFE, 0x92, 0x4E, 0x42, 0xB7, 0xC5, 0x94, 0xC1, 0xE1, 0x9D, 0x38, 0xF9, 0x90,
    0xB0, 0xF0, 0x31, 0x22, 0xF3, 0xCC, 0xD5, 0x6C, 0x0F, 0x37, 0xF3, 0x35, 0x08, 0xC3, 0x22, 0x47,
    0xBE, 0x8D, 0x5E, 0xB1, 0xD6, 0xA9, 0x63, 0x41, 0x1E, 0x6C, 0xD7, 0x99, 0x18, 0xBB, 0x91, 0xAF,
    0xC9, 0x86, 0x4D, 0x50, 0xA2, 0xF6, 0x76, 0xC0, 0x51, 0x82, 0x93, 0x76, 0x1D, 0x35, 0x38, 0x69,
    0x8C, 0x57, 0x99, 0x77, 0xEA, 0xD8, 0xB3, 0x77, 0xEF, 0xA2, 0x24, 0xDB, 0x77, 0x6D, 0x32, 0x6A,
    0x98, 0xA6, 0x11, 0xE6, 0x05, 0xA6, 0x64, 0xA3, 0xB9, 0xC4, 0xD7, 0x42, 0x32, 0x86, 0xAC, 0x9C,
    0x1E, 0xB3, 0x5F, 0x46, 0x6E, 0x8B, 0x25, 0x77, 0xFF, 0xA7, 0x95, 0xEA, 0x4B, 0x3E, 0xED, 0x7F,
    0x4A, 0x1E, 0x7C, 0xD8, 0x32, 0xA9, 0x67, 0x1D, 0xCB, 0x98, 0xBA, 0xA2, 0x41, 0x7D, 0x20, 0x96,
    0xA0, 0x7B, 0xCE, 0xD4, 0x97, 0xC7, 0xB0, 0x55, 0xEE, 0xEE, 0x4E, 0x5E, 0x2F, 0x55, 0x27, 0xB5,
    0xF8, 0x0C, 0x75, 0x6A, 0x06, 0x0E, 0x9E, 0xF7, 0xD8, 0x45, 0x82, 0xE8, 0x44, 0xC2, 0x9D, 0x4C,
    0xAF, 0xE8, 0xE8, 0x12, 0x32, 0xC1, 0xEF, 0xFC, 0xDA, 0xEB, 0x38, 0xB0, 0x27, 0x1B, 0x96, 0xDF,
    0x78, 0x0D, 0x0F, 0xFA, 0x7B, 0x30, 0x0A, 0x4A, 0x6C, 0x42, 0x46, 0xC5, 0x3B, 0x7A, 0x37, 0x25,
    0x33, 0x0F, 0x32, 0x0B, 0xB6, 0xD2, 0x8B, 0x66, 0x3C, 0x4C, 0x9F, 0xB1, 0xCE, 0xD3, 0xD4, 0x96,
    0x26, 0x85, 0x0A, 0x7C, 0xF8, 0x26, 0xA3, 0x3B, 0x64, 0x10, 0x86, 0x34, 0xEF, 0xB3, 0x63, 0x8D,
    0x4E, 0x97, 0x2C, 0x5F, 0xB2, 0x83, 0x6B, 0x74, 0x03, 0x75, 0xEF, 0xB1, 0x8C, 0x87, 0xC0, 0x04,
    0x48, 0xF6, 0x7F, 0xC4, 0x8E, 0x2C, 0x72, 0x2A, 0xDC, 0x1D, 0x5E, 0x44, 0x38, 0xB0, 0x2F, 0x56,
    0x45, 0xB1, 0xB8, 0x49, 0xC7, 0x26, 0xDC, 0x5A, 0x41, 0x25, 0x54, 0x3E, 0x55, 0x02, 0xE6, 0x93,
    0x79, 0xCD, 0xE3, 0xD8, 0x72, 0x88, 0x3E, 0xC1, 0x30, 0x87, 0x97, 0xF9, 0xF7, 0x2F, 0x0C, 0x4B,
    0xB1, 0x12, 0x2C, 0x34, 0xBD, 0x82, 0x2F, 0x1D, 0x96, 0xE9, 0x70, 0xFF, 0x12, 0x68, 0x15, 0xF4,
    0x22, 0x48, 0x96, 0xB4, 0x37, 0x4D, 0xA0, 0xB0, 0x02, 0x94, 0x3D, 0x70, 0x7D, 0xA4, 0x35, 0xA5,
    0xFB, 0x93, 0xCB, 0x98, 0xB5, 0xC7, 0x5C, 0xFD, 0x43, 0x73, 0xCE, 0x16, 0xF3, 0x3E, 0x38, 0xE7,
    0xFD, 0x89, 0xE8, 0x7C, 0x47, 0xCF, 0xB9, 0x24, 0xD6, 0x40, 0xF5, 0x08, 0x17, 0xC9, 0x95, 0xCE,
    0x97, 0x51, 0xFD, 0xA5, 0xDF, 0x23, 0x44, 0x10, 0x12, 0x1E, 0x42, 0x1E, 0x0C, 0x6A, 0x75, 0x33,
    0x45, 0x47, 0x8F, 0xAA, 0xDF, 0x0E, 0xF8, 0xD7, 0xF6, 0x29, 0x53, 0x0B, 0x86, 0x84, 0x85, 0x61,
    0x84, 0x21, 0xE2, 0xC2, 0x82, 0xEA, 0x2F, 0x3C, 0x9B, 0x6C, 0x14, 0xA3, 0xC3, 0x45, 0x76, 0x57,
    0xB4, 0x9E, 0x4F, 0x2E, 0xCA, 0xC9, 0xD7, 0x12, 0xE6, 0x30, 0x5B, 0x6C, 0xEC, 0x22, 0x03, 0x51,
    0xF9, 0x2E, 0xDD, 0xEB, 0x07, 0xF9, 0xDE, 0xF4, 0x7A, 0x4B, 0xA9, 0xEC, 0x92, 0xFF, 0x98, 0xA7,
    0x94, 0xE7, 0x96, 0xD8, 0x75, 0x5C, 0x11, 0xAB, 0xE3, 0x0B, 0xD6, 0x55, 0xFB, 0x3D, 0xC5, 0x07,
    0x93, 0xE0, 0xC1, 0x63, 0xE7, 0xB7, 0x50, 0x85, 0x9E, 0x85, 0xE2, 0x10, 0x5B, 0x4F, 0xFB, 0x41,
    0x50, 0x76, 0xE2, 0x76, 0x92, 0x37, 0x2C, 0xC0, 0x6F, 0x51, 0x15, 0xCE, 0x64, 0xDB, 0x5A, 0xCF,
    0x36, 0x1B, 0xBB, 0x4E, 0xBE, 0x85, 0x55, 0xE6, 0xCB, 0x88, 0x62, 0x08, 0x69, 0x60, 0x22, 0x2E,
    0x51, 0x43, 0x32, 0x06, 0x18, 0x73, 0xC3, 0xA0, 0x40, 0x96, 0x06, 0x8C, 0x79, 0x23, 0xE4, 0x10,
    0x8F, 0x3B, 0x74, 0xBB, 0x65, 0x5C, 0x1A, 0xAA, 0x34, 0x2E, 0xB8, 0x65, 0x38, 0x0D, 0xEA, 0xC7,
    0xE4, 0x35, 0x7A, 0x7C, 0x42, 0xB9, 0xE5, 0x87, 0x3C, 0xE2, 0x31, 0xF4, 0x06, 0xE8, 0x06, 0xA8,
    0x85, 0x67, 0xB5, 0xF0, 0xC4, 0x96, 0x06, 0x98, 0x20, 0x8A, 0x8E, 0xFD, 0x49, 0x23, 0x6B, 0xD8,
    0x60, 0x16, 0x6E, 0x99, 0xFF, 0xF3, 0x82, 0xC5, 0x00, 0xFE, 0x7C, 0x0F, 0x10, 0xBA, 0xF0, 0x3F,
    0x29, 0xBC, 0x7B, 0x85, 0xFF, 0x71, 0x1D, 0x7C, 0x52, 0xF8, 0xB7, 0xEA, 0xF0, 0xBD, 0xC2, 0xFF,
    0x77, 0x1B, 0x03, 0xD3, 0x16, 0xDD, 0x1A, 0xF9, 0x7C, 0x46, 0x6E, 0x1A, 0xF2, 0xB8, 0x26, 0x0F,
    0x4B, 0xF2, 0x80, 0xB8, 0x57, 0xE1, 0xC2, 0x61, 0x8E, 0xDC, 0x44, 0x81, 0x06, 0xFA, 0xDD, 0x64,
    0x1B, 0xB6, 0xC8, 0xB0, 0x3A, 0x30, 0xDB, 0x06, 0xB0, 0x04, 0xBC, 0xC8, 0x12, 0x51, 0xFA, 0x70,
    0x35, 0xF0, 0x7B, 0x25, 0xF9, 0x7F, 0x6A, 0xF2, 0x4F, 0x5B, 0xF2, 0xDB, 0x1D, 0x79, 0x69, 0x95,
    0x9B, 0x84, 0x3C, 0x2E, 0xC8, 0xC3, 0x8A, 0xDC, 0xAF, 0xC9, 0xBD, 0x8E, 0x5C, 0x7A, 0xE5, 0xB9,
    0x72, 0xA3, 0x3C, 0x6A, 0x59, 0xAD, 0x81, 0xD7, 0xB0, 0x3A, 0x61, 0x80, 0x3B, 0xD7, 0x84, 0xD5,
    0x69, 0xC2, 0x4A, 0x90, 0xB0, 0xD2, 0x82, 0x09, 0xAB, 0x8E, 0x68, 0x13, 0x44, 0x0C, 0xAB, 0x39,
    0x4C, 0x9D, 0x8A, 0xD6, 0x73, 0x30, 0x46, 0x0C, 0x99, 0xB3, 0xBC, 0xE6, 0x76, 0x88, 0x18, 0x8C,
    0xC3, 0x60, 0x9A, 0x32, 0xA8, 0x43, 0xDA, 0xCC, 0x1B, 0x90, 0x8D, 0x1C, 0x3B, 0xF6, 0x5B, 0x4C,
    0x63, 0xE7, 0xC6, 0x84, 0xC5, 0x18, 0x42, 0xCC, 0x23, 0xE3, 0xF8, 0x8C, 0xFB, 0x9E, 0xBE, 0x72,
    0x88, 0xF0, 0xBF, 0x83, 0xEB, 0x41, 0xCB, 0x26, 0x87, 0x59, 0xD8, 0xDF, 0x3B, 0xFB, 0xA4, 0x98,
    0xD7, 0x74, 0x49, 0xFB, 0xA9, 0x0C, 0xCC, 0xBA, 0xC0, 0x62, 0xD8, 0x44, 0xC8, 0x7C, 0x46, 0x29,
    0x19, 0xF9, 0x1D, 0x33, 0x2F, 0xAA, 0x27, 0xC3, 0x7E, 0xE4, 0xFD, 0x02, 0xEB, 0x8C, 0x7C, 0x79,
    0xDD, 0x61, 0xA7, 0xA4, 0xE3, 0x33, 0x16, 0xDE, 0x88, 0x12, 0xE9, 0x54, 0xA8, 0x32, 0x90, 0x29,
    0xA3, 0x03, 0xB2, 0x2A, 0x8D, 0x52, 0xC9, 0x46, 0xA9, 0xF8, 0xA1, 0xD3, 0xF2, 0x96, 0xDF, 0x66,
    0x05, 0x8B, 0x88, 0x6A, 0xB5, 0xA8, 0x6B, 0xF5, 0x7B, 0x20, 0x4D, 0x33, 0x94, 0xDD, 0x7E, 0xBF,
    0x78, 0x8C, 0x55, 0x45, 0x59, 0xBE, 0x5F, 0x87, 0x30, 0x95, 0x4F, 0x64, 0x3F, 0x46, 0xC8, 0xFD,
    0x3C, 0xD9, 0x0F, 0x1D, 0x0D, 0x5F, 0x0D, 0x27, 0xE7, 0xA0, 0x7C, 0xE5, 0x50, 0x44, 0x62, 0x2A,
    0xA4, 0xBC, 0x18, 0x20, 0x68, 0x57, 0x5B, 0x8B, 0x70, 0xD8, 0x81, 0xFD, 0x9C, 0x1A, 0x62, 0x00,
    0x8F, 0x29, 0x9D, 0x65, 0x39, 0x81, 0xED, 0xB5, 0xB1, 0x75, 0x18, 0x76, 0x11, 0xB7, 0x97, 0x52,
    0x99, 0xF4, 0x82, 0x6E, 0x15, 0x72, 0x93, 0xD6, 0x68, 0xC9, 0x04, 0x38, 0x0E, 0xBA, 0x5D, 0xE1,
    0x0E, 0x4E, 0x26, 0x72, 0x7A, 0x3A, 0x9D, 0x26, 0x84, 0xCA, 0x99, 0xB2, 0x4B, 0x68, 0x03, 0x47,
    0xF6, 0x17, 0x54, 0x8F, 0x6C, 0xAC, 0xFC, 0x3F, 0x95, 0x35, 0x8B, 0x96, 0x88, 0xCD, 0x17, 0xD3,
    0xE9, 0xC9, 0xD7, 0xB0, 0x08, 0xD0, 0x6F, 0xF1, 0xD2, 0xC0, 0x8C, 0x8A, 0x41, 0x23, 0xE2, 0xF9,
    0x39, 0x1C, 0x99, 0x13, 0xEB, 0x80, 0x8F, 0x5F, 0x46, 0xED, 0x89, 0xCD, 0x68, 0x3A, 0xA3, 0x65,
    0x3B, 0x18, 0x91, 0x0A, 0x64, 0x1D, 0xB3, 0x3A, 0x33, 0x64, 0x8A, 0x94, 0xBF, 0x2B, 0x2F, 0xED,
    0xD2, 0xFC, 0x9E, 0x7E, 0x90, 0xC5, 0xD8, 0x7F, 0x16, 0x74, 0x0E, 0x82, 0x1E, 0xC4, 0x6C, 0x46,
    0x4C, 0x1D, 0x6B, 0x0D, 0x31, 0x8A, 0x54, 0x2E, 0x6B, 0x07, 0x3E, 0xA3, 0x7F, 0x14, 0x8A, 0x63,
    0x3E, 0xA4, 0x84, 0xE1, 0x88, 0x6C, 0xBE, 0x54, 0xAC, 0xF3, 0xBF, 0x52, 0x7B, 0x73, 0x45, 0x3F,
    0x76, 0xC4, 0x43, 0x72, 0xC0, 0xF9, 0x9A, 0xBC, 0x25, 0xC7, 0x13, 0xE7, 0xFC, 0x16, 0x76, 0x11,
    0xA3, 0x03, 0xA9, 0x37, 0xE0, 0xC2, 0xC5, 0x71, 0x00, 0xF1, 0x8A, 0x9E, 0x7D, 0x99, 0x7B, 0x01,
    0x46, 0x99, 0xF1, 0xAF, 0x65, 0x96, 0x85, 0x50, 0xDF, 0x33, 0x43, 0x38, 0xAD, 0xF3, 0x5D, 0x8B,
    0x3E, 0x94, 0xC7, 0x2B, 0x7A, 0xC2, 0xD2, 0x79, 0x55, 0xC7, 0xF3, 0x95, 0x9B, 0x5E, 0x89, 0x0F,
    0xDB, 0xA2, 0x62, 0x93, 0xD0, 0xD5, 0xA0, 0xC0, 0x85, 0xFA, 0x37, 0x31, 0x68, 0x54, 0x25, 0x7E,
    0x9D, 0x1F, 0x38, 0x45, 0x2E, 0xE1, 0x3D, 0xEE, 0x77, 0xE0, 0x07, 0x7F, 0x3B, 0xB4, 0xA9, 0xDC,
    0x79, 0x37, 0x7A, 0x38, 0x7C, 0xC5, 0xEB, 0x46, 0xB3, 0x31, 0x79, 0x2C, 0xF1, 0x2E, 0xEC, 0xF6,
    0x16, 0x6C, 0x96, 0x0F, 0x80, 0xE1, 0x71, 0x3B, 0xAA, 0xC7, 0x52, 0x2F, 0x26, 0xDB, 0x64, 0x7B,
    0x81, 0x67, 0xC2, 0xEF, 0xD8, 0xD5, 0xD1, 0xE9, 0x34, 0x86, 0x46, 0x69, 0xA9, 0x04, 0x4F, 0x81,
    0xF5, 0x47, 0x44, 0xF5, 0xEF, 0x74, 0x54, 0xE1, 0x40, 0x94, 0x07, 0xA4, 0xDB, 0x32, 0x8B, 0x10,
    0x97, 0xA4, 0x80, 0xC3, 0x83, 0x96, 0x2D, 0x28, 0x66, 0x72, 0x85, 0x75, 0xA6, 0xDB, 0x68, 0x9D,
    0xBC, 0x82, 0x65, 0x62, 0xEE, 0x65, 0x9D, 0x36, 0x9D, 0x31, 0x8A, 0xD9, 0x87, 0x52, 0x70, 0xF3,
    0x07, 0xF6, 0x54, 0x1F, 0x33, 0xDB, 0x7E, 0x91, 0x89, 0x02, 0x7A, 0x44, 0xAF, 0x8C, 0xED, 0x0F,
    0x2D, 0xF7, 0x08, 0xD3, 0x1B, 0x31, 0x37, 0x64, 0xB0, 0x49, 0xB8, 0xFC, 0x35, 0xB8, 0xC6, 0x40,
    0x5A, 0xD5, 0xF0, 0xF0, 0xEB, 0x55, 0x6D, 0xD4, 0x18, 0x48, 0x4C, 0x7F, 0xFD, 0xD8, 0x46, 0x11,
    0xC4, 0x47, 0x8B, 0x0E, 0xCB, 0x32, 0x90, 0xB4, 0xA5, 0x3B, 0x86, 0x91, 0x2F, 0x60, 0xE4, 0xCB,
    0xF9, 0x64, 0xB2, 0x89, 0x98, 0x19, 0x48, 0x06, 0xB3, 0x99, 0x64, 0x5D, 0x9E, 0xE6, 0x8D, 0x27,
    0x30, 0xEB, 0xB6, 0x1E, 0x31, 0xCC, 0xF4, 0xB8, 0x61, 0x4D, 0x4F, 0x14, 0x22, 0xE1, 0xE9, 0x02,
    0x4C, 0x17, 0x10, 0xD9, 0xF0, 0xD4, 0xC1, 0xE5, 0x09, 0x9A, 0x1E, 0x58, 0xB4, 0x7A, 0x26, 0x31,
    0x0E, 0x8D, 0xC7, 0xA1, 0x09, 0xCF, 0x2D, 0xFC, 0x71, 0x28, 0xC6, 0x9D, 0xCD, 0x3B, 0xDB, 0x39,
    0x33, 0x79, 0xAA, 0x77, 0xDE, 0xE5, 0xDD, 0xE2, 0xC4, 0x45, 0x1B, 0xD5, 0x42, 0xBB, 0x6F, 0xE7,
    0x3E, 0x43, 0x03, 0xEE, 0x51, 0x5C, 0xC6, 0x76, 0x0C, 0x16, 0x8C, 0xB2, 0x75, 0x98, 0xFF, 0x4D,
    0x71, 0xB7, 0x64, 0xEC, 0x04, 0x54, 0x89, 0x2F, 0xC2, 0x6D, 0xF3, 0x2C, 0x62, 0x71, 0x3F, 0xC3,
    0xBE, 0x04, 0x9E, 0x8C, 0x98, 0x33, 0x77, 0x2C, 0x85, 0x84, 0x52, 0xE2, 0xEC, 0x19, 0x9D, 0x36,
    0xCE, 0x9C, 0x29, 0xC6, 0x21, 0x2A, 0xCD, 0xD7, 0x69, 0x36, 0xC7, 0xFF, 0xBD, 0x92, 0xC9, 0x72,
    0x97, 0x79, 0xE1, 0x8B, 0x36, 0x1A, 0xC2, 0x16, 0xDD, 0x8E, 0x5C, 0x64, 0x26, 0x2E, 0xC7, 0x04,
    0x1C, 0x3E, 0x4C, 0xB7, 0xE7, 0x30, 0xBC, 0x2D, 0x43, 0xBB, 0xD3, 0x84, 0x8D, 0x87, 0x8E, 0x59,
    0x7A, 0xD0, 0x00, 0xCA, 0x41, 0xE9, 0x21, 0x9A, 0x8F, 0xF7, 0x5C, 0x8C, 0x09, 0x1A, 0x1E, 0x1F,
    0x06, 0x8B, 0xAC, 0x27, 0xF1, 0xD8, 0xFD, 0x86, 0x7B, 0x3B, 0x19, 0xA2, 0x10, 0xB2, 0x05, 0xD8,
    0x8F, 0xA3, 0x1D, 0xC9, 0x61, 0x1A, 0x16, 0x30, 0xD2, 0x64, 0x8E, 0xA0, 0xD3, 0x2D, 0x02, 0x85,
    0x9F, 0xED, 0xA8, 0x29, 0xB9, 0xB8, 0xA5, 0x4D, 0x9E, 0x1E, 0x59, 0xF8, 0x0F, 0xD2, 0x4B, 0xB6,
    0xC2, 0xFC, 0x15, 0xE6, 0xAF, 0xE2, 0xC2, 0xAF, 0xD0, 0x51, 0x54, 0x28, 0x02, 0x15, 0x90, 0x53,
    0xD5, 0x1F, 0xA2, 0xF9, 0xE2, 0xBA, 0x49, 0x82, 0xCA, 0x94, 0x06, 0x9D, 0xF4, 0xF7, 0x83, 0x67,
    0x3F, 0xB5, 0x7A, 0xA4, 0x84, 0x69, 0x5D, 0xEC, 0x37, 0xDC, 0x43, 0xFE, 0x47, 0x5B, 0x6B, 0x20,
    0xFD, 0x26, 0x5A, 0xC0, 0x7C, 0x72, 0xA1, 0xE6, 0xF9, 0x17, 0xAB, 0x0E, 0xF7, 0x38, 0x5F, 0xE0,
    0x5D, 0x94, 0xB4, 0x24, 0xAE, 0xD0, 0xFA, 0xE9, 0xC1, 0x60, 0x3F, 0xEE, 0x31, 0xD8, 0x15, 0x3D,
    0x45, 0xB0, 0x7F, 0x57, 0xF7, 0xDD, 0xEF, 0xB3, 0x49, 0xFE, 0x2E, 0x4F, 0x16, 0x6A, 0xA5, 0xC3,
    0x27, 0x33, 0x4F, 0x22, 0x83, 0x10, 0x37, 0x8C, 0xA5, 0xF8, 0x9B, 0x73, 0x90, 0x71, 0x08, 0x76,
    0x37, 0x5A, 0x3D, 0x41, 0xC8, 0xBC, 0x5A, 0x4F, 0x04, 0x12, 0x42, 0x05, 0x0F, 0xA0, 0x2F, 0x64,
    0x91, 0x2F, 0x28, 0x83, 0x77, 0x3B, 0xD1, 0x36, 0x3C, 0xFC, 0xEC, 0x1C, 0x4F, 0x06, 0x2A, 0x0F,
    0x8D, 0x41, 0x98, 0x39, 0x03, 0xDA, 0xD1, 0x14, 0x9E, 0x6C, 0x90, 0x48, 0xE6, 0xE6, 0xEB, 0x0B,
    0x1D, 0x7C, 0xA3, 0xC6, 0xF8, 0xE4, 0xF4, 0xB6, 0x8C, 0x05, 0x4C, 0xA2, 0xC7, 0x97, 0x98, 0x0D,
    0x94, 0xA7, 0xFF, 0xC2, 0x18, 0x68, 0x57, 0x91, 0x26, 0x7B, 0x18, 0xCB, 0x23, 0x36, 0xF5, 0x58,
    0x74, 0x7F, 0x2C, 0x33, 0x83, 0x6F, 0xAB, 0xD4, 0xFA, 0x3C, 0x6D, 0x63, 0x4F, 0x10, 0x96, 0xC7,
    0xF5, 0x0C, 0x63, 0x9A, 0x01, 0xC9, 0x14, 0xE1, 0x91, 0x6F, 0xDB, 0xD9, 0x51, 0xEF, 0xC8, 0x5A,
    0xDA, 0xD2, 0x8B, 0x3B, 0x0D, 0xAC, 0x8B, 0xAA, 0xF2, 0x83, 0xEF, 0x4D, 0xB9, 0xF9, 0xCB, 0x2E,
    0x6D, 0xD2, 0x42, 0x85, 0xCB, 0x97, 0xC2, 0xF9, 0x47, 0xB2, 0xE7, 0xA7, 0xC4, 0x68, 0xC4, 0x11,
    0x01, 0x51, 0x41, 0x50, 0x12, 0x29, 0x64, 0xBC, 0xC6, 0x76, 0xEC, 0x26, 0xD3, 0x1E, 0xD3, 0xD1,
    0xDE, 0x5C, 0x16, 0xD7, 0x46, 0x54, 0x17, 0x96, 0x87, 0xC0, 0x04, 0x73, 0x6B, 0xC2, 0xDC, 0x8A,
    0x25, 0xD3, 0x3A, 0x02, 0x02, 0x7F, 0xF2, 0xDB, 0xD8, 0xD4, 0x4E, 0x93, 0x79, 0xB2, 0x52, 0x89,
    0xFD, 0xAB, 0xAD, 0xB0, 0xC8, 0x86, 0xDD, 0xF9, 0x7E, 0xCF, 0x02, 0x56, 0x7A, 0x94, 0x30, 0x2C,
    0x15, 0x43, 0x85, 0xC5, 0xCF, 0xFA, 0x03, 0xEB, 0xDB, 0x77, 0x6C, 0x63, 0x61, 0xF0, 0x5B, 0xB6,
    0x9D, 0x26, 0x00, 0x42, 0x58, 0xAD, 0xE6, 0x5A, 0x2D, 0x56, 0x62, 0x91, 0x29, 0x45, 0x2B, 0xCD,
    0x8F, 0x67, 0x9C, 0xB3, 0x50, 0xC6, 0xE8, 0xE6, 0xD9, 0x55, 0xB8, 0x97, 0xA3, 0x3B, 0x0C, 0x11,
    0x7D, 0x5E, 0x9D, 0xC3, 0xF7, 0xE7, 0x00, 0x09, 0xFD, 0x21, 0x82, 0xC3, 0x34, 0x3C, 0x1F, 0x47,
    0xF4, 0xD7, 0x71, 0xC9, 0x6A, 0x6C, 0x13, 0x77, 0x11, 0xDD, 0xA7, 0x33, 0xEC, 0x29, 0xFD, 0x1C,
    0x7B, 0x8A, 0xEC, 0x0E, 0x0F, 0xAE, 0x1C, 0x75, 0xAF, 0xF1, 0x38, 0x5D, 0x59, 0x72, 0x04, 0x5B,
    0x7A, 0x56, 0xCF, 0xE6, 0x7B, 0x71, 0x8C, 0xEB, 0x11, 0x86, 0x78, 0xDF, 0x9E, 0x7D, 0xC4, 0x85,
    0x83, 0x11, 0x20, 0x25, 0x0B, 0x26, 0x2F, 0xED, 0x25, 0x3F, 0x21, 0x69, 0x54, 0x63, 0x40, 0x7D,
    0x5E, 0xC9, 0x89, 0x87, 0x92, 0x90, 0xAC, 0x34, 0x04, 0xA7, 0xEC, 0x44, 0xA6, 0xAF, 0xCC, 0xED,
    0x7B, 0x76, 0xC3, 0xE6, 0x61, 0xFB, 0x72, 0x58, 0xBE, 0x10, 0xEA, 0x19, 0xD3, 0x91, 0x1F, 0xCB,
    0xF3, 0x29, 0x24, 0xF1, 0xAD, 0xD0, 0x76, 0xE6, 0x33, 0xF4, 0x00, 0xAB, 0x9B, 0x72, 0x8A, 0xE7,
    0xD4, 0x5F, 0xF1, 0x47, 0x16, 0xAA, 0x67, 0x05, 0xDE, 0x8F, 0x9C, 0x9F, 0xCE, 0x64, 0x73, 0xE6,
    0xF4, 0xB9, 0x6D, 0x53, 0x5B, 0x3A, 0xE7, 0x78, 0x6A, 0xE1, 0xED, 0xA3, 0xA9, 0x95, 0x3D, 0x74,
    0x8C, 0xF5, 0xDB, 0x7B, 0xDB, 0xCB, 0x2B, 0x47, 0x7F, 0x9A, 0x5F, 0x7B, 0x56, 0xFB, 0xCC, 0x93,
    0x48, 0xA6, 0xC7, 0xAF, 0x21, 0x9B, 0x02, 0x9A, 0xC4, 0x95, 0x3B, 0xF0, 0xA8, 0x6B, 0xFE, 0xA3,
    0x99, 0xB6, 0x94, 0x5E, 0x1B, 0xF0, 0x20, 0xD9, 0xA6, 0x6C, 0x8A, 0x4C, 0xA5, 0xE9, 0xEF, 0xF4,
    0xB5, 0xE3, 0xD3, 0xCC, 0x0C, 0x81, 0x2D, 0xA2, 0xC6, 0x19, 0xC6, 0xB6, 0xD5, 0xAB, 0x81, 0x3E,
    0xDC, 0x86, 0xBF, 0xCF, 0xE8, 0x8F, 0x54, 0x1D, 0xC1, 0x53, 0x4F, 0xE4, 0xB4, 0x49, 0xB8, 0x64,
    0xF8, 0x13, 0x82, 0x21, 0xEC, 0x8B, 0xE6, 0x23, 0x4A, 0x5A, 0x30, 0x7F, 0x1F, 0x14, 0x9D, 0xBE,
    0xE6, 0x5C, 0x71, 0x31, 0x6D, 0xEF, 0x75, 0x68, 0xE4, 0xA2, 0xCA, 0xEB, 0x1C, 0x9A, 0xC4, 0xEF,
    0x15, 0xB5, 0x61, 0x13, 0xFC, 0xC1, 0x29, 0x4C, 0x51, 0xAE, 0xDD, 0x26, 0x8C, 0x59, 0xB8, 0xD1,
    0x4D, 0xFE, 0x9E, 0x2B, 0xAD, 0x87, 0xEF, 0xF2, 0xE8, 0x7A, 0x2D, 0xB8, 0x85, 0x25, 0x2F, 0x5F,
    0xF2, 0x3F, 0xC2, 0xA2, 0xEB, 0x37, 0xBC, 0xBB, 0xC4, 0x18, 0x8D, 0x47, 0x1F, 0x88, 0x6B, 0x1E,
    0xB9, 0x23, 0x31, 0x38, 0xFC, 0x03, 0xA4, 0x31, 0x2C, 0x81, 0xD8, 0xE9, 0xAB, 0x72, 0x2D, 0xEF,
    0xDD, 0x21, 0xAA, 0xFD, 0xC6, 0xE3, 0xAF, 0x52, 0x5D, 0x9C, 0x08, 0x0F, 0x45, 0x4D, 0x37, 0x42,
    0x15, 0x52, 0x8C, 0x4D, 0x6E, 0xB2, 0x85, 0x4F, 0xC5, 0xAD, 0xE9, 0x44, 0x61, 0x99, 0x17, 0x66,
    0xE0, 0xA9, 0xC2, 0x21, 0x5D, 0x2C, 0x8E, 0xBD, 0x14, 0x40, 0x13, 0x39, 0x8F, 0x70, 0x72, 0x5F,
    0x17, 0xFB, 0x28, 0x52, 0xF8, 0x5B, 0x0C, 0xA6, 0xDD, 0x19, 0x41, 0x23, 0x34, 0xC0, 0xB4, 0xA7,
    0x18, 0x91, 0x47, 0x8D, 0xFC, 0xE9, 0x64, 0xDF, 0x91, 0x89, 0x7A, 0xF9, 0x80, 0xC3, 0x62, 0x19,
    0xF7, 0xFB, 0xC7, 0xF8, 0x17, 0xA7, 0x53, 0x36, 0x47, 0x32, 0x4C, 0xAD, 0xF0, 0xC7, 0xA1, 0xF7,
    0xF5, 0x60, 0x7A, 0xFF, 0x97, 0x86, 0xB1, 0xBE, 0x2A, 0xAA, 0xD2, 0x63, 0xDF, 0xE3, 0x00, 0x03,
    0x21, 0x53, 0x8C, 0x3E, 0x43, 0x92, 0xB8, 0x04, 0x0C, 0x40, 0xC6, 0x70, 0x1B, 0xAE, 0xF6, 0xE8,
    0xC7, 0xD3, 0x33, 0x51, 0xC0, 0x95, 0x34, 0xE3, 0x17, 0xAF, 0x3E, 0x7A, 0x98, 0xAB, 0xDD, 0x02,
    0x11, 0x45, 0xCC, 0x9D, 0xBE, 0x39, 0x7B, 0xEC, 0x0B, 0xF3, 0xA4, 0x7A, 0x32, 0x4B, 0xA4, 0xD5,
    0x3D, 0xE6, 0x33, 0xD7, 0x8D, 0xE1, 0x93, 0x3E, 0x7E, 0x8C, 0x36, 0x24, 0xA6, 0xD6, 0xDF, 0x3E,
    0xA0, 0x97, 0x6D, 0xFE, 0xA2, 0x90, 0x9C, 0x31, 0x76, 0xAF, 0x3D, 0xE3, 0xB1, 0xD8, 0xC4, 0xD9,
    0xFF, 0x01, 0xCD, 0x5A, 0x3D, 0x6C, 0xDD, 0xD6, 0x15, 0x3E, 0x24, 0x63, 0xD1, 0x35, 0x91, 0xD0,
    0x83, 0x0C, 0xA4, 0x51, 0x6B, 0x7A, 0xF0, 0x50, 0xA4, 0x4E, 0xD8, 0xA1, 0x83, 0x07, 0x49, 0x97,
    0x49, 0x80, 0x2E, 0x59, 0x34, 0x44, 0x29, 0x90, 0x0C, 0xCE, 0xD0, 0x21, 0x4D, 0x07, 0x65, 0xC8,
    0xE0, 0x41, 0x36, 0xD9, 0x7A, 0xE8, 0xD0, 0xA1, 0x06, 0x8A, 0xCE, 0xD1, 0x60, 0x14, 0x8E, 0x3C,
    0x28, 0x40, 0x33, 0x18, 0xC5, 0xF3, 0x23, 0x9D, 0xB5, 0x0B, 0x93, 0x00, 0xED, 0xD0, 0x21, 0x4C,
    0x93, 0xA0, 0x40, 0x96, 0xB0, 0x28, 0x85, 0xD2, 0x32, 0x1F, 0x6F, 0xBF, 0xEF, 0xF0, 0xBD, 0x27,
    0xCB, 0x71, 0x82, 0xBA, 0x91, 0x6B, 0x53, 0xEF, 0x1E, 0xBE, 0x47, 0xDE, 0xCB, 0x7B, 0xEE, 0xF9,
    0xF9, 0xCE, 0x39, 0x97, 0x3A, 0xDB, 0xF7, 0x9B, 0x22, 0xB2, 0xB9, 0x39, 0x1A, 0x8E, 0x09, 0x0F,
    0x71, 0x13, 0x11, 0xBF, 0xD8, 0x6F, 0xF1, 0x2D, 0x71, 0xAC, 0x2D, 0x82, 0x76, 0xA9, 0x08, 0x0B,
    0xAF, 0x88, 0x13, 0xAF, 0x30, 0x18, 0xF5, 0x95, 0x86, 0x61, 0x51, 0x21, 0x59, 0xD8, 0x2C, 0x95,
    0x9E, 0xB5, 0x89, 0xA4, 0xED, 0xC1, 0xE7, 0x2C, 0x64, 0x22, 0x41, 0x9F, 0x48, 0x6E, 0x3B, 0xD7,
    0x5E, 0x6B, 0xBD, 0x46, 0xDA, 0xA0, 0x96, 0xEB, 0x41, 0x25, 0x6F, 0xA1, 0x09, 0x9B, 0x5F, 0x8B,
    0xEC, 0xD8, 0x4E, 0x2C, 0xDA, 0x4F, 0x77, 0x5F, 0x12, 0x0F, 0xBF, 0xD1, 0x6F, 0xD6, 0x16, 0xF1,
    0x7B, 0x19, 0x6D, 0xD3, 0xFF, 0x7C, 0x7D, 0x64, 0xD1, 0x89, 0x0D, 0x53, 0x1F, 0x5F, 0x11, 0x79,
    0xCF, 0xA4, 0xB7, 0x9B, 0x10, 0x7C, 0x7A, 0x75, 0x94, 0x05, 0x45, 0x00, 0x5E, 0xFD, 0x72, 0xDA,
    0x8A, 0x80, 0xB4, 0x49, 0x8B, 0xC8, 0xDA, 0x7A, 0x75, 0xE9, 0x93, 0xF6, 0xB4, 0xC8, 0x8F, 0xD6,
    0x7F, 0x2E, 0xEB, 0x57, 0xAC, 0x75, 0x6D, 0xB7, 0xD1, 0x3A, 0x79, 0x85, 0xA9, 0x63, 0xCE, 0xB1,
    0x2A, 0x4E, 0x27, 0x23, 0x91, 0x89, 0x80, 0xFD, 0xD4, 0x05, 0x03, 0xC6, 0x03, 0x67, 0xD1, 0x9F,
    0xB1, 0x82, 0xF0, 0xE3, 0x4C, 0xB0, 0xB4, 0x7E, 0x20, 0x7A, 0x38, 0xEB, 0xEB, 0xEB, 0xFC, 0x69,
    0x85, 0xE3, 0x70, 0xCC, 0x49, 0x64, 0x29, 0x3B, 0x5B, 0xCA, 0xEB, 0xA3, 0xF9, 0xB1, 0xC8, 0x9B,
    0x9B, 0xFB, 0xBF, 0x65, 0x67, 0x4B, 0x02, 0x3C, 0x2A, 0xFA, 0x7C, 0x0C, 0x19, 0xAE, 0xA0, 0x3D,
    0xA9, 0xB2, 0x8C, 0x39, 0x19, 0xD7, 0x8C, 0xC7, 0x46, 0x79, 0x25, 0xAB, 0x01, 0x79, 0xEA, 0xD1,
    0x8C, 0xDC, 0x00, 0x9F, 0x26, 0x89, 0x25, 0xAE, 0x8C, 0xF8, 0x3D, 0x66, 0xCA, 0xEB, 0xA1, 0xB3,
    0xCB, 0x59, 0x27, 0xB2, 0x28, 0x63, 0x59, 0x46, 0xAF, 0x65, 0xF0, 0x93, 0xDA, 0x46, 0x0C, 0xF9,
    0x58, 0x53, 0x66, 0x47, 0x41, 0x31, 0x09, 0xCB, 0x2E, 0x2C, 0x4E, 0xB9, 0x60, 0x37, 0xDF, 0x52,
    0x2E, 0xA1, 0x29, 0xE9, 0x93, 0xA8, 0xA6, 0xB0, 0x31, 0x24, 0xCC, 0xA8, 0xCE, 0x58, 0xD2, 0x2A,
    0x4C, 0x96, 0x21, 0x9C, 0xA0, 0xD8, 0xF4, 0xCB, 0x65, 0xAF, 0xB8, 0x1E, 0x66, 0x3F, 0xF0, 0xAA,
    0x26, 0x4C, 0xC4, 0xAD, 0xEA, 0x48, 0xE6, 0x74, 0xB8, 0x72, 0x3D, 0x2C, 0xC4, 0x2B, 0x37, 0xFD,
    0xDD, 0x91, 0x5F, 0xAC, 0x38, 0xB6, 0x09, 0xB3, 0x58, 0x9E, 0x02, 0x93, 0xB8, 0x0C, 0xA6, 0x21,
    0x56, 0x6A, 0x32, 0xDF, 0xCE, 0xF1, 0x33, 0xB0, 0xB7, 0xC8, 0xCB, 0x09, 0xB4, 0x85, 0x1E, 0x1C,
    0x16, 0xCB, 0x41, 0xF9, 0x63, 0x88, 0xD8, 0xAB, 0x16, 0xAE, 0x55, 0xE6, 0x5A, 0xD5, 0x79, 0x55,
    0xEB, 0x55, 0x5D, 0x50, 0xA5, 0x7D, 0x1B, 0x7D, 0xD0, 0x0E, 0x62, 0x56, 0x5D, 0x77, 0x32, 0x3D,
    0xDE, 0x0C, 0xC4, 0x69, 0xA0, 0xAD, 0xEA, 0x02, 0x26, 0x68, 0xA1, 0xA0, 0x5A, 0xC6, 0x41, 0x29,
    0x37, 0x30, 0x9B, 0x81, 0x1E, 0xC3, 0x9B, 0xAD, 0xF8, 0xE5, 0x48, 0xDC, 0x3A, 0x86, 0x5D, 0x84,
    0x3A, 0xE4, 0xC4, 0xFA, 0xFA, 0x5A, 0x6E, 0x6D, 0xCB, 0x86, 0x9F, 0xF7, 0x6A, 0x0D, 0xAC, 0x93,
    0x53, 0xED, 0x54, 0x18, 0x0D, 0xAE, 0x31, 0x30, 0x92, 0xE5, 0xB4, 0xF7, 0xB3, 0xF3, 0x27, 0xA3,
    0x17, 0x8A, 0x77, 0x4F, 0xFA, 0xBF, 0x2C, 0xEB, 0x93, 0x61, 0x82, 0x85, 0x4F, 0xA4, 0xAA, 0x4F,
    0x5E, 0x20, 0x09, 0x9D, 0xF2, 0xDD, 0x93, 0xC1, 0x0B, 0xC5, 0xD9, 0xF4, 0xD2, 0x47, 0xD9, 0x33,
    0x27, 0x9E, 0x3B, 0x27, 0x90, 0xC7, 0x8A, 0x78, 0x2D, 0x4D, 0x39, 0xB5, 0x10, 0x26, 0x65, 0xBF,
    0xBD, 0x8D, 0x15, 0x24, 0xA0, 0xCE, 0x15, 0x48, 0x5C, 0x56, 0xCF, 0x15, 0xD7, 0xBD, 0xA2, 0xF1,
    0x4A, 0x7C, 0x46, 0xF0, 0xA6, 0x8D, 0x2C, 0xEA, 0xC5, 0x41, 0xBF, 0xA7, 0xA8, 0xFB, 0xAF, 0x36,
    0x98, 0x57, 0xC9, 0x76, 0xAF, 0x7B, 0x3A, 0x06, 0x07, 0xEC, 0x30, 0x99, 0xF5, 0x5B, 0xB8, 0x0A,
    0xAD, 0x67, 0x2B, 0xE7, 0x8A, 0x65, 0xBF, 0x3C, 0x0E, 0xD7, 0x83, 0x5C, 0xA2, 0x04, 0x96, 0x8D,
    0x65, 0xFA, 0x95, 0x44, 0x19, 0xEE, 0x56, 0xF8, 0x2C, 0xBC, 0xA3, 0xDD, 0x22, 0xA8, 0xB7, 0xE4,
    0x92, 0xA3, 0xC2, 0xEB, 0xC5, 0xDD, 0x81, 0x26, 0xA9, 0x0D, 0x74, 0x35, 0x79, 0x11, 0x5B, 0x5D,
    0xC0, 0x51, 0xB9, 0xE0, 0xF6, 0x61, 0x63, 0xB2, 0x33, 0x98, 0xEA, 0xE9, 0xCB, 0x18, 0x99, 0xD7,
    0x90, 0x56, 0x5C, 0xBB, 0x3D, 0x9D, 0x76, 0x7C, 0x3F, 0x04, 0x23, 0x3A, 0x8C, 0xF5, 0xAD, 0x35,
    0x95, 0xFF, 0x65, 0x6B, 0x6A, 0xFF, 0x26, 0x11, 0xA7, 0xC4, 0x93, 0xC1, 0xDD, 0x01, 0x52, 0xCF,
    0xBE, 0xC9, 0x1B, 0xDB, 0x57, 0x31, 0x60, 0x12, 0x5B, 0xFB, 0x99, 0xB1, 0x41, 0x91, 0x4F, 0x9B,
    0x9D, 0x9E, 0x53, 0x34, 0x5E, 0x0F, 0xD0, 0x24, 0x47, 0x8B, 0xEF, 0xA3, 0x99, 0xA0, 0xF0, 0xEC,
    0xD0, 0x16, 0xD3, 0xFC, 0x22, 0x14, 0x1F, 0x26, 0x61, 0x0B, 0x0B, 0x58, 0x36, 0x5D, 0x5A, 0xC9,
    0x56, 0x50, 0x9B, 0xFA, 0x4F, 0xB5, 0x7B, 0xE0, 0x6F, 0xE9, 0x96, 0xB1, 0x32, 0x4E, 0x02, 0x5B,
    0xC7, 0xBF, 0xEA, 0x56, 0x65, 0xB4, 0x29, 0xAB, 0xA3, 0xE9, 0x67, 0xE5, 0x82, 0x8C, 0x8C, 0xD3,
    0x86, 0xB6, 0x72, 0xE9, 0x5B, 0x3C, 0x8C, 0xED, 0xCC, 0xDC, 0x7C, 0xCF, 0x7A, 0xB0, 0x10, 0x68,
    0x25, 0x7E, 0x1E, 0xA6, 0x5A, 0x74, 0x70, 0x8D, 0x54, 0x9C, 0x36, 0x4E, 0xA4, 0x8D, 0x12, 0xAF,
    0x36, 0x12, 0x94, 0x9D, 0x44, 0xCF, 0x03, 0x89, 0xA0, 0x95, 0x65, 0x3F, 0x1B, 0x06, 0xBD, 0x26,
    0x6A, 0x55, 0xF4, 0xA6, 0xB8, 0xA5, 0xAD, 0xAE, 0xB4, 0xF4, 0xA9, 0xE3, 0xAD, 0x42, 0x6B, 0xAB,
    0x6E, 0xDB, 0xAA, 0x3D, 0xB4, 0xE8, 0x48, 0xDA, 0xB9, 0x5B, 0xD2, 0x3A, 0x75, 0x58, 0x0B, 0xDC,
    0x29, 0xAA, 0x8F, 0xF5, 0x41, 0xB1, 0x52, 0xC7, 0xF6, 0xB7, 0xC9, 0x2E, 0x31, 0xCD, 0xF9, 0x04,
    0x74, 0xD3, 0xBB, 0x09, 0xDA, 0x86, 0xCF, 0xD5, 0xF0, 0x95, 0xE8, 0xDA, 0x1E, 0x5C, 0x18, 0x08,
    0x4A, 0x73, 0x71, 0x1B, 0xD8, 0xBE, 0x38, 0x35, 0x8D, 0x06, 0x54, 0x71, 0xCB, 0xB9, 0x0C, 0x6F,
    0x92, 0xB0, 0x42, 0x5F, 0xA0, 0x03, 0xFA, 0xCA, 0xED, 0x4A, 0x02, 0xB5, 0x16, 0xF4, 0x05, 0x5D,
    0x55, 0x3A, 0x52, 0xDA, 0x92, 0xBA, 0xF5, 0x76, 0xE6, 0x55, 0xFE, 0x5F, 0x6D, 0xE3, 0x55, 0xE1,
    0xAF, 0xFF, 0xD2, 0x2D, 0xDD, 0x8A, 0xFC, 0x6C, 0x94, 0xF6, 0xAB, 0x0E, 0x7B, 0x8D, 0xD4, 0xED,
    0x1A, 0x3E, 0x0E, 0x03, 0xE0, 0xBF, 0x94, 0x49, 0xC2, 0x95, 0xDC, 0xA0, 0x65, 0x83, 0x05, 0xAC,
    0xC4, 0x87, 0xD8, 0x5A, 0x60, 0xC6, 0x64, 0x80, 0x30, 0x18, 0x9E, 0x04, 0x09, 0xCD, 0x96, 0x6B,
    0x85, 0xE9, 0x72, 0xB1, 0x34, 0xDF, 0x11, 0x2D, 0xA5, 0x74, 0x68, 0x30, 0x30, 0x63, 0x98, 0x0C,
    0x4C, 0x19, 0xBC, 0xD1, 0x9C, 0x43, 0x2A, 0xC1, 0xAB, 0x62, 0xB9, 0xCA, 0xD3, 0xA6, 0x3B, 0xA1,
    0x4D, 0xB5, 0xFE, 0x44, 0x4C, 0xFE, 0x7E, 0x1D, 0x5E, 0x00, 0x46, 0x7B, 0xE5, 0xB3, 0x78, 0xCC,
    0x1A, 0xA0, 0x8E, 0xA2, 0x8B, 0xA4, 0xE6, 0x69, 0xD5, 0xAD, 0x78, 0x1A, 0x79, 0x5F, 0xD0, 0x8B,
    0x1B, 0x60, 0x7C, 0x41, 0x56, 0xE5, 0xC2, 0x60, 0xAB, 0xB8, 0x47, 0x99, 0xE3, 0x74, 0x64, 0xD0,
    0xD0, 0x31, 0x85, 0x6D, 0x53, 0x48, 0x98, 0xC8, 0xFC, 0x08, 0x32, 0x4A, 0x93, 0xFE, 0x97, 0x49,
    0x4A, 0x84, 0x46, 0xC4, 0x63, 0x2F, 0x0D, 0x99, 0x29, 0x68, 0x71, 0x3A, 0x06, 0xC6, 0x02, 0x93,
    0x16, 0xE7, 0x63, 0xE8, 0x08, 0xE2, 0xA9, 0xB5, 0xB8, 0x0A, 0x20, 0x70, 0x33, 0x95, 0x7F, 0xBD,
    0xFF, 0xDC, 0xA7, 0x95, 0xA6, 0x7A, 0x97, 0xF8, 0x3E, 0xA5, 0xEE, 0xBF, 0xE9, 0x2C, 0xDE, 0xA7,
    0xEA, 0x37, 0x1F, 0x91, 0x06, 0x37, 0x09, 0x6D, 0x61, 0xA6, 0x11, 0x09, 0xD1, 0x81, 0x13, 0x8F,
    0xB9, 0x3A, 0x8D, 0x33, 0x23, 0x8D, 0xDA, 0x96, 0x4B, 0x1B, 0xA8, 0x7B, 0x6B, 0xFD, 0x5C, 0x49,
    0xC3, 0x02, 0x9F, 0x70, 0x3C, 0x82, 0x69, 0x41, 0xB3, 0xCB, 0x21, 0x2D, 0x9B, 0xD8, 0x7E, 0x0A,
    0x69, 0xC3, 0xA1, 0x8E, 0x19, 0x28, 0x57, 0x29, 0xA9, 0xA7, 0x31, 0xD1, 0xAD, 0xE4, 0x51, 0xE1,
    0xF3, 0x59, 0x9D, 0x9D, 0x41, 0x07, 0x91, 0x94, 0xB3, 0x84, 0x1F, 0xF0, 0xF9, 0x4F, 0xC8, 0x33,
    0x8F, 0x94, 0x24, 0xBD, 0xF6, 0x71, 0x3E, 0x59, 0x01, 0xE2, 0x64, 0xC4, 0x59, 0x1E, 0x93, 0xE4,
    0x91, 0xE2, 0x30, 0x28, 0xE8, 0x5F, 0x04, 0xAB, 0x19, 0x75, 0xE5, 0xD4, 0xA3, 0x65, 0x8D, 0x39,
    0xBF, 0xB9, 0xB7, 0x75, 0xC6, 0xA2, 0x9E, 0xD3, 0x81, 0x87, 0xE1, 0xEE, 0x43, 0xE6, 0x73, 0x7D,
    0x7B, 0x7B, 0x3B, 0x63, 0x2A, 0x6D, 0x2D, 0xE6, 0xCB, 0x87, 0x53, 0xB4, 0x93, 0x10, 0xAD, 0x4C,
    0x9C, 0xD0, 0x6F, 0x2E, 0x02, 0xFF, 0xD0, 0xB3, 0x8B, 0xA9, 0x7E, 0x8D, 0x09, 0xE0, 0xAB, 0xD6,
    0x93, 0x5F, 0xC5, 0x34, 0x90, 0x10, 0x11, 0x19, 0xFC, 0x44, 0x59, 0xFC, 0x05, 0xE0, 0xCC, 0xAC,
    0xA7, 0xBC, 0x97, 0x6A, 0x12, 0x47, 0x5E, 0x12, 0x0E, 0x23, 0x8A, 0x92, 0x1B, 0x9C, 0x6A, 0xA6,
    0xB5, 0x09, 0xA2, 0x00, 0x30, 0xE7, 0xF7, 0x2F, 0xD7, 0x76, 0xE2, 0xA2, 0x13, 0x4E, 0xCC, 0x58,
    0x01, 0xFA, 0x3D, 0x93, 0x3D, 0xF0, 0x47, 0xA6, 0x10, 0x95, 0x81, 0xA9, 0x80, 0xF7, 0x90, 0x08,
    0x15, 0x8A, 0xC9, 0x00, 0x69, 0x46, 0x05, 0x36, 0x27, 0xF9, 0x9C, 0xEC, 0x5F, 0x33, 0x14, 0xA7,
    0xA1, 0x1C, 0x23, 0x8A, 0x11, 0x99, 0x68, 0x08, 0x6F, 0xFB, 0x09, 0x58, 0xD1, 0x8C, 0x8D, 0x19,
    0x30, 0x51, 0x7E, 0x9A, 0x64, 0x89, 0x6A, 0x2C, 0x50, 0x97, 0x2C, 0xE9, 0x96, 0xC5, 0x0C, 0x37,
    0x70, 0x9C, 0x99, 0x3E, 0xCE, 0xB4, 0x84, 0x3E, 0x99, 0x39, 0x30, 0x04, 0x77, 0x85, 0x99, 0xFE,
    0x06, 0x9A, 0xCF, 0xEC, 0x1F, 0x55, 0x00, 0xDA, 0x69, 0xA6, 0x07, 0xF3, 0xB6, 0xB7, 0x9D, 0x20,
    0x41, 0x28, 0xD0, 0xB2, 0x03, 0xD7, 0x87, 0xB6, 0xA2, 0x6D, 0x77, 0xFD, 0x02, 0xC4, 0x3E, 0xC1,
    0xB3, 0x26, 0xC3, 0x84, 0xDF, 0x27, 0x43, 0xA2, 0x79, 0x9F, 0xA9, 0x14, 0xCC, 0x1F, 0xD8, 0x7C,
    0x2E, 0x56, 0x8B, 0xA4, 0x42, 0x0C, 0xA4, 0xDD, 0xC5, 0x85, 0x5B, 0x79, 0xC5, 0x03, 0x5D, 0x5B,
    0x1B, 0x66, 0x4E, 0x87, 0x7A, 0x0C, 0xD9, 0xBE, 0xBC, 0x76, 0xE4, 0x41, 0xCA, 0xF1, 0x8C, 0x2A,
    0xCD, 0x34, 0xAA, 0x32, 0xD5, 0xD8, 0xFA, 0x1B, 0xD0, 0xBD, 0x6C, 0xDC, 0xE2, 0x88, 0xFB, 0xFA,
    0xE4, 0x96, 0x03, 0x79, 0x7C, 0x8F, 0x8A, 0x81, 0x5E, 0x4C, 0x39, 0xD5, 0xCA, 0xB7, 0x7D, 0xE6,
    0x7B, 0xE2, 0x4D, 0x90, 0x7B, 0x67, 0x69, 0x50, 0xBD, 0x27, 0xF4, 0xF1, 0x13, 0xAF, 0x64, 0x28,
    0x8D, 0x96, 0xFA, 0x04, 0x45, 0xCF, 0x7D, 0x7D, 0x62, 0x5B, 0x68, 0x4D, 0x25, 0x2B, 0x5E, 0x99,
    0x07, 0xF5, 0x45, 0xBF, 0x5A, 0x74, 0x92, 0x6F, 0xFF, 0xC0, 0xF5, 0xED, 0x2B, 0xEA, 0xC2, 0x95,
    0x6C, 0x50, 0xAE, 0x7E, 0xED, 0xD8, 0x04, 0xEC, 0x9B, 0x82, 0x70, 0xC2, 0xF2, 0x34, 0xA8, 0x75,
    0x41, 0x20, 0x5E, 0xF3, 0x8B, 0xBD, 0x2D, 0xAF, 0xB1, 0xC8, 0xAB, 0x9A, 0x1D, 0x7E, 0xD3, 0x6B,
    0x24, 0xF3, 0x2E, 0x3A, 0x22, 0xE2, 0xD8, 0x34, 0xF1, 0x77, 0x5F, 0xED, 0x89, 0x37, 0xCD, 0x14,
    0x21, 0x66, 0x51, 0xE7, 0x09, 0x7A, 0xA2, 0x16, 0xB2, 0xE1, 0xD2, 0x90, 0x9C, 0xAE, 0xCD, 0x6E,
    0xAE, 0x6F, 0xC9, 0x91, 0x97, 0x33, 0xF8, 0x2F, 0xAA, 0xD8, 0x8D, 0x5E, 0x8E, 0xF5, 0x30, 0x0A,
    0x2D, 0x1F, 0xB0, 0x70, 0xD0, 0x2F, 0x4B, 0xD2, 0xBF, 0xD5, 0xA4, 0x1F, 0xB5, 0xA4, 0x1F, 0x30,
    0x4D, 0xF3, 0x4B, 0xAB, 0xD4, 0x24, 0xA4, 0x71, 0x41, 0x1A, 0x56, 0xA4, 0x7E, 0x4D, 0xEA, 0x75,
    0xA4, 0x32, 0x51, 0x9A, 0x2B, 0x35, 0x4A, 0x11, 0xF4, 0xF2, 0x9E, 0xEE, 0xC1, 0xDA, 0xBA, 0x9D,
    0x31, 0x48, 0xA4, 0xF0, 0x89, 0x1C, 0xBE, 0x72, 0x9D, 0x12, 0x5E, 0xDC, 0x62, 0x7A, 0xD7, 0x1D,
    0x2B, 0x76, 0x75, 0x8A, 0x5D, 0x09, 0xB0, 0x2B, 0x2D, 0x88, 0x5D, 0x35, 0x4C, 0xDE, 0xAF, 0x61,
    0x8F, 0x5E, 0x6B, 0x58, 0x12, 0xA7, 0xAC, 0xCB, 0x95, 0x10, 0xB6, 0x48, 0x9C, 0xF9, 0x35, 0xB7,
    0x03, 0x8E, 0xA3, 0x5F, 0x46, 0x8C, 0x2D, 0x20, 0xDF, 0x90, 0xC9, 0x99, 0xD7, 0x43, 0xF0, 0x8E,
    0x9A, 0x76, 0x4C, 0x84, 0x96, 0x97, 0xE6, 0x71, 0xCE, 0x9D, 0xA3, 0x1C, 0x41, 0xCD, 0x9F, 0xCC,
    0x98, 0x7C, 0x18, 0x0C, 0xBD, 0xCE, 0x08, 0x61, 0x55, 0x83, 0xE0, 0x25, 0xBE, 0x04, 0x39, 0x2D,
    0xCB, 0xF9, 0x87, 0x27, 0x9C, 0xA0, 0x3A, 0xCB, 0x6B, 0x50, 0xDE, 0xB2, 0xA6, 0xAB, 0x4E, 0xF2,
    0xF0, 0x78, 0x89, 0x98, 0x2A, 0x9B, 0x4B, 0xE0, 0x25, 0x46, 0x1D, 0x85, 0x04, 0x7D, 0xED, 0x61,
    0xF1, 0x72, 0x46, 0x1E, 0x47, 0x94, 0x34, 0xE8, 0x31, 0x91, 0xE0, 0x5F, 0x84, 0x48, 0x28, 0x2B,
    0x4F, 0x34, 0x0C, 0x7A, 0xE8, 0x18, 0x7E, 0xD8, 0x22, 0x99, 0x18, 0x03, 0xE3, 0x62, 0x24, 0x7D,
    0x47, 0x75, 0x4C, 0x32, 0xE4, 0xFA, 0xEE, 0xF8, 0x52, 0x05, 0x5E, 0x6D, 0xA1, 0xBC, 0x7A, 0xCA,
    0x2B, 0xBC, 0x99, 0xBC, 0xFE, 0x1B, 0x85, 0xB8, 0xFB, 0x29, 0x78, 0xF5, 0xDE, 0x07, 0x4B, 0xE1,
    0x73, 0x20, 0x31, 0xD9, 0x5C, 0x26, 0x69, 0xA4, 0x4B, 0x9D, 0x1A, 0xBC, 0x7A, 0x85, 0xD3, 0x99,
    0x17, 0x33, 0xB7, 0x35, 0x6F, 0x03, 0x1D, 0xA2, 0x09, 0x79, 0x6D, 0x67, 0xBC, 0x7A, 0xE4, 0x35,
    0xF8, 0x92, 0x2C, 0x90, 0xD7, 0x93, 0x72, 0xF7, 0xA1, 0x69, 0x93, 0xA3, 0xB1, 0xC4, 0xD1, 0x10,
    0x2E, 0xD1, 0xE0, 0x98, 0xEF, 0xCE, 0x7A, 0x9C, 0x78, 0x25, 0x01, 0xE4, 0x21, 0xB5, 0x01, 0x78,
    0xFD, 0xB0, 0x17, 0x00, 0xDF, 0xB0, 0x83, 0xF4, 0x2D, 0xA9, 0xDB, 0x72, 0xBF, 0x08, 0x74, 0xF8,
    0x82, 0x8B, 0x8C, 0x3D, 0x36, 0xDB, 0x28, 0xA9, 0x3A, 0xA6, 0x0F, 0xC1, 0x10, 0xE2, 0x4E, 0xDC,
    0x91, 0x23, 0x0F, 0x5C, 0xF9, 0xCA, 0xA1, 0x69, 0x94, 0xE7, 0x64, 0xBE, 0x8A, 0x47, 0x88, 0xDB,
    0x61, 0xB3, 0x26, 0xD5, 0xAC, 0xD3, 0x36, 0xEA, 0x36, 0xBC, 0x1B, 0xEE, 0x2B, 0xE0, 0x11, 0x92,
    0xAA, 0x5F, 0x70, 0x77, 0x38, 0xAC, 0x18, 0x21, 0x82, 0xF2, 0x86, 0x3A, 0xF5, 0xE2, 0x23, 0xC8,
    0xA7, 0x62, 0x30, 0xB7, 0x4C, 0xB5, 0x5C, 0x66, 0x92, 0xC5, 0x3D, 0x82, 0x69, 0x20, 0x1B, 0x76,
    0x79, 0xBD, 0xE9, 0x2E, 0x6F, 0xF0, 0xF5, 0xBB, 0xBC, 0x2F, 0xDC, 0xB9, 0xCB, 0x2B, 0x0C, 0x77,
    0x43, 0x62, 0x7A, 0xD7, 0xB6, 0xEE, 0x3E, 0xD1, 0x1B, 0x31, 0x33, 0x01, 0x03, 0x07, 0x41, 0x7E,
    0xA2, 0x79, 0x06, 0x32, 0x94, 0x21, 0x59, 0xDA, 0x5D, 0x13, 0x4D, 0xA2, 0x90, 0x68, 0x23, 0x22,
    0x23, 0xE1, 0x72, 0x98, 0x74, 0xB1, 0x4D, 0x86, 0x33, 0x7F, 0xFB, 0xAD, 0xBF, 0x87, 0xFB, 0xEC,
    0xB7, 0x77, 0x65, 0x9E, 0x68, 0xE5, 0x58, 0x87, 0x56, 0x17, 0xBA, 0x20, 0x05, 0xD5, 0xFC, 0x0F,
    0x96, 0x13, 0x9A, 0x04, 0x72, 0x89, 0x33, 0x4D, 0xEE, 0x41, 0x0C, 0xBB, 0xA3, 0xC8, 0x60, 0xC4,
    0x37, 0x75, 0x44, 0x4C, 0x32, 0x32, 0x23, 0x90, 0x88, 0x47, 0x8F, 0xF7, 0x6A, 0xCF, 0x72, 0x44,
    0x5A, 0xB3, 0x42, 0x69, 0x55, 0xD4, 0x5E, 0xBD, 0x28, 0x20, 0xCB, 0x4A, 0x80, 0x10, 0xB5, 0xB1,
    0x35, 0xC9, 0x74, 0xBF, 0xF2, 0xB5, 0x21, 0x5B, 0xD7, 0xF8, 0x62, 0xCA, 0x69, 0x14, 0x9E, 0x3B,
    0xBE, 0x40, 0x90, 0x58, 0x33, 0xE6, 0xFD, 0xC2, 0xB2, 0x24, 0x4A, 0x56, 0xC1, 0xD2, 0x63, 0x68,
    0xE0, 0x35, 0x73, 0xB6, 0xF3, 0x2C, 0xC2, 0x7A, 0xCC, 0xE7, 0x69, 0x36, 0xC6, 0xEF, 0x89, 0x36,
    0x93, 0xE5, 0x2E, 0x4D, 0xE5, 0xE3, 0x36, 0xEA, 0xC3, 0x76, 0x88, 0x0D, 0xA7, 0x86, 0x49, 0x7C,
    0x16, 0x09, 0x90, 0x3D, 0x65, 0xFD, 0x96, 0x1C, 0xEE, 0x1C, 0x47, 0xA6, 0xA5, 0x09, 0x6A, 0x1D,
    0x6F, 0xB7, 0x43, 0xF1, 0x64, 0x64, 0x41, 0xBE, 0x73, 0xB8, 0x73, 0x6C, 0xD1, 0x4E, 0x42, 0x94,
    0xEF, 0xBD, 0x3C, 0xE1, 0xB7, 0x07, 0x30, 0xF4, 0x70, 0xE4, 0x34, 0x38, 0x22, 0xDD, 0x90, 0x4E,
    0x78, 0x87, 0x0B, 0x1E, 0xDA, 0xF3, 0x15, 0x90, 0xF6, 0x6A, 0xEE, 0xE6, 0x6B, 0xE3, 0xF7, 0x01,
    0xA4, 0x0E, 0x6F, 0x1E, 0x27, 0xBF, 0xBC, 0x70, 0x0B, 0x4F, 0x69, 0x81, 0x17, 0xE6, 0x8B, 0x49,
    0xBF, 0x53, 0xE3, 0x49, 0xB5, 0xD7, 0x20, 0xF2, 0x15, 0x2E, 0x23, 0x75, 0x41, 0x7F, 0xC2, 0x33,
    0xBB, 0x05, 0x56, 0xC8, 0x5D, 0xAC, 0x34, 0xBD, 0x4C, 0xBF, 0x1E, 0xF3, 0xC5, 0x12, 0xEC, 0x9C,
    0x94, 0x9B, 0xCE, 0x72, 0x3C, 0x4F, 0x6C, 0x07, 0xB3, 0xB5, 0xFF, 0x44, 0x56, 0x1B, 0x72, 0xA2,
    0x04, 0x66, 0xCB, 0x1D, 0xF4, 0xF8, 0x33, 0x38, 0x8D, 0xCD, 0xC2, 0xBD, 0x9D, 0x2C, 0x2E, 0xC2,
    0xCC, 0x48, 0x00, 0xAE, 0x1C, 0x2D, 0xE1, 0xEF, 0x6C, 0xFD, 0xB4, 0x8E, 0x35, 0x99, 0x03, 0xE3,
    0x8B, 0x8A, 0x00, 0x63, 0x1C, 0xFA, 0x19, 0xDF, 0x16, 0x70, 0x03, 0x8F, 0x2F, 0x54, 0x74, 0x53,
    0x11, 0x10, 0xC8, 0x17, 0x59, 0x4C, 0x3E, 0x4F, 0x4D, 0x1D, 0x9F, 0xA1, 0x85, 0x16, 0xAB, 0x99,
    0xEA, 0x9B, 0xFB, 0xEA, 0xC6, 0x35, 0x17, 0x56, 0x10, 0xEE, 0x59, 0xCC, 0x1D, 0xC1, 0xD6, 0xC2,
    0xF2, 0x22, 0x00, 0x3E, 0x5F, 0x7F, 0xB5, 0xD6, 0xAA, 0x1B, 0xB9, 0x3D, 0xE7, 0x1E, 0x4F, 0x2B,
    0x67, 0xA4, 0x10, 0x49, 0x5C, 0x05, 0xDC, 0x72, 0x2D, 0x5C, 0x82, 0x9A, 0x56, 0x69, 0xA7, 0x87,
    0x79, 0xBD, 0xC9, 0x90, 0x69, 0xB2, 0xBE, 0x3F, 0x2B, 0x87, 0x3B, 0xC7, 0x91, 0x29, 0x5C, 0xE6,
    0x84, 0x5B, 0x64, 0x01, 0x65, 0x2C, 0x2E, 0xFC, 0xE2, 0x70, 0xD7, 0xC1, 0xBD, 0xD6, 0x55, 0xC0,
    0x53, 0xAA, 0x70, 0xE4, 0x64, 0x4F, 0x1E, 0xEA, 0xF3, 0x8F, 0xEA, 0x06, 0x2A, 0xA0, 0x29, 0x68,
    0x55, 0x99, 0x67, 0x66, 0x3B, 0x51, 0x5B, 0x30, 0x2A, 0x59, 0xD2, 0x97, 0x59, 0xDF, 0xFC, 0x31,
    0x96, 0x7B, 0x33, 0xF2, 0xA4, 0xDC, 0x80, 0xF7, 0xD6, 0x26, 0x19, 0x84, 0xBC, 0x9D, 0xA1, 0xDE,
    0x29, 0xC2, 0x7B, 0xFE, 0xD9, 0x0E, 0x93, 0x27, 0x1C, 0x1B, 0x02, 0x88, 0x53, 0x99, 0xBE, 0x47,
    0xFB, 0xDF, 0xE6, 0x45, 0xA5, 0xEC, 0x95, 0x26, 0xA8, 0x8C, 0x5F, 0x1D, 0x9D, 0xB9, 0xE1, 0xB1,
    0xAB, 0x7C, 0xF2, 0x42, 0xA7, 0x56, 0xF6, 0x8D, 0x9F, 0xD0, 0x16, 0xA1, 0x2D, 0xBD, 0xCF, 0x5C,
    0x24, 0x91, 0x6F, 0x67, 0x6E, 0x0E, 0xA1, 0x04, 0xF4, 0x1E, 0x98, 0xF4, 0x79, 0xBA, 0x25, 0x5F,
    0xBB, 0xF9, 0x95, 0xE4, 0xBF, 0x43, 0x68, 0xB9, 0x5D, 0x87, 0xBB, 0x29, 0x12, 0xC6, 0xA0, 0x81,
    0x2A, 0xDA, 0x31, 0xDA, 0x44, 0xD5, 0xAE, 0xAD, 0x99, 0x80, 0xA7, 0xB1, 0xAA, 0x08, 0xBC, 0xA0,
    0x64, 0xE3, 0xFE, 0xBF, 0x4B, 0x47, 0xA0, 0x12, 0xBF, 0xCB, 0x5C, 0x34, 0xFF, 0xB0, 0x12, 0x8D,
    0x46, 0x4E, 0x99, 0x27, 0x77, 0x67, 0x89, 0xDB, 0x09, 0xAE, 0xD9, 0xDF, 0x00, 0x5F, 0x37, 0xEC,
    0x4E, 0x8B, 0xD8, 0xEB, 0x82, 0xB9, 0x92, 0x1C, 0x16, 0xF7, 0x41, 0x6C, 0x87, 0x05, 0x29, 0x51,
    0x1F, 0xBB, 0x31, 0xDD, 0x26, 0xA2, 0xFD, 0xEB, 0x4B, 0xCD, 0x3B, 0xC2, 0x02, 0xFC, 0xDB, 0xE3,
    0x2B, 0x8A, 0xBD, 0xBC, 0x00, 0xB3, 0x15, 0x52, 0xE0, 0x3A, 0x47, 0x40, 0x1F, 0xEF, 0x2F, 0x49,
    0x1B, 0xCA, 0xC8, 0x26, 0x1F, 0x96, 0x55, 0xC7, 0xC3, 0xB2, 0x92, 0xF9, 0xB2, 0x74, 0xAF, 0x7D,
    0xE6, 0x63, 0xF5, 0x3D, 0x7C, 0xEC, 0x10, 0xE6, 0x70, 0x98, 0x30, 0x23, 0x72, 0xA6, 0x8D, 0xF6,
    0xF6, 0xD5, 0xC7, 0xDC, 0xC3, 0x9D, 0xE3, 0x67, 0x0E, 0x54, 0xF5, 0x22, 0xB7, 0x6B, 0x24, 0x70,
    0xBB, 0x83, 0x8A, 0x39, 0x14, 0x39, 0x0D, 0x3E, 0xCC, 0xBB, 0x9A, 0x52, 0x64, 0x47, 0x0F, 0xF7,
    0xF9, 0x8A, 0x43, 0xD9, 0x10, 0xA1, 0xE3, 0x7D, 0xD3, 0x3A, 0x31, 0xBC, 0xC9, 0xAC, 0x72, 0xDD,
    0x20, 0x9D, 0x1E, 0x5F, 0xD3, 0x77, 0x9A, 0x96, 0x20, 0x1D, 0xFA, 0x47, 0x05, 0xDC, 0x2F, 0x06,
    0x7E, 0x62, 0xCC, 0x67, 0x80, 0x3C, 0x7F, 0x6C, 0xC7, 0xCE, 0xDF, 0xDB, 0x09, 0xAA, 0xA4, 0x49,
    0xF0, 0x7C, 0x37, 0x09, 0xDD, 0x76, 0x8C, 0x64, 0x27, 0x3D, 0x0F, 0x7E, 0x6A, 0xF0, 0x53, 0x0D,
    0xFC, 0x84, 0xE0, 0x67, 0xF5, 0x48, 0x82, 0xEA, 0x89, 0x1B, 0xEF, 0xD3, 0xB9, 0xF4, 0xE5, 0x8E,
    0x5A, 0xC7, 0xF4, 0x55, 0x8C, 0xEE, 0x75, 0x06, 0x77, 0x4E, 0xFC, 0x86, 0xBE, 0x06, 0xAD, 0x42,
    0x44, 0xA4, 0xCA, 0xED, 0xF9, 0xFF, 0x0B, 0xE3, 0xFF, 0x9A, 0xE8, 0x6B, 0x50, 0xAF, 0x0D, 0x7A,
    0x46, 0xAB, 0x94, 0x9B, 0x21, 0xA6, 0x9A, 0xCA, 0x5C, 0x8D, 0x24, 0xCA, 0xA6, 0x2F, 0x2E, 0x3C,
    0x2D, 0x0F, 0xAA, 0xBB, 0xE7, 0x7E, 0x50, 0x93, 0xAF, 0xC9, 0x34, 0xAC, 0x85, 0x8C, 0x90, 0x86,
    0x51, 0xA2, 0xE5, 0xFE, 0xF4, 0x9A, 0x64, 0x0F, 0x7E, 0x72, 0xFD, 0xE7, 0x08, 0x6E, 0x0D, 0xF7,
    0x5C, 0xF0, 0x0D, 0xE0, 0x88, 0x9C, 0x76, 0x93, 0xFF, 0xB7, 0xC4, 0xDD, 0xAF, 0x91, 0xF8, 0xD3,
    0xEF, 0x2C, 0x6C, 0x67, 0xA6, 0x0F, 0x6C, 0x11, 0xD5, 0x0E, 0xF7, 0xE7, 0x44, 0x0B, 0x16, 0x56,
    0x2A, 0xAC, 0x1F, 0x3A, 0x4F, 0x09, 0x78, 0xBE, 0xC8, 0x25, 0x18, 0x42, 0x70, 0xAC, 0x99, 0xC4,
    0xCE, 0x4C, 0x9C, 0xC3, 0x86, 0x91, 0xBE, 0x3D, 0xA1, 0x88, 0x5D, 0x35, 0x2E, 0x7D, 0xDD, 0x50,
    0xCA, 0x80, 0xD9, 0x0E, 0x73, 0x92, 0x78, 0x32, 0xC4, 0x48, 0xAE, 0x17, 0x40, 0x88, 0x2F, 0x1B,
    0xD3, 0x7F, 0x8F, 0x39, 0xD8, 0xC6, 0x5A, 0xBF, 0x07, 0x76, 0xA7, 0x09, 0x1A, 0xAF, 0xC3, 0xB5,
    0x09, 0x17, 0x8A, 0x96, 0xDE, 0xD5, 0xC6, 0xC3, 0x3D, 0x07, 0x7D, 0x82, 0x06, 0x99, 0x0E, 0xC6,
    0xD8, 0x24, 0xF8, 0x64, 0xED, 0xC0, 0xF3, 0xC2, 0x6A, 0xA8, 0x5F, 0x72, 0x3B, 0x57, 0x85, 0x3F,
    0x57, 0x45, 0xF0, 0x15, 0x55, 0x3C, 0x04, 0x69, 0xFC, 0x07, 0x8D, 0x52, 0x31, 0x6E, 0x9D, 0x40,
    0x10, 0x7D, 0x40, 0x1C, 0x24, 0x90, 0xB2, 0x14, 0x4E, 0x93, 0xC2, 0xF4, 0x2E, 0x42, 0xEB, 0x62,
    0xD9, 0xDD, 0x2E, 0x45, 0x9A, 0x14, 0xCE, 0x1D, 0x22, 0xA5, 0x71, 0xE9, 0x82, 0x18, 0x8E, 0xF0,
    0x8F, 0x90, 0x32, 0x21, 0xC5, 0x77, 0x91, 0xE2, 0x17, 0x38, 0x1F, 0x29, 0x17, 0xE0, 0x08, 0x14,
    0x3E, 0xC0, 0x46, 0xA2, 0x40, 0x11, 0xFC, 0xCD, 0xEC, 0x82, 0x63, 0x2B, 0x56, 0x24, 0x8F, 0x66,
    0x96, 0x61, 0x66, 0xE7, 0xED, 0xEC, 0x9B, 0x95, 0xA6, 0x97, 0xA6, 0x3F, 0xAD, 0x37, 0x75, 0x5D,
    0x7F, 0x31, 0xC6, 0xCC, 0x7B, 0x32, 0xFA, 0xF6, 0x64, 0x9A, 0x62, 0x9F, 0x6B, 0x2B, 0x95, 0xB1,
    0xD2, 0xEE, 0xDD, 0xFA, 0x38, 0x02, 0x12, 0x69, 0xCC, 0xC1, 0x1A, 0x56, 0xB9, 0xFB, 0x7F, 0xFE,
    0x82, 0x17, 0xD3, 0x3C, 0x9F, 0x89, 0x52, 0x8A, 0xBC, 0xD0, 0x10, 0x28, 0x21, 0x91, 0x21, 0x07,
    0xC7, 0x35, 0x12, 0x5C, 0xCE, 0xF3, 0x54, 0x70, 0x76, 0x44, 0x25, 0x2C, 0xA8, 0x5E, 0xC7, 0x8A,
    0xA7, 0x68, 0x04, 0x26, 0x89, 0x59, 0xDA, 0x35, 0x79, 0x06, 0xC1, 0x54, 0x99, 0xB5, 0x32, 0x6D,
    0x33, 0x56, 0xE5, 0x0C, 0xFC, 0x04, 0xD7, 0x1C, 0x49, 0xF2, 0xDF, 0xB8, 0x13, 0xA6, 0x1E, 0x18,
    0x70, 0xBA, 0xAD, 0x2B, 0x6A, 0xA7, 0x7B, 0x65, 0x7E, 0xAB, 0xBB, 0x16, 0x91, 0x55, 0xF7, 0x96,
    0xFE, 0x6B, 0xEA, 0xB1, 0x45, 0x78, 0x12, 0x76, 0xB4, 0xF9, 0x08, 0x66, 0x0C, 0xBC, 0xFD, 0xED,
    0xDF, 0xA3, 0x9E, 0x82, 0x1D, 0x8C, 0x48, 0x0D, 0x11, 0xA7, 0xA4, 0xA9, 0x9C, 0xAA, 0xF4, 0x00,
    0xFF, 0x16, 0xC7, 0x38, 0xC2, 0x0F, 0x64, 0x2D, 0xE5, 0xDA, 0x2B, 0x07, 0x00, 0x8A, 0x25, 0x50,
    0xA5, 0x37, 0x85, 0x7A, 0xEF, 0x4F, 0xB1, 0xBE, 0xB2, 0xDE, 0x72, 0xD0, 0x57, 0x10, 0xB7, 0xB6,
    0x49, 0x9A, 0xCB, 0xE4, 0x6E, 0xF9, 0x46, 0x7B, 0x2E, 0x97, 0x43, 0x07, 0xBD, 0x75, 0x0A, 0x0C,
    0xCC, 0x0D, 0xAD, 0xC1, 0x90, 0x62, 0x75, 0x04, 0x96, 0x94, 0x6E, 0x9C, 0x23, 0xFC, 0x5F, 0x0B,
    0x60, 0x6A, 0x7E, 0xBA, 0x22, 0x84, 0x87, 0xB8, 0x25, 0x72, 0x2D, 0xBF, 0xE9, 0x5B, 0x53, 0xC5,
    0xC6, 0xEE, 0xCA, 0xB6, 0xBD, 0xDC, 0x12, 0x56, 0x93, 0xFB, 0xBA, 0x21, 0x74, 0x6F, 0x20, 0xF0,
    0xD1, 0xD7, 0x08, 0x7A, 0xC2, 0x1C, 0xE8, 0xE0, 0xB8, 0x5D, 0x1D, 0xA6, 0x1A, 0x68, 0x9B, 0x92,
    0x58, 0x37, 0x37, 0xC8, 0xBE, 0x75, 0xB6, 0x7C, 0x40, 0x6C, 0x14, 0x23, 0xC0, 0x77, 0xC0, 0xB9,
    0x5D, 0x23, 0x7A, 0x21, 0x92, 0xDE, 0x0A, 0xA7, 0x86, 0x76, 0xD0, 0x88, 0x22, 0x45, 0x43, 0x96,
    0xA9, 0x12, 0x19, 0xB8, 0x40, 0xC1, 0xB1, 0xE3, 0xD0, 0x97, 0xB6, 0xAD, 0x0B, 0x6F, 0x08, 0x7A,
    0xD6, 0x4A, 0xA2, 0xE8, 0x86, 0x6A, 0x58, 0x1B, 0x76, 0x74, 0xC6, 0x77, 0x9B, 0x3A, 0xA3, 0x2B,
    0x67, 0x8A, 0xB5, 0x81, 0xF6, 0x46, 0x8C, 0x81, 0x8E, 0x3B, 0x02, 0x20, 0x4C, 0xE0, 0x83, 0xBF,
    0x99, 0x63, 0x3D, 0xC7, 0xFD, 0x1C, 0x5A, 0xBD, 0x09, 0xFB, 0x66, 0xD1, 0x60, 0xD1, 0x8E, 0xB4,
    0x70, 0x7A, 0xEC, 0xAD, 0xEF, 0x85, 0x1C, 0x2A, 0x39, 0x30, 0x4D, 0xFB, 0xE9, 0xF7, 0xE5, 0xFB,
    0xF3, 0xD2, 0xCC, 0xB4, 0x92, 0xBF, 0x03, 0x2C, 0xC3, 0x96, 0xDC, 0x98, 0xB8, 0x60, 0xF6, 0x49,
    0x51, 0xF8, 0x13, 0xD9, 0x08, 0xF8, 0x0F, 0x53, 0x04, 0x26, 0x1C, 0xCD, 0xF7, 0xA9, 0x6E, 0xA9,
    0xB0, 0x83, 0x10, 0x6E, 0x14, 0x8E, 0x06, 0xFC, 0x01, 0x8D, 0x55, 0xBD, 0x6E, 0xE4, 0x54, 0x14,
    0x3E, 0xB6, 0xB5, 0xEB, 0xC2, 0x02, 0x37, 0x8C, 0x84, 0x58, 0xA4, 0x69, 0xD1, 0xEE, 0x22, 0x37,
    0x14, 0x29, 0x92, 0xD8, 0xD2, 0xBE, 0x40, 0x9A, 0xA1, 0xA0, 0xA2, 0x44, 0xA1, 0x08, 0x05, 0xE5,
    0x06, 0xBB, 0xDF, 0x66, 0x0A, 0x1E, 0x60, 0x8A, 0x20, 0x45, 0x6E, 0x96, 0x1E, 0x34, 0xD7, 0x6F,
    0xB0, 0x96, 0x78, 0x01, 0x17, 0xA9, 0x96, 0x82, 0x2B, 0x70, 0x24, 0x27, 0xB1, 0x7D, 0xF9, 0xBE,
    0x7B, 0x3D, 0xB3, 0x33, 0x09, 0x2B, 0xD6, 0xF2, 0xF9, 0x8E, 0x7D, 0x7D, 0xEF, 0xF9, 0x3F, 0xC7,
    0x22, 0xF6, 0x7A, 0xFE, 0x2B, 0xE0, 0x90, 0x70, 0xA0, 0x01, 0x3F, 0x36, 0x22, 0x73, 0x3D, 0x8A,
    0xA8, 0xBF, 0x4D, 0x15, 0x98, 0xEC, 0xAC, 0x8A, 0x5A, 0x89, 0xAA, 0xB8, 0x91, 0xB0, 0x4A, 0x2A,
    0x09, 0xAA, 0xB4, 0xC0, 0xAE, 0x54, 0x36, 0x90, 0x6F, 0xC1, 0xAD, 0xD9, 0xAF, 0x15, 0x60, 0x5E,
    0x03, 0x62, 0x2D, 0x5E, 0x16, 0x0E, 0x32, 0xAF, 0x3C, 0xF3, 0xC4, 0x14, 0x92, 0x27, 0x83, 0xC8,
    0xC7, 0xDC, 0xF4, 0xD1, 0x01, 0x3E, 0x7F, 0xFE, 0x15, 0x0D, 0xF8, 0x61, 0x32, 0x60, 0x56, 0x96,
    0x97, 0xB9, 0x31, 0x7D, 0x02, 0x0A, 0xB4, 0x1C, 0x4E, 0xF4, 0x29, 0x48, 0xB6, 0x64, 0x68, 0x15,
    0x68, 0x67, 0x2D, 0x37, 0x1A, 0xD4, 0xC8, 0xEE, 0x5A, 0x6A, 0x2A, 0xAC, 0xC1, 0x8E, 0xC7, 0xE3,
    0x12, 0x0F, 0xBD, 0x67, 0xCA, 0x3E, 0xE8, 0xE5, 0xE5, 0x24, 0xF3, 0x8B, 0xCD, 0x3E, 0x65, 0x06,
    0x39, 0x2D, 0x2F, 0x6D, 0x24, 0xC8, 0xF9, 0xEE, 0xF5, 0xF2, 0x8E, 0x3A, 0xF9, 0xD2, 0x6F, 0xE5,
    0x28, 0xB8, 0x5E, 0x9C, 0xC3, 0xB6, 0x41, 0x81, 0x66, 0xDF, 0x89, 0xF7, 0xF5, 0x32, 0x1D, 0x25,
    0x32, 0xFA, 0x89, 0x91, 0xC7, 0xA6, 0xF0, 0xA1, 0xE9, 0x5C, 0x7C, 0x53, 0x13, 0xEF, 0x34, 0xF1,
    0x9F, 0x8E, 0xA8, 0x7B, 0xA0, 0xE1, 0xD5, 0x29, 0x62, 0xEB, 0x62, 0x5E, 0xF2, 0xBA, 0x70, 0xEB,
    0xBE, 0xF6, 0x7B, 0xEE, 0x94, 0xC1, 0x62, 0x6E, 0x31, 0x1D, 0x88, 0xF1, 0x40, 0x1B, 0xA3, 0x01,
    0xDE, 0x48, 0x40, 0xCC, 0xFC, 0x41, 0x16, 0xE5, 0x85, 0x50, 0x64, 0x25, 0x67, 0x94, 0x17, 0x6A,
    0xB8, 0x15, 0xE2, 0x34, 0x61, 0x6D, 0x75, 0x69, 0xAA, 0xD2, 0x78, 0x1D, 0xB1, 0xE6, 0xF1, 0x6B,
    0xD4, 0x49, 0x68, 0x10, 0x21, 0x40, 0x26, 0xE1, 0xED, 0x89, 0x70, 0xF3, 0x7F, 0x83, 0x42, 0x96,
    0x84, 0xD2, 0x65, 0xF6, 0x8D, 0x3C, 0xCA, 0xBC, 0xC5, 0x4A, 0x99, 0x2C, 0x46, 0xCC, 0x75, 0x72,
    0x83, 0x9C, 0xFA, 0x6A, 0x09, 0x93, 0x92, 0x06, 0xD9, 0x06, 0x4F, 0xB5, 0x1C, 0x89, 0xDF, 0x49,
    0xDA, 0xCA, 0xEF, 0x0C, 0xD7, 0xBA, 0x13, 0xC4, 0xAC, 0x97, 0x0E, 0xB7, 0x24, 0xD6, 0x3F, 0x53,
    0x6D, 0xB8, 0x4C, 0xD7, 0x67, 0xD6, 0xFB, 0xB2, 0xD8, 0xAE, 0xCF, 0x5F, 0x55, 0xC9, 0x2B, 0x7C,
    0x8E, 0xDF, 0x14, 0xB8, 0xC9, 0x71, 0x67, 0x22, 0xD1, 0x5F, 0x88, 0x30, 0xED, 0x82, 0x1F, 0xE4,
    0x08, 0x01, 0x6E, 0xF0, 0x9E, 0xB7, 0x88, 0xDF, 0xDB, 0x14, 0xBD, 0xBB, 0xFC, 0xA5, 0x73, 0x02,
    0x94, 0x9A, 0x11, 0x64, 0xB6, 0xEF, 0xCF, 0x8C, 0xF6, 0x11, 0x94, 0xF8, 0xF6, 0xB5, 0x4E, 0xAA,
    0x50, 0xA7, 0x58, 0xCB, 0x41, 0x6B, 0xD0, 0x30, 0xD1, 0x38, 0xBD, 0x2B, 0x50, 0x9A, 0x45, 0x3A,
    0xA9, 0x53, 0x1D, 0x9B, 0xBB, 0x31, 0x30, 0x7F, 0x18, 0xF9, 0xC4, 0x69, 0x40, 0x09, 0x18, 0x88,
    0x45, 0x7B, 0x9C, 0x5D, 0xC1, 0x40, 0x5A, 0x9F, 0x30, 0xB0, 0xAA, 0x08, 0x1B, 0xA4, 0x20, 0xA8,
    0x61, 0x53, 0x50, 0x07, 0x4C, 0x33, 0xAB, 0x8B, 0x26, 0xD4, 0x84, 0xC6, 0x1D, 0x9F, 0x2D, 0x16,
    0x19, 0x65, 0x34, 0x2E, 0xD6, 0x6E, 0x5F, 0x27, 0x32, 0xF9, 0x81, 0x2C, 0xD7, 0x92, 0x5F, 0xE5,
    0x8D, 0xCC, 0x99, 0xA8, 0xC0, 0x96, 0xCB, 0x8C, 0x99, 0xF0, 0x16, 0x17, 0xCA, 0xBC, 0x30, 0x5D,
    0x72, 0xE3, 0xA9, 0x1A, 0x92, 0x7F, 0xA2, 0x78, 0xA8, 0xD2, 0xA8, 0xCD, 0x40, 0xE3, 0x39, 0xD0,
    0x31, 0x9A, 0x53, 0x27, 0x85, 0x7C, 0x7F, 0xAB, 0xCA, 0x95, 0xAD, 0x00, 0x3C, 0xBD, 0x5D, 0x61,
    0x8D, 0x1F, 0x62, 0xB6, 0x47, 0xC0, 0xCD, 0xB4, 0x90, 0xA5, 0xC1, 0xF4, 0x65, 0x80, 0x79, 0x95,
    0x1B, 0x61, 0x61, 0x67, 0x66, 0x7C, 0x8A, 0xBC, 0x64, 0x29, 0x93, 0x62, 0xE1, 0x30, 0x68, 0x23,
    0x07, 0x07, 0x41, 0x1B, 0x14, 0x93, 0xBD, 0xED, 0xB7, 0x6C, 0x43, 0x86, 0x75, 0x44, 0x92, 0x14,
    0x62, 0xEE, 0x5F, 0xF9, 0xB6, 0x74, 0xD0, 0xF1, 0x09, 0xBC, 0xF1, 0xEF, 0xB0, 0xCF, 0x7B, 0xD1,
    0x6E, 0x3D, 0xDC, 0x42, 0xCE, 0xE2, 0x52, 0x08, 0xDA, 0x5E, 0x11, 0xEB, 0x9D, 0x22, 0xB6, 0x86,
    0x9F, 0xC2, 0x8C, 0xA5, 0x0D, 0x18, 0x5F, 0x1B, 0x0B, 0x6E, 0xCB, 0xF5, 0x99, 0x66, 0x11, 0x57,
    0x80, 0xEE, 0x83, 0x8A, 0x78, 0xBA, 0x8E, 0xF6, 0xC0, 0x53, 0x2B, 0x61, 0xDE, 0x0A, 0x9A, 0x50,
    0x07, 0x68, 0xE4, 0x3A, 0x42, 0x08, 0xEB, 0xB8, 0xC6, 0x7C, 0x43, 0xB8, 0xFC, 0xC2, 0x8D, 0xB1,
    0x6C, 0x6F, 0xD2, 0xA5, 0x14, 0x89, 0x35, 0x33, 0x02, 0xA2, 0x06, 0x5B, 0xC2, 0x06, 0x9B, 0xC3,
    0x86, 0xB3, 0xB1, 0x61, 0x8B, 0x35, 0x9C, 0x97, 0x0D, 0x8D, 0xAE, 0x91, 0xC1, 0x1B, 0x9C, 0x39,
    0x7E, 0xA0, 0xDC, 0x7B, 0x7D, 0x45, 0xD5, 0x92, 0xBE, 0x35, 0xD5, 0xB1, 0xCC, 0x9B, 0x63, 0x88,
    0x7A, 0x8E, 0xA3, 0xA8, 0x26, 0x98, 0x3B, 0x2F, 0x70, 0xB8, 0x27, 0xB9, 0x81, 0x54, 0x5E, 0xC2,
    0xC2, 0x1E, 0xA9, 0x95, 0xC4, 0x59, 0x70, 0x02, 0x42, 0x75, 0x7A, 0x3A, 0x41, 0x44, 0x62, 0x63,
    0xAB, 0x7A, 0x29, 0x8F, 0x4E, 0x36, 0x8E, 0x1E, 0xEE, 0xC3, 0x39, 0x67, 0x30, 0xCB, 0x15, 0x22,
    0x2B, 0xFF, 0xBD, 0xD3, 0xFC, 0x81, 0xA3, 0xFF, 0x37, 0xCD, 0x7D, 0xF3, 0x27, 0xA7, 0x39, 0x86,
    0x25, 0x32, 0x51, 0x3C, 0xD4, 0x0B, 0xB0, 0xB5, 0x94, 0xEF, 0x36, 0xBE, 0x6B, 0x9F, 0xCA, 0xC2,
    0x4B, 0x56, 0x15, 0x20, 0x24, 0x04, 0xD5, 0xFD, 0x42, 0xF9, 0x00, 0xB0, 0xD3, 0x9D, 0xB5, 0x74,
    0xEA, 0x46, 0x69, 0xB7, 0x51, 0xC2, 0xE7, 0xC5, 0x22, 0xFF, 0xD9, 0xF9, 0x95, 0xBA, 0xDF, 0x13,
    0x1A, 0xAC, 0x54, 0xAD, 0xB0, 0xAD, 0x66, 0x39, 0x67, 0x4D, 0xE3, 0x3A, 0xD4, 0xE7, 0x31, 0x06,
    0x5B, 0x4D, 0x71, 0x98, 0x43, 0x76, 0xDC, 0x7A, 0xAB, 0x7B, 0x0A, 0x43, 0xB4, 0xE3, 0xB5, 0x62,
    0x4F, 0xA2, 0xEF, 0xC3, 0xC1, 0xCB, 0xD0, 0xF2, 0x49, 0x26, 0x17, 0x18, 0xCE, 0xE2, 0x41, 0xA8,
    0x24, 0xDC, 0xF7, 0x5B, 0xCB, 0xB9, 0xB8, 0x0B, 0x6B, 0x02, 0x06, 0x43, 0xCB, 0xB6, 0x6B, 0x59,
    0x65, 0xB7, 0xAA, 0x76, 0x93, 0x29, 0x9D, 0xA6, 0x82, 0x96, 0xF7, 0xB2, 0x68, 0x9C, 0xBA, 0xC0,
    0x4E, 0x0B, 0x57, 0x15, 0x71, 0xAB, 0x39, 0x0C, 0x93, 0x4A, 0x33, 0x3B, 0xA9, 0xB0, 0xF1, 0xA1,
    0x46, 0x47, 0x0D, 0x1D, 0xE1, 0x2C, 0xF0, 0xC8, 0x5A, 0x2A, 0x9E, 0x9A, 0xDD, 0x8D, 0x0A, 0xCB,
    0x50, 0x68, 0x6C, 0xB3, 0x88, 0x6C, 0x2D, 0x28, 0x78, 0xCB, 0x2A, 0xB0, 0x9C, 0x6C, 0xE5, 0x18,
    0xE5, 0x2A, 0xCB, 0x1A, 0x9B, 0xBE, 0x54, 0xCF, 0xCA, 0x5F, 0xC4, 0x0D, 0xB2, 0x67, 0x34, 0x03,
    0xFE, 0x8C, 0x54, 0xA0, 0xF6, 0xBD, 0xB5, 0x90, 0x6F, 0x5C, 0x0E, 0x7B, 0x77, 0x22, 0xB5, 0xAD,
    0xC0, 0xEB, 0x29, 0xFF, 0xB4, 0x29, 0xDD, 0xB8, 0x97, 0x4C, 0xFE, 0xAE, 0x01, 0x28, 0xB2, 0x7F,
    0x01, 0x9D, 0x92, 0xBD, 0x6D, 0x84, 0x40, 0x10, 0x85, 0x07, 0x90, 0xC5, 0x49, 0x04, 0x44, 0x96,
    0x1C, 0x58, 0x22, 0xB5, 0xA5, 0x93, 0x68, 0xE0, 0x6E, 0x76, 0x8B, 0x30, 0xE5, 0x98, 0xBD, 0x26,
    0x5C, 0x8E, 0x39, 0x4A, 0xA0, 0x04, 0x4A, 0x20, 0x20, 0x20, 0x80, 0x5B, 0xCF, 0xCF, 0xA2, 0xC3,
    0x96, 0x03, 0x9B, 0x0D, 0x9E, 0xC4, 0xFE, 0xCC, 0xCC, 0xF7, 0x1E, 0x00, 0xB2, 0xA2, 0x9E, 0x35,
    0x1D, 0x58, 0xF3, 0x96, 0xD5, 0xC8, 0xFE, 0xCC, 0x92, 0x6C, 0xB7, 0x2D, 0xAB, 0xE7, 0xD5, 0xAA,
    0x9A, 0x8F, 0xAA, 0xAA, 0xAC, 0x9E, 0x6A, 0x81, 0x48, 0x5E, 0x81, 0x13, 0x2D, 0x36, 0x07, 0xB1,
    0x74, 0x01, 0x29, 0x01, 0x4F, 0x2C, 0x57, 0xDE, 0xF5, 0x74, 0x25, 0xF3, 0x74, 0xA3, 0xF4, 0xF4,
    0xB2, 0x41, 0x07, 0xF1, 0x84, 0x45, 0x9B, 0x77, 0x98, 0x0C, 0xC6, 0x22, 0x2C, 0x67, 0x40, 0x38,
    0x01, 0x09, 0xEC, 0x91, 0x40, 0xD8, 0x09, 0xCA, 0x28, 0x1F, 0x0B, 0xDC, 0x59, 0x74, 0x72, 0x65,
    0x84, 0x75, 0xF2, 0x2D, 0xE0, 0x23, 0xF1, 0xB9, 0xFB, 0x33, 0x2D, 0x91, 0x4B, 0xB9, 0x52, 0x2A,
    0x34, 0xC2, 0x36, 0xFD, 0x24, 0x7C, 0xDD, 0x33, 0xEE, 0x81, 0xE4, 0x60, 0x48, 0xDE, 0x8B, 0x16,
    0xA3, 0x39, 0x1D, 0x30, 0x1D, 0xA2, 0x19, 0xCB, 0x0B, 0xB8, 0x9A, 0xFA, 0xE4, 0x9E, 0xDA, 0x24,
    0x9E, 0xBB, 0xF8, 0xCB, 0x77, 0x40, 0xCE, 0x50, 0x62, 0x24, 0xAF, 0x65, 0x18, 0x06, 0x5B, 0x42,
    0x92, 0x8C, 0x3A, 0xEB, 0xD8, 0x42, 0x4A, 0x10, 0xCA, 0xBD, 0x04, 0x17, 0x9C, 0xF5, 0x7E, 0x03,
    0xBD, 0xE6, 0x5A, 0x39, 0xBB, 0xDE, 0x93, 0x08, 0xA9, 0xB0, 0xA4, 0x9B, 0xF5, 0x9A, 0x2F, 0xCD,
    0x25, 0x09, 0xD7, 0xDA, 0x37, 0x9A, 0xD4, 0x03, 0xB5, 0xC1, 0x06, 0x23, 0x7E, 0x4B, 0xFA, 0x1A,
    0x92, 0x4E, 0x46, 0xCC, 0x3B, 0x4E, 0x7A, 0x94, 0xA4, 0x8F, 0xFF, 0x4E, 0x7A, 0x8F, 0x61, 0x67,
    0xF9, 0x87, 0x2D, 0x1F, 0x74, 0xE1, 0x8A, 0xA9, 0x6F, 0xE4, 0x10, 0x9A, 0x4B, 0x32, 0x60, 0xD6,
    0x53, 0xA9, 0x78, 0xE2, 0xA2, 0xCD, 0x33, 0xC9, 0xCB, 0x5F, 0x67, 0xE1, 0xE9, 0x8F, 0xCC, 0xF1,
    0x49, 0x44, 0xF1, 0x28, 0x6C, 0x70, 0x43, 0x72, 0xD8, 0x34, 0x0B, 0x37, 0x1A, 0x83, 0x07, 0xE2,
    0x06, 0xD7, 0x7D, 0x20, 0x8B, 0xDF, 0x4A, 0xB2, 0x7B, 0x16, 0xF9, 0x02, 0xA5, 0x91, 0xBF, 0x4E,
    0x03, 0x31, 0x0C, 0xC6, 0x3F, 0x9A, 0xE1, 0x86, 0x0A, 0xB2, 0x30, 0x22, 0x75, 0x65, 0xA8, 0x28,
    0x43, 0x87, 0x1B, 0xAE, 0xCA, 0x49, 0x3C, 0x10, 0x8C, 0x6C, 0x74, 0x63, 0x84, 0x47, 0x61, 0x04,
    0x81, 0x74, 0x2E, 0x7D, 0x01, 0xB7, 0x0C, 0x0C, 0x48, 0x90, 0x07, 0x40, 0x10, 0xA1, 0x4A, 0x04,
    0x71, 0x6D, 0xF0, 0x25, 0xAD, 0x84, 0xF8, 0x33, 0x20, 0x12, 0xDB, 0xFA, 0x29, 0xFE, 0x12, 0x5B,
    0x31, 0xB6, 0x91, 0xFF, 0xB6, 0xB5, 0x37, 0xBE, 0x72, 0x95, 0x35, 0x25, 0xB6, 0x21, 0x07, 0x28,
    0x00, 0x23, 0x36, 0x84, 0x61, 0x18, 0x87, 0x7C, 0x86, 0xFC, 0x10, 0x79, 0x81, 0x3C, 0x8F, 0xD6,
    0x47, 0x7E, 0xA0, 0xFD, 0xA9, 0xF1, 0xA8, 0x1C, 0x2A, 0x0B, 0xB9, 0xB7, 0x5A, 0xFB, 0x82, 0xFB,
    0xA1, 0x44, 0x2F, 0xBC, 0x97, 0x30, 0x6F, 0x59, 0x89, 0x01, 0x24, 0xE4, 0x7F, 0x0A, 0x6B, 0xA1,
    0x6C, 0xFB, 0x2C, 0xC0, 0x78, 0x1D, 0x50, 0xCD, 0x74, 0x2D, 0x45, 0x32, 0xD7, 0xF4, 0xF3, 0x65,
    0xFD, 0x54, 0xAD, 0x2D, 0x0F, 0xB4, 0xE4, 0x6C, 0x10, 0x24, 0x98, 0x70, 0x2C, 0xE1, 0xF4, 0xBF,
    0xD5, 0xDC, 0xB7, 0xFD, 0x52, 0x87, 0x45, 0xDD, 0x71, 0x1D, 0xB7, 0xE3, 0x0A, 0x37, 0x0B, 0x7C,
    0x81, 0x33, 0x91, 0xB5, 0xE0, 0x0C, 0x5E, 0x03, 0x82, 0xD8, 0x09, 0xBC, 0x86, 0xFB, 0x6C, 0x3D,
    0xBC, 0xA4, 0xD4, 0x43, 0x93, 0x2A, 0x35, 0xA0, 0xD3, 0xF3, 0x9B, 0x88, 0x5F, 0xBE, 0x74, 0x45,
    0x03, 0xA7, 0xC8, 0x38, 0x75, 0x1D, 0x58, 0x3D, 0xCF, 0x91, 0x85, 0x1A, 0x47, 0xBE, 0x40, 0x45,
    0x05, 0x2E, 0xA9, 0xC9, 0x47, 0x3F, 0x8B, 0x9A, 0x51, 0xB0, 0xEA, 0x61, 0x01, 0x25, 0x9A, 0xDE,
    0x5C, 0x34, 0x9C, 0x74, 0x7B, 0x51, 0x83, 0xE8, 0x2D, 0x71, 0xB4, 0xDF, 0x92, 0xA3, 0x0A, 0x56,
    0x7A, 0x60, 0x28, 0x37, 0xAA, 0x33, 0x3B, 0xF2, 0x68, 0x33, 0x85, 0x0E, 0xD1, 0x1C, 0xEB, 0x4C,
    0xB7, 0x57, 0x44, 0x77, 0xE8, 0x32, 0x4D, 0x1D, 0xD1, 0xCD, 0xB0, 0xCF, 0xC4, 0x96, 0x68, 0x4A,
    0xBB, 0x02, 0x4C, 0x34, 0x59, 0x01, 0x7F, 0x83, 0x09, 0xF5, 0x13, 0x4C, 0xA9, 0x9B, 0xE0, 0x66,
    0xB8, 0xB5, 0x04, 0x6C, 0x24, 0xB8, 0x47, 0x96, 0xE0, 0x11, 0x2A, 0x81, 0x07, 0x6C, 0x04, 0x07,
    0x1C, 0x34, 0x30, 0x92, 0x5E, 0xBB, 0x0D, 0x8C, 0x65, 0xB2, 0xBA, 0x81, 0x7B, 0xE9, 0x59, 0xB1,
    0x80, 0x8F, 0x83, 0x10, 0xB0, 0x0D, 0x14, 0xCC, 0xE3, 0x38, 0x20, 0xCD, 0xFC, 0x14, 0x3F, 0xB1,
    0x65, 0xD9, 0xA7, 0xEF, 0x3C, 0x9F, 0x72, 0x82, 0xCE, 0xF3, 0x72, 0x7E, 0xAA, 0x5E, 0x4D, 0x32,
    0x5E, 0xFE, 0x00, 0x9D, 0xCD, 0x31, 0x0E, 0x40, 0x40, 0x14, 0x04, 0xD0, 0x41, 0xA1, 0x70, 0x02,
    0x67, 0x50, 0x38, 0xC2, 0xFF, 0x47, 0x70, 0xA3, 0x4D, 0xB8, 0x8B, 0xC4, 0x5E, 0x42, 0xE1, 0x42,
    0xBF, 0x50, 0x20, 0x62, 0xEC, 0x0A, 0x51, 0xD3, 0xBC, 0x62, 0x26, 0x99, 0x41, 0xB1, 0x02, 0x70,
    0x87, 0x00, 0x1C, 0x9C, 0xA6, 0x3B, 0x1C, 0xB2, 0x19, 0x25, 0x32, 0x0B, 0xF9, 0x45, 0xBE, 0x79,
    0x0F, 0x21, 0x89, 0xEA, 0xF0, 0x63, 0xCC, 0xE4, 0x07, 0xC2, 0x8E, 0x26, 0x9C, 0x68, 0x48, 0xD9,
    0x23, 0x0E, 0x2A, 0xD8, 0x8F, 0x9A, 0xEC, 0xA8, 0x35, 0x5C, 0x06, 0xEC, 0x21, 0x5F, 0x9B, 0x5A,
    0x85, 0x76, 0xF3, 0x16, 0x9F, 0x10, 0xB6, 0x9C, 0xE3, 0xE5, 0x72, 0x02, 0x5D, 0xD0, 0x31, 0x4E,
    0xC3, 0x30, 0x14, 0x06, 0xE0, 0x3F, 0x36, 0x52, 0x06, 0x50, 0xB3, 0xB1, 0x10, 0xD1, 0x0B, 0x44,
    0x6A, 0x87, 0x0C, 0x19, 0x2A, 0xE2, 0x23, 0xB0, 0x73, 0x04, 0x86, 0x66, 0xE8, 0x40, 0x27, 0x72,
    0x05, 0x24, 0x8E, 0x50, 0x06, 0xBA, 0x24, 0x43, 0x07, 0x86, 0x4A, 0xF1, 0x11, 0x72, 0x04, 0x0F,
    0x2C, 0x6C, 0x1E, 0x32, 0x04, 0x51, 0xF2, 0x78, 0x76, 0x08, 0x03, 0x5E, 0x3E, 0x5B, 0x7E, 0xB2,
    0xFE, 0xDF, 0x00, 0xA2, 0x12, 0x6E, 0xDD, 0x58, 0x4F, 0xB6, 0x19, 0xC9, 0x46, 0x56, 0x9E, 0x34,
    0xF1, 0x14, 0xE3, 0xC9, 0xFA, 0x3B, 0xA9, 0x53, 0xC7, 0x5C, 0xD5, 0x8E, 0x23, 0xBE, 0x48, 0x43,
    0xB6, 0x18, 0x9E, 0x0C, 0xCE, 0x21, 0x34, 0x2C, 0xAE, 0x1D, 0x86, 0x4E, 0xCC, 0xA5, 0xF9, 0x50,
    0x00, 0x51, 0xD7, 0x02, 0x62, 0xB8, 0x5D, 0x31, 0xD2, 0x22, 0x66, 0x22, 0x8B, 0x84, 0x39, 0x6E,
    0x5F, 0xDF, 0x5A, 0x08, 0x93, 0x93, 0xE5, 0x13, 0x36, 0x78, 0x70, 0xD4, 0x70, 0x93, 0x28, 0x90,
    0x39, 0xF2, 0x97, 0x03, 0xF5, 0x40, 0x43, 0x66, 0x5F, 0x95, 0x30, 0x52, 0x21, 0xE8, 0x61, 0x19,
    0x2C, 0x88, 0x2A, 0x1E, 0x08, 0xAA, 0xFD, 0x37, 0x23, 0x68, 0x50, 0x2E, 0xD3, 0xE3, 0xF3, 0x5D,
    0xE7, 0x82, 0x1A, 0x1E, 0x60, 0x23, 0xB7, 0xE7, 0x77, 0x7C, 0xFA, 0x03, 0x60, 0x9C, 0x09, 0xF7,
    0x80, 0xBF, 0x0C, 0x7D, 0x37, 0x59, 0xCE, 0xBC, 0x42, 0xC7, 0x38, 0x03, 0x14, 0x4C, 0x82, 0x85,
    0x12, 0x9D, 0x2B, 0x9D, 0x6B, 0x79, 0x42, 0x9D, 0x22, 0x2F, 0xD9, 0x62, 0xC9, 0x8F, 0x0A, 0x8B,
    0x74, 0x89, 0xF1, 0x8B, 0xFE, 0x9B, 0x46, 0xEF, 0xC0, 0x5A, 0x17, 0xD9, 0xC5, 0x15, 0xD1, 0x4E,
    0xD7, 0x49, 0xB4, 0x03, 0xEE, 0xB5, 0x8D, 0x43, 0xE2, 0xA5, 0xCC, 0x4C, 0x30, 0x83, 0xD0, 0x21,
    0x9A, 0x6E, 0xDD, 0xCB, 0x52, 0xEA, 0xB9, 0x0E, 0x5B, 0x0E, 0x69, 0x82, 0xE6, 0x93, 0x73, 0xFD,
    0xE5, 0x9C, 0x72, 0x4F, 0x3D, 0xA6, 0x5E, 0xBF, 0x3D, 0x7F, 0x00,
};

static const EpdGlyph bitter_14_regularGlyphs[] = {
    { 0, 0, 90, 0, 0, 0, 0 }, // U+0020
    { 4, 22, 154, 3, 21, 22, 0 }, // !
    { 8, 8, 187, 2, 23, 16, 22 }, // "
    { 18, 21, 313, 1, 21, 95, 38 }, // #
    { 14, 29, 288, 2, 25, 102, 133 }, // $
    { 23, 22, 398, 1, 21, 127, 235 }, // %
    { 17, 22, 319, 2, 21, 94, 362 }, // &
    { 3, 8, 111, 2, 23, 6, 456 }, // '
    { 8, 30, 145, 1, 26, 60, 462 }, // (
    { 8, 30, 145, 0, 26, 60, 522 }, // )
    { 10, 11, 220, 2, 23, 28, 582 }, // *
    { 15, 15, 263, 1, 18, 57, 610 }, // +
    { 5, 9, 108, 1, 4, 12, 667 }, // ,
    { 9, 3, 212, 2, 10, 7, 679 }, // -
    { 4, 5, 102, 1, 4, 5, 686 }, // .
    { 11, 27, 151, -1, 24, 75, 691 }, // /
    { 17, 19, 306, 1, 18, 81, 766 }, // 0
    { 13, 17, 198, 0, 17, 56, 847 }, // 1
    { 15, 18, 266, 1, 18, 68, 903 }, // 2
    { 14, 22, 253, 0, 18, 77, 971 }, // 3
    { 17, 22, 280, 0, 18, 94, 1048 }, // 4
    { 14, 21, 241, 0, 17, 74, 1142 }, // 5
    { 16, 22, 280, 1, 21, 88, 1216 }, // 6
    { 15, 21, 242, 0, 17, 79, 1304 }, // 7
    { 15, 22, 281, 1, 21, 83, 1383 }, // 8
    { 15, 22, 279, 1, 18, 83, 1466 }, // 9
    { 4, 15, 102, 1, 14, 15, 1549 }, // :
    { 6, 19, 105, 0, 14, 29, 1564 }, // ;
    { 14, 15, 260, 1, 18, 53, 1593 }, // <
    { 14, 9, 254, 1, 15, 32, 1646 }, // =
    { 14, 13, 257, 1, 17, 46, 1678 }, // >
    { 11, 22, 200, 1, 21, 61, 1724 }, // ?
    { 23, 24, 407, 1, 20, 138, 1785 }, // @
    { 21, 21, 331, 0, 21, 111, 1923 }, // A
    { 17, 21, 302, 1, 21, 90, 2034 }, // B
    { 17, 22, 299, 1, 21, 94, 2124 }, // C
    { 19, 21, 334, 1, 21, 100, 2218 }, // D
    { 16, 21, 288, 1, 21, 84, 2318 }, // E
    { 15, 21, 263, 1, 21, 79, 2402 }, // F
    { 20, 22, 341, 1, 21, 110, 2481 }, // G
    { 21, 21, 370, 1, 21, 111, 2591 }, // H
    { 9, 21, 166, 1, 21, 48, 2702 }, // I
    { 10, 26, 156, -1, 21, 65, 2750 }, // J
    { 20, 21, 332, 1, 21, 105, 2815 }, // K
    { 15, 21, 259, 1, 21, 79, 2920 }, // L
    { 24, 21, 413, 1, 21, 126, 2999 }, // M
    { 21, 21, 366, 1, 21, 111, 3125 }, // N
    { 20, 22, 346, 1, 21, 110, 3236 }, // O
    { 16, 21, 281, 1, 21, 84, 3346 }, // P
    { 23, 27, 350, 1, 21, 156, 3430 }, // Q
    { 18, 21, 309, 1, 21, 95, 3586 }, // R
    { 15, 22, 280, 1, 21, 83, 3681 }, // S
    { 17, 21, 277, 0, 21, 90, 3764 }, // T
    { 22, 22, 349, 0, 21, 121, 3854 }, // U
    { 21, 22, 326, 0, 21, 116, 3975 }, // V
    { 30, 22, 477, 0, 21, 165, 4091 }, // W
    { 20, 21, 328, 0, 21, 105, 4256 }, // X
    { 19, 21, 300, 0, 21, 100, 4361 }, // Y
    { 16, 21, 289, 1, 21, 84, 4461 }, // Z
    { 8, 29, 161, 2, 25, 58, 4545 }, // [
    { 10, 27, 154, 0, 24, 68, 4603 }, // <backslash>
    { 8, 29, 161, 0, 25, 58, 4671 }, // ]
    { 14, 11, 254, 1, 26, 39, 4729 }, // ^
    { 16, 3, 231, -1, -1, 12, 4768 }, // _
    { 8, 7, 150, 1, 24, 14, 4780 }, // `
    { 15, 17, 257, 1, 16, 64, 4794 }, // a
    { 16, 24, 272, 0, 23, 96, 4858 }, // b
    { 14, 17, 240, 1, 16, 60, 4954 }, // c
    { 16, 24, 279, 1, 23, 96, 5014 }, // d
    { 14, 17, 255, 1, 16, 60, 5110 }, // e
    { 13, 23, 167, 0, 23, 75, 5170 }, // f
    { 16, 23, 263, 0, 16, 92, 5245 }, // g
    { 18, 23, 292, 0, 23, 104, 5337 }, // h
    { 8, 23, 142, 1, 23, 46, 5441 }, // i
    { 8, 30, 130, -2, 23, 60, 5487 }, // j
    { 17, 23, 269, 0, 23, 98, 5547 }, // k
    { 8, 23, 138, 0, 23, 46, 5645 }, // l
    { 27, 16, 445, 1, 16, 108, 5691 }, // m
    { 18, 16, 297, 1, 16, 72, 5799 }, // n
    { 15, 17, 269, 1, 16, 64, 5871 }, // o
    { 17, 23, 280, 0, 16, 98, 5935 }, // p
    { 16, 23, 272, 1, 16, 92, 6033 }, // q
    { 12, 16, 211, 1, 16, 48, 6125 }, // r
    { 12, 17, 224, 1, 16, 51, 6173 }, // s
    { 11, 21, 174, 0, 20, 58, 6224 }, // t
    { 18, 17, 291, 0, 16, 77, 6282 }, // u
    { 17, 17, 249, -1, 16, 73, 6359 }, // v
    { 25, 17, 379, -1, 16, 107, 6432 }, // w
    { 16, 16, 261, 0, 16, 64, 6539 }, // x
    { 17, 23, 251, -1, 16, 98, 6603 }, // y
    { 13, 16, 228, 1, 16, 52, 6701 }, // z
    { 10, 29, 162, 0, 25, 73, 6753 }, // {
    { 3, 27, 151, 3, 24, 21, 6826 }, // |
    { 10, 29, 162, 0, 25, 73, 6847 }, // }
    { 15, 5, 281, 1, 13, 19, 6920 }, // ~
    { 0, 0, 90, 0, 0, 0, 0 }, // U+00A0
    { 4, 21, 154, 3, 15, 21, 0 }, // U+00A1
    { 14, 23, 261, 1, 22, 81, 21 }, // U+00A2
    { 15, 21, 313, 2, 21, 79, 102 }, // U+00A3
    { 15, 14, 310, 2, 16, 53, 181 }, // U+00A4
    { 19, 21, 332, 1, 21, 100, 234 }, // U+00A5
    { 3, 27, 151, 3, 24, 21, 334 }, // U+00A6
    { 13, 27, 263, 2, 21, 88, 355 }, // U+00A7
    { 10, 5, 213, 2, 23, 13, 443 }, // U+00A8
    { 22, 22, 412, 2, 21, 121, 456 }, // U+00A9
    { 11, 17, 204, 1, 21, 47, 577 }, // U+00AA
    { 13, 14, 239, 1, 15, 46, 624 }, // U+00AB
    { 15, 9, 283, 1, 12, 34, 670 }, // U+00AC
    { 0, 0, 0, 0, 0, 0, 704 }, // U+00AD
    { 18, 18, 345, 2, 22, 81, 704 }, // U+00AE
    { 9, 3, 200, 2, 22, 7, 785 }, // U+00AF
    { 10, 10, 207, 1, 22, 25, 792 }, // U+00B0
    { 14, 18, 276, 2, 19, 63, 817 }, // U+00B1
    { 10, 13, 168, 0, 23, 33, 880 }, // U+00B2
    { 10, 14, 172, 0, 23, 35, 913 }, // U+00B3
    { 8, 7, 154, 1, 24, 14, 948 }, // U+00B4
    { 18, 23, 306, 0, 16, 104, 962 }, // U+00B5
    { 16, 26, 287, 1, 21, 104, 1066 }, // U+00B6
    { 4, 5, 102, 1, 12, 5, 1170 }, // U+00B7
    { 8, 7, 150, 1, 0, 14, 1175 }, // U+00B8
    { 8, 13, 132, 0, 23, 26, 1189 }, // U+00B9
    { 12, 17, 223, 1, 21, 51, 1215 }, // U+00BA
    { 13, 14, 239, 1, 15, 46, 1266 }, // U+00BB
    { 24, 22, 399, 0, 21, 132, 1312 }, // U+00BC
    { 24, 22, 410, 1, 21, 132, 1444 }, // U+00BD
    { 26, 22, 416, 0, 21, 143, 1576 }, // U+00BE
    { 12, 22, 199, 0, 16, 66, 1719 }, // U+00BF
    { 21, 28, 331, 0, 28, 147, 1785 }, // U+00C0
    { 21, 28, 331, 0, 28, 147, 1932 }, // U+00C1
    { 21, 27, 331, 0, 27, 142, 2079 }, // U+00C2
    { 21, 27, 331, 0, 27, 142, 2221 }, // U+00C3
    { 21, 27, 331, 0, 27, 142, 2363 }, // U+00C4
    { 21, 28, 331, 0, 28, 147, 2505 }, // U+00C5
    { 26, 21, 441, 0, 21, 137, 2652 }, // U+00C6
    { 17, 28, 299, 1, 21, 119, 2789 }, // U+00C7
    { 16, 28, 288, 1, 28, 112, 2908 }, // U+00C8
    { 16, 28, 288, 1, 28, 112, 3020 }, // U+00C9
    { 16, 27, 288, 1, 27, 108, 3132 }, // U+00CA
    { 16, 27, 288, 1, 27, 108, 3240 }, // U+00CB
    { 9, 28, 166, 1, 28, 63, 3348 }, // U+00CC
    { 9, 28, 166, 1, 28, 63, 3411 }, // U+00CD
    { 11, 27, 166, 0, 27, 75, 3474 }, // U+00CE
    { 10, 27, 166, 0, 27, 68, 3549 }, // U+00CF
    { 19, 21, 334, 1, 21, 100, 3617 }, // U+00D0
    { 21, 27, 366, 1, 27, 142, 3717 }, // U+00D1
    { 20, 29, 346, 1, 28, 145, 3859 }, // U+00D2
    { 20, 29, 346, 1, 28, 145, 4004 }, // U+00D3
    { 20, 28, 346, 1, 27, 140, 4149 }, // U+00D4
    { 20, 28, 346, 1, 27, 140, 4289 }, // U+00D5
    { 20, 28, 346, 1, 27, 140, 4429 }, // U+00D6
    { 13, 13, 235, 1, 17, 43, 4569 }, // U+00D7
    { 20, 26, 346, 1, 23, 130, 4612 }, // U+00D8
    { 22, 29, 349, 0, 28, 160, 4742 }, // U+00D9
    { 22, 29, 349, 0, 28, 160, 4902 }, // U+00DA
    { 22, 28, 349, 0, 27, 154, 5062 }, // U+00DB
    { 22, 28, 349, 0, 27, 154, 5216 }, // U+00DC
    { 19, 28, 300, 0, 28, 133, 5370 }, // U+00DD
    { 16, 21, 274, 1, 21, 84, 5503 }, // U+00DE
    { 19, 24, 311, 0, 23, 114, 5587 }, // U+00DF
    { 15, 25, 258, 1, 24, 94, 5701 }, // U+00E0
    { 15, 25, 258, 1, 24, 94, 5795 }, // U+00E1
    { 15, 25, 258, 1, 24, 94, 5889 }, // U+00E2
    { 15, 24, 258, 1, 23, 90, 5983 }, // U+00E3
    { 15, 24, 258, 1, 23, 90, 6073 }, // U+00E4
    { 15, 26, 258, 1, 25, 98, 6163 }, // U+00E5
    { 23, 17, 403, 1, 16, 98, 6261 }, // U+00E6
    { 14, 23, 240, 1, 16, 81, 6359 }, // U+00E7
    { 14, 25, 256, 1, 24, 88, 6440 }, // U+00E8
    { 14, 25, 256, 1, 24, 88, 6528 }, // U+00E9
    { 14, 25, 256, 1, 24, 88, 6616 }, // U+00EA
    { 14, 24, 256, 1, 23, 84, 6704 }, // U+00EB
    { 9, 24, 142, 0, 24, 54, 6788 }, // U+00EC
    { 8, 24, 142, 1, 24, 48, 6842 }, // U+00ED
    { 9, 24, 142, 0, 24, 54, 6890 }, // U+00EE
    { 10, 23, 142, -1, 23, 58, 6944 }, // U+00EF
    { 15, 24, 273, 1, 23, 90, 7002 }, // U+00F0
    { 18, 23, 297, 1, 23, 104, 7092 }, // U+00F1
    { 15, 25, 269, 1, 24, 94, 7196 }, // U+00F2
    { 15, 25, 269, 1, 24, 94, 7290 }, // U+00F3
    { 15, 25, 269, 1, 24, 94, 7384 }, // U+00F4
    { 15, 24, 269, 1, 23, 90, 7478 }, // U+00F5
    { 15, 24, 269, 1, 23, 90, 7568 }, // U+00F6
    { 14, 16, 254, 1, 18, 56, 7658 }, // U+00F7
    { 15, 22, 270, 1, 19, 83, 7714 }, // U+00F8
    { 18, 25, 291, 0, 24, 113, 7797 }, // U+00F9
    { 18, 25, 291, 0, 24, 113, 7910 }, // U+00FA
    { 18, 25, 291, 0, 24, 113, 8023 }, // U+00FB
    { 18, 24, 291, 0, 23, 108, 8136 }, // U+00FC
    { 17, 31, 251, -1, 24, 132, 8244 }, // U+00FD
    { 16, 30, 273, 0, 23, 120, 8376 }, // U+00FE
    { 17, 30, 251, -1, 23, 128, 8496 }, // U+00FF
    { 0, 0, 257, 0, 0, 0, 0 }, // U+2007
    { 0, 0, 102, 0, 0, 0, 0 }, // U+2008
    { 0, 0, 45, 0, 0, 0, 0 }, // U+2009
    { 0, 0, 47, 0, 0, 0, 0 }, // U+200A
    { 0, 0, 0, 0, 0, 0, 0 }, // U+200B
    { 0, 0, 0, 0, 0, 0, 0 }, // U+200C
    { 0, 0, 0, 0, 0, 0, 0 }, // U+200D
    { 0, 0, 0, 0, 0, 0, 0 }, // U+200E
    { 0, 0, 0, 0, 0, 0, 0 }, // U+200F
    { 10, 3, 202, 1, 10, 8, 0 }, // U+2010
    { 16, 3, 310, 2, 12, 12, 8 }, // U+2012
    { 14, 3, 287, 2, 10, 11, 20 }, // U+2013
    { 22, 3, 403, 2, 10, 17, 31 }, // U+2014
    { 22, 3, 403, 2, 10, 17, 48 }, // U+2015
    { 16, 7, 231, -1, -1, 28, 65 }, // U+2017
    { 4, 8, 98, 1, 23, 8, 93 }, // U+2018
    { 4, 8, 98, 1, 23, 8, 101 }, // U+2019
    { 5, 8, 98, 1, 3, 10, 109 }, // U+201A
    { 4, 8, 98, 1, 23, 8, 119 }, // U+201B
    { 9, 9, 175, 1, 24, 21, 127 }, // U+201C
    { 9, 8, 175, 1, 23, 18, 148 }, // U+201D
    { 9, 8, 175, 1, 3, 18, 166 }, // U+201E
    { 14, 23, 225, 0, 21, 81, 184 }, // U+2020
    { 14, 23, 225, 0, 21, 81, 265 }, // U+2021
    { 9, 8, 184, 1, 13, 18, 346 }, // U+2022
    { 13, 5, 289, 2, 4, 17, 364 }, // U+2025
    { 19, 5, 328, 1, 4, 24, 381 }, // U+2026
    { 0, 0, 0, 0, 0, 0, 405 }, // U+202A
    { 0, 0, 0, 0, 0, 0, 405 }, // U+202B
    { 0, 0, 0, 0, 0, 0, 405 }, // U+202C
    { 0, 0, 0, 0, 0, 0, 405 }, // U+202D
    { 0, 0, 0, 0, 0, 0, 405 }, // U+202E
    { 34, 22, 584, 1, 21, 187, 405 }, // U+2030
    { 5, 8, 136, 2, 23, 10, 592 }, // U+2032
    { 9, 8, 207, 2, 23, 18, 602 }, // U+2033
    { 7, 14, 146, 1, 15, 25, 620 }, // U+2039
    { 7, 14, 146, 1, 15, 25, 645 }, // U+203A
    { 10, 22, 255, 3, 21, 55, 670 }, // U+203C
    { 12, 3, 192, 0, 20, 9, 725 }, // U+203E
    { 15, 22, 78, -5, 21, 83, 734 }, // U+2044
    { 0, 0, 0, 0, 0, 0, 817 }, // U+2060
    { 0, 0, 0, 0, 0, 0, 817 }, // U+2061
    { 0, 0, 0, 0, 0, 0, 817 }, // U+2062
    { 0, 0, 0, 0, 0, 0, 817 }, // U+2063
    { 0, 0, 0, 0, 0, 0, 817 }, // U+2064
    { 0, 0, 0, 0, 0, 0, 817 }, // U+2066
    { 0, 0, 0, 0, 0, 0, 817 }, // U+2067
    { 0, 0, 0, 0, 0, 0, 817 }, // U+2068
    { 0, 0, 0, 0, 0, 0, 817 }, // U+2069
    { 0, 0, 0, 0, 0, 0, 817 }, // U+206A
    { 0, 0, 0, 0, 0, 0, 817 }, // U+206B
    { 0, 0, 0, 0, 0, 0, 817 }, // U+206C
    { 0, 0, 0, 0, 0, 0, 817 }, // U+206D
    { 0, 0, 0, 0, 0, 0, 817 }, // U+206E
    { 0, 0, 0, 0, 0, 0, 817 }, // U+206F
    { 18, 29, 321, 1, 25, 131, 0 }, // U+20A1
    { 16, 21, 299, 2, 21, 84, 131 }, // U+20A3
    { 16, 21, 320, 2, 21, 84, 215 }, // U+20A4
    { 23, 21, 422, 2, 21, 121, 299 }, // U+20A6
    { 18, 21, 322, 1, 21, 95, 420 }, // U+20A7
    { 31, 22, 489, 0, 21, 171, 515 }, // U+20A9
    { 16, 27, 326, 2, 23, 108, 686 }, // U+20AB
    { 18, 22, 334, 1, 21, 99, 794 }, // U+20AC
    { 20, 21, 370, 2, 21, 105, 893 }, // U+20AD
    { 17, 21, 310, 1, 21, 90, 998 }, // U+20AE
    { 18, 21, 325, 1, 21, 95, 1088 }, // U+20B1
    { 20, 29, 353, 1, 25, 145, 1183 }, // U+20B2
    { 15, 22, 334, 3, 21, 83, 1328 }, // U+20B4
    { 18, 29, 320, 1, 25, 131, 1411 }, // U+20B5
    { 17, 21, 280, 0, 21, 90, 1542 }, // U+20B8
    { 15, 21, 300, 2, 21, 79, 1632 }, // U+20B9
    { 17, 21, 316, 2, 21, 90, 1711 }, // U+20BA
    { 26, 24, 446, 1, 24, 156, 1801 }, // U+20BC
    { 17, 21, 305, 2, 21, 90, 1957 }, // U+20BD
    { 21, 20, 370, 1, 20, 105, 0 }, // U+2190
    { 20, 21, 327, 0, 21, 105, 105 }, // U+2191
    { 21, 20, 370, 1, 20, 105, 210 }, // U+2192
    { 20, 21, 327, 0, 21, 105, 315 }, // U+2193
    { 30, 20, 500, 1, 20, 150, 420 }, // U+2194
    { 20, 29, 327, 0, 25, 145, 570 }, // U+2195
    { 20, 31, 327, 0, 25, 155, 715 }, // U+21A8
    { 7, 19, 145, 1, 19, 34, 0 }, // U+2669
    { 11, 19, 211, 1, 19, 53, 34 }, // U+266A
    { 17, 22, 299, 1, 20, 94, 87 }, // U+266B
    { 17, 22, 299, 1, 20, 94, 181 }, // U+266C
    { 8, 19, 162, 1, 18, 38, 275 }, // U+266D
    { 9, 19, 167, 1, 12, 43, 313 }, // U+266E
    { 14, 25, 258, 1, 18, 88, 356 }, // U+266F
    { 33, 30, 593, 2, 25, 248, 444 }, // U+2764
    { 19, 23, 300, 0, 23, 110, 0 }, // U+FB01
    { 19, 23, 306, 0, 23, 110, 110 }, // U+FB02
    { 27, 30, 593, 5, 25, 203, 0 }, // U+1F44D
    { 31, 30, 593, 3, 25, 233, 203 }, // U+1F600
};

static const EpdUnicodeInterval bitter_14_regularIntervals[] = {
    { 0x20, 0x7E, 0x0 },
    { 0xA0, 0xFF, 0x5F },
    { 0x2007, 0x2010, 0xBF },
    { 0x2012, 0x2015, 0xC9 },
    { 0x2017, 0x201E, 0xCD },
    { 0x2020, 0x2022, 0xD5 },
    { 0x2025, 0x2026, 0xD8 },
    { 0x202A, 0x202E, 0xDA },
    { 0x2030, 0x2030, 0xDF },
    { 0x2032, 0x2033, 0xE0 },
    { 0x2039, 0x203A, 0xE2 },
    { 0x203C, 0x203C, 0xE4 },
    { 0x203E, 0x203E, 0xE5 },
    { 0x2044, 0x2044, 0xE6 },
    { 0x2060, 0x2064, 0xE7 },
    { 0x2066, 0x206F, 0xEC },
    { 0x20A1, 0x20A1, 0xF6 },
    { 0x20A3, 0x20A4, 0xF7 },
    { 0x20A6, 0x20A7, 0xF9 },
    { 0x20A9, 0x20A9, 0xFB },
    { 0x20AB, 0x20AE, 0xFC },
    { 0x20B1, 0x20B2, 0x100 },
    { 0x20B4, 0x20B5, 0x102 },
    { 0x20B8, 0x20BA, 0x104 },
    { 0x20BC, 0x20BD, 0x107 },
    { 0x2190, 0x2195, 0x109 },
    { 0x21A8, 0x21A8, 0x10F },
    { 0x2669, 0x266F, 0x110 },
    { 0x2764, 0x2764, 0x117 },
    { 0xFB01, 0xFB02, 0x118 },
    { 0x1F44D, 0x1F44D, 0x11A },
    { 0x1F600, 0x1F600, 0x11B },
};

static const EpdFontGroup bitter_14_regularGroups[] = {
    { 0, 3586, 7542, 95, 0 },
    { 3586, 3176, 9390, 96, 95 },
    { 6762, 495, 922, 55, 191 },
    { 7257, 1048, 2198, 19, 246 },
    { 8305, 331, 910, 7, 265 },
    { 8636, 375, 780, 8, 272 },
    { 9011, 105, 230, 2, 280 },
    { 9116, 287, 450, 2, 282 },
};

static const EpdKernClassEntry bitter_14_regularKernLeftClasses[] = {
    { 0x0021, 1 }, // !
    { 0x0022, 2 }, // "
    { 0x0024, 3 }, // $
    { 0x0026, 4 }, // &
    { 0x0027, 2 }, // '
    { 0x0028, 5 }, // (
    { 0x002C, 6 }, // ,
    { 0x002D, 7 }, // -
    { 0x002E, 6 }, // .
    { 0x002F, 8 }, // /
    { 0x0030, 9 }, // 0
    { 0x0031, 10 }, // 1
    { 0x0032, 11 }, // 2
    { 0x0033, 12 }, // 3
    { 0x0034, 13 }, // 4
    { 0x0035, 14 }, // 5
    { 0x0036, 15 }, // 6
    { 0x0037, 16 }, // 7
    { 0x0038, 12 }, // 8
    { 0x0039, 17 }, // 9
    { 0x003A, 18 }, // :
    { 0x003B, 18 }, // ;
    { 0x003F, 19 }, // ?
    { 0x0040, 20 }, // @
    { 0x0041, 21 }, // A
    { 0x0042, 12 }, // B
    { 0x0043, 22 }, // C
    { 0x0044, 20 }, // D
    { 0x0045, 23 }, // E
    { 0x0046, 24 }, // F
    { 0x0047, 25 }, // G
    { 0x0048, 26 }, // H
    { 0x0049, 26 }, // I
    { 0x004A, 27 }, // J
    { 0x004B, 28 }, // K
    { 0x004C, 29 }, // L
    { 0x004D, 26 }, // M
    { 0x004E, 26 }, // N
    { 0x004F, 20 }, // O
    { 0x0050, 30 }, // P
    { 0x0051, 31 }, // Q
    { 0x0052, 32 }, // R
    { 0x0053, 3 }, // S
    { 0x0054, 33 }, // T
    { 0x0055, 27 }, // U
    { 0x0056, 34 }, // V
    { 0x0057, 35 }, // W
    { 0x0058, 28 }, // X
    { 0x0059, 36 }, // Y
    { 0x005A, 37 }, // Z
    { 0x005B, 38 }, // [
    { 0x005C, 39 }, // <backslash>
    { 0x005F, 40 }, // _
    { 0x0061, 41 }, // a
    { 0x0062, 42 }, // b
    { 0x0063, 43 }, // c
    { 0x0064, 44 }, // d
    { 0x0065, 45 }, // e
    { 0x0066, 46 }, // f
    { 0x0067, 47 }, // g
    { 0x0068, 41 }, // h
    { 0x0069, 44 }, // i
    { 0x006A, 48 }, // j
    { 0x006B, 49 }, // k
    { 0x006C, 44 }, // l
    { 0x006D, 41 }, // m
    { 0x006E, 41 }, // n
    { 0x006F, 42 }, // o
    { 0x0070, 42 }, // p
    { 0x0071, 50 }, // q
    { 0x0072, 51 }, // r
    { 0x0073, 52 }, // s
    { 0x0074, 53 }, // t
    { 0x0075, 54 }, // u
    { 0x0076, 55 }, // v
    { 0x0077, 55 }, // w
    { 0x0078, 49 }, // x
    { 0x0079, 56 }, // y
    { 0x007A, 57 }, // z
    { 0x007B, 58 }, // {
    { 0x00A1, 1 }, // U+00A1
    { 0x00A2, 43 }, // U+00A2
    { 0x00A3, 59 }, // U+00A3
    { 0x00A5, 36 }, // U+00A5
    { 0x00A7, 3 }, // U+00A7
    { 0x00A9, 20 }, // U+00A9
    { 0x00AB, 60 }, // U+00AB
    { 0x00AE, 42 }, // U+00AE
    { 0x00B2, 61 }, // U+00B2
    { 0x00B5, 54 }, // U+00B5
    { 0x00B7, 7 }, // U+00B7
    { 0x00B9, 62 }, // U+00B9
    { 0x00BB, 63 }, // U+00BB
    { 0x00C0, 21 }, // U+00C0
    { 0x00C1, 21 }, // U+00C1
    { 0x00C2, 21 }, // U+00C2
    { 0x00C3, 21 }, // U+00C3
    { 0x00C4, 21 }, // U+00C4
    { 0x00C5, 21 }, // U+00C5
    { 0x00C6, 23 }, // U+00C6
    { 0x00C7, 22 }, // U+00C7
    { 0x00C8, 23 }, // U+00C8
    { 0x00C9, 23 }, // U+00C9
    { 0x00CA, 23 }, // U+00CA
    { 0x00CB, 23 }, // U+00CB
    { 0x00CC, 26 }, // U+00CC
    { 0x00CD, 26 }, // U+00CD
    { 0x00CE, 26 }, // U+00CE
    { 0x00CF, 64 }, // U+00CF
    { 0x00D0, 20 }, // U+00D0
    { 0x00D1, 26 }, // U+00D1
    { 0x00D2, 20 }, // U+00D2
    { 0x00D3, 20 }, // U+00D3
    { 0x00D4, 20 }, // U+00D4
    { 0x00D5, 20 }, // U+00D5
    { 0x00D6, 20 }, // U+00D6
    { 0x00D8, 20 }, // U+00D8
    { 0x00D9, 27 }, // U+00D9
    { 0x00DA, 27 }, // U+00DA
    { 0x00DB, 27 }, // U+00DB
    { 0x00DC, 27 }, // U+00DC
    { 0x00DD, 36 }, // U+00DD
    { 0x00DE, 30 }, // U+00DE
    { 0x00DF, 65 }, // U+00DF
    { 0x00E0, 41 }, // U+00E0
    { 0x00E1, 41 }, // U+00E1
    { 0x00E2, 41 }, // U+00E2
    { 0x00E3, 41 }, // U+00E3
    { 0x00E4, 41 }, // U+00E4
    { 0x00E5, 41 }, // U+00E5
    { 0x00E6, 45 }, // U+00E6
    { 0x00E7, 66 }, // U+00E7
    { 0x00E8, 45 }, // U+00E8
    { 0x00E9, 45 }, // U+00E9
    { 0x00EA, 45 }, // U+00EA
    { 0x00EB, 67 }, // U+00EB
    { 0x00EC, 68 }, // U+00EC
    { 0x00ED, 69 }, // U+00ED
    { 0x00EE, 70 }, // U+00EE
    { 0x00EF, 71 }, // U+00EF
    { 0x00F0, 42 }, // U+00F0
    { 0x00F1, 41 }, // U+00F1
    { 0x00F2, 42 }, // U+00F2
    { 0x00F3, 42 }, // U+00F3
    { 0x00F4, 42 }, // U+00F4
    { 0x00F5, 42 }, // U+00F5
    { 0x00F6, 42 }, // U+00F6
    { 0x00F8, 42 }, // U+00F8
    { 0x00F9, 54 }, // U+00F9
    { 0x00FA, 54 }, // U+00FA
    { 0x00FB, 54 }, // U+00FB
    { 0x00FC, 54 }, // U+00FC
    { 0x00FD, 55 }, // U+00FD
    { 0x00FE, 42 }, // U+00FE
    { 0x00FF, 55 }, // U+00FF
    { 0x2010, 7 }, // U+2010
    { 0x2013, 7 }, // U+2013
    { 0x2014, 7 }, // U+2014
    { 0x2015, 7 }, // U+2015
    { 0x2017, 40 }, // U+2017
    { 0x2018, 2 }, // U+2018
    { 0x2019, 2 }, // U+2019
    { 0x201A, 6 }, // U+201A
    { 0x201B, 2 }, // U+201B
    { 0x201C, 2 }, // U+201C
    { 0x201D, 2 }, // U+201D
    { 0x201E, 6 }, // U+201E
    { 0x2025, 6 }, // U+2025
    { 0x2026, 6 }, // U+2026
    { 0x2039, 60 }, // U+2039
    { 0x203A, 63 }, // U+203A
    { 0x203C, 1 }, // U+203C
    { 0x20A1, 22 }, // U+20A1
    { 0x20A3, 24 }, // U+20A3
    { 0x20A6, 26 }, // U+20A6
    { 0x20A7, 30 }, // U+20A7
    { 0x20A9, 35 }, // U+20A9
    { 0x20AB, 72 }, // U+20AB
    { 0x20AC, 22 }, // U+20AC
    { 0x20AD, 28 }, // U+20AD
    { 0x20AE, 33 }, // U+20AE
    { 0x20B1, 30 }, // U+20B1
    { 0x20B2, 25 }, // U+20B2
    { 0x20B4, 3 }, // U+20B4
    { 0x20B5, 22 }, // U+20B5
    { 0x20B8, 33 }, // U+20B8
    { 0x20B9, 32 }, // U+20B9
    { 0x20BD, 30 }, // U+20BD
    { 0xFB01, 44 }, // U+FB01
    { 0xFB02, 44 }, // U+FB02
};

static const EpdKernClassEntry bitter_14_regularKernRightClasses[] = {
    { 0x0021, 1 }, // !
    { 0x0022, 2 }, // "
    { 0x0024, 3 }, // $
    { 0x0026, 4 }, // &
    { 0x0027, 2 }, // '
    { 0x0029, 5 }, // )
    { 0x002A, 6 }, // *
    { 0x002C, 7 }, // ,
    { 0x002D, 8 }, // -
    { 0x002E, 7 }, // .
    { 0x002F, 9 }, // /
    { 0x0030, 10 }, // 0
    { 0x0031, 11 }, // 1
    { 0x0032, 12 }, // 2
    { 0x0033, 13 }, // 3
    { 0x0034, 14 }, // 4
    { 0x0035, 15 }, // 5
    { 0x0036, 16 }, // 6
    { 0x0037, 17 }, // 7
    { 0x0038, 4 }, // 8
    { 0x0039, 18 }, // 9
    { 0x003A, 19 }, // :
    { 0x003B, 19 }, // ;
    { 0x003F, 20 }, // ?
    { 0x0040, 21 }, // @
    { 0x0041, 22 }, // A
    { 0x0042, 23 }, // B
    { 0x0043, 21 }, // C
    { 0x0044, 23 }, // D
    { 0x0045, 23 }, // E
    { 0x0046, 23 }, // F
    { 0x0047, 21 }, // G
    { 0x0048, 23 }, // H
    { 0x0049, 23 }, // I
    { 0x004A, 24 }, // J
    { 0x004B, 23 }, // K
    { 0x004C, 23 }, // L
    { 0x004D, 23 }, // M
    { 0x004E, 23 }, // N
    { 0x004F, 21 }, // O
    { 0x0050, 23 }, // P
    { 0x0051, 21 }, // Q
    { 0x0052, 23 }, // R
    { 0x0053, 3 }, // S
    { 0x0054, 25 }, // T
    { 0x0055, 26 }, // U
    { 0x0056, 27 }, // V
    { 0x0057, 27 }, // W
    { 0x0058, 28 }, // X
    { 0x0059, 29 }, // Y
    { 0x005A, 30 }, // Z
    { 0x005C, 31 }, // <backslash>
    { 0x005D, 32 }, // ]
    { 0x005F, 33 }, // _
    { 0x0061, 34 }, // a
    { 0x0062, 35 }, // b
    { 0x0063, 36 }, // c
    { 0x0064, 36 }, // d
    { 0x0065, 36 }, // e
    { 0x0066, 37 }, // f
    { 0x0067, 38 }, // g
    { 0x0068, 35 }, // h
    { 0x0069, 37 }, // i
    { 0x006A, 39 }, // j
    { 0x006B, 35 }, // k
    { 0x006C, 35 }, // l
    { 0x006D, 37 }, // m
    { 0x006E, 37 }, // n
    { 0x006F, 36 }, // o
    { 0x0070, 40 }, // p
    { 0x0071, 36 }, // q
    { 0x0072, 37 }, // r
    { 0x0073, 41 }, // s
    { 0x0074, 42 }, // t
    { 0x0075, 43 }, // u
    { 0x0076, 44 }, // v
    { 0x0077, 44 }, // w
    { 0x0078, 45 }, // x
    { 0x0079, 46 }, // y
    { 0x007A, 47 }, // z
    { 0x007C, 48 }, // |
    { 0x007D, 49 }, // }
    { 0x00A1, 50 }, // U+00A1
    { 0x00A2, 36 }, // U+00A2
    { 0x00A5, 29 }, // U+00A5
    { 0x00A6, 48 }, // U+00A6
    { 0x00A7, 3 }, // U+00A7
    { 0x00A9, 21 }, // U+00A9
    { 0x00AB, 51 }, // U+00AB
    { 0x00AE, 36 }, // U+00AE
    { 0x00B0, 52 }, // U+00B0
    { 0x00B7, 8 }, // U+00B7
    { 0x00BB, 53 }, // U+00BB
    { 0x00BF, 54 }, // U+00BF
    { 0x00C0, 22 }, // U+00C0
    { 0x00C1, 22 }, // U+00C1
    { 0x00C2, 22 }, // U+00C2
    { 0x00C3, 22 }, // U+00C3
    { 0x00C4, 22 }, // U+00C4
    { 0x00C5, 22 }, // U+00C5
    { 0x00C6, 22 }, // U+00C6
    { 0x00C7, 21 }, // U+00C7
    { 0x00C8, 23 }, // U+00C8
    { 0x00C9, 23 }, // U+00C9
    { 0x00CA, 23 }, // U+00CA
    { 0x00CB, 23 }, // U+00CB
    { 0x00CC, 23 }, // U+00CC
    { 0x00CD, 23 }, // U+00CD
    { 0x00CE, 23 }, // U+00CE
    { 0x00CF, 55 }, // U+00CF
    { 0x00D0, 23 }, // U+00D0
    { 0x00D1, 23 }, // U+00D1
    { 0x00D2, 21 }, // U+00D2
    { 0x00D3, 21 }, // U+00D3
    { 0x00D4, 21 }, // U+00D4
    { 0x00D5, 21 }, // U+00D5
    { 0x00D6, 21 }, // U+00D6
    { 0x00D8, 21 }, // U+00D8
    { 0x00D9, 26 }, // U+00D9
    { 0x00DA, 26 }, // U+00DA
    { 0x00DB, 26 }, // U+00DB
    { 0x00DC, 26 }, // U+00DC
    { 0x00DD, 29 }, // U+00DD
    { 0x00DE, 23 }, // U+00DE
    { 0x00DF, 37 }, // U+00DF
    { 0x00E0, 34 }, // U+00E0
    { 0x00E1, 34 }, // U+00E1
    { 0x00E2, 34 }, // U+00E2
    { 0x00E3, 34 }, // U+00E3
    { 0x00E4, 34 }, // U+00E4
    { 0x00E5, 34 }, // U+00E5
    { 0x00E6, 34 }, // U+00E6
    { 0x00E7, 36 }, // U+00E7
    { 0x00E8, 36 }, // U+00E8
    { 0x00E9, 36 }, // U+00E9
    { 0x00EA, 36 }, // U+00EA
    { 0x00EB, 36 }, // U+00EB
    { 0x00EC, 56 }, // U+00EC
    { 0x00ED, 57 }, // U+00ED
    { 0x00EE, 58 }, // U+00EE
    { 0x00EF, 59 }, // U+00EF
    { 0x00F0, 36 }, // U+00F0
    { 0x00F1, 37 }, // U+00F1
    { 0x00F2, 36 }, // U+00F2
    { 0x00F3, 36 }, // U+00F3
    { 0x00F4, 36 }, // U+00F4
    { 0x00F5, 36 }, // U+00F5
    { 0x00F6, 36 }, // U+00F6
    { 0x00F8, 60 }, // U+00F8
    { 0x00F9, 43 }, // U+00F9
    { 0x00FA, 43 }, // U+00FA
    { 0x00FB, 43 }, // U+00FB
    { 0x00FC, 43 }, // U+00FC
    { 0x00FD, 46 }, // U+00FD
    { 0x00FE, 61 }, // U+00FE
    { 0x00FF, 46 }, // U+00FF
    { 0x2010, 8 }, // U+2010
    { 0x2013, 8 }, // U+2013
    { 0x2014, 8 }, // U+2014
    { 0x2015, 8 }, // U+2015
    { 0x2017, 33 }, // U+2017
    { 0x2018, 2 }, // U+2018
    { 0x2019, 2 }, // U+2019
    { 0x201A, 7 }, // U+201A
    { 0x201B, 2 }, // U+201B
    { 0x201C, 2 }, // U+201C
    { 0x201D, 2 }, // U+201D
    { 0x201E, 7 }, // U+201E
    { 0x2025, 7 }, // U+2025
    { 0x2026, 7 }, // U+2026
    { 0x2039, 51 }, // U+2039
    { 0x203A, 53 }, // U+203A
    { 0x203C, 1 }, // U+203C
    { 0x2044, 62 }, // U+2044
    { 0x20A1, 21 }, // U+20A1
    { 0x20A3, 23 }, // U+20A3
    { 0x20A6, 23 }, // U+20A6
    { 0x20A7, 23 }, // U+20A7
    { 0x20A9, 27 }, // U+20A9
    { 0x20AB, 36 }, // U+20AB
    { 0x20AD, 23 }, // U+20AD
    { 0x20AE, 25 }, // U+20AE
    { 0x20B1, 23 }, // U+20B1
    { 0x20B2, 21 }, // U+20B2
    { 0x20B4, 3 }, // U+20B4
    { 0x20B5, 21 }, // U+20B5
    { 0x20B8, 25 }, // U+20B8
    { 0x20BD, 23 }, // U+20BD
    { 0xFB01, 37 }, // U+FB01
    { 0xFB02, 37 }, // U+FB02
};

static const int8_t bitter_14_regularKernMatrix[] = {
       0,    0,    0,    0,    0,    0,    0,    0,    0,    0,    0,    0,    0,    0,    0,    0,    0,    0,    0,    0,    0,   -5,    0,    0,    0,    0,    0,    0,    0,    0,    0,    0,    0,    0,    0,    0,    0,    0,    0,    0,    0,    0,    0,    0,    0,    0,    0,    0,    0,    0,    0,    0,    0,    0,    0,    0,    0,    0,    0,    0,    0,    0,
       0,    0,    0,    0,    0,    0,  -21,    0,    0,    0,    0,    0,    0,    0,    0,    0,    0,    0,    0,    0,  -10,  -44,    2,    0,    7,    0,    2,   -6,    0,    0,    0,    0,    0,   -8,   12,  -12,    0,    0,    0,    0,  -23,    0,    0,    0,    0,    0,    0,    0,    0,    0,    0,    0,    0,    0,    2,    0,    0,    0,    0,  -12,   12,    0,
       0,    0,    0,    0,    0,    0,  -15,    0,    0,    0,   -4,    0,   -3,    0,    0,    0,   -7,    0,    0,    0,    0,  -16,   -6,    0,  -14,    0,  -23,  -29,  -28,   -8,    0,    0,    0,  -10,    0,   -5,  -14,   -5,   -8,  -14,    0,   -5,   -7,  -16,  -15,  -15,    0,    0,    0,    0,    0,    0,    0,    0,   -6,  -14,  -14,  -21,  -23,   -5,    0,    0,
       0,    0,    5,    0,    0,    0,    0,    0,    0,    0,    0,    0,    0,    0,    0,    0,    0,    0,    0,    0,    4,  -17,    0,    0,    0,    0,  -18,  -18,  -21,    0,    0,    0,    0,   -5,   -5,    0,    0,    0,    0,    0,   -5,    0,   -5,  -13,   -8,   -7,   -7,    0,    0,    0,    0,    0,    0,    0,    0,    0,    0,    0,    0,    0,   -5,    0,
       0,    0,    0,    0,    0,    0,    0,    0,   13,    0,    0,    0,    0,    0,    0,    0,    0,    0,    0,    0,    0,    0,    0,   26,  -12,    0,    0,    0,    0,    0,    8,    0,   11,    0,    0,   -4,    0,    6,   24,    0,    0,    0,    0,    0,    0,    0,    0,    0,    0,    0,    0,    0,    0,    0,    0,    0,    0,    0,    0,   -4,    0,    0,
       0,  -40,    0,    0,    0,    0,    0,    0,    0,  -24,  -13,    3,    0,  -13,    0,  -10,  -25,   -9,    0,    0,  -19,    6,    0,   17,  -34,    0,  -35,   -7,  -35,    0,    0,    0,    0,    0,    0,   -7,    0,    0,    0,    0,    0,    0,    0,  -31,    0,  -32,    0,    0,    0,    0,  -12,    0,    0,    0,    0,    0,    0,    0,    0,   -7,    0,    0,
       0,    0,    0,    0,    0,    0,    0,    0,    0,    0,  -21,   -7,  -10,    2,  -15,    0,  -26,   -5,    0,    0,    0,  -12,    0,    0,  -28,    0,  -27,  -45,    0,    0,    0,    0,    0,    0,    0,    0,    0,    0,    0,    0,    0,    0,    0,   -3,  -24,  -10,    0,    0,    0,    0,    0,    0,  -15,    0,    0,    0,    0,    0,    0,    0,    0,    0,
       0,    0,    0,    0,    8,    0,    0,    0,  -18,    0,    0,    0,    0,    0,    0,    0,    0,    0,    0,    0,   -7,  -16,   -8,    5,   -4,    4,    4,  -16,    4,    0,   13,    8,    0,  -16,    8,  -19,  -19,    0,    0,  -19,    0,    0,    0,    0,  -19,  -14,    0,    0,    8,    0,    0,    0,    0,    0,   -8,  -19,  -19,  -19,  -19,  -19,    8,    0,
       0,    0,    0,    0,    0,    0,  -25,    0,    0,    0,   -2,    0,    0,    0,    0,    0,    0,    0,    0,    0,    0,    0,    0,    0,    0,    0,    0,    0,    0,    0,    0,    0,    0,    0,    0,    0,    0,    0,    0,    0,    0,    0,    0,    0,    0,    0,    0,    0,    0,    0,    0,   -8,    0,    0,    0,    0,    0,    0,    0,    0,    0,    0,
       0,    0,    0,    0,    0,    0,    2,    0,    3,    0,    0,    0,    0,    0,    0,    0,   -5,    0,    0,    0,    0,    0,    0,    0,    0,    0,    0,    0,    0,    0,    0,    0,    0,    0,    0,    0,    0,    0,    0,    0,    0,    0,    0,    0,    0,    0,    0,    0,    0,    0,    0,  -21,    0,    0,    0,    0,    0,    0,    0,    0,    0,    0,
       0,    0,    0,    0,    0,    0,    0,    0,    0,    0,    0,    0,    0,    0,    0,    0,   -4,    0,    0,    0,    0,    0,    0,    0,    0,    0,    0,    0,    0,    0,    0,    0,    0,    0,    0,    0,    0,    0,    0,    0,    0,    0,    0,    0,    0,    0,    0,    0,    0,    0,    0,    0,    0,    0,    0,    0,    0,    0,    0,    0,    0,    0,
       0,  -10,    0,    0,    0,    0,  -19,    0,    0,    0,    0,    0,   -8,    0,    0,    0,    0,    0,    0,   -7,   -8,  -18,  -12,    0,  -19,    0,  -31,  -27,  -26,  -14,    0,    0,    0,   -9,   -5,   -5,   -8,   -7,   -7,   -8,   -5,   -4,   -7,  -10,  -18,  -12,   -8,    0,    0,    0,    0,    0,    0,    0,  -12,   -8,   -8,   -8,   -8,   -5,   -5,    0,
       0,    0,    0,    0,    0,    0,    0,    1,    0,    0,    0,    0,    0,    3,    0,    0,   -6,    0,    8,    0,    0,    0,    0,    0,    0,    0,    0,    0,    0,    0,    0,    0,    0,    0,    0,    0,    0,    0,    0,    0,    0,    0,    0,    0,    0,    0,    0,    0,    0,    0,    0,  -20,    0,    0,    0,    0,    0,    0,    0,    0,    0,    0,
       0,    0,    0,    0,    0,    0,   -8,    0,    0,    0,   -6,   -7,  -11,    0,    0,    0,   -9,   -5,    0,    0,    0,    0,    0,    0,    0,    0,    0,    0,    0,    0,    0,    0,    0,    0,    0,    0,    0,    0,    0,    0,    0,    0,    0,    0,    0,    0,    0,    0,    0,    0,    0,   -8,    0,    0,    0,    0,    0,    0,    0,    0,    0,    0,
       0,    0,    0,    0,    0,    0,    0,    0,    0,    0,   -6,   -5,   -5,    2,   -8,    0,   -7,    0,    0,    0,    0,    0,    0,    0,    0,    0,    0,    0,    0,    0,    0,    0,    0,    0,    0,    0,    0,    0,    0,    0,    0,    0,    0,    0,    0,    0,    0,    0,    0,    0,    0,  -15,    0,    0,    0,    0,    0,    0,    0,    0,    0,    0,
       0,    0,    0,   -7,    0,    0,  -41,  -20,    0,   -8,    4,   -3,   -8,   -6,   -7,   -6,    2,   -7,    0,    0,    0,    0,    0,    0,    0,    0,    0,    0,    0,    0,    0,    0,    0,    0,    0,    0,    0,    0,    0,    0,    0,    0,    0,    0,    0,    0,    0,    0,    0,    0,    0,   14,    0,    0,    0,    0,    0,    0,    0,    0,    0,    0,
       0,    0,    0,    0,    0,    0,  -24,    0,    0,    0,    0,    0,   -9,    0,    0,    0,   -7,    0,    0,    0,    0,    0,    0,    0,    0,    0,    0,    0,    0,    0,    0,    0,    0,    0,    0,    0,    0,    0,    0,    0,    0,    0,    0,    0,    0,    0,    0,    0,    0,    0,    0,   -7,    0,    0,    0,    0,    0,    0,    0,    0,    0,    0,
       0,    0,    0,    0,    0,    0,    0,    0,    0,    0,    0,    0,    0,    0,    0,    0,    0,    0,    0,    0,    0,    0,    0,    4,   -7,    0,  -14,    0,  -14,    0,    0,    0,    0,    0,    0,    0,    0,    0,    0,    0,    0,    0,    0,   -5,    0,    0,    0,    0,    0,    0,    0,    0,    0,    0,    0,    0,    0,    0,    0,    0,    0,    0,
       0,    0,    0,    0,    0,    0,    0,    0,    0,    0,    0,    0,    0,    0,    0,    0,    0,    0,    0,    0,    0,    0,    2,    0,    4,    0,    0,    0,    0,    0,    0,    0,    0,    0,    0,    0,    0,    0,    0,    0,    0,    0,    0,    0,    0,    0,    0,    0,    0,    0,    0,    0,    0,  -10,    2,    0,    0,    0,    0,    0,    0,    0,
       0,  -10,   -4,    0,    0,    0,  -19,    0,    3,    0,    0,    0,  -20,    0,    0,    0,    0,    0,    0,   -5,    0,  -12,    0,    0,  -12,    0,  -21,  -24,  -15,  -13,    0,    0,    0,  -10,   -3,   -3,   -7,   -7,   -1,   -7,   -3,   -3,   -4,   -7,  -10,   -5,    0,    0,    0,    0,    0,    0,    0,    0,    0,   -7,   -7,   -7,   -7,   -3,   -3,    0,
      -5,  -44,  -13,    0,    0,    0,    6,  -12,    3,    0,    0,    0,    0,    0,    0,    0,    0,    0,    0,  -20,  -12,    2,  -13,   -7,  -38,  -25,  -41,   -5,  -37,   -7,    0,    7,    0,   -9,   -4,   -8,   -8,  -11,   -8,   -8,   -7,  -14,  -13,  -21,    5,  -23,  -10,    0,    3,   -5,    0,    0,    0,    0,  -13,   -8,   -8,   -8,   -8,   -8,   -4,    0,
       0,    7,    0,   -4,    0,    0,   -8,  -15,    0,    0,   -4,   -4,   -7,    0,   -6,    0,   -5,  -10,    0,    0,  -12,  -14,    0,   -6,  -11,    0,  -10,  -19,  -11,    0,    0,    0,    0,  -10,  -13,  -12,  -13,  -13,  -10,  -13,   -7,   -6,  -13,   -7,  -11,  -10,  -11,    0,    0,    0,    0,    0,    0,    0,    0,  -13,  -13,  -18,  -19,  -12,  -13,    0,
       0,    0,    0,    0,    0,    0,    0,   -4,   -3,    0,    0,    0,    0,    0,    0,    0,    0,    0,    0,    0,  -11,   -5,    0,    0,  -19,    0,  -14,  -20,   -8,    0,    0,    0,    0,   -8,    0,   -7,   -5,   -8,  -10,   -5,   -8,   -7,   -7,  -14,  -12,  -11,   -7,    0,    0,    0,    0,    0,    0,    0,    0,   -5,   -5,   -3,   -6,   -7,    0,    0,
       0,    0,   -4,    0,    0,    0,  -51,    0,  -14,    0,    0,    0,    0,    0,    0,    0,    0,    0,  -16,    0,  -11,  -32,  -11,   -3,    0,    0,   -8,  -14,   -8,  -11,    0,    0,    0,  -14,   -5,  -21,   -7,  -17,   -4,   -7,  -15,   -5,   -5,   -3,  -11,   -4,  -10,    0,    0,    0,    0,    0,    0,    0,  -11,   -7,   -7,  -12,   -7,  -21,   -5,    0,
       0,    0,    0,    0,    0,    0,    0,    0,    0,    0,    0,    0,    0,    0,    0,    0,    0,    0,    0,    0,    0,   -4,    0,    0,    0,    0,  -18,  -18,  -21,    0,    0,    0,    0,   -5,   -5,    0,    0,    0,    0,    0,   -5,    0,   -5,  -13,   -8,   -7,   -7,    0,    0,    0,    0,    0,    0,    0,    0,    0,    0,    0,    0,    0,   -5,    0,
       0,    2,   -8,    0,    0,    0,    0,    0,    5,    0,    0,    0,    0,    0,    0,    0,    0,    0,    0,    0,    0,  -13,    0,    0,  -10,   -4,  -10,  -15,   -9,   -7,    0,    0,    0,   -7,    0,   -7,    0,   -7,   -7,    0,   -7,    0,    0,  -10,  -13,  -12,    0,    0,    0,    0,    0,    0,    0,    0,    0,    0,    0,    6,    7,   -7,    0,    0,
       0,    0,    0,    0,    0,    0,    0,    0,    0,    0,    0,    0,    0,    0,    0,    0,    0,    0,    0,    0,    0,  -25,   -4,    0,   -3,    0,   -6,  -19,   -5,  -11,    0,    0,    0,  -10,    2,   -6,    0,  -10,   -3,    0,  -10,   -5,   -6,  -12,  -17,  -11,  -10,    0,    0,    0,    0,    0,    0,    0,   -4,    0,    0,    8,    7,   -6,    2,    0,
      -8,   -6,  -12,    0,    0,    0,   -8,  -45,   -3,    0,    0,    0,    0,    0,    0,    0,    0,    0,    0,  -10,  -24,   -5,  -15,   -8,  -17,  -21,  -11,   -6,  -11,  -12,    0,    0,    0,  -18,    0,  -18,   -7,  -16,  -10,   -7,  -17,  -14,  -14,  -15,    0,  -21,   -3,    0,    0,    0,    0,    0,    0,    0,  -15,   -7,   -7,   -9,   -9,  -18,    0,    0,
       0,    0,  -18,    0,    0,    0,    0,    0,    0,    0,    0,    0,    0,    0,    0,    0,    0,    0,    0,    0,  -16,   -6,    0,   -5,  -30,  -19,  -38,   -8,  -42,   -5,    0,    0,    0,   -5,    0,   -5,   -7,   -7,    0,   -7,   -7,  -12,   -7,  -20,   -5,  -22,    0,    0,    0,    0,    0,    0,    0,    0,    0,   -7,   -7,   -7,   -7,   -5,    0,    0,
       0,    2,   -5,    0,    0,    0,  -64,  -14,  -13,    0,    0,    0,    0,    0,    0,    0,    0,    0,    0,   -7,   -4,  -26,  -11,   -7,   -7,   -7,  -14,  -20,  -15,  -10,    0,   -5,    0,  -11,   -5,   -7,   -4,   -9,   -7,   -4,   -5,   -5,   -5,   -2,   -8,   -3,   -8,    0,   -5,    0,    0,    0,    0,    0,  -11,   -4,   -4,   -4,   -4,   -7,   -5,    0,
       0,  -10,   -4,    0,   23,    0,  -36,    0,   29,    0,    0,    0,  -20,    0,    0,    0,    0,    0,   26,   -5,    0,  -12,    0,   58,  -12,    0,  -21,  -24,  -15,  -13,    0,   22,   34,  -10,   -6,   -6,   -7,   11,   34,   -7,   -3,   -3,   -4,   -7,  -10,   14,    0,   10,   22,    0,    0,    0,    0,    0,    0,   -7,   -7,   -7,   -7,    5,   20,    0,
       0,    0,    0,    0,    0,    0,    0,    0,    0,    0,    0,    0,    0,    0,    0,    0,    0,    0,    0,    0,   -8,   -5,    0,    0,  -12,   -7,  -24,  -13,  -27,   -5,    0,    0,    0,   -7,    0,  -10,   -5,   -5,   -3,   -5,    0,   -7,   -7,  -12,   -7,  -11,    0,    0,    0,    0,    0,    0,    0,    0,    0,   -5,   -5,   -5,   -5,  -10,    0,    0,
       0,    7,  -12,    0,    0,    0,  -36,  -28,  -13,    0,    0,    0,    0,    0,    0,    0,    0,    0,  -13,   -5,  -12,  -38,  -10,   -7,   -7,   -4,   -7,  -16,   -8,  -14,    0,    0,    0,  -24,   -5,  -22,   -9,  -27,   -7,   -9,  -20,   -5,   -8,   -6,  -15,   -2,  -16,    0,    0,    0,    0,    0,    0,    0,  -10,   -9,   -9,   -7,  -11,  -22,   -5,    0,
     -10,    2,  -23,  -13,    0,    0,  -49,  -27,  -22,    0,    0,    0,  -15,    0,    0,    0,    0,    0,  -15,   -3,  -39,  -41,  -10,   -7,   -7,   -6,    2,  -10,    2,  -15,    0,   -5,    0,  -37,   -3,  -33,  -20,  -34,  -18,  -20,  -32,  -17,  -23,  -16,  -34,  -28,  -35,    0,   -5,    0,    0,    0,    0,    0,  -10,  -20,  -33,  -22,   -4,  -33,   -3,    0,
     -10,    2,  -23,  -13,    0,    0,  -49,  -27,  -22,    0,    0,    0,  -15,    0,    0,    0,    0,    0,  -15,   -3,  -20,  -41,  -10,   -7,   -7,   -6,    2,  -10,    2,  -15,    0,   -5,    0,  -37,   -3,  -33,  -20,  -34,  -18,  -20,  -32,  -17,  -23,  -16,  -34,  -28,  -35,    0,   -5,    0,    0,    0,    0,    0,  -10,  -20,  -33,  -22,   -4,  -33,   -3,    0,
       0,    0,  -20,    0,    0,    0,  -55,    0,    0,    0,    0,    0,  -13,    0,   -7,    0,   -5,    0,  -17,    0,  -17,  -37,   -9,   -4,   -4,   -6,    2,  -10,    2,   -8,    0,   -5,    0,  -39,   -1,  -33,  -23,  -30,  -13,  -23,  -31,  -15,  -21,  -24,  -30,  -21,  -23,    0,   -5,    0,    0,    0,    0,    0,   -9,  -23,  -39,  -22,   -1,  -33,   -1,    0,
       0,    0,   -9,    0,    0,    0,    0,    0,    0,    0,    0,    0,    0,    0,    0,    0,    0,    0,    0,    0,  -12,  -10,   -6,    0,  -10,   -8,  -12,  -13,  -12,    0,    0,    0,    0,    0,    0,   -4,   -4,   -5,    0,   -4,   -7,   -8,  -10,  -12,   -8,  -14,    0,    0,    0,    0,    0,    0,    0,    0,   -6,   -4,   -4,   -5,   -5,   -4,    0,    0,
       0,    0,    0,    0,    0,    0,    0,    0,   21,    0,    0,    0,    0,    0,    0,    0,    0,    0,    0,    0,    0,    8,    0,   22,  -25,    0,   -5,    0,   -5,    0,   16,    0,   26,    0,   11,    0,    0,    8,   33,    0,    0,    0,    0,    0,    0,    0,    0,    0,    0,    0,    0,    0,    0,    0,    0,    0,    0,    0,    0,    0,   11,    0,
       0,    0,    0,    0,    8,    0,    0,    0,   13,    0,    0,    0,    0,    0,    0,    0,    0,    0,    0,    0,    0,    0,    0,   27,    0,    0,    0,    0,    0,    0,    0,    8,    8,    0,    0,    0,    0,    0,    0,    0,    0,    0,    0,    0,    0,    0,    0,    0,    0,    0,    0,    0,    0,    0,    0,    0,    0,    0,    0,    0,    0,    0,
       0,    0,    0,    0,    8,    0,    0,    0,   19,    0,    0,    0,    0,    0,    0,    0,    0,    0,    0,    0,    0,    0,    0,   24,    0,    0,    0,    0,    0,    0,    0,    7,    0,    0,    0,    0,    8,    8,   18,    8,    0,    0,    0,    0,    0,    0,    0,    0,    7,    0,    0,    0,    0,    0,    0,    8,    8,    8,    8,    0,    0,    0,
      -4,  -24,    0,    0,    0,    0,    4,    0,    9,    0,    0,    0,    0,    0,    0,    0,    0,    0,    0,   -7,    0,    0,    0,    0,    0,    0,    0,    0,    0,    0,    0,    0,    0,    0,    0,    0,    0,    0,    0,    0,    0,    0,    0,  -12,    0,  -14,    0,    0,    0,    0,    0,    0,    0,    0,    0,    0,    0,    0,    0,    0,    0,    0,
       0,  -20,    0,    0,    0,    0,   -8,    0,    6,    0,    0,    0,    0,    0,    0,    0,    0,    0,    0,   -2,   -3,    0,    0,    0,    0,    0,    0,    0,    0,    0,    0,    0,    0,    0,    0,    0,    0,    0,   -1,    0,    0,    0,    0,   -8,  -15,   -8,    0,    0,    0,    0,    0,    0,    0,    0,    0,    0,    0,    0,    0,    0,    0,    0,
       0,    4,    0,    0,    0,    0,    0,   -9,    0,    0,    0,    0,    0,    0,    0,    0,    0,    0,    0,   -4,    0,    0,    0,    0,    0,    0,    0,    0,    0,    0,    0,    0,    0,   -8,   -7,   -8,   -6,  -10,   -5,   -6,    0,   -6,   -7,  -10,   -8,   -7,    0,    0,    0,    0,    0,    0,    0,    0,    0,   -6,   -6,   -6,   -6,   -8,   -7,    0,
       0,  -10,    0,    0,    0,    0,    0,   -2,    8,    0,    0,    0,    0,    0,    0,    0,    0,    0,    0,    0,   -5,    0,    0,    0,    0,    0,    0,    0,    0,    0,    0,    8,    0,   -5,    0,    0,    0,    0,    2,    0,    0,    0,    0,   -8,   -8,   -7,    0,    0,    4,    0,    0,    0,    0,    0,    0,    0,    0,    0,    5,    0,    0,    0,
       0,    0,    0,    0,    0,    0,    0,    0,    0,    0,    0,    0,    0,    0,    0,    0,    0,    0,    0,    0,    0,    0,    0,    0,    0,    0,    0,    0,    0,    0,    0,    0,    0,    0,    0,    0,    0,    0,   -7,    0,    0,    0,    0,   -8,  -14,  -10,    0,    0,    0,    0,    0,    0,    0,    0,    0,    0,    0,    0,    0,    0,    0,    0,
      19,   18,    0,    0,   49,   23,  -14,  -12,    0,    0,    0,    0,    0,    0,    0,    0,    0,    0,    0,   16,    0,    0,    0,    0,    0,    0,    0,    0,    0,    0,   35,   71,    0,   -3,   26,   -5,    5,   -3,    8,    5,    0,    5,    2,    5,   -7,    2,    0,    0,   42,    0,    0,    0,    0,    0,    0,   14,   14,   18,   23,   -5,   26,    0,
       0,    0,    0,    0,    0,    0,    0,    0,    8,    0,    0,    0,    0,    0,    0,    0,    0,    0,    0,    0,    0,    0,    0,    0,    0,    0,    0,    0,    0,    0,    0,    8,    8,   -6,   -5,   -7,   -5,    4,   18,   -5,   -5,   -3,    0,   -4,  -10,   -4,    0,    0,    3,    0,    0,    0,    0,    0,    0,   -5,   -5,   -5,   -5,   -7,   -8,    0,
       0,    0,    0,    0,    0,    0,    0,    0,    4,    0,    0,    0,    0,    0,    0,    0,    0,    0,    0,    0,    0,    0,    0,    0,    0,    0,    0,    0,    0,    0,    0,    0,    0,    0,    0,    0,    0,    0,    8,    0,    0,    0,    0,  -11,  -12,   -7,   -4,    0,    0,    0,    0,    0,    0,    0,    0,    0,    0,    0,    2,    0,    0,    0,
      -5,    0,    0,    0,    0,    0,    0,  -24,    5,    0,    0,    0,    0,    0,    0,    0,    0,    0,    0,  -10,  -10,    0,    0,    0,    0,    0,    0,    0,    0,    0,    0,    0,    0,  -12,   -7,  -15,   -7,  -13,  -10,   -7,  -13,   -7,   -6,   -5,   -3,   -3,   -8,    0,    0,    0,    0,    0,    0,    0,    0,   -7,   -7,   -7,   -7,  -15,   -7,    0,
       0,    0,    0,    0,    0,    0,    0,    0,    0,    0,    0,    0,    0,    0,    0,    0,    0,    0,    3,    0,    0,    0,    0,    0,    0,    0,    0,    0,    0,    0,    0,    0,   13,    0,    0,    0,    3,    6,   36,    9,    0,    0,    0,  -11,  -11,   -2,    0,    0,    0,    0,    0,    0,    0,    0,    0,    3,    3,    3,    3,    0,    8,    0,
      -3,    0,    0,    0,   -3,    0,  -32,    0,   -9,    0,    0,    0,    0,    0,    0,    0,    0,    0,    0,   -3,    0,    0,    0,    0,    0,    0,    0,    0,    0,    0,    0,   -5,    0,  -14,   -8,  -10,   -5,   -8,    1,   -5,   -6,    0,   -1,    4,   -7,    7,    0,    0,   -5,    0,    0,    0,    0,    0,    0,   -5,   -5,   -5,   -5,  -10,   -8,    0,
       0,  -20,    0,    0,    0,    0,   -8,    0,    0,    0,    0,    0,    0,    0,    0,    0,    0,    0,    0,    0,    0,    0,    0,    0,    0,    0,    0,    0,    0,    0,    0,    0,    0,    0,    0,    0,    0,    0,    0,    0,    0,    0,    0,   -7,  -13,   -8,    0,    0,    0,    0,    0,    0,    0,    0,    0,    0,    0,    0,    0,    0,    0,    0,
       0,    0,    0,    0,    0,    0,    0,    0,    0,    0,    0,    0,    0,    0,    0,    0,    0,    0,    0,    0,    0,    0,    0,    0,    0,    0,    0,    0,    0,    0,    0,    0,    0,   -5,   -4,   -7,    0,   -6,   -3,    0,   -5,    0,    0,   -5,   -5,   -4,    0,    0,    0,    0,    0,    0,    0,    0,    0,    0,    0,    0,    0,   -7,   -4,    0,
       0,    0,    0,    0,    0,    0,    0,    0,    9,    0,    0,    0,    0,    0,    0,    0,    0,    0,    0,    0,    0,    0,    0,    0,    0,    0,    0,    0,    0,    0,    0,    0,    0,    0,    0,    0,    0,    0,    0,    0,    0,    0,    0,   -7,   -3,   -8,   -5,    0,    0,    0,    0,    0,    0,    0,    0,    0,    0,    0,    0,    0,    0,    0,
       0,    0,    0,    0,    0,    0,  -33,   -7,    0,    0,    0,    0,    0,    0,    0,    0,    0,    0,   -6,    0,   -7,    0,    0,    0,    0,    0,    0,    0,    0,    0,    0,    0,    0,   -9,   -3,   -8,   -3,   -8,   -3,   -3,  -11,    6,    3,    9,   -3,    9,   -6,    0,    0,    0,    0,    0,    0,    0,    0,   -3,   -3,   -3,   -3,   -8,   -3,    0,
       0,    0,    0,    0,    0,    0,  -33,   -7,    0,    0,    0,    0,    0,    0,    0,    0,    0,    0,   -6,    0,   -7,    0,    0,    0,    0,    0,    0,    0,    0,    0,    0,    0,    0,   -9,   -3,  -18,   -3,   -8,   -3,   -3,  -11,    6,    3,    9,   -3,    9,   -6,    0,    0,    0,    0,    0,    0,    0,    0,   -3,   -3,   -3,   -3,  -18,   -3,    0,
       0,    0,    0,    0,    0,    0,    0,    0,    0,    0,    0,    0,    0,    0,    0,    0,    0,    0,    0,    0,    0,    0,    0,    0,    0,    0,    0,    0,    0,    0,    0,    0,    0,    0,   -2,    0,    0,    0,    0,    0,   -5,    0,    0,   -8,   -8,   -7,    0,    0,    0,    0,    0,    0,    0,    0,    0,    0,    0,    0,    0,    0,   -2,    0,
       0,    0,    0,    0,    0,    0,    0,    0,   13,    0,    0,    0,    0,    0,    0,    0,    0,    0,    0,    0,    0,    3,    0,   22,   -7,    0,   -5,    0,   -5,    0,    8,    0,   13,    0,    4,    0,    0,    4,   14,    0,    0,    0,    0,    0,    0,    0,    0,    0,    0,    0,    0,    0,    0,    0,    0,    0,    0,    0,    0,    0,    4,    0,
       0,    0,    0,    0,    0,    0,    0,    0,    0,    0,    0,   -4,    0,    0,    0,    0,   -5,    0,    0,    0,    0,    0,    0,    0,    0,    0,    0,    0,    0,    0,    0,    0,    0,    0,    0,    0,    0,    0,    0,    0,    0,    0,    0,    0,    0,    0,    0,    0,    0,    0,    0,    0,    0,    0,    0,    0,    0,    0,    0,    0,    0,    0,
       0,    0,    0,    0,    0,    0,    0,  -15,    0,    0,    0,    0,    0,    0,    0,    0,    0,    0,    0,    0,    0,    0,    0,    0,    0,    0,    0,    0,    0,    0,    0,    0,    0,    0,    0,    0,    0,    0,    0,    0,    0,    0,    0,    0,    0,    0,    0,    0,    0,    0,    0,    0,    0,    0,    0,    0,    0,    0,    0,    0,    0,    0,
       0,    0,    0,    0,    0,    0,    0,    0,    0,    0,    0,    0,    0,    0,    0,    0,    0,    0,    0,    0,    0,    0,    0,    0,    0,    0,    0,    0,    0,    0,    0,    0,    0,    0,    0,    0,    0,    0,    0,    0,    0,    0,    0,    0,    0,    0,    0,    0,    0,    0,    0,    0,    0,    0,    0,    0,    0,    0,    0,    0,    0,    3,
       0,    0,    0,    0,    0,    0,    0,    0,    0,    0,    0,    0,    0,    0,    0,    0,    0,    0,    0,    0,    0,    0,    0,    0,    0,    0,    0,    0,    0,    0,    0,    0,    0,    0,    0,    0,    0,    0,    0,    0,    0,    0,    0,    0,    0,    0,    0,    0,    0,    0,    0,    0,    0,    0,    0,    0,    0,    0,    0,    0,    0,   11,
       0,    0,    0,    0,    0,    0,  -12,    0,    0,    0,    0,    0,    0,    0,    0,    0,    0,    0,    0,    0,    0,    0,    0,    0,    0,    0,    0,    0,    0,    0,    0,    0,    0,    0,    0,    0,    0,    0,    0,    0,    0,    0,    0,    0,    0,    0,    0,    0,    0,    0,    0,    0,    0,    0,    0,    0,    0,    0,    0,    0,    0,    0,
       0,    2,   -8,    0,    0,    0,    0,    0,    5,    0,    0,    0,    0,    0,    0,    0,    0,    0,    0,    0,    0,  -13,    0,    4,  -10,   -4,  -10,  -15,   -9,   -7,   11,    0,    0,   -7,    0,   -7,    0,   -7,   -7,    0,   -7,    0,    0,  -10,  -13,  -12,    0,    0,    0,    0,    0,    0,    0,    0,    8,    0,    0,    6,    7,   -7,    0,    0,
       0,    0,    0,    0,    0,    0,    0,    0,    0,    0,    0,    0,    0,    0,    0,    0,    0,    0,    0,    0,    0,    0,    0,    0,    0,    0,    0,    0,    0,    0,    0,    0,    0,    0,   -6,   -4,   -8,   -7,   -5,   -8,   -6,   -8,   -2,  -11,  -10,  -16,   -7,    0,    0,    0,    0,    0,    0,    0,    0,   -8,   -8,   -8,   -8,   -4,   -6,    0,
       0,    4,    0,    0,    0,    0,    0,   -9,    0,    0,    0,    0,    0,    0,    0,    0,    0,    0,    0,   -4,    0,    0,    0,    0,    0,    0,    0,    0,    0,    0,    0,    0,    0,   -8,   -7,   -8,   -6,  -10,   -7,   -6,    0,   -6,   -7,  -10,   -8,   -7,    0,    0,    0,    0,    0,    0,    0,    0,    0,   -6,   -6,   -6,   -6,   -8,   -7,    0,
       0,    0,    0,    0,    0,    0,    0,    0,    0,    0,    0,    0,    0,    0,    0,    0,    0,    0,    0,    0,    0,    0,    0,    0,    0,    0,    0,    0,    0,    0,    0,    0,    0,    0,    0,    0,    0,    0,  -13,    0,    0,    0,    0,   -8,  -14,  -10,    0,    0,    0,    0,    0,    0,    0,    0,    0,    0,    0,    0,    0,    0,    0,    0,
       0,  -10,    0,    0,    0,    0,    0,   -2,    8,    0,    0,    0,    0,    0,    0,    0,    0,    0,    0,    0,   -5,    0,    0,    0,    0,    0,    0,    0,    0,    0,    0,    8,    0,   -5,    4,    0,    0,    0,    2,    0,    0,    0,    0,   -8,   -8,   -7,    0,    0,    4,    0,    0,    0,    0,    0,    0,    0,    0,   11,   13,    0,    4,    0,
       0,  -10,    0,    0,    0,    0,    0,   -2,    8,    0,    0,    0,    0,    0,    0,    0,    0,    0,    0,    0,   -5,    0,    0,    0,    0,    0,    0,    0,    0,    0,    0,    8,    0,   -5,    7,    0,    0,    0,    2,    0,    0,    0,    0,   -8,   -8,   -7,    0,    0,    4,    0,    0,    0,    0,    0,    0,    4,    0,    4,   14,    0,    7,    0,
       0,  -10,    0,    0,    0,    0,    0,   -2,    8,    0,    0,    0,    0,    0,    0,    0,    0,    0,    0,    0,   -5,    0,    0,    0,    0,    0,    0,    0,    0,    0,    0,    8,    0,   -5,    6,    0,    0,    0,    2,    0,    0,    0,    0,   -8,   -8,   -7,    0,    0,    4,    0,    0,    0,    0,    0,    0,    0,    7,   14,   13,    0,    6,    0,
       0,  -10,    0,    0,    0,    0,    0,   -2,    8,    0,    0,    0,    0,    0,    0,    0,    0,    0,    0,    0,   -5,    0,    0,    0,    0,    0,    0,    0,    0,    0,    0,    8,    0,   -5,    8,    0,   14,    0,    2,   14,    0,    0,    0,   -8,   -8,   -7,    0,    0,    4,    0,    0,    0,    0,    0,    0,    3,    1,   14,   22,    0,    8,    0,
       0,    0,    0,    0,    0,    0,    0,    0,    0,    0,    0,    0,    0,    0,    0,    0,    0,    0,    0,    0,    0,    0,    0,    0,    0,    0,    0,    0,    0,    0,    0,    0,    0,    0,    0,    0,    0,    0,   -3,    0,    0,    0,    0,  -12,   -7,   -8,    0,    0,    0,    0,    0,    0,    0,    0,    0,    0,    0,    0,    0,    0,    0,    0,
};

static const EpdLigaturePair bitter_14_regularLigaturePairs[] = {
    { 0x00660069, 0xFB01 }, // f i -> U+FB01
    { 0x0066006C, 0xFB02 }, // f l -> U+FB02
};

static constexpr EpdFontData bitter_14_regular = {
    bitter_14_regularBitmaps,
    bitter_14_regularGlyphs,
    bitter_14_regularIntervals,
    32,
    35,
    28,
    -8,
    true,
    bitter_14_regularGroups,
    8,
    nullptr,
    bitter_14_regularKernLeftClasses,
    bitter_14_regularKernRightClasses,
    bitter_14_regularKernMatrix,
    190,
    190,
    72,
    62,
    bitter_14_regularLigaturePairs,
    2,
};
