/**
 * generated by fontconvert.py
 * name: bitter_16_bolditalic
 * size: 16
 * mode: 2-bit  compressed: true
 * Command used: fontconvert.py bitter_16_bolditalic 16 ../builtinFonts/source/Bitter/Bitter-BoldItalic.ttf ../builtinFonts/source/NotoEmoji/NotoEmoji-Regular.ttf ../builtinFonts/source/NotoSymbols/NotoSansSymbols-Regular.ttf --exact-intervals --additional-intervals 0x0020,0x007E --additional-intervals 0x00A0,0x00FF --additional-intervals 0x2000,0x206F --additional-intervals 0x20A0,0x20CF --additional-intervals 0x2190,0x21FF --additional-intervals 0xFB00,0xFB06 --additional-intervals 0xFFFD,0xFFFD --additional-intervals 0x2669,0x266F --additional-intervals 0x2764,0x2764 --additional-intervals 0x1F600,0x1F600 --additional-intervals 0x1F44D,0x1F44D --font-include-intervals 1:0x2764,0x2764 --font-include-intervals 1:0x1F600,0x1F600 --font-include-intervals 1:0x1F44D,0x1F44D --font-include-intervals 2:0x2669,0x266F --2bit --compress --pnum --darken-aa
 */
#pragma once
#include "EpdFontData.h"

static const uint8_t bitter_16_bolditalicBitmaps[12691] = {
    0xAD, 0x5A, 0x3D, 0xAF, 0xE5, 0xD6, 0x75, 0x3D, 0xF7, 0x52, 0x33, 0x37, 0x16, 0x03, 0x50, 0xCD,
    0x73, 0x92, 0x19, 0x03, 0x4C, 0x19, 0x4C, 0x11, 0xFE, 0x03, 0x1F, 0x26, 0x2A, 0x52, 0x46, 0x85,
    0x5E, 0x02, 0xD8, 0x45, 0x5C, 0xC8, 0x40, 0xAC, 0x14, 0xEF, 0x17, 0xD8, 0xA4, 0xA3, 0xD2, 0x85,
    0x5E, 0x61, 0xB8, 0x56, 0x11, 0x03, 0xF2, 0x9B, 0x62, 0xFE, 0x40, 0x22, 0x32, 0x9A, 0x52, 0x45,
    0x18, 0x2B, 0x1F, 0x85, 0x0B, 0x31, 0x89, 0x84, 0x04, 0x63, 0x20, 0x22, 0x1C, 0x1A, 0xE2, 0xCC,
    0x90, 0x3C, 0x59, 0x6B, 0xED, 0x73, 0x3F, 0xDE, 0x9B, 0x37, 0x16, 0x12, 0xE8, 0xCE, 0xE5, 0x3E,
    0x6F, 0xEE, 0xE5, 0x3D, 0x67, 0x9F, 0xFD, 0xB9, 0xF6, 0x3E, 0x74, 0x57, 0xB5, 0x0B, 0xAD, 0x0B,
    0xF5, 0x26, 0x94, 0xDB, 0xE0, 0xEC, 0x9D, 0xAC, 0x2E, 0x59, 0x5C, 0x32, 0xEB, 0x3D, 0xB9, 0x1D,
    0xDE, 0xA3, 0x4B, 0x07, 0x97, 0xF6, 0xEE, 0xF0, 0xCA, 0x5B, 0xE7, 0x07, 0xD7, 0xE8, 0xED, 0x5B,
    0x77, 0x07, 0x9F, 0xFC, 0xDB, 0x5A, 0xFC, 0xFB, 0x5A, 0x7C, 0xB8, 0xF8, 0x0F, 0x67, 0xFF, 0x78,
    0xF6, 0xEF, 0x4C, 0xFE, 0xF5, 0xD1, 0x27, 0x03, 0xDE, 0x67, 0x9B, 0x37, 0x9C, 0x7B, 0x1B, 0xFF,
    0x9C, 0x0B, 0xF8, 0x17, 0xE9, 0x76, 0xD9, 0xAC, 0x0E, 0x6B, 0x6C, 0x67, 0x52, 0xAC, 0xB5, 0x0D,
    0x78, 0xF5, 0x09, 0x69, 0x67, 0xD4, 0xE5, 0x7D, 0x3E, 0x38, 0x57, 0x74, 0x79, 0xE7, 0xB0, 0x0C,
    0x16, 0x8A, 0xB4, 0xAA, 0xAB, 0x9A, 0xD3, 0x34, 0xF8, 0x13, 0x37, 0xCE, 0xAE, 0x39, 0xD0, 0xC9,
    0x26, 0x03, 0xE7, 0xA4, 0xE9, 0x08, 0xF6, 0x5D, 0x36, 0x80, 0x7D, 0xD0, 0x0C, 0x34, 0xEF, 0x33,
    0xED, 0x43, 0xBB, 0xD1, 0x9F, 0x59, 0x47, 0x82, 0x59, 0x5D, 0xF1, 0x4F, 0xCE, 0xED, 0xC0, 0x83,
    0xF3, 0x9C, 0x07, 0x93, 0x8D, 0x49, 0xE8, 0xF2, 0x21, 0x09, 0xD8, 0x7E, 0x3A, 0x1B, 0xD9, 0x75,
    0x29, 0xB7, 0xB0, 0x0B, 0x9F, 0x62, 0x0D, 0xF2, 0xB8, 0xE5, 0xCA, 0x64, 0x43, 0xBF, 0x05, 0x5B,
    0x39, 0x24, 0xEA, 0x36, 0xA1, 0xFD, 0x26, 0x38, 0x6C, 0x3D, 0x49, 0x05, 0x52, 0x37, 0xF8, 0xBA,
    0x0C, 0x6B, 0x58, 0x5D, 0x88, 0xB3, 0x77, 0x2E, 0x0D, 0x4F, 0xF7, 0x6B, 0x8B, 0xE4, 0xE2, 0x82,
    0xE4, 0xAC, 0x04, 0xB9, 0xE8, 0xDD, 0x06, 0x9A, 0x08, 0x52, 0x45, 0x86, 0x15, 0xB0, 0x81, 0xA2,
    0x6B, 0x28, 0x71, 0x5F, 0x7B, 0xD7, 0x94, 0xCE, 0x97, 0x9E, 0x52, 0xAC, 0x5C, 0xC5, 0xDD, 0x56,
    0xAE, 0xE1, 0x16, 0x2B, 0xB7, 0x16, 0x14, 0xD8, 0xBF, 0xCE, 0x94, 0x52, 0x11, 0x06, 0x32, 0x9C,
    0x86, 0xC7, 0x33, 0xF7, 0xFD, 0x56, 0x36, 0x5C, 0x70, 0xD7, 0xC5, 0xC7, 0x64, 0xDB, 0x55, 0xEF,
    0x06, 0x69, 0x84, 0xD3, 0x62, 0x15, 0x4E, 0xEB, 0xB2, 0x11, 0xD3, 0xE2, 0x8E, 0x1E, 0xD3, 0xE2,
    0x0E, 0xB0, 0xDF, 0x50, 0xD8, 0x98, 0x96, 0x7C, 0x60, 0x5A, 0x88, 0x95, 0xD3, 0x42, 0x96, 0x98,
    0xB6, 0x75, 0x0F, 0xB0, 0xCA, 0x5B, 0x9C, 0xFB, 0x62, 0x2D, 0xB9, 0x10, 0x27, 0xF6, 0xA2, 0xDA,
    0xE9, 0x36, 0x74, 0x30, 0x20, 0x08, 0x71, 0x37, 0x90, 0x26, 0xA2, 0xCE, 0x45, 0xBA, 0x09, 0x14,
    0xBF, 0x54, 0xD7, 0x42, 0x74, 0xA0, 0x1B, 0xEA, 0xBE, 0xDE, 0x85, 0x27, 0x8F, 0x46, 0x97, 0xCF,
    0xAE, 0x80, 0x85, 0x8D, 0xA2, 0x7A, 0x57, 0x7B, 0x5A, 0x75, 0xAE, 0x1A, 0x69, 0xBD, 0x7E, 0xFD,
    0xAB, 0x50, 0x82, 0x1F, 0x48, 0x96, 0x42, 0x1A, 0x1D, 0x55, 0x02, 0x96, 0xDC, 0xDD, 0x4B, 0x8A,
    0xB4, 0x2F, 0xFA, 0xA2, 0xA5, 0xD9, 0x60, 0x6F, 0xD8, 0x96, 0x77, 0x67, 0xF8, 0xF4, 0x3B, 0xCE,
    0xCD, 0x34, 0xF4, 0xCC, 0xE6, 0xEF, 0x1D, 0x97, 0x2D, 0xC9, 0xE3, 0xC2, 0xCF, 0xB2, 0xC3, 0x82,
    0x58, 0xA4, 0x75, 0x4D, 0x6B, 0x5E, 0xA2, 0x77, 0x79, 0xF2, 0xD6, 0x27, 0xF8, 0x16, 0xF7, 0x50,
    0x27, 0xBD, 0x83, 0xB9, 0x42, 0x03, 0xE9, 0xC4, 0x5D, 0x6E, 0xA8, 0x42, 0x5C, 0xBB, 0x9E, 0xB6,
    0xE7, 0xF8, 0xA9, 0xDB, 0xD1, 0x32, 0x17, 0x70, 0xB8, 0x72, 0xE7, 0x72, 0x85, 0x78, 0x95, 0xB4,
    0x91, 0x5B, 0xAE, 0x52, 0x17, 0xEF, 0x85, 0x6B, 0x92, 0x65, 0xFD, 0x1E, 0x86, 0x48, 0x3E, 0x5D,
    0x8E, 0xDD, 0x7A, 0xAA, 0xBC, 0xA3, 0x9D, 0xE1, 0xB6, 0x52, 0x62, 0x4D, 0xF7, 0x5F, 0xF5, 0x66,
    0x53, 0x5B, 0x8A, 0xF8, 0x0E, 0xA6, 0xCA, 0x30, 0x65, 0x56, 0xBA, 0xDF, 0xCA, 0x5E, 0x75, 0xC5,
    0xE7, 0x30, 0xA4, 0xE7, 0xC1, 0xDD, 0xFD, 0xD5, 0xA7, 0x5A, 0x2A, 0x79, 0xDE, 0xBA, 0xEC, 0x63,
    0xF0, 0xFF, 0x4E, 0xEF, 0xB6, 0xE2, 0x7D, 0xA1, 0x7A, 0x44, 0x68, 0x29, 0xF4, 0x53, 0xEA, 0xDF,
    0xC8, 0xD9, 0x9F, 0x2F, 0xE7, 0x54, 0x72, 0x28, 0xE9, 0x80, 0x52, 0x9F, 0xED, 0x32, 0x92, 0x83,
    0x63, 0xD1, 0x75, 0xCD, 0xA4, 0xEF, 0xD5, 0x9C, 0x29, 0x59, 0x77, 0x61, 0x17, 0x92, 0x05, 0x5E,
    0x3A, 0x66, 0xD4, 0x8C, 0xFB, 0x86, 0x7B, 0x70, 0xF5, 0xBE, 0x0F, 0x33, 0xDE, 0x95, 0x6C, 0x32,
    0x6F, 0xFD, 0xD0, 0x0C, 0xD5, 0xE0, 0xBB, 0x3B, 0x6E, 0xFF, 0x63, 0x4F, 0x85, 0x56, 0xFC, 0xEF,
    0x4A, 0x72, 0x64, 0x68, 0xA4, 0x6D, 0x0F, 0x87, 0xD5, 0xBE, 0xF4, 0xDE, 0xDD, 0x81, 0xBD, 0xE3,
    0xBD, 0x5E, 0x16, 0xE8, 0xE2, 0x96, 0xED, 0xDE, 0xE9, 0xDA, 0xBD, 0xD9, 0xC1, 0x31, 0x7D, 0x29,
    0xAB, 0x6D, 0x3E, 0xA5, 0xA3, 0x07, 0x99, 0x78, 0xCB, 0x68, 0x35, 0xA4, 0xA1, 0xAE, 0x86, 0x6C,
    0x71, 0xC5, 0x54, 0x4C, 0xD0, 0x0D, 0xB4, 0x12, 0x49, 0xD5, 0x83, 0x34, 0x9D, 0xCB, 0x26, 0x90,
    0x7C, 0x6C, 0x18, 0x3A, 0xF1, 0x97, 0x1F, 0xF0, 0x45, 0xD3, 0xF9, 0x61, 0x8B, 0x28, 0xB1, 0x5E,
    0x04, 0xDA, 0xEE, 0xC2, 0x10, 0x32, 0x72, 0xD2, 0x3A, 0x9A, 0x2F, 0x5F, 0x5B, 0x68, 0x35, 0xD7,
    0x52, 0x74, 0x2E, 0x5A, 0xBA, 0xCB, 0xFE, 0x13, 0xB6, 0xBB, 0x3B, 0x31, 0x84, 0xC3, 0x35, 0x99,
    0xE6, 0x8B, 0xBD, 0x61, 0x0C, 0xBC, 0xBF, 0x86, 0x92, 0xDA, 0x86, 0x1E, 0x76, 0x1F, 0x71, 0x8B,
    0xEC, 0x8A, 0x88, 0xF1, 0x3E, 0x99, 0x36, 0x61, 0xD8, 0x31, 0x94, 0xEF, 0xE8, 0x58, 0xDB, 0x4B,
    0xD7, 0x70, 0xCB, 0x8C, 0x62, 0x89, 0xC5, 0x33, 0x4A, 0x87, 0xC6, 0x8B, 0xC8, 0x08, 0x9D, 0x97,
    0x60, 0x68, 0x62, 0x5C, 0x69, 0xE5, 0xE6, 0x08, 0x6F, 0x7B, 0x52, 0xD3, 0x0C, 0x60, 0xAC, 0xCD,
    0xAA, 0x80, 0xD8, 0xD3, 0x2C, 0x46, 0xA7, 0xD0, 0xBC, 0xD2, 0x95, 0xE5, 0x5B, 0xB3, 0xF8, 0x34,
    0x42, 0x2E, 0xB9, 0x5A, 0xC2, 0x0D, 0xEF, 0x38, 0x2B, 0x37, 0xE8, 0xEE, 0x3E, 0xE2, 0xDC, 0x8E,
    0xCB, 0x69, 0x13, 0x27, 0xA4, 0xE9, 0xBF, 0x86, 0xE5, 0xDB, 0xFC, 0x59, 0x13, 0x6A, 0x2E, 0x6E,
    0xA1, 0xDA, 0x02, 0xEF, 0xD7, 0x4D, 0x60, 0xFE, 0x53, 0xFE, 0x76, 0x24, 0xF7, 0xF4, 0x3A, 0x92,
    0x9C, 0xC4, 0x93, 0x04, 0xAE, 0xB6, 0x42, 0xF2, 0xA9, 0xB4, 0x31, 0x04, 0x3A, 0x2F, 0x9D, 0xBB,
    0x84, 0x34, 0x16, 0xF8, 0x41, 0x0A, 0x69, 0xD4, 0x05, 0x94, 0x52, 0x72, 0xFA, 0xE5, 0x40, 0x66,
    0x11, 0x08, 0x81, 0x36, 0x95, 0xD2, 0x4E, 0xD2, 0xC3, 0x36, 0x48, 0x5E, 0xBD, 0xBA, 0x7A, 0x9F,
    0x2A, 0x9C, 0x69, 0x16, 0x13, 0x85, 0x3E, 0x39, 0xFF, 0xEB, 0xF3, 0x37, 0x22, 0xEF, 0xDC, 0x4A,
    0x45, 0xD2, 0xD0, 0x4C, 0xC3, 0x67, 0x74, 0xEB, 0x18, 0x21, 0xCB, 0x8D, 0x62, 0x1F, 0x36, 0xD1,
    0xED, 0x37, 0xDD, 0x1C, 0x08, 0xFF, 0x8B, 0x5C, 0xF2, 0x35, 0x7C, 0xDB, 0x66, 0x4F, 0x9A, 0x50,
    0x2A, 0xCE, 0x79, 0xCA, 0x35, 0x6E, 0xFA, 0xC7, 0xDC, 0xF3, 0x5D, 0xEE, 0xAD, 0x0A, 0x0C, 0xAD,
    0x8C, 0xCB, 0x24, 0x9E, 0xC1, 0x98, 0x1F, 0x27, 0x36, 0x39, 0xF9, 0x5C, 0xC4, 0xEC, 0xBD, 0x4B,
    0xB2, 0xB7, 0x48, 0x79, 0x12, 0x62, 0xEB, 0x97, 0x4D, 0xE8, 0x2B, 0x9A, 0x00, 0x03, 0xAB, 0x11,
    0xE6, 0xF7, 0x1E, 0x24, 0x74, 0x7E, 0xA2, 0xC4, 0x61, 0xA2, 0x65, 0xC6, 0xC5, 0x13, 0x6E, 0x0D,
    0xAA, 0xA5, 0x3B, 0x63, 0xF1, 0x7B, 0x57, 0x57, 0x57, 0x97, 0x05, 0x3D, 0x80, 0x53, 0xF5, 0x46,
    0xAE, 0xAE, 0x98, 0xF5, 0xB6, 0x96, 0xF5, 0xDC, 0xF7, 0x6D, 0xE5, 0x7C, 0x3E, 0x6A, 0xF1, 0xD4,
    0xC0, 0x8E, 0xBC, 0x15, 0xFF, 0x87, 0x3B, 0xEC, 0xB5, 0xA1, 0x61, 0xE6, 0xB4, 0x3A, 0xD8, 0x5A,
    0xB7, 0x09, 0xCF, 0x02, 0xD2, 0x75, 0xE9, 0x07, 0xF8, 0x46, 0x3E, 0x42, 0x43, 0x39, 0x73, 0x76,
    0x31, 0xA4, 0x2B, 0xA4, 0x9F, 0x84, 0x9F, 0x87, 0x7A, 0xAB, 0x3C, 0xD1, 0x50, 0x30, 0x8D, 0xFC,
    0xAD, 0x09, 0x2E, 0x9F, 0x20, 0x5D, 0x25, 0x81, 0x86, 0xC1, 0x3E, 0x44, 0x12, 0x40, 0xB0, 0x85,
    0x30, 0xC2, 0x03, 0x2A, 0x6A, 0xAB, 0xA0, 0x5C, 0x77, 0x5C, 0xCC, 0x7D, 0xFD, 0x0D, 0x2D, 0xDE,
    0xD3, 0x0F, 0x16, 0xA9, 0xB1, 0xA6, 0x33, 0x75, 0x3B, 0x6C, 0x99, 0x51, 0xC0, 0x0F, 0x4C, 0x5D,
    0x23, 0x42, 0x81, 0x91, 0xC9, 0xC8, 0x8C, 0x9C, 0x95, 0x85, 0x87, 0x61, 0x4C, 0x29, 0x30, 0xC5,
    0x0D, 0x57, 0x3D, 0x3D, 0x6C, 0x76, 0x7B, 0x50, 0x55, 0x4E, 0x33, 0x6B, 0x66, 0x77, 0xEF, 0x11,
    0x55, 0x49, 0xFB, 0xF0, 0x5C, 0xC7, 0xD3, 0x1E, 0xEE, 0xFC, 0x58, 0x31, 0x79, 0xB7, 0xA6, 0x21,
    0x5D, 0x91, 0x51, 0xDE, 0x38, 0xC5, 0x65, 0x27, 0xA1, 0x13, 0x01, 0x8E, 0x21, 0x86, 0x7A, 0x64,
    0x86, 0xBA, 0xE3, 0x6E, 0xBC, 0x36, 0x4A, 0x81, 0x58, 0x0E, 0xEF, 0x88, 0xF8, 0x46, 0x86, 0x3B,
    0xC4, 0x39, 0x44, 0xC4, 0x6F, 0xE8, 0x9E, 0x57, 0x48, 0xBE, 0x2F, 0xFC, 0x40, 0x43, 0x0C, 0xB6,
    0x5F, 0x25, 0x58, 0x4F, 0x1F, 0xF3, 0xE4, 0xB3, 0xA2, 0x1B, 0x57, 0x14, 0x4B, 0x4E, 0xD3, 0xD8,
    0x10, 0xDA, 0xE0, 0x07, 0x0C, 0xA1, 0xCD, 0x21, 0xE6, 0x82, 0xCD, 0x3B, 0xE7, 0xE7, 0xE7, 0x14,
    0xA2, 0xF9, 0x96, 0xEC, 0xEF, 0x84, 0x9D, 0xB3, 0xF3, 0xF3, 0x37, 0xA9, 0xC5, 0xD9, 0x22, 0x86,
    0xB9, 0xDB, 0xFE, 0x95, 0x76, 0x66, 0x00, 0x45, 0x20, 0xE6, 0x50, 0x7C, 0x19, 0xC1, 0xC6, 0x6A,
    0x92, 0xAA, 0x16, 0x7C, 0x38, 0x63, 0xDD, 0x9E, 0xDC, 0x91, 0x39, 0xAE, 0xFB, 0x03, 0xFC, 0xEE,
    0xF7, 0x19, 0x3F, 0xF1, 0x1F, 0x6F, 0xEB, 0xB5, 0x58, 0xBD, 0xFD, 0x5D, 0x17, 0x2C, 0x5D, 0xF2,
    0x62, 0x70, 0xCD, 0x38, 0x85, 0x80, 0x8A, 0xDC, 0x5B, 0x31, 0x94, 0x9A, 0xED, 0x62, 0x92, 0x38,
    0x79, 0x15, 0xB5, 0xD9, 0x66, 0x88, 0x17, 0xE4, 0x7A, 0x5D, 0xB0, 0xE0, 0xA9, 0x94, 0x34, 0x2C,
    0x02, 0x45, 0x54, 0x72, 0x79, 0x9F, 0x02, 0x1B, 0xE5, 0xFE, 0x34, 0xE8, 0x62, 0x48, 0xD6, 0x4D,
    0xF8, 0xEF, 0x6C, 0xD8, 0xCD, 0xB0, 0x84, 0x74, 0xCA, 0x86, 0xE2, 0x79, 0x48, 0xA6, 0xBC, 0xAF,
    0xEA, 0x35, 0x99, 0x8B, 0x2E, 0x38, 0x24, 0x48, 0xFF, 0xF7, 0x0B, 0xF2, 0xE5, 0x04, 0x40, 0xBD,
    0xE5, 0xF0, 0x0E, 0x70, 0xED, 0x6E, 0xAC, 0x38, 0x64, 0x43, 0xF5, 0xFA, 0x9C, 0x4D, 0x59, 0x5F,
    0xFD, 0xF5, 0x5A, 0xCD, 0x80, 0x36, 0x3F, 0x0C, 0x0B, 0x7D, 0xB9, 0x6D, 0x06, 0x46, 0x87, 0xF6,
    0x5E, 0x59, 0x08, 0x8B, 0xB8, 0x7D, 0x84, 0xA2, 0x55, 0xFD, 0xF4, 0x91, 0xE0, 0x96, 0xCC, 0x97,
    0xB2, 0x28, 0xC5, 0xED, 0x7B, 0xC6, 0xF6, 0xBD, 0xBF, 0x51, 0xE8, 0x9C, 0x9C, 0x99, 0x1D, 0xED,
    0x51, 0x79, 0x53, 0x34, 0x09, 0x8A, 0x77, 0x5F, 0x50, 0xD7, 0xD9, 0xFF, 0x90, 0x16, 0x3F, 0xA7,
    0xE6, 0xFC, 0x87, 0x82, 0x2E, 0x7F, 0x14, 0x31, 0x7D, 0x49, 0x73, 0x62, 0x20, 0x9F, 0x29, 0xD8,
    0xEC, 0x88, 0xE8, 0xA4, 0xE9, 0x4E, 0x50, 0xBD, 0xE7, 0x0D, 0x55, 0x4F, 0x3C, 0xE3, 0x09, 0xAC,
    0x41, 0x0B, 0xC2, 0x7D, 0xC4, 0xD8, 0x7E, 0x17, 0x56, 0x1F, 0x00, 0xAF, 0x17, 0x77, 0x76, 0x75,
    0x55, 0x0A, 0x13, 0x9A, 0x6B, 0x19, 0xBC, 0xE3, 0x9C, 0x33, 0x75, 0x84, 0x1D, 0x19, 0x55, 0x52,
    0x25, 0xFE, 0xCA, 0x27, 0xAE, 0x58, 0x8C, 0x74, 0x1D, 0xBF, 0xC7, 0x9F, 0x4A, 0x56, 0xB2, 0x51,
    0x29, 0xA1, 0xEA, 0xF9, 0x6D, 0xD3, 0x51, 0xE1, 0x0D, 0xFD, 0xDA, 0x85, 0x48, 0x13, 0x41, 0xB9,
    0x2C, 0x40, 0x38, 0x4F, 0xB0, 0x62, 0x21, 0xD4, 0x6A, 0x2C, 0x83, 0x12, 0xA1, 0xBB, 0xFB, 0x2B,
    0xB3, 0x1E, 0xBE, 0xCC, 0x0E, 0x86, 0x1B, 0xA6, 0xED, 0xCA, 0xD0, 0xBA, 0x70, 0xDA, 0x99, 0x26,
    0x34, 0x5B, 0x4E, 0xA3, 0x0C, 0xA9, 0xEA, 0x93, 0xAC, 0x55, 0x5D, 0x27, 0xF6, 0x85, 0x6E, 0x41,
    0xD9, 0x43, 0x0B, 0xCE, 0xB1, 0xFC, 0x2F, 0x2D, 0x1F, 0x13, 0xFF, 0xAE, 0x66, 0xE8, 0x6E, 0x43,
    0x58, 0x7D, 0x10, 0xC6, 0x6A, 0xC2, 0x68, 0xC5, 0x21, 0x91, 0x05, 0x83, 0x1F, 0x11, 0xAC, 0x52,
    0x2A, 0xBC, 0x03, 0xC2, 0x40, 0xA0, 0xCB, 0x45, 0x91, 0x5A, 0x41, 0xB1, 0xD2, 0x29, 0x65, 0x60,
    0x22, 0x1A, 0x61, 0x5C, 0xC8, 0x25, 0xBF, 0x42, 0xF2, 0x63, 0x98, 0x6F, 0x99, 0x2C, 0x28, 0x12,
    0x22, 0xDD, 0x94, 0x59, 0xE9, 0x09, 0x56, 0xE4, 0x52, 0xA3, 0xA5, 0x79, 0x4B, 0xB5, 0xE2, 0x07,
    0x65, 0xA3, 0x01, 0xF6, 0x23, 0x3F, 0x35, 0xA7, 0xF5, 0x46, 0x4B, 0xD2, 0x07, 0xE6, 0x48, 0x8E,
    0xFC, 0xEC, 0x53, 0x3D, 0xA7, 0xA8, 0x9D, 0xC5, 0xB3, 0xE3, 0xDF, 0x65, 0x4C, 0x8D, 0x96, 0x1B,
    0xC9, 0x8F, 0x85, 0xC3, 0x37, 0x49, 0xB7, 0x13, 0xD1, 0x29, 0x02, 0x13, 0xF8, 0x79, 0x38, 0xC6,
    0xAD, 0xFB, 0x13, 0x2A, 0x7E, 0xCA, 0x13, 0x7E, 0xEA, 0x13, 0x7E, 0xC4, 0x89, 0x97, 0x13, 0xFC,
    0xE1, 0xAD, 0xFC, 0x3C, 0xBB, 0xAA, 0x4F, 0x38, 0xF9, 0xCD, 0xFC, 0x5C, 0xA7, 0x1B, 0xD5, 0x18,
    0x85, 0x1C, 0xC4, 0x9F, 0x50, 0x18, 0x4B, 0xB8, 0x54, 0x0D, 0xC2, 0xC8, 0x72, 0x30, 0x7F, 0xF0,
    0xB6, 0xB8, 0x06, 0x49, 0x02, 0x46, 0x55, 0xA2, 0x12, 0x04, 0x57, 0xB4, 0x19, 0x1F, 0xFD, 0x53,
    0x56, 0x63, 0x36, 0x11, 0xD3, 0x1B, 0xAB, 0x8F, 0xA0, 0x54, 0x1C, 0x29, 0x13, 0x74, 0xBA, 0x48,
    0x99, 0xF3, 0x9E, 0x9A, 0xFE, 0xA5, 0xF9, 0x0C, 0xFA, 0x12, 0x12, 0x0A, 0xA3, 0xBC, 0x5C, 0xE6,
    0x2F, 0xF4, 0xFE, 0x5D, 0x45, 0xD7, 0xB7, 0xDF, 0xBB, 0xF3, 0xAD, 0x9F, 0x31, 0xF1, 0x65, 0x0A,
    0x91, 0x43, 0xAE, 0x84, 0x56, 0xA6, 0x41, 0x06, 0xB1, 0x31, 0x81, 0x29, 0x1A, 0xCE, 0x2A, 0x35,
    0x30, 0x25, 0xFD, 0x33, 0xB7, 0xA1, 0x50, 0x05, 0xA7, 0x9D, 0xAC, 0x36, 0x2C, 0x36, 0xCC, 0x87,
    0x41, 0x38, 0x57, 0x42, 0xD3, 0xD0, 0x4A, 0xDC, 0x41, 0xCE, 0x69, 0xDE, 0x69, 0xC3, 0xA0, 0xB5,
    0x3C, 0x71, 0xE9, 0x94, 0xC8, 0x99, 0x90, 0x7D, 0x35, 0x08, 0xFB, 0x81, 0x4F, 0x65, 0x67, 0xAA,
    0xB6, 0x30, 0x6E, 0xAE, 0x83, 0xDB, 0xE9, 0x08, 0x6E, 0x0F, 0x57, 0x6F, 0x1A, 0xA3, 0xBE, 0x9A,
    0xF6, 0x10, 0xDA, 0xAD, 0x22, 0xA2, 0x39, 0xD0, 0x9D, 0xED, 0x72, 0x9B, 0xF3, 0xAB, 0xD2, 0xF0,
    0xA6, 0xC8, 0x46, 0xFE, 0x7D, 0x1B, 0x46, 0x93, 0xDA, 0xC3, 0x35, 0x22, 0x95, 0xB3, 0xC6, 0x92,
    0x80, 0xAC, 0x80, 0x3D, 0x21, 0x0C, 0x8C, 0xBB, 0x65, 0x0F, 0x0F, 0x8F, 0x28, 0x57, 0x66, 0x67,
    0x50, 0x57, 0x30, 0x94, 0xB5, 0xB9, 0x4C, 0x8D, 0xB7, 0x3D, 0xB8, 0x8C, 0xDA, 0x39, 0x97, 0x53,
    0x0D, 0x66, 0xC5, 0xBD, 0xB9, 0x55, 0x89, 0xC4, 0x26, 0x0B, 0x1E, 0x34, 0x90, 0x07, 0x86, 0x40,
    0x16, 0x72, 0x93, 0x96, 0xCB, 0xA7, 0x88, 0xA3, 0x8B, 0xC1, 0xBC, 0xAB, 0x3B, 0x38, 0xD9, 0xC9,
    0xD0, 0x6A, 0x63, 0x06, 0x2A, 0x3B, 0x83, 0x57, 0xAD, 0x0C, 0x0E, 0x98, 0x72, 0xB6, 0x61, 0xD5,
    0xB0, 0x53, 0x92, 0xAF, 0x13, 0x09, 0x6D, 0xDC, 0x44, 0x99, 0x69, 0x18, 0x99, 0x21, 0xA5, 0x1D,
    0x03, 0x4F, 0x72, 0xBD, 0x82, 0x2B, 0x64, 0xF3, 0x8B, 0xBB, 0xCD, 0x0F, 0x5B, 0xBE, 0x81, 0xDF,
    0x6F, 0x17, 0x72, 0xC2, 0xC8, 0xB3, 0x23, 0x49, 0x07, 0xF8, 0xF9, 0xA3, 0x9E, 0x1E, 0xDC, 0x19,
    0x34, 0x95, 0xEF, 0x9C, 0x41, 0x69, 0x9B, 0x6F, 0xD1, 0x32, 0x98, 0x58, 0x68, 0x1D, 0xAD, 0x3A,
    0x10, 0x85, 0x62, 0x34, 0x4C, 0x97, 0xC5, 0x06, 0x65, 0x15, 0xF0, 0xFB, 0x59, 0x63, 0x62, 0x23,
    0x90, 0x16, 0x8B, 0xE1, 0xCF, 0xA7, 0x4C, 0x45, 0xCB, 0x27, 0x73, 0xF1, 0x0F, 0x18, 0xFD, 0x2F,
    0xE6, 0xEA, 0x5D, 0x5A, 0xD1, 0xE3, 0x35, 0xB0, 0x60, 0xF5, 0x8F, 0xC3, 0xC2, 0x7C, 0x89, 0x8C,
    0x36, 0x51, 0x94, 0xD5, 0x0F, 0x03, 0x01, 0x30, 0x1C, 0x16, 0x6C, 0xD0, 0xB2, 0xCA, 0xA6, 0xF5,
    0x9D, 0x75, 0x41, 0xD8, 0x80, 0xA2, 0xBE, 0xAB, 0x38, 0x36, 0x6D, 0x2C, 0xE5, 0xDB, 0x88, 0x4E,
    0x26, 0x95, 0x1A, 0xF4, 0x2F, 0xC2, 0x35, 0x41, 0x22, 0xF0, 0xBF, 0xF9, 0xB3, 0xF7, 0xC9, 0xFE,
    0x4E, 0xD0, 0xA6, 0x4D, 0xE5, 0x7D, 0xFD, 0x96, 0xDE, 0x87, 0x9B, 0x9B, 0xD2, 0xB6, 0x45, 0x8E,
    0x27, 0x1B, 0x66, 0x0E, 0xF9, 0x2F, 0x17, 0xCE, 0x5D, 0xFC, 0xC7, 0xCA, 0x36, 0x8F, 0xFF, 0x38,
    0x6C, 0x17, 0x31, 0xF9, 0x3A, 0xDD, 0xAE, 0x55, 0x4B, 0x27, 0x0E, 0x55, 0x5D, 0x7D, 0x4C, 0xB7,
    0xAB, 0xFD, 0x17, 0x44, 0xE7, 0x65, 0xF1, 0x9C, 0xFE, 0x86, 0xD5, 0x35, 0x64, 0x52, 0x99, 0x8A,
    0xA1, 0x4D, 0x50, 0x61, 0x54, 0xB0, 0xD5, 0xC6, 0x4E, 0x97, 0x78, 0x20, 0xA3, 0xB2, 0x1D, 0xE2,
    0x14, 0xC6, 0xAE, 0xC9, 0x59, 0xAA, 0xB3, 0x22, 0xC1, 0xD1, 0x55, 0x5B, 0x66, 0x3B, 0x66, 0xE9,
    0x12, 0x59, 0x4C, 0xB1, 0x6B, 0xA0, 0xC2, 0x91, 0xC0, 0x45, 0xBD, 0x9C, 0xD2, 0x5C, 0xD2, 0x28,
    0x73, 0x9D, 0x2A, 0x0A, 0xA7, 0xD8, 0xC5, 0x6E, 0xD8, 0x40, 0x88, 0xEB, 0x59, 0xA6, 0x94, 0xB8,
    0x1F, 0x29, 0x17, 0xBF, 0xF5, 0xEC, 0x6D, 0xFD, 0x04, 0x7C, 0xA6, 0x8A, 0x5A, 0x16, 0x38, 0x11,
    0xEF, 0xA6, 0x63, 0xEC, 0xDA, 0x67, 0x40, 0x2B, 0x98, 0x04, 0x42, 0x2D, 0xC2, 0x27, 0x02, 0x05,
    0x2E, 0x52, 0xC1, 0x01, 0xB6, 0x0D, 0x23, 0x1C, 0x50, 0x77, 0x68, 0x48, 0x14, 0x6E, 0xF2, 0x53,
    0x68, 0x30, 0x0A, 0xA0, 0x11, 0xCA, 0xB1, 0x8D, 0xF7, 0xFF, 0x89, 0xF0, 0x5F, 0x2E, 0x25, 0x77,
    0x53, 0x4A, 0xD3, 0xCB, 0xA5, 0x54, 0x0D, 0x0A, 0x5F, 0x3D, 0xE9, 0x97, 0x49, 0x69, 0x17, 0x62,
    0xD7, 0x91, 0x52, 0x12, 0x06, 0xB7, 0x3A, 0x04, 0xC6, 0xB2, 0x10, 0xEE, 0x26, 0xE1, 0x89, 0x5C,
    0x5B, 0xAC, 0xAA, 0x38, 0xB1, 0xC2, 0xDD, 0xB9, 0xEF, 0xB9, 0x17, 0x80, 0x55, 0x7D, 0x00, 0x56,
    0x1B, 0xCB, 0x03, 0xCD, 0x1E, 0x1E, 0x10, 0x58, 0xF5, 0x92, 0x24, 0x40, 0xC2, 0xB8, 0x95, 0x24,
    0x33, 0xA6, 0xAD, 0x7D, 0x02, 0x18, 0x0F, 0xB9, 0xF2, 0x19, 0xA5, 0xD5, 0x98, 0x9F, 0x90, 0x6D,
    0x6C, 0x21, 0x17, 0xB5, 0x04, 0x60, 0xD9, 0x25, 0x25, 0xB0, 0x42, 0xA4, 0x47, 0xC1, 0x49, 0xAD,
    0x19, 0xB5, 0x96, 0xE1, 0x2E, 0xD6, 0x56, 0x73, 0x44, 0xFF, 0x5D, 0x32, 0xB3, 0x0D, 0x3D, 0xB1,
    0x59, 0x38, 0x82, 0x6C, 0xDE, 0x4B, 0xAC, 0x38, 0x5A, 0xB4, 0xAF, 0xDE, 0x2A, 0x37, 0xAB, 0xFA,
    0xB6, 0x8A, 0x6E, 0xF7, 0xB5, 0xC1, 0x30, 0xDC, 0xA1, 0x40, 0x73, 0xAA, 0x1B, 0x38, 0xDD, 0xF7,
    0x9E, 0x35, 0x9C, 0xFF, 0xEC, 0xFE, 0x69, 0xAB, 0xE0, 0xFE, 0xA1, 0x55, 0xF0, 0x00, 0xB8, 0xE1,
    0x67, 0x4A, 0x68, 0x04, 0xA6, 0x8B, 0x5A, 0xC8, 0x4D, 0x12, 0xB6, 0xF3, 0x4A, 0x02, 0xF6, 0xB6,
    0xD3, 0x9B, 0x08, 0xB2, 0x6F, 0xBC, 0xB4, 0xE4, 0xBF, 0x19, 0xEA, 0x8A, 0xE1, 0xC5, 0x78, 0x47,
    0x8D, 0xA6, 0xB1, 0x33, 0x19, 0x3B, 0x46, 0x96, 0x89, 0x3D, 0x13, 0x31, 0x56, 0x66, 0x3A, 0x2E,
    0xD8, 0xEE, 0xFC, 0x94, 0xCB, 0x20, 0x30, 0x2C, 0x92, 0x96, 0x52, 0xB1, 0x65, 0x62, 0xD0, 0x64,
    0x4F, 0x2D, 0x1B, 0x33, 0x19, 0xAF, 0x5C, 0x6E, 0x67, 0xD8, 0x4E, 0xA0, 0xC0, 0xD2, 0x04, 0xE9,
    0x5E, 0x85, 0xB0, 0x38, 0xFC, 0x6D, 0x6D, 0x53, 0x35, 0x04, 0xBE, 0x1D, 0x01, 0x79, 0x49, 0x57,
    0x5B, 0x54, 0x0C, 0x50, 0x6E, 0xAA, 0x27, 0xC1, 0x15, 0x22, 0x94, 0xFA, 0x58, 0x8B, 0xE8, 0x7C,
    0xC1, 0x33, 0x81, 0x9E, 0x26, 0x4C, 0x3C, 0xC8, 0xB8, 0xB1, 0x0B, 0xFB, 0x82, 0xD1, 0x58, 0x22,
    0x33, 0x65, 0x6E, 0x76, 0x4A, 0xC7, 0xAD, 0x2B, 0x25, 0x5C, 0xA5, 0xD5, 0x56, 0x21, 0xF1, 0xB1,
    0xF2, 0x8A, 0x3A, 0xCF, 0xE1, 0x23, 0xD5, 0x83, 0x9F, 0x48, 0x2A, 0xD6, 0xDA, 0x91, 0x97, 0xF9,
    0x98, 0xA5, 0x84, 0x79, 0xD4, 0xB0, 0x2B, 0x8E, 0x75, 0xDF, 0xD9, 0xDB, 0x97, 0x9B, 0xF7, 0x61,
    0xB5, 0x75, 0x83, 0xC2, 0x60, 0x61, 0xFC, 0x84, 0xBE, 0x33, 0xE2, 0x97, 0xF6, 0x62, 0x25, 0x70,
    0xBE, 0x50, 0x4F, 0x09, 0xBF, 0xCB, 0xB4, 0xF7, 0x2A, 0x50, 0x2C, 0x29, 0x2D, 0x89, 0xBD, 0xDB,
    0x94, 0xB1, 0x96, 0x01, 0x3B, 0x85, 0x45, 0x05, 0x04, 0x47, 0xE4, 0xE7, 0x64, 0xD5, 0xF1, 0xC3,
    0x6E, 0xD9, 0x3D, 0x0D, 0x3A, 0x81, 0x58, 0xB2, 0x41, 0xF1, 0x34, 0x59, 0xB3, 0x3E, 0xFE, 0x51,
    0xB4, 0xE1, 0x47, 0x2C, 0xDF, 0x56, 0x04, 0xD7, 0x77, 0xD9, 0x42, 0x59, 0xAB, 0x32, 0x7C, 0xD2,
    0xCB, 0xE7, 0x95, 0x83, 0x64, 0x8C, 0x8D, 0x45, 0x01, 0xAD, 0x4A, 0x61, 0x4E, 0xFB, 0x3F, 0x06,
    0x4B, 0xED, 0x2C, 0x10, 0xFD, 0x1C, 0xC3, 0x89, 0x95, 0x56, 0x72, 0xA3, 0x6B, 0x05, 0xE5, 0xF9,
    0xD5, 0xE5, 0xD9, 0xDB, 0xB5, 0x53, 0xE7, 0x84, 0x99, 0xBF, 0xE3, 0x00, 0xAF, 0x60, 0x59, 0x0B,
    0xD9, 0x67, 0xAA, 0x22, 0x95, 0x36, 0xE1, 0x83, 0x12, 0x55, 0x50, 0xD5, 0xE5, 0x9A, 0xE7, 0xB3,
    0x21, 0x6A, 0xCD, 0x97, 0x5B, 0xDC, 0xCA, 0xAC, 0xA0, 0x8E, 0x83, 0x89, 0xD6, 0x18, 0xC6, 0xCF,
    0x89, 0x3E, 0x20, 0x09, 0x81, 0xCC, 0x5C, 0x51, 0x1B, 0x39, 0xCC, 0x32, 0x7F, 0xB9, 0xB3, 0xE6,
    0xB2, 0x62, 0x65, 0xA8, 0x91, 0xFC, 0xF9, 0x2B, 0xAF, 0xA1, 0xE6, 0x12, 0x50, 0x04, 0xD8, 0x34,
    0xF6, 0x94, 0x95, 0xA3, 0xFC, 0x21, 0xF3, 0x74, 0x22, 0xEA, 0xA1, 0x19, 0xB0, 0xF4, 0x24, 0xB7,
    0x0D, 0x0D, 0xC0, 0xAA, 0xC2, 0x77, 0xB8, 0x4A, 0x23, 0xD5, 0xFB, 0xCF, 0x87, 0x83, 0xD2, 0x05,
    0x1C, 0x22, 0x9B, 0x06, 0x80, 0x23, 0x7D, 0x01, 0xA1, 0x8B, 0x6E, 0x15, 0x68, 0xAC, 0xF3, 0x92,
    0x5A, 0xD3, 0x80, 0xDE, 0x7B, 0xA9, 0xB8, 0xDB, 0xC7, 0xC2, 0xB2, 0x51, 0x60, 0x6C, 0xD4, 0xEF,
    0x5A, 0xD5, 0xAF, 0x98, 0xAD, 0xE5, 0x64, 0xFD, 0x09, 0xCB, 0x6F, 0x89, 0x2D, 0x2C, 0x3B, 0x33,
    0xDD, 0x48, 0x2A, 0x6A, 0xBC, 0xF0, 0x80, 0xC6, 0xC2, 0xE8, 0xA1, 0x14, 0xC6, 0xB4, 0x7F, 0xA9,
    0x09, 0x67, 0x31, 0xCB, 0x30, 0x75, 0xF5, 0x70, 0x8E, 0x88, 0xD7, 0x1F, 0x0A, 0x45, 0x36, 0x5C,
    0x9F, 0x5C, 0x2A, 0x8B, 0x12, 0xDE, 0xF9, 0x27, 0xB5, 0xD0, 0x41, 0x53, 0xDB, 0xA5, 0x26, 0xFE,
    0xB1, 0xD9, 0x4F, 0xAB, 0xDB, 0xC6, 0x46, 0xBE, 0x8E, 0xAA, 0xE2, 0xC5, 0xC3, 0x01, 0x1E, 0x12,
    0xA4, 0xA3, 0x75, 0xD1, 0xF7, 0x97, 0xCE, 0xC0, 0x7A, 0xBB, 0xBC, 0x4E, 0xC2, 0xEC, 0xAA, 0xB8,
    0x0C, 0x9B, 0x55, 0xB8, 0x3E, 0x40, 0x5C, 0xE7, 0x71, 0x8D, 0xE7, 0x91, 0x50, 0xE9, 0x6B, 0x5F,
    0x17, 0x6D, 0xD1, 0xE6, 0xF8, 0x97, 0xB5, 0x59, 0x97, 0xF5, 0x59, 0x9F, 0x0E, 0xE9, 0xB0, 0xC3,
    0xBF, 0x64, 0x40, 0x50, 0x1D, 0x11, 0x5D, 0xA7, 0xED, 0xBC, 0x9D, 0x37, 0x6C, 0xC8, 0xB2, 0x33,
    0xFB, 0xEA, 0xA3, 0x41, 0x6D, 0x52, 0xA2, 0xAA, 0x7B, 0x4D, 0xEC, 0x7E, 0xEC, 0x57, 0xD2, 0x6A,
    0x3A, 0x77, 0xFB, 0xCA, 0x36, 0x94, 0xF7, 0x58, 0xA6, 0x33, 0x71, 0xF1, 0x0C, 0xE9, 0x21, 0xF5,
    0xF2, 0x40, 0x32, 0xAF, 0x0F, 0x8D, 0xB0, 0xCE, 0x19, 0x72, 0x29, 0x18, 0x35, 0xAA, 0x8F, 0x08,
    0x65, 0x30, 0x27, 0xEA, 0xEE, 0x19, 0x73, 0x6F, 0xE9, 0xF4, 0x1B, 0xF9, 0x46, 0x28, 0xCF, 0x4A,
    0x77, 0xE6, 0x8E, 0x80, 0xD1, 0x50, 0x23, 0x5F, 0xBF, 0xAD, 0x96, 0x3D, 0x36, 0x04, 0x55, 0xE5,
    0x41, 0x13, 0xA3, 0x4A, 0xBD, 0xEB, 0xAC, 0x6D, 0xB3, 0x0D, 0xCF, 0x62, 0xBB, 0x14, 0xD6, 0x33,
    0x6C, 0xC3, 0x67, 0xCD, 0x20, 0x6F, 0x53, 0xA1, 0x0C, 0x63, 0xAC, 0x3A, 0x84, 0x13, 0x25, 0xB5,
    0x10, 0x49, 0xBF, 0x21, 0x81, 0x19, 0xF9, 0x61, 0xC7, 0x46, 0x23, 0xCC, 0xC2, 0x23, 0x77, 0x30,
    0xD3, 0x32, 0x96, 0xFF, 0x9A, 0xC0, 0xF3, 0x43, 0xCC, 0xF7, 0x96, 0x7A, 0x66, 0x3C, 0xFA, 0xB1,
    0x5D, 0xBC, 0x58, 0x4D, 0xB8, 0x58, 0x4D, 0xBC, 0x06, 0x92, 0x92, 0x33, 0xBF, 0x6F, 0xC8, 0x87,
    0x95, 0xB3, 0xF4, 0x82, 0x2E, 0x6A, 0x6A, 0x14, 0xA3, 0x2A, 0x7A, 0xB6, 0x32, 0x47, 0x1D, 0x59,
    0x29, 0xD8, 0x93, 0xBF, 0x3E, 0x27, 0xCA, 0x29, 0xEC, 0xCE, 0x8B, 0x60, 0x10, 0xC7, 0xDB, 0x19,
    0x26, 0x8D, 0xFC, 0xBC, 0x3C, 0x36, 0xA6, 0xD4, 0xB4, 0xB7, 0x23, 0x0B, 0xD8, 0xF4, 0x3F, 0x06,
    0x36, 0x05, 0x1A, 0x3A, 0xDE, 0x07, 0x3A, 0x32, 0xB8, 0x89, 0xD2, 0x4F, 0x48, 0xFC, 0xA2, 0x44,
    0xA9, 0x99, 0x76, 0x4C, 0x65, 0x6A, 0x83, 0xAA, 0x0A, 0xC0, 0xFC, 0x77, 0xAD, 0x01, 0xD9, 0x28,
    0x92, 0x2C, 0xFB, 0xD6, 0xD1, 0x2D, 0x65, 0xC1, 0x9D, 0x9C, 0x4D, 0x36, 0x78, 0xCB, 0x57, 0x24,
    0xF1, 0xF5, 0x05, 0x89, 0xDF, 0xB2, 0xD5, 0x9A, 0x6D, 0xDF, 0x16, 0x99, 0x52, 0x48, 0x04, 0xD0,
    0x04, 0x60, 0xA6, 0x2E, 0x86, 0xE2, 0x28, 0x2B, 0x5A, 0xE0, 0x7F, 0xDD, 0xD8, 0xEA, 0x6B, 0xD8,
    0xEA, 0x76, 0xB4, 0x86, 0xFE, 0x4E, 0x40, 0xEF, 0xDA, 0x99, 0xCC, 0x6B, 0xC7, 0x98, 0x1B, 0xAC,
    0x4B, 0x6D, 0x6D, 0xEA, 0x9F, 0xDC, 0x8C, 0x64, 0x16, 0xC3, 0x06, 0x81, 0x34, 0x3B, 0x8E, 0x38,
    0xD2, 0xBB, 0xCD, 0x33, 0x76, 0xDF, 0xAA, 0x93, 0x2E, 0xC3, 0x2D, 0x48, 0xB4, 0x76, 0xB1, 0xE6,
    0xB4, 0xA2, 0x33, 0xD2, 0xD3, 0x23, 0x54, 0x55, 0x82, 0x86, 0x52, 0xAC, 0xFE, 0x34, 0x9C, 0x72,
    0x8D, 0x11, 0xB1, 0x70, 0x47, 0xB9, 0xA2, 0x88, 0x69, 0xF7, 0x18, 0xE5, 0xAE, 0xBD, 0x9A, 0xF5,
    0x6F, 0x4F, 0x11, 0xD9, 0xD3, 0x8B, 0x59, 0x48, 0x0E, 0x39, 0x5E, 0x35, 0xA7, 0xBA, 0xEA, 0x7B,
    0x03, 0xDC, 0x5B, 0x21, 0x09, 0xA0, 0x02, 0x40, 0x64, 0x27, 0x4C, 0x9E, 0x85, 0x0B, 0x96, 0x38,
    0xA1, 0x81, 0x41, 0x2F, 0x3C, 0x3D, 0x1D, 0x10, 0x35, 0x7E, 0x4F, 0x61, 0x43, 0x31, 0x43, 0x7B,
    0x20, 0x22, 0xFC, 0x69, 0x23, 0x0D, 0x0C, 0x56, 0xAC, 0x5A, 0xCB, 0xD8, 0xED, 0x11, 0x6B, 0x7A,
    0xAB, 0xE7, 0xD4, 0x07, 0x22, 0xCF, 0xD9, 0x11, 0xA5, 0x44, 0xCF, 0x19, 0xA2, 0xE7, 0x74, 0xF2,
    0x1C, 0x9A, 0x0B, 0xF8, 0x63, 0xE7, 0xAB, 0x67, 0xAF, 0xA4, 0x27, 0x3E, 0xE8, 0x88, 0x71, 0x09,
    0x4C, 0x61, 0x08, 0x24, 0x85, 0xB9, 0x8F, 0xE3, 0xED, 0xC8, 0xE0, 0x3C, 0x8D, 0x9B, 0x3C, 0x4A,
    0xA2, 0xF1, 0x20, 0x8F, 0xAA, 0xD4, 0xE1, 0x30, 0xDF, 0xDC, 0xC0, 0x1F, 0xC4, 0x8F, 0x3D, 0xCF,
    0x04, 0x5C, 0xB5, 0x72, 0x1B, 0x7C, 0x36, 0xC0, 0x7A, 0x70, 0x33, 0xC5, 0x0D, 0xA5, 0x17, 0x27,
    0x27, 0xD6, 0x7C, 0xAF, 0xBC, 0x59, 0x0E, 0xB2, 0xDF, 0xA0, 0x55, 0xF4, 0xC2, 0x3A, 0xBC, 0x98,
    0xE7, 0xB7, 0xF5, 0xE1, 0xEB, 0x44, 0x1E, 0x36, 0x98, 0x1C, 0xF6, 0x6D, 0x8D, 0x6B, 0xAD, 0x8D,
    0x5A, 0xE5, 0xC9, 0x56, 0x10, 0xD8, 0x0C, 0x21, 0xD9, 0x9F, 0x0F, 0xAF, 0x66, 0x06, 0xE9, 0x8D,
    0xCE, 0x09, 0x18, 0x3A, 0x53, 0x5C, 0x68, 0xA5, 0x7C, 0x3F, 0xBE, 0x28, 0xEA, 0xEE, 0x65, 0x41,
    0x4A, 0xE4, 0x8F, 0xC3, 0xB2, 0x0D, 0x09, 0x81, 0x7B, 0xC2, 0x4A, 0x87, 0x6D, 0xB9, 0x55, 0xCF,
    0x8B, 0x20, 0x26, 0xEF, 0xD6, 0xBF, 0x50, 0x01, 0xC7, 0xFA, 0x37, 0xC4, 0x10, 0x91, 0xCD, 0x58,
    0x32, 0x9B, 0xB0, 0xB5, 0xDC, 0xA2, 0x96, 0x2C, 0x47, 0x98, 0x55, 0x3A, 0x02, 0xBA, 0xA4, 0x73,
    0x77, 0xE0, 0x00, 0xEB, 0x67, 0x3C, 0xBE, 0xB1, 0x83, 0xF6, 0x78, 0xD6, 0x6E, 0x0F, 0xA5, 0x24,
    0xF6, 0x5E, 0x05, 0x3D, 0x6F, 0x95, 0xF5, 0x20, 0x59, 0x87, 0xF8, 0x3E, 0xBE, 0xFC, 0x4A, 0xC8,
    0xD8, 0x55, 0x4B, 0x15, 0xFE, 0x24, 0x8C, 0x15, 0x60, 0xED, 0x27, 0x61, 0x4E, 0xC3, 0x33, 0xD8,
    0x25, 0x86, 0x36, 0xCC, 0x19, 0x06, 0xD8, 0x66, 0xC6, 0xEE, 0x2D, 0xCD, 0x57, 0xF1, 0xC1, 0x86,
    0x3A, 0x9B, 0x72, 0x9E, 0x04, 0xE6, 0x63, 0x3E, 0x82, 0x0F, 0xC4, 0x0B, 0xB0, 0x8B, 0x75, 0xD4,
    0xB4, 0xF6, 0x87, 0xA1, 0x27, 0xE6, 0xB1, 0xA1, 0x5A, 0xAB, 0x0E, 0xFC, 0x55, 0x30, 0x7A, 0xE2,
    0xCF, 0xD5, 0x5D, 0xE7, 0x04, 0x37, 0x80, 0x8F, 0x96, 0x5C, 0x74, 0xE4, 0x01, 0x5B, 0x6E, 0x1B,
    0x10, 0x84, 0x70, 0xAC, 0xBE, 0xB7, 0x4B, 0x92, 0x5B, 0xEC, 0xB2, 0xA4, 0xB0, 0x1C, 0xED, 0xD2,
    0x31, 0x12, 0x0E, 0x55, 0x07, 0x42, 0xE7, 0xDA, 0x63, 0xC9, 0x57, 0xA4, 0xC8, 0x49, 0x25, 0xD9,
    0x3E, 0xEA, 0xFD, 0x0B, 0x5D, 0x10, 0x99, 0x4F, 0x5E, 0x8A, 0x49, 0x51, 0x14, 0x0D, 0x56, 0x75,
    0x1A, 0xE9, 0x0F, 0x27, 0x7C, 0xFB, 0x68, 0x0B, 0x1F, 0x2F, 0xE6, 0x2C, 0x1C, 0xA2, 0x1E, 0x9B,
    0x05, 0x0A, 0xF0, 0x97, 0xD7, 0x77, 0xA2, 0xAD, 0xD4, 0xAE, 0x59, 0x18, 0xFB, 0xB4, 0x19, 0x3E,
    0x07, 0xC2, 0xF6, 0x64, 0x50, 0x0D, 0xB2, 0x5E, 0xAF, 0x47, 0x06, 0xA7, 0xD5, 0xA9, 0x2B, 0x56,
    0x25, 0x83, 0xA1, 0xE0, 0x8D, 0xA8, 0x3A, 0xF6, 0xE3, 0x85, 0x35, 0x13, 0x27, 0x95, 0xE5, 0xB4,
    0x76, 0xE5, 0xAE, 0xE6, 0x9F, 0x6F, 0x0D, 0x86, 0xDB, 0xD8, 0xE4, 0x3A, 0x2D, 0xCB, 0xC7, 0x93,
    0xD8, 0xFF, 0xD5, 0x65, 0x74, 0x1E, 0xB4, 0x87, 0x2F, 0x68, 0x7F, 0xAC, 0x63, 0xDE, 0xBA, 0xAD,
    0x0E, 0x2C, 0x16, 0x67, 0x35, 0x68, 0x12, 0x74, 0x98, 0x64, 0x88, 0x1B, 0x52, 0x9A, 0x20, 0x23,
    0x5C, 0xEC, 0x3F, 0x3D, 0x47, 0x35, 0xF5, 0x18, 0x57, 0xA2, 0x7E, 0xC0, 0xDE, 0x25, 0xF7, 0x8D,
    0xCC, 0xE2, 0x46, 0x23, 0x53, 0xCD, 0xCC, 0x6E, 0x9F, 0x0A, 0x94, 0x66, 0x58, 0xEF, 0x04, 0x06,
    0xB8, 0x34, 0x94, 0x2B, 0x7E, 0xBB, 0xE0, 0x7A, 0x3F, 0x53, 0x19, 0x37, 0x59, 0xEA, 0x61, 0x6E,
    0x49, 0xD5, 0xD6, 0x98, 0xD9, 0x51, 0xAE, 0xF8, 0xC4, 0x01, 0x60, 0x2F, 0x45, 0x40, 0x24, 0xC4,
    0x6A, 0x6F, 0xF3, 0x3D, 0x68, 0x72, 0x53, 0xC6, 0xD0, 0x71, 0x0C, 0x1B, 0x85, 0x3D, 0xBE, 0x21,
    0x54, 0xF0, 0xED, 0xF5, 0x5C, 0x7B, 0x4B, 0x5F, 0xF2, 0x44, 0xC1, 0x35, 0x5E, 0xC7, 0xEF, 0xC4,
    0x3E, 0xD7, 0x68, 0x4B, 0x7F, 0xD7, 0x31, 0x1C, 0x16, 0x43, 0x43, 0xF5, 0x37, 0x4B, 0xCC, 0x0F,
    0xC7, 0xA8, 0xDB, 0xE9, 0xAC, 0xC6, 0x42, 0xEF, 0x89, 0x75, 0x6F, 0x49, 0xEC, 0xCC, 0x36, 0x58,
    0x9F, 0xC6, 0x3F, 0x65, 0xF5, 0x86, 0x50, 0xDE, 0xE7, 0xE1, 0x57, 0x2C, 0x45, 0xDF, 0x89, 0xD9,
    0xBD, 0xA0, 0x5F, 0x01, 0xB5, 0x87, 0x85, 0x64, 0x66, 0xDD, 0xDB, 0xD3, 0xE5, 0x5A, 0x9D, 0x3B,
    0x31, 0x22, 0x61, 0x47, 0x80, 0x85, 0x88, 0x52, 0xEC, 0x39, 0x10, 0x7A, 0x86, 0x3F, 0x25, 0x4A,
    0xE1, 0x13, 0x4F, 0x8D, 0x42, 0xA8, 0xB5, 0xF8, 0xF7, 0xA5, 0xA6, 0x3F, 0x1C, 0xD8, 0xC4, 0xBA,
    0x93, 0xEB, 0xD7, 0xF8, 0xB4, 0x01, 0x3E, 0xE0, 0x18, 0x06, 0xB6, 0xC8, 0x91, 0xD7, 0x06, 0x41,
    0x4E, 0x38, 0x1C, 0xB0, 0xAC, 0x46, 0xE0, 0xD8, 0x04, 0xE1, 0x63, 0x00, 0x8E, 0x4D, 0xE0, 0x33,
    0x63, 0x01, 0x13, 0x58, 0xF2, 0x5F, 0x8C, 0x00, 0x97, 0xC9, 0xE2, 0x3F, 0x1A, 0xF9, 0x38, 0xD5,
    0xE2, 0x7F, 0x34, 0xE9, 0x49, 0xB7, 0x66, 0xF7, 0x54, 0x0F, 0xFD, 0xAC, 0x3B, 0x16, 0x6D, 0x1B,
    0x86, 0xD0, 0x31, 0x8E, 0x83, 0x1E, 0x56, 0x48, 0x62, 0x03, 0x23, 0x89, 0x0F, 0x3E, 0x58, 0x99,
    0x72, 0xFD, 0x5C, 0xD1, 0x31, 0xEE, 0xD6, 0x19, 0x48, 0x0B, 0xAB, 0x6B, 0x10, 0x04, 0xC0, 0xAE,
    0x1E, 0x0D, 0x59, 0xAD, 0x5F, 0x68, 0x0F, 0x3C, 0xC4, 0xE3, 0xFE, 0x36, 0xC6, 0x73, 0xD5, 0x87,
    0xCD, 0xE7, 0x13, 0x56, 0x63, 0x0B, 0x61, 0x61, 0x20, 0x42, 0xF0, 0xEE, 0xD9, 0x28, 0x1D, 0x74,
    0xE8, 0xB3, 0x65, 0x9C, 0xE8, 0x95, 0xB5, 0x3B, 0x51, 0x54, 0x14, 0x5D, 0x62, 0x27, 0x66, 0xEC,
    0x5C, 0xD1, 0x6B, 0xA8, 0x4C, 0xE2, 0xF0, 0x81, 0x35, 0x48, 0x3E, 0xB0, 0x1E, 0xC8, 0x46, 0x56,
    0x02, 0xD9, 0x64, 0xA9, 0x5C, 0xBD, 0xEF, 0x78, 0x58, 0x38, 0xC5, 0x04, 0x46, 0xA6, 0x85, 0x7C,
    0xAE, 0xF5, 0xD4, 0x8E, 0x88, 0x25, 0x3D, 0x9E, 0x7C, 0x3C, 0xD0, 0x8D, 0x56, 0xA8, 0xCA, 0xF7,
    0xED, 0x39, 0x88, 0xFD, 0x41, 0x35, 0x2B, 0x3B, 0x76, 0xBC, 0x5A, 0x91, 0x64, 0x7D, 0x08, 0x6D,
    0x33, 0x91, 0x24, 0xFD, 0xF1, 0x99, 0x02, 0x83, 0x61, 0x87, 0xE7, 0x04, 0xE2, 0x93, 0x25, 0xCC,
    0x5D, 0xDF, 0x64, 0xCB, 0xE2, 0x03, 0x7C, 0x7E, 0xAE, 0x67, 0x1E, 0x96, 0x03, 0xF0, 0x93, 0xF6,
    0xD9, 0xB8, 0xE8, 0x05, 0xD5, 0xB3, 0xB5, 0x34, 0x0B, 0xEF, 0x5F, 0xAC, 0x7C, 0x9A, 0xE3, 0xF3,
    0x58, 0xDC, 0x02, 0x83, 0x20, 0xB1, 0x93, 0x1C, 0x75, 0xB0, 0x47, 0x1B, 0x76, 0xA7, 0x55, 0x4F,
    0xAC, 0x7C, 0xB2, 0x1B, 0x95, 0x8F, 0xAE, 0xA5, 0x14, 0xAA, 0x91, 0xA2, 0x1E, 0x99, 0x9E, 0x61,
    0x35, 0x7C, 0xB3, 0x86, 0xB3, 0x87, 0xED, 0xF8, 0x5E, 0xF9, 0x3C, 0x12, 0x0A, 0xB4, 0xAD, 0xDE,
    0xF6, 0x34, 0x66, 0x72, 0x78, 0x1A, 0x53, 0x4F, 0x9A, 0x65, 0x3D, 0xDF, 0x79, 0xC7, 0x73, 0xEA,
    0xC2, 0x1E, 0x42, 0x6B, 0xAF, 0xCD, 0xC4, 0x87, 0x2E, 0x8B, 0x4B, 0xB3, 0x74, 0x9A, 0xFC, 0xEF,
    0x84, 0xE3, 0x83, 0x67, 0x7A, 0xA8, 0xEC, 0x25, 0xA5, 0x9B, 0xAE, 0x35, 0x3E, 0x9E, 0xD7, 0x18,
    0xB3, 0x14, 0xAC, 0x59, 0xC1, 0x2D, 0xB5, 0xE8, 0xA9, 0x8C, 0xD8, 0x90, 0x73, 0xEA, 0xC7, 0xD3,
    0xCC, 0x3F, 0x20, 0xEA, 0xFB, 0x3B, 0x95, 0x43, 0x5D, 0x56, 0x02, 0xB5, 0x37, 0x7A, 0x58, 0xC8,
    0xFD, 0x80, 0xAD, 0x93, 0x57, 0x38, 0xD3, 0xFF, 0x02, 0xD5, 0x5B, 0x3D, 0xB0, 0xE7, 0x54, 0x15,
    0xBF, 0x49, 0xF6, 0x6D, 0x84, 0x38, 0x86, 0x82, 0xC7, 0x38, 0xCB, 0x68, 0x28, 0x28, 0x9C, 0xF5,
    0x23, 0x14, 0x16, 0x14, 0xC2, 0x0D, 0x6C, 0x41, 0x61, 0xE1, 0x16, 0xBB, 0x14, 0x50, 0x68, 0xA1,
    0x33, 0xB2, 0xCD, 0x5A, 0x58, 0x2A, 0x89, 0x6C, 0x41, 0xBB, 0x85, 0xD8, 0x58, 0xB8, 0x05, 0x3A,
    0xF0, 0x28, 0xB0, 0xB0, 0xA0, 0x58, 0xB8, 0x61, 0x99, 0xB1, 0xD0, 0x82, 0x00, 0x33, 0x36, 0x14,
    0x64, 0x46, 0x70, 0x1C, 0x29, 0x36, 0x60, 0x70, 0xB3, 0x6B, 0x92, 0xE3, 0xEF, 0x77, 0x6E, 0xF2,
    0xFF, 0xBF, 0xB7, 0x38, 0x23, 0x1F, 0xB3, 0x6F, 0x9E, 0xFF, 0x49, 0x4E, 0xB2, 0x2F, 0xC9, 0xBD,
    0xE7, 0x9E, 0x7B, 0x3E, 0x7E, 0xE7, 0xDC, 0xBB, 0xC6, 0x18, 0x23, 0x26, 0x94, 0x2A, 0xE2, 0x51,
    0x98, 0xD9, 0x6C, 0x7E, 0xC1, 0x73, 0x26, 0x1A, 0x78, 0xC4, 0xBD, 0x49, 0x7A, 0x93, 0x76, 0xCB,
    0x91, 0x75, 0x26, 0xEF, 0x8C, 0x6D, 0x97, 0xA3, 0x6C, 0x8C, 0xC3, 0x51, 0xE3, 0x8B, 0x27, 0x70,
    0x4E, 0x38, 0x47, 0x7F, 0x86, 0xB8, 0xCF, 0x65, 0x08, 0x44, 0xC6, 0x18, 0x67, 0x3A, 0x05, 0x83,
    0xED, 0xC2, 0x1E, 0xDF, 0x9C, 0xE6, 0xEB, 0xC2, 0xB3, 0xDA, 0x77, 0xE2, 0xDF, 0xAE, 0x8D, 0x6B,
    0x2B, 0xD2, 0xE4, 0x22, 0x75, 0x2C, 0xF8, 0xBE, 0xC4, 0x03, 0x8B, 0xE6, 0x4A, 0x9C, 0x0E, 0xE7,
    0xCF, 0xC9, 0x59, 0x22, 0xEF, 0xF2, 0x9F, 0x82, 0xAF, 0x42, 0x11, 0x70, 0x8D, 0xE6, 0xC5, 0x98,
    0x74, 0xE6, 0x6B, 0xE9, 0x48, 0x9A, 0x0D, 0xE6, 0x49, 0xF4, 0xDE, 0xF3, 0x75, 0x70, 0x8B, 0x9F,
    0x25, 0x0D, 0x9D, 0x8C, 0xFC, 0x9E, 0x34, 0x55, 0x1A, 0x94, 0x1F, 0x9D, 0x5E, 0x9F, 0xAE, 0xB4,
    0x55, 0xDA, 0x04, 0xF8, 0xDA, 0xD5, 0x51, 0x4F, 0xF6, 0xA2, 0x0E, 0x5D, 0xED, 0xBD, 0x88, 0xA1,
    0xA3, 0xAB, 0xCE, 0x94, 0xA0, 0x2D, 0x39, 0x00, 0x35, 0x05, 0x85, 0x85, 0xEB, 0x1F, 0xE2, 0xE1,
    0xE4, 0x29, 0x0E, 0x55, 0x06, 0xB2, 0xD5, 0x18, 0xF9, 0x1B, 0x78, 0x13, 0x8C, 0x21, 0x98, 0x8D,
    0xAD, 0xA2, 0xD1, 0x93, 0x92, 0xC4, 0x15, 0x20, 0x14, 0x7C, 0x3C, 0x93, 0x1D, 0x29, 0x30, 0x6A,
    0xA9, 0xCB, 0xA7, 0x67, 0x5B, 0x7F, 0x13, 0xAC, 0xF9, 0x19, 0xD8, 0x3D, 0x77, 0x71, 0x77, 0xAF,
    0x42, 0x4B, 0x4E, 0x6A, 0x3C, 0x75, 0x52, 0x9D, 0x9F, 0x4D, 0x3E, 0x71, 0x88, 0x98, 0x87, 0x64,
    0x22, 0xA7, 0x11, 0x06, 0x5D, 0x9B, 0x48, 0xD0, 0x98, 0x09, 0x24, 0xE4, 0xFC, 0xC9, 0x05, 0x4E,
    0x80, 0xBC, 0xCE, 0xC1, 0x94, 0x57, 0xC1, 0x98, 0x55, 0x21, 0x59, 0x15, 0xD2, 0xEE, 0xD9, 0xB3,
    0x67, 0xD7, 0x19, 0x2E, 0xF5, 0x2F, 0x18, 0x05, 0xBE, 0xDA, 0x2D, 0xAF, 0x9F, 0x39, 0x28, 0xAB,
    0x88, 0x0F, 0xC9, 0x9C, 0x51, 0x59, 0x2D, 0xDF, 0xD8, 0x8A, 0x47, 0x59, 0x50, 0xC8, 0x8E, 0xBA,
    0xC3, 0x63, 0xE6, 0xBC, 0x07, 0xA3, 0x09, 0xF5, 0x08, 0x9E, 0x35, 0x37, 0xFD, 0xA8, 0x38, 0x2D,
    0x8F, 0xAC, 0x31, 0x79, 0xCD, 0xC3, 0xFA, 0x03, 0x8D, 0xAD, 0x2D, 0x9D, 0xE3, 0x8B, 0xEE, 0xBA,
    0xF6, 0x58, 0x53, 0xCC, 0x78, 0x3C, 0xE0, 0x4D, 0x57, 0x67, 0x24, 0xB7, 0x17, 0x5E, 0xC7, 0xA0,
    0x6E, 0x60, 0x62, 0x50, 0x9E, 0x0A, 0x0E, 0xAD, 0xC5, 0xB0, 0xDD, 0x68, 0xA2, 0x31, 0x83, 0x24,
    0x7B, 0x08, 0x22, 0xED, 0x03, 0x90, 0x01, 0x7C, 0xA5, 0x23, 0xEE, 0x62, 0x39, 0x35, 0x51, 0x4D,
    0x38, 0x99, 0x54, 0x31, 0xFD, 0x2C, 0x14, 0x6D, 0xAB, 0xF5, 0x63, 0x3D, 0xA9, 0x0A, 0xAD, 0xFA,
    0x1C, 0xE0, 0x41, 0x49, 0xC5, 0x72, 0x14, 0x4A, 0x2E, 0xED, 0x32, 0x82, 0x6F, 0x99, 0x97, 0xDC,
    0x53, 0xB3, 0x5C, 0xE0, 0xE1, 0x30, 0x46, 0x73, 0x07, 0x9E, 0xCE, 0x50, 0x4E, 0xEA, 0x1E, 0xC5,
    0x4D, 0xE9, 0x7A, 0x45, 0x76, 0x1D, 0x98, 0xC1, 0x30, 0x06, 0x0C, 0x3B, 0x78, 0x16, 0x46, 0x90,
    0xD5, 0xB9, 0x34, 0x82, 0xC1, 0x42, 0x5B, 0x6C, 0x61, 0x43, 0x79, 0xA4, 0xB5, 0x75, 0x19, 0x8D,
    0x51, 0x9B, 0xD5, 0x2E, 0xC6, 0x50, 0xD2, 0x7A, 0x86, 0x8D, 0xF1, 0x92, 0xF8, 0x8B, 0xFF, 0xA3,
    0x63, 0x33, 0x19, 0xDE, 0x9C, 0x4C, 0x9D, 0xD7, 0xF6, 0x21, 0x28, 0x9E, 0xAD, 0x2C, 0xD4, 0xA0,
    0x71, 0x26, 0x6B, 0x31, 0xDC, 0x99, 0x9D, 0xB0, 0x33, 0x8C, 0x5A, 0x67, 0x4E, 0xAE, 0x3F, 0xC6,
    0x81, 0xE5, 0x3A, 0xA3, 0x1C, 0xB4, 0xB2, 0xBF, 0xF3, 0x4B, 0x35, 0x9A, 0xF9, 0x39, 0x0C, 0x6A,
    0xC4, 0xAC, 0x8E, 0xC9, 0x98, 0x0C, 0x69, 0x97, 0x0E, 0x79, 0x9B, 0xF6, 0xB6, 0x49, 0x3B, 0x5B,
    0x67, 0x38, 0x2D, 0x4E, 0xD7, 0xDA, 0x7F, 0x49, 0x9B, 0xCB, 0xD5, 0x31, 0x95, 0x7C, 0x0C, 0x9E,
    0x3D, 0x71, 0x46, 0xF5, 0xF0, 0xEC, 0xD9, 0xD3, 0xD0, 0x92, 0x9E, 0xAA, 0xAF, 0xEA, 0xCF, 0x5F,
    0x66, 0x7E, 0x66, 0xCA, 0x5F, 0xCC, 0x81, 0xC4, 0x63, 0x3C, 0x66, 0x5D, 0xD6, 0x95, 0x4D, 0xD9,
    0x48, 0x05, 0x29, 0x19, 0x39, 0x35, 0x1B, 0x77, 0x05, 0x23, 0x6E, 0xA4, 0x60, 0xCB, 0x49, 0x9F,
    0x37, 0xD1, 0x08, 0x69, 0x74, 0x51, 0x6D, 0x8A, 0x40, 0x75, 0xD0, 0x2B, 0xFC, 0x86, 0x50, 0x92,
    0xB4, 0x75, 0x18, 0xC6, 0x62, 0xE9, 0x46, 0x36, 0x44, 0x9D, 0xD2, 0x99, 0x55, 0x99, 0x42, 0xE1,
    0xEC, 0xE7, 0x5E, 0xDC, 0x68, 0xDF, 0xC0, 0x42, 0xA1, 0x7B, 0xE9, 0x9F, 0xF6, 0xAA, 0x27, 0x4D,
    0xF6, 0x3D, 0x19, 0x72, 0x63, 0xA3, 0x8F, 0xC6, 0xB4, 0x7A, 0x30, 0xEA, 0x2E, 0xA7, 0xF5, 0x03,
    0x51, 0x37, 0x26, 0xF5, 0xCF, 0x22, 0xE9, 0x95, 0xB6, 0x09, 0xFE, 0xF2, 0x01, 0xEE, 0xF1, 0x14,
    0xEF, 0xD8, 0x64, 0x78, 0x32, 0xC3, 0x57, 0xA3, 0xB5, 0x26, 0x6D, 0xE8, 0xB6, 0xBC, 0xC3, 0x33,
    0xF2, 0x0C, 0xBC, 0x1A, 0x7A, 0x61, 0xDF, 0x81, 0xBB, 0x48, 0x21, 0x9C, 0xB1, 0x32, 0xEA, 0x31,
    0x98, 0xF3, 0x70, 0x96, 0x7D, 0x2A, 0x63, 0x5E, 0x4F, 0xB6, 0x78, 0xC5, 0x9A, 0x57, 0x4A, 0x33,
    0xD9, 0x70, 0xB4, 0x57, 0x87, 0x4C, 0x5A, 0xFA, 0x51, 0x73, 0x82, 0x83, 0xC9, 0xA9, 0x65, 0xB6,
    0xF6, 0x66, 0xB3, 0x10, 0x98, 0x4E, 0x44, 0x21, 0x92, 0xB4, 0x74, 0x16, 0xED, 0xF1, 0x3D, 0xD9,
    0xAB, 0x96, 0x51, 0xD2, 0x7D, 0x06, 0xD4, 0x27, 0xEA, 0x98, 0xEA, 0x91, 0x09, 0xD6, 0x91, 0x9F,
    0xDC, 0xDB, 0xDB, 0xF3, 0x56, 0xBC, 0x12, 0x7C, 0x72, 0xEE, 0x62, 0x02, 0xD7, 0x2A, 0x92, 0xFE,
    0x4D, 0xD2, 0x5A, 0x76, 0xA0, 0xF0, 0x50, 0x17, 0xA8, 0x05, 0xD4, 0x41, 0x2A, 0x38, 0x17, 0xB8,
    0xC0, 0x52, 0x46, 0xC7, 0x63, 0xC0, 0xCB, 0xB0, 0xAE, 0x49, 0xAD, 0x39, 0x7D, 0x15, 0x67, 0x25,
    0x5E, 0xC4, 0x2F, 0xC0, 0x68, 0xA1, 0x2B, 0x2A, 0xD9, 0x68, 0xF1, 0xDC, 0x74, 0x57, 0x2F, 0xC2,
    0x51, 0x61, 0xBA, 0xE1, 0x78, 0x4C, 0x40, 0x2F, 0x19, 0x16, 0x50, 0x4B, 0x98, 0x4D, 0x28, 0x5D,
    0x2A, 0x15, 0xAC, 0x10, 0x03, 0xBC, 0x8D, 0x26, 0x55, 0xC7, 0x53, 0x26, 0x75, 0x32, 0x66, 0x52,
    0xA5, 0x63, 0x28, 0x05, 0x09, 0x6C, 0x50, 0x09, 0x94, 0x33, 0xA3, 0x5D, 0xE6, 0x1D, 0x7C, 0x95,
    0xED, 0x62, 0xB8, 0xAD, 0x2E, 0x51, 0x82, 0xD6, 0x5B, 0xF8, 0x32, 0x69, 0x52, 0xA8, 0x65, 0x9D,
    0xCA, 0x79, 0x12, 0x18, 0x73, 0x26, 0x73, 0x39, 0xE6, 0xD2, 0xBB, 0xD1, 0xFE, 0xB1, 0x58, 0x05,
    0xB8, 0x21, 0x25, 0x89, 0x3B, 0x48, 0xCC, 0x71, 0xCA, 0x06, 0x52, 0x11, 0x4A, 0x54, 0xD0, 0x8A,
    0xF4, 0x98, 0x27, 0x98, 0x19, 0x89, 0xC3, 0x3F, 0xE0, 0x40, 0xBB, 0x12, 0x16, 0xD8, 0xB9, 0xC2,
    0x91, 0x94, 0xD2, 0x52, 0x84, 0x20, 0x29, 0x8D, 0x33, 0x94, 0x57, 0x21, 0x4C, 0x7B, 0x45, 0x09,
    0x46, 0x6F, 0x5F, 0x83, 0x18, 0x4A, 0x3A, 0x52, 0x77, 0x0A, 0x44, 0xA0, 0x15, 0x46, 0x68, 0x96,
    0x42, 0x13, 0x15, 0x38, 0xB4, 0x60, 0x06, 0x09, 0x95, 0x4C, 0x20, 0xB0, 0x01, 0xC4, 0xC2, 0x31,
    0x47, 0x28, 0x84, 0x56, 0x98, 0x92, 0xAE, 0x2B, 0x69, 0x60, 0x53, 0xBD, 0xED, 0xF2, 0x76, 0xC7,
    0x44, 0xAA, 0xA7, 0x31, 0xFD, 0x11, 0x5D, 0xDF, 0xBD, 0x64, 0xCD, 0x60, 0x2E, 0x4E, 0x40, 0xB5,
    0x76, 0xE0, 0x03, 0x6B, 0x48, 0x20, 0x97, 0x2A, 0x93, 0xE2, 0x8B, 0xEE, 0xA0, 0x67, 0x9D, 0x4D,
    0x30, 0x19, 0xCC, 0xA4, 0x63, 0x04, 0xA8, 0xCD, 0x71, 0x4C, 0x86, 0xC5, 0xA4, 0xC0, 0x8E, 0xA3,
    0x39, 0x82, 0xED, 0x45, 0x13, 0x64, 0x0C, 0x3E, 0x70, 0xED, 0x68, 0x65, 0xF1, 0x48, 0xDB, 0x4E,
    0xC7, 0xBC, 0x83, 0x2C, 0xEA, 0x80, 0x9E, 0xFB, 0xC4, 0x25, 0xB3, 0xD8, 0x31, 0xCD, 0x8E, 0x06,
    0x87, 0xDE, 0xE9, 0x29, 0x02, 0x13, 0xD5, 0xA9, 0xA1, 0x07, 0x88, 0x87, 0xAC, 0xC5, 0xD7, 0x3D,
    0x22, 0x12, 0x66, 0xE4, 0x82, 0x37, 0x60, 0x18, 0x33, 0xFE, 0x3D, 0xC5, 0x53, 0xDA, 0xD3, 0x53,
    0xD0, 0x9E, 0xDD, 0xC3, 0x93, 0x79, 0xC0, 0x30, 0xAE, 0xDE, 0xA1, 0x8C, 0x93, 0x55, 0xDB, 0x90,
    0x45, 0xFA, 0x54, 0x88, 0x09, 0xCA, 0xA0, 0xFE, 0x9E, 0x4E, 0xBC, 0x31, 0xB7, 0x31, 0x58, 0x54,
    0xAA, 0xFA, 0xA2, 0xCA, 0xAF, 0x2A, 0xED, 0xD4, 0xC4, 0x70, 0x49, 0xDB, 0x13, 0xA7, 0xF1, 0x00,
    0xC2, 0xC0, 0x80, 0x60, 0xFB, 0xD2, 0x1D, 0x97, 0x87, 0xE6, 0x08, 0x8E, 0x4E, 0xFE, 0x3A, 0xA6,
    0x57, 0x5B, 0x2B, 0x6F, 0x77, 0xF9, 0x6F, 0xE0, 0xC5, 0xB2, 0xA6, 0x44, 0x6B, 0x78, 0x91, 0xC2,
    0xC5, 0x74, 0x60, 0x42, 0x21, 0xF7, 0xE4, 0x86, 0x7B, 0xD7, 0xC4, 0x03, 0x22, 0x06, 0x9D, 0x6D,
    0x42, 0x27, 0xCF, 0xC7, 0xF0, 0x21, 0x65, 0xB1, 0x0A, 0x91, 0xE7, 0x62, 0x41, 0x1F, 0x67, 0x77,
    0xFC, 0x5F, 0xEC, 0x86, 0x07, 0xD9, 0xFD, 0x60, 0x8F, 0x0F, 0xEC, 0x3B, 0xC2, 0xF0, 0xE2, 0xBE,
    0x2F, 0x23, 0xD9, 0xCD, 0x7F, 0x3D, 0x91, 0xDD, 0x3C, 0x9A, 0xC8, 0xEE, 0x8E, 0x7A, 0xED, 0x56,
    0x5D, 0x33, 0x98, 0xCC, 0x3A, 0xE5, 0xA0, 0x24, 0xBB, 0xE8, 0xD3, 0xA8, 0x88, 0x46, 0x0D, 0x89,
    0x0C, 0x3F, 0x60, 0x57, 0xF1, 0x44, 0xA5, 0x17, 0x81, 0x19, 0xE2, 0xB2, 0xB0, 0x7B, 0xE2, 0x59,
    0x7D, 0x3B, 0x64, 0xF0, 0xC6, 0xEB, 0x91, 0x78, 0x1E, 0xA3, 0x0E, 0x2A, 0x8F, 0x0F, 0xA2, 0x06,
    0xCD, 0xAB, 0x7F, 0x54, 0x44, 0x61, 0xCC, 0xD7, 0x65, 0xE1, 0x73, 0x60, 0xA8, 0xC5, 0x75, 0xF6,
    0x06, 0x13, 0x50, 0xB2, 0xBF, 0xA5, 0x24, 0x02, 0x88, 0x96, 0x5E, 0x33, 0x1A, 0x13, 0xD8, 0xE8,
    0x0B, 0x50, 0xE3, 0x8C, 0xC8, 0x63, 0xCC, 0x1A, 0x2B, 0x0C, 0x76, 0x10, 0xAF, 0x4A, 0x0B, 0xF2,
    0x65, 0xC3, 0x10, 0x70, 0x4B, 0xAF, 0x04, 0xDD, 0xA0, 0x75, 0x50, 0x4F, 0xDE, 0xE7, 0xF7, 0xB9,
    0x6A, 0x10, 0xC5, 0xE3, 0xAF, 0xE2, 0xBD, 0xC6, 0x7A, 0xD2, 0x42, 0x68, 0x2A, 0x3B, 0xA7, 0xF7,
    0x41, 0x00, 0x72, 0x02, 0x48, 0x64, 0x18, 0x92, 0xF4, 0xDB, 0xEA, 0x20, 0x44, 0x38, 0xBF, 0xB8,
    0x7D, 0x31, 0x2A, 0x25, 0x8A, 0xA8, 0xEC, 0x71, 0xDB, 0x10, 0xD6, 0x99, 0x7C, 0xF0, 0xB0, 0x8C,
    0x3E, 0xD9, 0xB5, 0x01, 0x86, 0xE6, 0xD8, 0x77, 0xE5, 0x71, 0xE2, 0xF5, 0xB5, 0x91, 0xFB, 0x94,
    0xBE, 0xA2, 0x54, 0x63, 0x5F, 0x40, 0x0C, 0x49, 0x37, 0x5E, 0xE9, 0x3F, 0xB4, 0xCF, 0x64, 0xDB,
    0xE9, 0x09, 0x45, 0x2A, 0x8A, 0x26, 0x60, 0xB6, 0xFA, 0x95, 0xFA, 0x5E, 0xA5, 0x91, 0x7E, 0x9B,
    0x5C, 0xD3, 0x91, 0xFF, 0x93, 0x34, 0x7F, 0x93, 0x52, 0xB1, 0x57, 0x54, 0xAB, 0x1E, 0xF2, 0xBA,
    0x85, 0xB9, 0x81, 0x5B, 0x43, 0xCB, 0x34, 0x9B, 0x9A, 0xAE, 0x15, 0x34, 0x53, 0x6A, 0x15, 0x04,
    0x7A, 0xA8, 0x88, 0x17, 0xCA, 0x16, 0x13, 0x01, 0xB7, 0x17, 0x29, 0x05, 0x24, 0x40, 0x07, 0x96,
    0x21, 0x60, 0xB6, 0xD2, 0x24, 0x9E, 0xD1, 0xA8, 0x30, 0x6B, 0xD8, 0xF0, 0x10, 0x25, 0xA3, 0xCC,
    0x8C, 0x46, 0x21, 0xE3, 0xD9, 0xFF, 0xA9, 0x39, 0xC2, 0xFC, 0xAB, 0xE6, 0xC6, 0x8B, 0xCC, 0x35,
    0x92, 0x73, 0x14, 0x91, 0xC0, 0xBC, 0xA1, 0x9B, 0x54, 0x8C, 0xA8, 0x32, 0xED, 0x91, 0xE5, 0xFF,
    0xA4, 0xB9, 0x87, 0x8D, 0xBE, 0x37, 0x2A, 0xFA, 0xED, 0x15, 0xDC, 0x81, 0xF3, 0xA8, 0x76, 0x37,
    0x69, 0xEB, 0x91, 0xE3, 0xFC, 0xA5, 0x10, 0x52, 0x45, 0x04, 0xA0, 0x84, 0xE7, 0x74, 0x58, 0xEF,
    0xC3, 0x31, 0xE9, 0x8E, 0x38, 0xE7, 0x5E, 0x67, 0x12, 0x75, 0x64, 0xD6, 0xC3, 0xF2, 0x94, 0xF4,
    0xE5, 0x84, 0xF4, 0xB2, 0xDE, 0x3B, 0xF5, 0x16, 0x56, 0xDF, 0x49, 0xFA, 0xA3, 0x38, 0x8A, 0x47,
    0x81, 0x3F, 0xF6, 0x34, 0xB1, 0x10, 0x8F, 0x66, 0xFD, 0x8D, 0x37, 0x81, 0xE5, 0xC6, 0xBE, 0x33,
    0x6A, 0x2E, 0x6B, 0xDC, 0xEB, 0xCB, 0x8D, 0x60, 0xA6, 0x4E, 0x92, 0xE1, 0x39, 0xD3, 0x51, 0x81,
    0x15, 0x9F, 0x80, 0x21, 0x89, 0xF1, 0xB9, 0x28, 0x50, 0x93, 0x5D, 0xBE, 0xA6, 0xD3, 0xAD, 0xD4,
    0x0D, 0xF8, 0xBF, 0x80, 0xA7, 0x52, 0xD3, 0xB2, 0x48, 0xB9, 0xF5, 0xB9, 0x9A, 0x0A, 0x70, 0x19,
    0x0B, 0x3F, 0xFA, 0xE8, 0x2C, 0x6E, 0x4E, 0x2B, 0x4A, 0x42, 0x12, 0xAB, 0xA9, 0x6C, 0xB0, 0x64,
    0xB3, 0x38, 0xFE, 0xA1, 0x09, 0x6D, 0x93, 0x29, 0xA8, 0xC7, 0x88, 0xAC, 0x8E, 0x18, 0x83, 0xF2,
    0x37, 0xC6, 0xDC, 0x3D, 0x17, 0x1C, 0x89, 0x42, 0xC6, 0x05, 0x76, 0x22, 0xB9, 0x45, 0x14, 0xA9,
    0xCD, 0x04, 0x2C, 0x63, 0x46, 0x3A, 0xE7, 0x91, 0xCE, 0x5A, 0x5D, 0xB4, 0xB1, 0xFD, 0x9A, 0x3D,
    0x2A, 0x29, 0x0F, 0x12, 0xFF, 0x40, 0x5F, 0x41, 0xA2, 0x68, 0x90, 0xC1, 0x64, 0x55, 0x2A, 0xEF,
    0x4B, 0xCD, 0x11, 0x10, 0xA9, 0xAC, 0x29, 0x17, 0x19, 0x5D, 0xC8, 0x36, 0x5B, 0xA3, 0x57, 0xBC,
    0x93, 0xC4, 0x52, 0x0C, 0x8E, 0xD3, 0x7A, 0xFC, 0x22, 0x07, 0x79, 0xBB, 0x97, 0x98, 0x8A, 0x20,
    0x1F, 0xBD, 0x1E, 0xF9, 0xCC, 0xAC, 0xDB, 0xA6, 0xFF, 0x41, 0xB3, 0x1A, 0xC0, 0x2E, 0x66, 0xAA,
    0xD2, 0x59, 0xA9, 0x15, 0x31, 0x6A, 0xB2, 0x89, 0x0F, 0x52, 0xE6, 0xE7, 0x4A, 0x0B, 0x52, 0xCC,
    0x4B, 0xAA, 0xEA, 0x95, 0x29, 0xF5, 0xA5, 0x04, 0x3F, 0x05, 0x3E, 0xEA, 0x6D, 0xEE, 0x8B, 0x25,
    0x93, 0xD4, 0xE8, 0xB4, 0x02, 0x52, 0xBC, 0x71, 0x86, 0x34, 0x1C, 0x8C, 0x97, 0x7C, 0x20, 0xFF,
    0x78, 0xA1, 0x5F, 0xCA, 0x07, 0x76, 0x1F, 0xE5, 0x4F, 0xE1, 0x59, 0xDC, 0x6D, 0x54, 0xDA, 0xAB,
    0x71, 0xA6, 0xA3, 0xF0, 0x9A, 0xF1, 0xA5, 0xAD, 0x01, 0x1F, 0x3D, 0xFE, 0x77, 0xCD, 0xF2, 0x05,
    0xE7, 0xAB, 0x55, 0xCE, 0xD9, 0xA7, 0x7B, 0x7F, 0xD6, 0xE4, 0x4D, 0x34, 0x6A, 0x7D, 0xE3, 0xC8,
    0xF2, 0xCF, 0x4C, 0x16, 0x4D, 0xBC, 0x4A, 0x3E, 0xDD, 0x95, 0x2D, 0xB5, 0x05, 0x2D, 0xFB, 0x18,
    0x81, 0xEE, 0xD1, 0xE4, 0xFC, 0x36, 0xAA, 0x7D, 0xED, 0x75, 0x86, 0x2A, 0xAF, 0x0A, 0x4F, 0x75,
    0x5F, 0x94, 0x7D, 0xF7, 0xDC, 0x25, 0xCD, 0xDF, 0xF8, 0x32, 0xC3, 0xB1, 0xE2, 0xCE, 0xF5, 0x1C,
    0x3C, 0x7F, 0xE4, 0x8E, 0x76, 0xB9, 0x39, 0x5B, 0xCF, 0x93, 0x22, 0xAD, 0xB5, 0x4A, 0xE7, 0x4F,
    0xE2, 0xA7, 0x1C, 0x33, 0x6B, 0x97, 0xD3, 0x2B, 0x2E, 0xD5, 0x16, 0x48, 0x2D, 0xC2, 0x1F, 0x08,
    0xB3, 0xD8, 0xDE, 0xAA, 0xAC, 0xB7, 0xBC, 0xFF, 0x5D, 0x8F, 0x8A, 0xA8, 0x74, 0x54, 0x39, 0xF7,
    0xF6, 0xA4, 0xEA, 0xF6, 0xFB, 0x45, 0xD9, 0x6E, 0x75, 0xFF, 0xB9, 0xB9, 0x8C, 0x14, 0x09, 0x2E,
    0xF1, 0x35, 0x7F, 0x96, 0xC8, 0xDC, 0x57, 0x75, 0xB9, 0xD5, 0x7D, 0xEF, 0x6A, 0xB8, 0xF1, 0xB5,
    0xBB, 0xAD, 0x2E, 0x76, 0xAC, 0x79, 0x39, 0xCD, 0x30, 0xE0, 0x09, 0x59, 0x27, 0x9C, 0xD8, 0x5B,
    0x32, 0xB3, 0xBF, 0x44, 0xAB, 0x01, 0xC9, 0x1C, 0xBA, 0x1B, 0x97, 0x12, 0xF8, 0x70, 0xE9, 0x92,
    0x19, 0x00, 0xA7, 0x4D, 0xE1, 0xCA, 0x99, 0x83, 0xB3, 0xEF, 0x6C, 0x64, 0xEF, 0xF0, 0xE5, 0xE8,
    0x1F, 0x2C, 0x51, 0xD1, 0x49, 0xE9, 0x81, 0xA5, 0x42, 0xD2, 0x00, 0x5D, 0x44, 0x8F, 0xEC, 0xAA,
    0x57, 0x2D, 0xD4, 0x58, 0x39, 0xF8, 0xF2, 0x84, 0x82, 0x27, 0x8F, 0x9E, 0x16, 0xF8, 0xB4, 0xE0,
    0xA7, 0xFF, 0x06, 0xA0, 0x30, 0x80, 0x22, 0x78, 0x94, 0x25, 0x29, 0x00, 0x78, 0x04, 0x60, 0xA9,
    0x13, 0x5C, 0xE0, 0xFD, 0x43, 0x4C, 0x66, 0xCA, 0xA2, 0x43, 0xA1, 0x17, 0xE6, 0x02, 0x9A, 0x6D,
    0xE1, 0xC2, 0x8A, 0xA9, 0xC9, 0xDE, 0x9F, 0x18, 0x8D, 0xF3, 0xBF, 0xCE, 0x01, 0x93, 0xF5, 0xB7,
    0x84, 0xC5, 0x0A, 0x44, 0x76, 0xA6, 0xE9, 0xC8, 0xF2, 0x5F, 0xDB, 0x5E, 0xCA, 0xAA, 0x7C, 0x8B,
    0x09, 0x7C, 0x65, 0xAF, 0x0D, 0x4C, 0x0A, 0xF3, 0x7F, 0x33, 0xFE, 0x41, 0x53, 0xF4, 0xC2, 0xC6,
    0x71, 0x49, 0x70, 0x61, 0xD1, 0x44, 0xA7, 0xA9, 0x8D, 0x34, 0xFC, 0x29, 0x0F, 0xAC, 0x2C, 0x6A,
    0x58, 0x0D, 0x7D, 0x78, 0x51, 0x3B, 0xCD, 0x16, 0x68, 0x5B, 0x6F, 0xEA, 0x50, 0x8B, 0x7F, 0xF6,
    0x2E, 0x5C, 0x7F, 0x77, 0x2F, 0xE1, 0x7F, 0xF0, 0x71, 0x78, 0x2D, 0x0D, 0xCA, 0x10, 0x31, 0xD0,
    0x41, 0x8E, 0x00, 0x0E, 0x48, 0x50, 0x3B, 0x86, 0x4E, 0xDB, 0x51, 0x1F, 0x80, 0x29, 0x94, 0x5A,
    0xD5, 0x07, 0xAF, 0x0D, 0x9E, 0x32, 0x6C, 0x3A, 0xA5, 0xD2, 0x2A, 0xAD, 0x2D, 0x43, 0x37, 0x29,
    0x22, 0x23, 0xDE, 0x4F, 0x85, 0x13, 0x6D, 0x99, 0xC7, 0xFE, 0x0A, 0xE3, 0x4A, 0x34, 0x6E, 0xFB,
    0xA2, 0x38, 0xD0, 0x01, 0x19, 0x0C, 0x7E, 0xB4, 0xF0, 0xF5, 0x13, 0x4D, 0x30, 0x86, 0x4D, 0x94,
    0x0C, 0x34, 0xC8, 0xA4, 0x3A, 0x46, 0xEF, 0xAF, 0x6E, 0x2F, 0xCC, 0x51, 0x1F, 0xC5, 0x8E, 0xD9,
    0x38, 0xCA, 0x50, 0x55, 0x2B, 0xF5, 0xD5, 0xD7, 0x6B, 0xEA, 0xB6, 0x0B, 0x66, 0x90, 0xF7, 0x9B,
    0xAF, 0x1C, 0xF1, 0x51, 0x84, 0x97, 0x8E, 0x93, 0xF3, 0xF9, 0xFB, 0x3E, 0x0A, 0x28, 0x46, 0x64,
    0xA8, 0xFC, 0x4E, 0x32, 0xDC, 0x64, 0x24, 0x47, 0x93, 0xFF, 0xB4, 0x78, 0x50, 0x01, 0xA9, 0x96,
    0x48, 0xDE, 0xD0, 0xC7, 0x7A, 0x6F, 0xAB, 0xF9, 0x60, 0xC0, 0x3C, 0x9A, 0xFC, 0x57, 0xE6, 0x1E,
    0x00, 0xE0, 0x21, 0x1D, 0xA2, 0x29, 0x99, 0xB2, 0x31, 0x12, 0x07, 0x4B, 0x67, 0x55, 0x6D, 0x56,
    0x60, 0xCA, 0xAA, 0x1C, 0xDC, 0x57, 0x91, 0x8E, 0x52, 0x97, 0x1D, 0xAB, 0xE2, 0x59, 0xFB, 0x55,
    0x93, 0x54, 0xC7, 0x4C, 0xB0, 0x7F, 0x6A, 0xD4, 0x1F, 0xB0, 0x3C, 0x74, 0xB7, 0x3C, 0xCD, 0x18,
    0x2D, 0xEA, 0xB7, 0xD6, 0xEC, 0xA1, 0xD6, 0x31, 0x36, 0x21, 0x73, 0x05, 0xE4, 0x0D, 0x05, 0xBC,
    0x4D, 0xC2, 0x12, 0x4B, 0x07, 0x87, 0x5C, 0xDA, 0x1E, 0x6E, 0x76, 0xB2, 0x7D, 0x3E, 0x44, 0x83,
    0xED, 0x6D, 0x9F, 0xB0, 0x97, 0x2E, 0x63, 0x05, 0xBE, 0xB3, 0x86, 0x7D, 0xCE, 0xC6, 0xB5, 0xF6,
    0x43, 0xB8, 0xBD, 0xC6, 0x5E, 0xEB, 0x02, 0x56, 0xEC, 0x20, 0x2E, 0xE0, 0xFE, 0x22, 0xA1, 0xFF,
    0xD2, 0x35, 0x20, 0xF9, 0x1D, 0x86, 0x94, 0x6C, 0xBA, 0x2D, 0x16, 0x47, 0xEC, 0x74, 0x8C, 0x97,
    0x95, 0xC5, 0x63, 0x0B, 0xAB, 0xF7, 0xFA, 0x0A, 0xCC, 0xB6, 0x2C, 0xB2, 0x14, 0x14, 0x32, 0x9F,
    0x24, 0x78, 0xD8, 0x11, 0x17, 0xDB, 0xA8, 0xBD, 0xF3, 0xD8, 0xF3, 0x96, 0x25, 0xDE, 0xB9, 0x24,
    0x9D, 0x10, 0xD7, 0x63, 0x79, 0x37, 0x66, 0xA4, 0xA9, 0x93, 0x89, 0xB1, 0x28, 0x01, 0x7E, 0xA7,
    0x84, 0x98, 0x46, 0xA4, 0xBA, 0xFE, 0xE0, 0x29, 0xA2, 0x0C, 0x2B, 0xBD, 0x3D, 0x33, 0x2B, 0x00,
    0x91, 0x98, 0x05, 0x5F, 0x5D, 0xA8, 0xEA, 0x14, 0x1E, 0x79, 0xDA, 0x1A, 0x1F, 0x6B, 0x10, 0x65,
    0xB8, 0xE4, 0xD2, 0x69, 0xA0, 0x01, 0x9D, 0x1F, 0x5F, 0x12, 0xB0, 0x82, 0xE3, 0x9A, 0xE8, 0xA1,
    0x94, 0x5B, 0xBF, 0x7E, 0x01, 0x61, 0x6B, 0x0C, 0xC9, 0x7C, 0x49, 0x4B, 0xBD, 0x96, 0x2C, 0x65,
    0xAE, 0x0D, 0x82, 0xBA, 0x7F, 0x1B, 0x5E, 0x8E, 0xEA, 0x28, 0x34, 0xDD, 0x8D, 0x66, 0x9F, 0xA6,
    0xE9, 0x82, 0x00, 0x1F, 0x87, 0x72, 0x9E, 0xA9, 0xFB, 0xC0, 0xBA, 0x59, 0x58, 0x03, 0xC1, 0x1C,
    0xED, 0x51, 0x5C, 0x0E, 0x3B, 0xF2, 0x1C, 0x6B, 0xA1, 0x24, 0xDD, 0xD0, 0x60, 0xD4, 0x24, 0xE6,
    0x0E, 0x73, 0xE4, 0x75, 0xC9, 0xE7, 0x8C, 0xA5, 0x2A, 0xBE, 0x4F, 0xAF, 0xBD, 0xA7, 0xF2, 0xD9,
    0x57, 0xB1, 0x31, 0xF0, 0xCD, 0x3A, 0xEC, 0x39, 0xAE, 0xC3, 0x5A, 0x5D, 0x87, 0x05, 0x3D, 0x3F,
    0x33, 0x7B, 0x45, 0xD7, 0xF0, 0xD8, 0xF1, 0xC4, 0x22, 0x6F, 0xA4, 0xC5, 0x56, 0x30, 0x0C, 0xA4,
    0x13, 0x2C, 0x25, 0x06, 0x5D, 0x87, 0x75, 0x7F, 0xD6, 0xC4, 0xF8, 0x6A, 0xB7, 0xA9, 0x6F, 0xF8,
    0x6A, 0x64, 0xAA, 0xD5, 0x0C, 0x4D, 0x9D, 0x57, 0xFA, 0xB1, 0xA4, 0x41, 0xA9, 0xD6, 0x7F, 0x89,
    0xA4, 0x8A, 0x75, 0x35, 0x56, 0xC1, 0xA5, 0x51, 0x78, 0x69, 0x8C, 0x47, 0x58, 0xBE, 0xDA, 0xB6,
    0xB4, 0x33, 0x13, 0x1A, 0xA6, 0x8A, 0xC0, 0x52, 0x1D, 0x7C, 0xA6, 0xBE, 0x37, 0xEF, 0xE3, 0xA5,
    0x8C, 0x01, 0x67, 0xD1, 0x85, 0xDB, 0x92, 0x46, 0x4B, 0x5A, 0xB6, 0x04, 0x37, 0xEE, 0x06, 0xE3,
    0xA9, 0xD3, 0x46, 0xBD, 0xE7, 0x14, 0x5D, 0x6C, 0xDF, 0x57, 0x40, 0xCD, 0x55, 0x48, 0x76, 0x59,
    0xF5, 0x1C, 0x17, 0x19, 0x1D, 0x5B, 0xFC, 0xBD, 0xF2, 0xED, 0xD7, 0x1F, 0x23, 0xDF, 0x40, 0x3A,
    0x6B, 0xFE, 0x8E, 0xB1, 0x68, 0xEE, 0xD3, 0xA9, 0xBF, 0xC1, 0x64, 0x69, 0x15, 0xB8, 0x21, 0x33,
    0xC7, 0xA5, 0x4E, 0x75, 0xAF, 0x40, 0x8D, 0x44, 0x82, 0x17, 0xBF, 0x88, 0xF9, 0x94, 0x5F, 0x01,
    0xBC, 0x20, 0xDA, 0xF5, 0x29, 0xAD, 0x48, 0x4B, 0xE4, 0xAD, 0x45, 0xC1, 0x0B, 0xA5, 0xCD, 0x2A,
    0x8E, 0x28, 0x22, 0xC3, 0x0C, 0xC0, 0xE3, 0x6A, 0xF5, 0x11, 0xEF, 0x24, 0xE3, 0xED, 0x85, 0xE5,
    0x25, 0xAF, 0xCA, 0x06, 0x82, 0xB1, 0x15, 0x6B, 0x3C, 0xA3, 0xA6, 0x5E, 0xE9, 0x60, 0xC9, 0x60,
    0x86, 0x4B, 0x4F, 0x00, 0x17, 0x3C, 0xB1, 0x29, 0x13, 0x2C, 0x5B, 0x00, 0x96, 0xB4, 0xEC, 0xAE,
    0xC5, 0x41, 0x7A, 0x85, 0xF0, 0xE5, 0x2A, 0x23, 0xED, 0xC1, 0x18, 0x7D, 0xDF, 0x66, 0xDD, 0xCE,
    0xAB, 0x10, 0x1F, 0x97, 0xE3, 0xA6, 0xA6, 0xA5, 0x96, 0xFE, 0xE5, 0xF5, 0xE5, 0x1D, 0x1D, 0xC4,
    0x8D, 0x8E, 0x53, 0xD2, 0xA9, 0x9C, 0x43, 0x79, 0xCF, 0x71, 0x1A, 0x2C, 0x70, 0x38, 0xC9, 0x00,
    0xA1, 0xE4, 0x14, 0x92, 0xC2, 0x6F, 0x4F, 0x5A, 0x86, 0x80, 0x96, 0x11, 0xA0, 0x83, 0xB6, 0x22,
    0x50, 0xE2, 0xF5, 0xC9, 0x71, 0xD8, 0x13, 0x8D, 0xEA, 0x23, 0x86, 0x98, 0x2B, 0x68, 0xEF, 0x87,
    0xBE, 0x93, 0xDB, 0x56, 0x77, 0xAF, 0x1C, 0x25, 0x2A, 0xF6, 0x79, 0xE5, 0xDC, 0x6D, 0x23, 0xC2,
    0x61, 0x31, 0xA4, 0x6B, 0x87, 0xE9, 0x52, 0xF7, 0xA1, 0x76, 0xD0, 0x01, 0xEA, 0xBA, 0x4B, 0x0E,
    0xFB, 0x2D, 0xE2, 0x7A, 0xBF, 0x38, 0x0F, 0x83, 0xA1, 0x3B, 0x0D, 0xCB, 0x5A, 0x0F, 0x77, 0x3E,
    0x3F, 0x49, 0xB5, 0xF0, 0xF7, 0x08, 0x26, 0x79, 0xC7, 0xFC, 0xD8, 0x1C, 0x32, 0x2F, 0x61, 0x9B,
    0x54, 0xAC, 0xF6, 0x35, 0xD4, 0xCA, 0x96, 0x77, 0x50, 0xDA, 0x2E, 0x3F, 0x74, 0x91, 0xE8, 0x1C,
    0xE5, 0x93, 0x6A, 0x3B, 0xB7, 0xEF, 0xE4, 0x85, 0x09, 0x06, 0x90, 0xB0, 0x87, 0x22, 0x05, 0x93,
    0x5B, 0x2B, 0xAC, 0x79, 0x7B, 0x98, 0x5C, 0x1D, 0xD3, 0xDD, 0x35, 0xE7, 0x01, 0xF8, 0xA4, 0x80,
    0x3B, 0xB9, 0x26, 0x4C, 0xD1, 0x44, 0x97, 0xCF, 0xAF, 0x3F, 0x2E, 0x83, 0x1D, 0x62, 0xBC, 0xDE,
    0xA4, 0x43, 0xDC, 0x72, 0x01, 0x79, 0x30, 0x4B, 0xC4, 0xC0, 0x85, 0xEB, 0xD9, 0x5F, 0xD7, 0x5A,
    0xAC, 0xAE, 0x08, 0x4F, 0xEA, 0x03, 0x67, 0x38, 0xBE, 0x3E, 0x99, 0x74, 0x11, 0x99, 0x90, 0x93,
    0x9B, 0x4B, 0x04, 0xB0, 0xCE, 0xB5, 0x48, 0x43, 0x4B, 0x44, 0xE2, 0x89, 0x1F, 0x20, 0x5C, 0x39,
    0xE2, 0x3F, 0xAE, 0xC6, 0xA2, 0x49, 0x70, 0xF2, 0xA3, 0x03, 0x7B, 0x0F, 0x72, 0x2A, 0x30, 0x3D,
    0x6A, 0x24, 0x6F, 0x08, 0xB3, 0x6A, 0x47, 0xC7, 0xFB, 0x8A, 0xCF, 0x04, 0xB7, 0xC5, 0x4F, 0xDD,
    0x46, 0xB4, 0x8F, 0x2C, 0x0F, 0x0A, 0x48, 0x39, 0x69, 0xA8, 0x74, 0x8B, 0xFA, 0x19, 0xEF, 0x25,
    0x9B, 0xB5, 0x86, 0x99, 0x69, 0xED, 0x6F, 0x5E, 0x77, 0x3F, 0x5C, 0x9C, 0x97, 0x54, 0x2D, 0x52,
    0xDF, 0x7A, 0xAE, 0xD8, 0xE4, 0x72, 0xE3, 0x5A, 0x1F, 0x8D, 0x14, 0x0D, 0x39, 0xDD, 0x14, 0x33,
    0xAF, 0x1B, 0x08, 0xCC, 0xD7, 0xF6, 0xAB, 0xD0, 0x01, 0xC6, 0xAB, 0x48, 0xDE, 0x44, 0xDA, 0x3D,
    0x63, 0x3E, 0xB8, 0xFC, 0x5E, 0x67, 0x7D, 0x28, 0x55, 0xDE, 0xE5, 0x5A, 0xE1, 0x1D, 0x49, 0x1A,
    0x90, 0xBF, 0xDF, 0xC4, 0xF8, 0x1D, 0x60, 0x3C, 0xEC, 0xFD, 0xB6, 0xA9, 0x58, 0xB1, 0xA6, 0x96,
    0xB1, 0x7C, 0x0D, 0xD6, 0x7C, 0x91, 0xE4, 0xC9, 0x35, 0x7A, 0x2A, 0xB2, 0x29, 0xA7, 0x15, 0xA8,
    0xCD, 0xDB, 0xC5, 0xB9, 0xC3, 0x62, 0x28, 0x28, 0xFC, 0xBE, 0x23, 0xEF, 0x8B, 0x75, 0x15, 0x3C,
    0x9E, 0xF0, 0x38, 0x6B, 0x11, 0xA6, 0xD3, 0x22, 0xF9, 0x58, 0x3D, 0xE2, 0x16, 0x33, 0x14, 0x37,
    0x69, 0xA1, 0x0B, 0xED, 0x50, 0x13, 0x04, 0xA4, 0xAC, 0x2B, 0xC1, 0x46, 0x6B, 0x01, 0x16, 0x36,
    0x30, 0xFD, 0x10, 0xD8, 0x08, 0x2A, 0x6E, 0x44, 0x60, 0x5D, 0x48, 0x0A, 0x2D, 0x72, 0x0C, 0x5A,
    0xBF, 0x5B, 0x8A, 0x17, 0x96, 0x2B, 0x0A, 0xA6, 0x9C, 0x89, 0xB2, 0x80, 0xCA, 0x12, 0x5F, 0x41,
    0x1A, 0x09, 0x4C, 0xA0, 0xDB, 0xB0, 0xAB, 0xBC, 0x5B, 0x20, 0x16, 0x8F, 0x99, 0x2F, 0xBB, 0x79,
    0x0D, 0x82, 0xC1, 0xA0, 0xE0, 0x6C, 0x0E, 0x04, 0x30, 0xA3, 0x60, 0x9D, 0x61, 0x15, 0xF1, 0x67,
    0x6F, 0x76, 0x87, 0x39, 0x7D, 0xC8, 0x0A, 0x51, 0x9B, 0x49, 0x67, 0x2F, 0x8C, 0x7E, 0xE7, 0xC1,
    0xE7, 0x6C, 0x36, 0x2B, 0x5E, 0xB2, 0x57, 0xE6, 0xF2, 0xAD, 0xB9, 0x7C, 0x6D, 0xB6, 0x4F, 0x8D,
    0xC7, 0x3E, 0x77, 0x83, 0xFE, 0x97, 0x4C, 0x21, 0x57, 0x91, 0xAE, 0x6A, 0x3E, 0x56, 0x99, 0x1D,
    0x7D, 0x96, 0xEB, 0xB6, 0x3C, 0xEE, 0x9F, 0x19, 0xB8, 0x6F, 0xA5, 0xB2, 0x8D, 0xF7, 0xA1, 0xC1,
    0xF3, 0xDC, 0x46, 0x29, 0x57, 0x59, 0x20, 0xF4, 0x7B, 0x81, 0x98, 0x1F, 0x0A, 0x53, 0xE0, 0xB2,
    0xE3, 0x9E, 0x1D, 0x26, 0xBD, 0x65, 0xAB, 0x04, 0x58, 0xC4, 0xD5, 0x25, 0x01, 0x13, 0x17, 0xA2,
    0x0A, 0x05, 0x6D, 0x76, 0x80, 0x9B, 0xC8, 0x08, 0xF1, 0x52, 0x2A, 0x41, 0xA8, 0x80, 0xEB, 0xAE,
    0xD3, 0x3E, 0xB8, 0x29, 0x4E, 0x6A, 0x09, 0x16, 0x1B, 0xBE, 0x53, 0x9B, 0xFC, 0xBB, 0x60, 0xE3,
    0x0B, 0xE6, 0xA5, 0x9B, 0x75, 0xDE, 0xCE, 0xF0, 0x5E, 0xE5, 0x54, 0xA2, 0x65, 0x78, 0xBE, 0x26,
    0x91, 0x1B, 0xD2, 0x02, 0x2E, 0x38, 0x10, 0xF4, 0xCB, 0xFD, 0x94, 0x2C, 0x0B, 0xBA, 0x5A, 0x09,
    0x80, 0xA9, 0xD4, 0x8A, 0xE2, 0x74, 0x6F, 0x91, 0xED, 0x94, 0x97, 0x90, 0xEE, 0x5E, 0x09, 0x12,
    0x5D, 0xC2, 0xB9, 0xCE, 0xD5, 0x91, 0x74, 0x9F, 0x05, 0x1B, 0x1D, 0x53, 0x30, 0x3E, 0x2C, 0x35,
    0x11, 0xAF, 0xFE, 0x7F, 0x61, 0x5D, 0xD0, 0x6F, 0x13, 0x42, 0x86, 0x3C, 0xB0, 0x3C, 0xD0, 0xF9,
    0x8A, 0x80, 0x27, 0x94, 0x90, 0x6B, 0xF7, 0xC5, 0x17, 0xA2, 0xDB, 0x7C, 0x4C, 0x65, 0xA3, 0xFE,
    0x2C, 0xEF, 0xD1, 0x25, 0x2D, 0x7E, 0xEA, 0xD3, 0x60, 0xA3, 0xC3, 0x60, 0xE8, 0x53, 0x61, 0xA3,
    0xC3, 0x60, 0xE8, 0x93, 0x62, 0xA3, 0x43, 0xE0, 0xE5, 0x93, 0x60, 0xA3, 0x43, 0x60, 0x23, 0xF0,
    0xA9, 0x86, 0xEA, 0x6C, 0xB2, 0xEC, 0x75, 0x31, 0xA7, 0xD7, 0x1D, 0x55, 0x67, 0x59, 0xEE, 0x29,
    0x81, 0x2D, 0x7C, 0x2D, 0x7E, 0xF9, 0x65, 0x3E, 0xD5, 0xE1, 0x66, 0x50, 0x3D, 0xB9, 0xFD, 0xC5,
    0xD7, 0x2E, 0xCD, 0xB7, 0x97, 0xD8, 0x1D, 0x84, 0xBD, 0xDF, 0xA2, 0xA9, 0x7B, 0x5D, 0x9D, 0xAE,
    0x80, 0xBE, 0x47, 0x7C, 0x03, 0x37, 0x90, 0x4C, 0x11, 0x7D, 0x41, 0x72, 0x15, 0xEC, 0x67, 0x70,
    0xF8, 0xFD, 0x03, 0x1C, 0xC3, 0x00, 0xF6, 0x3F, 0x64, 0x8D, 0xE8, 0x1A, 0x4C, 0x14, 0x19, 0x1F,
    0x2C, 0x11, 0xB9, 0x55, 0x95, 0x4E, 0xC9, 0x7E, 0xCE, 0xD5, 0xFB, 0x58, 0x72, 0x7E, 0xF9, 0xE6,
    0xFD, 0x22, 0x97, 0x56, 0x70, 0xC0, 0xE1, 0xE0, 0x6D, 0x85, 0x0D, 0xFD, 0x5A, 0xD7, 0xD6, 0xBD,
    0x4E, 0xFB, 0xD4, 0xDF, 0xD0, 0x17, 0xE6, 0x1D, 0xB7, 0x11, 0x75, 0x6E, 0xF2, 0xF5, 0x39, 0x4B,
    0xA1, 0x7A, 0xAF, 0x00, 0xD8, 0x45, 0xD7, 0x30, 0x68, 0x5C, 0xDA, 0x7A, 0x85, 0x90, 0x84, 0x05,
    0x39, 0xE0, 0x3B, 0x8A, 0x1F, 0xE4, 0xBA, 0x63, 0xC0, 0x9A, 0xE9, 0xC4, 0x3F, 0xA4, 0x9F, 0xBB,
    0xB0, 0x4D, 0x55, 0xD4, 0xF8, 0x5F, 0x5E, 0x39, 0xCA, 0x28, 0x73, 0x2E, 0xE7, 0x87, 0x5B, 0xD8,
    0xF0, 0x03, 0x73, 0x98, 0x0C, 0x29, 0x6C, 0xE0, 0x9E, 0x2D, 0x85, 0x53, 0xEA, 0x56, 0x93, 0x09,
    0x5C, 0xE5, 0xDC, 0x6C, 0x95, 0xC1, 0x20, 0x6F, 0xF2, 0xA0, 0xB7, 0x9A, 0xA1, 0xB8, 0xCE, 0x0A,
    0x0F, 0x16, 0x72, 0x6E, 0xFB, 0x52, 0x92, 0x36, 0xB6, 0xB8, 0x09, 0x36, 0xDC, 0xFA, 0x89, 0x8A,
    0x36, 0x6A, 0xBD, 0xD4, 0xDA, 0xD6, 0x95, 0x5E, 0x4A, 0xA4, 0x1C, 0xCC, 0xBA, 0xBD, 0xD5, 0x03,
    0xC1, 0x03, 0x80, 0x06, 0xC6, 0xA8, 0xF0, 0x9C, 0xB5, 0xD0, 0x9A, 0x1B, 0xED, 0x5C, 0xC3, 0xFA,
    0x57, 0xD9, 0xB2, 0x7C, 0xA4, 0x69, 0x02, 0x59, 0xD6, 0xA5, 0x4B, 0x66, 0x17, 0xDC, 0x31, 0x4C,
    0x97, 0xC8, 0x25, 0xA3, 0x74, 0xD0, 0x3D, 0xE8, 0x93, 0xEE, 0x42, 0x5B, 0xF6, 0x76, 0x0C, 0x4A,
    0xBB, 0xCD, 0x0A, 0x40, 0x20, 0xF5, 0x66, 0xF9, 0x39, 0x90, 0x6D, 0x75, 0x2D, 0x51, 0x75, 0xD6,
    0x6D, 0x09, 0x27, 0xF5, 0x45, 0xDD, 0x8B, 0xB4, 0xEE, 0xA5, 0xDA, 0x9F, 0xC4, 0x67, 0x4B, 0x5D,
    0xA3, 0xDA, 0x14, 0x52, 0x22, 0xDF, 0xCE, 0x7E, 0x3A, 0x2F, 0x94, 0xB5, 0x98, 0x89, 0x35, 0xEA,
    0x64, 0xD4, 0xFF, 0x74, 0xE0, 0x57, 0x80, 0xE5, 0xDF, 0xBA, 0x85, 0x44, 0x8B, 0x0C, 0x33, 0x05,
    0x94, 0x51, 0xFA, 0xEC, 0x9D, 0xB4, 0xE3, 0x5F, 0x7C, 0xE5, 0xC3, 0x2F, 0xAA, 0x31, 0x0D, 0xAA,
    0xB4, 0xFA, 0xC1, 0x1A, 0x08, 0x41, 0xBB, 0x7B, 0x83, 0x7A, 0x2F, 0x6B, 0xE1, 0x85, 0xBB, 0xF4,
    0x74, 0xA4, 0xF2, 0x8C, 0x0E, 0xAB, 0x30, 0x7E, 0x5F, 0xDC, 0xCA, 0x8E, 0x2F, 0x5A, 0x95, 0xCB,
    0xB8, 0xB6, 0xD4, 0x98, 0x3E, 0xE2, 0x06, 0x8A, 0x91, 0xF2, 0x8C, 0x27, 0xA6, 0x24, 0xB1, 0xDE,
    0x47, 0x83, 0xAE, 0x60, 0x15, 0xC1, 0xFF, 0xDB, 0xEC, 0xFC, 0x07, 0x8D, 0x54, 0xB1, 0x8E, 0xD4,
    0x30, 0x10, 0x9D, 0xC4, 0x2C, 0x11, 0x4A, 0xE1, 0x8A, 0x06, 0x21, 0x85, 0xFA, 0x0A, 0x4C, 0x41,
    0x8B, 0x1C, 0xF8, 0x02, 0x8A, 0xBB, 0x82, 0x9E, 0x0A, 0x0A, 0x3E, 0xC1, 0xD1, 0xDD, 0x07, 0x70,
    0x9F, 0x70, 0x25, 0x4A, 0x45, 0x41, 0xCB, 0xD9, 0x70, 0x05, 0x6D, 0x24, 0x0A, 0xDA, 0x54, 0xD4,
    0x2E, 0x52, 0x18, 0xC9, 0x89, 0x79, 0x63, 0xEF, 0xEE, 0x21, 0xAA, 0xCB, 0xEE, 0xCC, 0x7A, 0xED,
    0x19, 0xBF, 0xF1, 0x9B, 0xE7, 0x9C, 0x8C, 0x9F, 0x74, 0x8A, 0xF8, 0x9A, 0x14, 0x89, 0x48, 0xA5,
    0x94, 0x82, 0x3E, 0xB8, 0x85, 0x9D, 0x3F, 0x19, 0xC7, 0x71, 0xE0, 0x91, 0x63, 0x97, 0x47, 0x3D,
    0xF1, 0xC3, 0x0B, 0xE3, 0xD8, 0xF3, 0xC4, 0x7E, 0x1E, 0x2B, 0x26, 0xFF, 0xD0, 0xFE, 0xB9, 0x43,
    0x88, 0x64, 0x8C, 0x5B, 0x47, 0xC7, 0xE7, 0x08, 0x59, 0xDC, 0x61, 0xFA, 0x4B, 0xBD, 0x34, 0x5E,
    0x3A, 0xED, 0xF4, 0x60, 0x5D, 0x72, 0xD6, 0x69, 0xAA, 0x86, 0xD6, 0xCB, 0x80, 0xCF, 0x22, 0xBD,
    0x9C, 0xD4, 0xA0, 0x29, 0xD2, 0x33, 0xA2, 0xD7, 0x22, 0x36, 0x6B, 0xBB, 0x8A, 0x28, 0x42, 0xB3,
    0x9F, 0x7F, 0x4C, 0xF7, 0xC8, 0x50, 0xCA, 0x79, 0xA6, 0xD7, 0x83, 0x74, 0x8D, 0xAF, 0x17, 0xFA,
    0x8C, 0x7D, 0x9F, 0xD4, 0x3D, 0x85, 0xD6, 0x09, 0xAF, 0x86, 0x76, 0x36, 0xD4, 0xB9, 0x95, 0xF4,
    0x79, 0x24, 0x73, 0x13, 0xC9, 0xDE, 0x6C, 0x64, 0x7F, 0xAC, 0x64, 0x2E, 0x22, 0x3D, 0xA2, 0x2B,
    0xAA, 0x2E, 0x1F, 0x50, 0xBB, 0x68, 0x27, 0xA3, 0x2D, 0x16, 0x8C, 0x6B, 0xBD, 0xEE, 0xE5, 0x6C,
    0x91, 0x17, 0x49, 0x63, 0xCB, 0xAF, 0x62, 0xA6, 0xE7, 0xF5, 0x80, 0x2A, 0xEE, 0x93, 0x88, 0x6A,
    0x6A, 0x56, 0x3D, 0xB7, 0x30, 0x11, 0xF5, 0x24, 0x82, 0x02, 0x2E, 0xE2, 0x27, 0x4B, 0x6A, 0x40,
    0xBC, 0xF0, 0xA8, 0x0C, 0x27, 0x6C, 0x02, 0x61, 0x63, 0x18, 0x68, 0x90, 0xC5, 0x40, 0x56, 0xB4,
    0xC5, 0xC2, 0xCE, 0xFE, 0xB9, 0xA5, 0xC7, 0x4E, 0x44, 0xCC, 0xCA, 0xD1, 0x80, 0x85, 0xC6, 0x54,
    0x20, 0x96, 0xAD, 0x66, 0xDB, 0x88, 0xC4, 0x0A, 0x8B, 0xC5, 0xAA, 0x03, 0xBB, 0x77, 0xC4, 0x79,
    0x7A, 0xF9, 0x9E, 0x7B, 0xC6, 0xD6, 0xD7, 0xF6, 0xAA, 0xE4, 0xBE, 0xA4, 0xBB, 0xE3, 0xBC, 0x23,
    0x91, 0x66, 0x99, 0x82, 0x62, 0x89, 0xAD, 0x3A, 0x6D, 0xD9, 0x47, 0xFC, 0x95, 0xC9, 0xD7, 0x5C,
    0x31, 0xF8, 0xAA, 0xA2, 0x99, 0x9B, 0xCD, 0xFA, 0x36, 0xD9, 0xB9, 0xDD, 0xB4, 0x13, 0x71, 0x07,
    0xD6, 0x3A, 0xD7, 0xCE, 0xC2, 0x6B, 0xAF, 0x16, 0x30, 0xEC, 0x75, 0xE8, 0xA2, 0xF1, 0x7A, 0xE9,
    0xC0, 0x9E, 0xF2, 0x72, 0xD9, 0x51, 0x45, 0x55, 0x4F, 0x1F, 0x66, 0xAA, 0x56, 0x06, 0x12, 0x50,
    0x2F, 0x23, 0x67, 0x39, 0xE5, 0x23, 0x41, 0xCB, 0x60, 0x57, 0x67, 0xD9, 0x68, 0x74, 0xDE, 0x66,
    0xCD, 0xEA, 0x5E, 0x57, 0x5B, 0x2E, 0xCD, 0x90, 0x29, 0x09, 0x18, 0xD9, 0x92, 0x80, 0xD1, 0xA6,
    0xA6, 0xA2, 0xBD, 0x5F, 0xD1, 0x0C, 0x79, 0xA4, 0x92, 0xDF, 0x4B, 0xB5, 0x4D, 0x37, 0x71, 0x7F,
    0xAE, 0xB7, 0xD2, 0x03, 0x5A, 0x2D, 0xBC, 0xFE, 0x13, 0xD0, 0x59, 0xCD, 0xE6, 0x63, 0x4A, 0x22,
    0xDF, 0x8D, 0x04, 0x68, 0xE9, 0x81, 0x8D, 0x66, 0x0F, 0x1A, 0xCA, 0x73, 0x24, 0x17, 0x40, 0x2B,
    0x87, 0x91, 0x82, 0xB8, 0x8C, 0xE6, 0x91, 0x71, 0x80, 0x66, 0x1D, 0x53, 0xCA, 0xD0, 0xF8, 0x8B,
    0x92, 0x00, 0xDD, 0xFD, 0xDE, 0xB8, 0x3D, 0x2A, 0x2D, 0x12, 0x9B, 0x77, 0x33, 0xA0, 0x1D, 0x88,
    0xA4, 0x13, 0x94, 0xF4, 0x96, 0xE8, 0x0D, 0x18, 0x87, 0xAA, 0x9B, 0x00, 0xB5, 0xCF, 0xCA, 0xF1,
    0xE9, 0xAE, 0xE9, 0x14, 0x73, 0xCC, 0x9D, 0x76, 0x4D, 0xB0, 0xBD, 0x44, 0xD1, 0x72, 0x5E, 0x49,
    0x7D, 0xC7, 0x86, 0x17, 0x81, 0x74, 0xE3, 0xE9, 0xBA, 0x9D, 0xE9, 0x74, 0x57, 0xAE, 0x6E, 0x87,
    0x72, 0x07, 0xB4, 0xAF, 0xC1, 0xF6, 0xE8, 0xFD, 0x44, 0x76, 0xE0, 0xA6, 0x5A, 0x47, 0x7A, 0xE2,
    0x19, 0xA0, 0xA3, 0x14, 0xEE, 0x63, 0x8E, 0x17, 0x8E, 0x39, 0x85, 0x6A, 0x30, 0xC9, 0x0D, 0x47,
    0xE7, 0x10, 0x6A, 0x07, 0x8C, 0x9B, 0x15, 0x67, 0xE3, 0x2C, 0x10, 0xFC, 0xA2, 0xB0, 0x33, 0x0E,
    0x63, 0x4F, 0xE9, 0x1B, 0x82, 0xD2, 0x79, 0xEA, 0xAB, 0xF4, 0x2A, 0x21, 0x49, 0x64, 0xB7, 0xB1,
    0x5B, 0x49, 0x6C, 0xD8, 0x48, 0xAC, 0xEC, 0x62, 0x93, 0x1D, 0xB6, 0x0E, 0x00, 0x6D, 0x02, 0x24,
    0xD9, 0xE0, 0x1A, 0x43, 0x9A, 0xEC, 0x66, 0x39, 0xD1, 0x7F, 0x4F, 0xE7, 0xD4, 0x40, 0xDA, 0x43,
    0xFE, 0xD6, 0x83, 0x93, 0xEC, 0xB4, 0x33, 0x8E, 0x76, 0xB8, 0xDB, 0xF4, 0xF0, 0xEC, 0x8C, 0xDF,
    0x36, 0xFC, 0xCA, 0x70, 0x78, 0xF9, 0x94, 0xA6, 0xE7, 0x4E, 0x5A, 0x76, 0x7B, 0xB5, 0x14, 0xA5,
    0xEC, 0x55, 0x72, 0x1B, 0x92, 0x1B, 0x5D, 0xC7, 0xC3, 0x0D, 0x39, 0x84, 0x14, 0x11, 0x15, 0x01,
    0x6D, 0xB7, 0xF9, 0x6D, 0x5E, 0x44, 0x77, 0x8E, 0x21, 0x25, 0xBF, 0x40, 0xFC, 0x93, 0xAF, 0xF2,
    0x62, 0xD1, 0xD3, 0x59, 0x3E, 0xC3, 0x5F, 0xAD, 0x56, 0xB1, 0x92, 0xDC, 0x44, 0x10, 0x6D, 0x49,
    0xDE, 0x55, 0x95, 0x15, 0xC8, 0x81, 0x5D, 0x05, 0x76, 0xA0, 0x84, 0xC8, 0x04, 0xFA, 0x04, 0x29,
    0xA1, 0x48, 0x1D, 0x60, 0x07, 0xC7, 0x1F, 0x40, 0x70, 0x9F, 0x20, 0xFD, 0x01, 0x17, 0x40, 0xEE,
    0xE0, 0x82, 0xF3, 0x5E, 0xE0, 0x84, 0x90, 0x42, 0x82, 0x84, 0x80, 0x00, 0x25, 0xE4, 0xAA, 0xE2,
    0x02, 0xB0, 0x03, 0x0B, 0x10, 0x55, 0xC2, 0x96, 0xA6, 0x79, 0xAF, 0x67, 0x75, 0xBB, 0x87, 0xA1,
    0x48, 0x50, 0xD5, 0xBD, 0x99, 0x5B, 0x8D, 0x5A, 0x6F, 0xBA, 0x5F, 0xBF, 0x91, 0x88, 0x7C, 0x39,
    0x88, 0xC8, 0xAF, 0x80, 0xF0, 0xF7, 0x5E, 0x24, 0xFA, 0xA9, 0x13, 0x89, 0xBF, 0x6B, 0x25, 0xD0,
    0x1F, 0xAE, 0x24, 0xD3, 0xCF, 0x54, 0x1A, 0xCD, 0x34, 0xD4, 0xE5, 0x81, 0x8B, 0xB5, 0x0D, 0x96,
    0x54, 0x45, 0xE6, 0x7C, 0x06, 0x14, 0xA3, 0xC8, 0xA3, 0x8A, 0x4F, 0x37, 0x78, 0x50, 0xB4, 0x23,
    0xB4, 0xFF, 0x00, 0xBC, 0xD1, 0x70, 0x5D, 0x35, 0x49, 0x52, 0x17, 0x8B, 0x34, 0x6D, 0x36, 0x57,
    0xDA, 0x25, 0x73, 0xA3, 0x75, 0x38, 0xE9, 0x84, 0xF7, 0xBB, 0x52, 0x82, 0xDF, 0xD6, 0xF7, 0x47,
    0x78, 0xBF, 0x24, 0xDF, 0xD7, 0x22, 0x9B, 0x0F, 0xF0, 0x98, 0x3C, 0xD9, 0xED, 0x76, 0x20, 0x84,
    0x4B, 0x42, 0x43, 0x70, 0x52, 0x27, 0x92, 0x8F, 0x42, 0x1C, 0x64, 0x11, 0x29, 0x06, 0xF9, 0xCA,
    0x50, 0x56, 0xAC, 0xC8, 0x8A, 0x2B, 0xAF, 0x51, 0x3D, 0x92, 0x94, 0xC7, 0xAD, 0xFE, 0xC8, 0xE5,
    0xAA, 0xA5, 0x21, 0xE6, 0x11, 0xE1, 0x06, 0x56, 0x3A, 0x5A, 0x80, 0xD1, 0x02, 0x58, 0x64, 0x3C,
    0x77, 0xE5, 0x9F, 0x6B, 0x2D, 0x68, 0x8B, 0xA5, 0xAA, 0xB5, 0xC4, 0x5A, 0x16, 0xA5, 0xA4, 0x8B,
    0x14, 0x22, 0xE9, 0x2C, 0xB9, 0x21, 0xAE, 0x6C, 0xB2, 0x68, 0xA4, 0xEC, 0xF1, 0xF8, 0x4A, 0x54,
    0xE7, 0x15, 0xB9, 0x23, 0x39, 0xDA, 0xC5, 0x05, 0xB0, 0x0B, 0x70, 0xA3, 0x6A, 0x23, 0xC4, 0xD0,
    0x17, 0x97, 0xA3, 0xE4, 0x4A, 0x16, 0xC5, 0x11, 0xCA, 0x3D, 0x64, 0xE7, 0xC9, 0x05, 0x98, 0xD4,
    0x31, 0xA2, 0x80, 0x4F, 0x82, 0xE1, 0x54, 0xBB, 0x50, 0x7B, 0x49, 0xF1, 0xD7, 0x80, 0x14, 0xD6,
    0x29, 0x87, 0x51, 0xB0, 0xAB, 0xEC, 0xD5, 0xCC, 0x21, 0x7F, 0xC9, 0x81, 0xDC, 0x11, 0x66, 0x3F,
    0x04, 0x8F, 0x79, 0x95, 0x07, 0x72, 0xB8, 0xBA, 0xD4, 0x86, 0x36, 0xD0, 0x2F, 0xAA, 0x37, 0x4B,
    0x89, 0x67, 0xF2, 0x37, 0xA4, 0x63, 0xE1, 0x6C, 0x18, 0x50, 0x1E, 0x2C, 0x1E, 0x24, 0x74, 0x88,
    0x37, 0x80, 0x64, 0x17, 0x19, 0xBF, 0x9E, 0x1C, 0x0A, 0x48, 0x80, 0x2A, 0x78, 0xB2, 0x7B, 0x26,
    0x56, 0xC7, 0xD1, 0xEA, 0xB8, 0x58, 0x5D, 0xC8, 0x63, 0x4C, 0xC0, 0x2D, 0x07, 0x85, 0x3A, 0x6C,
    0x5E, 0x5F, 0xEA, 0x95, 0x71, 0x99, 0x63, 0xE2, 0xB4, 0x55, 0xFC, 0x72, 0x2E, 0x4D, 0x97, 0xB0,
    0xEE, 0x2D, 0xA5, 0x67, 0x11, 0x88, 0xDD, 0xBE, 0xA6, 0x88, 0x79, 0x46, 0x24, 0xED, 0xD0, 0xF0,
    0xBF, 0xEA, 0x48, 0xDC, 0x9C, 0x5C, 0xC8, 0x49, 0xB9, 0x39, 0x39, 0x4F, 0x99, 0xB5, 0x36, 0xD5,
    0x09, 0x93, 0x80, 0x93, 0x31, 0x26, 0xFF, 0x36, 0x46, 0x54, 0xAD, 0x23, 0x6E, 0x9C, 0x82, 0x49,
    0xF0, 0xE3, 0x22, 0xB6, 0xB2, 0x8B, 0x48, 0xA3, 0xCD, 0xB4, 0x4F, 0x98, 0x88, 0x16, 0x1B, 0x4D,
    0x07, 0xB4, 0x8B, 0xBF, 0xAC, 0x46, 0x36, 0xB9, 0xBF, 0xF3, 0xD7, 0xA1, 0xDC, 0x85, 0xBF, 0xE3,
    0x0E, 0x93, 0x87, 0xCD, 0xAB, 0xD7, 0xCF, 0xD5, 0xB1, 0xD6, 0xAF, 0xFA, 0xF4, 0xCD, 0x6C, 0x8B,
    0x5A, 0x4B, 0x2D, 0x26, 0x75, 0x6A, 0x9A, 0x2B, 0x98, 0x5E, 0x36, 0x52, 0xCE, 0x09, 0xB5, 0x9B,
    0x2F, 0xD0, 0x5B, 0xCD, 0xC9, 0xBC, 0xDF, 0x61, 0x36, 0xEE, 0x27, 0xC7, 0x97, 0x2D, 0x39, 0xCA,
    0x0C, 0x38, 0x4E, 0x8C, 0xC2, 0xF0, 0xF7, 0x2F, 0xF5, 0x29, 0xF3, 0x43, 0x45, 0x06, 0x1F, 0x3A,
    0x4B, 0x0F, 0x36, 0x18, 0x9B, 0x16, 0x73, 0xC3, 0xE6, 0xCF, 0x53, 0xDB, 0x69, 0x3A, 0x21, 0x76,
    0x49, 0x74, 0x7C, 0x4F, 0x32, 0xB3, 0xED, 0xA0, 0xEE, 0xE2, 0x1A, 0x27, 0xA9, 0x0C, 0xA9, 0x39,
    0x64, 0xB1, 0x03, 0x22, 0x73, 0xD0, 0xC6, 0x29, 0x10, 0x3A, 0x6A, 0x48, 0x73, 0xA9, 0x18, 0x6D,
    0xC0, 0x5C, 0xDE, 0xBD, 0x99, 0x13, 0x3C, 0x6E, 0x65, 0xAD, 0xBC, 0xA4, 0x25, 0x68, 0xD8, 0x34,
    0x60, 0xDB, 0x5B, 0x8D, 0x07, 0x93, 0x29, 0x5E, 0xA0, 0x75, 0x36, 0x70, 0xEF, 0x29, 0x64, 0x35,
    0x4A, 0xDA, 0xD1, 0x59, 0x36, 0xA5, 0x6F, 0xE7, 0xCC, 0xAB, 0xC9, 0x10, 0x99, 0x7F, 0x76, 0x14,
    0x7F, 0xA1, 0x00, 0xB8, 0xA1, 0xF7, 0x75, 0x77, 0x71, 0x10, 0x86, 0x4F, 0x4B, 0x2B, 0xEF, 0x21,
    0x45, 0x3D, 0x1B, 0x4D, 0x5D, 0xB3, 0xAC, 0x0F, 0xF8, 0x97, 0x47, 0xBE, 0x61, 0xEF, 0x73, 0xE9,
    0xE3, 0x5D, 0xFD, 0x78, 0x47, 0x3E, 0xDF, 0xC2, 0x32, 0x02, 0x1B, 0x90, 0x22, 0x18, 0xDA, 0x64,
    0xD9, 0x6F, 0x5A, 0xBA, 0x91, 0x25, 0xBB, 0x18, 0x2C, 0xAB, 0xC5, 0x60, 0x0E, 0x50, 0x0C, 0xB9,
    0x15, 0xB1, 0xAF, 0xBA, 0x7D, 0x4F, 0x71, 0x27, 0xC7, 0xC3, 0x6D, 0x7D, 0xA9, 0x2F, 0xCE, 0x98,
    0x69, 0xEF, 0x99, 0x35, 0x8B, 0x1D, 0x68, 0x4D, 0x7F, 0x45, 0xDD, 0xE8, 0xB5, 0xA1, 0x4A, 0x36,
    0x1B, 0x75, 0x38, 0x0C, 0x07, 0x36, 0x44, 0xA5, 0x7D, 0xC4, 0x0E, 0xD7, 0x21, 0x64, 0x87, 0x63,
    0x8A, 0xE1, 0x21, 0x14, 0xF7, 0x8C, 0x49, 0x5D, 0x98, 0xCD, 0x85, 0x4D, 0x36, 0x37, 0x91, 0x86,
    0xB3, 0x23, 0xA0, 0x2C, 0xE1, 0xE4, 0x8B, 0x1E, 0xBB, 0x77, 0xC8, 0xC7, 0xFC, 0x07, 0x5B, 0x68,
    0xE0, 0xC2, 0x89, 0x9E, 0xDD, 0x41, 0x72, 0xB7, 0xA3, 0xDC, 0x62, 0x44, 0xFB, 0xCD, 0x24, 0x98,
    0x11, 0xEE, 0x9A, 0x35, 0x19, 0xD0, 0x5E, 0x13, 0xE6, 0x26, 0x63, 0x12, 0x0C, 0x68, 0xD4, 0xA5,
    0x95, 0x6B, 0x32, 0x74, 0x96, 0x74, 0xDC, 0x48, 0x27, 0xB4, 0x76, 0xD0, 0xB8, 0x4B, 0xFD, 0xD9,
    0xB7, 0xB6, 0xD9, 0xF8, 0xE4, 0xAB, 0x13, 0xB2, 0x41, 0xCE, 0xAD, 0xD9, 0xC7, 0xD8, 0x67, 0xA3,
    0xE9, 0x8A, 0xD9, 0xCC, 0xE1, 0xA8, 0xCD, 0xC9, 0x57, 0x7F, 0x29, 0x2D, 0x2B, 0x47, 0x92, 0x3E,
    0x34, 0x78, 0x61, 0x01, 0x2B, 0xF3, 0xD1, 0x66, 0x1F, 0x3C, 0xB0, 0x21, 0x34, 0x8C, 0x3C, 0x9A,
    0xC3, 0xE6, 0xAE, 0x36, 0x9D, 0xBB, 0x55, 0x2E, 0xFB, 0xC3, 0x65, 0x44, 0xA7, 0xB3, 0xAB, 0x9C,
    0xA4, 0xB8, 0xB5, 0x88, 0x1D, 0x74, 0x14, 0x1A, 0x23, 0x9B, 0x2B, 0xDB, 0x59, 0xE7, 0xCF, 0x34,
    0x8A, 0xAE, 0xD1, 0x0E, 0xA8, 0x56, 0x36, 0x8F, 0x6C, 0x01, 0xE0, 0xC8, 0x35, 0x90, 0x2A, 0xE4,
    0x09, 0x2C, 0x26, 0xF6, 0x4B, 0xA1, 0xBB, 0x7D, 0xC5, 0x7B, 0x93, 0x73, 0xB7, 0x12, 0xDD, 0x53,
    0x1B, 0x0E, 0x18, 0x1B, 0x06, 0x8F, 0xFC, 0x69, 0xE3, 0xD3, 0x40, 0xC5, 0x69, 0xCB, 0xD4, 0xF5,
    0xE1, 0x0C, 0x3A, 0xD8, 0x56, 0x31, 0x84, 0x23, 0x64, 0x45, 0x76, 0xAD, 0xE5, 0x84, 0xBB, 0x99,
    0x58, 0xFA, 0x71, 0x03, 0x1B, 0x7F, 0x74, 0xDD, 0x5E, 0x83, 0xF5, 0x55, 0xB6, 0xC0, 0xDA, 0xB3,
    0xD1, 0x97, 0xF0, 0x1E, 0x1F, 0x2C, 0x38, 0xAB, 0xA4, 0x58, 0xB6, 0xE6, 0x5A, 0x8E, 0xEC, 0x1C,
    0xDD, 0x19, 0x8B, 0xB6, 0x9F, 0x5B, 0xF2, 0xC6, 0x95, 0xA0, 0xA5, 0xCE, 0xE8, 0x25, 0xA3, 0x79,
    0xEE, 0x95, 0xEF, 0x38, 0xEA, 0x2B, 0x54, 0xF7, 0xF1, 0xFF, 0xF0, 0x81, 0x30, 0x4A, 0x5C, 0x17,
    0x8E, 0x1F, 0x08, 0x4C, 0x0F, 0x3B, 0xA5, 0x0E, 0xBD, 0x61, 0x41, 0x86, 0xFE, 0xDD, 0x06, 0x96,
    0x9E, 0x84, 0xB0, 0xC1, 0x1E, 0x6F, 0x53, 0x41, 0xA5, 0x75, 0x52, 0x9D, 0xFA, 0x0F, 0x04, 0xBB,
    0xCC, 0x7D, 0xBD, 0xD1, 0x1A, 0xBA, 0x15, 0x21, 0xA1, 0x45, 0x2A, 0xF4, 0xD5, 0x2C, 0x5F, 0x43,
    0x42, 0xB3, 0xDC, 0x85, 0x84, 0xEE, 0xDC, 0x3C, 0x2F, 0x62, 0x6B, 0xFB, 0x78, 0xB1, 0x63, 0xD0,
    0x8E, 0xF1, 0xF4, 0x2D, 0xB4, 0x83, 0x3D, 0xE4, 0xD1, 0xCF, 0x7A, 0xB6, 0x26, 0x29, 0xE0, 0x16,
    0xAF, 0xBD, 0x20, 0xF9, 0x39, 0xB9, 0x96, 0x39, 0x39, 0x3E, 0xCD, 0xAC, 0x08, 0xDE, 0xE1, 0x2C,
    0x7E, 0xB2, 0xAC, 0xB1, 0xB0, 0xF5, 0x7B, 0x9F, 0x42, 0x17, 0x15, 0x3F, 0x46, 0xEC, 0x94, 0xFA,
    0xE4, 0x39, 0x7F, 0xE7, 0x89, 0xE3, 0x19, 0x79, 0xAD, 0x9B, 0xF8, 0x0F, 0xB9, 0xAB, 0x18, 0xBD,
    0x30, 0x8F, 0xC1, 0x6C, 0x7B, 0xB1, 0x86, 0xF3, 0x30, 0xC5, 0xB5, 0x64, 0x7F, 0x34, 0x35, 0x4A,
    0xEB, 0xA8, 0x83, 0x33, 0x54, 0x6D, 0x4C, 0x24, 0x71, 0x90, 0x79, 0x5A, 0x9F, 0x2E, 0x72, 0x2B,
    0x41, 0xBC, 0x80, 0x36, 0x97, 0xA1, 0x76, 0x1F, 0xE5, 0xDA, 0x46, 0xEE, 0x0E, 0x0E, 0x3E, 0x87,
    0xF7, 0x24, 0x70, 0xF1, 0x3A, 0x45, 0xAB, 0x96, 0xF9, 0x88, 0x77, 0x37, 0x38, 0x9E, 0x51, 0x60,
    0xEA, 0xB6, 0x34, 0x7F, 0x6C, 0xCC, 0x6D, 0xD6, 0xCF, 0x99, 0xCD, 0xFE, 0x93, 0x21, 0x6F, 0xF7,
    0x9E, 0x5B, 0xFF, 0x6D, 0xF4, 0xF7, 0x43, 0xFB, 0x72, 0x32, 0x5F, 0xF0, 0xFF, 0x5A, 0xC2, 0xCC,
    0x13, 0x07, 0x3B, 0xD4, 0x5C, 0x35, 0x5A, 0xAF, 0x2D, 0xF4, 0x3A, 0xD1, 0x6F, 0xE6, 0xC4, 0x3C,
    0x2F, 0x98, 0x59, 0x89, 0xD8, 0x85, 0x33, 0x8D, 0x0B, 0x47, 0xCB, 0x1C, 0x79, 0x5F, 0x99, 0x98,
    0x16, 0x7C, 0x3A, 0x90, 0x22, 0x5D, 0x77, 0xE0, 0x58, 0xF5, 0xB1, 0x8D, 0x4D, 0x9B, 0xD8, 0xA8,
    0xEB, 0x58, 0xA7, 0xB0, 0x4B, 0x1A, 0x6A, 0x8A, 0xF3, 0xDD, 0xAC, 0x74, 0x3F, 0x5A, 0x8E, 0x73,
    0x3F, 0xB6, 0x85, 0x79, 0x23, 0xC6, 0xC5, 0xA8, 0xB5, 0xFF, 0xE2, 0x6B, 0x25, 0x13, 0x8C, 0xFC,
    0x65, 0x13, 0x8F, 0x10, 0x7C, 0xBA, 0x11, 0x07, 0x62, 0x31, 0xD0, 0xA4, 0xC0, 0x06, 0x6B, 0x8A,
    0x3E, 0x36, 0x46, 0x68, 0x89, 0xE4, 0xDA, 0xF1, 0x6B, 0xEA, 0xE1, 0x7C, 0x3D, 0x9F, 0xFC, 0x41,
    0x93, 0x1B, 0x3E, 0xD0, 0x17, 0xF5, 0xCD, 0x8F, 0x98, 0xFC, 0x2D, 0x5F, 0xFB, 0x0B, 0x6D, 0x54,
    0x31, 0x8E, 0xD5, 0x30, 0x10, 0x75, 0x7E, 0x16, 0x45, 0xDA, 0x48, 0xFB, 0x69, 0xA8, 0x4D, 0x49,
    0x45, 0xB8, 0x81, 0x23, 0x51, 0x52, 0x73, 0x0E, 0x8E, 0xE0, 0xDC, 0x00, 0xAE, 0xC1, 0x0D, 0x68,
    0x56, 0x36, 0x4B, 0x41, 0x41, 0x13, 0x4E, 0x40, 0x44, 0x43, 0xB9, 0x2E, 0x52, 0x44, 0xAB, 0xFC,
    0x0C, 0xF3, 0x9E, 0xFD, 0x37, 0x2C, 0xFA, 0x8E, 0xF2, 0x6C, 0xD9, 0x99, 0xF1, 0x9B, 0x37, 0x33,
    0x31, 0x26, 0x8F, 0x7A, 0x00, 0xDA, 0x09, 0xE8, 0x81, 0x95, 0xF4, 0x8A, 0xED, 0x09, 0x1B, 0xDD,
    0x0C, 0x0C, 0xA3, 0xC2, 0x81, 0xDB, 0x47, 0x6E, 0x3B, 0xC1, 0xC8, 0xE8, 0x01, 0x1B, 0xD7, 0xA7,
    0xE3, 0x8A, 0xD3, 0x66, 0x33, 0xFC, 0x9E, 0xEE, 0x25, 0xD2, 0x80, 0xEE, 0x8F, 0xF4, 0xD6, 0xF2,
    0xA3, 0x9A, 0x6B, 0xC3, 0x53, 0x53, 0x7D, 0xE2, 0x01, 0xB7, 0x1C, 0x8F, 0x05, 0xD6, 0xB5, 0xC0,
    0xDA, 0x8A, 0xA8, 0x75, 0x10, 0x59, 0xD4, 0xE7, 0x87, 0x3F, 0x27, 0xE5, 0xE0, 0x7E, 0x4A, 0xEF,
    0x92, 0x8B, 0x41, 0x1F, 0x17, 0xBB, 0xF1, 0xB5, 0xF1, 0xF1, 0xD8, 0x5F, 0x99, 0x10, 0x2B, 0xD0,
    0x65, 0x44, 0xA4, 0x6B, 0x0A, 0x89, 0x1D, 0x2B, 0xE2, 0x81, 0x14, 0xEB, 0x8C, 0x0C, 0xA9, 0x5E,
    0x77, 0x3C, 0x8F, 0x86, 0x2E, 0x3A, 0x72, 0xEC, 0x12, 0x23, 0x58, 0x76, 0x8B, 0x0B, 0x01, 0xDA,
    0x99, 0x6A, 0xAC, 0x81, 0x6A, 0x84, 0x7D, 0xBD, 0xFC, 0x27, 0xE3, 0x13, 0x75, 0x23, 0x43, 0xFD,
    0x47, 0x9A, 0xB4, 0x4B, 0x53, 0x7D, 0xBE, 0x4C, 0x31, 0x63, 0x43, 0x6C, 0x97, 0x5D, 0xDC, 0x82,
    0x69, 0x47, 0xAB, 0x78, 0x6D, 0xBA, 0xE9, 0xD0, 0x77, 0x43, 0x37, 0x1D, 0x47, 0x87, 0x27, 0xD9,
    0xD9, 0x7D, 0x95, 0xA1, 0x5D, 0xDD, 0x8F, 0x4D, 0xEF, 0xF6, 0xF7, 0x33, 0x24, 0x97, 0x91, 0xA9,
    0x85, 0xA9, 0xC0, 0x73, 0x03, 0xE1, 0x95, 0x31, 0xF5, 0xBC, 0x35, 0x4F, 0x46, 0xAB, 0xEF, 0x54,
    0xE4, 0xC9, 0xB9, 0x54, 0x21, 0xC8, 0x1F, 0xA1, 0x30, 0x1C, 0x56, 0x03, 0x8C, 0x1D, 0x88, 0xF8,
    0xB1, 0x68, 0xA5, 0x4A, 0xE6, 0x68, 0xF5, 0xFC, 0xB1, 0x60, 0xA8, 0x9B, 0x8E, 0x3E, 0x94, 0xC5,
    0x20, 0xE7, 0x45, 0x2E, 0x33, 0xD9, 0x8A, 0x5C, 0x76, 0x29, 0x56, 0x5A, 0xAC, 0xF4, 0x53, 0xE1,
    0x0A, 0xBC, 0xAC, 0x3B, 0x5C, 0x63, 0xE7, 0x92, 0x30, 0x2A, 0xAE, 0x39, 0xCB, 0x25, 0x5D, 0x2B,
    0x5F, 0x0A, 0x59, 0xE9, 0xC7, 0x6F, 0x72, 0x18, 0x57, 0x44, 0xDF, 0x33, 0x4E, 0xB0, 0x6B, 0x25,
    0xB1, 0xC0, 0xC9, 0x5D, 0x2F, 0x55, 0x11, 0x94, 0x95, 0xB1, 0x0F, 0x9B, 0xE6, 0x29, 0xFC, 0xDE,
    0xBA, 0x54, 0xCB, 0x5B, 0x2D, 0xF4, 0x76, 0xAD, 0xD7, 0xFA, 0x54, 0x27, 0x4D, 0xC4, 0x62, 0x06,
    0x4D, 0xC4, 0xCB, 0x8B, 0xE9, 0x48, 0x97, 0xD2, 0xA1, 0xE4, 0x28, 0x9D, 0x53, 0x7A, 0x37, 0x8A,
    0x4D, 0xEF, 0x7B, 0x94, 0xB1, 0x1F, 0xB5, 0xA4, 0xC7, 0x6E, 0xF6, 0xDF, 0x44, 0xA5, 0x0C, 0x1F,
    0x57, 0x74, 0x00, 0x72, 0x00, 0x19, 0x40, 0x0A, 0xEC, 0xAD, 0xCC, 0x4C, 0x4D, 0xDC, 0x4B, 0xF0,
    0x4B, 0x29, 0x57, 0x3A, 0x2D, 0x32, 0x99, 0x90, 0xEB, 0x44, 0xB2, 0xD4, 0xEC, 0x24, 0xA8, 0x3C,
    0xC1, 0x2A, 0xDC, 0x2F, 0xA8, 0x41, 0xF7, 0x5D, 0x1D, 0xBA, 0xD9, 0xDD, 0x09, 0x52, 0xE3, 0x23,
    0x22, 0xD4, 0xEE, 0x71, 0x83, 0x79, 0xA5, 0xD3, 0xCD, 0xDE, 0x45, 0xA5, 0x81, 0xCA, 0x94, 0x5B,
    0xE8, 0x7C, 0x79, 0x6E, 0xA5, 0x52, 0xA2, 0x83, 0xCA, 0xF1, 0xDC, 0x1C, 0xB2, 0x2A, 0xED, 0x02,
    0x89, 0x34, 0x2D, 0xCD, 0x6A, 0x91, 0x83, 0x77, 0x4B, 0x40, 0x23, 0xFF, 0x7A, 0x80, 0xD3, 0x4E,
    0x28, 0xB1, 0x12, 0x4B, 0x8F, 0x9D, 0xAE, 0x17, 0x64, 0x67, 0x9E, 0x12, 0x1A, 0x3B, 0x72, 0x7A,
    0x06, 0x78, 0xF1, 0x5E, 0x47, 0x9F, 0xFF, 0x3C, 0x31, 0x97, 0x4B, 0x34, 0x21, 0x4F, 0x65, 0xFC,
    0x05, 0xAD, 0x93, 0xBD, 0x6E, 0xD4, 0x40, 0x14, 0x85, 0x8F, 0x67, 0x89, 0x5C, 0x8C, 0x64, 0xF7,
    0x80, 0xE4, 0x17, 0x08, 0x71, 0xBB, 0x48, 0x8E, 0xC6, 0x3D, 0x0D, 0x6F, 0x00, 0x0F, 0xB1, 0x05,
    0x45, 0x14, 0x9B, 0x50, 0x22, 0xF1, 0x0A, 0x34, 0x54, 0x54, 0x29, 0x2C, 0xC5, 0x45, 0x58, 0x0F,
    0xA2, 0xA0, 0xA0, 0x60, 0x1E, 0x61, 0xD9, 0x2D, 0x28, 0x40, 0xEC, 0x08, 0xB9, 0x30, 0xCA, 0xDA,
    0xC3, 0xF1, 0x4F, 0x22, 0x11, 0x89, 0x95, 0x90, 0x98, 0xBD, 0x67, 0xF6, 0xB3, 0xEF, 0xF5, 0xDC,
    0x9D, 0xF1, 0x59, 0x1C, 0x20, 0xDC, 0xF7, 0x11, 0xDB, 0xA8, 0x53, 0x6D, 0xB6, 0x53, 0x75, 0x9C,
    0xE3, 0x00, 0xE0, 0xBD, 0x49, 0x29, 0x65, 0x28, 0x4B, 0xED, 0xA8, 0x96, 0x52, 0x14, 0x93, 0xA1,
    0x4C, 0x47, 0xF9, 0xFD, 0x37, 0x46, 0x05, 0x10, 0xDB, 0xFB, 0x88, 0x3A, 0x40, 0xB1, 0x34, 0xE3,
    0x23, 0xAA, 0x06, 0xB8, 0xEA, 0xCD, 0xF0, 0x4A, 0xAA, 0x62, 0xA2, 0x72, 0x3B, 0x84, 0xEE, 0x57,
    0x82, 0xB0, 0x43, 0xD2, 0x77, 0x4A, 0xFA, 0x96, 0xFF, 0x3C, 0xC9, 0x4B, 0xEF, 0x09, 0xB2, 0x86,
    0x8B, 0xB8, 0x46, 0x75, 0x9E, 0xB3, 0x6C, 0xEA, 0x4C, 0xD6, 0x60, 0x09, 0xB5, 0xC2, 0xAD, 0xF1,
    0xF7, 0xE6, 0x27, 0x5C, 0x2A, 0xE6, 0xBD, 0x7B, 0x43, 0xA2, 0xE3, 0x65, 0x97, 0x32, 0x91, 0xFF,
    0x87, 0xE6, 0x4F, 0x81, 0x62, 0x4F, 0xDC, 0x41, 0xE1, 0x70, 0xE1, 0xF4, 0x52, 0xEA, 0x4B, 0x5F,
    0x17, 0x8C, 0x30, 0x2F, 0x62, 0x14, 0xEF, 0x50, 0x59, 0x9C, 0xA6, 0x58, 0x00, 0xFC, 0xD5, 0xA5,
    0x30, 0x65, 0x6C, 0x2A, 0x37, 0xC4, 0xC6, 0x2C, 0x67, 0xA6, 0xBC, 0x15, 0xD2, 0x94, 0xD5, 0x90,
    0xBD, 0x32, 0xD5, 0x0B, 0x53, 0xCC, 0x0C, 0x18, 0x82, 0x2F, 0xCF, 0xE7, 0xE9, 0xCB, 0x51, 0xA9,
    0x7C, 0x0E, 0x2B, 0x5F, 0x53, 0x0E, 0x36, 0xEE, 0xF0, 0xD3, 0xD5, 0x70, 0x2E, 0xF7, 0xDD, 0xB7,
    0x5C, 0x75, 0x32, 0xCF, 0xAC, 0xCC, 0x4F, 0xA9, 0xC7, 0x14, 0x6B, 0xCE, 0xC6, 0xBA, 0x5E, 0x55,
    0x8B, 0x2B, 0x67, 0x3C, 0xD6, 0x46, 0xEE, 0x65, 0x9E, 0x35, 0x63, 0xED, 0x62, 0xA8, 0x13, 0x29,
    0x68, 0x8F, 0x41, 0xFD, 0x9E, 0xBD, 0xB7, 0x9C, 0xEE, 0xBE, 0xE1, 0x14, 0x73, 0x75, 0xC1, 0x47,
    0xE0, 0xB5, 0x0F, 0x97, 0x08, 0xD7, 0x1F, 0x2D, 0x7C, 0x3B, 0x8F, 0xB5, 0x12, 0x9A, 0x87, 0x6C,
    0xE7, 0x47, 0x2B, 0x27, 0xB4, 0xC3, 0x83, 0xF3, 0xF9, 0xE1, 0xC5, 0x27, 0xA1, 0xBF, 0xE6, 0x09,
    0x49, 0x3D, 0x12, 0x7A, 0xA3, 0x9F, 0x91, 0x22, 0x29, 0xF4, 0x5A, 0x9F, 0x93, 0x02, 0xD2, 0x6A,
    0xB5, 0x9F, 0x16, 0x13, 0x7D, 0x31, 0xF3, 0x89, 0xD6, 0x3A, 0x99, 0x68, 0xA3, 0x0F, 0xAF, 0x29,
    0x0F, 0x27, 0xDA, 0x42, 0xDA, 0x91, 0x3A, 0xCC, 0x26, 0xDA, 0xC1, 0x9B, 0x88, 0xA6, 0xAD, 0x07,
    0x7A, 0xCF, 0x6D, 0x25, 0x03, 0x7D, 0xD0, 0xF4, 0xF7, 0x40, 0x9F, 0xB9, 0x37, 0xBF, 0xE9, 0xA9,
    0xED, 0xF7, 0x3B, 0x50, 0xDD, 0xBF, 0xE9, 0x13, 0x12, 0x0F, 0x9D, 0x23, 0x22, 0xF5, 0x7F, 0x1E,
    0x16, 0x7E, 0x0F, 0xE4, 0xF1, 0x68, 0xBE, 0x5D, 0x20, 0xEB, 0xD1, 0x12, 0xC7, 0x81, 0xD4, 0x23,
    0x85, 0xAF, 0xE2, 0xC9, 0x26, 0xE2, 0x47, 0x79, 0xED, 0x98, 0xEA, 0xC6, 0x3B, 0x51, 0xFA, 0xA7,
    0x81, 0x7F, 0x03, 0xA5, 0x90, 0xC1, 0x0D, 0x82, 0x40, 0x10, 0x45, 0xBF, 0x12, 0x25, 0x91, 0x03,
    0x76, 0x60, 0x09, 0x96, 0xB0, 0x76, 0x06, 0x56, 0xE0, 0xC9, 0x26, 0x6C, 0x62, 0x29, 0x81, 0x12,
    0xB6, 0x04, 0x0E, 0x1E, 0x8C, 0x51, 0xBE, 0x7F, 0x06, 0xC5, 0xF5, 0xEC, 0x1C, 0x78, 0x21, 0x7F,
    0xB2, 0x33, 0x6F, 0x00, 0x60, 0x0B, 0xAB, 0x1D, 0x4F, 0x49, 0x20, 0x9B, 0x01, 0x28, 0xC8, 0x20,
    0x94, 0x3C, 0x1B, 0xEA, 0x07, 0x42, 0x2F, 0xDC, 0xB0, 0xB1, 0xC6, 0xAB, 0xF7, 0xEF, 0x07, 0xFB,
    0x2E, 0x22, 0xC9, 0x0E, 0x15, 0xBF, 0x68, 0xB1, 0x8E, 0xF7, 0x8B, 0x80, 0xA6, 0x5F, 0xF0, 0x00,
    0xC4, 0x6E, 0x49, 0xCC, 0x60, 0x57, 0xE4, 0x68, 0x8B, 0x51, 0xAF, 0xF0, 0x50, 0x3E, 0x01, 0xE5,
    0xD5, 0x63, 0x86, 0xF2, 0x3A, 0xC3, 0x88, 0x5A, 0x6F, 0x96, 0xA3, 0x16, 0xED, 0xA0, 0xEE, 0x9D,
    0xFE, 0xAC, 0x0D, 0xBE, 0x9F, 0xE3, 0x96, 0x2D, 0xB6, 0xA2, 0x63, 0xAF, 0x66, 0x55, 0xA0, 0x47,
    0x61, 0xEA, 0xC8, 0xEA, 0xE3, 0xCE, 0xAB, 0xBB, 0x1B, 0xE4, 0x4E, 0x77, 0x3F, 0x36, 0x6F, 0xF7,
    0xC1, 0xDF, 0x36, 0xC8, 0x3D, 0x24, 0x1F, 0xD1, 0xF4, 0xE6, 0x9E, 0x62, 0x6F, 0xD2, 0x29, 0xBA,
    0x7B, 0xD2, 0x30, 0xB9, 0xB7, 0x36, 0x53, 0xB9, 0x9D, 0x40, 0xC1, 0x04, 0xBF, 0x04, 0x7F, 0x4F,
    0xD0, 0x1A, 0x14, 0xD8, 0x09, 0x14, 0xBC, 0x61, 0x97, 0x28, 0xE6, 0x13, 0x54, 0x1F, 0x77, 0x97,
    0xCE, 0xF0, 0x9F, 0xFB, 0x0B, 0x55, 0x92, 0x41, 0x4A, 0xC3, 0x40, 0x14, 0x86, 0xFF, 0x64, 0xD0,
    0x0A, 0x91, 0x76, 0xA3, 0x2E, 0x44, 0x9A, 0xBD, 0x14, 0x7A, 0x81, 0x6A, 0xA2, 0x5E, 0x41, 0xCF,
    0xE1, 0x26, 0x4B, 0x25, 0x39, 0x82, 0x1B, 0x8F, 0x20, 0x48, 0x37, 0xE6, 0x00, 0x4A, 0xE6, 0x08,
    0x59, 0xB9, 0x0E, 0xD8, 0x8D, 0x6E, 0x7C, 0x42, 0x84, 0xB4, 0x94, 0x3E, 0xDF, 0x9B, 0x89, 0x88,
    0xC3, 0x24, 0xDF, 0xCB, 0x30, 0x79, 0xF3, 0xFF, 0x7F, 0x02, 0x00, 0x7B, 0xF0, 0x83, 0x0B, 0xCF,
    0xB7, 0xDA, 0x21, 0xA8, 0xA9, 0x67, 0xF9, 0x8F, 0xA1, 0xF5, 0x34, 0xBF, 0x2C, 0x3C, 0x47, 0xF0,
    0xFB, 0x4F, 0xD0, 0xB8, 0x6D, 0x6D, 0x68, 0xF7, 0x75, 0xD9, 0x86, 0x9F, 0x6C, 0x81, 0x53, 0x98,
    0xCD, 0xBD, 0xEC, 0x20, 0x44, 0x05, 0x4A, 0xE9, 0x26, 0x2F, 0xA0, 0x3C, 0x7E, 0xB2, 0x4A, 0xCA,
    0x37, 0x29, 0x06, 0xAF, 0x15, 0x65, 0xDA, 0x90, 0x79, 0xAD, 0x8C, 0x5A, 0x8C, 0x95, 0xB1, 0xC5,
    0x50, 0x99, 0x7B, 0x86, 0x5F, 0x0D, 0x6E, 0x33, 0x6D, 0xCC, 0xDC, 0x09, 0x77, 0xB0, 0x9A, 0x2B,
    0xB5, 0xE5, 0xC4, 0xD1, 0xE2, 0x48, 0x29, 0x3A, 0xDC, 0x33, 0xF8, 0xFD, 0x39, 0xE7, 0x14, 0x01,
    0x33, 0x25, 0xDC, 0x8A, 0xF0, 0x81, 0x38, 0xCD, 0x53, 0x63, 0x8D, 0x30, 0x5A, 0x9E, 0x7F, 0x47,
    0xA9, 0xEC, 0xAA, 0x98, 0xD9, 0x19, 0xB8, 0x3A, 0x7B, 0x74, 0x7E, 0x2F, 0x7D, 0x1C, 0xA1, 0x1C,
    0xE3, 0x8A, 0x7C, 0x11, 0x54, 0x1A, 0x4D, 0xD8, 0xF9, 0x0B, 0x23, 0x0D, 0x6C, 0xEA, 0x2C, 0xCB,
    0x18, 0x58, 0xF4, 0x09, 0x90, 0x1C, 0xE1, 0x8A, 0x19, 0x5C, 0x67, 0x60, 0xAC, 0x26, 0x7D, 0x48,
    0x13, 0xF4, 0xA9, 0xCD, 0xFA, 0xC2, 0x66, 0x88, 0x0B, 0x4C, 0x53, 0xCD, 0x37, 0xB1, 0x3A, 0x1B,
    0x42, 0x52, 0xAB, 0x5D, 0xA2, 0x7E, 0x85, 0x1A, 0xC4, 0xA9, 0xCE, 0xB2, 0xE9, 0x3F, 0xD6, 0x5F,
    0x41, 0x7D, 0x41, 0x34, 0x5A, 0xA6, 0x38, 0x60, 0x50, 0xB9, 0x7B, 0xC8, 0xBC, 0xBA, 0x40, 0x93,
    0x79, 0x85, 0x41, 0x3D, 0x8B, 0xF8, 0x63, 0x5E, 0x6D, 0x8C, 0x9D, 0x48, 0xB8, 0x12, 0xAF, 0x29,
    0x86, 0xD0, 0x82, 0x22, 0x51, 0x98, 0x74, 0x21, 0xDB, 0xB1, 0xC6, 0xB2, 0x08, 0x5E, 0x44, 0xB3,
    0xE8, 0x9F, 0xCA, 0xBF, 0x20, 0x7D, 0x6F, 0x9C, 0x40, 0xF1, 0x1C, 0xBB, 0x3E, 0xE2, 0xC5, 0xB4,
    0x12, 0xCC, 0xDA, 0xA5, 0x71, 0x87, 0x6B, 0xF7, 0xA3, 0x6C, 0x33, 0x2F, 0xBD, 0x82, 0xAD, 0x07,
    0xBD, 0xFF, 0x00,
};

static const EpdGlyph bitter_16_bolditalicGlyphs[] = {
    { 0, 0, 94, 0, 0, 0, 0 }, // U+0020
    { 9, 25, 167, 1, 24, 57, 0 }, // !
    { 12, 10, 225, 3, 26, 30, 57 }, // "
    { 22, 24, 345, 0, 24, 132, 87 }, // #
    { 19, 33, 322, 1, 28, 157, 219 }, // $
    { 25, 25, 447, 2, 24, 157, 376 }, // %
    { 22, 25, 359, 1, 24, 138, 533 }, // &
    { 6, 10, 127, 3, 26, 15, 671 }, // '
    { 12, 35, 166, 1, 30, 105, 686 }, // (
    { 13, 35, 166, -2, 30, 114, 791 }, // )
    { 13, 12, 226, 2, 26, 39, 905 }, // *
    { 17, 17, 288, 1, 20, 73, 944 }, // +
    { 8, 11, 136, -2, 5, 22, 1017 }, // ,
    { 12, 5, 218, 1, 12, 15, 1039 }, // -
    { 6, 6, 138, 0, 5, 9, 1054 }, // .
    { 17, 30, 174, -3, 27, 128, 1063 }, // /
    { 19, 21, 334, 1, 20, 100, 1191 }, // 0
    { 13, 20, 230, 0, 20, 65, 1291 }, // 1
    { 18, 20, 304, 0, 20, 90, 1356 }, // 2
    { 20, 25, 294, -2, 20, 125, 1446 }, // 3
    { 20, 24, 315, -1, 20, 120, 1571 }, // 4
    { 19, 25, 283, -2, 20, 119, 1691 }, // 5
    { 19, 25, 319, 1, 24, 119, 1810 }, // 6
    { 18, 25, 287, 1, 20, 113, 1929 }, // 7
    { 19, 25, 319, 1, 24, 119, 2042 }, // 8
    { 19, 25, 319, 0, 20, 119, 2161 }, // 9
    { 8, 17, 138, 0, 16, 34, 2280 }, // :
    { 10, 22, 138, -2, 16, 55, 2314 }, // ;
    { 17, 16, 276, 1, 20, 68, 2369 }, // <
    { 17, 11, 344, 3, 17, 47, 2437 }, // =
    { 16, 16, 276, 1, 20, 64, 2484 }, // >
    { 14, 25, 231, 2, 24, 88, 2548 }, // ?
    { 27, 27, 465, 1, 23, 183, 2636 }, // @
    { 24, 24, 366, -2, 24, 144, 2819 }, // A
    { 22, 24, 340, -1, 24, 132, 2963 }, // B
    { 20, 25, 328, 1, 24, 125, 3095 }, // C
    { 24, 24, 374, -1, 24, 144, 3220 }, // D
    { 21, 24, 317, -1, 24, 126, 3364 }, // E
    { 21, 24, 293, -1, 24, 126, 3490 }, // F
    { 22, 25, 373, 1, 24, 138, 3616 }, // G
    { 28, 24, 407, -1, 24, 168, 3754 }, // H
    { 15, 24, 192, -1, 24, 90, 3922 }, // I
    { 17, 30, 181, -4, 24, 128, 4012 }, // J
    { 26, 24, 373, -1, 24, 156, 4140 }, // K
    { 19, 24, 291, -1, 24, 114, 4296 }, // L
    { 31, 24, 452, -1, 24, 186, 4410 }, // M
    { 28, 24, 398, -1, 24, 168, 4596 }, // N
    { 23, 25, 382, 1, 24, 144, 4764 }, // O
    { 22, 24, 318, -1, 24, 132, 4908 }, // P
    { 24, 31, 383, 1, 24, 186, 5040 }, // Q
    { 22, 24, 346, -1, 24, 132, 5226 }, // R
    { 20, 25, 313, 0, 24, 125, 5358 }, // S
    { 20, 24, 319, 2, 24, 120, 5483 }, // T
    { 24, 25, 385, 2, 24, 150, 5603 }, // U
    { 24, 25, 373, 2, 24, 150, 5753 }, // V
    { 34, 25, 529, 2, 24, 213, 5903 }, // W
    { 26, 24, 370, -1, 24, 156, 6116 }, // X
    { 22, 24, 340, 2, 24, 132, 6272 }, // Y
    { 22, 24, 323, -1, 24, 132, 6404 }, // Z
    { 14, 33, 179, 0, 29, 116, 6536 }, // [
    { 8, 30, 174, 2, 27, 60, 6652 }, // <backslash>
    { 14, 33, 179, -2, 29, 116, 6712 }, // ]
    { 17, 13, 267, 0, 30, 56, 6828 }, // ^
    { 18, 4, 252, -3, -2, 18, 6884 }, // _
    { 10, 8, 205, 4, 28, 20, 6902 }, // `
    { 19, 20, 315, 0, 19, 95, 6922 }, // a
    { 19, 27, 307, 0, 26, 129, 7017 }, // b
    { 17, 20, 259, 0, 19, 85, 7146 }, // c
    { 20, 27, 316, 0, 26, 135, 7231 }, // d
    { 17, 20, 276, 0, 19, 85, 7366 }, // e
    { 22, 36, 193, -5, 27, 198, 7451 }, // f
    { 20, 28, 307, -1, 19, 140, 7649 }, // g
    { 19, 27, 320, 0, 26, 129, 7789 }, // h
    { 10, 28, 164, 1, 27, 70, 7918 }, // i
    { 15, 36, 156, -5, 27, 135, 7988 }, // j
    { 20, 26, 303, 0, 26, 130, 8123 }, // k
    { 10, 27, 156, 0, 26, 68, 8253 }, // l
    { 28, 20, 482, 1, 19, 140, 8321 }, // m
    { 19, 20, 329, 1, 19, 95, 8461 }, // n
    { 18, 20, 299, 0, 19, 90, 8556 }, // o
    { 22, 27, 316, -3, 19, 149, 8646 }, // p
    { 19, 27, 307, 0, 19, 129, 8795 }, // q
    { 15, 19, 232, 1, 19, 72, 8924 }, // r
    { 16, 20, 263, 0, 19, 80, 8996 }, // s
    { 13, 24, 210, 1, 23, 78, 9076 }, // t
    { 19, 19, 329, 1, 18, 91, 9154 }, // u
    { 20, 19, 289, 0, 18, 95, 9245 }, // v
    { 29, 19, 437, 0, 18, 138, 9340 }, // w
    { 20, 19, 294, -1, 19, 95, 9478 }, // x
    { 22, 27, 288, -2, 18, 149, 9573 }, // y
    { 18, 18, 263, -1, 18, 81, 9722 }, // z
    { 14, 33, 186, 0, 29, 116, 9803 }, // {
    { 9, 32, 163, 1, 28, 72, 9919 }, // |
    { 14, 33, 186, -1, 29, 116, 9991 }, // }
    { 17, 6, 327, 2, 15, 26, 10107 }, // ~
    { 0, 0, 94, 0, 0, 0, 0 }, // U+00A0
    { 9, 25, 167, 0, 17, 57, 0 }, // U+00A1
    { 15, 26, 284, 2, 25, 98, 57 }, // U+00A2
    { 21, 24, 340, 0, 24, 126, 155 }, // U+00A3
    { 20, 18, 342, 1, 19, 90, 281 }, // U+00A4
    { 21, 24, 364, 3, 24, 126, 371 }, // U+00A5
    { 9, 32, 163, 1, 28, 72, 497 }, // U+00A6
    { 18, 31, 288, 0, 24, 140, 569 }, // U+00A7
    { 12, 6, 241, 4, 26, 18, 709 }, // U+00A8
    { 26, 25, 458, 2, 24, 163, 727 }, // U+00A9
    { 16, 19, 262, 1, 24, 76, 890 }, // U+00AA
    { 16, 16, 271, 1, 17, 64, 966 }, // U+00AB
    { 18, 11, 333, 1, 14, 50, 1030 }, // U+00AC
    { 0, 0, 0, 0, 0, 0, 1080 }, // U+00AD
    { 21, 21, 379, 2, 26, 111, 1080 }, // U+00AE
    { 12, 4, 211, 3, 26, 12, 1191 }, // U+00AF
    { 12, 11, 222, 2, 25, 33, 1203 }, // U+00B0
    { 18, 21, 299, 0, 22, 95, 1236 }, // U+00B1
    { 12, 15, 191, 1, 27, 45, 1331 }, // U+00B2
    { 13, 16, 195, 1, 27, 52, 1376 }, // U+00B3
    { 11, 8, 201, 2, 28, 22, 1428 }, // U+00B4
    { 20, 26, 362, 1, 18, 130, 1450 }, // U+00B5
    { 20, 30, 335, 2, 24, 150, 1580 }, // U+00B6
    { 7, 6, 138, 1, 14, 11, 1730 }, // U+00B7
    { 9, 9, 188, -1, 0, 21, 1741 }, // U+00B8
    { 10, 15, 154, 1, 27, 38, 1762 }, // U+00B9
    { 16, 19, 235, 0, 24, 76, 1800 }, // U+00BA
    { 16, 16, 271, 0, 17, 64, 1876 }, // U+00BB
    { 27, 25, 466, 1, 24, 169, 1940 }, // U+00BC
    { 28, 25, 471, 1, 24, 175, 2109 }, // U+00BD
    { 30, 25, 490, 0, 24, 188, 2284 }, // U+00BE
    { 14, 26, 221, -1, 19, 91, 2472 }, // U+00BF
    { 24, 32, 366, -2, 32, 192, 2563 }, // U+00C0
    { 24, 32, 366, -2, 32, 192, 2755 }, // U+00C1
    { 24, 32, 366, -2, 32, 192, 2947 }, // U+00C2
    { 24, 31, 366, -2, 31, 186, 3139 }, // U+00C3
    { 24, 31, 366, -2, 31, 186, 3325 }, // U+00C4
    { 24, 33, 366, -2, 33, 198, 3511 }, // U+00C5
    { 33, 24, 488, -2, 24, 198, 3709 }, // U+00C6
    { 20, 33, 328, 1, 24, 165, 3907 }, // U+00C7
    { 21, 32, 317, -1, 32, 168, 4072 }, // U+00C8
    { 21, 32, 317, -1, 32, 168, 4240 }, // U+00C9
    { 21, 32, 317, -1, 32, 168, 4408 }, // U+00CA
    { 21, 31, 317, -1, 31, 163, 4576 }, // U+00CB
    { 15, 32, 192, -1, 32, 120, 4739 }, // U+00CC
    { 15, 32, 192, -1, 32, 120, 4859 }, // U+00CD
    { 16, 32, 192, -1, 32, 128, 4979 }, // U+00CE
    { 16, 31, 192, -1, 31, 124, 5107 }, // U+00CF
    { 24, 24, 374, -1, 24, 144, 5231 }, // U+00D0
    { 28, 31, 398, -1, 31, 217, 5375 }, // U+00D1
    { 23, 33, 382, 1, 32, 190, 5592 }, // U+00D2
    { 23, 33, 382, 1, 32, 190, 5782 }, // U+00D3
    { 23, 33, 382, 1, 32, 190, 5972 }, // U+00D4
    { 23, 32, 382, 1, 31, 184, 6162 }, // U+00D5
    { 23, 32, 382, 1, 31, 184, 6346 }, // U+00D6
    { 16, 15, 273, 1, 19, 60, 6530 }, // U+00D7
    { 23, 30, 387, 1, 27, 173, 6590 }, // U+00D8
    { 24, 33, 385, 2, 32, 198, 6763 }, // U+00D9
    { 24, 33, 385, 2, 32, 198, 6961 }, // U+00DA
    { 24, 33, 385, 2, 32, 198, 7159 }, // U+00DB
    { 24, 32, 385, 2, 31, 192, 7357 }, // U+00DC
    { 22, 32, 340, 2, 32, 176, 7549 }, // U+00DD
    { 21, 24, 312, -1, 24, 126, 7725 }, // U+00DE
    { 26, 36, 358, -4, 27, 234, 7851 }, // U+00DF
    { 19, 29, 315, 0, 28, 138, 8085 }, // U+00E0
    { 19, 29, 315, 0, 28, 138, 8223 }, // U+00E1
    { 19, 29, 315, 0, 28, 138, 8361 }, // U+00E2
    { 19, 28, 315, 0, 27, 133, 8499 }, // U+00E3
    { 19, 27, 315, 0, 26, 129, 8632 }, // U+00E4
    { 19, 30, 315, 0, 29, 143, 8761 }, // U+00E5
    { 27, 20, 430, 0, 19, 135, 8904 }, // U+00E6
    { 17, 28, 259, 0, 19, 119, 9039 }, // U+00E7
    { 17, 29, 275, 0, 28, 124, 9158 }, // U+00E8
    { 17, 29, 275, 0, 28, 124, 9282 }, // U+00E9
    { 18, 29, 275, 0, 28, 131, 9406 }, // U+00EA
    { 18, 27, 275, 0, 26, 122, 9537 }, // U+00EB
    { 11, 29, 164, 1, 28, 80, 9659 }, // U+00EC
    { 12, 29, 164, 1, 28, 87, 9739 }, // U+00ED
    { 11, 29, 164, 1, 28, 80, 9826 }, // U+00EE
    { 12, 27, 165, 1, 26, 81, 9906 }, // U+00EF
    { 18, 28, 302, 0, 27, 126, 9987 }, // U+00F0
    { 19, 28, 329, 1, 27, 133, 10113 }, // U+00F1
    { 18, 29, 299, 0, 28, 131, 10246 }, // U+00F2
    { 18, 29, 299, 0, 28, 131, 10377 }, // U+00F3
    { 18, 29, 299, 0, 28, 131, 10508 }, // U+00F4
    { 19, 28, 299, 0, 27, 133, 10639 }, // U+00F5
    { 18, 27, 299, 0, 26, 122, 10772 }, // U+00F6
    { 16, 19, 344, 3, 21, 76, 10894 }, // U+00F7
    { 20, 25, 311, 0, 21, 125, 10970 }, // U+00F8
    { 19, 29, 329, 1, 28, 138, 11095 }, // U+00F9
    { 19, 29, 329, 1, 28, 138, 11233 }, // U+00FA
    { 19, 29, 329, 1, 28, 138, 11371 }, // U+00FB
    { 19, 27, 329, 1, 26, 129, 11509 }, // U+00FC
    { 22, 37, 288, -2, 28, 204, 11638 }, // U+00FD
    { 22, 34, 308, -3, 26, 187, 11842 }, // U+00FE
    { 22, 35, 288, -2, 26, 193, 12029 }, // U+00FF
    { 0, 0, 267, 0, 0, 0, 0 }, // U+2007
    { 0, 0, 138, 0, 0, 0, 0 }, // U+2008
    { 0, 0, 47, 0, 0, 0, 0 }, // U+2009
    { 0, 0, 53, 0, 0, 0, 0 }, // U+200A
    { 0, 0, 0, 0, 0, 0, 0 }, // U+200B
    { 0, 0, 0, 0, 0, 0, 0 }, // U+200C
    { 0, 0, 0, 0, 0, 0, 0 }, // U+200D
    { 0, 0, 0, 0, 0, 0, 0 }, // U+200E
    { 0, 0, 0, 0, 0, 0, 0 }, // U+200F
    { 12, 5, 215, 1, 12, 15, 0 }, // U+2010
    { 19, 4, 330, 1, 14, 19, 15 }, // U+2012
    { 17, 5, 307, 1, 12, 22, 34 }, // U+2013
    { 25, 5, 432, 1, 12, 32, 56 }, // U+2014
    { 25, 5, 432, 1, 12, 32, 88 }, // U+2015
    { 19, 9, 252, -4, -2, 43, 120 }, // U+2017
    { 7, 11, 114, 2, 27, 20, 163 }, // U+2018
    { 7, 11, 115, 2, 27, 20, 183 }, // U+2019
    { 8, 11, 115, -2, 5, 22, 203 }, // U+201A
    { 7, 12, 148, 3, 27, 21, 225 }, // U+201B
    { 14, 11, 216, 2, 27, 39, 246 }, // U+201C
    { 14, 11, 216, 2, 27, 39, 285 }, // U+201D
    { 14, 11, 216, -2, 5, 39, 324 }, // U+201E
    { 15, 26, 250, 1, 23, 98, 363 }, // U+2020
    { 15, 26, 250, 1, 23, 98, 461 }, // U+2021
    { 12, 12, 223, 1, 16, 36, 559 }, // U+2022
    { 16, 6, 324, 1, 5, 24, 595 }, // U+2025
    { 24, 6, 411, 0, 5, 36, 619 }, // U+2026
    { 0, 0, 0, 0, 0, 0, 655 }, // U+202A
    { 0, 0, 0, 0, 0, 0, 655 }, // U+202B
    { 0, 0, 0, 0, 0, 0, 655 }, // U+202C
    { 0, 0, 0, 0, 0, 0, 655 }, // U+202D
    { 0, 0, 0, 0, 0, 0, 655 }, // U+202E
    { 37, 25, 649, 2, 24, 232, 655 }, // U+2030
    { 8, 10, 159, 3, 26, 20, 887 }, // U+2032
    { 14, 10, 252, 3, 26, 35, 907 }, // U+2033
    { 9, 16, 158, 1, 17, 36, 942 }, // U+2039
    { 9, 16, 158, 0, 17, 36, 978 }, // U+203A
    { 17, 25, 290, 1, 24, 107, 1014 }, // U+203C
    { 14, 4, 240, 2, 23, 14, 1121 }, // U+203E
    { 21, 25, 135, -6, 24, 132, 1135 }, // U+2044
    { 0, 0, 0, 0, 0, 0, 1267 }, // U+2060
    { 0, 0, 0, 0, 0, 0, 1267 }, // U+2061
    { 0, 0, 0, 0, 0, 0, 1267 }, // U+2062
    { 0, 0, 0, 0, 0, 0, 1267 }, // U+2063
    { 0, 0, 0, 0, 0, 0, 1267 }, // U+2064
    { 0, 0, 0, 0, 0, 0, 1267 }, // U+2066
    { 0, 0, 0, 0, 0, 0, 1267 }, // U+2067
    { 0, 0, 0, 0, 0, 0, 1267 }, // U+2068
    { 0, 0, 0, 0, 0, 0, 1267 }, // U+2069
    { 0, 0, 0, 0, 0, 0, 1267 }, // U+206A
    { 0, 0, 0, 0, 0, 0, 1267 }, // U+206B
    { 0, 0, 0, 0, 0, 0, 1267 }, // U+206C
    { 0, 0, 0, 0, 0, 0, 1267 }, // U+206D
    { 0, 0, 0, 0, 0, 0, 1267 }, // U+206E
    { 0, 0, 0, 0, 0, 0, 1267 }, // U+206F
    { 20, 33, 352, 2, 28, 165, 0 }, // U+20A1
    { 21, 24, 326, 1, 24, 126, 165 }, // U+20A3
    { 21, 24, 347, 0, 24, 126, 291 }, // U+20A4
    { 28, 24, 460, 1, 24, 168, 417 }, // U+20A6
    { 23, 24, 379, 1, 24, 138, 585 }, // U+20A7
    { 35, 25, 579, 2, 24, 219, 723 }, // U+20A9
    { 23, 31, 316, -1, 26, 179, 942 }, // U+20AB
    { 23, 25, 376, 1, 24, 144, 1121 }, // U+20AC
    { 25, 24, 412, 1, 24, 150, 1265 }, // U+20AD
    { 20, 24, 350, 3, 24, 120, 1415 }, // U+20AE
    { 24, 24, 387, 1, 24, 144, 1535 }, // U+20B1
    { 22, 33, 386, 2, 28, 182, 1679 }, // U+20B2
    { 19, 25, 355, 2, 24, 119, 1861 }, // U+20B4
    { 20, 33, 352, 2, 28, 165, 1980 }, // U+20B5
    { 21, 24, 320, 1, 24, 126, 2145 }, // U+20B8
    { 19, 24, 330, 2, 24, 114, 2271 }, // U+20B9
    { 20, 24, 352, 1, 24, 120, 2385 }, // U+20BA
    { 30, 28, 488, -1, 28, 210, 2505 }, // U+20BC
    { 21, 24, 342, 1, 24, 126, 2715 }, // U+20BD
    { 24, 23, 385, 1, 23, 138, 0 }, // U+2190
    { 22, 24, 359, 1, 24, 132, 138 }, // U+2191
    { 24, 23, 399, 1, 23, 138, 270 }, // U+2192
    { 22, 24, 343, 0, 24, 132, 408 }, // U+2193
    { 33, 23, 547, 1, 23, 190, 540 }, // U+2194
    { 24, 34, 371, 0, 29, 204, 730 }, // U+2195
    { 26, 37, 383, -1, 29, 241, 934 }, // U+21A8
    { 8, 22, 165, 1, 22, 44, 0 }, // U+2669
    { 13, 22, 240, 1, 22, 72, 44 }, // U+266A
    { 19, 25, 342, 1, 23, 119, 116 }, // U+266B
    { 19, 25, 342, 1, 23, 119, 235 }, // U+266C
    { 9, 21, 185, 1, 20, 48, 354 }, // U+266D
    { 10, 21, 190, 1, 14, 53, 402 }, // U+266E
    { 16, 28, 295, 1, 20, 112, 455 }, // U+266F
    { 38, 35, 677, 2, 29, 333, 567 }, // U+2764
    { 27, 36, 342, -5, 27, 243, 0 }, // U+FB01
    { 27, 36, 347, -5, 27, 243, 243 }, // U+FB02
    { 32, 35, 677, 5, 29, 280, 0 }, // U+1F44D
    { 34, 35, 677, 4, 29, 298, 280 }, // U+1F600
};

static const EpdUnicodeInterval bitter_16_bolditalicIntervals[] = {
    { 0x20, 0x7E, 0x0 },
    { 0xA0, 0xFF, 0x5F },
    { 0x2007, 0x2010, 0xBF },
    { 0x2012, 0x2015, 0xC9 },
    { 0x2017, 0x201E, 0xCD },
    { 0x2020, 0x2022, 0xD5 },
    { 0x2025, 0x2026, 0xD8 },
    { 0x202A, 0x202E, 0xDA },
    { 0x2030, 0x2030, 0xDF },
    { 0x2032, 0x2033, 0xE0 },
    { 0x2039, 0x203A, 0xE2 },
    { 0x203C, 0x203C, 0xE4 },
    { 0x203E, 0x203E, 0xE5 },
    { 0x2044, 0x2044, 0xE6 },
    { 0x2060, 0x2064, 0xE7 },
    { 0x2066, 0x206F, 0xEC },
    { 0x20A1, 0x20A1, 0xF6 },
    { 0x20A3, 0x20A4, 0xF7 },
    { 0x20A6, 0x20A7, 0xF9 },
    { 0x20A9, 0x20A9, 0xFB },
    { 0x20AB, 0x20AE, 0xFC },
    { 0x20B1, 0x20B2, 0x100 },
    { 0x20B4, 0x20B5, 0x102 },
    { 0x20B8, 0x20BA, 0x104 },
    { 0x20BC, 0x20BD, 0x107 },
    { 0x2190, 0x2195, 0x109 },
    { 0x21A8, 0x21A8, 0x10F },
    { 0x2669, 0x266F, 0x110 },
    { 0x2764, 0x2764, 0x117 },
    { 0xFB01, 0xFB02, 0x118 },
    { 0x1F44D, 0x1F44D, 0x11A },
    { 0x1F600, 0x1F600, 0x11B },
};

static const EpdFontGroup bitter_16_bolditalicGroups[] = {
    { 0, 4745, 10887, 95, 0 },
    { 4745, 4258, 12962, 96, 95 },
    { 9003, 716, 1398, 55, 191 },
    { 9719, 1399, 2998, 19, 246 },
    { 11118, 547, 1234, 7, 265 },
    { 11665, 466, 970, 8, 272 },
    { 12131, 210, 504, 2, 280 },
    { 12341, 350, 595, 2, 282 },
};

static const EpdKernClassEntry bitter_16_bolditalicKernLeftClasses[] = {
    { 0x0021, 1 }, // !
    { 0x0022, 2 }, // "
    { 0x0024, 3 }, // $
    { 0x0026, 4 }, // &
    { 0x0027, 2 }, // '
    { 0x0028, 5 }, // (
    { 0x002C, 6 }, // ,
    { 0x002D, 7 }, // -
    { 0x002E, 6 }, // .
    { 0x002F, 8 }, // /
    { 0x0030, 9 }, // 0
    { 0x0031, 10 }, // 1
    { 0x0032, 11 }, // 2
    { 0x0033, 12 }, // 3
    { 0x0034, 13 }, // 4
    { 0x0035, 14 }, // 5
    { 0x0036, 15 }, // 6
    { 0x0037, 16 }, // 7
    { 0x0038, 17 }, // 8
    { 0x0039, 18 }, // 9
    { 0x003A, 19 }, // :
    { 0x003B, 19 }, // ;
    { 0x003F, 20 }, // ?
    { 0x0040, 21 }, // @
    { 0x0041, 22 }, // A
    { 0x0042, 23 }, // B
    { 0x0043, 24 }, // C
    { 0x0044, 21 }, // D
    { 0x0045, 25 }, // E
    { 0x0046, 26 }, // F
    { 0x0047, 27 }, // G
    { 0x0048, 28 }, // H
    { 0x0049, 28 }, // I
    { 0x004A, 29 }, // J
    { 0x004B, 30 }, // K
    { 0x004C, 31 }, // L
    { 0x004D, 28 }, // M
    { 0x004E, 28 }, // N
    { 0x004F, 21 }, // O
    { 0x0050, 32 }, // P
    { 0x0051, 33 }, // Q
    { 0x0052, 34 }, // R
    { 0x0053, 3 }, // S
    { 0x0054, 35 }, // T
    { 0x0055, 29 }, // U
    { 0x0056, 36 }, // V
    { 0x0057, 36 }, // W
    { 0x0058, 30 }, // X
    { 0x0059, 37 }, // Y
    { 0x005A, 38 }, // Z
    { 0x005B, 39 }, // [
    { 0x005C, 40 }, // <backslash>
    { 0x005F, 41 }, // _
    { 0x0061, 42 }, // a
    { 0x0062, 43 }, // b
    { 0x0063, 44 }, // c
    { 0x0064, 45 }, // d
    { 0x0065, 46 }, // e
    { 0x0066, 47 }, // f
    { 0x0067, 48 }, // g
    { 0x0068, 42 }, // h
    { 0x0069, 45 }, // i
    { 0x006A, 48 }, // j
    { 0x006B, 49 }, // k
    { 0x006C, 45 }, // l
    { 0x006D, 42 }, // m
    { 0x006E, 42 }, // n
    { 0x006F, 43 }, // o
    { 0x0070, 43 }, // p
    { 0x0071, 50 }, // q
    { 0x0072, 51 }, // r
    { 0x0073, 52 }, // s
    { 0x0074, 53 }, // t
    { 0x0075, 54 }, // u
    { 0x0076, 55 }, // v
    { 0x0077, 55 }, // w
    { 0x0078, 49 }, // x
    { 0x0079, 55 }, // y
    { 0x007A, 56 }, // z
    { 0x007B, 57 }, // {
    { 0x00A1, 58 }, // U+00A1
    { 0x00A2, 44 }, // U+00A2
    { 0x00A3, 59 }, // U+00A3
    { 0x00A5, 37 }, // U+00A5
    { 0x00A7, 3 }, // U+00A7
    { 0x00A9, 21 }, // U+00A9
    { 0x00AB, 60 }, // U+00AB
    { 0x00AE, 43 }, // U+00AE
    { 0x00B3, 61 }, // U+00B3
    { 0x00B5, 54 }, // U+00B5
    { 0x00B7, 7 }, // U+00B7
    { 0x00BB, 62 }, // U+00BB
    { 0x00C0, 22 }, // U+00C0
    { 0x00C1, 22 }, // U+00C1
    { 0x00C2, 22 }, // U+00C2
    { 0x00C3, 22 }, // U+00C3
    { 0x00C4, 22 }, // U+00C4
    { 0x00C5, 22 }, // U+00C5
    { 0x00C6, 25 }, // U+00C6
    { 0x00C7, 24 }, // U+00C7
    { 0x00C8, 25 }, // U+00C8
    { 0x00C9, 25 }, // U+00C9
    { 0x00CA, 25 }, // U+00CA
    { 0x00CB, 25 }, // U+00CB
    { 0x00CC, 28 }, // U+00CC
    { 0x00CD, 28 }, // U+00CD
    { 0x00CE, 28 }, // U+00CE
    { 0x00CF, 63 }, // U+00CF
    { 0x00D0, 21 }, // U+00D0
    { 0x00D1, 28 }, // U+00D1
    { 0x00D2, 21 }, // U+00D2
    { 0x00D3, 21 }, // U+00D3
    { 0x00D4, 21 }, // U+00D4
    { 0x00D5, 21 }, // U+00D5
    { 0x00D6, 21 }, // U+00D6
    { 0x00D8, 21 }, // U+00D8
    { 0x00D9, 29 }, // U+00D9
    { 0x00DA, 29 }, // U+00DA
    { 0x00DB, 29 }, // U+00DB
    { 0x00DC, 29 }, // U+00DC
    { 0x00DD, 37 }, // U+00DD
    { 0x00DE, 32 }, // U+00DE
    { 0x00DF, 64 }, // U+00DF
    { 0x00E0, 42 }, // U+00E0
    { 0x00E1, 42 }, // U+00E1
    { 0x00E2, 42 }, // U+00E2
    { 0x00E3, 42 }, // U+00E3
    { 0x00E4, 42 }, // U+00E4
    { 0x00E5, 42 }, // U+00E5
    { 0x00E6, 46 }, // U+00E6
    { 0x00E7, 65 }, // U+00E7
    { 0x00E8, 46 }, // U+00E8
    { 0x00E9, 46 }, // U+00E9
    { 0x00EA, 46 }, // U+00EA
    { 0x00EB, 46 }, // U+00EB
    { 0x00EC, 66 }, // U+00EC
    { 0x00ED, 67 }, // U+00ED
    { 0x00EE, 68 }, // U+00EE
    { 0x00EF, 69 }, // U+00EF
    { 0x00F0, 43 }, // U+00F0
    { 0x00F1, 42 }, // U+00F1
    { 0x00F2, 43 }, // U+00F2
    { 0x00F3, 43 }, // U+00F3
    { 0x00F4, 43 }, // U+00F4
    { 0x00F5, 43 }, // U+00F5
    { 0x00F6, 43 }, // U+00F6
    { 0x00F8, 43 }, // U+00F8
    { 0x00F9, 54 }, // U+00F9
    { 0x00FA, 54 }, // U+00FA
    { 0x00FB, 54 }, // U+00FB
    { 0x00FC, 54 }, // U+00FC
    { 0x00FD, 55 }, // U+00FD
    { 0x00FE, 43 }, // U+00FE
    { 0x00FF, 55 }, // U+00FF
    { 0x2010, 7 }, // U+2010
    { 0x2013, 7 }, // U+2013
    { 0x2014, 7 }, // U+2014
    { 0x2015, 7 }, // U+2015
    { 0x2017, 41 }, // U+2017
    { 0x2018, 2 }, // U+2018
    { 0x2019, 2 }, // U+2019
    { 0x201A, 6 }, // U+201A
    { 0x201B, 2 }, // U+201B
    { 0x201C, 2 }, // U+201C
    { 0x201D, 2 }, // U+201D
    { 0x201E, 6 }, // U+201E
    { 0x2025, 6 }, // U+2025
    { 0x2026, 6 }, // U+2026
    { 0x2039, 60 }, // U+2039
    { 0x203A, 62 }, // U+203A
    { 0x203C, 1 }, // U+203C
    { 0x20A1, 24 }, // U+20A1
    { 0x20A3, 26 }, // U+20A3
    { 0x20A6, 28 }, // U+20A6
    { 0x20A7, 32 }, // U+20A7
    { 0x20A9, 70 }, // U+20A9
    { 0x20AB, 71 }, // U+20AB
    { 0x20AC, 24 }, // U+20AC
    { 0x20AD, 30 }, // U+20AD
    { 0x20AE, 35 }, // U+20AE
    { 0x20B1, 32 }, // U+20B1
    { 0x20B2, 27 }, // U+20B2
    { 0x20B4, 3 }, // U+20B4
    { 0x20B5, 24 }, // U+20B5
    { 0x20B8, 35 }, // U+20B8
    { 0x20B9, 34 }, // U+20B9
    { 0x20BD, 32 }, // U+20BD
    { 0xFB01, 45 }, // U+FB01
    { 0xFB02, 45 }, // U+FB02
};

static const EpdKernClassEntry bitter_16_bolditalicKernRightClasses[] = {
    { 0x0021, 1 }, // !
    { 0x0022, 2 }, // "
    { 0x0024, 3 }, // $
    { 0x0026, 4 }, // &
    { 0x0027, 2 }, // '
    { 0x0029, 5 }, // )
    { 0x002A, 6 }, // *
    { 0x002C, 7 }, // ,
    { 0x002D, 8 }, // -
    { 0x002E, 7 }, // .
    { 0x002F, 9 }, // /
    { 0x0030, 10 }, // 0
    { 0x0031, 11 }, // 1
    { 0x0032, 12 }, // 2
    { 0x0033, 13 }, // 3
    { 0x0034, 14 }, // 4
    { 0x0035, 15 }, // 5
    { 0x0036, 16 }, // 6
    { 0x0037, 17 }, // 7
    { 0x0038, 4 }, // 8
    { 0x0039, 18 }, // 9
    { 0x003A, 19 }, // :
    { 0x003B, 19 }, // ;
    { 0x003F, 20 }, // ?
    { 0x0040, 21 }, // @
    { 0x0041, 22 }, // A
    { 0x0042, 23 }, // B
    { 0x0043, 21 }, // C
    { 0x0044, 23 }, // D
    { 0x0045, 23 }, // E
    { 0x0046, 23 }, // F
    { 0x0047, 21 }, // G
    { 0x0048, 23 }, // H
    { 0x0049, 23 }, // I
    { 0x004A, 24 }, // J
    { 0x004B, 23 }, // K
    { 0x004C, 23 }, // L
    { 0x004D, 23 }, // M
    { 0x004E, 23 }, // N
    { 0x004F, 21 }, // O
    { 0x0050, 23 }, // P
    { 0x0051, 21 }, // Q
    { 0x0052, 23 }, // R
    { 0x0053, 3 }, // S
    { 0x0054, 25 }, // T
    { 0x0055, 26 }, // U
    { 0x0056, 27 }, // V
    { 0x0057, 27 }, // W
    { 0x0058, 28 }, // X
    { 0x0059, 29 }, // Y
    { 0x005A, 30 }, // Z
    { 0x005C, 31 }, // <backslash>
    { 0x005D, 32 }, // ]
    { 0x005F, 33 }, // _
    { 0x0061, 34 }, // a
    { 0x0062, 35 }, // b
    { 0x0063, 34 }, // c
    { 0x0064, 34 }, // d
    { 0x0065, 34 }, // e
    { 0x0066, 36 }, // f
    { 0x0067, 34 }, // g
    { 0x0068, 37 }, // h
    { 0x0069, 38 }, // i
    { 0x006A, 36 }, // j
    { 0x006B, 37 }, // k
    { 0x006C, 37 }, // l
    { 0x006D, 38 }, // m
    { 0x006E, 38 }, // n
    { 0x006F, 34 }, // o
    { 0x0070, 39 }, // p
    { 0x0071, 34 }, // q
    { 0x0072, 38 }, // r
    { 0x0073, 40 }, // s
    { 0x0074, 41 }, // t
    { 0x0075, 42 }, // u
    { 0x0076, 43 }, // v
    { 0x0077, 43 }, // w
    { 0x0078, 44 }, // x
    { 0x0079, 45 }, // y
    { 0x007A, 46 }, // z
    { 0x007C, 47 }, // |
    { 0x007D, 48 }, // }
    { 0x00A1, 49 }, // U+00A1
    { 0x00A2, 34 }, // U+00A2
    { 0x00A5, 29 }, // U+00A5
    { 0x00A6, 47 }, // U+00A6
    { 0x00A7, 3 }, // U+00A7
    { 0x00A9, 21 }, // U+00A9
    { 0x00AB, 50 }, // U+00AB
    { 0x00AE, 34 }, // U+00AE
    { 0x00B0, 51 }, // U+00B0
    { 0x00B5, 38 }, // U+00B5
    { 0x00B7, 8 }, // U+00B7
    { 0x00BB, 52 }, // U+00BB
    { 0x00BF, 53 }, // U+00BF
    { 0x00C0, 22 }, // U+00C0
    { 0x00C1, 22 }, // U+00C1
    { 0x00C2, 22 }, // U+00C2
    { 0x00C3, 22 }, // U+00C3
    { 0x00C4, 22 }, // U+00C4
    { 0x00C5, 22 }, // U+00C5
    { 0x00C6, 22 }, // U+00C6
    { 0x00C7, 21 }, // U+00C7
    { 0x00C8, 23 }, // U+00C8
    { 0x00C9, 23 }, // U+00C9
    { 0x00CA, 23 }, // U+00CA
    { 0x00CB, 23 }, // U+00CB
    { 0x00CC, 23 }, // U+00CC
    { 0x00CD, 23 }, // U+00CD
    { 0x00CE, 23 }, // U+00CE
    { 0x00CF, 54 }, // U+00CF
    { 0x00D0, 23 }, // U+00D0
    { 0x00D1, 23 }, // U+00D1
    { 0x00D2, 21 }, // U+00D2
    { 0x00D3, 21 }, // U+00D3
    { 0x00D4, 21 }, // U+00D4
    { 0x00D5, 21 }, // U+00D5
    { 0x00D6, 21 }, // U+00D6
    { 0x00D8, 21 }, // U+00D8
    { 0x00D9, 26 }, // U+00D9
    { 0x00DA, 26 }, // U+00DA
    { 0x00DB, 26 }, // U+00DB
    { 0x00DC, 26 }, // U+00DC
    { 0x00DD, 29 }, // U+00DD
    { 0x00DE, 23 }, // U+00DE
    { 0x00DF, 36 }, // U+00DF
    { 0x00E0, 34 }, // U+00E0
    { 0x00E1, 34 }, // U+00E1
    { 0x00E2, 34 }, // U+00E2
    { 0x00E3, 34 }, // U+00E3
    { 0x00E4, 34 }, // U+00E4
    { 0x00E5, 34 }, // U+00E5
    { 0x00E7, 34 }, // U+00E7
    { 0x00E8, 34 }, // U+00E8
    { 0x00E9, 34 }, // U+00E9
    { 0x00EA, 34 }, // U+00EA
    { 0x00EB, 34 }, // U+00EB
    { 0x00EC, 55 }, // U+00EC
    { 0x00ED, 56 }, // U+00ED
    { 0x00EE, 57 }, // U+00EE
    { 0x00EF, 58 }, // U+00EF
    { 0x00F0, 34 }, // U+00F0
    { 0x00F1, 38 }, // U+00F1
    { 0x00F2, 34 }, // U+00F2
    { 0x00F3, 34 }, // U+00F3
    { 0x00F4, 34 }, // U+00F4
    { 0x00F5, 34 }, // U+00F5
    { 0x00F6, 34 }, // U+00F6
    { 0x00F8, 59 }, // U+00F8
    { 0x00F9, 42 }, // U+00F9
    { 0x00FA, 42 }, // U+00FA
    { 0x00FB, 42 }, // U+00FB
    { 0x00FC, 42 }, // U+00FC
    { 0x00FD, 45 }, // U+00FD
    { 0x00FE, 60 }, // U+00FE
    { 0x00FF, 45 }, // U+00FF
    { 0x2010, 8 }, // U+2010
    { 0x2013, 8 }, // U+2013
    { 0x2014, 8 }, // U+2014
    { 0x2015, 8 }, // U+2015
    { 0x2017, 33 }, // U+2017
    { 0x2018, 2 }, // U+2018
    { 0x2019, 2 }, // U+2019
    { 0x201A, 7 }, // U+201A
    { 0x201B, 2 }, // U+201B
    { 0x201C, 2 }, // U+201C
    { 0x201D, 2 }, // U+201D
    { 0x201E, 7 }, // U+201E
    { 0x2025, 7 }, // U+2025
    { 0x2026, 7 }, // U+2026
    { 0x2039, 50 }, // U+2039
    { 0x203A, 52 }, // U+203A
    { 0x203C, 1 }, // U+203C
    { 0x2044, 61 }, // U+2044
    { 0x20A1, 21 }, // U+20A1
    { 0x20A3, 23 }, // U+20A3
    { 0x20A6, 23 }, // U+20A6
    { 0x20A7, 23 }, // U+20A7
    { 0x20A9, 27 }, // U+20A9
    { 0x20AB, 34 }, // U+20AB
    { 0x20AC, 21 }, // U+20AC
    { 0x20AD, 23 }, // U+20AD
    { 0x20AE, 25 }, // U+20AE
    { 0x20B1, 23 }, // U+20B1
    { 0x20B2, 21 }, // U+20B2
    { 0x20B4, 3 }, // U+20B4
    { 0x20B5, 21 }, // U+20B5
    { 0x20B8, 25 }, // U+20B8
    { 0x20BD, 23 }, // U+20BD
    { 0xFB01, 36 }, // U+FB01
    { 0xFB02, 36 }, // U+FB02
};

static const int8_t bitter_16_bolditalicKernMatrix[] = {
       0,    0,    0,    0,    0,    0,    0,    0,    0,    0,    0,    0,    0,    0,    0,    0,    0,    0,    0,    0,    0,   -3,    0,    0,    0,    0,    0,    0,    0,    0,    0,    0,    0,    0,    0,    0,    0,    0,    0,    0,    0,    0,    0,    0,    0,    0,    0,    0,    0,    0,    0,    0,    0,    0,    0,    0,    0,    0,    0,    0,    0,
       0,    0,    0,    0,    0,    0,  -23,    0,    0,    0,    0,    0,    0,    0,    0,    0,    0,    0,    0,    0,  -16,  -41,    4,    0,    8,    0,    0,   -9,    0,    0,    0,    0,    0,   -9,   11,    0,   11,    0,    0,  -17,    0,    0,    0,  -12,    0,    0,    0,    0,    0,    0,    0,    0,    0,    4,    0,    0,    0,    0,   -9,   11,    0,
       0,    0,    0,    0,    0,    0,  -12,    0,    0,    0,   -3,    0,   -3,    0,    0,    0,   -7,    0,    0,    0,    0,  -15,   -6,    0,  -16,    0,  -22,  -28,  -25,  -10,    0,    0,    0,   -3,    0,    0,    0,  -12,  -12,    0,   -3,   -7,  -16,  -17,  -14,    0,    0,    0,    0,    0,    0,    0,    0,   -6,  -12,  -12,  -12,  -21,   -3,    0,    0,
       0,    0,  -12,    0,    0,    0,    0,    0,    0,    0,    0,    0,    0,    0,    0,    0,    0,    0,    0,    0,    4,  -21,    0,    0,    0,    0,  -24,  -12,  -23,    0,    0,    0,    0,    2,   -3,    0,   -3,    0,    0,   -3,    0,   -3,  -11,  -10,   -8,   -4,    0,    0,    0,    0,    0,    0,    0,    0,    0,    0,    0,    0,    2,   -3,    0,
       0,    0,    0,    0,    0,    0,    0,    0,   18,    0,    0,    0,    0,    0,    0,    0,    0,    0,    0,    0,    0,    0,    0,   30,  -12,    0,    0,    0,    0,    0,   14,    0,   17,   -3,    0,   29,    0,    0,    0,    0,    0,    0,    0,    0,    0,    0,    0,    0,    0,    0,    0,    0,    0,    0,    0,    0,    0,    0,   -3,    0,    0,
       0,  -44,    0,    0,    0,    0,    0,    0,    0,  -25,  -11,    2,    0,  -16,    0,  -14,  -30,  -12,    0,    0,  -20,   11,    0,    5,  -39,    0,  -41,   -7,  -55,    0,    0,    0,    0,  -12,    0,    0,    0,  -11,  -11,    0,    0,    0,  -39,   -7,  -35,    0,    0,    0,    0,  -12,    0,    0,    0,    0,  -11,  -11,  -11,  -11,  -12,    0,    0,
       0,    0,    0,    0,    0,    0,    0,    0,    0,    0,  -25,   -6,  -14,    4,  -17,    0,  -29,   -9,    0,    0,    0,   -3,    0,    0,  -34,    0,  -27,  -44,    0,    0,    0,    0,    0,    0,    0,    0,    0,    0,    0,    0,    0,    0,    0,  -31,  -14,    0,    0,    0,    0,    0,    0,  -16,    0,    0,    0,    0,    0,    0,    0,    0,    0,
       0,    0,    0,    0,   14,    0,    0,    0,  -23,    0,    0,    0,    0,    0,    0,    0,    0,    0,    0,    0,   -7,  -20,   -3,    9,   -2,    7,    7,   -3,    7,    0,   22,   14,    0,  -19,   14,    0,   14,  -15,  -15,    0,    0,    0,    0,  -20,  -12,    0,    0,   14,    0,    0,    0,    0,    0,   -3,  -15,  -15,  -15,  -15,  -19,   14,    0,
       0,    0,    0,    0,    0,    0,  -25,    0,    0,    0,   -4,    0,    0,    0,    0,    0,    0,    0,    0,    0,    0,    0,    0,    0,    0,    0,    0,    0,    0,    0,    0,    0,    0,    0,    0,    0,    0,    0,    0,    0,    0,    0,    0,    0,    0,    0,    0,    0,    0,    0,   -5,    0,    0,    0,    0,    0,    0,    0,    0,    0,    0,
       0,    0,    0,    0,    0,    0,    4,    0,    5,    0,    0,    0,    0,    0,    0,    0,   -5,    0,    0,    0,    0,    7,    0,    0,    0,    0,    0,    0,    0,    0,    0,    0,    0,    0,    0,    0,    0,    0,    0,    0,    0,    0,    0,    0,    0,    0,    0,    0,    0,    0,  -22,    0,    0,    0,    0,    0,    0,    0,    0,    0,    0,
       0,    0,    0,    0,    0,    0,    0,    0,    0,    0,    0,    0,    0,    0,    0,    0,   -3,    0,    0,    0,    0,    0,    0,    0,    0,    0,    0,    0,    0,    0,    0,    0,    0,    0,    0,    0,    0,    0,    0,    0,    0,    0,    0,    0,    0,    0,    0,    0,    0,    0,    0,    0,    0,    0,    0,    0,    0,    0,    0,    0,    0,
       0,    0,    0,    0,    0,    0,  -12,    0,    0,    0,    0,    0,    0,    0,   -9,    0,   -3,    0,    0,    0,    0,    0,   -9,    0,    0,    0,    0,    0,    0,    0,    0,    0,    0,    0,    0,    0,    0,    0,    0,    0,    0,    0,    0,    0,    0,    0,    0,    0,    0,    0,   -5,    0,    0,   -9,    0,    0,    0,    0,    0,    0,    0,
       0,    0,    0,    0,    0,    0,    0,    7,    0,    0,    0,    0,    0,    5,    0,    0,   -6,    0,    0,    0,    0,    0,    0,    0,    0,    0,    0,    0,    0,    0,    0,    0,    0,    0,    0,    0,    0,    0,    0,    0,    0,    0,    0,    0,    0,    0,    0,    0,    0,    0,  -21,    0,    0,    0,    0,    0,    0,    0,    0,    0,    0,
       0,    0,    0,    0,    0,    0,   -4,    0,    0,    0,   -9,   -7,  -16,    0,    0,    0,  -11,   -9,    0,    0,    0,    0,    0,    0,    0,    0,    0,    0,    0,    0,    0,    0,    0,    0,    0,    0,    0,    0,    0,    0,    0,    0,    0,    0,    0,    0,    0,    0,    0,    0,   -5,    0,    0,    0,    0,    0,    0,    0,    0,    0,    0,
       0,    0,    0,    0,    0,    0,    0,    0,    0,    0,   -7,   -5,   -4,    4,   -9,    0,   -9,    0,    0,    0,    0,    0,    0,    0,    0,    0,    0,    0,    0,    0,    0,    0,    0,    0,    0,    0,    0,    0,    0,    0,    0,    0,    0,    0,    0,    0,    0,    0,    0,    0,  -17,    0,    0,    0,    0,    0,    0,    0,    0,    0,    0,
       0,    0,    0,   -5,    0,    0,  -52,  -24,    0,   -9,    7,   -2,   -8,   -7,   -7,   -6,    4,   -4,    0,    0,    0,    0,    0,    0,    0,    0,    0,    0,    0,    0,    0,    0,    0,    0,    0,    0,    0,    0,    0,    0,    0,    0,    0,    0,    0,    0,    0,    0,    0,    0,   17,    0,    0,    0,    0,    0,    0,    0,    0,    0,    0,
       0,    0,    0,    0,    0,    0,    0,    0,    0,    0,    0,    0,    0,    0,   -9,    0,  -11,    0,    0,    0,    0,    0,   -9,    0,    0,    0,    0,    0,    0,    0,    0,    0,    0,    0,    0,    0,    0,    0,    0,    0,    0,    0,    0,    0,    0,    0,    0,    0,    0,    0,   -5,    0,    0,   -9,    0,    0,    0,    0,    0,    0,    0,
       0,    0,    0,    0,    0,    0,  -28,    0,    0,    0,    0,    0,   -3,    0,    0,    0,   -8,    0,    0,    0,    0,    0,    0,    0,    0,    0,    0,    0,    0,    0,    0,    0,    0,    0,    0,    0,    0,    0,    0,    0,    0,    0,    0,    0,    0,    0,    0,    0,    0,    0,   -4,    0,    0,    0,    0,    0,    0,    0,    0,    0,    0,
       0,    0,    0,    0,    0,    0,    0,    0,    0,    0,    0,    0,    0,    0,    0,    0,    0,    0,    0,    0,    0,    0,    0,    0,  -14,    0,  -20,   -3,  -27,    0,    0,    0,    0,    0,    0,    0,    0,    0,    0,    0,    0,    0,   -6,   -3,  -10,    0,    0,    0,    0,    0,    0,    0,    0,    0,    0,    0,    0,    0,    0,    0,    0,
       0,    0,    0,    0,    0,    0,    0,    0,    0,    0,    0,    0,    0,    0,    0,    0,    0,    0,    0,    0,    0,    0,    4,    0,    7,    0,    0,    0,    0,    0,    0,    0,    0,    0,    0,    0,    0,    0,    0,    0,    0,    0,    0,    0,    0,    0,    0,    0,    0,    0,    0,    0,  -18,    4,    0,    0,    0,    0,    0,    0,    0,
       0,  -17,   -3,    0,    0,    0,  -20,    0,    2,    0,    0,    0,  -23,    0,    0,    0,    0,    0,    0,   -4,    0,  -10,    0,    0,  -10,    0,  -24,  -28,  -20,  -13,    0,    0,    0,   -2,   -2,    5,   -2,   -2,   -2,   -3,   -2,   -3,   -8,   -9,   -5,    0,    0,    0,    0,    0,    0,    0,    0,    0,   -2,   -2,   -2,   -2,   -2,   10,    0,
      -9,  -57,  -16,    0,    0,    0,    1,  -19,    5,    0,    0,    0,    0,    0,    0,    0,    0,    0,    0,  -24,  -11,    4,  -14,   -5,  -46,  -29,  -35,   -9,  -41,  -10,    0,    5,    0,   -8,  -10,   -8,  -10,   -7,   -7,   -4,  -13,  -14,  -21,   -2,  -22,   -9,    0,    4,   -4,    0,    0,    0,    0,  -14,   -7,   -7,   -7,   -7,   -8,  -10,    0,
       0,  -14,    0,    0,    0,    0,  -18,    0,    0,    0,    0,    0,   -9,    0,    0,    0,    0,    0,    0,   -8,   -2,  -18,  -11,   -2,  -20,    0,  -31,  -27,  -31,  -14,    0,    0,    0,   -3,   -3,   -3,   -3,   -8,   -8,   -3,   -3,   -5,  -11,  -18,  -15,   -8,    0,    0,    0,    0,    0,    0,    0,  -11,   -8,   -8,   -8,   -8,   -3,   -3,    0,
       0,   -3,    0,   -4,    0,    0,  -11,  -19,    0,    0,   -3,   -4,   -6,    0,   -3,    0,   -5,   -9,    0,    0,  -15,  -13,    0,   -3,  -10,    0,  -16,  -20,  -16,    0,    0,    0,    0,  -17,  -11,    0,  -11,  -11,  -11,  -14,   -8,  -11,   -7,  -11,  -11,  -15,    0,    0,    0,    0,    0,    0,    0,    0,  -11,  -11,  -11,  -15,  -17,  -11,    0,
       0,    0,    0,    0,    0,    0,    0,   -7,   -2,    0,    0,    0,    0,    0,    0,    0,    0,    0,    0,    0,  -12,  -16,    0,    0,  -18,    0,  -19,  -20,  -16,    0,    0,    0,    0,   -9,    0,    0,    0,   -6,   -6,  -10,   -9,  -10,  -15,  -12,  -12,   -8,    0,    0,    0,    0,    0,    0,    0,    0,   -6,   -6,   -6,   -7,   -9,    0,    0,
       0,    0,   -5,    0,    0,    0,  -61,    0,  -14,    0,    0,    0,    0,    0,    0,    0,    0,    0,  -25,    0,  -11,  -39,  -11,   -3,    0,    0,   -5,  -12,   -5,  -12,    0,    0,    0,  -22,    2,   -3,    2,   -1,   -1,  -17,   -3,   -3,   -3,  -10,   -1,  -11,    0,    0,    0,    0,    0,    0,    0,  -11,   -1,   -1,    6,   10,  -22,    2,    0,
       0,    0,   -4,    0,    0,    0,    0,    0,    0,    0,    0,    0,    0,    0,    0,    0,    0,    0,    0,    0,    0,   -3,    0,    0,    0,    0,  -24,  -12,  -23,    0,    0,    0,    0,    2,   -3,    0,   -3,    0,    0,   -3,    0,   -3,  -11,  -10,   -8,   -4,    0,    0,    0,    0,    0,    0,    0,    0,    0,    0,    0,    0,    2,   -3,    0,
       0,    0,   -9,    0,    0,    0,    0,    0,   -7,    0,    0,    0,    0,    0,    0,    0,    0,    0,   -2,    0,    0,  -12,    0,    0,  -10,   -2,  -13,  -18,  -11,   -7,    0,    0,    0,   -4,    4,    0,    4,    0,    0,   -3,    0,    0,  -10,  -13,  -10,    0,    0,    0,    0,    0,    0,    0,    0,    0,    0,    0,    4,    7,   -4,    4,    0,
       0,    0,    0,    0,    0,    0,  -12,    0,    0,    0,    0,    0,    0,    0,    0,    0,    0,    0,  -10,    0,    0,  -20,   -2,    0,    0,    0,   -5,  -17,   -5,  -11,    0,    0,    0,   -6,    5,   -2,    5,   -2,   -2,  -10,   -5,   -6,  -12,  -17,  -11,   -9,    0,    0,    0,    0,    0,    0,    0,   -2,   -2,   -2,    6,   11,   -6,    5,    0,
      -7,   -7,   -7,    0,    0,    0,  -12,  -44,    1,    0,    0,    0,    0,    0,    0,    0,    0,    0,  -11,   -7,  -28,   -9,  -14,   -3,  -18,  -17,  -11,  -10,  -12,  -12,    0,    0,    0,  -12,    0,   -3,    0,   -9,   -9,  -15,  -14,  -15,  -20,    0,  -15,   -3,    0,    0,    0,    0,    0,    0,    0,  -14,   -9,   -9,  -10,   -4,  -12,    0,    0,
       0,    0,  -18,    0,    0,    0,    0,    0,    0,    0,    0,    0,    0,    0,    0,    0,    0,    0,   -7,    0,  -14,   -3,    0,   -3,  -36,  -20,  -45,   -5,  -47,   -3,    0,    0,    0,   -3,    0,    0,    0,   -4,   -4,   -4,  -12,   -8,  -21,   -3,  -25,    0,    0,    0,    0,    0,    0,    0,    0,    0,   -4,   -4,   -4,   -4,   -3,    0,    0,
       0,    4,   -3,    0,    0,    0,  -78,  -14,  -16,    0,    0,    0,    0,    0,    0,    0,    0,    0,   -5,   -7,   -3,  -25,   -9,   -4,   -3,   -7,  -16,  -22,  -21,  -12,    0,   -4,    0,   -4,   -3,   -2,   -3,   -3,   -3,   -3,   -3,   -3,    1,   -5,    0,   -8,    0,   -5,    0,    0,    0,    0,    0,   -9,   -3,   -3,   -3,   -3,   -4,   -3,    0,
       0,  -17,   -3,    0,   36,    0,  -20,    0,   45,    0,    0,    0,  -23,    0,    0,    0,    0,    0,    0,   -4,    0,  -10,    0,   42,  -10,    0,  -24,  -28,  -20,  -13,    0,   35,   51,   -2,   -3,    5,   -3,    1,    1,   -3,   -2,   -3,   -8,   -9,    0,    0,   14,   33,    0,    0,    0,    0,    0,    0,    1,    1,    1,    1,    7,   33,    0,
       0,    0,    0,    0,    0,    0,    0,    0,    0,    0,    0,    0,    0,    0,    0,    0,    0,    0,    0,    0,   -8,   -3,   -5,    0,  -17,  -10,  -28,   -9,  -30,   -3,    0,    0,    0,  -10,    0,   -2,    0,   -3,   -3,    0,   -7,   -7,  -11,   -4,  -11,    0,    0,    0,    0,    0,    0,    0,    0,   -5,   -3,   -3,   -3,   -3,  -10,    0,    0,
       0,    4,  -12,    0,    0,    0,  -43,  -39,  -16,    0,    0,    0,    0,    0,    0,    0,    0,    0,  -16,   -3,  -11,  -40,  -10,   -4,   -4,   -3,   -4,  -15,   -5,  -14,    0,    0,    0,  -21,    1,   -4,    1,   -6,   -6,  -22,   -3,   -5,   -2,  -12,    3,  -15,    0,    0,    0,    0,    0,    0,    0,  -10,   -6,   -6,    2,    1,  -21,    1,    0,
      -9,   -2,  -23,    0,    0,    0,  -68,  -27,  -24,    0,    0,    0,  -16,    0,    0,    0,    0,    0,  -28,    0,  -47,  -35,  -15,   -4,   -3,   -2,    4,  -10,    4,  -15,    0,    0,    0,  -28,    2,  -11,    2,  -22,  -22,  -33,  -16,  -22,  -15,  -35,  -24,  -35,    0,   -3,    0,    0,    0,    0,    0,  -15,  -22,  -33,  -13,   -6,  -28,    2,    0,
       0,    0,  -18,    0,    0,    0,  -59,    0,    0,    0,    0,    0,  -15,    0,   -7,    0,   -3,    0,  -30,    0,  -20,  -35,  -10,   -5,   -4,   -2,    4,   -9,    4,  -10,    0,    0,    0,  -33,   11,   -3,    5,  -14,  -14,  -28,  -12,  -19,  -23,  -30,  -19,  -23,    0,    0,    0,    0,    0,    0,    0,  -10,  -14,  -25,   -4,    1,  -33,    5,    0,
       0,    0,  -12,    0,    0,    0,    0,    0,    0,    0,    0,    0,    0,    0,    0,    0,    0,    0,    0,    0,  -11,  -11,   -9,    0,  -13,   -9,  -11,  -15,  -11,    0,    0,    0,    0,   -3,    0,    0,    0,   -6,   -6,   -6,  -11,  -10,  -12,   -7,  -15,    0,    0,    0,    0,    0,    0,    0,    0,   -9,   -6,   -6,   -6,   -4,   -3,    0,    0,
       0,    0,    0,    0,    0,    0,    0,    0,   36,    0,    0,    0,    0,    0,    0,    0,    0,    0,    0,    0,    0,   14,    0,   82,  -26,    0,    4,    0,    4,    0,   27,    0,   11,    0,   17,   49,   17,    0,    0,    0,    0,    0,    0,    0,    0,    0,    0,    0,    0,    0,    0,    0,    0,    0,    0,    0,    0,    0,    0,   17,    0,
       0,    0,    0,    0,   14,    0,    0,    0,   22,    0,    0,    0,    0,    0,    0,    0,    0,    0,    0,    0,    0,    0,    0,   36,    0,    0,    0,    0,    0,    0,    0,   14,   14,    0,    0,    0,    0,    0,    0,    0,    0,    0,    0,    0,    0,    0,    0,    7,    0,    0,    0,    0,    0,    0,    0,    0,    0,    0,    0,    0,    0,
       0,    0,    0,    0,   14,    0,    0,    0,   18,    0,    0,    0,    0,    0,    0,    0,    0,    0,    0,    0,    0,    0,    0,   29,    0,    0,    0,    0,    0,    0,    0,   13,    0,    0,    0,   29,    0,    0,    0,    0,    0,    0,    0,    0,    0,    0,    0,   11,    0,    0,    0,    0,    0,    0,    0,    0,    0,    0,    0,    0,    0,
      -3,  -32,    0,    0,    0,    0,    4,    0,    4,    0,    0,    0,    0,    0,    0,    0,    0,    0,    0,   -8,    0,    0,    0,    0,    0,    0,    0,    0,    0,    0,    0,    0,    0,    0,    0,    0,    0,    0,    0,    0,    0,    0,  -15,   -3,  -14,    0,    0,    0,    0,    0,    0,    0,    0,    0,    0,    0,    0,    0,    0,    0,    0,
       0,  -24,    0,    0,    0,    0,  -13,    0,    2,    0,    0,    0,    0,    0,    0,    0,    0,    0,    0,   -4,   -2,    0,    0,    0,    0,    0,    0,    0,    0,    0,    0,    0,    0,    5,    0,    0,    0,    0,    0,    0,    0,    0,  -13,  -12,  -13,    0,    0,    0,    0,    0,    0,    0,    0,    0,    0,    0,    0,    0,    5,    0,    0,
       0,   -3,    0,    0,    0,    0,    0,  -12,    0,    0,    0,    0,    0,    0,    0,    0,    0,    0,    0,   -7,    0,    0,    0,    0,    0,    0,    0,    0,    0,    0,    0,    0,    0,   -9,   -9,   -2,   -9,   -6,   -6,    0,    0,   -7,   -9,  -12,   -4,    0,    0,    0,    0,    0,    0,    0,    0,    0,   -6,   -6,   -6,   -6,   -9,   -9,    0,
       0,  -23,    0,    0,    0,    0,    0,   -4,   14,    0,    0,    0,    0,    0,    0,    0,    0,    0,    0,    0,   -3,    0,    0,    0,    0,    0,    0,    0,    0,    0,    0,   15,    0,    0,    4,    4,    4,    0,    0,    0,    0,    0,   -9,   -6,   -8,    0,    0,    0,    0,    0,    0,    0,    0,    0,    0,    0,    7,    0,    0,    4,    0,
       0,    0,    0,    0,    0,    0,    0,    0,    0,    0,    0,    0,    0,    0,    0,    0,    0,    0,    0,    0,    0,    0,    0,    0,    0,    0,    0,    0,    0,    0,    0,    0,    0,    0,    0,    0,    0,    0,    0,    0,    0,    0,   -8,  -16,  -11,    0,    0,    0,    0,    0,    0,    0,    0,    0,    0,    0,    0,    0,    0,    0,    0,
      20,   23,    0,    0,   61,   13,  -11,  -12,    0,    0,    0,    0,    0,    0,    0,    0,    0,    0,   -4,   19,    0,    0,    0,    0,    0,    0,    0,    0,    0,    0,   12,   77,    0,   -4,   25,    7,   25,    4,    4,    0,    5,    4,    6,   -7,    7,    0,    0,    0,    0,    0,    0,    0,    0,    0,   17,    7,   18,   33,   -4,   25,    0,
       0,    0,    0,    0,    0,    0,    0,    0,    7,    0,    0,    0,    0,    0,    0,    0,    0,    0,    0,    0,    0,    0,    0,    0,    0,    0,    0,    0,    0,    0,    0,    0,    0,    0,    0,   14,    0,    0,    0,    0,    0,    0,   -9,  -11,   -7,   -7,    0,    0,    0,    0,    0,    0,    0,    0,    0,    0,    0,    0,    0,    0,    0,
      -3,  -11,    0,    0,    0,    0,   -7,  -29,    5,    0,    0,    0,    0,    0,    0,    0,    0,    0,   -6,  -10,   -9,    0,    0,    0,    0,    0,    0,    0,    0,    0,    0,    0,    0,  -12,   -4,   -3,   -4,  -10,  -10,  -10,   -4,   -7,   -2,   -2,   -2,   -8,    0,    0,    0,    0,    0,    0,    0,    0,  -10,  -10,  -10,  -10,  -12,   -4,    0,
       0,    0,    0,    0,    0,    0,    0,    0,    0,    0,    0,    0,    0,    0,    0,    0,    0,    0,    0,    0,    0,    0,    0,    0,    0,    0,    0,    0,    0,    0,    0,    0,   22,    0,    0,   34,    0,    4,   14,    0,    0,    0,  -16,  -14,    0,    0,    0,    0,    0,    0,    0,    0,    0,    0,    4,    4,    4,    4,    0,   14,    0,
      -2,    0,    0,    0,   -2,    0,  -39,    0,  -13,    0,    0,    0,    0,    0,    0,    0,    0,    0,    0,   -2,    0,    0,    0,    0,    0,    0,    0,    0,    0,    0,    0,   -7,    0,   -4,   -5,    4,   -5,    4,    4,   -5,    0,    1,    6,   -3,   10,    0,    0,  -11,    0,    0,    0,    0,    0,    0,    4,    4,    4,    4,   -4,   -5,    0,
       0,    0,    0,    0,    0,    0,   -5,    0,    0,    0,    0,    0,    0,    0,    0,    0,    0,    0,    0,    0,    0,    0,    0,    0,    0,    0,    0,    0,    0,    0,    0,    0,    0,    0,    0,    0,    0,    0,    0,    0,    0,    0,  -21,  -14,   -8,    0,    0,    0,    0,    0,    0,    0,    0,    0,    0,    0,    0,    0,    0,    0,    0,
       0,   -4,    0,    0,    0,    0,    0,    0,    0,    0,    0,    0,    0,    0,    0,    0,    0,    0,    0,    0,    0,    0,    0,    0,    0,    0,    0,    0,    0,    0,    0,    0,    0,  -12,   -3,   -2,   -3,    0,    0,   -5,    0,    0,   -5,   -3,   -2,    0,    0,    0,    0,    0,    0,    0,    0,    0,    0,    0,    0,    0,  -12,   -3,    0,
       0,    0,    0,    0,    0,    0,    0,    0,   12,    0,    0,    0,    0,    0,    0,    0,    0,    0,    0,    0,    0,    0,    0,    0,    0,    0,    0,    0,    0,    0,    0,    0,    0,   -1,    0,    0,    0,    0,    0,    0,    0,    0,  -11,   -2,  -12,   -6,    0,    0,    0,    0,    0,    0,    0,    0,    0,    0,    0,    0,   -1,    0,    0,
       0,    0,    0,    0,    0,    0,  -37,   -9,    0,    0,    0,    0,    0,    0,    0,    0,    0,    0,   -6,    0,   -4,    0,    0,    0,    0,    0,    0,    0,    0,    0,    0,    0,    0,   -8,    0,    5,    0,    2,    2,  -10,    7,    6,   11,   -2,    9,   -5,    0,    0,    0,    0,    0,    0,    0,    0,    2,    2,    2,    2,   -8,    0,    0,
       0,    0,    0,    0,    0,    0,    0,    0,    0,    0,    0,    0,    0,    0,    0,    0,    0,    0,    0,    0,    0,    0,    0,    0,    0,    0,    0,    0,    0,    0,    0,    0,    0,    0,   -4,    0,   -4,    0,    0,   -5,    0,    0,   -9,   -9,   -8,    0,    0,    0,    0,    0,    0,    0,    0,    0,    0,    0,    0,    0,    0,   -4,    0,
       0,    0,    0,    0,    0,    0,    0,    0,   14,    0,    0,    0,    0,    0,    0,    0,    0,    0,    0,    0,    0,    4,    0,   26,   -3,    0,    0,    0,    0,    0,    7,    0,   14,    0,   11,   22,   11,    0,    0,    0,    0,    0,    0,    0,    0,    0,    0,    0,    0,    0,    0,    0,    0,    0,    0,    0,    0,    0,    0,   11,    0,
       0,    0,    0,    0,    0,    0,    0,    0,    0,    0,    0,    0,    0,    0,    0,    0,    0,    0,    0,    0,    0,   -7,    0,    0,    0,    0,    0,    0,    0,    0,    0,    0,    0,    0,    0,    0,    0,    0,    0,    0,    0,    0,    0,    0,    0,    0,    0,    0,    0,    0,    0,    0,    0,    0,    0,    0,    0,    0,    0,    0,    0,
       0,    0,    0,    0,    0,    0,    0,    0,    0,    0,    0,   -3,    0,    0,    0,    0,   -3,    0,    0,    0,    0,    0,    0,    0,    0,    0,    0,    0,    0,    0,    0,    0,    0,    0,    0,    0,    0,    0,    0,    0,    0,    0,    0,    0,    0,    0,    0,    0,    0,    0,    0,    0,    0,    0,    0,    0,    0,    0,    0,    0,    0,
       0,    0,    0,    0,    0,    0,    0,  -16,    0,    0,    0,    0,    0,    0,    0,    0,    0,    0,    0,    0,    0,    0,    0,    0,    0,    0,    0,    0,    0,    0,    0,    0,    0,    0,    0,    0,    0,    0,    0,    0,    0,    0,    0,    0,    0,    0,    0,    0,    0,    0,    0,    0,    0,    0,    0,    0,    0,    0,    0,    0,    0,
       0,    0,    0,    0,    0,    0,    0,    0,    0,    0,    0,    0,    0,    0,    0,    0,    0,    0,    0,    0,    0,    0,    0,    0,    0,    0,    0,    0,    0,    0,    0,    0,    0,    0,    0,    0,    0,    0,    0,    0,    0,    0,    0,    0,    0,    0,    0,    0,    0,    0,    0,    0,    0,    0,    0,    0,    0,    0,    0,    0,   -7,
       0,    0,    0,    0,    0,    0,  -12,    0,    0,    0,    0,    0,    0,    0,    0,    0,    0,    0,    0,    0,    0,    0,    0,    0,    0,    0,    0,    0,    0,    0,    0,    0,    0,    0,    0,    0,    0,    0,    0,    0,    0,    0,    0,    0,    0,    0,    0,    0,    0,    0,    0,    0,    0,    0,    0,    0,    0,    0,    0,    0,    0,
       0,    0,   -9,    0,    0,    0,    0,    0,   -7,    0,    0,    0,    0,    0,    0,    0,    0,    0,   -2,    0,    0,  -12,    0,    7,  -10,   -2,  -13,  -18,  -11,   -7,   14,    0,    0,   -4,    4,    0,    4,    0,    0,   -3,    0,    0,  -10,  -13,  -10,    0,    0,    0,    0,    0,    0,    0,    0,   17,    0,    0,    4,    7,   -4,    4,    0,
       0,    0,    0,    0,    0,    0,    0,    0,    0,    0,    0,    0,    0,    0,    0,    0,    0,    0,    0,    0,    0,    0,    0,    0,    0,    0,    0,    0,    0,    0,    0,    0,    0,   -2,   -4,   -5,   -4,   -5,   -5,   -2,   -5,    0,  -16,  -11,  -13,   -6,    0,    0,    0,    0,    0,    0,    0,    0,   -5,   -5,   -5,   -5,   -2,   -4,    0,
       0,   -3,    0,    0,    0,    0,    0,  -12,    0,    0,    0,    0,    0,    0,    0,    0,    0,    0,    0,   -7,    0,    0,    0,    0,    0,    0,    0,    0,    0,    0,    0,    0,    0,   -9,   -9,    6,   -9,   -6,   -6,    0,    0,   -7,   -9,  -12,   -4,    0,    0,    0,    0,    0,    0,    0,    0,    0,   -6,   -6,   -6,   -6,   -9,   -9,    0,
       0,  -23,    0,    0,    0,    0,    0,   -4,   14,    0,    0,    0,    0,    0,    0,    0,    0,    0,    0,    0,   -3,    0,    0,    0,    0,    0,    0,    0,    0,    0,    0,   15,    0,    0,    4,    4,    4,    0,    0,    0,    0,    0,   -9,   -6,   -8,    0,    0,    0,    0,    0,    0,    0,    0,    0,    0,    0,    9,   13,    0,    4,    0,
       0,  -23,    0,    0,    0,    0,    0,   -4,   14,    0,    0,    0,    0,    0,    0,    0,    0,    0,    0,    0,   -3,    0,    0,    0,    0,    0,    0,    0,    0,    0,    0,   15,    0,    0,   20,    4,   20,    0,    0,    0,    0,    0,   -9,   -6,   -8,    0,    0,    0,    0,    0,    0,    0,    0,    0,    7,    0,    7,   23,    0,   20,    0,
       0,  -23,    0,    0,    0,    0,    0,   -4,   14,    0,    0,    0,    0,    0,    0,    0,    0,    0,    0,    0,   -3,    0,    0,    0,    0,    0,    0,    0,    0,    0,    0,   15,    0,    0,   13,    4,   13,    0,    0,    0,    0,    0,   -9,   -6,   -8,    0,    0,    0,    0,    0,    0,    0,    0,    0,    0,    0,    9,   14,    0,   13,    0,
       0,  -23,    0,    0,    0,    0,    0,   -4,   14,    0,    0,    0,    0,    0,    0,    0,    0,    0,    0,    0,   -3,    0,    0,    0,    0,    0,    0,    0,    0,    0,    0,   15,    0,    0,   18,    4,   18,    0,    0,    0,    0,    0,   -9,   -6,   -8,    0,    0,    0,    0,    0,    0,    0,    0,    0,    7,    2,   18,   23,    0,   18,    0,
      -9,   -2,  -23,    0,    0,    0,  -68,  -27,  -24,    0,    0,    0,  -16,    0,    0,    0,    0,    0,  -28,    0,  -22,  -35,  -15,   -4,   -3,   -2,    4,  -10,    4,  -15,    0,    0,    0,  -28,    2,  -11,    2,  -22,  -22,  -33,  -16,  -22,  -15,  -35,  -24,  -35,    0,   -3,    0,    0,    0,    0,    0,  -15,  -22,  -33,  -13,   -6,  -28,    2,    0,
       0,    0,    0,    0,    0,    0,    0,    0,    0,    0,    0,    0,    0,    0,    0,    0,    0,    0,    0,    0,    0,    0,    0,    0,    0,    0,    0,    0,    0,    0,    0,    0,    0,    0,    0,   -2,    0,    0,    0,    0,    0,    0,  -14,   -6,   -9,    0,    0,    0,    0,    0,    0,    0,    0,    0,    0,    0,    0,    0,    0,    0,    0,
};

static const EpdLigaturePair bitter_16_bolditalicLigaturePairs[] = {
    { 0x00660069, 0xFB01 }, // f i -> U+FB01
    { 0x0066006C, 0xFB02 }, // f l -> U+FB02
};

static constexpr EpdFontData bitter_16_bolditalic = {
    bitter_16_bolditalicBitmaps,
    bitter_16_bolditalicGlyphs,
    bitter_16_bolditalicIntervals,
    32,
    40,
    32,
    -9,
    true,
    bitter_16_bolditalicGroups,
    8,
    nullptr,
    bitter_16_bolditalicKernLeftClasses,
    bitter_16_bolditalicKernRightClasses,
    bitter_16_bolditalicKernMatrix,
    189,
    191,
    71,
    61,
    bitter_16_bolditalicLigaturePairs,
    2,
};
