/**
 * generated by fontconvert.py
 * name: bitter_14_bold
 * size: 14
 * mode: 2-bit  compressed: true
 * Command used: fontconvert.py bitter_14_bold 14 ../builtinFonts/source/Bitter/Bitter-Bold.ttf ../builtinFonts/source/NotoEmoji/NotoEmoji-Regular.ttf ../builtinFonts/source/NotoSymbols/NotoSansSymbols-Regular.ttf --exact-intervals --additional-intervals 0x0020,0x007E --additional-intervals 0x00A0,0x00FF --additional-intervals 0x2000,0x206F --additional-intervals 0x20A0,0x20CF --additional-intervals 0x2190,0x21FF --additional-intervals 0xFB00,0xFB06 --additional-intervals 0xFFFD,0xFFFD --additional-intervals 0x2669,0x266F --additional-intervals 0x2764,0x2764 --additional-intervals 0x1F600,0x1F600 --additional-intervals 0x1F44D,0x1F44D --font-include-intervals 1:0x2764,0x2764 --font-include-intervals 1:0x1F600,0x1F600 --font-include-intervals 1:0x1F44D,0x1F44D --font-include-intervals 2:0x2669,0x266F --2bit --compress --pnum --darken-aa
 */
#pragma once
#include "EpdFontData.h"

static const uint8_t bitter_14_boldBitmaps[9808] = {
    0xAD, 0x59, 0x3D, 0x8F, 0xDD, 0xC6, 0x15, 0xBD, 0x24, 0xA5, 0x25, 0x20, 0xC2, 0xA1, 0x0A, 0x29,
    0x40, 0xAC, 0x04, 0x6C, 0x52, 0x38, 0x0F, 0x49, 0xD8, 0xBA, 0xB1, 0x86, 0x8E, 0x0A, 0x03, 0x71,
    0x21, 0x15, 0x5A, 0x04, 0x49, 0x0A, 0xA7, 0x34, 0x36, 0xC5, 0xFE, 0x02, 0x89, 0xB4, 0x5D, 0xA4,
    0x48, 0x61, 0x21, 0xC8, 0x07, 0xE0, 0x14, 0x51, 0xE1, 0x04, 0xF2, 0x13, 0xA0, 0x75, 0x29, 0x04,
    0x92, 0x49, 0xDB, 0x85, 0x8A, 0x14, 0x26, 0x62, 0xA4, 0x36, 0x11, 0x3B, 0x5F, 0x6A, 0xC4, 0x58,
    0x4C, 0xCC, 0xB5, 0x48, 0x4E, 0xCE, 0xB9, 0xC3, 0xF7, 0x76, 0xD7, 0xBB, 0x52, 0x24, 0x24, 0xFB,
    0x66, 0xEE, 0x7B, 0x4B, 0x0E, 0xE7, 0xE3, 0xCE, 0xBD, 0xE7, 0x9E, 0x3B, 0xDC, 0x2A, 0xCA, 0x2A,
    0x77, 0x9F, 0xC2, 0xEC, 0x7D, 0x32, 0x7E, 0x04, 0x7F, 0xC7, 0xC4, 0xA0, 0x45, 0x59, 0x99, 0xE2,
    0x98, 0x2C, 0xBE, 0x7B, 0xD5, 0xBC, 0xDE, 0x9A, 0xF3, 0xAD, 0x79, 0xB1, 0x31, 0x91, 0x96, 0xB0,
    0x49, 0xC3, 0xFA, 0xB8, 0x97, 0xC9, 0x42, 0xDE, 0x12, 0xC9, 0x65, 0xA2, 0x18, 0x45, 0x4A, 0x19,
    0x44, 0xAC, 0x37, 0xC8, 0xC2, 0x5E, 0x9F, 0xAE, 0x18, 0x6B, 0x6D, 0xA3, 0xC2, 0x1B, 0x82, 0x5E,
    0x20, 0x3A, 0xF1, 0x87, 0xA0, 0x95, 0x60, 0x08, 0x21, 0xFA, 0xA8, 0x15, 0xDC, 0xB4, 0x19, 0x45,
    0xA1, 0x22, 0x6C, 0xE3, 0x5A, 0xA2, 0x36, 0xAE, 0x20, 0x92, 0x4A, 0xE2, 0x26, 0x9D, 0x85, 0x60,
    0x2C, 0x09, 0x9B, 0xBD, 0x1A, 0x75, 0xE2, 0xA1, 0xE3, 0xC8, 0xDA, 0x3E, 0xB5, 0x65, 0x6F, 0x9A,
    0xA0, 0x37, 0x95, 0xDF, 0x99, 0xCA, 0xEB, 0x0C, 0x6E, 0x9B, 0x29, 0x93, 0xC4, 0xEE, 0x4A, 0x68,
    0x6D, 0x25, 0xB9, 0x6D, 0xC5, 0x2B, 0x31, 0xB3, 0x78, 0x78, 0x4E, 0x82, 0xF1, 0x2C, 0xC6, 0x37,
    0x12, 0x0E, 0xE6, 0xCA, 0x76, 0x8F, 0xD9, 0xB5, 0xA8, 0xD5, 0x86, 0xED, 0x0F, 0xF6, 0x8F, 0xBA,
    0xA1, 0xAB, 0x4A, 0x6C, 0x8D, 0x95, 0x99, 0xDF, 0xB4, 0xC1, 0x20, 0xEF, 0x04, 0x1D, 0x26, 0x3E,
    0xFA, 0x3D, 0x66, 0x09, 0x89, 0x79, 0x8D, 0x41, 0x97, 0x0B, 0xAE, 0xB7, 0x68, 0x6B, 0x76, 0x3E,
    0xC5, 0x18, 0xA9, 0xBD, 0xD3, 0x8A, 0xF8, 0x53, 0xDC, 0x7C, 0x1F, 0x7A, 0x4C, 0xEF, 0xE0, 0x71,
    0x31, 0xE7, 0x6D, 0x27, 0x32, 0x99, 0x57, 0x07, 0xAC, 0xDF, 0x40, 0x47, 0x41, 0x47, 0x19, 0x37,
    0x94, 0x69, 0x45, 0x09, 0xC5, 0xBF, 0xDA, 0x8B, 0x95, 0xD8, 0xB6, 0x50, 0x5F, 0x68, 0x2B, 0xEF,
    0x4D, 0x91, 0x53, 0x22, 0xDB, 0x53, 0x21, 0x01, 0x16, 0x89, 0x1B, 0x10, 0xE9, 0xF8, 0xBD, 0x5E,
    0x4C, 0xEB, 0x43, 0x34, 0x1E, 0x05, 0x87, 0xC0, 0x70, 0x12, 0x4F, 0x9B, 0x9B, 0x17, 0x7C, 0xA8,
    0xB0, 0xF5, 0x28, 0x22, 0xAA, 0x35, 0xED, 0x3C, 0x2B, 0xA6, 0x86, 0xC8, 0xAB, 0xB5, 0xA8, 0xFD,
    0x49, 0x4C, 0x17, 0x8D, 0x98, 0xA7, 0x1D, 0xD8, 0x69, 0x4B, 0x3D, 0x42, 0xB9, 0xC7, 0x2F, 0x88,
    0x2C, 0xB2, 0xD9, 0x06, 0x84, 0x9F, 0x54, 0x8E, 0x8B, 0x3C, 0x85, 0xD9, 0x43, 0x83, 0x05, 0xA6,
    0x86, 0x27, 0xA1, 0x83, 0x08, 0x53, 0x69, 0x59, 0xD2, 0x46, 0xD2, 0x9A, 0x37, 0x8F, 0x2E, 0x35,
    0x1B, 0xB8, 0x96, 0x78, 0x04, 0x0F, 0xFA, 0xB0, 0x0F, 0x0B, 0x13, 0x29, 0x78, 0xFB, 0x4B, 0x34,
    0xB2, 0xAF, 0xD2, 0x60, 0xD8, 0x37, 0x2E, 0xB0, 0x65, 0x27, 0xE1, 0xAA, 0xA5, 0x37, 0x69, 0xE3,
    0xB9, 0x64, 0x52, 0x6A, 0xC1, 0x8F, 0xD5, 0x45, 0x34, 0x40, 0x33, 0x34, 0xE6, 0x94, 0x3A, 0x9D,
    0x4F, 0x8D, 0x25, 0xB2, 0xC3, 0xAF, 0xC9, 0xEA, 0xEF, 0x16, 0xCB, 0xB3, 0x37, 0xDF, 0xCE, 0x6D,
    0x9F, 0x7F, 0xD0, 0xE1, 0x91, 0xC0, 0x66, 0xF1, 0x1F, 0xAA, 0xF8, 0x5C, 0xE5, 0x79, 0xC2, 0xD5,
    0x49, 0x5A, 0x1C, 0xAA, 0xB4, 0x57, 0xEA, 0x90, 0x75, 0x33, 0xFF, 0xD3, 0x85, 0xA3, 0xDA, 0x78,
    0xB4, 0xCA, 0x36, 0x6D, 0xE3, 0x36, 0x6A, 0xE2, 0x2A, 0x2E, 0x8C, 0x7C, 0xD3, 0x8D, 0x68, 0x68,
    0x4E, 0x2C, 0xC7, 0x24, 0xCF, 0x6C, 0x65, 0xAB, 0x32, 0x3B, 0x86, 0xCB, 0xD7, 0x04, 0x5B, 0x8C,
    0x0D, 0x83, 0x03, 0xC0, 0xFC, 0x61, 0x43, 0x11, 0x74, 0x53, 0xB1, 0x24, 0x58, 0x7D, 0x06, 0x65,
    0xC3, 0xD2, 0xE4, 0x36, 0x5B, 0xA1, 0xF8, 0xEB, 0x86, 0x8D, 0x44, 0xF5, 0xDC, 0x10, 0xA3, 0xA2,
    0x15, 0xCA, 0x37, 0xD0, 0x9F, 0x77, 0x11, 0xA2, 0x84, 0x69, 0xAF, 0x4C, 0x03, 0x16, 0xDA, 0x87,
    0x96, 0x56, 0x61, 0xB3, 0xB2, 0x12, 0xB8, 0x13, 0x44, 0x65, 0x0B, 0x29, 0xF7, 0x0B, 0xDE, 0xD0,
    0xBB, 0x30, 0x03, 0x4B, 0x33, 0x98, 0x60, 0xDE, 0x96, 0xE6, 0x06, 0x33, 0x40, 0x7F, 0x85, 0x33,
    0x03, 0x49, 0x60, 0x57, 0xB6, 0xC1, 0xE5, 0x06, 0x0B, 0x6A, 0x70, 0xA3, 0x91, 0xB3, 0xD8, 0xCD,
    0x93, 0xA8, 0xF2, 0x88, 0xBA, 0x51, 0xEE, 0xB2, 0xBF, 0x82, 0x55, 0x4E, 0x67, 0xB2, 0x6D, 0x27,
    0x3C, 0x0B, 0x1D, 0xA0, 0xFB, 0x1C, 0x66, 0x7B, 0x59, 0x92, 0xEE, 0x12, 0xB7, 0x59, 0x12, 0x0C,
    0x47, 0xE3, 0xC5, 0x8C, 0x30, 0x6B, 0x49, 0xA1, 0x1C, 0xCC, 0x20, 0xE6, 0x46, 0x8F, 0x9B, 0x17,
    0xA1, 0xF9, 0x61, 0x55, 0xD9, 0x4F, 0x82, 0x7E, 0xE8, 0xA4, 0xEA, 0xAC, 0xE8, 0xC7, 0x60, 0xBB,
    0xCF, 0x72, 0xCB, 0xB5, 0xA2, 0x9F, 0xEB, 0x18, 0xCF, 0xD2, 0xBC, 0xF0, 0xBD, 0xC4, 0x64, 0xB5,
    0xFF, 0xB8, 0x5F, 0xD5, 0xAF, 0x4B, 0xDA, 0x99, 0xDF, 0xD9, 0x96, 0x73, 0xC9, 0x2D, 0x0C, 0xD9,
    0x7E, 0x82, 0x45, 0x7E, 0x85, 0x40, 0x67, 0xD0, 0x40, 0xE8, 0xFB, 0x3E, 0x45, 0x40, 0x11, 0x53,
    0xA4, 0xF7, 0x20, 0xCC, 0x07, 0x10, 0xF6, 0x3C, 0x90, 0x6B, 0x8A, 0x69, 0x98, 0x10, 0x71, 0x07,
    0x91, 0x34, 0x10, 0xA6, 0x82, 0x40, 0x8F, 0xB6, 0x56, 0x91, 0x53, 0x2C, 0x96, 0x3B, 0x70, 0x57,
    0x1D, 0x75, 0x9F, 0xD8, 0xB8, 0xAA, 0xA6, 0x81, 0x5D, 0x6A, 0xD6, 0xB5, 0x93, 0xF5, 0xFC, 0x93,
    0x55, 0xB5, 0x6B, 0xED, 0x35, 0x80, 0x2B, 0x5C, 0x49, 0xD9, 0x6A, 0xAE, 0x49, 0x77, 0x8A, 0x2B,
    0xBF, 0x6B, 0x9B, 0x7C, 0x5E, 0x85, 0x57, 0x36, 0x9C, 0x36, 0xBC, 0xD0, 0x12, 0x47, 0xDB, 0xC0,
    0xFE, 0xE5, 0x6A, 0x3C, 0xB2, 0x25, 0x66, 0x4E, 0xBD, 0x00, 0x78, 0xF2, 0xF7, 0x7E, 0xCF, 0x39,
    0x36, 0xA8, 0x7D, 0xB9, 0xBB, 0x3D, 0x94, 0x55, 0x38, 0x95, 0x55, 0x60, 0xCB, 0xCA, 0xB7, 0x39,
    0xBE, 0x01, 0x9B, 0x53, 0xDA, 0xC5, 0x03, 0xC1, 0x25, 0xB0, 0xBA, 0xD5, 0x99, 0x78, 0x17, 0x80,
    0x98, 0x76, 0x58, 0xD7, 0xCD, 0x97, 0x86, 0xCB, 0x58, 0xC9, 0x25, 0xB7, 0x6B, 0x73, 0xCF, 0x30,
    0x23, 0xD8, 0x11, 0xC6, 0xA7, 0xD6, 0x00, 0x97, 0x23, 0xD1, 0xD5, 0x2D, 0x38, 0x9D, 0x37, 0x57,
    0x9B, 0x54, 0xD8, 0x59, 0x74, 0xB9, 0x84, 0x02, 0xB6, 0x77, 0x69, 0xAE, 0x15, 0x31, 0xC7, 0x74,
    0x29, 0xE0, 0x3A, 0x1A, 0x4C, 0x15, 0xB2, 0xF6, 0xA6, 0x8D, 0xBB, 0x64, 0xCA, 0x09, 0xE7, 0x19,
    0xE0, 0xA8, 0xC0, 0x37, 0xBC, 0x2B, 0xEF, 0x73, 0xB4, 0x29, 0x8B, 0x60, 0xB0, 0x59, 0x30, 0x5A,
    0x7C, 0x97, 0x75, 0x3C, 0xD0, 0x0A, 0xD0, 0x07, 0x2C, 0x18, 0x18, 0x71, 0x1C, 0x9B, 0xE8, 0x5D,
    0x50, 0x67, 0xC8, 0x44, 0x57, 0xE0, 0x70, 0x12, 0x6B, 0x12, 0x2E, 0x0E, 0xDB, 0xE4, 0xCF, 0xD0,
    0xA7, 0x48, 0x68, 0x80, 0x8F, 0x40, 0xD1, 0x6D, 0x02, 0x2D, 0x74, 0x18, 0x50, 0xC8, 0xF6, 0xCF,
    0x20, 0x04, 0x8D, 0x85, 0x68, 0xE2, 0x16, 0x02, 0xEF, 0x90, 0x8D, 0x1F, 0xA0, 0xBF, 0x88, 0x46,
    0x15, 0xD1, 0xBA, 0x42, 0x7B, 0x85, 0x81, 0x71, 0xBF, 0x5F, 0xBB, 0xBF, 0xFD, 0xD7, 0x3C, 0x49,
    0x6A, 0xEC, 0x53, 0x9B, 0xD4, 0xDE, 0xFA, 0x3E, 0xAE, 0x55, 0xA6, 0x31, 0x6D, 0x4A, 0xAC, 0xA8,
    0x52, 0x39, 0x2B, 0xCF, 0xBA, 0xEB, 0x98, 0x7C, 0x42, 0x05, 0xC1, 0xBB, 0x6D, 0x45, 0x0B, 0x4C,
    0x69, 0xC8, 0xBD, 0x6A, 0x56, 0x18, 0x32, 0x72, 0xFC, 0x08, 0x79, 0xC1, 0xA0, 0x8D, 0x8F, 0x2A,
    0x2E, 0x16, 0xD2, 0xD8, 0x66, 0x9C, 0x6A, 0x36, 0x37, 0x37, 0xB3, 0xD5, 0x48, 0x5F, 0xBC, 0xFE,
    0x2D, 0x71, 0x5B, 0x91, 0x4F, 0x0C, 0x4C, 0x08, 0x99, 0xA5, 0x76, 0xE8, 0xF6, 0xD1, 0xC7, 0x77,
    0x4E, 0x5D, 0x77, 0xB8, 0x9F, 0x69, 0xBB, 0xE7, 0xE6, 0x7E, 0x36, 0xD4, 0xF3, 0x47, 0x7A, 0x9D,
    0x7C, 0xFB, 0x05, 0x6A, 0x87, 0x21, 0xC2, 0x8A, 0xEE, 0x37, 0x82, 0x07, 0xB5, 0x23, 0x3A, 0x25,
    0xA7, 0xB2, 0x80, 0x1E, 0xD4, 0xCB, 0xDE, 0xDF, 0x49, 0xCC, 0x72, 0x74, 0xA6, 0xC1, 0xEA, 0x0F,
    0xEE, 0x9A, 0x5B, 0x33, 0x1E, 0xE3, 0x02, 0x53, 0xAB, 0x4B, 0xFD, 0xC7, 0x8F, 0xB1, 0x0F, 0xE4,
    0x0E, 0x95, 0x7A, 0x43, 0x93, 0xBC, 0x6B, 0x87, 0xA8, 0x35, 0xAF, 0x5A, 0x8B, 0x90, 0xEE, 0xFD,
    0xBC, 0x7C, 0x75, 0x00, 0x34, 0xA6, 0xAF, 0x0C, 0x25, 0x17, 0x0F, 0x09, 0xD8, 0x1B, 0xDE, 0x09,
    0x60, 0xC6, 0x43, 0x19, 0xB6, 0xBC, 0x12, 0xB5, 0xE9, 0x7B, 0x43, 0x1E, 0xED, 0x96, 0xEF, 0x77,
    0xE6, 0x35, 0x7B, 0x0F, 0x94, 0xE3, 0x5D, 0x7B, 0xCE, 0x16, 0x31, 0x83, 0xA3, 0x44, 0x1C, 0x19,
    0x03, 0xFE, 0xE2, 0x86, 0x1A, 0x09, 0x97, 0xA2, 0x9B, 0x29, 0x72, 0x5A, 0x27, 0xBA, 0x55, 0xA8,
    0xDE, 0x2A, 0x4E, 0x8D, 0xC8, 0x81, 0xE9, 0xB6, 0x6B, 0x19, 0x7D, 0xA6, 0x4E, 0xFC, 0xB1, 0x1A,
    0xC5, 0x87, 0x7C, 0x2A, 0x7D, 0x8F, 0x56, 0x62, 0x5E, 0x61, 0x3F, 0xF9, 0xAC, 0x14, 0x3E, 0x6C,
    0x97, 0xAA, 0x0D, 0xA8, 0x5F, 0x6D, 0x0A, 0xEC, 0x66, 0x5A, 0xC2, 0x85, 0x11, 0x99, 0x12, 0x17,
    0x2F, 0x07, 0xD9, 0xC6, 0xF6, 0x4E, 0xD8, 0x21, 0x94, 0xCA, 0xC9, 0xE5, 0xF2, 0x2D, 0xDD, 0x32,
    0xA5, 0x41, 0x08, 0xC6, 0xD3, 0xCE, 0x04, 0x07, 0x82, 0xBE, 0xE2, 0xDE, 0xA7, 0xF0, 0xF4, 0x17,
    0xAF, 0x45, 0x73, 0xA8, 0x8E, 0xA9, 0xB8, 0x58, 0x1B, 0x13, 0xEE, 0xE1, 0x6D, 0x08, 0x68, 0x10,
    0x05, 0x45, 0x35, 0xFF, 0x0A, 0x6D, 0xB6, 0x6D, 0x75, 0x04, 0xE8, 0xD7, 0xAA, 0xAA, 0x23, 0x9A,
    0x6E, 0xB9, 0x32, 0xF8, 0xD8, 0xBE, 0x61, 0x39, 0x2F, 0x62, 0x29, 0x44, 0x8E, 0x50, 0xAD, 0xCE,
    0xEA, 0xD4, 0x70, 0x94, 0xD0, 0xBB, 0x65, 0x2D, 0xCE, 0xFF, 0x89, 0x9A, 0x4F, 0xA1, 0x97, 0xE7,
    0x4B, 0x46, 0x0E, 0x9B, 0xF9, 0x8C, 0x3F, 0xB0, 0x95, 0xDA, 0x05, 0xA6, 0xD5, 0xB2, 0x3A, 0x8A,
    0x89, 0xCB, 0x72, 0xF3, 0xAB, 0x89, 0x9A, 0x2D, 0x44, 0xDA, 0xAE, 0x90, 0x34, 0xEE, 0x1F, 0x26,
    0xBA, 0x55, 0x3B, 0x7D, 0x02, 0x7E, 0x8F, 0x65, 0x15, 0x5F, 0x58, 0xD6, 0x72, 0xB9, 0xBC, 0xB6,
    0x8A, 0x13, 0xF1, 0xB4, 0x24, 0x3E, 0xB3, 0xDE, 0xDA, 0x43, 0x7E, 0x45, 0xDD, 0x22, 0x76, 0xA8,
    0x53, 0x1D, 0xB8, 0xDE, 0xCB, 0x33, 0xA8, 0x97, 0x50, 0x6F, 0xA3, 0xDB, 0xD1, 0xCE, 0xF5, 0x21,
    0x7D, 0xDE, 0x3C, 0xA2, 0x4F, 0x57, 0x77, 0x37, 0xE5, 0x0B, 0xFD, 0x6A, 0xDD, 0x86, 0x47, 0x91,
    0x7B, 0xB2, 0x42, 0x4B, 0x9F, 0xA8, 0xFA, 0x2B, 0xAA, 0xBF, 0x8E, 0xEC, 0x6F, 0xCB, 0x3A, 0xC1,
    0x16, 0x02, 0x28, 0x10, 0xD9, 0xE1, 0x77, 0x51, 0x55, 0xAE, 0xB5, 0x3C, 0x2B, 0xDD, 0x43, 0x18,
    0x44, 0xF3, 0x51, 0x05, 0x6E, 0x98, 0x06, 0xDB, 0x64, 0xF8, 0x04, 0x04, 0xB4, 0x52, 0xC7, 0xC0,
    0xB6, 0x9A, 0xEA, 0xAF, 0xC9, 0xF8, 0x88, 0x20, 0xB4, 0xCF, 0x4D, 0xAA, 0x3F, 0xDB, 0x5A, 0x82,
    0x4E, 0x17, 0x25, 0xED, 0x2C, 0x2B, 0x75, 0xDD, 0x34, 0xA0, 0x47, 0x4B, 0x3B, 0xF3, 0xC1, 0x3D,
    0xF9, 0x18, 0x4F, 0x6D, 0x4F, 0xB0, 0xE9, 0x6C, 0x35, 0x16, 0x25, 0x46, 0x57, 0x32, 0x9F, 0xE9,
    0x4E, 0x3E, 0x6E, 0xD9, 0xA6, 0x63, 0x70, 0xCE, 0xFE, 0xF2, 0x1A, 0xDC, 0x33, 0xC4, 0xF0, 0xF9,
    0x23, 0xB8, 0xE5, 0x43, 0x0A, 0xE9, 0x5F, 0xF5, 0x65, 0x5B, 0x18, 0xE0, 0x3C, 0xE1, 0x1F, 0xAA,
    0xF8, 0xCE, 0xF2, 0x4D, 0x6B, 0x7F, 0xC2, 0xED, 0x3C, 0x67, 0xFB, 0xD9, 0x3F, 0xD4, 0xAD, 0x80,
    0x38, 0x70, 0x2B, 0xB5, 0x36, 0x6C, 0x42, 0x0F, 0xF2, 0x48, 0x0B, 0x59, 0x3B, 0x18, 0x7E, 0xF5,
    0xDC, 0x1D, 0x67, 0x90, 0xBA, 0xDE, 0xC0, 0xF9, 0x1B, 0x4D, 0xB9, 0xAC, 0x30, 0xE1, 0xB2, 0xB7,
    0xF6, 0x35, 0x3B, 0xA9, 0x58, 0x2E, 0x8B, 0x79, 0xB7, 0x8B, 0x23, 0xAD, 0xE1, 0x11, 0xF5, 0xE4,
    0x6C, 0x61, 0xA8, 0xDE, 0xB0, 0xBD, 0x8F, 0xF9, 0xD0, 0x8B, 0x16, 0x6F, 0x11, 0xB1, 0x38, 0x08,
    0xC2, 0xE2, 0x18, 0x23, 0x04, 0x92, 0x3F, 0xC0, 0x24, 0xEA, 0x98, 0xB9, 0x0F, 0x24, 0x42, 0x61,
    0x1D, 0xDF, 0xEB, 0xD2, 0x7B, 0x75, 0xFC, 0xB7, 0xC1, 0x6C, 0xD7, 0xF1, 0xC7, 0x63, 0x99, 0xD6,
    0xF1, 0x9F, 0xED, 0x08, 0xD9, 0xD8, 0x81, 0xB2, 0xEC, 0x28, 0x11, 0x7F, 0x20, 0xD3, 0x9A, 0x32,
    0x2E, 0x28, 0x01, 0x67, 0xB3, 0x04, 0x36, 0x49, 0xD9, 0x29, 0x3E, 0x4C, 0x4E, 0x2E, 0xAF, 0xC9,
    0xD3, 0xB4, 0x22, 0x46, 0x1E, 0x8C, 0x6E, 0x68, 0xED, 0x55, 0x40, 0xDB, 0x68, 0x54, 0xB6, 0x2A,
    0x7B, 0xCA, 0x07, 0x03, 0xE5, 0xFD, 0x89, 0xF2, 0x53, 0x4B, 0xD9, 0xDA, 0xF7, 0x29, 0xF3, 0x0F,
    0x29, 0xCD, 0x7D, 0xCA, 0xE4, 0x33, 0xCA, 0x98, 0x76, 0x05, 0xA6, 0x42, 0xE9, 0xAB, 0x14, 0xAB,
    0xC8, 0x88, 0xEC, 0xCC, 0xEA, 0xAE, 0x41, 0x82, 0x0D, 0xAE, 0x00, 0x6B, 0x54, 0xC0, 0xC2, 0xD0,
    0xBF, 0xB6, 0x35, 0x00, 0x2B, 0x47, 0x60, 0x05, 0xBF, 0x01, 0xFF, 0x88, 0x41, 0x65, 0x60, 0x80,
    0x2A, 0x48, 0x22, 0x0F, 0x8A, 0x68, 0x7D, 0x17, 0x74, 0xA1, 0xE1, 0x13, 0x70, 0x9B, 0x36, 0x19,
    0x3D, 0x3A, 0x1F, 0xAD, 0x6C, 0x06, 0xAC, 0xE6, 0x20, 0x60, 0x35, 0x0E, 0x5B, 0x00, 0x58, 0xE3,
    0x6A, 0xBF, 0x3D, 0xB7, 0xE9, 0x6B, 0x30, 0x56, 0xD3, 0x01, 0xA6, 0x81, 0x4B, 0xD1, 0x4C, 0x3A,
    0x0A, 0x9A, 0xCE, 0xEE, 0x21, 0xD6, 0xA7, 0x82, 0x28, 0xE0, 0x20, 0x40, 0x85, 0xA3, 0x10, 0xBA,
    0x2E, 0xB7, 0x30, 0xAC, 0xF3, 0x0D, 0x0C, 0x4B, 0x2C, 0xE6, 0x0C, 0xF5, 0x07, 0x17, 0x27, 0x3A,
    0x7F, 0x4A, 0x10, 0x2B, 0xBB, 0x92, 0xC1, 0x3E, 0x19, 0xEE, 0x6B, 0xA3, 0x5C, 0x47, 0xE2, 0x75,
    0x27, 0x68, 0x50, 0x8B, 0x2E, 0x54, 0xDC, 0x4A, 0xDD, 0x52, 0xC5, 0xCB, 0x5B, 0x0D, 0x89, 0x93,
    0xFC, 0x88, 0xD1, 0x8E, 0x04, 0x03, 0x77, 0x06, 0x9D, 0x97, 0x06, 0xCB, 0xAD, 0x83, 0xD8, 0x3D,
    0x2A, 0x76, 0xEB, 0xB2, 0xF7, 0xA2, 0x4C, 0x31, 0x07, 0x1D, 0xAA, 0x62, 0xF7, 0xA5, 0xC9, 0xF1,
    0xAD, 0x59, 0x0B, 0xEA, 0x36, 0xA9, 0xBA, 0x4D, 0xC7, 0x08, 0x35, 0xCC, 0xDA, 0xA2, 0xF2, 0xE8,
    0xE2, 0x35, 0x93, 0x81, 0x96, 0x4C, 0xBE, 0xA5, 0x6A, 0x98, 0xBC, 0xF0, 0x71, 0xB3, 0xFB, 0x43,
    0x26, 0xEF, 0x60, 0x7B, 0x7E, 0x07, 0x1F, 0xBE, 0xCA, 0x69, 0xC2, 0xE0, 0xC0, 0x86, 0x47, 0x97,
    0xC0, 0x97, 0x08, 0x7D, 0x1B, 0x9C, 0x68, 0x32, 0x3C, 0x83, 0xF5, 0x5F, 0x42, 0xBD, 0x0C, 0xDE,
    0x91, 0x63, 0xE5, 0x60, 0xA8, 0x1D, 0x6A, 0x9D, 0x92, 0x0D, 0x22, 0x57, 0xD8, 0x02, 0x80, 0x17,
    0x7B, 0xB4, 0xBC, 0xBC, 0x3E, 0xED, 0xD4, 0xEF, 0x04, 0x43, 0x54, 0xDF, 0xA6, 0x38, 0x15, 0x0C,
    0x20, 0x20, 0x4A, 0xF2, 0x9E, 0x5C, 0xA4, 0x1A, 0xEE, 0xA9, 0x29, 0x8A, 0xC5, 0xB2, 0x58, 0x70,
    0x24, 0x70, 0xF1, 0xB9, 0x60, 0x33, 0xC2, 0xFF, 0x53, 0x41, 0x57, 0xAA, 0x37, 0x26, 0xAC, 0x8C,
    0xB8, 0x6A, 0x9C, 0x64, 0xE5, 0xCC, 0x2E, 0x66, 0xFA, 0x82, 0xC9, 0x6C, 0x71, 0x0E, 0x99, 0xE6,
    0x03, 0x04, 0x4F, 0x3A, 0xE9, 0xEA, 0x71, 0x30, 0x0F, 0x18, 0x4D, 0xDC, 0x6A, 0x3F, 0x0D, 0x89,
    0x1A, 0x20, 0x0E, 0x54, 0xDC, 0x28, 0x6F, 0x37, 0x05, 0xA3, 0x4D, 0x49, 0x12, 0x53, 0x59, 0xE5,
    0x88, 0xA4, 0x35, 0x29, 0xCF, 0x2F, 0x24, 0xB9, 0xAF, 0x74, 0xE7, 0x41, 0xAF, 0x54, 0xA9, 0x55,
    0xEB, 0x70, 0x94, 0xA8, 0x56, 0x26, 0x55, 0x29, 0x61, 0x2A, 0x56, 0x4C, 0x6F, 0x6B, 0x29, 0x8B,
    0xE2, 0xC4, 0xF2, 0x0A, 0xDD, 0x97, 0x78, 0x84, 0xEF, 0x1C, 0x18, 0xC5, 0x14, 0x89, 0xC4, 0x46,
    0xDC, 0xF7, 0x88, 0x39, 0x79, 0xB6, 0xF3, 0x99, 0xAF, 0xFB, 0x0A, 0x1B, 0xC1, 0x08, 0x18, 0x00,
    0x6F, 0xF4, 0xA7, 0xE0, 0xB3, 0x21, 0xE4, 0x69, 0x4E, 0xF8, 0xE9, 0x14, 0x71, 0xAD, 0xD1, 0x3F,
    0x2D, 0x99, 0xA0, 0x05, 0x7C, 0x11, 0x9D, 0xCA, 0xF3, 0x95, 0x7D, 0x09, 0x83, 0xE6, 0x3B, 0x15,
    0x8A, 0x5A, 0x06, 0x8D, 0x03, 0xDF, 0x40, 0xA5, 0x8C, 0xDB, 0xC2, 0xC2, 0xFC, 0x89, 0x05, 0x33,
    0xA7, 0xD9, 0x3A, 0x16, 0xAF, 0x44, 0xDE, 0x6D, 0xCB, 0xFA, 0x4F, 0xF7, 0x8D, 0x64, 0xA5, 0x24,
    0xB6, 0x21, 0x6F, 0x63, 0x06, 0x1A, 0x93, 0x0D, 0x17, 0xA9, 0x26, 0x2C, 0x39, 0xFB, 0x6E, 0xB5,
    0xC7, 0x07, 0xAA, 0x09, 0xF5, 0x93, 0xC0, 0x79, 0x90, 0xAE, 0xDE, 0x9F, 0xB5, 0xC2, 0xEB, 0xF1,
    0x3D, 0x4D, 0x16, 0xDE, 0x67, 0xFB, 0xD2, 0xC3, 0xBC, 0xBC, 0x89, 0x44, 0x09, 0x0B, 0xC4, 0xBE,
    0xA5, 0xA3, 0xE4, 0x23, 0xAC, 0xD7, 0xD3, 0x38, 0x4C, 0xB9, 0x5C, 0x7A, 0xE4, 0x17, 0xE7, 0x08,
    0xF1, 0xBE, 0x46, 0x24, 0xA6, 0x41, 0xC8, 0x1F, 0xE8, 0xD5, 0xE8, 0x98, 0xA4, 0xD9, 0x9E, 0x43,
    0x97, 0xE5, 0x1D, 0xA6, 0x71, 0x1F, 0x69, 0x5E, 0x58, 0x71, 0x12, 0x4A, 0x23, 0xD6, 0x69, 0xCA,
    0x11, 0xE2, 0x8C, 0x53, 0x4A, 0xEB, 0xC4, 0x09, 0xFA, 0x41, 0x42, 0x66, 0xE0, 0xC4, 0x5D, 0xE4,
    0xC8, 0x09, 0xC2, 0x87, 0x24, 0x19, 0xF8, 0xFB, 0x71, 0x22, 0xCD, 0x4C, 0xE6, 0xD8, 0xB3, 0x4F,
    0x45, 0x86, 0xD3, 0x3A, 0xF7, 0x69, 0x67, 0xBA, 0xC7, 0x05, 0x91, 0xC0, 0x47, 0x15, 0xB5, 0x59,
    0xA5, 0x3D, 0xF9, 0x8A, 0x75, 0xA9, 0xF8, 0x2C, 0x08, 0x67, 0xF8, 0x7C, 0x0E, 0x62, 0xFE, 0xF8,
    0x9F, 0xBB, 0x7C, 0x06, 0x7B, 0xA1, 0x07, 0x1A, 0x69, 0xC1, 0x2C, 0x88, 0xA7, 0x1C, 0x35, 0x4F,
    0x3C, 0x78, 0x3E, 0xD8, 0x6A, 0x36, 0xA1, 0x87, 0x21, 0x3C, 0x15, 0xB9, 0xAC, 0xED, 0x4C, 0xC6,
    0xA6, 0xEE, 0x34, 0x24, 0xAA, 0x79, 0x8A, 0xC2, 0xA6, 0xDD, 0xBE, 0xA6, 0x2F, 0xAB, 0xA7, 0x58,
    0x60, 0xD6, 0x13, 0x7C, 0xB6, 0xF8, 0x88, 0xE6, 0x05, 0xF3, 0xC1, 0x01, 0xCF, 0x04, 0xB0, 0x6D,
    0x32, 0x61, 0x43, 0x06, 0xEC, 0x0C, 0x33, 0xD5, 0x16, 0x39, 0x7F, 0x83, 0x58, 0x86, 0x5C, 0x75,
    0x91, 0x79, 0xD7, 0x4E, 0x6F, 0x6E, 0x5E, 0xC4, 0xEA, 0x47, 0xD6, 0x05, 0x18, 0x23, 0x15, 0x97,
    0xF1, 0x08, 0xC4, 0xF0, 0x30, 0x25, 0x53, 0x50, 0xD6, 0x6C, 0xA7, 0x9C, 0x64, 0x4D, 0x2C, 0x00,
    0xD1, 0x75, 0x4E, 0xC6, 0x87, 0x41, 0x4E, 0x64, 0xB1, 0x1E, 0xDB, 0xF1, 0x60, 0xD2, 0xF1, 0x7A,
    0x58, 0xCB, 0xE7, 0x3B, 0x64, 0x77, 0xB8, 0x66, 0x98, 0x0A, 0x39, 0xB2, 0x67, 0xF5, 0x54, 0xE0,
    0x01, 0xB6, 0x00, 0x34, 0x46, 0xE4, 0x22, 0xB2, 0xCA, 0xA5, 0xEE, 0xDA, 0x5A, 0xC4, 0x47, 0x8A,
    0x12, 0x9A, 0x7A, 0xE0, 0xE2, 0x13, 0x33, 0x0B, 0x78, 0x04, 0xE3, 0xAE, 0x86, 0x5D, 0x8D, 0xBA,
    0xD9, 0x41, 0x81, 0x6B, 0x0C, 0x70, 0xAE, 0x09, 0x81, 0x63, 0x2A, 0xF7, 0x52, 0x0E, 0xD8, 0xC6,
    0x69, 0x3D, 0x16, 0x9A, 0x98, 0x9C, 0xB7, 0x3C, 0x2D, 0x8A, 0x47, 0xE4, 0x5E, 0x6D, 0xD0, 0x9A,
    0xC6, 0xBF, 0xCA, 0xE3, 0x00, 0xC2, 0x8A, 0xD6, 0xDA, 0x25, 0x9C, 0xB4, 0xA0, 0xA4, 0xF7, 0x78,
    0xD8, 0xD1, 0xAD, 0x0F, 0x16, 0xF4, 0x6C, 0x69, 0x71, 0x8B, 0x06, 0x36, 0xAE, 0x44, 0x70, 0x58,
    0x9C, 0x01, 0xC0, 0x79, 0xD6, 0x61, 0x3F, 0x66, 0x32, 0xE2, 0x1A, 0x86, 0x1A, 0x99, 0xCF, 0x43,
    0xD4, 0x47, 0x08, 0xBD, 0xC1, 0x26, 0x69, 0x0F, 0xE3, 0x26, 0x7D, 0xCD, 0x42, 0x10, 0x19, 0x30,
    0xE3, 0x16, 0xAA, 0xD7, 0x44, 0x2F, 0x99, 0xD8, 0x27, 0x09, 0x78, 0x1B, 0x0F, 0x49, 0x9F, 0xB4,
    0x11, 0x98, 0x41, 0x38, 0x98, 0xBB, 0xD7, 0x79, 0xA0, 0xE0, 0xEA, 0x81, 0xB9, 0xCB, 0xDB, 0xF3,
    0xA1, 0x48, 0xA7, 0x07, 0x63, 0x9C, 0x7B, 0x84, 0x68, 0x5E, 0xEA, 0x01, 0x05, 0x7C, 0xC2, 0x73,
    0x89, 0xEF, 0x5C, 0xA3, 0xE9, 0x4D, 0xEC, 0x15, 0x18, 0x0A, 0xEA, 0x99, 0xF1, 0xC2, 0x81, 0x7B,
    0x0F, 0xAB, 0x67, 0x98, 0x74, 0x03, 0x54, 0x35, 0x71, 0xCA, 0x77, 0xB7, 0x56, 0xC9, 0x19, 0x29,
    0x50, 0x8B, 0x00, 0x6A, 0x6A, 0x20, 0x03, 0x4F, 0x48, 0x1C, 0x46, 0x18, 0x42, 0x6A, 0xBA, 0x5B,
    0xB6, 0x2E, 0xDA, 0x06, 0xB4, 0xD9, 0xE0, 0xAF, 0xE0, 0x13, 0x31, 0x71, 0x39, 0xBE, 0xBB, 0xCC,
    0x5C, 0x2C, 0x8E, 0x98, 0x74, 0xD1, 0xDF, 0xE9, 0x30, 0xC0, 0x1D, 0xE6, 0xEE, 0x65, 0xC1, 0x53,
    0x10, 0xEB, 0xCE, 0xD1, 0x7A, 0xC4, 0xD2, 0x15, 0x7E, 0x6F, 0xDD, 0xA4, 0xA7, 0x13, 0x0B, 0x72,
    0xC5, 0xFB, 0x23, 0x45, 0xAA, 0xA7, 0x20, 0x83, 0x52, 0x0A, 0x88, 0x5F, 0x59, 0x62, 0xAA, 0xCD,
    0xA2, 0xFE, 0xF1, 0x44, 0x32, 0xFA, 0x44, 0xDB, 0x17, 0x79, 0x00, 0x07, 0xE1, 0xB7, 0x9A, 0x3F,
    0xB8, 0x20, 0xD7, 0xAD, 0x50, 0xF9, 0xA6, 0x52, 0xF6, 0xFF, 0x16, 0x17, 0x13, 0x2E, 0xA0, 0xE2,
    0x61, 0xC8, 0x59, 0x3D, 0x92, 0xE0, 0x71, 0x49, 0xC1, 0x33, 0x5F, 0x77, 0x6A, 0x71, 0x3D, 0x8B,
    0x6C, 0x11, 0xCE, 0x17, 0x1F, 0xBB, 0x30, 0x81, 0x15, 0x38, 0x2A, 0x2C, 0x5E, 0x53, 0x5C, 0xD9,
    0xEA, 0x56, 0x4A, 0x29, 0xD7, 0x4C, 0xEE, 0x90, 0x52, 0x9E, 0xDE, 0xC1, 0xEA, 0x52, 0x5B, 0x40,
    0x4C, 0xF8, 0x85, 0xAB, 0x51, 0xAF, 0x67, 0xDD, 0x70, 0x03, 0x1E, 0x63, 0x51, 0x30, 0x80, 0x92,
    0x8E, 0xF6, 0x30, 0xAD, 0x08, 0x36, 0xC7, 0x26, 0x1D, 0x04, 0x56, 0x92, 0x8E, 0xC1, 0x84, 0x98,
    0xF0, 0x3C, 0x4F, 0x47, 0x33, 0x5B, 0x61, 0x1F, 0x30, 0x56, 0xCE, 0x4E, 0x9E, 0xB8, 0x24, 0x3C,
    0x65, 0x05, 0x13, 0x29, 0x16, 0x70, 0x49, 0xF8, 0xAE, 0xF9, 0x37, 0xED, 0xB9, 0x30, 0x8A, 0x6B,
    0x55, 0x88, 0xFD, 0xFA, 0x57, 0xD9, 0x90, 0x41, 0x16, 0xB4, 0x78, 0x2C, 0x37, 0x7D, 0xF2, 0xAF,
    0x64, 0xC2, 0x1E, 0xE6, 0xBD, 0xB1, 0x3F, 0x85, 0x4B, 0x4D, 0xF3, 0x17, 0xC6, 0xEB, 0x38, 0x9A,
    0x5A, 0x15, 0xE3, 0xE8, 0x2F, 0xA1, 0x7D, 0x8E, 0x43, 0x72, 0xFA, 0x38, 0x22, 0x99, 0x3C, 0xBE,
    0x20, 0xBA, 0x03, 0x0A, 0x48, 0xC1, 0xF3, 0x11, 0x38, 0x17, 0xB3, 0x5A, 0x9E, 0x49, 0x0E, 0xF0,
    0xFA, 0x09, 0x00, 0x63, 0x4D, 0x8D, 0x5A, 0x79, 0xAE, 0xD6, 0xF3, 0xFF, 0xF0, 0xF9, 0xA4, 0x8B,
    0x86, 0xD8, 0x96, 0x07, 0x00, 0x66, 0x8B, 0x79, 0x72, 0x79, 0x9F, 0x09, 0x24, 0xCD, 0x3D, 0xB2,
    0x2F, 0x58, 0xA5, 0x1E, 0x05, 0x4D, 0xB6, 0x52, 0xBE, 0x7C, 0x58, 0xB8, 0xBB, 0x59, 0x34, 0x30,
    0xD4, 0xD9, 0x72, 0xE4, 0xB6, 0xA9, 0x23, 0x61, 0xDB, 0xC6, 0x8B, 0xF3, 0x21, 0xD2, 0x9E, 0xE0,
    0xA9, 0x9C, 0x9E, 0xBE, 0xE3, 0x57, 0xA5, 0x91, 0xF7, 0xEF, 0xFF, 0x2B, 0x60, 0xCD, 0xCF, 0x7A,
    0xF6, 0x3E, 0x00, 0xF0, 0xF4, 0x11, 0xA0, 0xA8, 0x27, 0x80, 0x18, 0xAF, 0xD6, 0x5F, 0xD0, 0x7C,
    0x0D, 0xC5, 0xD7, 0x46, 0xB5, 0xF5, 0x51, 0x15, 0x8E, 0x11, 0x70, 0x22, 0x24, 0x56, 0xC8, 0xC3,
    0x6A, 0xB2, 0x0F, 0x6E, 0x7C, 0xCC, 0x38, 0xD1, 0xE4, 0x0E, 0x96, 0x5F, 0xE5, 0x50, 0xC0, 0x59,
    0xE6, 0x0C, 0xF0, 0x02, 0xB6, 0x81, 0x89, 0x92, 0x4D, 0x97, 0x7A, 0xDE, 0x97, 0xDD, 0xC2, 0x5D,
    0x6A, 0xC7, 0x5E, 0xE7, 0xD9, 0xCB, 0xA0, 0x6F, 0x03, 0xF4, 0xFD, 0xC3, 0xCB, 0xFB, 0x4D, 0x10,
    0x69, 0x36, 0xF2, 0x61, 0x66, 0xCA, 0x0F, 0xB5, 0x54, 0x86, 0x46, 0x68, 0x18, 0x9B, 0xD1, 0x03,
    0x93, 0xB7, 0xBA, 0x13, 0x3B, 0x82, 0x7D, 0xC6, 0x04, 0x28, 0xE0, 0x17, 0x8F, 0x27, 0x34, 0x1B,
    0x1B, 0x42, 0xAB, 0x68, 0x74, 0x05, 0x5B, 0x0F, 0x40, 0x44, 0x0A, 0xD0, 0xEA, 0xEB, 0x9C, 0xC5,
    0xCE, 0xC6, 0x75, 0xC0, 0x43, 0x04, 0x8C, 0x98, 0x22, 0x4D, 0x55, 0x26, 0xAC, 0x5D, 0x59, 0xA7,
    0xA3, 0x9C, 0xE4, 0x9B, 0xA1, 0x92, 0x4B, 0xC7, 0x30, 0xB1, 0x4A, 0x72, 0x4B, 0x73, 0x4F, 0x89,
    0xA5, 0x63, 0x93, 0x1A, 0x2C, 0x94, 0x47, 0xCE, 0xD8, 0x74, 0xC3, 0xBB, 0xE1, 0x2F, 0xA1, 0xEB,
    0x00, 0x9F, 0xC6, 0x8C, 0x21, 0x98, 0x5B, 0x15, 0x75, 0x11, 0xB1, 0x35, 0x44, 0x02, 0x53, 0xF0,
    0xBD, 0x18, 0x08, 0x1A, 0x5F, 0x47, 0x25, 0xF7, 0x2A, 0xBE, 0xE3, 0x4B, 0x5F, 0xFF, 0xE3, 0x00,
    0x26, 0x68, 0xCE, 0x7F, 0xDC, 0xF3, 0xBD, 0x5F, 0x7C, 0x9F, 0xC7, 0xA5, 0x79, 0x74, 0x9F, 0x6F,
    0x59, 0xC6, 0xE0, 0x01, 0xBE, 0xF2, 0x41, 0x19, 0xA5, 0xC1, 0x17, 0x87, 0xEE, 0xDD, 0xE1, 0x6E,
    0xB7, 0x8F, 0x58, 0x2F, 0x6E, 0xC8, 0x12, 0x1B, 0x0E, 0x93, 0xCC, 0x27, 0xA4, 0x6C, 0x30, 0x75,
    0xB0, 0x1D, 0xAB, 0xFC, 0x9D, 0x13, 0xCD, 0x95, 0xB1, 0x2B, 0x61, 0x1F, 0x56, 0xC1, 0x94, 0x88,
    0xE3, 0x8F, 0x9A, 0x1D, 0x32, 0xED, 0x6D, 0xD3, 0x5D, 0x21, 0xF2, 0x66, 0x0A, 0x32, 0xD4, 0x4D,
    0x4D, 0xDD, 0xD4, 0xD4, 0x4D, 0x45, 0x68, 0xC6, 0x84, 0x41, 0x38, 0x83, 0xD1, 0xE7, 0x64, 0x19,
    0x92, 0x2C, 0x88, 0xB8, 0x94, 0x2F, 0x92, 0x04, 0xBD, 0xCE, 0xD9, 0x7D, 0x50, 0xAF, 0xF9, 0xA7,
    0x9E, 0x22, 0x8A, 0x3B, 0xCE, 0x75, 0x84, 0x53, 0x0F, 0x75, 0x83, 0x7E, 0xC5, 0x39, 0xF4, 0x25,
    0x90, 0xAE, 0xC2, 0xAE, 0x5E, 0xAC, 0xCC, 0x84, 0x7B, 0xC9, 0x37, 0xC1, 0x8D, 0x56, 0x58, 0x9B,
    0xE1, 0x39, 0x32, 0x3B, 0x20, 0xD5, 0x4C, 0xE7, 0xD7, 0x09, 0xB6, 0xD0, 0x8E, 0xE1, 0x81, 0x6D,
    0xD2, 0x05, 0xED, 0xFC, 0x5A, 0x56, 0xAB, 0xB8, 0x77, 0x9C, 0x08, 0x1C, 0xF6, 0xAA, 0x7B, 0xDF,
    0x77, 0xB8, 0x84, 0x3C, 0x2C, 0x24, 0x7A, 0x83, 0x78, 0x6D, 0xB7, 0xF3, 0x6B, 0xC4, 0x23, 0x8B,
    0x8F, 0x0C, 0xDC, 0x6A, 0x9A, 0x2C, 0x17, 0x86, 0x87, 0xFF, 0x89, 0x23, 0xC0, 0xC0, 0xE4, 0xD4,
    0xBD, 0x8F, 0x24, 0x1F, 0x3C, 0x54, 0xAC, 0x36, 0xC2, 0xC8, 0x1C, 0xBC, 0xE1, 0xBF, 0x87, 0xDA,
    0xB8, 0xF7, 0x94, 0x67, 0x06, 0x76, 0x85, 0x26, 0xA7, 0x84, 0x93, 0x3B, 0x99, 0xD8, 0xE2, 0x26,
    0x23, 0xF1, 0xED, 0xC4, 0xB6, 0x27, 0x19, 0x83, 0xF0, 0xF7, 0x1F, 0xCD, 0x5A, 0x3D, 0x90, 0xDF,
    0xC4, 0x15, 0x7F, 0x92, 0xCE, 0xA7, 0x89, 0x05, 0xD9, 0x14, 0x38, 0x83, 0x39, 0xC6, 0x6A, 0x2F,
    0x9E, 0x60, 0x75, 0x99, 0x14, 0xD8, 0x2B, 0xC7, 0x93, 0x49, 0x41, 0x11, 0x17, 0xF6, 0xA4, 0xA4,
    0x49, 0xE5, 0x14, 0x97, 0x99, 0x34, 0x29, 0x0C, 0x12, 0xE3, 0x82, 0x82, 0x22, 0x57, 0x64, 0xC8,
    0x4C, 0x68, 0x5C, 0x50, 0xC0, 0xDF, 0x33, 0x39, 0x0A, 0x0A, 0x4F, 0xC6, 0x46, 0x32, 0x9E, 0x0C,
    0x05, 0x05, 0x4A, 0x28, 0x29, 0x10, 0x1F, 0x4D, 0xA0, 0xB0, 0x88, 0x95, 0x20, 0x83, 0xA4, 0xCD,
    0xEF, 0xF7, 0xA4, 0xFF, 0xDD, 0x19, 0x1C, 0xE2, 0x61, 0xEE, 0xF0, 0xE9, 0xB4, 0x6F, 0x4F, 0xD2,
    0x7E, 0xBC, 0x7D, 0xFB, 0xBE, 0xF7, 0xBF, 0x22, 0x36, 0x2F, 0xCA, 0xA2, 0xB4, 0xF9, 0x8A, 0xF0,
    0xB2, 0xE9, 0xFC, 0x97, 0x4F, 0x7F, 0x59, 0x9E, 0x95, 0x59, 0xC9, 0x16, 0x17, 0x72, 0x39, 0x9C,
    0x8A, 0x98, 0x72, 0xA7, 0x64, 0x77, 0x24, 0x70, 0xAE, 0x34, 0x28, 0xB6, 0x31, 0xA5, 0x2D, 0x4D,
    0x5E, 0xE4, 0x22, 0x05, 0x9A, 0xB9, 0x74, 0xAA, 0xF9, 0x9C, 0xA1, 0xA9, 0x6D, 0xC2, 0x3C, 0x46,
    0xBB, 0xD0, 0xE1, 0x4B, 0xD1, 0xDE, 0x3D, 0xCE, 0x61, 0x34, 0x8A, 0xDC, 0xC7, 0x52, 0x38, 0xE7,
    0x39, 0x37, 0x06, 0xEE, 0xB9, 0x31, 0x18, 0xE4, 0x8D, 0xA0, 0x97, 0x67, 0xC3, 0x5E, 0x24, 0x98,
    0x4B, 0xE6, 0x1C, 0x9B, 0xC8, 0x6F, 0xDC, 0x42, 0xFC, 0x51, 0xC4, 0x77, 0x73, 0x19, 0x25, 0xF1,
    0x07, 0xB1, 0x68, 0x63, 0x13, 0xE7, 0x5C, 0x31, 0x17, 0x5D, 0xD0, 0xF7, 0x45, 0x1E, 0x17, 0xFB,
    0xDC, 0x1F, 0x33, 0xB1, 0x18, 0x5A, 0x80, 0x6B, 0x27, 0xC1, 0x60, 0x1A, 0x09, 0xDA, 0xA0, 0x95,
    0xA8, 0x09, 0xBA, 0x09, 0x84, 0x04, 0x41, 0x1B, 0xE2, 0xC3, 0xB8, 0xD1, 0xB2, 0x1D, 0x46, 0xBC,
    0x35, 0x3A, 0x49, 0x44, 0x4E, 0x09, 0x88, 0xB3, 0x22, 0xC7, 0x17, 0xF9, 0xE2, 0x55, 0xEB, 0x4A,
    0x37, 0x12, 0x0C, 0x40, 0x2D, 0xAE, 0x03, 0xCC, 0x5D, 0x7A, 0x0E, 0x54, 0x14, 0x97, 0x17, 0x5C,
    0x2B, 0x10, 0xB3, 0x1F, 0x02, 0x5B, 0x73, 0xBB, 0x13, 0x6F, 0xCB, 0x7D, 0x91, 0x83, 0x44, 0xAE,
    0xF4, 0x16, 0x8B, 0x45, 0xAE, 0x08, 0xE9, 0xA3, 0x82, 0x89, 0x4A, 0x0A, 0x56, 0x5D, 0x85, 0x1E,
    0xAE, 0x9D, 0x40, 0xBF, 0x73, 0x9D, 0x63, 0x97, 0x5D, 0xCF, 0x4B, 0xA2, 0xE7, 0x40, 0x30, 0x8F,
    0x9B, 0x38, 0x4F, 0x2A, 0x93, 0x26, 0x35, 0xFA, 0xA1, 0x6F, 0x34, 0x72, 0xF8, 0x1A, 0xB4, 0x1C,
    0x24, 0x79, 0xDB, 0x61, 0x13, 0x5D, 0x99, 0xA5, 0xB6, 0xB2, 0x65, 0x5C, 0xDB, 0x3A, 0xAE, 0xE2,
    0xC1, 0x72, 0x03, 0xB0, 0x2B, 0x18, 0x27, 0x56, 0x0A, 0xEA, 0x16, 0x1D, 0x07, 0xDA, 0x16, 0xB5,
    0x7D, 0x11, 0x7D, 0x40, 0xA4, 0x84, 0x88, 0x9C, 0x17, 0x39, 0x2A, 0x97, 0xB3, 0x33, 0x7D, 0x71,
    0xA9, 0xCF, 0x2E, 0xF5, 0x27, 0x3C, 0xBC, 0x2B, 0xEE, 0x00, 0x1B, 0x6C, 0x23, 0x90, 0x2D, 0xFE,
    0xB9, 0xD5, 0x0B, 0xA8, 0x8E, 0xB5, 0x83, 0x66, 0x58, 0x3F, 0xF6, 0x7F, 0x30, 0x65, 0x72, 0xDA,
    0xB9, 0xB0, 0xB1, 0x41, 0x97, 0x04, 0x8D, 0x8D, 0x9A, 0x63, 0x7E, 0xFB, 0xAC, 0xA9, 0x65, 0x82,
    0x5E, 0xB7, 0xF3, 0xBF, 0xDF, 0xDA, 0xA8, 0xFD, 0x1E, 0xDA, 0x60, 0x2D, 0x41, 0x93, 0x80, 0x9C,
    0xA6, 0x32, 0xF5, 0x63, 0x9B, 0x49, 0x1E, 0x76, 0x18, 0x1C, 0xC3, 0xA6, 0xD1, 0xB4, 0xE5, 0x35,
    0x79, 0x63, 0x24, 0x19, 0x8E, 0xCC, 0x84, 0x22, 0x7A, 0xC9, 0x4B, 0x3D, 0x36, 0x1D, 0x2D, 0xBC,
    0x1E, 0xEF, 0xF0, 0x3F, 0x8A, 0x3D, 0x8D, 0x82, 0x67, 0xFB, 0x1E, 0x9E, 0x47, 0x0C, 0xD0, 0x16,
    0x4A, 0xF1, 0x23, 0xE7, 0xCF, 0x73, 0xF3, 0x53, 0x96, 0xE3, 0x8B, 0x85, 0xBE, 0x93, 0x36, 0x2C,
    0xFD, 0xDE, 0x94, 0x51, 0x63, 0xF3, 0xB8, 0xC6, 0xFE, 0xDD, 0xEC, 0xC5, 0x61, 0x6A, 0x17, 0xB6,
    0x82, 0xD5, 0x4A, 0x52, 0x39, 0x31, 0x4D, 0x96, 0x62, 0x21, 0xA5, 0x74, 0x51, 0x29, 0x3F, 0xF0,
    0xC9, 0x7B, 0x2D, 0xF6, 0xAD, 0x63, 0x39, 0x72, 0xFE, 0x57, 0xC0, 0x33, 0xF8, 0x4A, 0xF1, 0xC1,
    0x51, 0x8E, 0x12, 0x40, 0x26, 0xEB, 0xB0, 0x0C, 0x70, 0xB7, 0x29, 0x63, 0xEB, 0x82, 0xEA, 0x64,
    0x7C, 0xEB, 0xCD, 0xE6, 0x49, 0x73, 0xA6, 0x6C, 0x2E, 0x9A, 0xA7, 0xCA, 0xE6, 0xAA, 0x71, 0x69,
    0x7B, 0xCD, 0xDC, 0x12, 0x3C, 0xFE, 0x32, 0xC7, 0x87, 0xE7, 0x6F, 0x34, 0xA7, 0xEC, 0x47, 0xB7,
    0xAB, 0xF8, 0xE7, 0xE9, 0xD3, 0x65, 0x54, 0x89, 0x05, 0x5B, 0x5F, 0xC1, 0xFA, 0x2C, 0x89, 0xED,
    0xFD, 0x7A, 0x12, 0x4E, 0xD7, 0xE8, 0x5D, 0xFB, 0xAF, 0x60, 0xC1, 0x69, 0xE6, 0xCA, 0x21, 0xAA,
    0xFB, 0xA0, 0xE1, 0x1D, 0xD6, 0x59, 0x51, 0xE2, 0xE5, 0x6A, 0x77, 0xB7, 0x6C, 0xCD, 0x05, 0x84,
    0x6C, 0x96, 0x45, 0xE2, 0xAF, 0x7F, 0x5F, 0x5E, 0xBB, 0xDB, 0xAD, 0x8D, 0x78, 0x2C, 0x31, 0xDD,
    0x49, 0xD3, 0xAC, 0x43, 0x62, 0x0C, 0xB0, 0x2A, 0xB1, 0x28, 0x90, 0x1D, 0x4F, 0x78, 0x9F, 0xB1,
    0xDD, 0xD4, 0xAC, 0xB2, 0x05, 0x16, 0xD1, 0x40, 0x96, 0xFC, 0x2D, 0x70, 0x77, 0x1A, 0x00, 0xED,
    0x88, 0x8F, 0x3F, 0x8A, 0xD1, 0x06, 0x2D, 0x53, 0x39, 0xAB, 0x13, 0x9C, 0x20, 0xC3, 0x07, 0xE0,
    0x5D, 0x88, 0x57, 0xC5, 0x27, 0x5C, 0x17, 0x5E, 0x3F, 0x7C, 0x45, 0x8A, 0xCE, 0x38, 0xC9, 0x08,
    0x0C, 0xB6, 0x41, 0xA2, 0xFB, 0x05, 0x7D, 0x08, 0x80, 0x2D, 0xA9, 0x00, 0x8A, 0x26, 0x72, 0x9D,
    0x6D, 0xA2, 0xCF, 0xC0, 0x29, 0x98, 0x7D, 0x09, 0x5A, 0x82, 0x6E, 0x1B, 0xF0, 0x11, 0xC2, 0xBC,
    0xD8, 0xA4, 0x14, 0xD6, 0x86, 0x20, 0x71, 0x5F, 0x8C, 0x24, 0xEF, 0xBD, 0x41, 0x4C, 0x10, 0x11,
    0x78, 0x04, 0x58, 0xFD, 0xB7, 0x02, 0x1B, 0x04, 0x3A, 0x80, 0xAB, 0x47, 0xE8, 0x93, 0x2C, 0x85,
    0x1A, 0x29, 0x8B, 0x74, 0x45, 0x62, 0x89, 0x37, 0x93, 0x7E, 0x15, 0x3A, 0xAF, 0xE8, 0x5D, 0xFB,
    0xC3, 0xD4, 0x7B, 0x99, 0xA8, 0x66, 0x58, 0x5F, 0x27, 0xBF, 0x53, 0x56, 0xFA, 0xCA, 0x6D, 0xC9,
    0xCD, 0xB9, 0x4F, 0x35, 0xD0, 0xD8, 0x4F, 0xFB, 0xC2, 0x1B, 0x9C, 0x8C, 0xA3, 0x40, 0x4E, 0x20,
    0xDE, 0x63, 0xE1, 0xF5, 0x78, 0x09, 0xAC, 0x55, 0xBE, 0xC1, 0xFF, 0xE7, 0x0A, 0x37, 0xE0, 0xBE,
    0xB0, 0x78, 0x85, 0x4B, 0x7F, 0xD2, 0xAF, 0xA4, 0x80, 0xF2, 0xB3, 0x6F, 0x52, 0x83, 0x81, 0x7A,
    0x6D, 0x56, 0x06, 0x7D, 0x52, 0x05, 0x7D, 0x5C, 0x85, 0x1D, 0xB4, 0x78, 0x03, 0x79, 0xB8, 0x31,
    0x48, 0x86, 0x89, 0xAE, 0x05, 0xB5, 0x3C, 0x22, 0x60, 0x69, 0xF4, 0xB4, 0xA0, 0x1D, 0x38, 0x92,
    0x0A, 0xAE, 0xA7, 0xDC, 0x51, 0x8D, 0x90, 0xEB, 0x7F, 0xD2, 0xAB, 0x0A, 0x20, 0x5B, 0x54, 0x5A,
    0x41, 0x64, 0x58, 0xA1, 0x3D, 0xAB, 0xD1, 0xFF, 0x04, 0x95, 0xC7, 0x7D, 0xF2, 0xFB, 0x80, 0x1B,
    0x9C, 0xB8, 0x17, 0x9A, 0x04, 0x73, 0xB8, 0x77, 0xAA, 0x53, 0x14, 0xD1, 0xA4, 0xEC, 0x59, 0x59,
    0x5F, 0x05, 0x76, 0x0C, 0xEA, 0x82, 0x72, 0x1D, 0x51, 0xCF, 0x40, 0x23, 0x53, 0x05, 0x80, 0xAD,
    0x16, 0x10, 0x2C, 0x8E, 0x5F, 0x88, 0x8E, 0x8F, 0xEA, 0xC8, 0xC4, 0xB2, 0xC4, 0x2C, 0x15, 0x1A,
    0x0A, 0x7E, 0x42, 0x35, 0x28, 0x82, 0x54, 0x0E, 0xEB, 0x40, 0x90, 0x1C, 0x00, 0xCC, 0x6A, 0xAD,
    0xC8, 0xF9, 0xA8, 0x6C, 0xAE, 0x55, 0xB1, 0x36, 0xB0, 0x1A, 0xC0, 0xE5, 0x32, 0xF8, 0x3D, 0xF8,
    0x34, 0x76, 0x37, 0x21, 0x90, 0x60, 0x87, 0x77, 0xEA, 0x75, 0x76, 0x41, 0x7B, 0x76, 0xC1, 0xF8,
    0xEC, 0x82, 0xF1, 0x69, 0x54, 0x06, 0xB5, 0x46, 0x93, 0x14, 0x70, 0xE5, 0xE8, 0xC7, 0xF1, 0x8B,
    0x49, 0xB2, 0x58, 0x4D, 0x98, 0xAD, 0x8D, 0xB3, 0xE8, 0x55, 0xC4, 0x18, 0x02, 0x42, 0x8A, 0x50,
    0x48, 0x46, 0xE5, 0x4C, 0x52, 0x90, 0xC2, 0xD2, 0x52, 0x69, 0xA7, 0xE4, 0x54, 0x08, 0x0D, 0x57,
    0x28, 0x54, 0x4A, 0x7F, 0xCD, 0x51, 0x65, 0x9E, 0x2B, 0x21, 0x40, 0xB0, 0x88, 0x65, 0xE6, 0x3E,
    0x00, 0x45, 0x50, 0x9D, 0x69, 0xCD, 0x56, 0x29, 0x67, 0xD1, 0x26, 0x51, 0xD1, 0xBD, 0xCE, 0xCA,
    0xE6, 0xD4, 0x53, 0x92, 0xF9, 0x34, 0x6F, 0x32, 0x7A, 0xAC, 0x80, 0xE0, 0xA2, 0xF8, 0x58, 0x38,
    0x3E, 0xBE, 0x71, 0x7C, 0x54, 0x87, 0x52, 0x45, 0xCD, 0xE4, 0x94, 0x3E, 0x5B, 0x13, 0x46, 0xE9,
    0x2C, 0xFB, 0xAB, 0x4A, 0x60, 0x4A, 0x79, 0x25, 0xB4, 0xD4, 0x12, 0x77, 0xFC, 0xB7, 0x28, 0x61,
    0xDA, 0xF0, 0x62, 0x05, 0x1C, 0x04, 0x15, 0x6A, 0x60, 0x5C, 0x60, 0x1B, 0x44, 0x75, 0x86, 0xDF,
    0x4D, 0x26, 0x8D, 0xF4, 0xF4, 0x9D, 0x0A, 0x56, 0xAC, 0xAF, 0xE4, 0xB5, 0x6D, 0x95, 0x22, 0x17,
    0xD4, 0xF0, 0xD1, 0xDE, 0x41, 0x7E, 0x6A, 0x6D, 0xDF, 0x6C, 0xC3, 0xE8, 0x73, 0xB6, 0x37, 0x1F,
    0xF5, 0x84, 0xEF, 0x0E, 0xE4, 0x86, 0x37, 0x49, 0x1F, 0xFB, 0x1C, 0x49, 0x9D, 0xA9, 0x75, 0x74,
    0xDA, 0xD9, 0x2D, 0x00, 0x7D, 0xA7, 0x5C, 0xE1, 0xA8, 0xC6, 0x82, 0x71, 0x01, 0x9A, 0x42, 0x9C,
    0x31, 0x25, 0xD5, 0x53, 0x2F, 0x1B, 0x1D, 0x14, 0x3F, 0x45, 0x00, 0xD6, 0x75, 0x82, 0x18, 0xE3,
    0x32, 0x67, 0x27, 0x83, 0x0A, 0x25, 0x8A, 0xF3, 0x12, 0xCF, 0x40, 0x4D, 0x8A, 0x5F, 0xC9, 0x41,
    0xC1, 0x73, 0xE2, 0x99, 0xA2, 0xDC, 0x9E, 0xD1, 0x38, 0xCE, 0x65, 0x2B, 0x8E, 0x7F, 0x4C, 0x9E,
    0x38, 0x20, 0x78, 0xFA, 0xF5, 0xC3, 0x8A, 0x9B, 0xCA, 0xAD, 0xDA, 0xE5, 0x53, 0xBA, 0xE3, 0x2B,
    0x92, 0x1E, 0x10, 0x0C, 0x57, 0xD3, 0x75, 0xD5, 0x29, 0x3A, 0xE6, 0x07, 0x1C, 0x33, 0x51, 0x1A,
    0x46, 0xF9, 0xC5, 0x83, 0xB2, 0xD7, 0x59, 0xAA, 0xF2, 0xA2, 0x33, 0x7E, 0x48, 0x6E, 0x0C, 0xCB,
    0x6E, 0x1B, 0x06, 0x5F, 0x36, 0x8A, 0x95, 0xB2, 0xE6, 0x91, 0x03, 0xB0, 0xE3, 0x70, 0x5D, 0x17,
    0x9B, 0x02, 0x3D, 0xCC, 0x2E, 0x73, 0x05, 0x35, 0xF7, 0xC9, 0x15, 0x54, 0xCE, 0x56, 0xD4, 0xB0,
    0x23, 0xAA, 0x1A, 0x6A, 0xD1, 0x12, 0xE9, 0xB9, 0x82, 0x86, 0x62, 0x65, 0xE0, 0xB0, 0x0C, 0xDC,
    0x03, 0xAD, 0x6C, 0xA9, 0x55, 0xA1, 0x3E, 0xA4, 0x28, 0x2A, 0x33, 0x46, 0x54, 0xAA, 0xB6, 0xF2,
    0x2E, 0x47, 0x54, 0x3A, 0x41, 0x43, 0x0F, 0x03, 0xD5, 0x46, 0xE7, 0xA1, 0x6D, 0x03, 0x27, 0xD1,
    0xED, 0x54, 0xB0, 0xC5, 0x9B, 0x3A, 0x86, 0x2E, 0x03, 0xCC, 0xF8, 0xE7, 0x49, 0x57, 0x21, 0xCA,
    0x00, 0xC8, 0xA0, 0x6E, 0x27, 0x39, 0x72, 0xFF, 0x0B, 0xE8, 0xD7, 0x82, 0x18, 0x58, 0x52, 0xD0,
    0x76, 0xF2, 0x30, 0x46, 0x39, 0x5D, 0xE8, 0xEA, 0x52, 0xDF, 0x29, 0xA6, 0x8A, 0x1A, 0x49, 0xEB,
    0xDD, 0x51, 0xBA, 0xB3, 0xCF, 0x06, 0x89, 0x1F, 0xA9, 0x4B, 0xAA, 0x0E, 0x7B, 0x3E, 0xFB, 0x66,
    0xEB, 0x1A, 0x3A, 0x89, 0x46, 0x36, 0xD9, 0x1C, 0x96, 0x40, 0x68, 0x79, 0x81, 0x78, 0xAF, 0x60,
    0xD4, 0x9E, 0xC5, 0x8C, 0x8B, 0x1E, 0xDE, 0x0D, 0xCB, 0x35, 0x43, 0x47, 0x6D, 0x59, 0x26, 0x87,
    0x5E, 0x23, 0xA9, 0xBB, 0xDE, 0x77, 0xB2, 0x8E, 0xF2, 0x0C, 0xCA, 0xF5, 0x0D, 0x60, 0xE5, 0xE6,
    0x22, 0xF2, 0x10, 0x46, 0x7E, 0x83, 0x68, 0x60, 0xBE, 0x71, 0x5A, 0xCB, 0x4F, 0x65, 0xFF, 0xE6,
    0xF3, 0xF2, 0x29, 0xC2, 0xC8, 0xE8, 0xF0, 0x3B, 0xF8, 0xE8, 0x49, 0x1D, 0x94, 0x41, 0xB9, 0x6F,
    0xF3, 0x5D, 0x3E, 0x9C, 0xC2, 0x23, 0x29, 0xC9, 0x49, 0xAC, 0xBD, 0xC6, 0xE4, 0xFB, 0x35, 0xD7,
    0xA3, 0xB4, 0x9E, 0xDC, 0x38, 0xEC, 0x1B, 0xB7, 0x2D, 0x9E, 0x26, 0x4A, 0x31, 0x0C, 0x78, 0x01,
    0xAD, 0xEF, 0xFF, 0xDE, 0xA0, 0xE4, 0xA0, 0x57, 0x0E, 0x76, 0x82, 0xB3, 0x10, 0xC1, 0x45, 0x87,
    0x6F, 0x5C, 0xCB, 0x49, 0xD9, 0x8B, 0x31, 0x8F, 0x82, 0x79, 0x11, 0x4C, 0xC2, 0x47, 0xE9, 0xEC,
    0x8D, 0xF1, 0x09, 0xF9, 0x31, 0xC6, 0x3C, 0xBC, 0x78, 0xD9, 0xB8, 0x8E, 0x31, 0x23, 0x4D, 0xF4,
    0xFD, 0xDE, 0xAB, 0xF4, 0x7A, 0xD1, 0xAB, 0x5B, 0xF7, 0x36, 0x11, 0xF0, 0xB8, 0xA8, 0x73, 0x51,
    0x7B, 0xD2, 0xAF, 0xD5, 0x2D, 0xDE, 0x84, 0x63, 0x0F, 0xDE, 0x87, 0x7D, 0xBC, 0xFF, 0x7B, 0xCD,
    0xE5, 0xDA, 0xAB, 0x5E, 0x2C, 0x5E, 0x55, 0xA9, 0x6E, 0x09, 0x10, 0x6D, 0x8F, 0x5B, 0xD8, 0x0C,
    0xB8, 0xB1, 0x15, 0x80, 0x6D, 0x00, 0x12, 0x02, 0xD3, 0xEA, 0xDA, 0x20, 0xC9, 0x04, 0xED, 0x0C,
    0xF4, 0xDD, 0xF2, 0xAB, 0xB6, 0xD3, 0x1E, 0x05, 0xFA, 0x86, 0x2E, 0xDF, 0x70, 0xAA, 0x8E, 0xE0,
    0xD7, 0x38, 0x12, 0xE3, 0x7E, 0xEC, 0x10, 0xBC, 0xDD, 0xC7, 0x16, 0x20, 0x9D, 0x30, 0x5C, 0x57,
    0x87, 0xD9, 0x20, 0xF2, 0x86, 0xDB, 0xE6, 0x6A, 0x85, 0x8D, 0xC2, 0x8E, 0xF0, 0xCB, 0x9E, 0xF0,
    0xF6, 0x48, 0xF8, 0x2F, 0x47, 0xD8, 0xB8, 0x9B, 0x84, 0xD9, 0xBB, 0x84, 0xF6, 0x36, 0x61, 0xFC,
    0x39, 0x21, 0xCD, 0xB2, 0x69, 0x02, 0x85, 0xBE, 0x42, 0x71, 0xAA, 0x37, 0xE1, 0x0D, 0x73, 0x2E,
    0x85, 0x74, 0x43, 0x83, 0x74, 0x19, 0x80, 0x18, 0x75, 0xF8, 0x54, 0x71, 0x67, 0x7C, 0xF6, 0x97,
    0xF1, 0xD6, 0xAC, 0xC7, 0x06, 0xD5, 0x63, 0xC0, 0xEE, 0x25, 0x57, 0x61, 0x11, 0x59, 0x03, 0xAD,
    0x14, 0xB7, 0xD0, 0x9E, 0xA6, 0x87, 0xA6, 0x8A, 0x26, 0x00, 0xFD, 0x13, 0xDE, 0x0D, 0xA2, 0xED,
    0xAF, 0xA6, 0x87, 0x2B, 0x87, 0x1E, 0x50, 0x7F, 0x4D, 0x3C, 0x78, 0x1A, 0x0B, 0x31, 0x3C, 0x98,
    0xF4, 0x18, 0xE6, 0xF5, 0x34, 0x8F, 0xE0, 0x71, 0xDE, 0x58, 0x15, 0x6F, 0x33, 0x23, 0x64, 0x68,
    0x2F, 0xC2, 0x5C, 0x1E, 0x0C, 0x42, 0x8F, 0xCA, 0xAC, 0x2A, 0x23, 0x6A, 0x57, 0x4D, 0x3B, 0x14,
    0x67, 0x7A, 0xAA, 0xB2, 0xDF, 0x3F, 0x10, 0x84, 0xA2, 0x4D, 0x28, 0x72, 0x3B, 0x6A, 0xE2, 0x01,
    0xCC, 0x74, 0x6D, 0x43, 0x2D, 0x71, 0xFA, 0x40, 0x70, 0x39, 0x4A, 0xC7, 0x35, 0x23, 0x35, 0x8A,
    0x4B, 0x44, 0x88, 0x40, 0x93, 0x30, 0x0F, 0x62, 0xA3, 0x04, 0x3A, 0xEC, 0x09, 0x78, 0x12, 0x45,
    0x9A, 0xFD, 0x03, 0xB6, 0x16, 0x0C, 0x1F, 0x82, 0x85, 0x3C, 0x75, 0x27, 0x10, 0x41, 0x30, 0x21,
    0xF3, 0xF9, 0x20, 0xC5, 0x0D, 0x68, 0x3C, 0x78, 0x1C, 0x8F, 0xE3, 0x8F, 0x17, 0xD9, 0x2A, 0xA0,
    0xCB, 0xF0, 0x12, 0xA3, 0xA3, 0x29, 0xEB, 0x95, 0x47, 0xB0, 0xD6, 0xC4, 0x15, 0x81, 0x2B, 0xE4,
    0xA7, 0x83, 0x82, 0x77, 0x7D, 0x56, 0x9A, 0xB7, 0x81, 0x4D, 0xFC, 0x3C, 0x90, 0xB3, 0xE1, 0xE0,
    0xCA, 0xEB, 0x00, 0x37, 0x3A, 0x80, 0x9B, 0x4D, 0xD8, 0x17, 0x6F, 0x57, 0x51, 0x9F, 0xBD, 0x5F,
    0x02, 0x57, 0x18, 0xFB, 0xD6, 0x8E, 0x54, 0x0C, 0xDB, 0xB8, 0x86, 0xC4, 0xD5, 0x30, 0x48, 0x4C,
    0x4E, 0x9F, 0x9B, 0xD5, 0xF7, 0x7C, 0xA9, 0x07, 0xE5, 0x0D, 0x53, 0x88, 0x52, 0x2A, 0xAF, 0x69,
    0x70, 0x12, 0xF7, 0xFA, 0xF9, 0xF5, 0x65, 0xBB, 0xE3, 0x8B, 0x1C, 0x77, 0xC1, 0xE8, 0x6A, 0xBE,
    0x11, 0xE7, 0x86, 0x7B, 0x74, 0x63, 0x28, 0x68, 0x48, 0x28, 0x32, 0x04, 0x79, 0xF4, 0x36, 0x9C,
    0xA6, 0xB4, 0x32, 0x55, 0x62, 0x8C, 0xA5, 0xE6, 0xC4, 0x16, 0xAE, 0xDF, 0x6A, 0xA0, 0xA2, 0x3B,
    0x6C, 0xFB, 0x6D, 0x6C, 0x03, 0x8D, 0xE1, 0xBD, 0x5A, 0x0E, 0x16, 0xB6, 0xAB, 0x53, 0xBA, 0xA8,
    0xDC, 0x0E, 0xFC, 0x22, 0xFD, 0x9A, 0xD4, 0xCC, 0xFA, 0x9A, 0x9D, 0x6D, 0x38, 0x10, 0xD8, 0x4E,
    0x21, 0x81, 0xA9, 0xA9, 0x6A, 0xE2, 0x46, 0x61, 0x3D, 0x85, 0x04, 0xCF, 0x1C, 0x2C, 0xAA, 0xFA,
    0x14, 0x19, 0x66, 0x1C, 0xD4, 0xCD, 0x37, 0xEA, 0x64, 0x6A, 0xCE, 0x6A, 0xA9, 0x83, 0x16, 0x0B,
    0x8F, 0x2E, 0xD0, 0x19, 0xFA, 0x40, 0xE0, 0x0F, 0x1A, 0x49, 0x22, 0x9A, 0xA5, 0xC1, 0x20, 0xF4,
    0x5F, 0xC8, 0xED, 0x4E, 0x95, 0xC6, 0x5B, 0xD8, 0x14, 0xFB, 0x7E, 0xC3, 0x7C, 0x2D, 0xF3, 0x04,
    0x04, 0xA1, 0x5B, 0x06, 0xBE, 0xF7, 0x02, 0x6B, 0xC4, 0xC6, 0xD2, 0x32, 0x10, 0xC0, 0x5B, 0xA1,
    0xE3, 0x21, 0xCC, 0xD7, 0xAB, 0xFB, 0x74, 0xE7, 0x9C, 0x4A, 0x19, 0x13, 0xE8, 0x4C, 0x8E, 0xC3,
    0x28, 0x8F, 0xA6, 0xF3, 0xDD, 0x4E, 0x09, 0x46, 0x33, 0x16, 0xBD, 0xA1, 0x2D, 0xA7, 0xEB, 0x35,
    0xBE, 0xAC, 0xFD, 0x36, 0xC6, 0x54, 0xA3, 0x08, 0x8D, 0x7B, 0x56, 0xD5, 0x06, 0x5A, 0x35, 0xD7,
    0x6A, 0xC6, 0x7D, 0x97, 0xE2, 0x3D, 0x70, 0xB7, 0xA5, 0xFA, 0xFF, 0x4B, 0x88, 0x25, 0x61, 0x5E,
    0xDB, 0x87, 0x58, 0x4E, 0xD6, 0x33, 0xCF, 0xB2, 0xD6, 0x27, 0x1A, 0x23, 0x40, 0x5D, 0x01, 0x26,
    0x4C, 0xB8, 0xF6, 0xF4, 0xBF, 0x83, 0x3E, 0x04, 0xFB, 0xA1, 0x57, 0xA1, 0x69, 0x19, 0x38, 0xC4,
    0x80, 0x3E, 0xE1, 0x09, 0x21, 0xB4, 0x80, 0x6B, 0xBD, 0xFD, 0x13, 0x94, 0x06, 0xD4, 0x07, 0x06,
    0xEF, 0x13, 0x45, 0x42, 0x73, 0x18, 0x2B, 0x73, 0x46, 0x72, 0x66, 0x64, 0x7A, 0xEF, 0x9A, 0x17,
    0x9F, 0x8C, 0xD2, 0xEE, 0x98, 0x1B, 0x3B, 0x52, 0x8C, 0xEA, 0x5C, 0x96, 0x93, 0xB2, 0x31, 0x15,
    0x4C, 0xB9, 0x29, 0xE3, 0x46, 0x0E, 0xA7, 0x46, 0x8D, 0x3C, 0xF4, 0x21, 0x73, 0x3F, 0x86, 0x01,
    0x4A, 0xF2, 0xC5, 0x16, 0xE3, 0x17, 0x06, 0x31, 0xA5, 0x46, 0x32, 0x54, 0xB0, 0xCE, 0xDD, 0xC1,
    0x66, 0x7C, 0xC9, 0x74, 0xE5, 0xF3, 0x18, 0xFF, 0x9C, 0xB7, 0x3D, 0xB6, 0xA2, 0xE0, 0x96, 0x99,
    0x94, 0x78, 0x8A, 0xFB, 0x97, 0xEF, 0xF7, 0x19, 0x03, 0x46, 0x33, 0x42, 0x7A, 0x42, 0x45, 0xF3,
    0x2C, 0x05, 0x46, 0x01, 0xD1, 0x57, 0x0D, 0x56, 0xF4, 0xF3, 0xEF, 0x66, 0xF9, 0x85, 0x5F, 0x31,
    0x06, 0xD4, 0xA0, 0x14, 0x06, 0xEA, 0x86, 0x2A, 0xBC, 0x47, 0xF6, 0x7F, 0xE5, 0x97, 0x57, 0x53,
    0xB2, 0x52, 0x39, 0x05, 0xAC, 0xCC, 0x80, 0xCA, 0x32, 0xD0, 0xD8, 0x7F, 0x8A, 0x5B, 0x4A, 0xFD,
    0xF5, 0x8C, 0x79, 0xC8, 0x64, 0x09, 0x38, 0x9B, 0xBA, 0x8E, 0x3B, 0x3E, 0xC7, 0xBE, 0x60, 0xE0,
    0x15, 0x10, 0xD8, 0x9C, 0x7D, 0x92, 0xA9, 0xAB, 0xA3, 0x1F, 0x5B, 0x65, 0x23, 0xC4, 0xCD, 0xC0,
    0xCC, 0x82, 0xFB, 0x0F, 0xA5, 0xA6, 0xF5, 0xC8, 0x91, 0x5A, 0x31, 0x42, 0xD7, 0x40, 0x5B, 0xAB,
    0xE4, 0xCE, 0xD3, 0x77, 0x78, 0xA4, 0x52, 0xA9, 0x6A, 0xC2, 0x54, 0xCA, 0xAF, 0x75, 0xE2, 0xE4,
    0x22, 0x9C, 0x27, 0x75, 0xFC, 0x63, 0xEA, 0xA7, 0x01, 0x0A, 0xA7, 0x4A, 0xA8, 0xC3, 0xCE, 0x4D,
    0x6E, 0x44, 0x3C, 0xA6, 0x88, 0x1E, 0x9B, 0x90, 0x8E, 0xFF, 0x10, 0x36, 0x49, 0x13, 0x34, 0xB6,
    0xF6, 0x2F, 0x93, 0xD5, 0x6D, 0x39, 0x17, 0xFE, 0x5F, 0x4F, 0x71, 0x79, 0xDC, 0x79, 0x54, 0x37,
    0x6D, 0xC0, 0x95, 0x17, 0xE0, 0x8A, 0x08, 0x1F, 0xC3, 0x8F, 0xA7, 0xA8, 0xD7, 0xA3, 0x9D, 0x49,
    0x72, 0x38, 0x8D, 0x13, 0x2D, 0x0F, 0x6D, 0x4E, 0xE2, 0x7C, 0x4C, 0xA6, 0x81, 0xF4, 0x8C, 0x71,
    0xA4, 0x22, 0x4D, 0xEF, 0x92, 0xA3, 0x98, 0x49, 0x7C, 0x75, 0x45, 0x1A, 0xD3, 0xC7, 0x5D, 0xDC,
    0x44, 0x50, 0x29, 0x61, 0x6F, 0x3F, 0xB9, 0x02, 0xF5, 0xE0, 0xA6, 0x72, 0x17, 0x0E, 0xF2, 0x1A,
    0x55, 0x5E, 0xC0, 0x98, 0xA6, 0x00, 0xD1, 0x0E, 0x9D, 0x9D, 0x07, 0xE2, 0x44, 0xC0, 0x81, 0x12,
    0x1B, 0x0F, 0x53, 0x87, 0x63, 0xB2, 0xB7, 0xF3, 0x30, 0x69, 0x19, 0xAB, 0x33, 0x2A, 0xDE, 0x98,
    0x95, 0x41, 0x1B, 0xD5, 0x5E, 0xE9, 0x95, 0x7B, 0x3A, 0x07, 0x84, 0x80, 0x79, 0x7F, 0x70, 0x7F,
    0xAD, 0x12, 0xD0, 0x46, 0xF9, 0x5E, 0x8E, 0xBF, 0x42, 0x67, 0x80, 0xBB, 0x9A, 0x75, 0xBA, 0x6D,
    0xA4, 0xD6, 0xD2, 0xE2, 0x5E, 0xA5, 0x9B, 0x63, 0xFF, 0x9F, 0xED, 0x8C, 0x79, 0x08, 0x53, 0x5A,
    0xF5, 0xDF, 0x74, 0xAC, 0x12, 0x6E, 0x67, 0x34, 0x22, 0x42, 0x14, 0x93, 0x7E, 0xDB, 0xA1, 0xE8,
    0x37, 0x33, 0xE8, 0x88, 0x6F, 0x35, 0x36, 0x68, 0x1F, 0x9A, 0x72, 0xC4, 0x08, 0xA7, 0xFF, 0x22,
    0x3C, 0x7F, 0x72, 0x3C, 0xD5, 0xFC, 0x86, 0x3B, 0xD4, 0x73, 0x17, 0xDC, 0x47, 0xBD, 0x4D, 0xFB,
    0x8B, 0xA6, 0x78, 0xA1, 0xCD, 0x9E, 0x6A, 0x4E, 0xF8, 0xF5, 0xB7, 0x1B, 0x44, 0xED, 0xFE, 0xE8,
    0x95, 0xBE, 0xFB, 0x14, 0x0E, 0x31, 0x90, 0x5B, 0xA3, 0xC9, 0x45, 0x6D, 0x21, 0xCD, 0x0F, 0x31,
    0xEB, 0x02, 0x8B, 0xF6, 0xD8, 0xA5, 0xDE, 0x73, 0xE3, 0x00, 0xD1, 0x19, 0xCD, 0xB0, 0xE1, 0x20,
    0x3A, 0xCE, 0xD6, 0x28, 0xE8, 0x95, 0x4D, 0x65, 0xB4, 0x2C, 0xDC, 0x44, 0x6C, 0x13, 0xE2, 0x62,
    0x8A, 0x59, 0xC5, 0x13, 0xA1, 0x1D, 0x96, 0x8D, 0xEB, 0x27, 0x69, 0x7D, 0xFB, 0xE9, 0x80, 0x52,
    0xAE, 0x26, 0x1A, 0xDE, 0xEC, 0x56, 0xB4, 0xC7, 0x9B, 0xA4, 0x15, 0xFB, 0x1F, 0x47, 0x42, 0x39,
    0xE2, 0xF8, 0x22, 0x1C, 0x6C, 0x78, 0x16, 0x39, 0xA8, 0x57, 0xDC, 0x0F, 0x88, 0x47, 0x8F, 0x89,
    0x80, 0xB7, 0xE0, 0xD8, 0x13, 0xA8, 0x48, 0xC6, 0xB3, 0x39, 0x63, 0xF6, 0x7D, 0x5B, 0x24, 0x93,
    0x9D, 0x49, 0x13, 0x65, 0xB3, 0x2A, 0xA4, 0xE7, 0xD0, 0x1B, 0xE0, 0x1F, 0x60, 0x1D, 0xBE, 0xB3,
    0x15, 0x0A, 0x36, 0x5B, 0x4B, 0x35, 0x3F, 0xD7, 0xC1, 0x10, 0xB7, 0xBA, 0xBE, 0x1D, 0xB5, 0xB0,
    0xB3, 0x3E, 0xD1, 0x1F, 0x1C, 0xD0, 0xD7, 0x37, 0xB3, 0x48, 0xEE, 0x0E, 0x07, 0xF6, 0x62, 0x9E,
    0xDD, 0x22, 0x09, 0xAA, 0x07, 0x1D, 0x02, 0xFC, 0xDD, 0x22, 0xB9, 0x57, 0x6B, 0xC9, 0x4E, 0xD7,
    0x54, 0x95, 0xB4, 0x88, 0x41, 0x45, 0xA7, 0x60, 0x65, 0x6F, 0xD7, 0x01, 0xB1, 0xF7, 0x7B, 0x83,
    0xAF, 0xE8, 0xDD, 0xC7, 0xF5, 0x5D, 0x62, 0xBF, 0x17, 0xE3, 0x13, 0x5D, 0x3D, 0x32, 0x2B, 0xA7,
    0x62, 0x77, 0x96, 0xC0, 0x6C, 0x2F, 0x1D, 0x60, 0x96, 0xF3, 0xE7, 0xCF, 0xA7, 0xDF, 0xD4, 0x96,
    0xD7, 0x29, 0x82, 0xEB, 0xD4, 0x46, 0x3D, 0x3B, 0x37, 0x74, 0x13, 0x3A, 0x21, 0x66, 0xF0, 0xE5,
    0x29, 0xD2, 0xE0, 0x37, 0xF0, 0xD7, 0x75, 0x80, 0xBF, 0x7F, 0x06, 0xF0, 0xEE, 0x07, 0x00, 0xEF,
    0xDD, 0x00, 0xB8, 0xF5, 0x33, 0x80, 0x11, 0xCE, 0x6D, 0xDC, 0x87, 0x4C, 0xF5, 0x14, 0x74, 0xC0,
    0xF5, 0xF7, 0x11, 0x94, 0xB0, 0xBF, 0x9D, 0x9D, 0xB9, 0x70, 0x75, 0x67, 0x2E, 0xD5, 0x28, 0x49,
    0xBD, 0x8C, 0xC0, 0x42, 0x75, 0x45, 0x34, 0x5B, 0x6C, 0xD2, 0xDD, 0x27, 0x45, 0xED, 0xE1, 0x2D,
    0xA1, 0x9F, 0x0B, 0x33, 0x43, 0x59, 0x6F, 0xE5, 0xFE, 0x00, 0x0F, 0xAC, 0xCD, 0xF2, 0xC0, 0x9A,
    0xC7, 0xCF, 0x45, 0x83, 0x61, 0x60, 0xD2, 0x0F, 0xED, 0x8C, 0xAD, 0xAE, 0xBE, 0x2D, 0xE7, 0x13,
    0x80, 0x48, 0x83, 0x95, 0x76, 0x3A, 0xB2, 0xDB, 0x77, 0x0C, 0x34, 0xDD, 0x1D, 0xA9, 0x17, 0xA2,
    0x3F, 0x63, 0xD8, 0xA8, 0xC5, 0xEB, 0x19, 0x91, 0x5E, 0x5E, 0x6A, 0xC8, 0x7D, 0x9C, 0x7C, 0x9D,
    0xFE, 0xE6, 0x48, 0x87, 0xC6, 0xD1, 0xB5, 0xE1, 0x7F, 0x72, 0x35, 0xA8, 0xBE, 0x2B, 0xB2, 0xE7,
    0x33, 0xD9, 0x85, 0xE1, 0x41, 0x38, 0xB9, 0x3E, 0xCB, 0xF7, 0x3B, 0xFA, 0x71, 0x6B, 0xF5, 0x4A,
    0x65, 0x5D, 0xE4, 0x2A, 0x3B, 0xC2, 0x7C, 0xE8, 0x2F, 0x10, 0x82, 0x1E, 0x41, 0x57, 0x30, 0xF8,
    0x3D, 0x8C, 0x34, 0x0F, 0x86, 0xF9, 0x13, 0x12, 0x29, 0x9E, 0x62, 0x1C, 0xF5, 0x07, 0x5A, 0xC6,
    0x77, 0xAA, 0xED, 0x18, 0x2C, 0x9F, 0x37, 0x34, 0xD8, 0x0E, 0xC4, 0x78, 0x4A, 0xAD, 0x87, 0xE8,
    0x7A, 0x98, 0xAC, 0xAC, 0x97, 0x4C, 0xB9, 0xB0, 0xE9, 0x5C, 0x62, 0x19, 0xF6, 0x35, 0x73, 0xD2,
    0x6E, 0x02, 0xE6, 0x9E, 0x00, 0xAA, 0xCF, 0x7C, 0xE9, 0xF4, 0xB7, 0x4B, 0xE0, 0xF6, 0x11, 0xFB,
    0x68, 0x20, 0x94, 0xF8, 0xE0, 0x39, 0xCD, 0x52, 0xA6, 0xF7, 0x00, 0x9A, 0xC4, 0x04, 0x08, 0x99,
    0xAC, 0x2D, 0xFA, 0xC9, 0x8F, 0x64, 0x0A, 0x5D, 0xCC, 0xBF, 0xCF, 0x7E, 0x6D, 0x8E, 0x42, 0xCF,
    0x92, 0xB8, 0x0C, 0xA7, 0x92, 0xB1, 0xEE, 0xC1, 0xEB, 0x72, 0xCC, 0x71, 0x3A, 0x12, 0xCB, 0xF1,
    0xA7, 0x15, 0x17, 0x83, 0xFA, 0x00, 0x10, 0xEC, 0xBF, 0x85, 0x53, 0xB1, 0x6E, 0xDC, 0x30, 0x0C,
    0xA5, 0xAD, 0x14, 0x07, 0x9C, 0x07, 0xDD, 0xD0, 0xCC, 0x5A, 0xD3, 0x43, 0x00, 0xAD, 0x1D, 0x82,
    0xD2, 0xE8, 0x8D, 0x19, 0xBA, 0x24, 0x3F, 0x91, 0x9F, 0xB0, 0xEF, 0xBE, 0x20, 0x7F, 0xD0, 0x14,
    0xE8, 0x90, 0xDE, 0x37, 0x14, 0xB1, 0x92, 0x0C, 0x37, 0x74, 0x88, 0x81, 0xFE, 0x80, 0x80, 0x2C,
    0x45, 0x97, 0x0A, 0xA9, 0x06, 0x0F, 0xB2, 0x59, 0xCA, 0x4A, 0x9A, 0x2B, 0x9A, 0xA6, 0x04, 0xA9,
    0xA3, 0x1E, 0x29, 0xEA, 0x44, 0x3E, 0x03, 0x40, 0x45, 0x2E, 0x29, 0x44, 0xA9, 0x88, 0xA8, 0x7C,
    0x5C, 0xE0, 0x41, 0x78, 0x17, 0xB6, 0x8C, 0xE2, 0x09, 0x16, 0x9F, 0xD6, 0xDF, 0x39, 0x4F, 0xE2,
    0xBB, 0xC7, 0xC7, 0x47, 0x48, 0xD4, 0x47, 0x9B, 0xAF, 0xD7, 0xE7, 0x4F, 0x61, 0x99, 0x11, 0xAD,
    0x34, 0xAA, 0xC4, 0x12, 0x4D, 0x65, 0x90, 0xBD, 0xA2, 0xD6, 0x16, 0xAD, 0xB2, 0xD2, 0x30, 0x0E,
    0x6F, 0xE0, 0x35, 0x9F, 0x2A, 0x6A, 0x65, 0xB5, 0x93, 0x4E, 0x46, 0xB4, 0x44, 0xD8, 0x67, 0x4C,
    0xA7, 0x13, 0x35, 0x96, 0xAA, 0x94, 0x5C, 0x25, 0x33, 0x0C, 0xE6, 0xED, 0xC1, 0xC4, 0x74, 0x72,
    0xE5, 0xF4, 0xC2, 0xE1, 0xA1, 0xC3, 0x1B, 0x5F, 0xDD, 0x74, 0xF8, 0xC5, 0x4F, 0xB3, 0xD3, 0xA2,
    0xF6, 0xEA, 0x36, 0xE8, 0x9F, 0xBD, 0xBC, 0xEB, 0xA5, 0x0D, 0xF2, 0xB2, 0x93, 0x6F, 0x1D, 0x8A,
    0x76, 0x5F, 0x94, 0xE3, 0x0D, 0xCF, 0x45, 0x47, 0xD1, 0xE6, 0x0F, 0x9B, 0x37, 0xDF, 0xCF, 0xAA,
    0xF4, 0x6E, 0x0B, 0x27, 0xA7, 0x29, 0xE7, 0x15, 0xFF, 0x62, 0xBB, 0x65, 0xE6, 0x6F, 0xDB, 0xAE,
    0x53, 0xC0, 0xA3, 0xFC, 0xA7, 0xFE, 0x0E, 0x64, 0x20, 0x07, 0x2A, 0x25, 0x8F, 0x27, 0x6B, 0xBE,
    0xDD, 0xB7, 0xB8, 0xFE, 0x77, 0xED, 0xAD, 0xFA, 0xD9, 0x39, 0x48, 0x2A, 0x91, 0x5A, 0x1E, 0x77,
    0x33, 0x2A, 0x3B, 0xBC, 0x55, 0x54, 0xE7, 0x1D, 0xD7, 0x85, 0x52, 0x9B, 0x89, 0x47, 0x2B, 0xC3,
    0x68, 0xEC, 0xBF, 0x60, 0x6C, 0x07, 0x66, 0x30, 0xAB, 0xCA, 0x21, 0x0F, 0x74, 0x45, 0x62, 0x18,
    0x97, 0x26, 0x6E, 0xC7, 0x40, 0x3E, 0xF0, 0xE4, 0x63, 0x71, 0x45, 0x06, 0xFA, 0xE8, 0xE0, 0x0F,
    0x27, 0x42, 0x74, 0x2E, 0x84, 0x9F, 0x8C, 0xB4, 0xEA, 0x45, 0x27, 0xDB, 0xD1, 0xC9, 0xBB, 0xF8,
    0x77, 0x46, 0x64, 0x3C, 0xC4, 0x39, 0x6E, 0x48, 0xEC, 0x79, 0x7F, 0x17, 0xD2, 0xFB, 0x69, 0x93,
    0xB8, 0x38, 0x19, 0xA4, 0xDD, 0x05, 0x38, 0x8A, 0xD8, 0x86, 0xDA, 0x09, 0xC5, 0xC7, 0xBD, 0x23,
    0xAF, 0x22, 0x57, 0x07, 0x5C, 0x05, 0x5C, 0x74, 0x90, 0x07, 0x84, 0x50, 0x65, 0x01, 0x84, 0x67,
    0xE7, 0x02, 0x02, 0x48, 0x1B, 0x1D, 0x46, 0xB4, 0xB9, 0x0F, 0x31, 0xA9, 0x56, 0x1D, 0x2E, 0x3C,
    0x10, 0x3F, 0xDF, 0x69, 0x72, 0x8C, 0x71, 0xB5, 0x82, 0x4C, 0xF6, 0x11, 0xE0, 0x65, 0xBC, 0x62,
    0x7A, 0xC6, 0x9C, 0x6A, 0x95, 0xD1, 0x86, 0xF9, 0x04, 0x08, 0x7B, 0x30, 0xFD, 0x70, 0x2E, 0x6F,
    0x83, 0xFC, 0xEA, 0xD5, 0xB5, 0xD3, 0x1B, 0xA7, 0x0F, 0x2D, 0x4A, 0xC3, 0xBA, 0x37, 0x8D, 0x4C,
    0xF0, 0x79, 0x28, 0x9C, 0xB2, 0x68, 0x88, 0x8B, 0x56, 0xB5, 0x6E, 0xA5, 0x13, 0x1D, 0x74, 0xDC,
    0x10, 0x38, 0x80, 0x86, 0x67, 0xA0, 0x6C, 0xE1, 0x45, 0x10, 0x61, 0xD2, 0x49, 0xC7, 0x04, 0x85,
    0xCF, 0x7C, 0xCF, 0xC9, 0x72, 0xDD, 0x5C, 0x51, 0x95, 0xF4, 0x72, 0xA8, 0x96, 0x03, 0x26, 0xAD,
    0x59, 0xFB, 0xA8, 0x65, 0xD2, 0xD4, 0x08, 0x1E, 0xF5, 0x8C, 0x43, 0xCD, 0x35, 0xB1, 0xE2, 0xB2,
    0xE7, 0xED, 0x7C, 0xFD, 0x89, 0x79, 0x80, 0x14, 0x5B, 0xC6, 0xBD, 0xCE, 0x39, 0x51, 0xF0, 0x57,
    0x56, 0x58, 0x6E, 0x7F, 0xEC, 0x4E, 0x9D, 0x66, 0xF1, 0x10, 0xE2, 0x3E, 0xC9, 0xAD, 0x50, 0xF3,
    0x7C, 0x28, 0x36, 0xFA, 0x17, 0x95, 0x55, 0x3D, 0x8F, 0xDD, 0x44, 0x14, 0xBD, 0x7E, 0x56, 0xF6,
    0x49, 0x71, 0xE1, 0x14, 0x59, 0x21, 0x25, 0x85, 0xFB, 0x95, 0x90, 0xFF, 0x00, 0xC2, 0x16, 0xFC,
    0x81, 0x2D, 0x76, 0xA1, 0xA0, 0x58, 0x4A, 0xB4, 0xCD, 0x6B, 0x53, 0x20, 0xD9, 0x12, 0x05, 0x05,
    0x4D, 0xF8, 0x07, 0x14, 0x14, 0x1B, 0x37, 0x4B, 0x99, 0x82, 0x64, 0xFC, 0x13, 0x5C, 0xD0, 0x63,
    0x44, 0x40, 0x28, 0x14, 0xFB, 0x04, 0x0F, 0xE1, 0x17, 0xC6, 0x73, 0x39, 0xE7, 0xCE, 0xDB, 0x2F,
    0x12, 0x24, 0x18, 0x79, 0xCE, 0xD8, 0xE3, 0xF1, 0xDC, 0x7B, 0xCF, 0x3D, 0x73, 0x2D, 0x72, 0xFF,
    0x9E, 0x88, 0xBC, 0xB3, 0x01, 0x3C, 0x5A, 0x03, 0x9E, 0x02, 0x92, 0x3F, 0x00, 0xE5, 0x6F, 0x41,
    0x12, 0xFD, 0x5D, 0xFB, 0xA5, 0xFE, 0xA8, 0x7D, 0x1E, 0xA4, 0xEC, 0xCB, 0x8D, 0x14, 0x7D, 0x35,
    0x4A, 0xDE, 0x36, 0xBD, 0xDC, 0x11, 0xD7, 0x63, 0xBD, 0xDE, 0x06, 0x9B, 0x73, 0x03, 0xA0, 0x19,
    0x01, 0x15, 0xF7, 0x2D, 0x66, 0x29, 0x24, 0xD7, 0x07, 0xDA, 0xA7, 0x5A, 0x69, 0x2B, 0xCF, 0x2B,
    0x2F, 0xF2, 0x76, 0xD5, 0xC2, 0xEC, 0x23, 0xDA, 0x7E, 0x7A, 0xD3, 0x81, 0xD3, 0xAE, 0x3B, 0x53,
    0x55, 0xCF, 0x9E, 0x87, 0xCE, 0xE7, 0x93, 0xB0, 0x7F, 0x8B, 0x2E, 0xD6, 0xF1, 0x6D, 0xAE, 0x70,
    0x88, 0x3D, 0x74, 0x35, 0xE7, 0x4E, 0xE6, 0x43, 0x51, 0x5D, 0x5B, 0xBF, 0x5C, 0x57, 0x86, 0x1A,
    0xCF, 0x83, 0x75, 0xD9, 0xD3, 0x17, 0xF0, 0x45, 0x15, 0x4E, 0x02, 0x16, 0xFA, 0xA5, 0x93, 0x54,
    0xA5, 0x92, 0x34, 0xC8, 0xBB, 0x04, 0x91, 0xB7, 0xC2, 0xB1, 0xAD, 0xA8, 0xE3, 0x32, 0x6B, 0x76,
    0x67, 0x73, 0xFB, 0x7A, 0xCC, 0x00, 0xC5, 0x20, 0xC7, 0xC6, 0x52, 0xD6, 0xC9, 0x0C, 0x78, 0x88,
    0xFD, 0xEA, 0xEA, 0x0A, 0x0E, 0x3A, 0xB9, 0xDB, 0xB5, 0x4E, 0xEB, 0x52, 0x87, 0x46, 0xFB, 0x42,
    0x87, 0x4C, 0x87, 0xC5, 0x2C, 0x4B, 0x5D, 0x27, 0x1E, 0xB8, 0x21, 0xFE, 0xE5, 0x81, 0xD9, 0x9F,
    0x01, 0xF3, 0xCA, 0xB6, 0x8E, 0x18, 0x6D, 0xDA, 0xFD, 0x18, 0x67, 0x3E, 0xDA, 0x9E, 0x84, 0x70,
    0xB8, 0x5C, 0xA7, 0x01, 0x5F, 0xAD, 0x17, 0x4A, 0x94, 0x88, 0xCE, 0x4B, 0x39, 0x0B, 0x78, 0xA4,
    0x2D, 0x43, 0xF0, 0xD2, 0x75, 0x4F, 0x6C, 0x83, 0x91, 0xE0, 0x25, 0x0F, 0xE7, 0x01, 0x54, 0x20,
    0xD0, 0x93, 0xED, 0x07, 0x7A, 0xC8, 0x2D, 0x37, 0x06, 0x27, 0x33, 0x1E, 0xED, 0x45, 0xBE, 0x5D,
    0xCD, 0x64, 0x73, 0x22, 0x0C, 0x80, 0x6D, 0x24, 0xEF, 0x9F, 0xB0, 0x02, 0x99, 0x91, 0x49, 0x83,
    0x83, 0xAE, 0xBE, 0xFB, 0x78, 0xD1, 0x7D, 0xE5, 0xB4, 0x2F, 0xC7, 0x4C, 0xD7, 0x8D, 0xB6, 0xD5,
    0x1A, 0x31, 0x66, 0x5E, 0x2A, 0xF8, 0x26, 0x4B, 0x2F, 0xCD, 0x04, 0x92, 0x52, 0x4F, 0x47, 0x03,
    0x19, 0x86, 0x3F, 0x33, 0x88, 0x17, 0x9D, 0x17, 0x9E, 0x9C, 0xB2, 0xF5, 0x97, 0xE3, 0x8E, 0x6F,
    0x79, 0xD0, 0x59, 0x6B, 0x2F, 0xE7, 0x0F, 0xDC, 0xC5, 0x2B, 0x77, 0xF1, 0xB2, 0x95, 0xF2, 0xFB,
    0xBE, 0xBA, 0xC0, 0xB2, 0x02, 0x06, 0xB9, 0x3C, 0xD7, 0x36, 0x47, 0x5A, 0x30, 0xD6, 0x39, 0xB3,
    0x92, 0x29, 0x2F, 0x61, 0x52, 0x97, 0xCC, 0x66, 0x3A, 0xF3, 0xBA, 0xD1, 0x16, 0x67, 0x9C, 0x85,
    0x74, 0xE8, 0x9B, 0x94, 0xB4, 0x69, 0x60, 0x8F, 0xF6, 0xA2, 0x84, 0x87, 0x09, 0x69, 0xCB, 0x08,
    0xC5, 0xBC, 0x64, 0x2C, 0x78, 0x51, 0x0D, 0x80, 0xA6, 0x7F, 0x03, 0xF0, 0x45, 0x35, 0x12, 0x36,
    0x20, 0xBF, 0x50, 0x0D, 0x75, 0x46, 0xAF, 0x17, 0xFA, 0x03, 0x76, 0xDE, 0x97, 0x6B, 0x15, 0xC5,
    0x48, 0x77, 0x61, 0x26, 0xFA, 0x0B, 0x03, 0x01, 0x8F, 0x8D, 0xE9, 0xF3, 0x27, 0x37, 0x30, 0x13,
    0x03, 0x48, 0xCA, 0x06, 0x30, 0x98, 0xD4, 0x99, 0x8F, 0x42, 0x18, 0x22, 0x58, 0xC3, 0xB1, 0x68,
    0xE3, 0xE3, 0x2A, 0xE0, 0xCE, 0x96, 0xC4, 0x50, 0xA1, 0xE7, 0x36, 0xD1, 0x61, 0xD5, 0xC7, 0xD4,
    0x9B, 0x5E, 0xA1, 0x34, 0xBC, 0xDA, 0xE7, 0x67, 0xEF, 0xF1, 0x38, 0x7D, 0xCE, 0xF3, 0xF4, 0xBE,
    0x4E, 0x48, 0xA6, 0x6B, 0x73, 0xA6, 0x06, 0xE9, 0x47, 0xE6, 0xA7, 0x25, 0x32, 0x3F, 0xE5, 0x3C,
    0x35, 0xA5, 0x59, 0x8B, 0x62, 0x8C, 0x90, 0x4F, 0x15, 0x5F, 0xE4, 0x5C, 0x02, 0x7B, 0x51, 0x30,
    0xF8, 0x96, 0x1B, 0xB8, 0xA1, 0x0C, 0xE2, 0x26, 0xD5, 0xCF, 0xB8, 0x14, 0x70, 0xCA, 0xBC, 0x59,
    0xD2, 0x22, 0x9C, 0x87, 0xF3, 0xDE, 0x67, 0x3E, 0x8F, 0x70, 0x2F, 0xF3, 0x09, 0xB2, 0xE4, 0x3F,
    0x66, 0xAA, 0xD6, 0x84, 0x11, 0x3C, 0xC0, 0xC7, 0x74, 0x9B, 0x7C, 0x23, 0x8B, 0xBA, 0x61, 0xBD,
    0x81, 0xDF, 0xD4, 0xB8, 0xA4, 0xBF, 0x32, 0xB8, 0xEC, 0x0A, 0xCA, 0x28, 0xBE, 0x3E, 0xC2, 0x2D,
    0x91, 0x4F, 0x51, 0xC1, 0x27, 0xDB, 0x0F, 0xA3, 0xBE, 0xD7, 0xEE, 0xEA, 0x24, 0xDD, 0x8C, 0x23,
    0xC3, 0x39, 0x08, 0x50, 0x62, 0x6E, 0x05, 0x82, 0x04, 0xE5, 0xDB, 0xC3, 0x7F, 0x13, 0xF9, 0xCE,
    0x0E, 0xDA, 0x7D, 0xC2, 0xB3, 0x5B, 0x60, 0x85, 0x04, 0x79, 0x6B, 0x17, 0x8C, 0x32, 0xD3, 0x9F,
    0x5D, 0x8F, 0xDC, 0xE7, 0x3D, 0x99, 0x62, 0x65, 0xCC, 0xFA, 0x66, 0xB8, 0xAA, 0x82, 0x3B, 0x38,
    0x3E, 0x72, 0x28, 0x7C, 0x81, 0x30, 0xE3, 0xB1, 0x1A, 0x51, 0x19, 0xCB, 0x11, 0x5F, 0x94, 0x63,
    0x39, 0x01, 0x20, 0xE2, 0x66, 0x5C, 0x32, 0xA4, 0xC4, 0x12, 0x5C, 0xF2, 0x14, 0x4A, 0x78, 0xCD,
    0x78, 0xE2, 0x82, 0xE9, 0x06, 0xC2, 0x5D, 0x97, 0xDF, 0xAD, 0xA6, 0xA2, 0xCD, 0x7C, 0x51, 0x23,
    0x83, 0x92, 0x81, 0xC9, 0xC2, 0x62, 0x67, 0xDF, 0xC9, 0xA5, 0xE3, 0x7D, 0xB1, 0x3D, 0x3E, 0xCE,
    0x49, 0xEE, 0x20, 0x9F, 0x94, 0xA3, 0x78, 0x54, 0x70, 0x0F, 0x02, 0x3C, 0x45, 0x0E, 0x6B, 0x2F,
    0xE4, 0xCE, 0xD1, 0x65, 0xA0, 0xFE, 0x16, 0x24, 0x24, 0xA3, 0x54, 0xFE, 0x02, 0x94, 0xBF, 0x00,
    0x56, 0xDB, 0xF9, 0xE6, 0x2F, 0xA0, 0xC7, 0x2F, 0x20, 0xF9, 0xBF, 0xBF, 0x80, 0x97, 0xFC, 0x05,
    0x80, 0x3D, 0x14, 0x2C, 0x4F, 0x15, 0xB4, 0xAF, 0xD9, 0x25, 0xD0, 0xF9, 0xC7, 0xF4, 0x7E, 0x3C,
    0xE0, 0x9D, 0xA5, 0xD3, 0x1E, 0xAF, 0xE1, 0x79, 0xEA, 0xB3, 0xF1, 0x59, 0xEA, 0x97, 0xE3, 0xA7,
    0xA9, 0x4F, 0xC7, 0x78, 0xB4, 0xFF, 0x03, 0x14, 0x34, 0xE9, 0x28, 0x11, 0x02, 0xB6, 0x7F, 0xC2,
    0x93, 0x79, 0x60, 0xA2, 0x8A, 0x47, 0x15, 0x1D, 0xD4, 0x23, 0x42, 0x9C, 0x7C, 0x74, 0x04, 0x89,
    0xE2, 0x86, 0xA9, 0x0A, 0x72, 0xAD, 0x4C, 0xBB, 0xDE, 0xEA, 0x0B, 0x8B, 0x19, 0x02, 0xC6, 0x76,
    0x20, 0xC2, 0x82, 0x2C, 0xF8, 0x67, 0xF2, 0x7B, 0x5F, 0x5F, 0x8B, 0xD7, 0x34, 0x5F, 0xD6, 0x2C,
    0x29, 0x51, 0xF3, 0x28, 0xDA, 0x7B, 0xFC, 0xC8, 0xD5, 0x32, 0x82, 0x12, 0xC8, 0x89, 0xEE, 0xD8,
    0x71, 0x47, 0xA9, 0xAC, 0xBF, 0xF0, 0xA2, 0x3C, 0xFD, 0x84, 0x04, 0x25, 0xCD, 0xA7, 0x04, 0x4C,
    0x64, 0xB3, 0x9B, 0x58, 0xB0, 0x4C, 0xF4, 0xAC, 0x03, 0x1B, 0xB9, 0x22, 0xEC, 0xCD, 0x43, 0x16,
    0x0B, 0x87, 0xD3, 0xD9, 0x6A, 0x04, 0x35, 0x8F, 0xB9, 0xC0, 0x04, 0x15, 0x1B, 0x0F, 0xF1, 0x21,
    0x44, 0x9F, 0x6F, 0xE8, 0x3D, 0x0D, 0xC0, 0xA4, 0x27, 0x41, 0x2A, 0x1E, 0xB1, 0xC1, 0xB6, 0x47,
    0x78, 0x8B, 0x20, 0x74, 0x03, 0x13, 0x3E, 0x16, 0x73, 0x7A, 0xB6, 0xB4, 0xA1, 0xDD, 0x0D, 0x19,
    0x07, 0xD7, 0x66, 0x93, 0x9C, 0x21, 0xEF, 0xC5, 0x64, 0x99, 0x6F, 0x6C, 0x98, 0x6C, 0x68, 0xA6,
    0x53, 0x72, 0xEB, 0x78, 0xF2, 0x9C, 0x95, 0xD7, 0x70, 0xCE, 0xA0, 0x16, 0x31, 0xD0, 0xF6, 0x36,
    0xC4, 0x90, 0x8B, 0xF9, 0xDC, 0xC7, 0x2F, 0x1A, 0x7D, 0xB5, 0xAB, 0xA2, 0x0D, 0x03, 0xB1, 0x68,
    0x1E, 0xCE, 0x47, 0x37, 0x0B, 0x83, 0x23, 0xAD, 0x06, 0x7F, 0x03, 0x95, 0x91, 0x31, 0x4E, 0xC3,
    0x40, 0x10, 0x45, 0x17, 0x1B, 0xC9, 0x91, 0x5C, 0x38, 0x05, 0x74, 0x08, 0x37, 0x29, 0xA8, 0x30,
    0x25, 0x05, 0x68, 0x73, 0x08, 0x72, 0x89, 0x9C, 0x01, 0x61, 0x1F, 0x21, 0xE7, 0x30, 0x17, 0xA0,
    0x41, 0xB3, 0x47, 0xF0, 0x11, 0x7C, 0x84, 0x2D, 0x5C, 0x58, 0xC8, 0xF6, 0x30, 0x7F, 0xD6, 0x0E,
    0x50, 0x91, 0xAC, 0x94, 0xB7, 0x91, 0x77, 0x76, 0xF6, 0xCF, 0xFF, 0xC6, 0xAC, 0x0D, 0xD6, 0x07,
    0x10, 0x8D, 0x60, 0xDA, 0x83, 0x45, 0x0B, 0x96, 0x4E, 0x70, 0xC1, 0xF8, 0x9B, 0x0C, 0x60, 0xFE,
    0x55, 0xD7, 0xF5, 0xC1, 0xB2, 0x2C, 0x1F, 0x58, 0x80, 0x6D, 0xAA, 0xA7, 0xF1, 0xA4, 0xCD, 0xB8,
    0x02, 0xAD, 0x76, 0xC8, 0x3A, 0x3D, 0xD0, 0xCE, 0x46, 0x8B, 0xCC, 0x83, 0xF2, 0x4E, 0x2B, 0x71,
    0xC6, 0x8D, 0x94, 0xB1, 0xD4, 0x59, 0x96, 0x32, 0xE9, 0xB6, 0x8D, 0x47, 0xB6, 0x4D, 0xE6, 0x39,
    0xEB, 0xAD, 0xE3, 0x78, 0xB2, 0x52, 0x37, 0xAE, 0x04, 0x9B, 0x70, 0xE3, 0x3C, 0x98, 0xAD, 0xCE,
    0xD6, 0xFE, 0xCC, 0x36, 0xAB, 0x61, 0x3D, 0xB0, 0xCD, 0x1F, 0x99, 0xFB, 0xBA, 0x7E, 0x67, 0x88,
    0x60, 0x76, 0xBF, 0x88, 0x89, 0xA2, 0xE9, 0x5F, 0x7B, 0x62, 0xAF, 0x9D, 0xF1, 0xD9, 0xEC, 0x01,
    0x3A, 0x1D, 0x97, 0xC0, 0xBD, 0xE0, 0xA9, 0x74, 0x64, 0xB8, 0xF0, 0x94, 0x0C, 0xE9, 0x40, 0xB9,
    0x8F, 0x98, 0xC9, 0x99, 0x92, 0xE5, 0x9D, 0x9C, 0xE5, 0x99, 0x84, 0x5B, 0xBC, 0x0A, 0x49, 0x6F,
    0xB8, 0xBB, 0x36, 0x21, 0x44, 0xC9, 0xF0, 0x75, 0x4E, 0x91, 0x67, 0xA1, 0x72, 0x4F, 0xA5, 0xE2,
    0x07, 0xB1, 0xF2, 0x4D, 0xE5, 0x4A, 0x50, 0x41, 0x30, 0x57, 0x9A, 0x68, 0x4D, 0xAD, 0xA6, 0xC9,
    0xDC, 0x2D, 0x7B, 0x11, 0x76, 0x1F, 0x92, 0x2D, 0x9D, 0x66, 0x8B, 0xCB, 0x78, 0x38, 0x1E, 0x42,
    0xBE, 0x99, 0x0F, 0xD6, 0x59, 0x17, 0x5C, 0xE5, 0x39, 0xE5, 0x71, 0xCE, 0x79, 0x83, 0xFD, 0x79,
    0x31, 0x7B, 0x4E, 0xBA, 0x47, 0xD2, 0x93, 0x26, 0x5D, 0x25, 0x03, 0xD9, 0x36, 0xF7, 0x94, 0xF5,
    0x32, 0x74, 0x24, 0x49, 0x93, 0xF9, 0x5C, 0x09, 0x36, 0xA7, 0xBA, 0x76, 0xAB, 0x86, 0x55, 0x64,
    0x26, 0xDB, 0x52, 0x7C, 0x34, 0x4C, 0x86, 0x25, 0x18, 0x56, 0xC0, 0xB0, 0x94, 0x3D, 0xA4, 0x23,
    0x95, 0xD2, 0x2C, 0xEB, 0x6A, 0xE9, 0x12, 0xE1, 0x40, 0x4B, 0xB4, 0x58, 0x54, 0x89, 0x3D, 0x54,
    0xBA, 0xAC, 0xA3, 0xBC, 0xB3, 0x0D, 0xC5, 0x63, 0xB9, 0x95, 0xF6, 0x37, 0x52, 0xFC, 0x78, 0x9E,
    0x20, 0x7F, 0x86, 0x20, 0xD8, 0x3D, 0xDA, 0x23, 0xAE, 0x77, 0xBB, 0xDD, 0xCB, 0x37, 0xA5, 0x91,
    0xBF, 0x4E, 0x03, 0x31, 0x0C, 0xC6, 0x3F, 0x9A, 0xE1, 0x86, 0x0A, 0xB2, 0x30, 0x22, 0x75, 0x65,
    0xA8, 0x28, 0x43, 0x87, 0x1B, 0xAE, 0xCA, 0x49, 0x3C, 0x10, 0x8C, 0x6C, 0x74, 0x63, 0x84, 0x47,
    0x61, 0x04, 0x81, 0x74, 0x2E, 0x7D, 0x01, 0xB7, 0x0C, 0x0C, 0x48, 0x90, 0x07, 0x40, 0x10, 0xA1,
    0x4A, 0x04, 0x71, 0x6D, 0xF0, 0x25, 0xAD, 0x84, 0xF8, 0x33, 0x20, 0x12, 0xDB, 0xFA, 0x29, 0xFE,
    0x12, 0x5B, 0x31, 0xB6, 0x91, 0xFF, 0xB6, 0xB5, 0x37, 0xBE, 0x72, 0x95, 0x35, 0x25, 0xB6, 0x21,
    0x07, 0x28, 0x00, 0x23, 0x36, 0x84, 0x61, 0x18, 0x87, 0x7C, 0x86, 0xFC, 0x10, 0x79, 0x81, 0x3C,
    0x8F, 0xD6, 0x47, 0x7E, 0xA0, 0xFD, 0xA9, 0xF1, 0xA8, 0x1C, 0x2A, 0x0B, 0xB9, 0xB7, 0x5A, 0xFB,
    0x82, 0xFB, 0xA1, 0x44, 0x2F, 0xBC, 0x97, 0x30, 0x6F, 0x59, 0x89, 0x01, 0x24, 0xE4, 0x7F, 0x0A,
    0x6B, 0xA1, 0x6C, 0xFB, 0x2C, 0xC0, 0x78, 0x1D, 0x50, 0xCD, 0x74, 0x2D, 0x45, 0x32, 0xD7, 0xF4,
    0xF3, 0x65, 0xFD, 0x54, 0xAD, 0x2D, 0x0F, 0xB4, 0xE4, 0x6C, 0x10, 0x24, 0x98, 0x70, 0x2C, 0xE1,
    0xF4, 0xBF, 0xD5, 0xDC, 0xB7, 0xFD, 0x52, 0x87, 0x45, 0xDD, 0x71, 0x1D, 0xB7, 0xE3, 0x0A, 0x37,
    0x0B, 0x7C, 0x81, 0x33, 0x91, 0xB5, 0xE0, 0x0C, 0x5E, 0x03, 0x82, 0xD8, 0x09, 0xBC, 0x86, 0xFB,
    0x6C, 0x3D, 0xBC, 0xA4, 0xD4, 0x43, 0x93, 0x2A, 0x35, 0xA0, 0xD3, 0xF3, 0x9B, 0x88, 0x5F, 0xBE,
    0x74, 0x45, 0x03, 0xA7, 0xC8, 0x38, 0x75, 0x1D, 0x58, 0x3D, 0xCF, 0x91, 0x85, 0x1A, 0x47, 0xBE,
    0x40, 0x45, 0x05, 0x2E, 0xA9, 0xC9, 0x47, 0x3F, 0x8B, 0x9A, 0x51, 0xB0, 0xEA, 0x61, 0x01, 0x25,
    0x9A, 0xDE, 0x5C, 0x34, 0x9C, 0x74, 0x7B, 0x51, 0x83, 0xE8, 0x2D, 0x71, 0xB4, 0xDF, 0x92, 0xA3,
    0x0A, 0x56, 0x7A, 0x60, 0x28, 0x37, 0xAA, 0x33, 0x3B, 0xF2, 0x68, 0x33, 0x85, 0x0E, 0xD1, 0x1C,
    0xEB, 0x4C, 0xB7, 0x57, 0x44, 0x77, 0xE8, 0x32, 0x4D, 0x1D, 0xD1, 0xCD, 0xB0, 0xCF, 0xC4, 0x96,
    0x68, 0x4A, 0xBB, 0x02, 0x4C, 0x34, 0x59, 0x01, 0x7F, 0x83, 0x09, 0xF5, 0x13, 0x4C, 0xA9, 0x9B,
    0xE0, 0x66, 0xB8, 0xB5, 0x04, 0x6C, 0x24, 0xB8, 0x47, 0x96, 0xE0, 0x11, 0x2A, 0x81, 0x07, 0x6C,
    0x04, 0x07, 0x1C, 0x34, 0x30, 0x92, 0x5E, 0xBB, 0x0D, 0x8C, 0x65, 0xB2, 0xBA, 0x81, 0x7B, 0xE9,
    0x59, 0xB1, 0x80, 0x8F, 0x83, 0x10, 0xB0, 0x0D, 0x14, 0xCC, 0xE3, 0x38, 0x20, 0xCD, 0xFC, 0x14,
    0x3F, 0xB1, 0x65, 0xD9, 0xA7, 0xEF, 0x3C, 0x9F, 0x72, 0x82, 0xCE, 0xF3, 0x72, 0x7E, 0xAA, 0x5E,
    0x4D, 0x32, 0x5E, 0xFE, 0x00, 0x8D, 0xCD, 0xA1, 0x11, 0x42, 0x31, 0x10, 0x04, 0xD0, 0x83, 0xCC,
    0x60, 0x52, 0x00, 0x22, 0xE2, 0x97, 0x90, 0x12, 0x2E, 0x74, 0x80, 0xA1, 0x9E, 0x50, 0x02, 0x45,
    0x7C, 0x45, 0x13, 0x97, 0x12, 0x98, 0xA1, 0x81, 0x13, 0x28, 0x34, 0x02, 0xF1, 0x73, 0x4B, 0x12,
    0x10, 0xC8, 0x6F, 0x9E, 0xD9, 0x9D, 0x5D, 0xF2, 0x36, 0x25, 0x12, 0xCB, 0x65, 0x03, 0x93, 0x9B,
    0x43, 0xCA, 0xC5, 0x2D, 0xC4, 0xE7, 0x06, 0xD1, 0xC0, 0xDB, 0x55, 0x0A, 0x03, 0x28, 0xB9, 0xB3,
    0xAF, 0xA7, 0x6F, 0x65, 0x35, 0xC1, 0x0E, 0xF2, 0x60, 0xDC, 0xB1, 0x0C, 0x68, 0x87, 0xE7, 0x85,
    0xDA, 0xA0, 0x52, 0xDB, 0xD3, 0x2D, 0x12, 0xAB, 0xAB, 0x14, 0xB5, 0x95, 0x7F, 0x78, 0x9B, 0xA3,
    0x32, 0xDE, 0x51, 0x73, 0x27, 0xD4, 0xE3, 0x7F, 0xBA, 0x82, 0x60, 0x49, 0x5E, 0xFD, 0xCD, 0x06,
    0x1F, 0x5D, 0xD0, 0x31, 0x4E, 0xC3, 0x30, 0x14, 0x06, 0xE0, 0x3F, 0x36, 0x52, 0x06, 0x50, 0xB3,
    0xB1, 0x10, 0xD1, 0x0B, 0x44, 0x6A, 0x87, 0x0C, 0x19, 0x2A, 0xE2, 0x23, 0xB0, 0x73, 0x04, 0x86,
    0x66, 0xE8, 0x40, 0x27, 0x72, 0x05, 0x24, 0x8E, 0x50, 0x06, 0xBA, 0x24, 0x43, 0x07, 0x86, 0x4A,
    0xF1, 0x11, 0x72, 0x04, 0x0F, 0x2C, 0x6C, 0x1E, 0x32, 0x04, 0x51, 0xF2, 0x78, 0x76, 0x08, 0x03,
    0x5E, 0x3E, 0x5B, 0x7E, 0xB2, 0xFE, 0xDF, 0x00, 0xA2, 0x12, 0x6E, 0xDD, 0x58, 0x4F, 0xB6, 0x19,
    0xC9, 0x46, 0x56, 0x9E, 0x34, 0xF1, 0x14, 0xE3, 0xC9, 0xFA, 0x3B, 0xA9, 0x53, 0xC7, 0x5C, 0xD5,
    0x8E, 0x23, 0xBE, 0x48, 0x43, 0xB6, 0x18, 0x9E, 0x0C, 0xCE, 0x21, 0x34, 0x2C, 0xAE, 0x1D, 0x86,
    0x4E, 0xCC, 0xA5, 0xF9, 0x50, 0x00, 0x51, 0xD7, 0x02, 0x62, 0xB8, 0x5D, 0x31, 0xD2, 0x22, 0x66,
    0x22, 0x8B, 0x84, 0x39, 0x6E, 0x5F, 0xDF, 0x5A, 0x08, 0x93, 0x93, 0xE5, 0x13, 0x36, 0x78, 0x70,
    0xD4, 0x70, 0x93, 0x28, 0x90, 0x39, 0xF2, 0x97, 0x03, 0xF5, 0x40, 0x43, 0x66, 0x5F, 0x95, 0x30,
    0x52, 0x21, 0xE8, 0x61, 0x19, 0x2C, 0x88, 0x2A, 0x1E, 0x08, 0xAA, 0xFD, 0x37, 0x23, 0x68, 0x50,
    0x2E, 0xD3, 0xE3, 0xF3, 0x5D, 0xE7, 0x82, 0x1A, 0x1E, 0x60, 0x23, 0xB7, 0xE7, 0x77, 0x7C, 0xFA,
    0x03, 0x60, 0x9C, 0x09, 0xF7, 0x80, 0xBF, 0x0C, 0x7D, 0x37, 0x59, 0xCE, 0xBC, 0x42, 0xC7, 0x38,
    0x03, 0x14, 0x4C, 0x82, 0x85, 0x12, 0x9D, 0x2B, 0x9D, 0x6B, 0x79, 0x42, 0x9D, 0x22, 0x2F, 0xD9,
    0x62, 0xC9, 0x8F, 0x0A, 0x8B, 0x74, 0x89, 0xF1, 0x8B, 0xFE, 0x9B, 0x46, 0xEF, 0xC0, 0x5A, 0x17,
    0xD9, 0xC5, 0x15, 0xD1, 0x4E, 0xD7, 0x49, 0xB4, 0x03, 0xEE, 0xB5, 0x8D, 0x43, 0xE2, 0xA5, 0xCC,
    0x4C, 0x30, 0x83, 0xD0, 0x21, 0x9A, 0x6E, 0xDD, 0xCB, 0x52, 0xEA, 0xB9, 0x0E, 0x5B, 0x0E, 0x69,
    0x82, 0xE6, 0x93, 0x73, 0xFD, 0xE5, 0x9C, 0x72, 0x4F, 0x3D, 0xA6, 0x5E, 0xBF, 0x3D, 0x7F, 0x00,
};

static const EpdGlyph bitter_14_boldGlyphs[] = {
    { 0, 0, 84, 0, 0, 0, 0 }, // U+0020
    { 5, 22, 150, 2, 21, 28, 0 }, // !
    { 10, 9, 203, 1, 23, 23, 28 }, // "
    { 18, 21, 314, 1, 21, 95, 51 }, // #
    { 16, 29, 283, 1, 25, 116, 146 }, // $
    { 24, 22, 405, 1, 21, 132, 262 }, // %
    { 18, 22, 314, 1, 21, 99, 394 }, // &
    { 5, 9, 117, 1, 23, 12, 493 }, // '
    { 10, 31, 147, 0, 26, 78, 505 }, // (
    { 9, 31, 147, 0, 26, 70, 583 }, // )
    { 11, 11, 213, 1, 23, 31, 653 }, // *
    { 14, 15, 255, 1, 18, 53, 684 }, // +
    { 7, 11, 114, 0, 5, 20, 737 }, // ,
    { 11, 4, 208, 1, 11, 11, 757 }, // -
    { 5, 6, 109, 1, 5, 8, 768 }, // .
    { 12, 27, 158, -1, 24, 81, 776 }, // /
    { 17, 19, 304, 1, 18, 81, 857 }, // 0
    { 13, 17, 205, 0, 17, 56, 938 }, // 1
    { 15, 18, 271, 1, 18, 68, 994 }, // 2
    { 15, 22, 256, 0, 18, 83, 1062 }, // 3
    { 18, 22, 280, 0, 18, 99, 1145 }, // 4
    { 15, 22, 247, 0, 18, 83, 1244 }, // 5
    { 16, 22, 281, 1, 21, 88, 1327 }, // 6
    { 16, 21, 252, 0, 17, 84, 1415 }, // 7
    { 16, 22, 281, 1, 21, 88, 1499 }, // 8
    { 17, 22, 281, 0, 18, 94, 1587 }, // 9
    { 5, 16, 109, 1, 15, 20, 1681 }, // :
    { 6, 21, 112, 0, 15, 32, 1701 }, // ;
    { 14, 15, 254, 1, 18, 53, 1733 }, // <
    { 14, 10, 249, 1, 15, 35, 1786 }, // =
    { 14, 14, 253, 1, 17, 49, 1821 }, // >
    { 13, 22, 209, 0, 21, 72, 1870 }, // ?
    { 24, 24, 405, 1, 20, 144, 1942 }, // @
    { 21, 21, 333, 0, 21, 111, 2086 }, // A
    { 17, 21, 302, 1, 21, 90, 2197 }, // B
    { 17, 22, 295, 1, 21, 94, 2287 }, // C
    { 19, 21, 332, 1, 21, 100, 2381 }, // D
    { 16, 21, 284, 1, 21, 84, 2481 }, // E
    { 15, 21, 262, 1, 21, 79, 2565 }, // F
    { 20, 22, 334, 1, 21, 110, 2644 }, // G
    { 21, 21, 367, 1, 21, 111, 2754 }, // H
    { 9, 21, 169, 1, 21, 48, 2865 }, // I
    { 12, 26, 160, -2, 21, 78, 2913 }, // J
    { 20, 21, 335, 1, 21, 105, 2991 }, // K
    { 15, 21, 260, 1, 21, 79, 3096 }, // L
    { 24, 21, 407, 1, 21, 126, 3175 }, // M
    { 21, 21, 360, 1, 21, 111, 3301 }, // N
    { 20, 22, 342, 1, 21, 110, 3412 }, // O
    { 17, 21, 285, 1, 21, 90, 3522 }, // P
    { 23, 27, 344, 1, 21, 156, 3612 }, // Q
    { 19, 21, 311, 1, 21, 100, 3768 }, // R
    { 16, 22, 281, 1, 21, 88, 3868 }, // S
    { 18, 21, 286, 0, 21, 95, 3956 }, // T
    { 22, 22, 346, 0, 21, 121, 4051 }, // U
    { 21, 22, 331, 0, 21, 116, 4172 }, // V
    { 30, 22, 477, 0, 21, 165, 4288 }, // W
    { 21, 21, 332, 0, 21, 111, 4453 }, // X
    { 19, 21, 302, 0, 21, 100, 4564 }, // Y
    { 17, 21, 291, 0, 21, 90, 4664 }, // Z
    { 8, 30, 162, 2, 26, 60, 4754 }, // [
    { 12, 27, 164, -1, 24, 81, 4814 }, // <backslash>
    { 8, 30, 162, 0, 26, 60, 4895 }, // ]
    { 16, 11, 254, 0, 26, 44, 4955 }, // ^
    { 16, 4, 229, -1, -1, 16, 4999 }, // _
    { 10, 8, 161, 0, 25, 20, 5015 }, // `
    { 17, 17, 262, 0, 16, 73, 5035 }, // a
    { 17, 24, 275, 0, 23, 102, 5108 }, // b
    { 15, 17, 241, 0, 16, 64, 5210 }, // c
    { 18, 24, 282, 0, 23, 108, 5274 }, // d
    { 16, 17, 256, 0, 16, 68, 5382 }, // e
    { 13, 23, 175, 0, 23, 75, 5450 }, // f
    { 17, 24, 268, 0, 16, 102, 5525 }, // g
    { 19, 23, 295, 0, 23, 110, 5627 }, // h
    { 9, 23, 148, 0, 23, 52, 5737 }, // i
    { 9, 31, 136, -2, 23, 70, 5789 }, // j
    { 18, 23, 277, 0, 23, 104, 5859 }, // k
    { 9, 23, 145, 0, 23, 52, 5963 }, // l
    { 28, 16, 445, 0, 16, 112, 6015 }, // m
    { 19, 16, 301, 0, 16, 76, 6127 }, // n
    { 16, 17, 269, 0, 16, 68, 6203 }, // o
    { 17, 23, 284, 0, 16, 98, 6271 }, // p
    { 18, 23, 275, 0, 16, 104, 6369 }, // q
    { 14, 16, 219, 0, 16, 56, 6473 }, // r
    { 13, 17, 230, 1, 16, 56, 6529 }, // s
    { 12, 21, 184, 0, 20, 63, 6585 }, // t
    { 18, 17, 295, 0, 16, 77, 6648 }, // u
    { 17, 17, 254, -1, 16, 73, 6725 }, // v
    { 26, 17, 389, -1, 16, 111, 6798 }, // w
    { 17, 16, 266, 0, 16, 68, 6909 }, // x
    { 18, 24, 260, -1, 16, 108, 6977 }, // y
    { 14, 16, 235, 0, 16, 56, 7085 }, // z
    { 10, 30, 168, 0, 26, 75, 7141 }, // {
    { 4, 28, 146, 3, 24, 28, 7216 }, // |
    { 11, 30, 168, 0, 26, 83, 7244 }, // }
    { 15, 6, 275, 1, 13, 23, 7327 }, // ~
    { 0, 0, 84, 0, 0, 0, 0 }, // U+00A0
    { 5, 22, 150, 2, 16, 28, 0 }, // U+00A1
    { 14, 23, 249, 1, 22, 81, 28 }, // U+00A2
    { 16, 21, 305, 1, 21, 84, 109 }, // U+00A3
    { 17, 16, 306, 1, 17, 68, 193 }, // U+00A4
    { 20, 21, 324, 0, 21, 105, 261 }, // U+00A5
    { 4, 28, 146, 3, 24, 28, 366 }, // U+00A6
    { 14, 27, 257, 1, 21, 95, 394 }, // U+00A7
    { 12, 5, 218, 1, 23, 15, 489 }, // U+00A8
    { 23, 22, 401, 1, 21, 127, 504 }, // U+00A9
    { 13, 17, 204, 0, 21, 56, 631 }, // U+00AA
    { 14, 14, 250, 1, 15, 49, 687 }, // U+00AB
    { 15, 9, 277, 1, 12, 34, 736 }, // U+00AC
    { 0, 0, 0, 0, 0, 0, 770 }, // U+00AD
    { 19, 18, 332, 1, 22, 86, 770 }, // U+00AE
    { 10, 4, 200, 1, 23, 10, 856 }, // U+00AF
    { 10, 10, 206, 1, 22, 25, 866 }, // U+00B0
    { 15, 18, 271, 1, 19, 68, 891 }, // U+00B1
    { 10, 13, 172, 0, 23, 33, 959 }, // U+00B2
    { 11, 14, 174, 0, 23, 39, 992 }, // U+00B3
    { 9, 8, 162, 1, 25, 18, 1031 }, // U+00B4
    { 19, 23, 307, 0, 16, 110, 1049 }, // U+00B5
    { 18, 26, 301, 0, 21, 117, 1159 }, // U+00B6
    { 5, 6, 109, 1, 13, 8, 1276 }, // U+00B7
    { 8, 8, 150, 1, 0, 16, 1284 }, // U+00B8
    { 9, 13, 137, 0, 23, 30, 1300 }, // U+00B9
    { 12, 17, 220, 1, 21, 51, 1330 }, // U+00BA
    { 14, 14, 250, 1, 15, 49, 1381 }, // U+00BB
    { 26, 22, 419, 0, 21, 143, 1430 }, // U+00BC
    { 26, 22, 430, 0, 21, 143, 1573 }, // U+00BD
    { 27, 22, 435, 0, 21, 149, 1716 }, // U+00BE
    { 12, 22, 204, 0, 16, 66, 1865 }, // U+00BF
    { 21, 28, 333, 0, 28, 147, 1931 }, // U+00C0
    { 21, 28, 333, 0, 28, 147, 2078 }, // U+00C1
    { 21, 28, 333, 0, 28, 147, 2225 }, // U+00C2
    { 21, 27, 333, 0, 27, 142, 2372 }, // U+00C3
    { 21, 27, 333, 0, 27, 142, 2514 }, // U+00C4
    { 21, 29, 333, 0, 29, 153, 2656 }, // U+00C5
    { 27, 21, 440, 0, 21, 142, 2809 }, // U+00C6
    { 17, 29, 295, 1, 21, 124, 2951 }, // U+00C7
    { 16, 28, 284, 1, 28, 112, 3075 }, // U+00C8
    { 16, 28, 284, 1, 28, 112, 3187 }, // U+00C9
    { 16, 28, 284, 1, 28, 112, 3299 }, // U+00CA
    { 16, 27, 284, 1, 27, 108, 3411 }, // U+00CB
    { 9, 28, 169, 1, 28, 63, 3519 }, // U+00CC
    { 9, 28, 169, 1, 28, 63, 3582 }, // U+00CD
    { 12, 28, 169, -1, 28, 84, 3645 }, // U+00CE
    { 11, 27, 169, 0, 27, 75, 3729 }, // U+00CF
    { 19, 21, 332, 1, 21, 100, 3804 }, // U+00D0
    { 21, 27, 360, 1, 27, 142, 3904 }, // U+00D1
    { 20, 29, 342, 1, 28, 145, 4046 }, // U+00D2
    { 20, 29, 342, 1, 28, 145, 4191 }, // U+00D3
    { 20, 29, 342, 1, 28, 145, 4336 }, // U+00D4
    { 20, 28, 342, 1, 27, 140, 4481 }, // U+00D5
    { 20, 28, 342, 1, 27, 140, 4621 }, // U+00D6
    { 13, 13, 233, 1, 17, 43, 4761 }, // U+00D7
    { 20, 26, 343, 1, 23, 130, 4804 }, // U+00D8
    { 22, 29, 346, 0, 28, 160, 4934 }, // U+00D9
    { 22, 29, 346, 0, 28, 160, 5094 }, // U+00DA
    { 22, 29, 346, 0, 28, 160, 5254 }, // U+00DB
    { 22, 28, 346, 0, 27, 154, 5414 }, // U+00DC
    { 19, 28, 302, 0, 28, 133, 5568 }, // U+00DD
    { 16, 21, 280, 1, 21, 84, 5701 }, // U+00DE
    { 21, 24, 325, 0, 23, 126, 5785 }, // U+00DF
    { 17, 26, 262, 0, 25, 111, 5911 }, // U+00E0
    { 17, 26, 262, 0, 25, 111, 6022 }, // U+00E1
    { 17, 25, 262, 0, 24, 107, 6133 }, // U+00E2
    { 17, 25, 262, 0, 24, 107, 6240 }, // U+00E3
    { 17, 24, 262, 0, 23, 102, 6347 }, // U+00E4
    { 17, 26, 262, 0, 25, 111, 6449 }, // U+00E5
    { 25, 17, 400, 0, 16, 107, 6560 }, // U+00E6
    { 15, 24, 241, 0, 16, 90, 6667 }, // U+00E7
    { 16, 26, 257, 0, 25, 104, 6757 }, // U+00E8
    { 16, 26, 257, 0, 25, 104, 6861 }, // U+00E9
    { 16, 25, 257, 0, 24, 100, 6965 }, // U+00EA
    { 16, 24, 257, 0, 23, 96, 7065 }, // U+00EB
    { 9, 25, 148, 0, 25, 57, 7161 }, // U+00EC
    { 10, 25, 148, 0, 25, 63, 7218 }, // U+00ED
    { 11, 24, 148, -1, 24, 66, 7281 }, // U+00EE
    { 11, 23, 148, -1, 23, 64, 7347 }, // U+00EF
    { 16, 25, 272, 0, 24, 100, 7411 }, // U+00F0
    { 19, 24, 301, 0, 24, 114, 7511 }, // U+00F1
    { 16, 26, 269, 0, 25, 104, 7625 }, // U+00F2
    { 16, 26, 269, 0, 25, 104, 7729 }, // U+00F3
    { 16, 25, 269, 0, 24, 100, 7833 }, // U+00F4
    { 16, 25, 269, 0, 24, 100, 7933 }, // U+00F5
    { 16, 24, 269, 0, 23, 96, 8033 }, // U+00F6
    { 14, 17, 249, 1, 19, 60, 8129 }, // U+00F7
    { 17, 22, 271, 0, 19, 94, 8189 }, // U+00F8
    { 18, 26, 295, 0, 25, 117, 8283 }, // U+00F9
    { 18, 26, 295, 0, 25, 117, 8400 }, // U+00FA
    { 18, 25, 295, 0, 24, 113, 8517 }, // U+00FB
    { 18, 24, 295, 0, 23, 108, 8630 }, // U+00FC
    { 18, 33, 260, -1, 25, 149, 8738 }, // U+00FD
    { 17, 30, 276, 0, 23, 128, 8887 }, // U+00FE
    { 18, 31, 260, -1, 23, 140, 9015 }, // U+00FF
    { 0, 0, 257, 0, 0, 0, 0 }, // U+2007
    { 0, 0, 109, 0, 0, 0, 0 }, // U+2008
    { 0, 0, 42, 0, 0, 0, 0 }, // U+2009
    { 0, 0, 47, 0, 0, 0, 0 }, // U+200A
    { 0, 0, 0, 0, 0, 0, 0 }, // U+200B
    { 0, 0, 0, 0, 0, 0, 0 }, // U+200C
    { 0, 0, 0, 0, 0, 0, 0 }, // U+200D
    { 0, 0, 0, 0, 0, 0, 0 }, // U+200E
    { 0, 0, 0, 0, 0, 0, 0 }, // U+200F
    { 10, 4, 202, 1, 11, 10, 0 }, // U+2010
    { 17, 5, 306, 1, 13, 22, 10 }, // U+2012
    { 15, 4, 283, 1, 11, 15, 32 }, // U+2013
    { 23, 4, 400, 1, 10, 23, 47 }, // U+2014
    { 23, 4, 400, 1, 10, 23, 70 }, // U+2015
    { 16, 9, 229, -1, -1, 36, 93 }, // U+2017
    { 6, 9, 105, 0, 23, 14, 129 }, // U+2018
    { 6, 10, 105, 0, 23, 15, 143 }, // U+2019
    { 6, 10, 105, 0, 4, 15, 158 }, // U+201A
    { 6, 9, 105, 0, 23, 14, 173 }, // U+201B
    { 12, 10, 193, 0, 24, 30, 187 }, // U+201C
    { 12, 10, 193, 0, 23, 30, 217 }, // U+201D
    { 12, 10, 193, 0, 4, 30, 247 }, // U+201E
    { 14, 24, 230, 0, 21, 84, 277 }, // U+2020
    { 14, 24, 230, 0, 21, 84, 361 }, // U+2021
    { 10, 10, 198, 1, 14, 25, 445 }, // U+2022
    { 15, 6, 298, 1, 5, 23, 470 }, // U+2025
    { 20, 6, 347, 1, 5, 30, 493 }, // U+2026
    { 0, 0, 0, 0, 0, 0, 523 }, // U+202A
    { 0, 0, 0, 0, 0, 0, 523 }, // U+202B
    { 0, 0, 0, 0, 0, 0, 523 }, // U+202C
    { 0, 0, 0, 0, 0, 0, 523 }, // U+202D
    { 0, 0, 0, 0, 0, 0, 523 }, // U+202E
    { 35, 22, 593, 1, 21, 193, 523 }, // U+2030
    { 6, 9, 141, 1, 23, 14, 716 }, // U+2032
    { 12, 9, 222, 1, 23, 27, 730 }, // U+2033
    { 8, 14, 148, 1, 15, 28, 757 }, // U+2039
    { 7, 14, 148, 1, 15, 25, 785 }, // U+203A
    { 12, 22, 261, 2, 21, 66, 810 }, // U+203C
    { 12, 3, 199, 0, 20, 9, 876 }, // U+203E
    { 16, 22, 91, -5, 21, 88, 885 }, // U+2044
    { 0, 0, 0, 0, 0, 0, 973 }, // U+2060
    { 0, 0, 0, 0, 0, 0, 973 }, // U+2061
    { 0, 0, 0, 0, 0, 0, 973 }, // U+2062
    { 0, 0, 0, 0, 0, 0, 973 }, // U+2063
    { 0, 0, 0, 0, 0, 0, 973 }, // U+2064
    { 0, 0, 0, 0, 0, 0, 973 }, // U+2066
    { 0, 0, 0, 0, 0, 0, 973 }, // U+2067
    { 0, 0, 0, 0, 0, 0, 973 }, // U+2068
    { 0, 0, 0, 0, 0, 0, 973 }, // U+2069
    { 0, 0, 0, 0, 0, 0, 973 }, // U+206A
    { 0, 0, 0, 0, 0, 0, 973 }, // U+206B
    { 0, 0, 0, 0, 0, 0, 973 }, // U+206C
    { 0, 0, 0, 0, 0, 0, 973 }, // U+206D
    { 0, 0, 0, 0, 0, 0, 973 }, // U+206E
    { 0, 0, 0, 0, 0, 0, 973 }, // U+206F
    { 18, 29, 311, 1, 25, 131, 0 }, // U+20A1
    { 15, 21, 290, 2, 21, 79, 131 }, // U+20A3
    { 17, 21, 310, 1, 21, 90, 210 }, // U+20A4
    { 22, 21, 408, 2, 21, 116, 300 }, // U+20A6
    { 19, 21, 324, 1, 21, 100, 416 }, // U+20A7
    { 31, 22, 489, 0, 21, 171, 516 }, // U+20A9
    { 17, 28, 320, 1, 23, 119, 687 }, // U+20AB
    { 18, 22, 324, 1, 21, 99, 806 }, // U+20AC
    { 20, 21, 368, 2, 21, 105, 905 }, // U+20AD
    { 17, 21, 308, 1, 21, 90, 1010 }, // U+20AE
    { 18, 21, 325, 1, 21, 95, 1100 }, // U+20B1
    { 20, 29, 342, 1, 25, 145, 1195 }, // U+20B2
    { 16, 22, 326, 2, 21, 88, 1340 }, // U+20B4
    { 18, 29, 310, 1, 25, 131, 1428 }, // U+20B5
    { 18, 21, 290, 0, 21, 95, 1559 }, // U+20B8
    { 16, 21, 293, 1, 21, 84, 1654 }, // U+20B9
    { 17, 21, 313, 2, 21, 90, 1738 }, // U+20BA
    { 27, 24, 435, 0, 24, 162, 1828 }, // U+20BC
    { 17, 21, 307, 2, 21, 90, 1990 }, // U+20BD
    { 22, 20, 366, 0, 20, 110, 0 }, // U+2190
    { 20, 21, 326, 0, 21, 105, 110 }, // U+2191
    { 21, 20, 366, 1, 20, 105, 215 }, // U+2192
    { 20, 21, 326, 0, 21, 105, 320 }, // U+2193
    { 31, 20, 499, 0, 20, 155, 425 }, // U+2194
    { 20, 30, 326, 0, 25, 150, 580 }, // U+2195
    { 20, 33, 326, 0, 26, 165, 730 }, // U+21A8
    { 7, 19, 145, 1, 19, 34, 0 }, // U+2669
    { 11, 19, 211, 1, 19, 53, 34 }, // U+266A
    { 17, 22, 299, 1, 20, 94, 87 }, // U+266B
    { 17, 22, 299, 1, 20, 94, 181 }, // U+266C
    { 8, 19, 162, 1, 18, 38, 275 }, // U+266D
    { 9, 19, 167, 1, 12, 43, 313 }, // U+266E
    { 14, 25, 258, 1, 18, 88, 356 }, // U+266F
    { 33, 30, 593, 2, 25, 248, 444 }, // U+2764
    { 19, 23, 310, 0, 23, 110, 0 }, // U+FB01
    { 20, 23, 319, 0, 23, 115, 110 }, // U+FB02
    { 27, 30, 593, 5, 25, 203, 0 }, // U+1F44D
    { 31, 30, 593, 3, 25, 233, 203 }, // U+1F600
};

static const EpdUnicodeInterval bitter_14_boldIntervals[] = {
    { 0x20, 0x7E, 0x0 },
    { 0xA0, 0xFF, 0x5F },
    { 0x2007, 0x2010, 0xBF },
    { 0x2012, 0x2015, 0xC9 },
    { 0x2017, 0x201E, 0xCD },
    { 0x2020, 0x2022, 0xD5 },
    { 0x2025, 0x2026, 0xD8 },
    { 0x202A, 0x202E, 0xDA },
    { 0x2030, 0x2030, 0xDF },
    { 0x2032, 0x2033, 0xE0 },
    { 0x2039, 0x203A, 0xE2 },
    { 0x203C, 0x203C, 0xE4 },
    { 0x203E, 0x203E, 0xE5 },
    { 0x2044, 0x2044, 0xE6 },
    { 0x2060, 0x2064, 0xE7 },
    { 0x2066, 0x206F, 0xEC },
    { 0x20A1, 0x20A1, 0xF6 },
    { 0x20A3, 0x20A4, 0xF7 },
    { 0x20A6, 0x20A7, 0xF9 },
    { 0x20A9, 0x20A9, 0xFB },
    { 0x20AB, 0x20AE, 0xFC },
    { 0x20B1, 0x20B2, 0x100 },
    { 0x20B4, 0x20B5, 0x102 },
    { 0x20B8, 0x20BA, 0x104 },
    { 0x20BC, 0x20BD, 0x107 },
    { 0x2190, 0x2195, 0x109 },
    { 0x21A8, 0x21A8, 0x10F },
    { 0x2669, 0x266F, 0x110 },
    { 0x2764, 0x2764, 0x117 },
    { 0xFB01, 0xFB02, 0x118 },
    { 0x1F44D, 0x1F44D, 0x11A },
    { 0x1F600, 0x1F600, 0x11B },
};

static const EpdFontGroup bitter_14_boldGroups[] = {
    { 0, 3675, 8083, 95, 0 },
    { 3675, 3342, 9944, 96, 95 },
    { 7017, 540, 1041, 55, 191 },
    { 7557, 1094, 2251, 19, 246 },
    { 8651, 371, 925, 7, 265 },
    { 9022, 375, 780, 8, 272 },
    { 9397, 124, 230, 2, 280 },
    { 9521, 287, 450, 2, 282 },
};

static const EpdKernClassEntry bitter_14_boldKernLeftClasses[] = {
    { 0x0021, 1 }, // !
    { 0x0022, 2 }, // "
    { 0x0024, 3 }, // $
    { 0x0026, 4 }, // &
    { 0x0027, 2 }, // '
    { 0x0028, 5 }, // (
    { 0x002C, 6 }, // ,
    { 0x002D, 7 }, // -
    { 0x002E, 6 }, // .
    { 0x002F, 8 }, // /
    { 0x0030, 9 }, // 0
    { 0x0031, 10 }, // 1
    { 0x0032, 11 }, // 2
    { 0x0033, 12 }, // 3
    { 0x0034, 13 }, // 4
    { 0x0035, 14 }, // 5
    { 0x0036, 15 }, // 6
    { 0x0037, 16 }, // 7
    { 0x0038, 12 }, // 8
    { 0x0039, 17 }, // 9
    { 0x003A, 18 }, // :
    { 0x003B, 18 }, // ;
    { 0x003F, 19 }, // ?
    { 0x0040, 20 }, // @
    { 0x0041, 21 }, // A
    { 0x0042, 12 }, // B
    { 0x0043, 22 }, // C
    { 0x0044, 20 }, // D
    { 0x0045, 23 }, // E
    { 0x0046, 24 }, // F
    { 0x0047, 25 }, // G
    { 0x0048, 26 }, // H
    { 0x0049, 26 }, // I
    { 0x004A, 27 }, // J
    { 0x004B, 28 }, // K
    { 0x004C, 29 }, // L
    { 0x004D, 26 }, // M
    { 0x004E, 26 }, // N
    { 0x004F, 20 }, // O
    { 0x0050, 30 }, // P
    { 0x0051, 31 }, // Q
    { 0x0052, 32 }, // R
    { 0x0053, 3 }, // S
    { 0x0054, 33 }, // T
    { 0x0055, 27 }, // U
    { 0x0056, 34 }, // V
    { 0x0057, 35 }, // W
    { 0x0058, 28 }, // X
    { 0x0059, 36 }, // Y
    { 0x005A, 37 }, // Z
    { 0x005B, 38 }, // [
    { 0x005C, 39 }, // <backslash>
    { 0x005F, 40 }, // _
    { 0x0061, 41 }, // a
    { 0x0062, 42 }, // b
    { 0x0063, 43 }, // c
    { 0x0064, 44 }, // d
    { 0x0065, 45 }, // e
    { 0x0066, 46 }, // f
    { 0x0067, 47 }, // g
    { 0x0068, 41 }, // h
    { 0x0069, 44 }, // i
    { 0x006A, 48 }, // j
    { 0x006B, 49 }, // k
    { 0x006C, 44 }, // l
    { 0x006D, 41 }, // m
    { 0x006E, 41 }, // n
    { 0x006F, 42 }, // o
    { 0x0070, 42 }, // p
    { 0x0071, 50 }, // q
    { 0x0072, 51 }, // r
    { 0x0073, 52 }, // s
    { 0x0074, 53 }, // t
    { 0x0075, 54 }, // u
    { 0x0076, 55 }, // v
    { 0x0077, 55 }, // w
    { 0x0078, 49 }, // x
    { 0x0079, 56 }, // y
    { 0x007A, 57 }, // z
    { 0x007B, 58 }, // {
    { 0x00A1, 1 }, // U+00A1
    { 0x00A2, 43 }, // U+00A2
    { 0x00A3, 59 }, // U+00A3
    { 0x00A5, 36 }, // U+00A5
    { 0x00A7, 3 }, // U+00A7
    { 0x00A9, 20 }, // U+00A9
    { 0x00AB, 60 }, // U+00AB
    { 0x00AE, 42 }, // U+00AE
    { 0x00B2, 61 }, // U+00B2
    { 0x00B5, 54 }, // U+00B5
    { 0x00B7, 7 }, // U+00B7
    { 0x00B9, 62 }, // U+00B9
    { 0x00BB, 63 }, // U+00BB
    { 0x00C0, 21 }, // U+00C0
    { 0x00C1, 21 }, // U+00C1
    { 0x00C2, 21 }, // U+00C2
    { 0x00C3, 21 }, // U+00C3
    { 0x00C4, 21 }, // U+00C4
    { 0x00C5, 21 }, // U+00C5
    { 0x00C6, 23 }, // U+00C6
    { 0x00C7, 22 }, // U+00C7
    { 0x00C8, 23 }, // U+00C8
    { 0x00C9, 23 }, // U+00C9
    { 0x00CA, 23 }, // U+00CA
    { 0x00CB, 23 }, // U+00CB
    { 0x00CC, 26 }, // U+00CC
    { 0x00CD, 26 }, // U+00CD
    { 0x00CE, 26 }, // U+00CE
    { 0x00CF, 64 }, // U+00CF
    { 0x00D0, 20 }, // U+00D0
    { 0x00D1, 26 }, // U+00D1
    { 0x00D2, 20 }, // U+00D2
    { 0x00D3, 20 }, // U+00D3
    { 0x00D4, 20 }, // U+00D4
    { 0x00D5, 20 }, // U+00D5
    { 0x00D6, 20 }, // U+00D6
    { 0x00D8, 20 }, // U+00D8
    { 0x00D9, 27 }, // U+00D9
    { 0x00DA, 27 }, // U+00DA
    { 0x00DB, 27 }, // U+00DB
    { 0x00DC, 27 }, // U+00DC
    { 0x00DD, 36 }, // U+00DD
    { 0x00DE, 30 }, // U+00DE
    { 0x00DF, 65 }, // U+00DF
    { 0x00E0, 41 }, // U+00E0
    { 0x00E1, 41 }, // U+00E1
    { 0x00E2, 41 }, // U+00E2
    { 0x00E3, 41 }, // U+00E3
    { 0x00E4, 41 }, // U+00E4
    { 0x00E5, 41 }, // U+00E5
    { 0x00E6, 45 }, // U+00E6
    { 0x00E7, 66 }, // U+00E7
    { 0x00E8, 45 }, // U+00E8
    { 0x00E9, 45 }, // U+00E9
    { 0x00EA, 45 }, // U+00EA
    { 0x00EB, 67 }, // U+00EB
    { 0x00EC, 68 }, // U+00EC
    { 0x00ED, 69 }, // U+00ED
    { 0x00EE, 70 }, // U+00EE
    { 0x00EF, 71 }, // U+00EF
    { 0x00F0, 42 }, // U+00F0
    { 0x00F1, 41 }, // U+00F1
    { 0x00F2, 42 }, // U+00F2
    { 0x00F3, 42 }, // U+00F3
    { 0x00F4, 42 }, // U+00F4
    { 0x00F5, 42 }, // U+00F5
    { 0x00F6, 42 }, // U+00F6
    { 0x00F8, 42 }, // U+00F8
    { 0x00F9, 54 }, // U+00F9
    { 0x00FA, 54 }, // U+00FA
    { 0x00FB, 54 }, // U+00FB
    { 0x00FC, 54 }, // U+00FC
    { 0x00FD, 55 }, // U+00FD
    { 0x00FE, 42 }, // U+00FE
    { 0x00FF, 55 }, // U+00FF
    { 0x2010, 7 }, // U+2010
    { 0x2013, 7 }, // U+2013
    { 0x2014, 7 }, // U+2014
    { 0x2015, 7 }, // U+2015
    { 0x2017, 40 }, // U+2017
    { 0x2018, 2 }, // U+2018
    { 0x2019, 2 }, // U+2019
    { 0x201A, 6 }, // U+201A
    { 0x201B, 2 }, // U+201B
    { 0x201C, 2 }, // U+201C
    { 0x201D, 2 }, // U+201D
    { 0x201E, 6 }, // U+201E
    { 0x2025, 6 }, // U+2025
    { 0x2026, 6 }, // U+2026
    { 0x2039, 60 }, // U+2039
    { 0x203A, 63 }, // U+203A
    { 0x203C, 1 }, // U+203C
    { 0x20A1, 22 }, // U+20A1
    { 0x20A3, 24 }, // U+20A3
    { 0x20A6, 26 }, // U+20A6
    { 0x20A7, 30 }, // U+20A7
    { 0x20A9, 35 }, // U+20A9
    { 0x20AB, 72 }, // U+20AB
    { 0x20AC, 22 }, // U+20AC
    { 0x20AD, 28 }, // U+20AD
    { 0x20AE, 33 }, // U+20AE
    { 0x20B1, 30 }, // U+20B1
    { 0x20B2, 25 }, // U+20B2
    { 0x20B4, 3 }, // U+20B4
    { 0x20B5, 22 }, // U+20B5
    { 0x20B8, 33 }, // U+20B8
    { 0x20B9, 32 }, // U+20B9
    { 0x20BD, 30 }, // U+20BD
    { 0xFB01, 44 }, // U+FB01
    { 0xFB02, 44 }, // U+FB02
};

static const EpdKernClassEntry bitter_14_boldKernRightClasses[] = {
    { 0x0021, 1 }, // !
    { 0x0022, 2 }, // "
    { 0x0024, 3 }, // $
    { 0x0026, 4 }, // &
    { 0x0027, 2 }, // '
    { 0x0029, 5 }, // )
    { 0x002A, 6 }, // *
    { 0x002C, 7 }, // ,
    { 0x002D, 8 }, // -
    { 0x002E, 7 }, // .
    { 0x002F, 9 }, // /
    { 0x0030, 10 }, // 0
    { 0x0031, 11 }, // 1
    { 0x0032, 12 }, // 2
    { 0x0033, 13 }, // 3
    { 0x0034, 14 }, // 4
    { 0x0035, 15 }, // 5
    { 0x0036, 16 }, // 6
    { 0x0037, 17 }, // 7
    { 0x0038, 4 }, // 8
    { 0x0039, 18 }, // 9
    { 0x003A, 19 }, // :
    { 0x003B, 19 }, // ;
    { 0x003F, 20 }, // ?
    { 0x0040, 21 }, // @
    { 0x0041, 22 }, // A
    { 0x0042, 23 }, // B
    { 0x0043, 21 }, // C
    { 0x0044, 23 }, // D
    { 0x0045, 23 }, // E
    { 0x0046, 23 }, // F
    { 0x0047, 21 }, // G
    { 0x0048, 23 }, // H
    { 0x0049, 23 }, // I
    { 0x004A, 24 }, // J
    { 0x004B, 23 }, // K
    { 0x004C, 23 }, // L
    { 0x004D, 23 }, // M
    { 0x004E, 23 }, // N
    { 0x004F, 21 }, // O
    { 0x0050, 23 }, // P
    { 0x0051, 21 }, // Q
    { 0x0052, 23 }, // R
    { 0x0053, 3 }, // S
    { 0x0054, 25 }, // T
    { 0x0055, 26 }, // U
    { 0x0056, 27 }, // V
    { 0x0057, 27 }, // W
    { 0x0058, 28 }, // X
    { 0x0059, 29 }, // Y
    { 0x005A, 30 }, // Z
    { 0x005C, 31 }, // <backslash>
    { 0x005D, 32 }, // ]
    { 0x005F, 33 }, // _
    { 0x0061, 34 }, // a
    { 0x0062, 35 }, // b
    { 0x0063, 36 }, // c
    { 0x0064, 36 }, // d
    { 0x0065, 36 }, // e
    { 0x0066, 37 }, // f
    { 0x0067, 38 }, // g
    { 0x0068, 39 }, // h
    { 0x0069, 37 }, // i
    { 0x006A, 40 }, // j
    { 0x006B, 39 }, // k
    { 0x006C, 39 }, // l
    { 0x006D, 37 }, // m
    { 0x006E, 37 }, // n
    { 0x006F, 36 }, // o
    { 0x0070, 41 }, // p
    { 0x0071, 36 }, // q
    { 0x0072, 37 }, // r
    { 0x0073, 42 }, // s
    { 0x0074, 43 }, // t
    { 0x0075, 44 }, // u
    { 0x0076, 45 }, // v
    { 0x0077, 45 }, // w
    { 0x0078, 46 }, // x
    { 0x0079, 47 }, // y
    { 0x007A, 48 }, // z
    { 0x007C, 49 }, // |
    { 0x007D, 50 }, // }
    { 0x00A1, 51 }, // U+00A1
    { 0x00A2, 36 }, // U+00A2
    { 0x00A5, 29 }, // U+00A5
    { 0x00A6, 49 }, // U+00A6
    { 0x00A7, 3 }, // U+00A7
    { 0x00A9, 21 }, // U+00A9
    { 0x00AB, 52 }, // U+00AB
    { 0x00AE, 36 }, // U+00AE
    { 0x00B0, 53 }, // U+00B0
    { 0x00B7, 8 }, // U+00B7
    { 0x00BB, 54 }, // U+00BB
    { 0x00BF, 55 }, // U+00BF
    { 0x00C0, 22 }, // U+00C0
    { 0x00C1, 22 }, // U+00C1
    { 0x00C2, 22 }, // U+00C2
    { 0x00C3, 22 }, // U+00C3
    { 0x00C4, 22 }, // U+00C4
    { 0x00C5, 22 }, // U+00C5
    { 0x00C6, 22 }, // U+00C6
    { 0x00C7, 21 }, // U+00C7
    { 0x00C8, 23 }, // U+00C8
    { 0x00C9, 23 }, // U+00C9
    { 0x00CA, 23 }, // U+00CA
    { 0x00CB, 23 }, // U+00CB
    { 0x00CC, 23 }, // U+00CC
    { 0x00CD, 23 }, // U+00CD
    { 0x00CE, 23 }, // U+00CE
    { 0x00CF, 56 }, // U+00CF
    { 0x00D0, 23 }, // U+00D0
    { 0x00D1, 23 }, // U+00D1
    { 0x00D2, 21 }, // U+00D2
    { 0x00D3, 21 }, // U+00D3
    { 0x00D4, 21 }, // U+00D4
    { 0x00D5, 21 }, // U+00D5
    { 0x00D6, 21 }, // U+00D6
    { 0x00D8, 21 }, // U+00D8
    { 0x00D9, 26 }, // U+00D9
    { 0x00DA, 26 }, // U+00DA
    { 0x00DB, 26 }, // U+00DB
    { 0x00DC, 26 }, // U+00DC
    { 0x00DD, 29 }, // U+00DD
    { 0x00DE, 23 }, // U+00DE
    { 0x00DF, 37 }, // U+00DF
    { 0x00E0, 34 }, // U+00E0
    { 0x00E1, 34 }, // U+00E1
    { 0x00E2, 34 }, // U+00E2
    { 0x00E3, 34 }, // U+00E3
    { 0x00E4, 34 }, // U+00E4
    { 0x00E5, 34 }, // U+00E5
    { 0x00E6, 34 }, // U+00E6
    { 0x00E7, 36 }, // U+00E7
    { 0x00E8, 36 }, // U+00E8
    { 0x00E9, 36 }, // U+00E9
    { 0x00EA, 36 }, // U+00EA
    { 0x00EB, 36 }, // U+00EB
    { 0x00EC, 57 }, // U+00EC
    { 0x00ED, 58 }, // U+00ED
    { 0x00EE, 59 }, // U+00EE
    { 0x00EF, 60 }, // U+00EF
    { 0x00F0, 36 }, // U+00F0
    { 0x00F1, 37 }, // U+00F1
    { 0x00F2, 36 }, // U+00F2
    { 0x00F3, 36 }, // U+00F3
    { 0x00F4, 36 }, // U+00F4
    { 0x00F5, 36 }, // U+00F5
    { 0x00F6, 36 }, // U+00F6
    { 0x00F8, 61 }, // U+00F8
    { 0x00F9, 44 }, // U+00F9
    { 0x00FA, 44 }, // U+00FA
    { 0x00FB, 44 }, // U+00FB
    { 0x00FC, 44 }, // U+00FC
    { 0x00FD, 47 }, // U+00FD
    { 0x00FE, 62 }, // U+00FE
    { 0x00FF, 47 }, // U+00FF
    { 0x2010, 8 }, // U+2010
    { 0x2013, 8 }, // U+2013
    { 0x2014, 8 }, // U+2014
    { 0x2015, 8 }, // U+2015
    { 0x2017, 33 }, // U+2017
    { 0x2018, 2 }, // U+2018
    { 0x2019, 2 }, // U+2019
    { 0x201A, 7 }, // U+201A
    { 0x201B, 2 }, // U+201B
    { 0x201C, 2 }, // U+201C
    { 0x201D, 2 }, // U+201D
    { 0x201E, 7 }, // U+201E
    { 0x2025, 7 }, // U+2025
    { 0x2026, 7 }, // U+2026
    { 0x2039, 52 }, // U+2039
    { 0x203A, 54 }, // U+203A
    { 0x203C, 1 }, // U+203C
    { 0x2044, 63 }, // U+2044
    { 0x20A1, 21 }, // U+20A1
    { 0x20A3, 23 }, // U+20A3
    { 0x20A6, 23 }, // U+20A6
    { 0x20A7, 23 }, // U+20A7
    { 0x20A9, 27 }, // U+20A9
    { 0x20AB, 36 }, // U+20AB
    { 0x20AD, 23 }, // U+20AD
    { 0x20AE, 25 }, // U+20AE
    { 0x20B1, 23 }, // U+20B1
    { 0x20B2, 21 }, // U+20B2
    { 0x20B4, 3 }, // U+20B4
    { 0x20B5, 21 }, // U+20B5
    { 0x20B8, 25 }, // U+20B8
    { 0x20BD, 23 }, // U+20BD
    { 0xFB01, 37 }, // U+FB01
    { 0xFB02, 37 }, // U+FB02
};

static const int8_t bitter_14_boldKernMatrix[] = {
       0,    0,    0,    0,    0,    0,    0,    0,    0,    0,    0,    0,    0,    0,    0,    0,    0,    0,    0,    0,    0,   -3,    0,    0,    0,    0,    0,    0,    0,    0,    0,    0,    0,    0,    0,    0,    0,    0,    0,    0,    0,    0,    0,    0,    0,    0,    0,    0,    0,    0,    0,    0,    0,    0,    0,    0,    0,    0,    0,    0,    0,    0,    0,
       0,    0,    0,    0,    0,    0,  -20,    0,    0,    0,    0,    0,    0,    0,    0,    0,    0,    0,    0,    0,   -8,  -45,    3,    0,    7,    0,    3,   -6,    0,    0,    0,    0,    0,   -8,   11,  -10,    0,    0,   11,    0,    0,  -24,    0,    0,    0,    0,    0,    0,    0,    0,    0,    0,    0,    0,    0,    3,    0,    0,    0,    0,  -10,   11,    0,
       0,    0,    0,    0,    0,    0,  -11,    0,    0,    0,   -2,    0,   -1,    0,    0,    0,   -6,    0,    0,    0,    0,  -13,   -6,    0,  -13,    0,  -20,  -25,  -23,   -7,    0,    0,    0,   -8,    0,   -3,  -11,   -3,    0,   -5,  -11,    0,   -3,   -6,  -13,  -14,  -12,    0,    0,    0,    0,    0,    0,    0,    0,   -6,  -11,  -11,  -12,  -15,   -3,    0,    0,
       0,    0,    5,    0,    0,    0,    0,    0,    0,    0,    0,    0,    0,    0,    0,    0,    0,    0,    0,    0,    6,  -15,    0,    0,    0,    0,  -17,  -15,  -20,    0,    0,    0,    0,   -3,   -3,    1,    0,    0,   -3,    0,    0,   -3,    0,   -3,   -9,   -7,   -6,   -4,    0,    0,    0,    0,    0,    0,    0,    0,    0,    0,    0,    0,    1,   -3,    0,
       0,    0,    0,    0,    0,    0,    0,    0,   19,    0,    0,    0,    0,    0,    0,    0,    0,    0,    0,    0,    0,    0,    0,   34,  -11,    0,    0,    0,    0,    0,   13,    0,   17,    0,    0,   -2,    0,    9,    0,   31,    0,    0,    0,    0,    0,    0,    0,    0,    0,    0,    0,    0,    0,    0,    0,    0,    0,    0,    0,    0,   -2,    0,    0,
       0,  -39,    0,    0,    0,    0,    0,    0,    0,  -20,   -9,    1,    0,   -9,    0,  -11,  -27,   -9,    0,    0,  -18,    6,    0,   23,  -34,    0,  -36,   -6,  -36,    0,    0,    0,    0,    0,    0,   -8,    0,    0,    0,    0,    0,    0,    0,    0,  -29,    0,  -34,    0,    0,    0,    0,  -11,    0,    0,    0,    0,    0,    0,    0,    0,   -8,    0,    0,
       0,    0,    0,    0,    0,    0,    0,    0,    0,    0,  -22,   -4,  -11,    3,  -15,    0,  -26,   -8,    0,    0,    0,  -11,    0,    0,  -31,    0,  -23,  -39,    0,    0,    0,    0,    0,    0,    0,    0,    0,    0,    0,    0,    0,    0,    0,    0,   -1,  -26,  -13,    0,    0,    0,    0,    0,    0,  -14,    0,    0,    0,    0,    0,    0,    0,    0,    0,
       0,    0,    0,    0,   13,    0,    0,    0,  -20,    0,    0,    0,    0,    0,    0,    0,    0,    0,    0,    0,   -7,  -17,   -7,    8,   -2,    6,    6,  -13,    6,    0,   19,   13,    0,  -17,   13,  -18,  -17,    0,   13,    0,  -17,    0,    0,    0,    0,  -18,  -15,    0,    0,   13,    0,    0,    0,    0,    0,   -7,  -17,  -17,  -17,  -17,  -18,   13,    0,
       0,    0,    0,    0,    0,    0,  -22,    0,    0,    0,   -3,    0,    0,    0,    0,    0,    0,    0,    0,    0,    0,    0,    0,    0,    0,    0,    0,    0,    0,    0,    0,    0,    0,    0,    0,    0,    0,    0,    0,    0,    0,    0,    0,    0,    0,    0,    0,    0,    0,    0,    0,    0,   -5,    0,    0,    0,    0,    0,    0,    0,    0,    0,    0,
       0,    0,    0,    0,    0,    0,    3,    0,    5,    0,    0,    0,    0,    0,    0,    0,   -5,    0,    0,    0,    0,    0,    0,    0,    0,    0,    0,    0,    0,    0,    0,    0,    0,    0,    0,    0,    0,    0,    0,    0,    0,    0,    0,    0,    0,    0,    0,    0,    0,    0,    0,    0,  -20,    0,    0,    0,    0,    0,    0,    0,    0,    0,    0,
       0,    0,    0,    0,    0,    0,    0,    0,    0,    0,    0,    0,    0,    0,    0,    0,   -2,    0,    0,    0,    0,    0,    0,    0,    0,    0,    0,    0,    0,    0,    0,    0,    0,    0,    0,    0,    0,    0,    0,    0,    0,    0,    0,    0,    0,    0,    0,    0,    0,    0,    0,    0,    0,    0,    0,    0,    0,    0,    0,    0,    0,    0,    0,
       0,   -8,    0,    0,    0,    0,  -17,    0,    0,    0,    0,    0,   -8,    0,    0,    0,    0,    0,    0,   -7,   -5,  -15,  -10,    0,  -17,    0,  -25,  -22,  -21,  -13,    0,    0,    0,   -6,   -3,   -3,   -7,   -4,   -3,   -4,   -7,   -3,   -2,   -4,   -8,  -15,  -11,   -7,    0,    0,    0,    0,    0,    0,    0,  -10,   -7,   -7,   -7,   -7,   -3,   -3,    0,
       0,    0,    0,    0,    0,    0,    0,    5,    0,    0,    0,    0,    0,    5,    0,    0,   -6,    0,   13,    0,    0,    0,    0,    0,    0,    0,    0,    0,    0,    0,    0,    0,    0,    0,    0,    0,    0,    0,    0,    0,    0,    0,    0,    0,    0,    0,    0,    0,    0,    0,    0,    0,  -19,    0,    0,    0,    0,    0,    0,    0,    0,    0,    0,
       0,    0,    0,    0,    0,    0,   -7,    0,    0,    0,   -6,   -6,  -13,    0,    0,    0,   -9,   -5,    0,    0,    0,    0,    0,    0,    0,    0,    0,    0,    0,    0,    0,    0,    0,    0,    0,    0,    0,    0,    0,    0,    0,    0,    0,    0,    0,    0,    0,    0,    0,    0,    0,    0,   -5,    0,    0,    0,    0,    0,    0,    0,    0,    0,    0,
       0,    0,    0,    0,    0,    0,    0,    0,    0,    0,   -6,   -5,   -3,    3,   -8,    0,   -7,    0,    0,    0,    0,    0,    0,    0,    0,    0,    0,    0,    0,    0,    0,    0,    0,    0,    0,    0,    0,    0,    0,    0,    0,    0,    0,    0,    0,    0,    0,    0,    0,    0,    0,    0,  -15,    0,    0,    0,    0,    0,    0,    0,    0,    0,    0,
       0,    0,    0,   -6,    0,    0,  -45,  -21,    0,   -8,    6,   -1,   -7,   -6,   -6,   -6,    3,   -4,    0,    0,    0,    0,    0,    0,    0,    0,    0,    0,    0,    0,    0,    0,    0,    0,    0,    0,    0,    0,    0,    0,    0,    0,    0,    0,    0,    0,    0,    0,    0,    0,    0,    0,   15,    0,    0,    0,    0,    0,    0,    0,    0,    0,    0,
       0,    0,    0,    0,    0,    0,  -25,    0,    0,    0,    0,    0,   -9,    0,    0,    0,   -7,    0,    0,    0,    0,    0,    0,    0,    0,    0,    0,    0,    0,    0,    0,    0,    0,    0,    0,    0,    0,    0,    0,    0,    0,    0,    0,    0,    0,    0,    0,    0,    0,    0,    0,    0,   -4,    0,    0,    0,    0,    0,    0,    0,    0,    0,    0,
       0,    0,    0,    0,    0,    0,    0,    0,    0,    0,    0,    0,    0,    0,    0,    0,    0,    0,    0,    0,    0,    0,    0,    6,   -6,    0,  -14,    0,  -14,    0,    0,    0,    0,    0,    0,    0,    0,    0,    0,    0,    0,    0,    0,    0,   -3,    0,    0,    0,    0,    0,    0,    0,    0,    0,    0,    0,    0,    0,    0,    0,    0,    0,    0,
       0,    0,    0,    0,    0,    0,    0,    0,    0,    0,    0,    0,    0,    0,    0,    0,    0,    0,    0,    0,    0,    0,    3,    0,    6,    0,    0,    0,    0,    0,    0,    0,    0,    0,    0,    0,    0,    0,    0,    0,    0,    0,    0,    0,    0,    0,    0,    0,    0,    0,    0,    0,    0,    0,  -15,    3,    0,    0,    0,    0,    0,    0,    0,
       0,   -8,   -2,    0,    0,    0,  -18,    0,    1,    0,    0,    0,  -20,    0,    0,    0,    0,    0,    0,   -5,    0,  -11,    0,    0,  -10,    0,  -20,  -20,  -14,  -12,    0,    0,    0,   -8,   -1,   -1,   -6,   -4,   -1,    2,   -6,   -1,   -1,   -2,   -4,   -8,   -3,    0,    0,    0,    0,    0,    0,    0,    0,    0,   -6,   -6,   -6,   -6,   -1,   -1,    0,
      -3,  -45,   -9,    0,    0,    0,    6,  -11,    5,    0,    0,    0,    0,    0,    0,    0,    0,    0,    0,  -21,  -11,    3,   -9,   -6,  -36,  -22,  -40,   -3,  -33,   -4,    0,    9,    0,   -6,   -1,   -7,   -5,   -8,   -1,   -5,   -5,   -4,  -11,  -12,  -17,    5,  -20,   -8,    0,    5,   -3,    0,    0,    0,    0,   -9,   -5,   -5,   -5,   -5,   -7,   -1,    0,
       0,    4,    0,   -2,    0,    0,   -5,  -16,    0,    0,   -2,   -2,   -4,    0,   -3,    0,   -3,   -8,    0,    0,  -11,   -8,    0,   -6,   -8,    0,   -8,  -13,   -8,    0,    0,    0,    0,   -8,   -9,  -10,   -9,  -12,   -9,   -8,   -9,   -6,   -6,   -9,   -6,   -8,   -8,   -8,    0,    0,    0,    0,    0,    0,    0,    0,   -9,   -9,   -8,   -9,  -10,   -9,    0,
       0,    0,    0,    0,    0,    0,    0,   -6,   -1,    0,    0,    0,    0,    0,    0,    0,    0,    0,    0,    0,  -10,   -3,    0,    0,  -17,    0,  -13,  -16,   -7,    0,    0,    0,    0,   -8,    0,   -7,   -5,   -8,    0,   -8,   -5,   -8,   -7,   -7,  -13,  -11,  -10,   -6,    0,    0,    0,    0,    0,    0,    0,    0,   -5,   -5,    0,   -5,   -7,    0,    0,
       0,    0,   -2,    0,    0,    0,  -53,    0,  -15,    0,    0,    0,    0,    0,    0,    0,    0,    0,  -17,    0,   -9,  -31,   -9,   -1,    0,    0,   -5,  -11,   -5,  -10,    0,    0,    0,  -13,    0,  -20,   -6,  -15,    0,   -2,   -6,  -15,   -3,   -3,    0,   -8,   -1,   -8,    0,    0,    0,    0,    0,    0,    0,   -9,   -6,   -6,   -7,    1,  -20,    0,    0,
       0,    0,    0,    0,    0,    0,    0,    0,    0,    0,    0,    0,    0,    0,    0,    0,    0,    0,    0,    0,    0,   -2,    0,    0,    0,    0,  -17,  -15,  -20,    0,    0,    0,    0,   -3,   -3,    1,    0,    0,   -3,    0,    0,   -3,    0,   -3,   -9,   -7,   -6,   -4,    0,    0,    0,    0,    0,    0,    0,    0,    0,    0,    0,    0,    1,   -3,    0,
       0,    3,   -8,    0,    0,    0,    0,    0,    5,    0,    0,    0,    0,    0,    0,    0,    0,    0,    0,    0,    0,   -9,    0,    0,   -8,   -3,   -7,  -12,   -6,   -6,    0,    0,    0,   -6,    0,   -4,    0,   -6,    0,   -4,    0,   -6,    0,    0,   -8,  -12,  -10,    0,    0,    0,    0,    0,    0,    0,    0,    0,    0,    0,    9,   11,   -4,    0,    0,
       0,    0,    0,    0,    0,    0,    0,    0,    0,    0,    0,    0,    0,    0,    0,    0,    0,    0,    0,    0,    0,  -22,   -3,    0,   -1,    0,   -1,  -13,    0,   -9,    0,    0,    0,   -8,    3,   -6,    0,   -8,    3,   -1,    0,   -8,   -5,   -6,  -11,  -15,  -10,   -8,    0,    0,    0,    0,    0,    0,    0,   -3,    0,    0,   13,   11,   -6,    3,    0,
      -5,   -6,   -7,    0,    0,    0,   -7,  -39,    1,    0,    0,    0,    0,    0,    0,    0,    0,    0,    0,   -6,  -20,   -3,  -12,   -5,  -13,  -15,   -8,   -5,   -9,  -10,    0,    0,    0,  -13,    0,  -15,   -4,  -13,    0,   -8,   -4,  -13,  -13,  -13,  -15,    0,  -21,   -1,    0,    0,    0,    0,    0,    0,    0,  -12,   -4,   -4,   -1,   -1,  -15,    0,    0,
       0,    0,  -15,    0,    0,    0,    0,    0,    0,    0,    0,    0,    0,    0,    0,    0,    0,    0,    0,    0,  -13,   -2,    0,   -3,  -31,  -18,  -36,   -5,  -41,   -3,    0,    0,    0,   -3,    0,   -3,   -4,   -4,    0,    0,   -4,   -4,  -11,   -7,  -19,   -3,  -22,    0,    0,    0,    0,    0,    0,    0,    0,    0,   -4,   -4,   -4,   -4,   -3,    0,    0,
       0,    3,   -3,    0,    0,    0,  -69,  -13,  -14,    0,    0,    0,    0,    0,    0,    0,    0,    0,    0,   -6,   -2,  -26,   -9,   -4,   -4,   -6,  -13,  -16,  -11,   -8,    0,   -5,    0,   -9,   -3,   -4,   -2,   -6,   -3,   -4,   -2,   -3,   -3,   -3,    1,   -5,    0,   -7,    0,   -5,    0,    0,    0,    0,    0,   -9,   -2,   -2,   -2,   -2,   -4,   -3,    0,
       0,   -8,   -2,    0,   34,    0,  -33,    0,   39,    0,    0,    0,  -20,    0,    0,    0,    0,    0,   34,   -5,    0,  -11,    0,   69,  -10,    0,  -20,  -20,  -14,  -12,    0,   33,   43,   -8,   -3,   -3,    0,   22,   -3,   57,    0,   -1,   -1,   -2,   -4,   -8,   29,    0,   15,   33,    0,    0,    0,    0,    0,    0,    0,    0,    0,    0,   13,   35,    0,
       0,    0,    0,    0,    0,    0,    0,    0,    0,    0,    0,    0,    0,    0,    0,    0,    0,    0,    0,    0,   -8,   -3,    0,    0,  -11,   -7,  -22,   -8,  -23,   -3,    0,    0,    0,   -4,    0,   -8,   -3,   -3,    0,   -1,   -3,    0,   -6,   -6,  -10,   -4,   -9,    0,    0,    0,    0,    0,    0,    0,    0,    0,   -3,   -3,   -3,   -3,   -8,    0,    0,
       0,    7,  -11,    0,    0,    0,  -37,  -31,  -14,    0,    0,    0,    0,    0,    0,    0,    0,    0,  -14,   -3,  -10,  -36,   -8,   -4,   -4,   -2,   -4,  -13,   -5,  -13,    0,    0,    0,  -18,   -4,  -19,   -6,  -22,   -4,   -4,   -6,  -20,   -3,   -5,   -1,  -11,    1,  -13,    0,    0,    0,    0,    0,    0,    0,   -8,   -6,   -6,   -1,    0,  -19,   -4,    0,
      -8,    3,  -20,  -13,    0,    0,  -50,  -23,  -21,    0,    0,    0,  -12,    0,    0,    0,    0,    0,  -15,    0,  -33,  -40,   -7,   -4,   -4,   -1,    3,   -7,    3,  -15,    0,   -3,    0,  -32,    1,  -31,  -16,  -29,    1,  -15,  -16,  -29,  -13,  -20,  -13,  -29,  -24,  -34,    0,   -3,    0,    0,    0,    0,    0,   -7,  -16,  -27,  -13,    1,  -31,    1,    0,
      -8,    3,  -20,  -13,    0,    0,  -50,  -23,  -21,    0,    0,    0,  -12,    0,    0,    0,    0,    0,  -15,    0,  -16,  -40,   -7,   -4,   -4,   -1,    3,   -7,    3,  -15,    0,   -3,    0,  -32,    1,  -31,  -16,  -29,    1,  -15,  -16,  -29,  -13,  -20,  -13,  -29,  -24,  -34,    0,   -3,    0,    0,    0,    0,    0,   -7,  -16,  -27,  -13,    1,  -31,    1,    0,
       0,    0,  -15,    0,    0,    0,  -51,    0,    0,    0,    0,    0,  -12,    0,   -6,    0,   -3,    0,  -19,    0,  -15,  -33,   -6,   -2,   -1,   -1,    3,   -8,    3,   -7,    0,   -3,    0,  -33,    8,  -28,  -19,  -26,    3,   -9,  -19,  -25,  -11,  -17,  -21,  -27,  -18,  -20,    0,   -3,    0,    0,    0,    0,    0,   -6,  -19,  -27,  -14,    3,  -28,    3,    0,
       0,    0,   -9,    0,    0,    0,    0,    0,    0,    0,    0,    0,    0,    0,    0,    0,    0,    0,    0,    0,  -10,   -8,   -6,    0,   -8,   -7,  -10,  -12,  -10,    0,    0,    0,    0,    0,    0,   -2,   -2,   -3,    0,    0,   -2,   -4,   -8,   -8,  -11,   -5,  -13,    0,    0,    0,    0,    0,    0,    0,    0,   -6,   -2,   -2,    0,    0,   -2,    0,    0,
       0,    0,    0,    0,    0,    0,    0,    0,   31,    0,    0,    0,    0,    0,    0,    0,    0,    0,    0,    0,    0,   13,    0,   28,  -22,    0,   -3,    0,   -3,    0,   23,    0,   29,    0,   14,    0,    0,   12,   14,   45,    0,    0,    0,    0,    0,    0,    0,    0,    0,    0,    0,    0,    0,    0,    0,    0,    0,    0,    0,    0,    0,   14,    0,
       0,    0,    0,    0,   13,    0,    0,    0,   19,    0,    0,    0,    0,    0,    0,    0,    0,    0,    0,    0,    0,    0,    0,   31,    0,    0,    0,    0,    0,    0,    0,   13,   13,    0,    0,    0,    0,    0,    0,    0,    0,    0,    0,    0,    0,    0,    0,    0,    0,    0,    0,    0,    0,    0,    0,    0,    0,    0,    0,    0,    0,    0,    0,
       0,    0,    0,    0,   13,    0,    0,    0,   19,    0,    0,    0,    0,    0,    0,    0,    0,    0,    0,    0,    0,    0,    0,   29,    0,    0,    0,    0,    0,    0,    0,   11,    0,    0,    0,    0,    7,   13,    0,   27,    7,    0,    0,    0,    0,    0,    0,    0,    0,   11,    0,    0,    0,    0,    0,    0,    7,    7,    7,    7,    0,    0,    0,
      -2,  -25,    0,    0,    0,    0,    6,    0,    9,    0,    0,    0,    0,    0,    0,    0,    0,    0,    0,   -7,    0,    0,    0,    0,    0,    0,    0,    0,    0,    0,    0,    0,    0,    0,    0,    0,    0,    0,    0,    0,    0,    0,    0,    0,  -12,    0,  -14,    0,    0,    0,    0,    0,    0,    0,    0,    0,    0,    0,    0,    0,    0,    0,    0,
       0,  -21,    0,    0,    0,    0,   -8,    0,    6,    0,    0,    0,    0,    0,    0,    0,    0,    0,    0,   -3,   -1,    0,    0,    0,    0,    0,    0,    0,    0,    0,    0,    0,    0,    0,    0,    0,    0,    0,    0,   -1,    0,    0,    0,    0,   -6,  -14,   -7,    0,    0,    0,    0,    0,    0,    0,    0,    0,    0,    0,    0,    0,    0,    0,    0,
       0,    2,    0,    0,    0,    0,    0,  -10,    0,    0,    0,    0,    0,    0,    0,    0,    0,    0,    0,   -6,    0,    0,    0,    0,    0,    0,    0,    0,    0,    0,    0,    0,    0,   -8,   -3,   -8,   -6,   -8,   -3,   -3,   -6,    0,   -6,   -6,   -8,   -3,   -4,    0,    0,    0,    0,    0,    0,    0,    0,    0,   -6,   -6,   -6,   -6,   -8,   -3,    0,
       0,  -11,    0,    0,    0,    0,    0,   -3,   13,    0,    0,    0,    0,    0,    0,    0,    0,    0,    0,    0,   -3,    0,    0,    0,    0,    0,    0,    0,    0,    0,    0,   12,    0,   -3,    0,    0,    0,    0,    0,    3,    0,    0,    0,    0,   -8,   -5,   -7,    0,    0,    6,    0,    0,    0,    0,    0,    0,    0,    0,    0,    8,    0,    0,    0,
       0,    0,    0,    0,    0,    0,    0,    0,    0,    0,    0,    0,    0,    0,    0,    0,    0,    0,    0,    0,    0,    0,    0,    0,    0,    0,    0,    0,    0,    0,    0,    0,    0,    0,    0,    0,    0,    0,    0,   -4,    0,    0,    0,    0,   -6,  -13,   -8,    0,    0,    0,    0,    0,    0,    0,    0,    0,    0,    0,    0,    0,    0,    0,    0,
      27,   20,    0,    0,   54,   33,  -14,  -11,    0,    0,    0,    0,    0,    0,    0,    0,    0,    0,    0,   18,    0,    0,    0,    0,    0,    0,    0,    0,    0,    0,   34,   76,    0,   -4,   26,   -5,    3,   -1,   26,    8,    3,    0,    5,    3,    5,   -6,    3,    0,    0,   43,    0,    0,    0,    0,    0,    0,   13,   13,   17,   25,   -5,   26,    0,
       0,    0,    0,    0,    0,    0,    0,    0,   13,    0,    0,    0,    0,    0,    0,    0,    0,    0,    0,    0,    0,    0,    0,    0,    0,    0,    0,    0,    0,    0,    0,   13,   13,   -6,   -3,   -8,   -3,    6,   -3,   25,   -3,   -5,   -1,    0,   -1,   -8,   -2,    0,    0,    5,    0,    0,    0,    0,    0,    0,   -3,   -3,   -3,   -3,   -8,   -3,    0,
       0,    0,    0,    0,    0,    0,    0,    0,    6,    0,    0,    0,    0,    0,    0,    0,    0,    0,    0,    0,    0,    0,    0,    0,    0,    0,    0,    0,    0,    0,    0,    0,    0,    0,    0,    0,    0,    0,    0,   13,    0,    0,    0,    0,   -8,  -10,   -6,   -6,    0,    0,    0,    0,    0,    0,    0,    0,    0,    0,    0,    3,    0,    0,    0,
      -3,    0,    0,    0,    0,    0,    0,  -26,    8,    0,    0,    0,    0,    0,    0,    0,    0,    0,    0,   -8,   -8,    0,    0,    0,    0,    0,    0,    0,    0,    0,    0,    0,    0,  -10,   -4,  -14,   -6,  -12,   -4,   -7,   -6,   -9,   -4,   -6,   -3,   -1,   -1,   -7,    0,    0,    0,    0,    0,    0,    0,    0,   -6,   -6,   -6,   -6,  -14,   -4,    0,
       0,    0,    0,    0,    0,    0,    0,    0,    0,    0,    0,    0,    0,    0,    0,    0,    0,    0,    5,    0,    0,    0,    0,    0,    0,    0,    0,    0,    0,    0,    0,    0,   19,    0,    0,    0,    4,    9,    0,   45,   11,    0,    0,    0,   -9,  -10,    1,    0,    0,    0,    0,    0,    0,    0,    0,    0,    4,    4,    4,    4,    0,   13,    0,
      -1,    0,    0,    0,   -1,    0,  -34,    0,  -11,    0,    0,    0,    0,    0,    0,    0,    0,    0,    0,   -1,    0,    0,    0,    0,    0,    0,    0,    0,    0,    0,    0,   -8,    0,  -13,   -8,   -8,   -3,   -7,   -8,    1,   -3,   -6,    0,    0,    6,   -4,    8,    0,    0,   -8,    0,    0,    0,    0,    0,    0,   -3,   -3,   -3,   -3,   -8,   -8,    0,
       0,  -20,    0,    0,    0,    0,   -5,    0,    0,    0,    0,    0,    0,    0,    0,    0,    0,    0,    0,    0,    0,    0,    0,    0,    0,    0,    0,    0,    0,    0,    0,    0,    0,    0,    0,    0,    0,    0,    0,    0,    0,    0,    0,    0,   -6,  -12,   -7,    0,    0,    0,    0,    0,    0,    0,    0,    0,    0,    0,    0,    0,    0,    0,    0,
       0,    0,    0,    0,    0,    0,    0,    0,    0,    0,    0,    0,    0,    0,    0,    0,    0,    0,    0,    0,    0,    0,    0,    0,    0,    0,    0,    0,    0,    0,    0,    0,    0,   -5,   -2,   -8,    0,   -6,   -2,   -1,    0,   -5,    0,    0,   -5,   -3,   -2,    0,    0,    0,    0,    0,    0,    0,    0,    0,    0,    0,    0,    0,   -8,   -2,    0,
       0,    0,    0,    0,    0,    0,    0,    0,   10,    0,    0,    0,    0,    0,    0,    0,    0,    0,    0,    0,    0,    0,    0,    0,    0,    0,    0,    0,    0,    0,    0,    0,    0,    0,    0,    0,    0,    0,    0,    0,    0,    0,    0,    0,   -8,   -1,   -8,   -5,    0,    0,    0,    0,    0,    0,    0,    0,    0,    0,    0,    0,    0,    0,    0,
       0,    0,    0,    0,    0,    0,  -33,   -8,    0,    0,    0,    0,    0,    0,    0,    0,    0,    0,   -5,    0,   -4,    0,    0,    0,    0,    0,    0,    0,    0,    0,    0,    0,    0,   -9,    0,   -6,   -1,   -7,    0,    0,   -1,  -10,    9,    6,    9,   -1,    9,   -6,    0,    0,    0,    0,    0,    0,    0,    0,   -1,   -1,   -1,   -1,   -6,    0,    0,
       0,    0,    0,    0,    0,    0,  -33,   -8,    0,    0,    0,    0,    0,    0,    0,    0,    0,    0,   -5,    0,   -4,    0,    0,    0,    0,    0,    0,    0,    0,    0,    0,    0,    0,   -9,    0,  -14,   -1,   -7,    0,    0,   -1,  -10,    9,    6,    9,   -1,    9,   -6,    0,    0,    0,    0,    0,    0,    0,    0,   -1,   -1,   -1,   -1,  -14,    0,    0,
       0,    0,    0,    0,    0,    0,    0,    0,    0,    0,    0,    0,    0,    0,    0,    0,    0,    0,    0,    0,    0,    0,    0,    0,    0,    0,    0,    0,    0,    0,    0,    0,    0,    0,   -3,    0,    0,    0,   -3,    0,    0,   -5,    0,    0,   -8,   -8,   -7,    0,    0,    0,    0,    0,    0,    0,    0,    0,    0,    0,    0,    0,    0,   -3,    0,
       0,    0,    0,    0,    0,    0,    0,    0,   19,    0,    0,    0,    0,    0,    0,    0,    0,    0,    0,    0,    0,    5,    0,   28,   -4,    0,   -3,    0,   -3,    0,   13,    0,   14,    0,    6,    0,    0,    6,    6,   22,    0,    0,    0,    0,    0,    0,    0,    0,    0,    0,    0,    0,    0,    0,    0,    0,    0,    0,    0,    0,    0,    6,    0,
       0,    0,    0,    0,    0,    0,    0,    0,    0,    0,    0,   -2,    0,    0,    0,    0,   -3,    0,    0,    0,    0,    0,    0,    0,    0,    0,    0,    0,    0,    0,    0,    0,    0,    0,    0,    0,    0,    0,    0,    0,    0,    0,    0,    0,    0,    0,    0,    0,    0,    0,    0,    0,    0,    0,    0,    0,    0,    0,    0,    0,    0,    0,    0,
       0,    0,    0,    0,    0,    0,    0,  -14,    0,    0,    0,    0,    0,    0,    0,    0,    0,    0,    0,    0,    0,    0,    0,    0,    0,    0,    0,    0,    0,    0,    0,    0,    0,    0,    0,    0,    0,    0,    0,    0,    0,    0,    0,    0,    0,    0,    0,    0,    0,    0,    0,    0,    0,    0,    0,    0,    0,    0,    0,    0,    0,    0,    0,
       0,    0,    0,    0,    0,    0,    0,    0,    0,    0,    0,    0,    0,    0,    0,    0,    0,    0,    0,    0,    0,    0,    0,    0,    0,    0,    0,    0,    0,    0,    0,    0,    0,    0,    0,    0,    0,    0,    0,    0,    0,    0,    0,    0,    0,    0,    0,    0,    0,    0,    0,    0,    0,    0,    0,    0,    0,    0,    0,    0,    0,    0,    1,
       0,    0,    0,    0,    0,    0,    0,    0,    0,    0,    0,    0,    0,    0,    0,    0,    0,    0,    0,    0,    0,    0,    0,    0,    0,    0,    0,    0,    0,    0,    0,    0,    0,    0,    0,    0,    0,    0,    0,    0,    0,    0,    0,    0,    0,    0,    0,    0,    0,    0,    0,    0,    0,    0,    0,    0,    0,    0,    0,    0,    0,    0,   13,
       0,    0,    0,    0,    0,    0,  -11,    0,    0,    0,    0,    0,    0,    0,    0,    0,    0,    0,    0,    0,    0,    0,    0,    0,    0,    0,    0,    0,    0,    0,    0,    0,    0,    0,    0,    0,    0,    0,    0,    0,    0,    0,    0,    0,    0,    0,    0,    0,    0,    0,    0,    0,    0,    0,    0,    0,    0,    0,    0,    0,    0,    0,    0,
       0,    3,   -8,    0,    0,    0,    0,    0,    5,    0,    0,    0,    0,    0,    0,    0,    0,    0,    0,    0,    0,   -9,    0,    6,   -8,   -3,   -7,  -12,   -6,   -6,   17,    0,    0,   -6,    0,   -4,    0,   -6,    0,   -4,    0,   -6,    0,    0,   -8,  -12,  -10,    0,    0,    0,    0,    0,    0,    0,    0,   13,    0,    0,    9,   11,   -4,    0,    0,
       0,    0,    0,    0,    0,    0,    0,    0,    0,    0,    0,    0,    0,    0,    0,    0,    0,    0,    0,    0,    0,    0,    0,    0,    0,    0,    0,    0,    0,    0,    0,    0,    0,    0,   -6,   -2,   -8,   -6,   -6,   -5,   -8,   -5,   -8,   -2,  -13,   -8,  -17,   -6,    0,    0,    0,    0,    0,    0,    0,    0,   -8,   -8,   -8,   -8,   -2,   -6,    0,
       0,    2,    0,    0,    0,    0,    0,  -10,    0,    0,    0,    0,    0,    0,    0,    0,    0,    0,    0,   -6,    0,    0,    0,    0,    0,    0,    0,    0,    0,    0,    0,    0,    0,   -8,   -3,   -8,   -6,   -8,   -3,   -2,   -6,    0,   -6,   -6,   -8,   -3,   -4,    0,    0,    0,    0,    0,    0,    0,    0,    0,   -6,   -6,   -6,   -6,   -8,   -3,    0,
       0,    0,    0,    0,    0,    0,    0,    0,    0,    0,    0,    0,    0,    0,    0,    0,    0,    0,    0,    0,    0,    0,    0,    0,    0,    0,    0,    0,    0,    0,    0,    0,    0,    0,    0,    0,    0,    0,    0,   -7,    0,    0,    0,    0,   -6,  -13,   -8,    0,    0,    0,    0,    0,    0,    0,    0,    0,    0,    0,    0,    0,    0,    0,    0,
       0,  -11,    0,    0,    0,    0,    0,   -3,   13,    0,    0,    0,    0,    0,    0,    0,    0,    0,    0,    0,   -3,    0,    0,    0,    0,    0,    0,    0,    0,    0,    0,   12,    0,   -3,    6,    0,    0,    0,    6,    3,    0,    0,    0,    0,   -8,   -5,   -7,    0,    0,    6,    0,    0,    0,    0,    0,    0,    0,    0,   17,   19,    0,    6,    0,
       0,  -11,    0,    0,    0,    0,    0,   -3,   13,    0,    0,    0,    0,    0,    0,    0,    0,    0,    0,    0,   -3,    0,    0,    0,    0,    0,    0,    0,    0,    0,    0,   12,    0,   -3,   11,    0,    0,    0,   11,    3,    0,    0,    0,    0,   -8,   -5,   -7,    0,    0,    6,    0,    0,    0,    0,    0,    0,    6,    0,    6,   20,    0,   11,    0,
       0,  -11,    0,    0,    0,    0,    0,   -3,   13,    0,    0,    0,    0,    0,    0,    0,    0,    0,    0,    0,   -3,    0,    0,    0,    0,    0,    0,    0,    0,    0,    0,   12,    0,   -3,    9,    0,    0,    0,    9,    3,    0,    0,    0,    0,   -8,   -5,   -7,    0,    0,    6,    0,    0,    0,    0,    0,    0,    0,   11,   18,   19,    0,    9,    0,
       0,  -11,    0,    0,    0,    0,    0,   -3,   13,    0,    0,    0,    0,    0,    0,    0,    0,    0,    0,    0,   -3,    0,    0,    0,    0,    0,    0,    0,    0,    0,    0,   12,    0,   -3,   13,    0,   22,    0,   13,    3,   22,    0,    0,    0,   -8,   -5,   -7,    0,    0,    6,    0,    0,    0,    0,    0,    0,    5,    1,   22,   28,    0,   13,    0,
       0,    0,    0,    0,    0,    0,    0,    0,    0,    0,    0,    0,    0,    0,    0,    0,    0,    0,    0,    0,    0,    0,    0,    0,    0,    0,    0,    0,    0,    0,    0,    0,    0,    0,    0,    0,    0,    0,    0,   -1,    0,    0,    0,    0,  -11,   -4,   -8,    0,    0,    0,    0,    0,    0,    0,    0,    0,    0,    0,    0,    0,    0,    0,    0,
};

static const EpdLigaturePair bitter_14_boldLigaturePairs[] = {
    { 0x00660069, 0xFB01 }, // f i -> U+FB01
    { 0x0066006C, 0xFB02 }, // f l -> U+FB02
};

static constexpr EpdFontData bitter_14_bold = {
    bitter_14_boldBitmaps,
    bitter_14_boldGlyphs,
    bitter_14_boldIntervals,
    32,
    35,
    28,
    -8,
    true,
    bitter_14_boldGroups,
    8,
    nullptr,
    bitter_14_boldKernLeftClasses,
    bitter_14_boldKernRightClasses,
    bitter_14_boldKernMatrix,
    190,
    190,
    72,
    63,
    bitter_14_boldLigaturePairs,
    2,
};
