/**
 * generated by fontconvert.py
 * name: bitter_14_bolditalic
 * size: 14
 * mode: 2-bit  compressed: true
 * Command used: fontconvert.py bitter_14_bolditalic 14 ../builtinFonts/source/Bitter/Bitter-BoldItalic.ttf ../builtinFonts/source/NotoEmoji/NotoEmoji-Regular.ttf ../builtinFonts/source/NotoSymbols/NotoSansSymbols-Regular.ttf --exact-intervals --additional-intervals 0x0020,0x007E --additional-intervals 0x00A0,0x00FF --additional-intervals 0x2000,0x206F --additional-intervals 0x20A0,0x20CF --additional-intervals 0x2190,0x21FF --additional-intervals 0xFB00,0xFB06 --additional-intervals 0xFFFD,0xFFFD --additional-intervals 0x2669,0x266F --additional-intervals 0x2764,0x2764 --additional-intervals 0x1F600,0x1F600 --additional-intervals 0x1F44D,0x1F44D --font-include-intervals 1:0x2764,0x2764 --font-include-intervals 1:0x1F600,0x1F600 --font-include-intervals 1:0x1F44D,0x1F44D --font-include-intervals 2:0x2669,0x266F --2bit --compress --pnum --darken-aa
 */
#pragma once
#include "EpdFontData.h"

static const uint8_t bitter_14_bolditalicBitmaps[10899] = {
    0xA5, 0x5A, 0xBF, 0x8F, 0xE6, 0x46, 0x19, 0x1E, 0xDB, 0x77, 0x6B, 0x58, 0x17, 0x93, 0x22, 0x11,
    0xD2, 0x45, 0xC2, 0x94, 0x61, 0x41, 0xF8, 0x1F, 0x00, 0xC6, 0x09, 0x12, 0x29, 0x28, 0xD8, 0x22,
    0xDB, 0xD0, 0x5C, 0x93, 0x22, 0x5C, 0x73, 0xFC, 0x03, 0x60, 0xA3, 0x14, 0x94, 0xD9, 0x82, 0x50,
    0x40, 0xC1, 0x15, 0x29, 0x72, 0xDF, 0x09, 0x96, 0x82, 0x82, 0xE2, 0xEE, 0xC6, 0x88, 0x82, 0x32,
    0x8E, 0x22, 0xA0, 0x48, 0x11, 0x0B, 0x45, 0x24, 0x82, 0x82, 0x01, 0x0C, 0x78, 0xF7, 0x6C, 0x0F,
    0xCF, 0xF3, 0xCE, 0xF8, 0xDB, 0xDD, 0x04, 0x01, 0x12, 0xDF, 0x7E, 0xF3, 0x7E, 0xBB, 0xF7, 0xD9,
    0x33, 0xEF, 0xCF, 0xE7, 0xFD, 0xE1, 0x4B, 0xEE, 0x67, 0x6B, 0xB6, 0x64, 0x33, 0x7F, 0xF2, 0x29,
    0x1F, 0x0B, 0x57, 0x38, 0x3D, 0xE0, 0xA7, 0xD3, 0x9D, 0xC2, 0xEB, 0xA6, 0x32, 0xAD, 0xED, 0x7C,
    0xD7, 0xD4, 0x37, 0xD4, 0xD1, 0x57, 0xEF, 0x99, 0xAF, 0x3B, 0xA3, 0x87, 0x46, 0xF7, 0x8D, 0xEE,
    0x1E, 0xEB, 0xEE, 0x91, 0x6E, 0x1F, 0x96, 0xF5, 0xCB, 0x87, 0x4A, 0x25, 0x6F, 0x1C, 0x9C, 0xAA,
    0x6C, 0xD4, 0x83, 0xCA, 0x1D, 0xEE, 0x2C, 0x5C, 0xD5, 0x29, 0x3D, 0x98, 0x36, 0x3D, 0xBB, 0xB0,
    0x1F, 0x66, 0xDE, 0xFB, 0x39, 0x07, 0x99, 0x94, 0xA9, 0x57, 0xA5, 0x1A, 0x35, 0x2B, 0x65, 0x53,
    0x90, 0x35, 0x9B, 0x94, 0x9A, 0xB3, 0x51, 0x35, 0xF8, 0xB6, 0xB6, 0x7B, 0x92, 0xBB, 0xF2, 0xCA,
    0x26, 0x4A, 0x77, 0x46, 0xA9, 0xAA, 0xB3, 0x81, 0x23, 0xBC, 0x84, 0xB9, 0xB2, 0x05, 0xA9, 0x48,
    0x9A, 0x53, 0xA5, 0x0A, 0xEF, 0x5B, 0x65, 0xBC, 0xEF, 0x94, 0xBF, 0xF0, 0x5D, 0xEA, 0xF1, 0x4D,
    0xB6, 0xA8, 0xB2, 0xCE, 0x66, 0x55, 0xAA, 0xCC, 0xE3, 0xAA, 0xCC, 0x8F, 0x60, 0x94, 0x57, 0x28,
    0x0B, 0x56, 0x54, 0xE9, 0x67, 0xDE, 0xBB, 0xCA, 0x57, 0xB8, 0x92, 0xF7, 0xD4, 0xE9, 0x0A, 0x82,
    0x1B, 0xCD, 0xFB, 0x77, 0x67, 0x6E, 0xE7, 0xC2, 0x9E, 0x07, 0xBC, 0x21, 0x1C, 0x1B, 0x48, 0x1B,
    0x19, 0x48, 0x7C, 0x0D, 0xA1, 0x0A, 0x3F, 0x28, 0xDC, 0xF8, 0x27, 0x87, 0xD3, 0x4C, 0x0A, 0x2D,
    0xAA, 0xC7, 0xE9, 0x04, 0x11, 0x96, 0x74, 0x34, 0xB5, 0x5A, 0x32, 0x87, 0x43, 0x1E, 0xE5, 0x7F,
    0xC5, 0x79, 0xCD, 0xD9, 0xAF, 0x9D, 0xC2, 0x9E, 0x5F, 0xEF, 0xC1, 0xF2, 0x64, 0xBE, 0x0B, 0xCE,
    0x95, 0xAF, 0xF0, 0x75, 0x3A, 0x5B, 0x6C, 0x95, 0xFF, 0x65, 0xC6, 0x6D, 0xFA, 0x9D, 0x11, 0xA7,
    0x98, 0x57, 0xA9, 0x4A, 0x9B, 0x81, 0xA6, 0x73, 0xE6, 0xAA, 0x36, 0x1F, 0x33, 0xD7, 0x40, 0x23,
    0xA9, 0x07, 0x7F, 0xAD, 0x82, 0x38, 0x9F, 0x0D, 0xFA, 0x48, 0xFD, 0x87, 0xDC, 0x13, 0xF7, 0x43,
    0x79, 0x10, 0xE6, 0x75, 0xAB, 0xF2, 0x05, 0x6A, 0x2E, 0x66, 0xF5, 0x65, 0x12, 0xA5, 0xF2, 0x59,
    0xA4, 0x7C, 0xFD, 0xE4, 0x18, 0xB2, 0xE3, 0x46, 0x10, 0x57, 0x50, 0xD3, 0xD5, 0x98, 0x78, 0x65,
    0x7A, 0x90, 0xA6, 0x83, 0xEC, 0xB6, 0x83, 0xEC, 0xB6, 0xC3, 0xE5, 0xD6, 0x95, 0x53, 0x50, 0x40,
    0x45, 0xCD, 0xE6, 0x38, 0x53, 0xA9, 0x67, 0x6A, 0xA5, 0x8E, 0x6A, 0x53, 0x1B, 0x6C, 0xDE, 0xA8,
    0xC7, 0xEA, 0x91, 0x7A, 0xA8, 0x5E, 0x56, 0xF2, 0x1A, 0x20, 0x01, 0x24, 0x52, 0x1A, 0x1A, 0x03,
    0xD7, 0x60, 0x4F, 0x61, 0x3F, 0xE8, 0x23, 0x97, 0x7F, 0xC3, 0xBB, 0x1C, 0x54, 0xD5, 0xF3, 0xCB,
    0x6B, 0xEF, 0xF6, 0xF2, 0x77, 0x98, 0xBB, 0xEC, 0x21, 0x1F, 0x2F, 0xCE, 0x47, 0x45, 0xDF, 0x80,
    0x96, 0x52, 0xB5, 0x7D, 0xE1, 0xE0, 0x12, 0xF1, 0x0B, 0xEC, 0x8B, 0x77, 0x7A, 0xE5, 0x9D, 0x5D,
    0x79, 0x17, 0xDB, 0x91, 0xD5, 0xC0, 0x7D, 0x9B, 0x6E, 0xCF, 0x8C, 0x1E, 0xE3, 0xBF, 0x15, 0x6A,
    0x7B, 0x7D, 0x49, 0xA9, 0x2F, 0xAA, 0xE7, 0xBE, 0xF8, 0x33, 0xE3, 0x5D, 0xF3, 0xD6, 0x40, 0x21,
    0x56, 0x55, 0xDE, 0xAE, 0x2B, 0x5D, 0xDF, 0xB8, 0x01, 0xFB, 0x1E, 0x43, 0x79, 0xB0, 0x58, 0xC1,
    0x35, 0xC0, 0xF0, 0xBD, 0x78, 0x00, 0x15, 0x63, 0xE3, 0x7A, 0xA6, 0x79, 0xFD, 0x18, 0x3E, 0x00,
    0x0B, 0xA8, 0xCB, 0xD5, 0x60, 0x1D, 0x23, 0xA6, 0xE6, 0x02, 0x2B, 0x1B, 0xF3, 0x81, 0x3E, 0xFC,
    0xF9, 0x70, 0xA2, 0xF1, 0x43, 0xE3, 0x07, 0xEB, 0xFB, 0x10, 0x60, 0x9D, 0xC5, 0x8F, 0x69, 0x6F,
    0xD0, 0x90, 0xF7, 0x60, 0x25, 0x9E, 0x14, 0x4E, 0x11, 0x0F, 0xE3, 0x6E, 0xDF, 0xC1, 0xA2, 0xFE,
    0x61, 0xC5, 0x74, 0x8C, 0x97, 0x0C, 0xD7, 0x2F, 0xE1, 0x7A, 0x14, 0x2F, 0x99, 0xC2, 0x25, 0x79,
    0xBC, 0x84, 0xAB, 0x8A, 0xFC, 0x3D, 0xC6, 0x7A, 0x45, 0xB8, 0x78, 0x89, 0xD1, 0x03, 0xBF, 0x4D,
    0x18, 0x97, 0x88, 0xCE, 0x45, 0xE9, 0x05, 0x71, 0x50, 0x39, 0x28, 0xCB, 0x0C, 0xCA, 0xD7, 0x54,
    0x5B, 0x6D, 0x49, 0x3C, 0xAD, 0x19, 0x09, 0xA2, 0xC4, 0xB6, 0xE2, 0x24, 0x70, 0x2C, 0x33, 0x54,
    0x23, 0x75, 0x01, 0x93, 0xD1, 0x49, 0x52, 0x89, 0x28, 0x3A, 0x09, 0xAD, 0x5E, 0xCD, 0x89, 0x9F,
    0xB4, 0x1F, 0x2B, 0xEF, 0xF4, 0x6B, 0xEE, 0x13, 0xA5, 0xE3, 0xDE, 0xD4, 0x7E, 0x2F, 0x6F, 0xB1,
    0x4B, 0xD3, 0x3D, 0xEB, 0xDF, 0x6F, 0xFC, 0x62, 0x71, 0x67, 0xF2, 0x32, 0x36, 0xF0, 0x03, 0x58,
    0x99, 0xE0, 0x9A, 0x4B, 0x31, 0x14, 0x6B, 0xD1, 0x67, 0xAB, 0xEE, 0xB2, 0x35, 0x38, 0xB0, 0x86,
    0x5C, 0x8D, 0xC3, 0x45, 0x70, 0x07, 0x04, 0xB4, 0x1D, 0x11, 0xF4, 0x70, 0x9F, 0xF5, 0xE4, 0x25,
    0xC0, 0x07, 0xC2, 0xC7, 0x4F, 0xE2, 0xDB, 0xEA, 0x1B, 0x60, 0xE0, 0x2E, 0xFD, 0xD5, 0xC7, 0x90,
    0xE8, 0xA0, 0x15, 0x90, 0x89, 0x27, 0x8E, 0x24, 0x8A, 0xD2, 0x60, 0x23, 0xC2, 0x06, 0x37, 0xA6,
    0x29, 0x34, 0x6F, 0x3D, 0x3C, 0xA3, 0x9A, 0x79, 0x20, 0xF4, 0xA2, 0xC2, 0x25, 0xFC, 0xF3, 0x13,
    0x50, 0x8E, 0x2A, 0xFF, 0xE8, 0xE7, 0x2B, 0x21, 0x91, 0xD8, 0xF7, 0x45, 0x91, 0xDF, 0x97, 0xD0,
    0xAA, 0xB9, 0x83, 0xA8, 0x54, 0x11, 0x5F, 0x78, 0x3F, 0x76, 0xC9, 0x9E, 0x80, 0xE8, 0xBF, 0x61,
    0x53, 0xF3, 0x2B, 0x82, 0x1E, 0x5C, 0x30, 0x59, 0x20, 0x4B, 0x36, 0x41, 0x7B, 0xDA, 0x41, 0x22,
    0xF3, 0x9B, 0xDB, 0xE7, 0xB5, 0x21, 0x93, 0x97, 0x44, 0x51, 0x53, 0x8A, 0xBA, 0x52, 0x54, 0x55,
    0x24, 0x47, 0x2D, 0x37, 0x86, 0x0D, 0xB0, 0x31, 0xCD, 0xE5, 0x4F, 0x5E, 0x22, 0x8F, 0xE9, 0x1A,
    0x18, 0x86, 0x4D, 0xC0, 0x06, 0xB0, 0x13, 0x3A, 0x2C, 0xC8, 0xA4, 0x6A, 0xA6, 0xA0, 0x33, 0x1D,
    0x75, 0x57, 0x8E, 0x4F, 0x41, 0x7F, 0xE6, 0x81, 0xEF, 0xB1, 0x4D, 0x6B, 0xB1, 0xC5, 0x81, 0xF8,
    0x20, 0xE0, 0x07, 0x37, 0x42, 0xA7, 0x88, 0xFF, 0xF5, 0x7E, 0x82, 0x7F, 0x23, 0x5E, 0xCA, 0x5D,
    0x50, 0x49, 0xF5, 0x97, 0xC7, 0xE4, 0x6F, 0xC0, 0x9A, 0x9A, 0xF5, 0xEE, 0x0C, 0x74, 0x58, 0x00,
    0x13, 0x2B, 0xA1, 0xA2, 0xC1, 0x32, 0xBD, 0x9E, 0x8D, 0x33, 0x53, 0x19, 0x20, 0xA5, 0x4B, 0xA8,
    0xF9, 0x9B, 0x75, 0xF4, 0x74, 0xBF, 0x62, 0x2D, 0x58, 0x73, 0x73, 0x72, 0x7B, 0x7E, 0xA4, 0x4A,
    0x47, 0xAF, 0x79, 0x0A, 0xEE, 0x23, 0x36, 0xA0, 0x7E, 0x01, 0x55, 0x72, 0x58, 0x89, 0xC3, 0xE0,
    0x78, 0xDB, 0x57, 0xD9, 0x95, 0xAF, 0xAA, 0xF8, 0xD5, 0x1D, 0xC2, 0x6E, 0x62, 0x07, 0x25, 0xCC,
    0x52, 0x1B, 0xB0, 0xEF, 0xDB, 0x9E, 0x1E, 0x02, 0x56, 0xB0, 0x33, 0x49, 0xD3, 0xE2, 0x4F, 0x04,
    0xBC, 0x7F, 0x57, 0x5C, 0x60, 0x90, 0x80, 0xA3, 0x6B, 0x21, 0xB4, 0xE7, 0x12, 0xC1, 0xED, 0xB0,
    0xB5, 0xE9, 0x92, 0x3D, 0xC1, 0xE5, 0x66, 0x80, 0x3D, 0x2A, 0x7A, 0x0F, 0x1C, 0xB9, 0xC7, 0xC5,
    0xF4, 0x00, 0x11, 0x22, 0x79, 0x59, 0x8C, 0x4A, 0x9E, 0xF0, 0x6D, 0xC6, 0x5D, 0xF4, 0x92, 0x63,
    0x97, 0x91, 0xF9, 0xC2, 0x25, 0x21, 0x58, 0x22, 0x71, 0xFC, 0xB7, 0xF5, 0xAE, 0xE7, 0x2E, 0x04,
    0x62, 0x6E, 0x73, 0xE7, 0x7B, 0x74, 0x29, 0x4A, 0x21, 0x62, 0xD0, 0x83, 0xC5, 0x85, 0x8F, 0xE8,
    0x24, 0x86, 0xEE, 0x47, 0xF6, 0x54, 0x75, 0x4E, 0x85, 0xD5, 0xF9, 0xA8, 0x67, 0x3D, 0x17, 0x2E,
    0xA9, 0x37, 0x7C, 0xBA, 0x86, 0x10, 0x78, 0x37, 0x35, 0x7D, 0x19, 0x6F, 0xA4, 0xC3, 0xA7, 0xD5,
    0xB5, 0xD7, 0xB1, 0xE0, 0x2D, 0xC5, 0x24, 0x45, 0x5A, 0x05, 0x02, 0x10, 0xAC, 0xD4, 0x86, 0x3C,
    0x2A, 0xE9, 0xC5, 0xAD, 0x72, 0xB8, 0x07, 0xF0, 0xA7, 0x40, 0xE4, 0x37, 0x50, 0x61, 0x43, 0xAD,
    0x4F, 0x64, 0x84, 0x16, 0x59, 0x82, 0xBC, 0xCC, 0x6C, 0x48, 0x9D, 0x92, 0x6E, 0x21, 0x35, 0x17,
    0x4C, 0x3C, 0xDD, 0x3C, 0x41, 0x0E, 0x51, 0x1B, 0x90, 0x79, 0xC7, 0xD5, 0x10, 0x05, 0x4F, 0x4E,
    0xEA, 0xAC, 0x95, 0xC0, 0x97, 0x78, 0x12, 0x15, 0x96, 0x3E, 0xEE, 0x0C, 0xC9, 0x53, 0x9C, 0xD9,
    0x84, 0x33, 0x0D, 0x93, 0x26, 0x74, 0xF1, 0xE9, 0xB8, 0x4F, 0x8A, 0x48, 0xA2, 0x41, 0x71, 0x86,
    0xD2, 0x3F, 0xE0, 0xB9, 0xB2, 0x82, 0x5F, 0x53, 0x73, 0x0D, 0xED, 0x57, 0x07, 0x10, 0x80, 0xFA,
    0x74, 0x04, 0xB6, 0xED, 0x95, 0x50, 0xB7, 0x90, 0xCC, 0xB8, 0xE0, 0x26, 0xC0, 0x96, 0x50, 0x27,
    0x04, 0x94, 0xC3, 0xB1, 0x38, 0x8C, 0x05, 0x08, 0x7D, 0x7D, 0x47, 0xED, 0xF5, 0x30, 0x1D, 0x03,
    0x07, 0x35, 0xCF, 0x54, 0xAC, 0xEF, 0xCC, 0x1A, 0x32, 0xBC, 0x8D, 0xD4, 0xBB, 0xDE, 0xEE, 0x66,
    0xF3, 0xEA, 0xA4, 0xBB, 0xC5, 0x7C, 0x05, 0x35, 0xC8, 0xD2, 0x14, 0x43, 0xD5, 0xCE, 0x16, 0x55,
    0xC8, 0xF3, 0xA0, 0xBD, 0x79, 0x81, 0xBF, 0xFB, 0x6C, 0xB4, 0xC5, 0x13, 0xFF, 0x63, 0xD7, 0x64,
    0xFE, 0x35, 0x84, 0xEC, 0xF3, 0xF4, 0x07, 0x23, 0xFC, 0x94, 0x8C, 0x5B, 0x64, 0x90, 0x07, 0x62,
    0x64, 0x06, 0x21, 0x0E, 0x67, 0x18, 0x27, 0x51, 0x69, 0xBB, 0x5A, 0x50, 0xA5, 0x15, 0xCC, 0xE0,
    0x2D, 0x85, 0x50, 0x2D, 0xB4, 0xFA, 0xB3, 0x04, 0xFB, 0x5D, 0xDE, 0x60, 0x4B, 0xD2, 0x85, 0xE2,
    0xA6, 0x33, 0x69, 0x36, 0x89, 0xE8, 0x8E, 0x31, 0xA9, 0x2F, 0xCE, 0xC4, 0x5C, 0xF4, 0x9E, 0x46,
    0xA8, 0xDF, 0x3D, 0x00, 0xB4, 0xAC, 0x44, 0x01, 0xE6, 0xC0, 0x95, 0x59, 0xEC, 0x59, 0x8F, 0xC0,
    0x6D, 0x0D, 0x41, 0x05, 0xBF, 0x74, 0xEA, 0xCE, 0xEE, 0xBE, 0x60, 0x62, 0x4F, 0x02, 0x10, 0xBB,
    0x80, 0x65, 0x2A, 0x07, 0xFD, 0x56, 0xF4, 0x7E, 0xD3, 0x23, 0x6D, 0x22, 0x98, 0x99, 0xBF, 0xA1,
    0xEF, 0x86, 0x10, 0x47, 0x8C, 0x60, 0x94, 0x41, 0x63, 0x6D, 0xC3, 0x9C, 0x20, 0xD9, 0xA1, 0xA4,
    0xD7, 0x07, 0xD7, 0x87, 0x12, 0x13, 0xDA, 0xD4, 0xF3, 0x1C, 0x96, 0x25, 0x12, 0x6F, 0x62, 0x72,
    0xCD, 0xDB, 0x1A, 0x01, 0x84, 0x0B, 0x60, 0x05, 0x6E, 0x63, 0xC6, 0xD0, 0x2D, 0x90, 0x48, 0xD7,
    0x82, 0x6F, 0x66, 0x8F, 0x6F, 0x02, 0xC9, 0xF6, 0x3A, 0x91, 0x7F, 0x0B, 0xE8, 0xE7, 0xD4, 0xB7,
    0x54, 0xB5, 0xB0, 0x90, 0xA0, 0xAC, 0x99, 0xE8, 0x95, 0xD5, 0x92, 0xBA, 0x49, 0xAD, 0x8A, 0x58,
    0x14, 0x69, 0x10, 0x4A, 0xB8, 0xB8, 0xB0, 0x2B, 0x31, 0x94, 0x10, 0x02, 0x6F, 0x67, 0x92, 0xE8,
    0x23, 0xB5, 0x52, 0x69, 0xD8, 0x50, 0x14, 0xC8, 0x2F, 0x14, 0xB3, 0x95, 0xEC, 0xD6, 0xD2, 0xE5,
    0x7D, 0xCD, 0xBB, 0x3C, 0x55, 0x08, 0x01, 0xA1, 0x1C, 0xCA, 0x4A, 0xEF, 0x4D, 0xB0, 0xBF, 0x08,
    0xAA, 0x44, 0x52, 0xD2, 0x53, 0x39, 0x7D, 0xF7, 0x06, 0x8F, 0x1D, 0x03, 0xA9, 0x2E, 0x1E, 0x30,
    0xCF, 0x65, 0xCC, 0x74, 0xE9, 0x70, 0x05, 0xBD, 0xC5, 0x3F, 0x1A, 0x72, 0x67, 0x03, 0x99, 0x42,
    0x12, 0x12, 0x57, 0xA7, 0xAF, 0xF3, 0xA0, 0xC3, 0x3A, 0x89, 0x95, 0xA8, 0x91, 0xB3, 0x78, 0x48,
    0x24, 0x3C, 0xE8, 0xDE, 0xFE, 0x20, 0x77, 0xED, 0xA0, 0xEC, 0xDF, 0x1C, 0x34, 0xC5, 0x33, 0xC2,
    0x41, 0xA8, 0x50, 0xAE, 0x1D, 0xB4, 0xA5, 0xB7, 0x55, 0x3C, 0xF0, 0x94, 0xD2, 0xB8, 0x48, 0x70,
    0xCB, 0xB9, 0x58, 0x4F, 0x7C, 0x00, 0x56, 0xBE, 0x38, 0x83, 0x22, 0x5B, 0xD4, 0xF5, 0x0B, 0xF0,
    0x04, 0xD6, 0xCB, 0xFB, 0x8F, 0x59, 0x2F, 0x39, 0x79, 0x85, 0x26, 0x9E, 0x23, 0x51, 0xC4, 0x2B,
    0xE0, 0x70, 0x03, 0x7D, 0xD7, 0xB0, 0x1E, 0xFC, 0x66, 0x4E, 0x23, 0x28, 0xE6, 0x3E, 0x20, 0xF7,
    0xB0, 0xB7, 0x5E, 0xBD, 0xDB, 0xD1, 0x70, 0x35, 0x85, 0xF4, 0x50, 0xB3, 0x97, 0xF4, 0xC7, 0x58,
    0xE6, 0xC7, 0xA0, 0x62, 0xCD, 0x10, 0x8B, 0x86, 0xFD, 0x87, 0x98, 0x50, 0x1A, 0x07, 0x29, 0xE8,
    0x69, 0x18, 0xF9, 0xA8, 0x55, 0x28, 0x55, 0x44, 0x60, 0xF9, 0x10, 0x59, 0x13, 0x2F, 0xC9, 0x26,
    0x91, 0x4A, 0x50, 0xAA, 0xC1, 0x85, 0xA2, 0xB7, 0xCF, 0x8A, 0x41, 0x07, 0xC6, 0x87, 0xF1, 0x7D,
    0xC3, 0xCD, 0xC0, 0x92, 0x0A, 0x95, 0x43, 0x48, 0xC4, 0xB2, 0x06, 0xB5, 0x31, 0x21, 0xC7, 0xF3,
    0x6C, 0xBA, 0x29, 0x5C, 0x47, 0xCC, 0x18, 0x01, 0x2B, 0x9E, 0x24, 0x67, 0x14, 0x61, 0x67, 0x6E,
    0x8B, 0xC2, 0x02, 0xC6, 0x2B, 0xA1, 0x5E, 0xAE, 0xCC, 0x5F, 0xC9, 0xD8, 0x73, 0x58, 0x84, 0x36,
    0x56, 0xEA, 0xC5, 0x14, 0xB2, 0x6E, 0x88, 0xF5, 0x00, 0x28, 0xFB, 0xF3, 0x87, 0xEB, 0xE7, 0x63,
    0xFF, 0x4F, 0xB1, 0x0E, 0x62, 0x9A, 0x9B, 0x02, 0x2B, 0xE0, 0xFD, 0x40, 0xDC, 0x44, 0xE3, 0x1C,
    0xD2, 0x21, 0x02, 0x5D, 0xE5, 0x78, 0x42, 0x35, 0x68, 0x81, 0xC8, 0x20, 0x09, 0x6F, 0x30, 0xBF,
    0xF4, 0x9B, 0x5F, 0x06, 0x57, 0x09, 0xEE, 0xA9, 0xFC, 0xAB, 0xCC, 0x5A, 0xFE, 0x85, 0xA0, 0x40,
    0x48, 0x07, 0xA9, 0x24, 0x29, 0x28, 0x18, 0x15, 0x1B, 0xC2, 0x3C, 0x90, 0xAF, 0x64, 0xC4, 0xF7,
    0x9A, 0x2E, 0xDA, 0xE5, 0xFE, 0xFF, 0xD1, 0xDC, 0x4D, 0xA2, 0x09, 0x17, 0x8C, 0xF4, 0xB8, 0x88,
    0x25, 0x83, 0x00, 0xDC, 0x9D, 0x37, 0x81, 0x9A, 0x08, 0xB1, 0x05, 0xF6, 0x9B, 0x94, 0x5F, 0xA5,
    0x8F, 0xAB, 0xE8, 0x4D, 0x35, 0x3F, 0x58, 0x09, 0x56, 0xC4, 0x37, 0xBA, 0x6F, 0xC7, 0xB8, 0x37,
    0xB6, 0x5B, 0xF9, 0xD1, 0xBC, 0x73, 0x01, 0x19, 0x9A, 0xEA, 0x83, 0xBF, 0x31, 0xDE, 0x4A, 0xFF,
    0x0E, 0x3F, 0xB4, 0x7F, 0x95, 0x68, 0x59, 0x78, 0x76, 0x17, 0x6B, 0x4E, 0x50, 0x41, 0x7F, 0x36,
    0x17, 0xA3, 0x4A, 0xE6, 0xD4, 0x41, 0x3B, 0x49, 0xC8, 0x31, 0x69, 0xF8, 0x28, 0x56, 0x29, 0xA3,
    0x0C, 0xB1, 0x61, 0xE5, 0x87, 0xA4, 0x35, 0xB0, 0x74, 0x67, 0x47, 0x8E, 0x2C, 0xAB, 0x31, 0xF2,
    0x44, 0x7E, 0xA0, 0x6A, 0xDF, 0xA2, 0x3F, 0x40, 0xF2, 0x2C, 0xE9, 0x4C, 0x1D, 0xDA, 0x16, 0x63,
    0x07, 0xD2, 0xDB, 0x8E, 0xEE, 0xAA, 0x1D, 0xBA, 0x1D, 0x8B, 0xAE, 0xAF, 0x56, 0x36, 0x9F, 0x91,
    0x95, 0x3D, 0x2A, 0x28, 0x70, 0x91, 0xAE, 0x96, 0xE5, 0x3D, 0x76, 0x4A, 0x16, 0x6E, 0x06, 0x16,
    0x60, 0x53, 0x70, 0x60, 0x16, 0x32, 0x60, 0x58, 0x74, 0xB6, 0xA5, 0x50, 0x29, 0x23, 0x22, 0xBA,
    0xB6, 0x74, 0xFE, 0x81, 0xE8, 0x8A, 0xF8, 0xAC, 0xCB, 0xA9, 0xC0, 0xD5, 0x33, 0xE3, 0x73, 0x86,
    0xDA, 0x33, 0xD4, 0x64, 0x8A, 0xC5, 0x19, 0xFE, 0x84, 0xC6, 0x73, 0x46, 0x65, 0x41, 0xA2, 0x85,
    0x4C, 0x20, 0x95, 0xC3, 0x17, 0xF0, 0x05, 0x00, 0x64, 0x57, 0x4D, 0xB9, 0xAF, 0x35, 0x43, 0x33,
    0x97, 0x12, 0x5A, 0xA2, 0x29, 0xC6, 0xE7, 0x9B, 0x2A, 0xD4, 0xD0, 0x5B, 0xD2, 0x18, 0x99, 0x34,
    0xA6, 0x7D, 0xD2, 0x20, 0x61, 0x1D, 0xDB, 0x69, 0x96, 0xD6, 0x38, 0xD5, 0xFE, 0x16, 0x0E, 0x1F,
    0x4A, 0x33, 0xC9, 0x4C, 0x62, 0xE4, 0xFF, 0x05, 0x76, 0x26, 0x15, 0xE5, 0x12, 0xC1, 0x94, 0x48,
    0xA6, 0x44, 0x34, 0x86, 0x06, 0x93, 0x07, 0x85, 0x53, 0x22, 0x1D, 0x83, 0x81, 0x6D, 0x7A, 0xCF,
    0xDF, 0x45, 0x40, 0x25, 0x12, 0x2A, 0x11, 0x51, 0xE8, 0xA8, 0x44, 0x48, 0x25, 0x52, 0x4A, 0x81,
    0x86, 0x3F, 0x29, 0x27, 0x0F, 0x59, 0x54, 0x94, 0x14, 0x9C, 0x32, 0x6E, 0x0E, 0xBC, 0xA4, 0xE7,
    0x66, 0xF8, 0x24, 0xB3, 0xB8, 0x0F, 0xF3, 0x02, 0x41, 0x4C, 0xBA, 0x14, 0xB8, 0xBD, 0xA7, 0xAE,
    0xE7, 0x4F, 0x42, 0xBD, 0x25, 0x33, 0x2C, 0x1C, 0x87, 0x9C, 0x0C, 0xE5, 0xA2, 0x0A, 0x56, 0xA1,
    0x48, 0x18, 0xCD, 0x6F, 0x21, 0x82, 0xDD, 0x27, 0xD1, 0xA0, 0x8A, 0x17, 0x16, 0x89, 0x26, 0x09,
    0x26, 0x12, 0xCB, 0x76, 0xAA, 0xE9, 0x10, 0x49, 0xB0, 0x03, 0x40, 0x68, 0x02, 0x91, 0x64, 0xF3,
    0x21, 0x9D, 0x9A, 0xF9, 0xC9, 0x73, 0x96, 0xF1, 0xBA, 0x74, 0x5C, 0x86, 0xB3, 0x8C, 0x8A, 0x92,
    0xDE, 0xBA, 0x32, 0xD0, 0x48, 0x23, 0xF0, 0xB9, 0x6D, 0xA0, 0x41, 0x38, 0xA0, 0xDB, 0xDC, 0x22,
    0xC6, 0x54, 0x12, 0xAB, 0xA2, 0xA9, 0x5A, 0xC7, 0xE6, 0x85, 0x39, 0x19, 0xBB, 0xAF, 0xB1, 0x55,
    0x3B, 0xDC, 0x21, 0xB1, 0x54, 0x34, 0x2E, 0xC9, 0x80, 0xF6, 0xE0, 0xAC, 0x37, 0xD9, 0xA2, 0xBB,
    0x2F, 0x23, 0x2C, 0xBA, 0xE7, 0xF2, 0xF9, 0xA0, 0x0E, 0x33, 0x84, 0x42, 0xEC, 0x23, 0x84, 0x7A,
    0x23, 0x92, 0x84, 0x7A, 0xA7, 0xBC, 0x6C, 0x56, 0x86, 0xAB, 0x59, 0x28, 0x25, 0x7F, 0x05, 0xA5,
    0xD7, 0xE4, 0xEC, 0x68, 0xD7, 0x02, 0x1F, 0xA0, 0x6E, 0x99, 0xF2, 0x10, 0xEE, 0xE9, 0x45, 0xA1,
    0x4F, 0xDF, 0xBA, 0xF5, 0x52, 0x10, 0x9F, 0xB8, 0xDF, 0xC7, 0x46, 0x3D, 0xC0, 0x3D, 0x68, 0x73,
    0x35, 0x73, 0xB7, 0x92, 0xB9, 0xEB, 0x30, 0x67, 0x08, 0x6A, 0xE4, 0xEC, 0x82, 0xD1, 0x3A, 0x94,
    0x52, 0x52, 0xF3, 0xEC, 0x92, 0xB6, 0x82, 0x9D, 0xC5, 0x82, 0xD2, 0x96, 0xDE, 0xDA, 0x9D, 0x1E,
    0xEE, 0x5A, 0x6A, 0x99, 0x55, 0x51, 0x0F, 0x5A, 0xAC, 0x5B, 0xC1, 0x34, 0x92, 0x6A, 0x81, 0xE7,
    0x52, 0x5A, 0x20, 0x1C, 0x47, 0xF3, 0x04, 0xEC, 0x23, 0x0E, 0x3E, 0x2F, 0x98, 0xF8, 0x15, 0xC1,
    0xC7, 0xEF, 0x89, 0xEF, 0xBC, 0x46, 0xD1, 0xED, 0x5B, 0x92, 0x05, 0xA5, 0x84, 0x33, 0xE2, 0x33,
    0x46, 0xBC, 0xC9, 0xF0, 0x72, 0xB4, 0xC1, 0x6A, 0x2B, 0xFD, 0xC3, 0xEB, 0xD6, 0xAE, 0x3D, 0x3C,
    0x3D, 0xD8, 0x9D, 0xB2, 0x30, 0x1B, 0x34, 0x53, 0x4F, 0x6B, 0x1C, 0x4A, 0x66, 0x3A, 0xAF, 0x4B,
    0x17, 0x1A, 0xD8, 0x3B, 0x19, 0x64, 0x24, 0xF8, 0xE4, 0xAC, 0x23, 0x43, 0x67, 0xE5, 0xE4, 0x93,
    0x13, 0x36, 0x98, 0xE5, 0xC9, 0x08, 0x84, 0xC9, 0x66, 0xFD, 0xEE, 0x04, 0x1E, 0xB3, 0xA5, 0xFA,
    0x35, 0x31, 0x25, 0x5D, 0xCC, 0x8B, 0x13, 0x90, 0x24, 0x5D, 0x9A, 0x6C, 0x86, 0xC8, 0xC9, 0xBA,
    0x66, 0xCB, 0xCC, 0x4F, 0xDC, 0x48, 0xB3, 0xF9, 0x29, 0x93, 0x48, 0xF3, 0x2E, 0xDD, 0x7F, 0x92,
    0x73, 0xDF, 0x27, 0xC2, 0x3B, 0x4B, 0xB5, 0x56, 0xED, 0xD3, 0xE7, 0xFE, 0xB5, 0xDB, 0x25, 0xBB,
    0x7B, 0xC8, 0xCB, 0x19, 0xAB, 0x81, 0x95, 0x7B, 0x30, 0xA7, 0xD3, 0x17, 0x52, 0xE6, 0x50, 0x82,
    0x27, 0x54, 0xC7, 0x7A, 0x35, 0xF5, 0x8D, 0x6C, 0x20, 0x0A, 0x6F, 0x44, 0x70, 0x73, 0x19, 0xDB,
    0x89, 0xF8, 0x67, 0xCE, 0x96, 0x58, 0x95, 0xBF, 0xF7, 0xE2, 0x25, 0xD2, 0x58, 0x31, 0xA7, 0x30,
    0xA4, 0xE1, 0x02, 0x0B, 0xFD, 0xB7, 0xF1, 0xF0, 0x6A, 0xF8, 0x74, 0x86, 0x8D, 0xA0, 0xAD, 0x3B,
    0xF7, 0xA1, 0x2A, 0x66, 0x84, 0xD6, 0xCF, 0x8C, 0xB6, 0x9E, 0xD7, 0x32, 0x22, 0x18, 0x43, 0x09,
    0x43, 0x8A, 0x60, 0x6E, 0xBF, 0xC6, 0x96, 0xF7, 0xBD, 0x2E, 0xB4, 0x31, 0xA1, 0x0F, 0x17, 0xB8,
    0x0C, 0x2E, 0xEB, 0xAE, 0xB9, 0xAC, 0x54, 0x30, 0x64, 0x2A, 0x93, 0x2E, 0x5D, 0x18, 0x46, 0x81,
    0xF5, 0x66, 0x28, 0x20, 0x85, 0xAC, 0x3B, 0x7C, 0x4F, 0xA6, 0x92, 0x91, 0xC8, 0x11, 0x42, 0xAE,
    0x58, 0xF6, 0x6D, 0xDC, 0x10, 0xA7, 0x08, 0xD9, 0xFE, 0x20, 0x11, 0xD5, 0x72, 0x64, 0x85, 0x2E,
    0xBC, 0x43, 0x4F, 0xA0, 0x3B, 0xF8, 0x62, 0x29, 0x3D, 0x3D, 0xCB, 0x63, 0x2F, 0x7D, 0x7E, 0x1D,
    0x3A, 0x12, 0xC9, 0x1D, 0xE7, 0x0A, 0x07, 0xAF, 0x04, 0xFF, 0xE4, 0xEA, 0x1C, 0x6B, 0x92, 0xDE,
    0x6D, 0xE4, 0xD0, 0xA9, 0x90, 0xC8, 0xE0, 0x4C, 0x6C, 0xA0, 0x57, 0x96, 0x32, 0x25, 0x8B, 0x73,
    0xB3, 0x96, 0x53, 0xA7, 0xE6, 0x8F, 0xB2, 0x93, 0x68, 0xFC, 0x4D, 0x6C, 0xF4, 0x48, 0x3D, 0x56,
    0xDF, 0x41, 0xC8, 0x6F, 0x3F, 0x55, 0x5D, 0xB5, 0x65, 0x5B, 0x76, 0x3A, 0xFE, 0x14, 0x7D, 0xD1,
    0xE7, 0x43, 0x3E, 0x64, 0x2E, 0xFC, 0x24, 0xF7, 0x62, 0x2B, 0xD7, 0x8A, 0xEF, 0x86, 0xF1, 0x45,
    0x2C, 0x14, 0xD7, 0xB8, 0x20, 0x34, 0xD3, 0x62, 0x1A, 0x97, 0xD4, 0x2C, 0xD4, 0x1D, 0xBB, 0xAA,
    0x31, 0xCE, 0xC6, 0xDC, 0x95, 0xD6, 0x2C, 0xCE, 0xC9, 0xCA, 0x4E, 0x46, 0x77, 0xA1, 0x5C, 0x6B,
    0xD5, 0xAD, 0x78, 0x84, 0x04, 0x07, 0x5B, 0x36, 0x99, 0x53, 0x31, 0xCF, 0xAE, 0xC1, 0x5C, 0x0D,
    0x42, 0x6D, 0x35, 0x6D, 0x3A, 0x57, 0x1D, 0xDA, 0xE0, 0x5E, 0xA3, 0x58, 0x31, 0x5D, 0xE1, 0x8E,
    0xEA, 0xF4, 0x1E, 0xBA, 0xCB, 0x63, 0x42, 0x14, 0x17, 0xF1, 0xEA, 0x86, 0xB4, 0xA6, 0x4C, 0xAA,
    0x23, 0x6F, 0x67, 0xE1, 0xFE, 0x05, 0x91, 0x23, 0xF7, 0x3F, 0x64, 0xF0, 0xC3, 0x5B, 0xE1, 0x3D,
    0x2F, 0xAE, 0x7A, 0xCE, 0x16, 0xF4, 0xFB, 0x33, 0x6A, 0xE4, 0x99, 0xC3, 0x01, 0xEC, 0x87, 0x74,
    0xA8, 0xA7, 0xA6, 0x2B, 0xB1, 0xCC, 0x68, 0x06, 0xE9, 0x60, 0xD7, 0xD2, 0xBF, 0x87, 0x9A, 0x00,
    0x85, 0x0C, 0x52, 0xDE, 0xA1, 0x95, 0x59, 0xCE, 0x36, 0xD0, 0xF9, 0x48, 0xDA, 0x4A, 0x65, 0x40,
    0x84, 0x0D, 0x41, 0x42, 0x33, 0xC2, 0x9C, 0xF9, 0x81, 0x07, 0xD0, 0xE1, 0xA2, 0x82, 0x4E, 0x09,
    0x67, 0xF0, 0xC4, 0x48, 0x10, 0x36, 0x49, 0x25, 0x0B, 0x30, 0x30, 0xB1, 0x6C, 0x29, 0xD3, 0xC8,
    0xCC, 0xAC, 0x0F, 0x13, 0x5B, 0x23, 0xA1, 0x79, 0x12, 0x78, 0x67, 0x4A, 0x77, 0xEC, 0x1B, 0xF3,
    0xB5, 0x40, 0xA3, 0x97, 0x39, 0x14, 0x6F, 0xA7, 0x5B, 0xE1, 0xB4, 0x15, 0x4F, 0xDB, 0xEF, 0xC6,
    0x1D, 0x32, 0x49, 0x48, 0xD7, 0xCC, 0xD2, 0x48, 0x3D, 0x23, 0xBD, 0xF4, 0x59, 0xC7, 0x9D, 0x36,
    0x12, 0xAA, 0x42, 0x7B, 0xB5, 0xD1, 0xC8, 0xBD, 0xD4, 0x4A, 0x0C, 0x1E, 0x19, 0x52, 0xBC, 0x08,
    0x47, 0x9D, 0x39, 0x2B, 0x0F, 0x2C, 0x6E, 0x63, 0x14, 0xAA, 0x4A, 0x51, 0x57, 0x8A, 0xCA, 0x62,
    0x6A, 0x07, 0xDB, 0x43, 0x18, 0x88, 0x43, 0x1E, 0x28, 0x4C, 0x89, 0xC6, 0xD4, 0x71, 0xE0, 0xBD,
    0x26, 0xEF, 0x1C, 0x26, 0x82, 0x77, 0x94, 0x21, 0xF9, 0x5C, 0x3A, 0x94, 0x3A, 0x43, 0x45, 0xFD,
    0xF6, 0x06, 0xB7, 0x34, 0x48, 0xF8, 0x7B, 0xFE, 0x87, 0x83, 0xBA, 0x5A, 0x7D, 0xA7, 0x25, 0xBF,
    0x2D, 0x11, 0x9D, 0x15, 0x27, 0x3B, 0x05, 0xB1, 0xA9, 0x92, 0xB1, 0xCD, 0x50, 0x6F, 0xAC, 0xAB,
    0x48, 0x52, 0x7F, 0x5F, 0x85, 0xDC, 0x65, 0x78, 0xD7, 0xA7, 0xD6, 0x97, 0x42, 0x19, 0x2D, 0x7E,
    0x14, 0x48, 0xBE, 0xCF, 0x55, 0xC5, 0xF5, 0x5C, 0xF5, 0x91, 0xE8, 0xAF, 0x86, 0xEB, 0x1D, 0x53,
    0x17, 0x86, 0xF9, 0xC1, 0x3D, 0x05, 0xBB, 0xC8, 0xCD, 0x36, 0x61, 0xB0, 0x7F, 0x68, 0x43, 0x47,
    0x1B, 0x1E, 0x31, 0xBC, 0xED, 0xDB, 0x8C, 0x65, 0x31, 0xB1, 0xBA, 0xC6, 0x39, 0x34, 0xB5, 0x90,
    0x94, 0xF6, 0xCE, 0x68, 0x6F, 0xCE, 0x88, 0xD8, 0x33, 0xE9, 0x09, 0x05, 0x9C, 0x34, 0xAE, 0xB9,
    0xFF, 0x27, 0x42, 0xDC, 0x73, 0x10, 0xF8, 0x74, 0x26, 0x0C, 0x46, 0xB6, 0x3E, 0x4B, 0xD4, 0x30,
    0xA1, 0xB5, 0x84, 0x68, 0xCF, 0xFA, 0xED, 0xE0, 0x83, 0xB3, 0xCD, 0x0B, 0xFF, 0x83, 0x2B, 0x96,
    0xEE, 0xE3, 0xAE, 0x08, 0x36, 0x8A, 0x39, 0xA5, 0x61, 0x49, 0x46, 0xA8, 0x48, 0x33, 0xA5, 0x08,
    0x29, 0xD9, 0x0A, 0x84, 0x92, 0x25, 0xB6, 0xFC, 0x9C, 0x5E, 0xC0, 0xE1, 0x49, 0xE2, 0xC1, 0x0F,
    0x53, 0x84, 0x4F, 0xB6, 0x26, 0x02, 0xE1, 0x77, 0x7E, 0x61, 0x27, 0x3B, 0xE9, 0x51, 0xA3, 0x3E,
    0x2E, 0x5D, 0x35, 0x54, 0xE8, 0x1F, 0x4C, 0x67, 0xBA, 0xA6, 0x6B, 0xDE, 0xB7, 0x93, 0xF8, 0xAF,
    0x44, 0x9F, 0x14, 0x7A, 0xA1, 0x2F, 0x91, 0x39, 0x73, 0x7C, 0x1D, 0xFE, 0x54, 0x46, 0x8C, 0xB2,
    0xFE, 0x97, 0x96, 0x67, 0xDF, 0xF6, 0x7C, 0xBC, 0xE5, 0x49, 0x22, 0x7C, 0xD8, 0x39, 0x00, 0xAD,
    0x6C, 0xFF, 0x9F, 0xC3, 0x55, 0x1E, 0xEF, 0x2C, 0x87, 0x67, 0x2D, 0xD2, 0xA5, 0xEF, 0x48, 0x60,
    0x34, 0x64, 0xAC, 0x62, 0x42, 0xC2, 0x2A, 0x98, 0x3F, 0x19, 0x3F, 0x20, 0xAB, 0x0A, 0xBF, 0x95,
    0x0E, 0x7B, 0x95, 0xAC, 0x8D, 0x21, 0x27, 0x2B, 0x0F, 0xA9, 0x40, 0x2A, 0xA9, 0x70, 0x17, 0x92,
    0x99, 0x66, 0xD1, 0x2C, 0x97, 0x79, 0x4E, 0x68, 0x28, 0xD3, 0xFD, 0xE4, 0x65, 0x1B, 0xC0, 0xF1,
    0x19, 0xC4, 0x18, 0x1F, 0x43, 0xF0, 0xE1, 0xC7, 0x7E, 0xF4, 0x3D, 0x49, 0x41, 0x1F, 0x14, 0xFB,
    0xF3, 0xAA, 0x03, 0x17, 0xF6, 0x1F, 0xDE, 0x41, 0x22, 0xFB, 0xC4, 0x5F, 0x70, 0x0A, 0xEF, 0x7F,
    0xEC, 0x3F, 0x80, 0xD1, 0x16, 0xF4, 0x28, 0xF8, 0x98, 0xF2, 0x45, 0xDC, 0xA9, 0x60, 0x88, 0xB2,
    0xF0, 0x66, 0x11, 0x38, 0xC0, 0xA4, 0x52, 0x6C, 0xD2, 0x94, 0x60, 0x89, 0x45, 0xA8, 0xE9, 0x18,
    0x70, 0xD0, 0x12, 0xBF, 0x0D, 0x1F, 0x2B, 0xA2, 0xC7, 0xB0, 0x3D, 0xBB, 0x66, 0x5B, 0x1E, 0xDB,
    0xDB, 0xBF, 0xFB, 0x09, 0x07, 0x42, 0x1D, 0x3F, 0x9A, 0x35, 0x1A, 0x20, 0xEE, 0x2B, 0x40, 0x89,
    0x1D, 0x01, 0x53, 0x13, 0x5D, 0x83, 0x25, 0x3D, 0x37, 0x6F, 0x64, 0x95, 0x8B, 0x6D, 0x2B, 0x3E,
    0x31, 0x92, 0x54, 0x03, 0x1F, 0xAB, 0x59, 0x75, 0xA6, 0xFB, 0x80, 0x47, 0x19, 0x02, 0xA0, 0x33,
    0x03, 0x56, 0x8F, 0x85, 0x62, 0xCC, 0x70, 0x3A, 0xDC, 0xA1, 0xD3, 0x01, 0x88, 0x10, 0x08, 0x10,
    0xF0, 0x60, 0xC6, 0xD7, 0x01, 0xAC, 0x50, 0x56, 0xED, 0x7A, 0x8B, 0x3F, 0x7E, 0xE7, 0xFB, 0xD4,
    0xFF, 0x59, 0x80, 0xE5, 0x2E, 0x20, 0x66, 0x62, 0x33, 0x11, 0x24, 0xD9, 0x88, 0x6D, 0x89, 0xA6,
    0xB5, 0x84, 0x58, 0x78, 0x3E, 0x81, 0x12, 0x3C, 0x61, 0xB9, 0x22, 0xD0, 0x87, 0xED, 0x32, 0x0E,
    0x63, 0xB2, 0xE5, 0xF8, 0x63, 0x40, 0xD0, 0x88, 0x53, 0x86, 0x11, 0x41, 0xA8, 0xF3, 0x25, 0x3F,
    0xA8, 0xEB, 0xF9, 0x61, 0xF9, 0x2F, 0xF9, 0xC1, 0x01, 0xEE, 0x5C, 0xE1, 0x61, 0xAB, 0xE3, 0xEA,
    0x8A, 0x47, 0x62, 0xE5, 0x7E, 0x92, 0xEA, 0xB6, 0xF0, 0x13, 0xD4, 0xDA, 0xC2, 0x94, 0x2D, 0xD4,
    0x0A, 0xDF, 0xB0, 0xB0, 0xA0, 0x81, 0xF9, 0x6E, 0x5D, 0x6F, 0xE1, 0x3F, 0x82, 0xE5, 0xCD, 0xD6,
    0x08, 0xD7, 0x32, 0x65, 0x3E, 0x4D, 0x88, 0xFD, 0x58, 0x7A, 0x2A, 0x90, 0xFD, 0xF2, 0x5E, 0xC6,
    0xF7, 0xF2, 0xF8, 0x6D, 0x52, 0x32, 0x19, 0x29, 0x43, 0x90, 0x7D, 0x1B, 0x77, 0x3E, 0xE2, 0x98,
    0xE5, 0x01, 0x0B, 0xE9, 0x45, 0xC6, 0xDC, 0x09, 0x67, 0x9D, 0xDF, 0xBC, 0xF4, 0xC3, 0x72, 0x7D,
    0x03, 0xAA, 0x41, 0x21, 0xBC, 0xF7, 0xC3, 0xE0, 0x84, 0xD1, 0x0F, 0xF7, 0x4F, 0xE0, 0x64, 0x44,
    0xC8, 0x43, 0x8E, 0xE1, 0x19, 0xC9, 0x7D, 0x3F, 0xA6, 0xAB, 0x07, 0x62, 0x10, 0x2B, 0xB8, 0x42,
    0xFA, 0xDC, 0xBC, 0x42, 0x47, 0xAF, 0x60, 0xF3, 0x68, 0x5C, 0xF3, 0xB6, 0xA8, 0x07, 0x6D, 0xCB,
    0x5B, 0xAB, 0x5E, 0xCB, 0x95, 0x53, 0xCE, 0x23, 0x77, 0xF0, 0x00, 0x5F, 0x15, 0x5E, 0x08, 0x2C,
    0x07, 0x98, 0x2A, 0x26, 0x79, 0x2A, 0xC7, 0x12, 0x9B, 0xB3, 0x4C, 0x6C, 0xCA, 0x82, 0x8F, 0xF5,
    0xF5, 0xC2, 0xF2, 0x7A, 0x91, 0xEA, 0x5A, 0x8A, 0x6B, 0xA9, 0xAD, 0xA5, 0xB4, 0x96, 0xD9, 0x69,
    0x8C, 0x71, 0x6C, 0x9A, 0xFE, 0x24, 0xE5, 0xB6, 0x19, 0xEA, 0x4F, 0xD9, 0x38, 0xC3, 0xD6, 0xA8,
    0x9A, 0x15, 0x91, 0xAD, 0xF4, 0x00, 0xAA, 0x02, 0x9C, 0x00, 0x55, 0x8B, 0xD1, 0xD8, 0x8C, 0x8F,
    0x09, 0xAD, 0x2D, 0x06, 0x7C, 0x2C, 0x8D, 0x46, 0x89, 0x7C, 0x3E, 0x37, 0xA8, 0x44, 0xB2, 0x27,
    0x93, 0x41, 0xC9, 0x94, 0x3D, 0x71, 0xC6, 0xB2, 0x70, 0x1B, 0x58, 0xA1, 0xA7, 0xD8, 0x6F, 0x0E,
    0x1F, 0x93, 0x94, 0x6E, 0xA1, 0x62, 0x0D, 0x83, 0xE9, 0x87, 0xEA, 0xA8, 0x07, 0x90, 0x37, 0x7D,
    0x1E, 0x1E, 0x80, 0x11, 0xBB, 0xCD, 0x5B, 0x7C, 0x2A, 0x12, 0x1E, 0x19, 0xB5, 0x0C, 0x04, 0xC2,
    0xF3, 0xB2, 0x55, 0xFD, 0x74, 0xB3, 0x64, 0xB5, 0x2C, 0xCF, 0x0D, 0xFB, 0x99, 0xF2, 0x1C, 0x79,
    0x84, 0x21, 0xC8, 0x82, 0x30, 0xFD, 0xA9, 0x3A, 0x7A, 0x88, 0xC4, 0x61, 0x51, 0x91, 0xD7, 0x28,
    0x2F, 0x7D, 0x5B, 0xF5, 0x8C, 0x51, 0x36, 0x35, 0x80, 0x31, 0x94, 0xC3, 0x9C, 0xC8, 0x70, 0x00,
    0xCF, 0x61, 0x45, 0xF9, 0x01, 0x51, 0x91, 0xE9, 0x50, 0x1E, 0x50, 0x15, 0x21, 0xA9, 0xD7, 0xB1,
    0xE4, 0xBC, 0x4C, 0x7B, 0xAC, 0xBF, 0x43, 0x62, 0xB3, 0x32, 0x11, 0xAB, 0x63, 0x13, 0x78, 0x99,
    0xBF, 0x12, 0x94, 0xB6, 0x7C, 0x74, 0x21, 0xEB, 0xEF, 0xB7, 0xC7, 0xBC, 0x37, 0x43, 0x52, 0xC7,
    0xE7, 0x2F, 0xC4, 0x60, 0xDE, 0x4D, 0x65, 0xE3, 0x5E, 0x68, 0x98, 0x28, 0xE3, 0xE2, 0x33, 0x9F,
    0x5E, 0x12, 0x9E, 0x8A, 0xCF, 0xC2, 0x08, 0x22, 0xE6, 0x3C, 0xFA, 0x6F, 0x7D, 0x59, 0x29, 0x5E,
    0xA9, 0x16, 0xD3, 0x08, 0xF1, 0xD5, 0x14, 0x8A, 0x64, 0xF2, 0x74, 0xD7, 0x5D, 0x56, 0x89, 0xC5,
    0x15, 0x98, 0x67, 0xA5, 0x58, 0xF6, 0x61, 0x71, 0x80, 0x5F, 0x9E, 0x87, 0x23, 0x44, 0xC0, 0xA7,
    0xE5, 0x89, 0xE6, 0x82, 0x1A, 0x7C, 0x4E, 0xF0, 0x93, 0x4E, 0xD9, 0x88, 0x1F, 0x94, 0xAC, 0xB9,
    0x2B, 0xF8, 0x5F, 0x14, 0x7A, 0x96, 0xB3, 0x65, 0x57, 0xB5, 0x55, 0xCB, 0x27, 0xD2, 0x7C, 0x26,
    0x6D, 0x91, 0x77, 0x96, 0x28, 0x33, 0xF2, 0x03, 0x7C, 0xE8, 0xEE, 0x24, 0xE5, 0xB4, 0xBC, 0xAF,
    0x55, 0xD4, 0xF2, 0x2E, 0xCE, 0x29, 0x95, 0xC0, 0xEC, 0x56, 0x54, 0xD7, 0x94, 0xCB, 0x8A, 0x44,
    0x9E, 0xF2, 0x40, 0x9C, 0xCF, 0xCD, 0x7C, 0xD6, 0x08, 0x13, 0x3C, 0x25, 0x8F, 0x37, 0x9E, 0x2A,
    0xFD, 0x77, 0x47, 0x8E, 0x46, 0x97, 0xD2, 0xF7, 0x9F, 0x49, 0x02, 0xAC, 0xFE, 0x0B, 0xCD, 0x5A,
    0x3D, 0x90, 0xDD, 0xD4, 0x15, 0x3E, 0x92, 0xF0, 0x6A, 0x66, 0x35, 0x41, 0x14, 0x30, 0x03, 0x86,
    0x41, 0x29, 0x28, 0x9C, 0x9D, 0xC0, 0x6D, 0x5C, 0xA4, 0xC0, 0xBE, 0x4A, 0x28, 0x28, 0x28, 0x70,
    0x81, 0x27, 0x05, 0x85, 0x1B, 0x0A, 0x42, 0x0A, 0xA7, 0x64, 0x32, 0x4E, 0x24, 0x70, 0x41, 0x91,
    0x22, 0x14, 0xA9, 0x92, 0x22, 0x2E, 0x5C, 0xD8, 0xEB, 0x19, 0x9C, 0x22, 0x85, 0x0B, 0xDB, 0x92,
    0xED, 0x22, 0x65, 0x14, 0x28, 0x52, 0xA4, 0x40, 0xCC, 0x30, 0x49, 0x06, 0x0A, 0x5F, 0x40, 0x8C,
    0x15, 0x5B, 0xD2, 0xCD, 0xF7, 0x9D, 0xFB, 0xDE, 0xEE, 0x42, 0x18, 0x93, 0x61, 0x16, 0xE3, 0xB7,
    0x7B, 0xCF, 0x7B, 0xBB, 0x4F, 0xEF, 0xDE, 0x73, 0xCF, 0xFD, 0xCE, 0x77, 0x7E, 0xF4, 0x44, 0xA2,
    0x29, 0x59, 0xF0, 0x33, 0xC9, 0x19, 0xC1, 0x23, 0x3E, 0x93, 0xBA, 0xCC, 0xE5, 0x3D, 0x7E, 0xBA,
    0xA2, 0x33, 0xAD, 0xD5, 0x9F, 0xAA, 0x6D, 0xEA, 0xA6, 0x14, 0x39, 0x87, 0x2B, 0xC6, 0x30, 0xA2,
    0x41, 0x24, 0xF3, 0xB5, 0x34, 0xDE, 0x25, 0xDE, 0xF7, 0xD9, 0x9C, 0xF4, 0xB9, 0x4B, 0x3A, 0xD3,
    0x8B, 0xD8, 0xF6, 0x2B, 0x46, 0x5F, 0x48, 0xE1, 0x7D, 0x9D, 0xF9, 0x45, 0x22, 0xCF, 0x8B, 0x30,
    0xCD, 0x51, 0x8C, 0x5F, 0x63, 0xFC, 0x8C, 0x2B, 0x9F, 0x5C, 0x4A, 0xC1, 0x4C, 0x4E, 0x72, 0x8A,
    0x62, 0x3E, 0xD1, 0x8B, 0x75, 0x59, 0x87, 0x4F, 0x67, 0xAD, 0x4E, 0x21, 0xD5, 0x5A, 0x64, 0xDE,
    0x77, 0xBC, 0xAC, 0x95, 0x4D, 0xFF, 0x51, 0x2D, 0xD2, 0x60, 0x04, 0xE1, 0x4B, 0x0A, 0x31, 0x14,
    0x56, 0xE2, 0x19, 0x02, 0xAB, 0x2E, 0x52, 0x51, 0x34, 0xDE, 0xCF, 0xA2, 0x8F, 0xA4, 0x96, 0x4C,
    0xF2, 0x0F, 0xCE, 0x9A, 0x1A, 0xB3, 0x78, 0x2E, 0x3B, 0x49, 0xB4, 0x64, 0x4E, 0x92, 0x29, 0x19,
    0x24, 0x71, 0xC9, 0x28, 0xA9, 0xC3, 0x2B, 0x08, 0x07, 0x91, 0x43, 0xCC, 0x55, 0x2F, 0xC6, 0xFB,
    0x41, 0x9A, 0x06, 0x17, 0x9F, 0x8A, 0x64, 0x90, 0x87, 0x44, 0x8E, 0xC9, 0xD6, 0x76, 0xBD, 0x7D,
    0xCE, 0xFA, 0x6B, 0x7E, 0xB2, 0xFE, 0x4D, 0x3F, 0x66, 0x13, 0x74, 0x4D, 0x27, 0x69, 0x30, 0x95,
    0x2C, 0x12, 0xD3, 0xB0, 0xE2, 0x53, 0x07, 0x91, 0x63, 0xD7, 0xCD, 0x49, 0xE8, 0xDC, 0xF8, 0x73,
    0xD4, 0x6A, 0x92, 0x83, 0xDB, 0xDB, 0x67, 0x83, 0x42, 0x96, 0x33, 0xAB, 0x10, 0x5A, 0x50, 0x6C,
    0x07, 0x0B, 0x37, 0x30, 0x73, 0x42, 0x95, 0x53, 0x5C, 0x2B, 0x72, 0x45, 0x66, 0x99, 0x64, 0x8A,
    0xA6, 0x78, 0x8A, 0xC7, 0x64, 0x80, 0x96, 0xF8, 0x89, 0x8E, 0xC9, 0xEA, 0x91, 0xB7, 0x45, 0x6B,
    0x6A, 0x53, 0xDB, 0xD2, 0x62, 0xD7, 0x15, 0x34, 0xB8, 0x2A, 0xBA, 0xDD, 0xD8, 0x7F, 0x08, 0xCD,
    0x27, 0xD8, 0x60, 0x82, 0x7D, 0x46, 0x58, 0x66, 0x80, 0x66, 0xB4, 0x10, 0xF4, 0xC1, 0x3A, 0x96,
    0x1A, 0xFA, 0x32, 0x19, 0x7D, 0x97, 0x3B, 0xC3, 0xB3, 0xC7, 0x00, 0x06, 0x86, 0xDC, 0x65, 0x8B,
    0xE9, 0x60, 0x9C, 0x52, 0x1A, 0x5C, 0x93, 0xCF, 0x9C, 0x4B, 0x3F, 0xF8, 0x34, 0xC6, 0xD1, 0xC8,
    0x4B, 0xF5, 0xF2, 0x0C, 0xAB, 0x8E, 0x98, 0xBA, 0x93, 0xE8, 0x25, 0x91, 0x83, 0x72, 0xC6, 0x3E,
    0x37, 0x36, 0x6F, 0x4D, 0xD5, 0xF3, 0xE3, 0x33, 0x71, 0x8F, 0x93, 0x26, 0x5A, 0x60, 0x36, 0x9C,
    0x8D, 0xFF, 0x67, 0x03, 0x83, 0x8E, 0x92, 0xCC, 0x92, 0x63, 0xD5, 0x46, 0x4C, 0xDD, 0x8C, 0x50,
    0x37, 0xF1, 0x53, 0xDE, 0x5E, 0xC9, 0x87, 0x53, 0x59, 0x3F, 0xE5, 0xDD, 0xB3, 0x69, 0x3F, 0x15,
    0x2D, 0x8E, 0x60, 0x32, 0x7B, 0x24, 0xFF, 0xD3, 0xCF, 0xB9, 0x7B, 0x34, 0xEB, 0xAF, 0x66, 0x7E,
    0xCE, 0x5B, 0x1B, 0xFB, 0xB1, 0xA8, 0x4D, 0xBB, 0x55, 0x5B, 0xC1, 0xE9, 0x44, 0xB3, 0x24, 0x4B,
    0x59, 0xC0, 0x7A, 0x0D, 0x51, 0x01, 0xEB, 0xEA, 0xCE, 0x1F, 0x21, 0x1A, 0xB2, 0xDB, 0x67, 0x08,
    0xD2, 0xD8, 0x5F, 0x74, 0xE9, 0xC8, 0xCD, 0x15, 0x00, 0xB7, 0x01, 0xB8, 0x6D, 0xAB, 0xA3, 0xF7,
    0x6D, 0x7E, 0xC7, 0x77, 0x99, 0x6F, 0x5C, 0x3C, 0x5B, 0x1A, 0x5F, 0x0E, 0x1C, 0x3F, 0x5E, 0xE2,
    0x30, 0x3A, 0x0E, 0xA3, 0x13, 0xE2, 0xF1, 0x6C, 0xD2, 0x0A, 0x14, 0x4C, 0x06, 0x5B, 0xE7, 0x3D,
    0xD0, 0x75, 0x03, 0xD6, 0xCC, 0x06, 0x1C, 0xAB, 0xD3, 0x67, 0x7B, 0x7A, 0x92, 0xE2, 0x1A, 0xF6,
    0xD6, 0xE3, 0xE8, 0xBB, 0xA3, 0x12, 0xC9, 0x03, 0x3C, 0xD0, 0x91, 0x03, 0xE8, 0x1B, 0x1F, 0x39,
    0xFE, 0x53, 0xA8, 0x07, 0x38, 0x09, 0xC1, 0x90, 0xAD, 0x47, 0xA7, 0x4E, 0xA4, 0x46, 0x04, 0xE8,
    0xAE, 0xE2, 0x14, 0x05, 0xFB, 0xB2, 0x3E, 0x6D, 0x8F, 0x98, 0x9B, 0xD7, 0xFB, 0x53, 0xF9, 0xF3,
    0xD7, 0xDC, 0xA5, 0xFC, 0x85, 0x16, 0xC2, 0x0B, 0x44, 0x23, 0xEE, 0x72, 0xFE, 0x62, 0xED, 0xF0,
    0xC6, 0xF5, 0xFE, 0xA8, 0x7D, 0xEF, 0xB3, 0xB6, 0x38, 0x50, 0x9E, 0xA8, 0x61, 0xD1, 0x0A, 0x60,
    0xBB, 0x80, 0x63, 0xE2, 0x59, 0x48, 0xF4, 0x3B, 0xD5, 0xB9, 0xF2, 0x6D, 0xA3, 0xBF, 0x72, 0x1E,
    0xEB, 0xB4, 0xC6, 0xF7, 0x36, 0x71, 0x57, 0x12, 0x77, 0x19, 0x32, 0xEB, 0xAB, 0x06, 0xFF, 0xE1,
    0x91, 0x10, 0x5B, 0xA2, 0x60, 0x99, 0xC2, 0x88, 0x26, 0x60, 0xCE, 0x2F, 0xF0, 0xB3, 0x25, 0xA7,
    0xD3, 0x24, 0x5F, 0x56, 0xBD, 0x5F, 0xA3, 0x8E, 0x7B, 0x74, 0x1C, 0xD8, 0xA3, 0xDB, 0xF0, 0xF0,
    0x27, 0x97, 0xFB, 0xA1, 0x48, 0x87, 0x4D, 0x5C, 0x0B, 0xD3, 0xE0, 0xFC, 0x9A, 0x12, 0x3E, 0x50,
    0x38, 0x2A, 0xD6, 0xF8, 0x8E, 0xE6, 0xBC, 0xD8, 0xE3, 0xD0, 0x93, 0x3B, 0x4B, 0xDA, 0x2E, 0x5C,
    0xF6, 0xE7, 0xC0, 0x64, 0x27, 0xC0, 0x3E, 0xAE, 0x4B, 0xA6, 0x07, 0x5F, 0x86, 0xCD, 0x9C, 0x81,
    0x55, 0x02, 0xB4, 0x9F, 0x26, 0xE0, 0x52, 0x5F, 0x1B, 0x20, 0xB8, 0x53, 0xCA, 0x00, 0xCE, 0xDE,
    0x91, 0xAD, 0xDA, 0xC0, 0xA3, 0x6B, 0x03, 0x00, 0xD6, 0x09, 0x81, 0x4D, 0x21, 0x69, 0x10, 0x80,
    0x66, 0x36, 0x02, 0xAB, 0xF9, 0x10, 0x2F, 0xD0, 0x82, 0x90, 0x73, 0x78, 0x0B, 0xC0, 0x86, 0x26,
    0x03, 0x00, 0x6F, 0xC8, 0x07, 0xD6, 0xDF, 0xF2, 0xAD, 0xF5, 0x37, 0x7C, 0x6D, 0x1F, 0xE6, 0x4E,
    0x88, 0x96, 0x8A, 0xA2, 0xD9, 0x11, 0x2B, 0x3E, 0xE1, 0x63, 0x6B, 0x7B, 0xBB, 0x86, 0x2F, 0xF8,
    0xB6, 0xA0, 0xB0, 0xFE, 0x63, 0x38, 0xB9, 0xBF, 0x01, 0xD5, 0xFD, 0x0D, 0xA0, 0xC0, 0x9F, 0xA6,
    0x78, 0x0B, 0x58, 0xF0, 0x2F, 0x38, 0xBC, 0x01, 0x2B, 0x59, 0x7A, 0x7C, 0xA6, 0x6E, 0xEF, 0x89,
    0xF8, 0x05, 0x28, 0x96, 0x19, 0x06, 0x89, 0x26, 0x15, 0xB6, 0x96, 0x98, 0x22, 0x99, 0xB0, 0x72,
    0x32, 0x82, 0x10, 0x93, 0xA1, 0xA2, 0x68, 0x68, 0x68, 0x2C, 0x6A, 0x1C, 0xCC, 0xE3, 0x1D, 0xCE,
    0xC5, 0xF7, 0x38, 0x94, 0x03, 0x60, 0x96, 0xAA, 0xAB, 0x80, 0xD9, 0x03, 0x40, 0x58, 0xFA, 0x61,
    0xB6, 0x44, 0x8D, 0x58, 0xBB, 0x34, 0xE3, 0x66, 0x29, 0x3F, 0x88, 0x97, 0x62, 0xB1, 0xF3, 0x21,
    0xD0, 0x43, 0x44, 0x7A, 0x20, 0x41, 0x0C, 0x0D, 0xC9, 0xAD, 0xF8, 0x0F, 0xDD, 0xBB, 0x4E, 0x96,
    0xA6, 0xCD, 0x86, 0xA2, 0xCB, 0x03, 0xB9, 0xF7, 0x45, 0x57, 0x04, 0x1F, 0xE8, 0x81, 0xE7, 0xDB,
    0x3E, 0x70, 0x0C, 0xE9, 0x80, 0x7E, 0x73, 0xFC, 0x25, 0x68, 0x4F, 0x03, 0xCD, 0xCA, 0x1A, 0x7C,
    0xA4, 0xF5, 0x29, 0x80, 0x73, 0xC6, 0xF1, 0x57, 0x54, 0xB6, 0x8D, 0x67, 0x10, 0xD5, 0x82, 0x13,
    0x5E, 0xF2, 0x1E, 0x3B, 0xC0, 0xBC, 0x4D, 0x69, 0x80, 0xFF, 0x0A, 0x58, 0xB9, 0x9C, 0x76, 0xF2,
    0x50, 0x04, 0xD3, 0x6D, 0xC1, 0x15, 0x5B, 0x1C, 0x06, 0x08, 0x09, 0xF0, 0x05, 0xEB, 0xE0, 0xCC,
    0xE2, 0x49, 0xBE, 0xB7, 0x28, 0x92, 0x02, 0x11, 0x80, 0x30, 0x6B, 0xCA, 0x4A, 0x61, 0x37, 0x67,
    0x67, 0xE3, 0x29, 0x19, 0x0B, 0xEC, 0x20, 0x73, 0x16, 0x48, 0x28, 0x5A, 0x8F, 0x7D, 0xD8, 0x9F,
    0xDC, 0xC2, 0x07, 0xAE, 0x66, 0x7F, 0x87, 0xAF, 0x4F, 0xC5, 0x6F, 0x40, 0xD4, 0x83, 0x85, 0x89,
    0xF3, 0x9E, 0xEA, 0x99, 0x96, 0xB2, 0x92, 0xAD, 0x8B, 0xFF, 0x26, 0x88, 0x8B, 0x16, 0x4B, 0x70,
    0xDD, 0x80, 0x9F, 0x5D, 0x1D, 0xCA, 0xBB, 0xE8, 0x60, 0xF6, 0xEA, 0x70, 0xB1, 0x87, 0x0E, 0xB7,
    0xFD, 0x0C, 0x1D, 0x3E, 0xF3, 0x1E, 0x3A, 0xDC, 0xE8, 0x3D, 0x75, 0xA8, 0x17, 0xF2, 0x16, 0xAE,
    0xA0, 0x7F, 0x8C, 0xF4, 0x8A, 0xA2, 0x87, 0x0E, 0x0C, 0x3D, 0xA6, 0x05, 0xC8, 0x74, 0x9B, 0x23,
    0x96, 0xC8, 0x3D, 0x48, 0x1A, 0x2C, 0x34, 0xAE, 0x74, 0x68, 0x7A, 0xCE, 0x0E, 0xD0, 0xD3, 0xC9,
    0xD3, 0x3B, 0xB4, 0xA2, 0xA4, 0x30, 0x26, 0xBC, 0x9D, 0x73, 0xD1, 0x00, 0x70, 0x82, 0x86, 0x58,
    0xEB, 0x22, 0xDA, 0xDB, 0x33, 0xFA, 0x00, 0x0B, 0x20, 0xAC, 0x5F, 0x02, 0x21, 0xA3, 0x69, 0x7D,
    0xFB, 0xE4, 0x89, 0x01, 0x64, 0x09, 0xE4, 0x39, 0x38, 0x66, 0x6D, 0xFC, 0x9B, 0x53, 0x51, 0xC1,
    0x49, 0x52, 0x77, 0x94, 0xC8, 0xCD, 0xBB, 0x89, 0x21, 0xD5, 0x9E, 0xC6, 0xF9, 0x60, 0xC1, 0x84,
    0x21, 0x52, 0x26, 0x7D, 0x4A, 0xC6, 0x78, 0x1B, 0xEE, 0x94, 0xE9, 0x76, 0x85, 0x28, 0x54, 0x34,
    0x85, 0xC7, 0x15, 0x72, 0x7A, 0x82, 0x5F, 0xEC, 0xED, 0xD2, 0xDA, 0xA9, 0xCF, 0xD2, 0x42, 0x50,
    0x95, 0xBC, 0xD6, 0x47, 0x88, 0xDA, 0x33, 0xC0, 0xC8, 0x20, 0xDC, 0xF0, 0xF7, 0xD1, 0x8A, 0xC1,
    0x6E, 0xE6, 0x56, 0xC1, 0xF9, 0x12, 0xD5, 0x1A, 0x52, 0xA9, 0x2F, 0xE0, 0x4E, 0x87, 0x49, 0xBD,
    0xF2, 0x83, 0xD1, 0x7F, 0x45, 0x6E, 0x87, 0x2B, 0x64, 0xBB, 0xD4, 0x78, 0xC4, 0x0F, 0x24, 0x4A,
    0xAB, 0x99, 0xCA, 0x5C, 0xA5, 0xB9, 0x49, 0xF4, 0xD9, 0x93, 0xFC, 0x6C, 0x53, 0x50, 0x82, 0xF1,
    0x71, 0xF9, 0x44, 0x09, 0x4B, 0x40, 0x02, 0xBC, 0x98, 0x33, 0xBF, 0x7D, 0x71, 0x54, 0xE2, 0x51,
    0xB6, 0xA3, 0xF4, 0xDB, 0x17, 0x18, 0xC0, 0x19, 0x5B, 0xC8, 0x21, 0x8B, 0x64, 0x8B, 0x3C, 0xEE,
    0xC1, 0xE1, 0xB5, 0xA5, 0xC1, 0xF0, 0x42, 0x39, 0xFC, 0x17, 0xAA, 0xE8, 0xA8, 0xBA, 0x4D, 0xAA,
    0x89, 0x1A, 0x79, 0xD1, 0x7F, 0x77, 0x72, 0xBF, 0xE8, 0xB9, 0x51, 0xCA, 0x2A, 0x05, 0x40, 0x00,
    0x1D, 0x74, 0x75, 0x72, 0xB3, 0xE9, 0x48, 0x44, 0x0F, 0x92, 0x10, 0xEF, 0x0B, 0x3D, 0xA3, 0x71,
    0x53, 0x57, 0x6C, 0x74, 0x45, 0x1A, 0xB1, 0xC8, 0xD4, 0xB6, 0x52, 0xDE, 0x27, 0x1A, 0xC6, 0xF5,
    0x21, 0xAE, 0xD5, 0xD3, 0x6E, 0xB9, 0xF3, 0x3B, 0xAF, 0xB3, 0xF6, 0xD4, 0xFD, 0x72, 0xD6, 0x46,
    0x61, 0xA7, 0xA7, 0x1C, 0x0F, 0xC4, 0x64, 0xD2, 0x07, 0x49, 0x4B, 0x26, 0x77, 0xD4, 0x77, 0xBC,
    0x5E, 0xF3, 0xC8, 0x77, 0xAF, 0xED, 0xC6, 0x36, 0x1E, 0x35, 0x57, 0xF3, 0x9A, 0x15, 0xE9, 0x73,
    0x4D, 0x94, 0xFA, 0x8F, 0x18, 0x2E, 0xE3, 0x09, 0xA9, 0x77, 0xC9, 0xA5, 0x10, 0x76, 0xA8, 0xD5,
    0x27, 0x21, 0x74, 0x9A, 0x77, 0xC3, 0xB3, 0xBD, 0xBE, 0x04, 0x3A, 0x0C, 0xEC, 0x14, 0x2D, 0x89,
    0x4E, 0x93, 0x4C, 0xE1, 0x39, 0xF3, 0x21, 0xD6, 0xE4, 0xAB, 0x67, 0xA6, 0x4E, 0x9A, 0xC5, 0xD4,
    0xF9, 0x28, 0xAF, 0x32, 0x0E, 0x43, 0xF7, 0x89, 0x59, 0x7D, 0xEE, 0xA2, 0x91, 0x1A, 0x56, 0x21,
    0x6D, 0xAE, 0x3D, 0x4B, 0x06, 0xEB, 0xDF, 0xD0, 0x67, 0xCC, 0x3F, 0x4A, 0x28, 0x0F, 0xF0, 0x3E,
    0xA8, 0xFF, 0x76, 0xD3, 0x82, 0xE0, 0x8A, 0x16, 0xB9, 0x79, 0xCE, 0xA9, 0xF2, 0xD2, 0xF0, 0x2A,
    0xBB, 0x4E, 0xB4, 0x43, 0x61, 0xD1, 0x7C, 0x51, 0xE8, 0xFF, 0xF4, 0x5D, 0xEB, 0x40, 0x1C, 0x66,
    0x06, 0xE1, 0xAB, 0x62, 0x5A, 0xA3, 0x20, 0xC2, 0x2B, 0xE7, 0x2A, 0xA4, 0x28, 0xA8, 0xF0, 0x86,
    0x26, 0x9D, 0x14, 0x3E, 0x70, 0x38, 0x33, 0x15, 0xDD, 0xF0, 0x53, 0xBA, 0x0D, 0x3D, 0x4B, 0x3D,
    0x9B, 0x45, 0x56, 0xA9, 0xB4, 0x3C, 0xB3, 0x42, 0xE1, 0x6B, 0x2C, 0x05, 0x3C, 0xB7, 0xA3, 0xC2,
    0xDC, 0xBE, 0x80, 0xDC, 0x89, 0xD5, 0x87, 0xE9, 0x91, 0x47, 0x07, 0x3D, 0x54, 0xA8, 0x6E, 0x1A,
    0xAB, 0x83, 0xC0, 0x56, 0x7D, 0xBD, 0x37, 0x53, 0x41, 0xA8, 0xDB, 0x2C, 0x21, 0x8A, 0x32, 0x66,
    0x0D, 0x94, 0x31, 0x07, 0xB0, 0x3B, 0x02, 0x8F, 0xCD, 0xB5, 0x32, 0x29, 0x3F, 0x68, 0x50, 0x76,
    0x69, 0x7C, 0x92, 0x1F, 0xC9, 0xBD, 0xD7, 0x85, 0x35, 0x67, 0x36, 0x69, 0x8D, 0xC0, 0x8F, 0xE0,
    0xC8, 0x92, 0x09, 0xC0, 0x8D, 0xBA, 0xA4, 0xBD, 0xD7, 0xBA, 0xBC, 0x12, 0xD7, 0xF4, 0x97, 0x1E,
    0x69, 0x34, 0x92, 0xD5, 0x78, 0xA6, 0xFF, 0x8C, 0x59, 0x7D, 0x8F, 0xD5, 0x78, 0x74, 0x95, 0x88,
    0x56, 0x03, 0xE7, 0x21, 0x4A, 0xF0, 0x47, 0xB1, 0x56, 0xA2, 0x64, 0xA1, 0x26, 0x5E, 0x73, 0xC3,
    0xD5, 0xE8, 0xC3, 0xCA, 0x3A, 0xDA, 0x00, 0x5B, 0xE2, 0x97, 0xD5, 0xB0, 0x56, 0x5D, 0xA5, 0x2E,
    0x1B, 0xAD, 0x06, 0xD2, 0x61, 0x2D, 0x38, 0x2C, 0x70, 0x68, 0x95, 0x57, 0x52, 0x2E, 0x88, 0x4C,
    0x14, 0xA6, 0x37, 0xB8, 0x98, 0x4E, 0x71, 0x44, 0xBE, 0xC5, 0xF5, 0x5E, 0x11, 0x72, 0x0C, 0x72,
    0x23, 0x14, 0x95, 0xBE, 0x8B, 0x49, 0x50, 0x7D, 0xDC, 0x7D, 0x6B, 0xEB, 0x1D, 0xC2, 0xA9, 0x6A,
    0x89, 0xA6, 0x99, 0xAA, 0x43, 0x6A, 0xDA, 0x7E, 0x6B, 0x6B, 0xBD, 0xB6, 0x7D, 0x5E, 0x41, 0x4C,
    0x1F, 0xF7, 0xCA, 0x61, 0xE6, 0x36, 0x5D, 0x1D, 0x40, 0xF1, 0x3A, 0x3B, 0x2F, 0xEE, 0x56, 0xB2,
    0x69, 0x43, 0x3E, 0x85, 0x3A, 0x4B, 0x7C, 0x90, 0x75, 0xA6, 0x12, 0xBF, 0x11, 0x35, 0x2B, 0xF9,
    0x29, 0x4D, 0xCC, 0xB0, 0x1A, 0x08, 0x06, 0x12, 0x19, 0x55, 0xEC, 0xD9, 0x3E, 0xC9, 0x94, 0x78,
    0xAD, 0x36, 0x34, 0x20, 0xDF, 0xD6, 0x3A, 0x7F, 0xD8, 0x8D, 0xC7, 0x85, 0xC6, 0x63, 0x53, 0x7C,
    0x29, 0x1E, 0xBF, 0x76, 0x0E, 0x4A, 0x8A, 0x67, 0xD1, 0xCE, 0x9D, 0xE3, 0x22, 0xF8, 0x5D, 0xCE,
    0xC6, 0x06, 0x2B, 0x48, 0x83, 0xDA, 0x06, 0x5A, 0xA1, 0x4E, 0x84, 0x6C, 0x7A, 0xCA, 0x13, 0x0E,
    0x4A, 0x56, 0xB9, 0x03, 0x42, 0x9A, 0x6C, 0x04, 0x30, 0x9B, 0x94, 0x69, 0xA6, 0x4F, 0x66, 0x10,
    0xC8, 0x12, 0x2F, 0x0D, 0xF9, 0x0E, 0x33, 0xA1, 0x00, 0x67, 0x63, 0x07, 0x25, 0xD1, 0xCC, 0xD4,
    0xD1, 0xCE, 0x64, 0x67, 0xD4, 0x59, 0xE0, 0xE6, 0x42, 0xA5, 0x12, 0xE4, 0x97, 0x68, 0xB0, 0xDA,
    0xA5, 0xC1, 0x27, 0xD7, 0x1A, 0xAE, 0xA8, 0xBB, 0x26, 0x75, 0xF7, 0xA4, 0x6E, 0xD8, 0xAE, 0x2C,
    0x46, 0x24, 0xA0, 0xD9, 0x04, 0xEA, 0x4E, 0x27, 0xC3, 0x26, 0x0D, 0x28, 0x39, 0x99, 0x61, 0xC4,
    0x74, 0xC2, 0x19, 0xA5, 0x13, 0x6C, 0x99, 0x51, 0xE4, 0x2A, 0x46, 0x08, 0xE3, 0xF0, 0x86, 0xED,
    0x81, 0x66, 0xEC, 0x66, 0x4C, 0x3D, 0x52, 0x7F, 0xE8, 0x97, 0x6A, 0x83, 0x45, 0x43, 0xD6, 0x81,
    0x90, 0x98, 0xEF, 0x70, 0x61, 0xA2, 0x5C, 0xE8, 0xFF, 0x87, 0x0B, 0xEF, 0xB5, 0x42, 0x24, 0xC4,
    0xF4, 0x6E, 0x84, 0x78, 0x8F, 0x15, 0x32, 0x25, 0x80, 0xED, 0x91, 0x87, 0xC4, 0x0C, 0xD9, 0xF1,
    0x07, 0xCA, 0x63, 0x0F, 0x7C, 0x37, 0xC6, 0xF9, 0x2A, 0x86, 0xBE, 0xB4, 0x66, 0xE8, 0x7B, 0xAC,
    0x4B, 0x84, 0xFA, 0x2D, 0xAB, 0x8B, 0xDE, 0x74, 0xF9, 0xC0, 0xF4, 0x62, 0x09, 0xBD, 0x2E, 0x16,
    0xD0, 0xC0, 0x76, 0x8A, 0xD7, 0xC5, 0x2D, 0xB8, 0xD9, 0x35, 0x0F, 0x74, 0x5D, 0x05, 0xAB, 0x1F,
    0xDA, 0x01, 0xD4, 0xC6, 0xAA, 0x5B, 0xC7, 0xD0, 0x0B, 0x87, 0x8A, 0x39, 0xFD, 0x2A, 0xE5, 0xB1,
    0xCB, 0x45, 0x16, 0xFB, 0x1D, 0xEA, 0x54, 0xF0, 0xBE, 0xD1, 0xBA, 0xAC, 0xF2, 0x25, 0x02, 0xE4,
    0x04, 0x3D, 0xA6, 0xC4, 0x41, 0x8E, 0x59, 0x07, 0x39, 0x14, 0x6F, 0x20, 0x84, 0x38, 0x1B, 0x53,
    0x4E, 0xCC, 0x6E, 0x3E, 0x1D, 0x40, 0x14, 0xC5, 0xAD, 0x9E, 0x49, 0x8E, 0x6F, 0x73, 0x4A, 0x66,
    0x2E, 0x99, 0xD2, 0x45, 0xA2, 0x74, 0x91, 0x86, 0xA5, 0x6E, 0x6A, 0xFB, 0xB5, 0x7C, 0x69, 0x4F,
    0xF6, 0x11, 0x1E, 0x8A, 0xB0, 0x58, 0x29, 0x23, 0xF1, 0xE5, 0x4E, 0x7D, 0x24, 0x2B, 0x16, 0xF9,
    0xD3, 0xFA, 0xBA, 0xAD, 0xED, 0x1A, 0xF4, 0xD9, 0x30, 0xED, 0x82, 0x2C, 0xE1, 0xFE, 0xB0, 0xAF,
    0x09, 0xED, 0x9E, 0x20, 0x7B, 0xF6, 0x7B, 0x60, 0x42, 0x16, 0x8D, 0x1D, 0xFF, 0x04, 0x8B, 0xD8,
    0x6E, 0x25, 0xAB, 0x15, 0xF3, 0xF1, 0x05, 0x1B, 0xC8, 0x2D, 0x89, 0x15, 0x1C, 0xEB, 0xC9, 0xB4,
    0xA4, 0x03, 0xD8, 0x13, 0x7A, 0x56, 0x7D, 0x31, 0xAD, 0x1A, 0xA3, 0xEC, 0x96, 0x76, 0xCC, 0x57,
    0x96, 0x9D, 0xAE, 0x1E, 0x1E, 0x87, 0x55, 0xDD, 0x69, 0xA7, 0x9A, 0x0B, 0xCD, 0xC6, 0x64, 0x51,
    0xCD, 0x77, 0x1B, 0x54, 0xF7, 0x87, 0xB6, 0x1B, 0x0A, 0xD3, 0xD0, 0x5E, 0x54, 0x3D, 0xC3, 0xDB,
    0xEC, 0x16, 0x42, 0xEE, 0xF2, 0xDF, 0x7D, 0xA1, 0x6D, 0x5C, 0x3F, 0xC6, 0x48, 0xE2, 0x9A, 0x50,
    0x37, 0x95, 0xEB, 0xEA, 0x29, 0xED, 0x8E, 0xDC, 0x67, 0x18, 0x78, 0x6A, 0x0D, 0x81, 0x62, 0x5E,
    0x01, 0x40, 0x91, 0x1B, 0xAD, 0x8F, 0xFF, 0x20, 0xD4, 0x3C, 0x8F, 0x88, 0xE6, 0x67, 0x56, 0x09,
    0x13, 0x9C, 0xC3, 0x74, 0x09, 0x1B, 0x2E, 0xC8, 0x41, 0x10, 0xB5, 0x7C, 0x44, 0x7F, 0x63, 0x47,
    0xA0, 0x79, 0x01, 0x09, 0x40, 0xF5, 0x3E, 0xEF, 0x54, 0x84, 0x48, 0xB0, 0x4E, 0xEA, 0xF3, 0x51,
    0x8D, 0xB0, 0x16, 0x05, 0x85, 0x59, 0x17, 0x19, 0xF4, 0xFB, 0x20, 0x34, 0xA1, 0xD0, 0x8C, 0x42,
    0x53, 0x8A, 0x70, 0x89, 0xF9, 0xFC, 0x98, 0x76, 0xBF, 0x75, 0x0B, 0x8C, 0xAC, 0xCC, 0x14, 0x5A,
    0x78, 0x65, 0xD5, 0x62, 0x9E, 0x46, 0x45, 0x4D, 0xA6, 0xA9, 0x69, 0x80, 0x0B, 0x0C, 0xFD, 0x4A,
    0x24, 0xD8, 0x6E, 0xE4, 0xCF, 0x87, 0x0C, 0x23, 0xF4, 0x87, 0x2D, 0x8B, 0x09, 0x1B, 0xDA, 0x2A,
    0x6C, 0x60, 0x71, 0xD5, 0x55, 0x05, 0xC6, 0x37, 0x1C, 0x5B, 0xDF, 0x55, 0xCB, 0xD2, 0xAE, 0x29,
    0x29, 0x49, 0x0B, 0x4C, 0x18, 0x48, 0x68, 0x3E, 0x51, 0x05, 0x98, 0x66, 0x3F, 0xBE, 0x68, 0x25,
    0x38, 0x17, 0x41, 0x72, 0x07, 0x53, 0x0E, 0x9D, 0x93, 0x89, 0x2D, 0x1B, 0xF6, 0x4D, 0x07, 0x41,
    0x0D, 0x0F, 0x77, 0x82, 0x24, 0x93, 0x0C, 0x97, 0xB5, 0x6D, 0x3A, 0xE1, 0xCF, 0xDC, 0x2D, 0x27,
    0x1D, 0xA6, 0xE5, 0x31, 0x98, 0x5E, 0xF3, 0xA6, 0x9E, 0x5C, 0xA8, 0x79, 0x6F, 0x48, 0x7C, 0x43,
    0xAA, 0x6B, 0x35, 0xA2, 0x5B, 0x75, 0xCC, 0xAA, 0xDF, 0x4B, 0x30, 0x65, 0x70, 0x4C, 0x76, 0x9C,
    0x33, 0x4D, 0xA2, 0xBA, 0x60, 0xA8, 0x3D, 0xBD, 0x97, 0xD4, 0xFF, 0x9E, 0x76, 0x82, 0x0D, 0xA0,
    0xF6, 0xF3, 0x0B, 0x48, 0x0F, 0xCA, 0x26, 0x93, 0x61, 0x8F, 0xB1, 0xE5, 0xC8, 0x40, 0xDC, 0xF9,
    0x08, 0x03, 0x62, 0xD8, 0xC1, 0xF6, 0xDA, 0x7D, 0x5E, 0x0A, 0xFF, 0xBE, 0xCF, 0x3C, 0x28, 0x6F,
    0xE7, 0x76, 0x08, 0xDB, 0x4E, 0xD9, 0xA0, 0x7A, 0x70, 0x1D, 0xA2, 0x69, 0x6F, 0x27, 0x6A, 0xDF,
    0xD6, 0x61, 0xB2, 0xCE, 0x28, 0xCD, 0x1B, 0x57, 0xB7, 0x80, 0xAC, 0x72, 0x96, 0x27, 0x42, 0xA2,
    0xB3, 0xAF, 0xEB, 0xA4, 0xE3, 0x93, 0xDA, 0x64, 0xB1, 0x88, 0x13, 0xCF, 0xF2, 0xF8, 0xA2, 0x72,
    0x5F, 0xD7, 0xD8, 0x2C, 0x5F, 0x11, 0x73, 0x0D, 0xFA, 0xBF, 0x3B, 0xA3, 0x4C, 0xC7, 0x99, 0x97,
    0xC3, 0xFE, 0xEE, 0xC1, 0xD4, 0x38, 0x07, 0x04, 0xDF, 0x4F, 0xD9, 0xF9, 0x1C, 0x24, 0xBD, 0x8E,
    0xD7, 0x77, 0x7A, 0xAD, 0x3B, 0xE4, 0xE1, 0xFD, 0x5B, 0xE7, 0xE4, 0x12, 0xFB, 0x1A, 0x81, 0xEE,
    0xA2, 0x1F, 0x98, 0x23, 0xC3, 0xE5, 0x7B, 0xE3, 0xD3, 0x29, 0x6B, 0x39, 0xDB, 0x06, 0x7C, 0x83,
    0xF7, 0xE3, 0x0A, 0x07, 0x5A, 0x39, 0xD8, 0xC0, 0x77, 0xF4, 0x1A, 0x44, 0x5A, 0xEF, 0xCF, 0x48,
    0xD5, 0x11, 0xCA, 0xEA, 0x90, 0x90, 0x7E, 0x88, 0x5B, 0xF6, 0xCF, 0x79, 0x17, 0xE8, 0x2F, 0x70,
    0xDC, 0x62, 0x89, 0xE8, 0x9B, 0xC7, 0xE4, 0x40, 0x19, 0x2A, 0xE7, 0x8A, 0xF7, 0x94, 0xBC, 0x4B,
    0x17, 0xDE, 0x2A, 0x4B, 0x9C, 0x71, 0xF1, 0xDB, 0xEB, 0xC2, 0x61, 0x5D, 0x3C, 0xEC, 0xDC, 0xFC,
    0x74, 0x9B, 0x4A, 0x03, 0xF0, 0x56, 0x6C, 0x78, 0x0C, 0x37, 0x3F, 0xD9, 0xF4, 0x05, 0x15, 0xC8,
    0xE3, 0x83, 0x36, 0x4F, 0x09, 0x20, 0xED, 0xE8, 0xBC, 0xBA, 0xB2, 0x3A, 0x9D, 0x82, 0xFD, 0xB4,
    0x7C, 0x91, 0x60, 0x25, 0x7A, 0x4A, 0xDA, 0xEE, 0x39, 0x95, 0x92, 0x3A, 0xC0, 0x5A, 0x23, 0x74,
    0x40, 0x8A, 0x93, 0x4E, 0x85, 0x43, 0x8E, 0xDE, 0x1B, 0x17, 0xEE, 0x5D, 0xB1, 0x3D, 0xF2, 0xF6,
    0xAE, 0x1E, 0xFD, 0x46, 0x69, 0x16, 0x64, 0x06, 0xE0, 0x8D, 0x98, 0x65, 0xC3, 0x9A, 0x42, 0xD5,
    0x25, 0x49, 0x0B, 0xD5, 0x88, 0x75, 0x90, 0x19, 0xCD, 0x5F, 0x08, 0x9F, 0xFB, 0xB7, 0x8E, 0xA5,
    0xC7, 0x23, 0xE9, 0xE2, 0xDD, 0xDD, 0x8F, 0x47, 0xB1, 0x3F, 0x9E, 0x90, 0x15, 0x1D, 0xDE, 0xD7,
    0x75, 0x36, 0x91, 0x3F, 0x13, 0xBD, 0xBC, 0x39, 0xC7, 0x51, 0xEC, 0x71, 0xF9, 0x7D, 0x98, 0x3F,
    0xE2, 0x6D, 0x10, 0xDA, 0xAA, 0x98, 0x34, 0xCE, 0xE0, 0xDA, 0x9D, 0x06, 0xC1, 0x25, 0x06, 0x04,
    0xFC, 0x82, 0x7D, 0x73, 0x0D, 0x80, 0x85, 0xC6, 0x40, 0xD3, 0xAF, 0x83, 0x9E, 0xC6, 0xBA, 0xEA,
    0x43, 0x5E, 0x13, 0xDA, 0x5A, 0x7A, 0xC8, 0x2D, 0x6F, 0x21, 0x30, 0x55, 0x65, 0x63, 0x6A, 0x87,
    0x07, 0xBF, 0xC9, 0x6C, 0xDA, 0xB5, 0x63, 0xD2, 0x77, 0xB3, 0xBD, 0x9A, 0x75, 0x87, 0xE3, 0x6F,
    0xAE, 0xD8, 0x63, 0x71, 0x5D, 0xBD, 0xE8, 0x9A, 0xDF, 0xBA, 0xE6, 0x45, 0x77, 0x74, 0x8D, 0xB8,
    0x6F, 0xB8, 0x41, 0x6C, 0xEF, 0x09, 0x04, 0x2C, 0x16, 0x9A, 0xA3, 0xDE, 0xF8, 0x27, 0x09, 0xA4,
    0x20, 0xCA, 0xE4, 0x39, 0xDE, 0x67, 0x9C, 0x65, 0xE3, 0x0C, 0xEC, 0xBE, 0x78, 0xB8, 0x92, 0xCF,
    0x96, 0x13, 0x1E, 0xAE, 0xE4, 0xAD, 0x4B, 0x16, 0xDB, 0x25, 0x4B, 0xD5, 0xA2, 0xCC, 0x84, 0xE3,
    0x37, 0x6D, 0x06, 0x87, 0x47, 0x11, 0xDA, 0x21, 0x2F, 0xF7, 0x7A, 0x24, 0x30, 0xFF, 0xB0, 0x6E,
    0x89, 0x92, 0xE7, 0x7F, 0xA8, 0x77, 0xB8, 0x2D, 0xD6, 0x78, 0x9D, 0x55, 0x7C, 0xB4, 0xB3, 0xFC,
    0x6B, 0x7F, 0x36, 0x5D, 0xF3, 0xB9, 0x1F, 0x9B, 0x3B, 0x1E, 0x91, 0xEE, 0x0F, 0x53, 0x3E, 0x23,
    0xE2, 0x8D, 0xA8, 0xA9, 0x48, 0x2C, 0x0E, 0x45, 0x41, 0x0F, 0x08, 0x74, 0x18, 0x08, 0x9E, 0x18,
    0xAE, 0xD2, 0x51, 0xCC, 0x4D, 0x6D, 0x48, 0x0C, 0xCB, 0xFF, 0x1D, 0xB8, 0x32, 0x6D, 0x68, 0x90,
    0x12, 0x56, 0xF0, 0x4A, 0x66, 0x50, 0xC2, 0x62, 0x7B, 0x8C, 0x0E, 0x03, 0xF9, 0x0C, 0xC6, 0xCC,
    0x2F, 0x07, 0x60, 0x1D, 0x85, 0x1D, 0xE0, 0x85, 0x54, 0xDF, 0x97, 0x4A, 0x09, 0x3B, 0x6E, 0xF2,
    0x35, 0x81, 0x6B, 0xDF, 0xD6, 0xF9, 0x9A, 0xC0, 0xB5, 0x5F, 0xEB, 0xDC, 0x2D, 0x70, 0xED, 0xC7,
    0x1A, 0x77, 0x0B, 0x5C, 0xFB, 0x31, 0x3F, 0xD5, 0x65, 0x8B, 0xD7, 0xB8, 0x40, 0xD7, 0x45, 0xB7,
    0x03, 0x2F, 0x14, 0x9A, 0x9D, 0x0F, 0xA3, 0x3D, 0x7E, 0xFC, 0x78, 0xA9, 0x71, 0x4C, 0xE1, 0x51,
    0x86, 0xB6, 0x06, 0xD1, 0xF3, 0xD0, 0x1E, 0x26, 0xAD, 0x35, 0xD7, 0x97, 0x0D, 0x7F, 0x55, 0xD4,
    0x1E, 0x12, 0xFA, 0xC9, 0xD9, 0xC2, 0x12, 0x15, 0xE1, 0xC1, 0x19, 0xE6, 0x6D, 0xBF, 0xF2, 0x70,
    0xAA, 0x4F, 0xE0, 0xC8, 0xEF, 0xBD, 0x0B, 0xF1, 0x8F, 0xD3, 0xB0, 0xDD, 0x4D, 0xE6, 0xAC, 0x9A,
    0xBD, 0x0E, 0xC8, 0xF4, 0xF2, 0x05, 0x7E, 0xA4, 0xA5, 0xAE, 0x7E, 0xCF, 0xE1, 0x08, 0x23, 0x92,
    0x3A, 0xDC, 0xF7, 0x03, 0x80, 0x02, 0xAF, 0x28, 0xA7, 0x87, 0xEF, 0x6C, 0x60, 0xDD, 0x8A, 0xD1,
    0xA4, 0xDD, 0xF5, 0x8A, 0xE8, 0x3C, 0x02, 0xDC, 0xE2, 0x87, 0x64, 0xCE, 0xE1, 0x09, 0x1C, 0x21,
    0xD4, 0xAE, 0x3D, 0x22, 0x5F, 0x79, 0x04, 0xCB, 0x61, 0xEB, 0xAA, 0xBF, 0x69, 0xA8, 0x1D, 0xAD,
    0xFF, 0xEB, 0x92, 0x2F, 0x08, 0x85, 0xC7, 0xF6, 0x10, 0x98, 0xE6, 0xC4, 0x8D, 0xD3, 0x16, 0x0A,
    0x93, 0xCC, 0x3D, 0x4E, 0xB1, 0x7F, 0xEB, 0x34, 0x61, 0x1F, 0x19, 0x3C, 0xC2, 0xBE, 0xEF, 0xE4,
    0x2A, 0xCA, 0xD4, 0xC3, 0xE1, 0x7E, 0xDE, 0xBE, 0xAD, 0xA3, 0xC1, 0xE3, 0xF4, 0x28, 0xD5, 0x5B,
    0x93, 0x54, 0x78, 0x7E, 0x66, 0x37, 0x0A, 0xEE, 0xDF, 0x3E, 0x44, 0x5E, 0x67, 0xC8, 0x9D, 0xF5,
    0x36, 0x87, 0x84, 0x3E, 0x6F, 0x48, 0x9B, 0x2F, 0xED, 0xCD, 0x94, 0xE3, 0x77, 0x64, 0xEB, 0x32,
    0xF2, 0xF6, 0x06, 0xB5, 0x7D, 0x49, 0x42, 0xAD, 0x4D, 0xC7, 0xD4, 0x84, 0x1C, 0xDB, 0x94, 0xE0,
    0x5A, 0xA6, 0xF4, 0xD7, 0x30, 0x8B, 0x79, 0x8F, 0xF9, 0xCC, 0xBF, 0x78, 0x4F, 0x87, 0x95, 0x40,
    0x4E, 0x66, 0xD2, 0x5B, 0x42, 0x0C, 0x77, 0xEC, 0x1F, 0x84, 0x76, 0x2B, 0x6F, 0xEA, 0x04, 0x5A,
    0x09, 0x15, 0x0C, 0xDB, 0x9A, 0x95, 0x76, 0xBB, 0xE6, 0xD5, 0xED, 0xE9, 0x75, 0x5D, 0xC7, 0xBF,
    0xED, 0xBC, 0x4E, 0xE0, 0xF5, 0x63, 0xDA, 0x8F, 0xD2, 0x5B, 0x7B, 0x2A, 0xF2, 0x01, 0x85, 0x5A,
    0xFE, 0x59, 0xF8, 0xA6, 0xD6, 0x08, 0x0C, 0xFE, 0x11, 0xB8, 0x9C, 0x52, 0x82, 0x93, 0x30, 0x75,
    0x14, 0x5A, 0x64, 0xF1, 0x7B, 0x50, 0x48, 0xDA, 0xC6, 0x50, 0x99, 0x80, 0x51, 0x1D, 0xAA, 0xBC,
    0xA6, 0x63, 0x6F, 0x94, 0x8D, 0x57, 0x96, 0x5E, 0x1A, 0x10, 0x8E, 0xAD, 0x2A, 0x1D, 0x15, 0xAA,
    0xAD, 0xF1, 0x5A, 0x88, 0x75, 0xFA, 0x0D, 0x96, 0x75, 0x41, 0xCA, 0x6F, 0x1E, 0x84, 0x72, 0x34,
    0x67, 0x65, 0xBA, 0xA7, 0x18, 0xFD, 0x0E, 0x0D, 0xF6, 0x5F, 0x8D, 0x53, 0xBD, 0x6E, 0xD4, 0x40,
    0x10, 0xFE, 0xEC, 0xCD, 0xC5, 0x12, 0x2E, 0x36, 0x05, 0xA9, 0x28, 0xAE, 0x25, 0x51, 0x24, 0xBF,
    0x40, 0xC4, 0x9E, 0x22, 0x24, 0x4A, 0x52, 0x70, 0x2F, 0x71, 0xEF, 0x00, 0x76, 0xC2, 0x03, 0x90,
    0x8A, 0x9A, 0x82, 0xE2, 0xB8, 0x02, 0x78, 0x00, 0x88, 0x57, 0x49, 0x91, 0x32, 0x46, 0x79, 0x81,
    0xAD, 0x49, 0xB3, 0x41, 0x2E, 0x8C, 0xE4, 0xF3, 0xF2, 0xCD, 0x5E, 0x12, 0x12, 0x41, 0x11, 0x7B,
    0xBF, 0xB1, 0x35, 0xF3, 0xCD, 0xFE, 0xCC, 0x7C, 0x0B, 0xA0, 0x0C, 0xAE, 0x96, 0xD1, 0xE0, 0xFA,
    0x31, 0x21, 0x84, 0x3B, 0x06, 0x77, 0xFC, 0x5D, 0x19, 0x42, 0x2B, 0xB8, 0xE1, 0x05, 0x57, 0x8A,
    0x6D, 0x6A, 0xB1, 0xF6, 0x6F, 0xFE, 0xFF, 0xFC, 0xA3, 0xE9, 0xF4, 0x15, 0x63, 0xBD, 0x60, 0x7B,
    0xB1, 0x98, 0x8B, 0x6F, 0x73, 0x3A, 0xDD, 0x27, 0xA7, 0x23, 0xDA, 0xD9, 0x62, 0xF1, 0x01, 0x48,
    0x9A, 0xAC, 0xD1, 0xD6, 0xA0, 0x44, 0x88, 0xEF, 0x6B, 0xA4, 0x2E, 0xEF, 0xF8, 0xB6, 0x99, 0xCF,
    0x1B, 0x5D, 0x19, 0xEC, 0x32, 0x2F, 0xF5, 0x19, 0x7D, 0x59, 0xAB, 0xC4, 0x47, 0xF6, 0x0E, 0x7D,
    0x05, 0x8C, 0x2D, 0xAD, 0xA9, 0x8A, 0x4A, 0xDB, 0xCC, 0xA5, 0x1E, 0x5F, 0xE9, 0x9C, 0x30, 0x7D,
    0x37, 0xB7, 0xFD, 0xF8, 0xD0, 0x9B, 0xCC, 0x95, 0xBA, 0x09, 0xDA, 0x85, 0xB1, 0xA7, 0x7D, 0xBA,
    0x5E, 0xA5, 0xFE, 0x19, 0xB2, 0x2E, 0x20, 0x27, 0xE4, 0xAB, 0xFC, 0x31, 0x72, 0xD7, 0x43, 0x9F,
    0xB4, 0x30, 0xCA, 0x61, 0x47, 0x55, 0x71, 0xE7, 0xF7, 0x78, 0xED, 0x35, 0xAF, 0xF9, 0x97, 0x17,
    0x9F, 0x31, 0x8F, 0x5B, 0xDC, 0xA0, 0xC2, 0xAC, 0xFE, 0x59, 0x49, 0x0D, 0x88, 0x2A, 0xF9, 0xBC,
    0xBF, 0xE2, 0xBC, 0xE7, 0x39, 0x59, 0xD9, 0x54, 0x30, 0x10, 0x4B, 0x40, 0xF5, 0x77, 0xD0, 0x81,
    0xEB, 0x10, 0x1E, 0xC8, 0x09, 0x65, 0xF1, 0xE0, 0xF9, 0x37, 0xB0, 0x06, 0x73, 0xD9, 0xB3, 0x0B,
    0x3D, 0x9E, 0x84, 0xA3, 0x98, 0x92, 0x3C, 0x7F, 0xD8, 0xFC, 0xC9, 0x1C, 0x3A, 0x54, 0x45, 0x68,
    0x4C, 0xF0, 0x65, 0x1C, 0x46, 0x46, 0x43, 0x67, 0xFA, 0x1B, 0x23, 0x24, 0x28, 0xAB, 0xA2, 0x09,
    0xD6, 0x78, 0xC2, 0xD5, 0x13, 0x63, 0xD7, 0xE8, 0x1D, 0x71, 0xC5, 0xC7, 0x52, 0xFB, 0x49, 0x40,
    0x6D, 0xC3, 0x49, 0xB4, 0x87, 0x54, 0x4F, 0x55, 0x27, 0x43, 0x8C, 0x6D, 0xF0, 0xB4, 0x13, 0x98,
    0x09, 0x97, 0xC8, 0x83, 0xC3, 0x20, 0x6B, 0x15, 0x97, 0x5E, 0xB6, 0x42, 0xB9, 0xA4, 0xAD, 0xEC,
    0x01, 0x38, 0x4E, 0xBB, 0x71, 0xDC, 0xC8, 0x32, 0x6D, 0x23, 0x17, 0x4B, 0xE5, 0x23, 0x17, 0xDF,
    0xB3, 0x5F, 0x91, 0x8B, 0xF2, 0xCB, 0x99, 0xBF, 0x16, 0xD9, 0xCB, 0x95, 0x60, 0xF3, 0xCE, 0x1C,
    0x1C, 0x61, 0x24, 0xFC, 0x50, 0x0C, 0xA8, 0x79, 0xB4, 0xB4, 0xAF, 0xC3, 0x5E, 0x60, 0x66, 0x76,
    0xD5, 0x8F, 0xCF, 0xBC, 0x01, 0xF4, 0x45, 0xAB, 0xCF, 0x1B, 0xFE, 0x98, 0xB7, 0x5E, 0x9F, 0x53,
    0x2F, 0xA8, 0xD5, 0xEA, 0x27, 0xED, 0x95, 0x2F, 0xDE, 0xD9, 0x63, 0x88, 0x96, 0x4A, 0xFD, 0x83,
    0x4D, 0x75, 0x69, 0x58, 0xE6, 0x94, 0xB8, 0xA9, 0x10, 0xDA, 0x94, 0xF7, 0x62, 0x8B, 0xDA, 0xA5,
    0x54, 0xA5, 0x3E, 0xAA, 0x57, 0xDC, 0xAD, 0xA6, 0xE6, 0x8A, 0x89, 0x61, 0x20, 0x99, 0xCF, 0x58,
    0x51, 0x2A, 0xA2, 0x5D, 0x22, 0xBF, 0x62, 0xF2, 0x45, 0x07, 0x7D, 0xEA, 0x51, 0xBC, 0x70, 0x30,
    0xDA, 0x62, 0x6B, 0x3D, 0x1E, 0x64, 0x17, 0xCC, 0xD3, 0xCE, 0xD8, 0x95, 0xA6, 0x4D, 0x35, 0xB6,
    0xDA, 0xA9, 0x26, 0x61, 0x28, 0xA3, 0x5A, 0x73, 0xAF, 0x3A, 0x6A, 0x60, 0xC0, 0xA0, 0x7A, 0xED,
    0x0B, 0x5B, 0xE2, 0x9B, 0xD4, 0xEC, 0xD3, 0xA3, 0x8F, 0x6A, 0xD0, 0xAD, 0x5A, 0x6A, 0x2F, 0x7E,
    0xD5, 0x8F, 0x9D, 0xEA, 0x8B, 0x26, 0xEB, 0x0A, 0x9B, 0xB5, 0x05, 0xB3, 0x8C, 0xA0, 0xE2, 0xBC,
    0x13, 0x02, 0x72, 0x0F, 0xB4, 0x7D, 0x73, 0x2B, 0x94, 0x11, 0xE7, 0x30, 0x07, 0x4B, 0xD4, 0xA7,
    0x5C, 0x93, 0x28, 0xF7, 0x7A, 0x76, 0x63, 0x1F, 0xDB, 0x8B, 0x79, 0x1D, 0x58, 0x22, 0xA9, 0x68,
    0x22, 0x46, 0xC9, 0x75, 0xD6, 0x0E, 0x2B, 0x4D, 0xF1, 0xE6, 0x49, 0xE9, 0x45, 0xF6, 0x12, 0x14,
    0x8D, 0x40, 0x4B, 0xAD, 0x8D, 0x88, 0xBC, 0x96, 0xE0, 0x6D, 0x52, 0x6C, 0x5C, 0x6C, 0x5A, 0x6C,
    0xD8, 0x70, 0x93, 0xA4, 0xFC, 0xBD, 0x19, 0x37, 0x25, 0xE9, 0x0F, 0x95, 0x55, 0xBD, 0x8E, 0xDE,
    0x54, 0x10, 0x1D, 0xDB, 0x24, 0x96, 0xD6, 0x85, 0x9B, 0x20, 0xA4, 0xAC, 0x84, 0x3B, 0x0A, 0x90,
    0xF0, 0x23, 0xD8, 0x88, 0x07, 0x20, 0xC5, 0xAE, 0x28, 0xB6, 0x49, 0x89, 0x42, 0xB1, 0x4F, 0x40,
    0x6C, 0x9E, 0x80, 0x6D, 0xE8, 0xB7, 0x48, 0x91, 0x7C, 0x5B, 0xEC, 0x0B, 0x2C, 0xF1, 0x85, 0x94,
    0x29, 0x70, 0x24, 0xB6, 0xB7, 0xC4, 0xA6, 0x49, 0x83, 0x05, 0x5F, 0x84, 0x83, 0xEC, 0x3B, 0x9C,
    0x33, 0xB6, 0xBF, 0xEC, 0x42, 0x28, 0xB0, 0x56, 0xE7, 0x7A, 0x3F, 0xDF, 0x3B, 0x3F, 0x67, 0xCE,
    0xCC, 0x15, 0x91, 0xCF, 0x44, 0x24, 0x7A, 0x5E, 0x03, 0x7E, 0xC6, 0x5B, 0xF2, 0x1D, 0x20, 0xFB,
    0x14, 0xFF, 0x69, 0xD1, 0x4A, 0xEE, 0x8B, 0x5E, 0x74, 0xAC, 0xFA, 0x50, 0xDB, 0xA4, 0x8F, 0x55,
    0x92, 0x2E, 0x1D, 0x25, 0x6E, 0xB3, 0xAD, 0x04, 0x25, 0x3E, 0x89, 0x14, 0x1D, 0xA1, 0x5D, 0xA1,
    0x72, 0xBB, 0x7F, 0xED, 0x43, 0x2F, 0xEF, 0x49, 0x3E, 0xC8, 0x37, 0x92, 0x8E, 0x5F, 0xAB, 0xC4,
    0xA3, 0x7A, 0x09, 0x06, 0xC5, 0xC1, 0xDF, 0x3D, 0x3E, 0xFF, 0x81, 0xDD, 0xE1, 0xAF, 0x6E, 0xF5,
    0xFF, 0x1C, 0x3F, 0x05, 0x9B, 0xCD, 0xE6, 0x24, 0x52, 0xD5, 0x96, 0xE0, 0xA4, 0x79, 0x75, 0xEE,
    0x60, 0x35, 0xC5, 0x5B, 0x9D, 0xD6, 0xA2, 0xD8, 0x27, 0x5A, 0x12, 0x0E, 0x81, 0x0A, 0x53, 0x01,
    0x21, 0xD4, 0xCD, 0x89, 0x84, 0xB4, 0xF9, 0x81, 0xBF, 0x07, 0xBF, 0x3A, 0x10, 0xB6, 0x02, 0x97,
    0x4C, 0x8A, 0x90, 0x7B, 0x3B, 0xE0, 0x16, 0xE0, 0x0F, 0x35, 0xCE, 0x61, 0x53, 0x4C, 0x0B, 0xA9,
    0x3F, 0xEA, 0x25, 0xEF, 0xA3, 0x1E, 0x91, 0x47, 0x9D, 0xE5, 0x10, 0x54, 0x2F, 0x4B, 0x7E, 0xEC,
    0x08, 0xCC, 0x89, 0xA6, 0x78, 0x38, 0x25, 0xDC, 0x6A, 0x2E, 0xD7, 0x84, 0x11, 0x5A, 0x29, 0x2A,
    0x79, 0x29, 0x5E, 0x0A, 0xD9, 0x47, 0xE0, 0x70, 0xBE, 0x82, 0x6C, 0x1E, 0xC9, 0x83, 0x27, 0x81,
    0x8E, 0xA2, 0x3E, 0xD0, 0x49, 0xF0, 0x57, 0x78, 0xC9, 0xE0, 0x42, 0x25, 0x73, 0xC0, 0x32, 0x07,
    0x36, 0x2E, 0x77, 0x41, 0x53, 0x5D, 0x56, 0x2D, 0x3C, 0xA8, 0x0E, 0x86, 0xDB, 0xD9, 0x67, 0xCA,
    0xF7, 0x7E, 0xC6, 0xDB, 0xFE, 0x4B, 0xAF, 0xF7, 0xC2, 0x31, 0x00, 0x93, 0xE1, 0x48, 0x63, 0xD1,
    0x28, 0xCD, 0x28, 0xD1, 0x20, 0xD5, 0x28, 0xFB, 0xF0, 0x3F, 0x9A, 0xC9, 0x51, 0x2A, 0x95, 0x74,
    0x20, 0x9F, 0x8F, 0x84, 0x54, 0xCA, 0xCA, 0x27, 0xD2, 0xA9, 0x5C, 0xD1, 0x07, 0xCD, 0x65, 0xF5,
    0xDA, 0x6C, 0x12, 0xFC, 0x2D, 0xFD, 0xBE, 0xB9, 0x42, 0x0E, 0xEA, 0x02, 0x3D, 0xD2, 0x12, 0xBC,
    0xF8, 0x99, 0x9C, 0x48, 0xC1, 0x5B, 0x34, 0x51, 0x24, 0x64, 0xF1, 0x3F, 0xF9, 0xDC, 0xDB, 0x9C,
    0xEC, 0x9D, 0x86, 0x9B, 0xD3, 0x5C, 0xDB, 0xAC, 0x4F, 0xB4, 0xCF, 0x15, 0x4E, 0x12, 0xED, 0x70,
    0xB4, 0xD8, 0xC2, 0x30, 0xD6, 0x66, 0x1B, 0x4C, 0x5C, 0x75, 0x80, 0xA9, 0x08, 0x64, 0x0C, 0x88,
    0x3A, 0xF4, 0x11, 0xB2, 0xED, 0x8D, 0xAB, 0x95, 0x33, 0xA3, 0x6D, 0x79, 0x3E, 0xDE, 0xF0, 0x79,
    0x2C, 0x8D, 0xFD, 0x3C, 0xC9, 0x03, 0xD5, 0x33, 0xD5, 0xC7, 0xF0, 0xEA, 0x43, 0xCF, 0x38, 0x14,
    0x5C, 0x0C, 0x5C, 0x07, 0xA1, 0xB0, 0xA4, 0xE9, 0xDF, 0xAE, 0x26, 0xC9, 0x56, 0xAC, 0xDE, 0xA8,
    0x94, 0xA9, 0xE7, 0xED, 0x93, 0x70, 0x5B, 0x4A, 0xC8, 0x00, 0x0D, 0x9D, 0x36, 0xEA, 0x77, 0x02,
    0x76, 0x94, 0xD6, 0x52, 0xEC, 0x8A, 0xA0, 0x2F, 0xB4, 0x8E, 0x40, 0x51, 0x09, 0x12, 0xB4, 0x4C,
    0xE0, 0x8F, 0xA7, 0x09, 0x21, 0x4A, 0xD9, 0x47, 0xA8, 0x6A, 0x1F, 0x13, 0xD2, 0x09, 0xD4, 0xA3,
    0x10, 0x64, 0xB6, 0x8E, 0xF5, 0x4F, 0x75, 0xA1, 0x3E, 0x83, 0x81, 0x3B, 0xAB, 0x67, 0x98, 0xD3,
    0xB2, 0xBA, 0x96, 0xE6, 0x3E, 0x43, 0x53, 0x68, 0x24, 0x26, 0x64, 0x7A, 0x86, 0x2A, 0xF6, 0xC1,
    0xC8, 0xC8, 0x07, 0xEA, 0xFD, 0x34, 0xE4, 0xD6, 0x82, 0x42, 0x2D, 0x28, 0xC8, 0x95, 0x9A, 0x9A,
    0x61, 0x3B, 0x39, 0xF6, 0x78, 0xB3, 0xAA, 0xC4, 0x56, 0x29, 0xB4, 0x1A, 0xAA, 0xD7, 0x36, 0x68,
    0x98, 0x39, 0x7A, 0x4F, 0x15, 0xF1, 0xD8, 0x01, 0x5B, 0xEC, 0xC9, 0xDE, 0x06, 0x89, 0x4C, 0x28,
    0x51, 0xA4, 0x63, 0xCE, 0x0D, 0x8E, 0x87, 0x2B, 0x67, 0x3C, 0x38, 0xA6, 0xDF, 0xD4, 0x16, 0xD1,
    0xB7, 0x74, 0xAB, 0x9F, 0x8F, 0xB3, 0x08, 0x27, 0x44, 0x36, 0xC7, 0x47, 0x0C, 0x3D, 0xF4, 0x85,
    0x3A, 0xF2, 0x68, 0x34, 0x21, 0x7B, 0x28, 0x84, 0x61, 0xA2, 0xB8, 0x38, 0x0B, 0x8E, 0x1A, 0x07,
    0x91, 0x58, 0xF5, 0xB5, 0x86, 0x20, 0x91, 0x32, 0x86, 0xC7, 0x5D, 0x36, 0x78, 0x0E, 0x03, 0x1D,
    0x2B, 0xDD, 0x16, 0x67, 0x7A, 0xDE, 0x16, 0xD1, 0x98, 0xBA, 0x87, 0x31, 0xE0, 0x4E, 0x3C, 0x06,
    0x28, 0xCC, 0x70, 0x7F, 0x89, 0x37, 0x55, 0xF6, 0xE8, 0x15, 0xF2, 0x1A, 0x6E, 0xA3, 0xE5, 0x02,
    0x98, 0x94, 0x66, 0x5A, 0x3F, 0x36, 0x4B, 0x9D, 0x66, 0xB0, 0x7D, 0xA9, 0x8E, 0x0B, 0x98, 0xF2,
    0xA9, 0x61, 0xD0, 0x67, 0x03, 0x05, 0xBB, 0x5E, 0x42, 0x14, 0x01, 0x9A, 0xEC, 0x35, 0x79, 0x06,
    0xFB, 0x44, 0x2F, 0xBB, 0xCE, 0x46, 0x82, 0x73, 0x9A, 0xB7, 0xF4, 0x50, 0x7F, 0x41, 0xF9, 0xCF,
    0x91, 0x4E, 0xC0, 0x1F, 0x68, 0xA7, 0x63, 0xB2, 0x07, 0xA4, 0x97, 0x1C, 0xCF, 0xED, 0xB0, 0xA0,
    0xF5, 0x02, 0x4A, 0xD1, 0x1A, 0xDA, 0x74, 0xC1, 0x80, 0x64, 0x39, 0xBA, 0x15, 0x12, 0xFB, 0xE6,
    0xCD, 0x8F, 0x15, 0x11, 0xB4, 0xFC, 0x75, 0xDC, 0x47, 0x90, 0x14, 0x45, 0x13, 0xF5, 0xE0, 0x26,
    0xEA, 0x32, 0xB6, 0x7C, 0x7E, 0x7D, 0xB0, 0x1E, 0x7E, 0x55, 0xB4, 0xA1, 0x4E, 0x15, 0x4B, 0x05,
    0x09, 0x57, 0x2D, 0x7E, 0x2B, 0x5C, 0x31, 0x37, 0xB1, 0x54, 0x75, 0x36, 0x05, 0xE0, 0x95, 0x59,
    0x5A, 0x97, 0xC3, 0x3D, 0xE3, 0xA4, 0x99, 0xE8, 0xA6, 0xEF, 0x4F, 0x40, 0x65, 0x34, 0x77, 0x34,
    0xE8, 0x89, 0xDE, 0x1C, 0x4D, 0xF8, 0x88, 0x54, 0xE2, 0xD6, 0x72, 0x30, 0x80, 0xFB, 0x6B, 0x83,
    0x6B, 0x51, 0xEA, 0x44, 0x8D, 0x4D, 0x72, 0xFC, 0xE6, 0xF0, 0x60, 0x25, 0x3B, 0x3C, 0x85, 0x40,
    0x30, 0x2A, 0x1B, 0x97, 0x74, 0xB3, 0x20, 0x73, 0x12, 0x0C, 0x3A, 0x21, 0x9A, 0xF7, 0xCB, 0x9B,
    0xE9, 0x9B, 0xF7, 0x94, 0x07, 0xB3, 0x2B, 0x6A, 0x53, 0x4F, 0xB8, 0xBB, 0xA7, 0x34, 0xDF, 0x79,
    0xAF, 0xE4, 0xFF, 0xEB, 0x5E, 0xC1, 0x34, 0xA0, 0x5F, 0x3F, 0xDF, 0x03, 0x14, 0xDC, 0xBF, 0x32,
    0x4F, 0x6C, 0x3C, 0x6D, 0x38, 0x9B, 0xB0, 0xC7, 0x04, 0x68, 0xB9, 0xCD, 0x02, 0x64, 0x87, 0xB0,
    0x15, 0xDD, 0x53, 0x0A, 0xF0, 0x22, 0x19, 0xD2, 0xFA, 0x22, 0x1D, 0x30, 0xD0, 0xD3, 0xED, 0x3A,
    0x1E, 0x76, 0x33, 0x42, 0xFE, 0x19, 0x9B, 0xC9, 0x6E, 0x60, 0x51, 0xA7, 0x45, 0x76, 0x74, 0x64,
    0x2A, 0x9A, 0xDF, 0xEC, 0xC9, 0x17, 0x4E, 0xAF, 0xCF, 0x16, 0xB1, 0xA9, 0x14, 0x5B, 0xC5, 0x46,
    0xF6, 0x7E, 0xBB, 0x4A, 0x27, 0xDB, 0xB9, 0x4C, 0xB6, 0xEB, 0xC4, 0x9D, 0x4B, 0xC4, 0x8B, 0x2F,
    0xE4, 0x9E, 0x80, 0x3C, 0xDF, 0x3D, 0xB9, 0x61, 0xAE, 0xF8, 0x69, 0xCB, 0x72, 0xF5, 0xB3, 0xCA,
    0x42, 0x3D, 0xB9, 0x8F, 0x0C, 0x60, 0xEB, 0xC3, 0x90, 0x9B, 0x31, 0xDC, 0xD1, 0xB6, 0x96, 0x34,
    0xB6, 0x7F, 0x84, 0xB6, 0x74, 0xE8, 0x58, 0x14, 0x11, 0xE3, 0xB8, 0xB4, 0xBE, 0x8D, 0xC7, 0x04,
    0x62, 0x98, 0x9A, 0x81, 0xE1, 0x76, 0x62, 0x7D, 0xA3, 0x6C, 0x29, 0x3C, 0xE1, 0x7C, 0x13, 0x45,
    0xFD, 0x3B, 0x96, 0xCA, 0x1A, 0x68, 0xB9, 0x21, 0xB3, 0xF9, 0xD2, 0xAA, 0xF4, 0x37, 0x76, 0xA0,
    0x7E, 0xF1, 0x8C, 0x53, 0xC1, 0xA7, 0x3F, 0x2A, 0x2F, 0x8D, 0xD4, 0x29, 0x13, 0xCB, 0x6A, 0x58,
    0xCE, 0xBB, 0xBC, 0xC6, 0x78, 0x2A, 0xDA, 0xA2, 0xAC, 0x6A, 0x6A, 0x79, 0x9E, 0xCF, 0xF3, 0x22,
    0x5C, 0x02, 0x95, 0x87, 0x10, 0x18, 0x2E, 0xF5, 0xA7, 0x73, 0x9C, 0x3F, 0x70, 0x19, 0xE5, 0x02,
    0xDB, 0xF6, 0x6D, 0xF0, 0xBB, 0xC2, 0x96, 0xBE, 0xB0, 0xF1, 0xDF, 0x59, 0xC3, 0x87, 0x6B, 0x27,
    0xA0, 0x4B, 0x5E, 0xB1, 0xD1, 0xAC, 0x4B, 0x38, 0xD8, 0x1A, 0x83, 0x1A, 0x00, 0x37, 0xC8, 0xAF,
    0x6C, 0xDC, 0x1E, 0xAE, 0x3A, 0xD6, 0x8A, 0x13, 0xCD, 0xD7, 0x6B, 0xAD, 0x3C, 0x49, 0xF2, 0x1C,
    0xA5, 0x07, 0x0B, 0xF1, 0x39, 0x89, 0x6F, 0x76, 0x15, 0xFA, 0x1B, 0x55, 0x53, 0x31, 0x6E, 0xDD,
    0x30, 0x0C, 0xA5, 0xAD, 0x00, 0x6E, 0xEA, 0xC1, 0x19, 0xDA, 0x59, 0x6B, 0x97, 0x54, 0x27, 0x28,
    0xE4, 0x23, 0x64, 0xF9, 0x97, 0xE8, 0xD4, 0x03, 0x14, 0x91, 0x80, 0x5E, 0xA0, 0xE7, 0x70, 0x2F,
    0xD0, 0x4D, 0x4A, 0x2F, 0x10, 0x1F, 0xE1, 0xA3, 0x4B, 0x57, 0x23, 0x70, 0x00, 0x23, 0x90, 0xC5,
    0x92, 0xD4, 0x57, 0xDC, 0x0A, 0x1F, 0xCF, 0x1F, 0xA4, 0x48, 0xBF, 0xF7, 0x48, 0x03, 0x5C, 0x01,
    0x9F, 0x4F, 0x82, 0xC8, 0xA0, 0x12, 0xA3, 0x5E, 0x18, 0x5D, 0x24, 0x68, 0x24, 0xDC, 0x49, 0xD8,
    0xBC, 0x4C, 0xD3, 0x34, 0x3A, 0xA4, 0x13, 0x03, 0xA3, 0xB7, 0x8C, 0xA3, 0x91, 0xEB, 0xC3, 0x76,
    0x34, 0x28, 0xCD, 0xC0, 0x79, 0x29, 0x9B, 0x25, 0x1D, 0x25, 0x2D, 0x71, 0x78, 0x5B, 0xB3, 0x2D,
    0x52, 0xB2, 0xC7, 0x15, 0xC0, 0x22, 0x55, 0x52, 0x37, 0x50, 0x3B, 0xBA, 0xA8, 0x97, 0x6C, 0xCE,
    0xEE, 0x61, 0xEF, 0xB7, 0xFB, 0x26, 0xB5, 0xEB, 0x87, 0x36, 0xC1, 0x5C, 0x7A, 0x17, 0xD8, 0x2A,
    0x74, 0x54, 0x0A, 0xFD, 0x52, 0x61, 0x10, 0x38, 0x57, 0x00, 0xB8, 0x11, 0xFC, 0xC9, 0xD0, 0xFE,
    0x47, 0x4D, 0xE8, 0x18, 0xB9, 0x34, 0xAC, 0x17, 0xE6, 0x9F, 0xA7, 0xE9, 0x07, 0x82, 0x48, 0x1B,
    0xF1, 0x40, 0xCE, 0xF6, 0xDB, 0x71, 0x1F, 0x59, 0x96, 0xCA, 0x47, 0xA9, 0x15, 0x85, 0x76, 0x64,
    0xBC, 0x2E, 0x02, 0xBF, 0x73, 0x92, 0xC3, 0x9A, 0xC1, 0xC4, 0x0A, 0x56, 0xC0, 0x57, 0x70, 0x5C,
    0x13, 0x80, 0x06, 0x11, 0xE0, 0xE6, 0x23, 0x71, 0x5B, 0x9D, 0x47, 0x95, 0xEC, 0x9C, 0xF5, 0x3A,
    0x3C, 0xEF, 0x2E, 0xAA, 0xCC, 0xEF, 0x47, 0xA4, 0xD7, 0x3B, 0xA4, 0xB7, 0x6B, 0xA4, 0x8A, 0x7E,
    0x67, 0x02, 0xCB, 0x45, 0x9F, 0x48, 0xFC, 0x5A, 0x44, 0x36, 0x3B, 0xFF, 0xE8, 0x46, 0x2A, 0x42,
    0x99, 0x30, 0x4B, 0x0D, 0x5E, 0xFE, 0xB7, 0xB9, 0x70, 0x96, 0x59, 0x91, 0x60, 0xCB, 0x13, 0x25,
    0xC9, 0x58, 0x8E, 0xBF, 0x3C, 0xC7, 0x50, 0x9E, 0x45, 0x18, 0xF5, 0x12, 0x5B, 0x69, 0xCC, 0xB2,
    0x07, 0xD4, 0x8B, 0xFB, 0x48, 0x2F, 0x62, 0x23, 0xCE, 0x90, 0x2C, 0xB9, 0xAB, 0x3D, 0x98, 0xB1,
    0xB8, 0x50, 0x8C, 0x68, 0x96, 0xC3, 0x3D, 0x2B, 0x96, 0x21, 0x2B, 0x50, 0xB4, 0x42, 0x2C, 0x06,
    0x29, 0x1D, 0x1E, 0xFF, 0x24, 0x5A, 0x84, 0xE1, 0x77, 0x26, 0x5E, 0x7A, 0x0E, 0x63, 0x37, 0x9B,
    0x68, 0xA0, 0x1D, 0x4D, 0x7C, 0x53, 0x1D, 0xAB, 0xE8, 0x0F, 0xA3, 0x9D, 0xF4, 0x0F, 0xFF, 0xCC,
    0x94, 0xF1, 0x16, 0x32, 0x2C, 0x14, 0xCD, 0xAC, 0xEE, 0x61, 0xA7, 0x4D, 0xD6, 0x4F, 0x29, 0x44,
    0xE8, 0x30, 0x23, 0xAF, 0x1B, 0x1B, 0x49, 0x13, 0x66, 0xAE, 0x96, 0x89, 0xC0, 0x20, 0x5B, 0x51,
    0xCC, 0xAC, 0xE7, 0xDD, 0xD1, 0x5A, 0xC9, 0xB0, 0x07, 0xB6, 0x9E, 0x0A, 0x56, 0xFE, 0x20, 0x78,
    0x51, 0xFB, 0xBC, 0x53, 0x3B, 0xF3, 0x94, 0xC8, 0x5C, 0xFC, 0x96, 0xF4, 0xB9, 0xD9, 0x55, 0xA2,
    0x0D, 0xFC, 0xA2, 0xB6, 0x96, 0x98, 0x2A, 0x59, 0x0B, 0xD9, 0xCD, 0xB2, 0x97, 0xC5, 0xC1, 0x8A,
    0xE7, 0x8A, 0x2A, 0xEA, 0x59, 0x53, 0xD4, 0x44, 0xE7, 0xBB, 0x64, 0x7E, 0x65, 0x62, 0x68, 0x1F,
    0x89, 0x62, 0x10, 0x8A, 0x56, 0xBC, 0x1A, 0x50, 0x56, 0x1E, 0x97, 0xD7, 0xDD, 0x83, 0xFB, 0x57,
    0xAA, 0xFC, 0x05, 0xAE, 0x17, 0x74, 0x82, 0xEF, 0x4F, 0xA7, 0xD3, 0x1D, 0xFC, 0x05, 0xA5, 0x91,
    0xBF, 0x4E, 0x03, 0x31, 0x0C, 0xC6, 0x3F, 0x9A, 0xE1, 0x86, 0x0A, 0xB2, 0x30, 0x22, 0x75, 0x65,
    0xA8, 0x28, 0x43, 0x87, 0x1B, 0xAE, 0xCA, 0x49, 0x3C, 0x10, 0x8C, 0x6C, 0x74, 0x63, 0x84, 0x47,
    0x61, 0x04, 0x81, 0x74, 0x2E, 0x7D, 0x01, 0xB7, 0x0C, 0x0C, 0x48, 0x90, 0x07, 0x40, 0x10, 0xA1,
    0x4A, 0x04, 0x71, 0x6D, 0xF0, 0x25, 0xAD, 0x84, 0xF8, 0x33, 0x20, 0x12, 0xDB, 0xFA, 0x29, 0xFE,
    0x12, 0x5B, 0x31, 0xB6, 0x91, 0xFF, 0xB6, 0xB5, 0x37, 0xBE, 0x72, 0x95, 0x35, 0x25, 0xB6, 0x21,
    0x07, 0x28, 0x00, 0x23, 0x36, 0x84, 0x61, 0x18, 0x87, 0x7C, 0x86, 0xFC, 0x10, 0x79, 0x81, 0x3C,
    0x8F, 0xD6, 0x47, 0x7E, 0xA0, 0xFD, 0xA9, 0xF1, 0xA8, 0x1C, 0x2A, 0x0B, 0xB9, 0xB7, 0x5A, 0xFB,
    0x82, 0xFB, 0xA1, 0x44, 0x2F, 0xBC, 0x97, 0x30, 0x6F, 0x59, 0x89, 0x01, 0x24, 0xE4, 0x7F, 0x0A,
    0x6B, 0xA1, 0x6C, 0xFB, 0x2C, 0xC0, 0x78, 0x1D, 0x50, 0xCD, 0x74, 0x2D, 0x45, 0x32, 0xD7, 0xF4,
    0xF3, 0x65, 0xFD, 0x54, 0xAD, 0x2D, 0x0F, 0xB4, 0xE4, 0x6C, 0x10, 0x24, 0x98, 0x70, 0x2C, 0xE1,
    0xF4, 0xBF, 0xD5, 0xDC, 0xB7, 0xFD, 0x52, 0x87, 0x45, 0xDD, 0x71, 0x1D, 0xB7, 0xE3, 0x0A, 0x37,
    0x0B, 0x7C, 0x81, 0x33, 0x91, 0xB5, 0xE0, 0x0C, 0x5E, 0x03, 0x82, 0xD8, 0x09, 0xBC, 0x86, 0xFB,
    0x6C, 0x3D, 0xBC, 0xA4, 0xD4, 0x43, 0x93, 0x2A, 0x35, 0xA0, 0xD3, 0xF3, 0x9B, 0x88, 0x5F, 0xBE,
    0x74, 0x45, 0x03, 0xA7, 0xC8, 0x38, 0x75, 0x1D, 0x58, 0x3D, 0xCF, 0x91, 0x85, 0x1A, 0x47, 0xBE,
    0x40, 0x45, 0x05, 0x2E, 0xA9, 0xC9, 0x47, 0x3F, 0x8B, 0x9A, 0x51, 0xB0, 0xEA, 0x61, 0x01, 0x25,
    0x9A, 0xDE, 0x5C, 0x34, 0x9C, 0x74, 0x7B, 0x51, 0x83, 0xE8, 0x2D, 0x71, 0xB4, 0xDF, 0x92, 0xA3,
    0x0A, 0x56, 0x7A, 0x60, 0x28, 0x37, 0xAA, 0x33, 0x3B, 0xF2, 0x68, 0x33, 0x85, 0x0E, 0xD1, 0x1C,
    0xEB, 0x4C, 0xB7, 0x57, 0x44, 0x77, 0xE8, 0x32, 0x4D, 0x1D, 0xD1, 0xCD, 0xB0, 0xCF, 0xC4, 0x96,
    0x68, 0x4A, 0xBB, 0x02, 0x4C, 0x34, 0x59, 0x01, 0x7F, 0x83, 0x09, 0xF5, 0x13, 0x4C, 0xA9, 0x9B,
    0xE0, 0x66, 0xB8, 0xB5, 0x04, 0x6C, 0x24, 0xB8, 0x47, 0x96, 0xE0, 0x11, 0x2A, 0x81, 0x07, 0x6C,
    0x04, 0x07, 0x1C, 0x34, 0x30, 0x92, 0x5E, 0xBB, 0x0D, 0x8C, 0x65, 0xB2, 0xBA, 0x81, 0x7B, 0xE9,
    0x59, 0xB1, 0x80, 0x8F, 0x83, 0x10, 0xB0, 0x0D, 0x14, 0xCC, 0xE3, 0x38, 0x20, 0xCD, 0xFC, 0x14,
    0x3F, 0xB1, 0x65, 0xD9, 0xA7, 0xEF, 0x3C, 0x9F, 0x72, 0x82, 0xCE, 0xF3, 0x72, 0x7E, 0xAA, 0x5E,
    0x4D, 0x32, 0x5E, 0xFE, 0x00, 0x7D, 0x8E, 0xB1, 0x0D, 0xC2, 0x30, 0x10, 0x45, 0x7F, 0x9C, 0x22,
    0x45, 0x8A, 0x94, 0x94, 0x19, 0x21, 0x23, 0x98, 0x21, 0x60, 0x9E, 0x64, 0x04, 0xC6, 0x88, 0x60,
    0x08, 0x67, 0x03, 0x22, 0x16, 0xC0, 0x23, 0xB8, 0xA0, 0x88, 0x90, 0xC9, 0xF1, 0xCF, 0x11, 0x21,
    0x12, 0x12, 0x57, 0x3C, 0x59, 0xA7, 0xF3, 0xFF, 0x0F, 0x80, 0xBB, 0x79, 0xA0, 0x94, 0xFB, 0x03,
    0x68, 0xE4, 0x3A, 0x01, 0xD6, 0x57, 0x7C, 0xBB, 0xAE, 0xE4, 0x5E, 0xA0, 0x93, 0x68, 0xE4, 0x7C,
    0x19, 0x79, 0x22, 0x32, 0xC2, 0x92, 0x03, 0x76, 0xF3, 0xB1, 0x1D, 0x90, 0xBF, 0x60, 0xC9, 0x88,
    0x36, 0xD1, 0x75, 0x28, 0x22, 0x64, 0x8F, 0x72, 0xD2, 0x7F, 0x0B, 0x19, 0xA8, 0x0C, 0x59, 0xA2,
    0x99, 0x81, 0x3A, 0x18, 0xE9, 0xD0, 0x84, 0x9C, 0x69, 0x8D, 0xCF, 0x99, 0x66, 0x47, 0x6D, 0x61,
    0x14, 0xA7, 0x55, 0x66, 0x0C, 0xE1, 0x22, 0x95, 0xB7, 0x51, 0xE9, 0x3C, 0x36, 0x93, 0xB9, 0x67,
    0xAF, 0xE6, 0x12, 0xD5, 0x5C, 0x36, 0xE6, 0x55, 0x50, 0xE7, 0x95, 0x46, 0xFA, 0x3A, 0xF0, 0x24,
    0x36, 0x9E, 0x71, 0xD1, 0x7A, 0x9A, 0x1F, 0x58, 0xB7, 0x9A, 0xAF, 0xFE, 0x45, 0xF2, 0xA7, 0xF3,
    0x42, 0x0A, 0x7C, 0xCC, 0xBF, 0xFE, 0x6A, 0x7E, 0xA2, 0xB3, 0x11, 0x9F, 0xCC, 0xFD, 0xAF, 0x39,
    0xFE, 0x9A, 0xBF, 0x01, 0x5D, 0xD0, 0x31, 0x4E, 0xC3, 0x30, 0x14, 0x06, 0xE0, 0x3F, 0x36, 0x52,
    0x06, 0x50, 0xB3, 0xB1, 0x10, 0xD1, 0x0B, 0x44, 0x6A, 0x87, 0x0C, 0x19, 0x2A, 0xE2, 0x23, 0xB0,
    0x73, 0x04, 0x86, 0x66, 0xE8, 0x40, 0x27, 0x72, 0x05, 0x24, 0x8E, 0x50, 0x06, 0xBA, 0x24, 0x43,
    0x07, 0x86, 0x4A, 0xF1, 0x11, 0x72, 0x04, 0x0F, 0x2C, 0x6C, 0x1E, 0x32, 0x04, 0x51, 0xF2, 0x78,
    0x76, 0x08, 0x03, 0x5E, 0x3E, 0x5B, 0x7E, 0xB2, 0xFE, 0xDF, 0x00, 0xA2, 0x12, 0x6E, 0xDD, 0x58,
    0x4F, 0xB6, 0x19, 0xC9, 0x46, 0x56, 0x9E, 0x34, 0xF1, 0x14, 0xE3, 0xC9, 0xFA, 0x3B, 0xA9, 0x53,
    0xC7, 0x5C, 0xD5, 0x8E, 0x23, 0xBE, 0x48, 0x43, 0xB6, 0x18, 0x9E, 0x0C, 0xCE, 0x21, 0x34, 0x2C,
    0xAE, 0x1D, 0x86, 0x4E, 0xCC, 0xA5, 0xF9, 0x50, 0x00, 0x51, 0xD7, 0x02, 0x62, 0xB8, 0x5D, 0x31,
    0xD2, 0x22, 0x66, 0x22, 0x8B, 0x84, 0x39, 0x6E, 0x5F, 0xDF, 0x5A, 0x08, 0x93, 0x93, 0xE5, 0x13,
    0x36, 0x78, 0x70, 0xD4, 0x70, 0x93, 0x28, 0x90, 0x39, 0xF2, 0x97, 0x03, 0xF5, 0x40, 0x43, 0x66,
    0x5F, 0x95, 0x30, 0x52, 0x21, 0xE8, 0x61, 0x19, 0x2C, 0x88, 0x2A, 0x1E, 0x08, 0xAA, 0xFD, 0x37,
    0x23, 0x68, 0x50, 0x2E, 0xD3, 0xE3, 0xF3, 0x5D, 0xE7, 0x82, 0x1A, 0x1E, 0x60, 0x23, 0xB7, 0xE7,
    0x77, 0x7C, 0xFA, 0x03, 0x60, 0x9C, 0x09, 0xF7, 0x80, 0xBF, 0x0C, 0x7D, 0x37, 0x59, 0xCE, 0xBC,
    0x42, 0xC7, 0x38, 0x03, 0x14, 0x4C, 0x82, 0x85, 0x12, 0x9D, 0x2B, 0x9D, 0x6B, 0x79, 0x42, 0x9D,
    0x22, 0x2F, 0xD9, 0x62, 0xC9, 0x8F, 0x0A, 0x8B, 0x74, 0x89, 0xF1, 0x8B, 0xFE, 0x9B, 0x46, 0xEF,
    0xC0, 0x5A, 0x17, 0xD9, 0xC5, 0x15, 0xD1, 0x4E, 0xD7, 0x49, 0xB4, 0x03, 0xEE, 0xB5, 0x8D, 0x43,
    0xE2, 0xA5, 0xCC, 0x4C, 0x30, 0x83, 0xD0, 0x21, 0x9A, 0x6E, 0xDD, 0xCB, 0x52, 0xEA, 0xB9, 0x0E,
    0x5B, 0x0E, 0x69, 0x82, 0xE6, 0x93, 0x73, 0xFD, 0xE5, 0x9C, 0x72, 0x4F, 0x3D, 0xA6, 0x5E, 0xBF,
    0x3D, 0x7F, 0x00,
};

static const EpdGlyph bitter_14_bolditalicGlyphs[] = {
    { 0, 0, 82, 0, 0, 0, 0 }, // U+0020
    { 8, 22, 146, 1, 21, 44, 0 }, // !
    { 10, 9, 197, 3, 23, 23, 44 }, // "
    { 19, 21, 302, 0, 21, 100, 67 }, // #
    { 18, 29, 282, 0, 25, 131, 167 }, // $
    { 21, 22, 391, 2, 21, 116, 298 }, // %
    { 19, 22, 315, 1, 21, 105, 414 }, // &
    { 5, 9, 111, 3, 23, 12, 519 }, // '
    { 12, 31, 145, 0, 27, 93, 531 }, // (
    { 12, 31, 145, -2, 26, 93, 624 }, // )
    { 11, 11, 198, 2, 23, 31, 717 }, // *
    { 15, 15, 252, 1, 18, 57, 748 }, // +
    { 8, 11, 119, -2, 5, 22, 805 }, // ,
    { 10, 5, 190, 1, 11, 13, 827 }, // -
    { 6, 6, 121, 0, 5, 9, 840 }, // .
    { 15, 27, 153, -2, 24, 102, 849 }, // /
    { 17, 19, 293, 1, 18, 81, 951 }, // 0
    { 12, 17, 202, 0, 17, 51, 1032 }, // 1
    { 16, 18, 266, 0, 18, 72, 1083 }, // 2
    { 17, 22, 257, -2, 18, 94, 1155 }, // 3
    { 18, 22, 276, -1, 18, 99, 1249 }, // 4
    { 16, 21, 247, -1, 17, 84, 1348 }, // 5
    { 16, 22, 279, 1, 21, 88, 1432 }, // 6
    { 16, 22, 252, 1, 18, 88, 1520 }, // 7
    { 17, 22, 280, 0, 21, 94, 1608 }, // 8
    { 17, 22, 279, 0, 18, 94, 1702 }, // 9
    { 7, 16, 121, 0, 15, 28, 1796 }, // :
    { 9, 21, 121, -2, 15, 48, 1824 }, // ;
    { 15, 14, 241, 1, 17, 53, 1872 }, // <
    { 15, 10, 302, 2, 15, 38, 1925 }, // =
    { 15, 14, 241, 0, 17, 53, 1963 }, // >
    { 13, 22, 202, 1, 21, 72, 2016 }, // ?
    { 24, 24, 407, 1, 20, 144, 2088 }, // @
    { 21, 21, 321, -2, 21, 111, 2232 }, // A
    { 19, 21, 297, -1, 21, 100, 2343 }, // B
    { 18, 22, 287, 1, 21, 99, 2443 }, // C
    { 21, 21, 328, -1, 21, 111, 2542 }, // D
    { 19, 21, 278, -1, 21, 100, 2653 }, // E
    { 19, 21, 257, -1, 21, 100, 2753 }, // F
    { 20, 22, 326, 1, 21, 110, 2853 }, // G
    { 25, 21, 357, -1, 21, 132, 2963 }, // H
    { 13, 21, 168, -1, 21, 69, 3095 }, // I
    { 15, 26, 159, -3, 21, 98, 3164 }, // J
    { 23, 21, 326, -1, 21, 121, 3262 }, // K
    { 16, 21, 254, -1, 21, 84, 3383 }, // L
    { 27, 21, 395, -1, 21, 142, 3467 }, // M
    { 24, 21, 348, -1, 21, 126, 3609 }, // N
    { 20, 22, 335, 1, 21, 110, 3735 }, // O
    { 19, 21, 279, -1, 21, 100, 3845 }, // P
    { 21, 27, 336, 1, 21, 142, 3945 }, // Q
    { 20, 21, 303, -1, 21, 105, 4087 }, // R
    { 17, 22, 274, 0, 21, 94, 4192 }, // S
    { 18, 21, 280, 1, 21, 95, 4286 }, // T
    { 21, 22, 337, 2, 21, 116, 4381 }, // U
    { 22, 22, 326, 1, 21, 121, 4497 }, // V
    { 30, 22, 463, 1, 21, 165, 4618 }, // W
    { 23, 21, 324, -1, 21, 121, 4783 }, // X
    { 20, 21, 297, 1, 21, 105, 4904 }, // Y
    { 20, 21, 282, -1, 21, 105, 5009 }, // Z
    { 12, 30, 156, 0, 26, 90, 5114 }, // [
    { 7, 27, 153, 2, 24, 48, 5204 }, // <backslash>
    { 13, 30, 156, -2, 26, 98, 5252 }, // ]
    { 15, 11, 234, 0, 26, 42, 5350 }, // ^
    { 15, 4, 220, -2, -1, 15, 5392 }, // _
    { 9, 8, 180, 3, 25, 18, 5407 }, // `
    { 16, 17, 276, 0, 16, 68, 5425 }, // a
    { 17, 24, 269, 0, 23, 102, 5493 }, // b
    { 15, 17, 227, 0, 16, 64, 5595 }, // c
    { 18, 24, 276, 0, 23, 108, 5659 }, // d
    { 15, 17, 241, 0, 16, 64, 5767 }, // e
    { 19, 31, 169, -4, 23, 148, 5831 }, // f
    { 17, 24, 269, -1, 16, 102, 5979 }, // g
    { 17, 24, 281, 0, 23, 102, 6081 }, // h
    { 8, 24, 144, 1, 23, 48, 6183 }, // i
    { 13, 31, 137, -4, 23, 101, 6231 }, // j
    { 17, 23, 266, 0, 23, 98, 6332 }, // k
    { 9, 24, 136, 0, 23, 54, 6430 }, // l
    { 25, 17, 422, 1, 16, 107, 6484 }, // m
    { 16, 17, 288, 1, 16, 68, 6591 }, // n
    { 16, 17, 262, 0, 16, 68, 6659 }, // o
    { 19, 23, 277, -2, 16, 110, 6727 }, // p
    { 16, 23, 269, 0, 16, 92, 6837 }, // q
    { 13, 16, 204, 1, 16, 52, 6929 }, // r
    { 14, 17, 231, 0, 16, 60, 6981 }, // s
    { 11, 21, 184, 1, 20, 58, 7041 }, // t
    { 16, 17, 288, 1, 16, 68, 7099 }, // u
    { 18, 17, 253, 0, 16, 77, 7167 }, // v
    { 26, 17, 382, 0, 16, 111, 7244 }, // w
    { 18, 16, 257, -1, 16, 72, 7355 }, // x
    { 20, 24, 252, -2, 16, 120, 7427 }, // y
    { 16, 16, 231, -1, 16, 64, 7547 }, // z
    { 13, 30, 163, 0, 26, 98, 7611 }, // {
    { 8, 28, 142, 1, 24, 56, 7709 }, // |
    { 12, 30, 163, -1, 26, 90, 7765 }, // }
    { 15, 6, 286, 2, 13, 23, 7855 }, // ~
    { 0, 0, 82, 0, 0, 0, 0 }, // U+00A0
    { 8, 22, 146, 0, 15, 44, 0 }, // U+00A1
    { 14, 23, 249, 1, 22, 81, 44 }, // U+00A2
    { 19, 21, 298, 0, 21, 100, 125 }, // U+00A3
    { 17, 16, 300, 1, 17, 68, 225 }, // U+00A4
    { 19, 21, 318, 2, 21, 100, 293 }, // U+00A5
    { 8, 28, 142, 1, 24, 56, 393 }, // U+00A6
    { 16, 27, 252, 0, 21, 108, 449 }, // U+00A7
    { 11, 5, 211, 3, 23, 14, 557 }, // U+00A8
    { 22, 22, 400, 2, 21, 121, 571 }, // U+00A9
    { 15, 17, 229, 0, 21, 64, 692 }, // U+00AA
    { 14, 14, 237, 1, 15, 49, 756 }, // U+00AB
    { 15, 9, 291, 1, 12, 34, 805 }, // U+00AC
    { 0, 0, 0, 0, 0, 0, 839 }, // U+00AD
    { 19, 18, 331, 2, 22, 86, 839 }, // U+00AE
    { 10, 4, 184, 3, 23, 10, 925 }, // U+00AF
    { 10, 10, 195, 2, 22, 25, 935 }, // U+00B0
    { 16, 18, 262, 0, 19, 72, 960 }, // U+00B1
    { 11, 13, 168, 1, 23, 36, 1032 }, // U+00B2
    { 12, 14, 170, 0, 23, 42, 1068 }, // U+00B3
    { 9, 8, 176, 2, 25, 18, 1110 }, // U+00B4
    { 17, 23, 317, 1, 16, 98, 1128 }, // U+00B5
    { 18, 26, 294, 2, 21, 117, 1226 }, // U+00B6
    { 6, 6, 121, 1, 12, 9, 1343 }, // U+00B7
    { 8, 8, 164, -1, 0, 16, 1352 }, // U+00B8
    { 8, 13, 134, 1, 23, 26, 1368 }, // U+00B9
    { 14, 17, 206, 0, 21, 60, 1394 }, // U+00BA
    { 14, 14, 238, 0, 15, 49, 1454 }, // U+00BB
    { 24, 22, 408, 1, 21, 132, 1503 }, // U+00BC
    { 24, 22, 413, 1, 21, 132, 1635 }, // U+00BD
    { 26, 22, 428, 0, 21, 143, 1767 }, // U+00BE
    { 12, 22, 194, -1, 16, 66, 1910 }, // U+00BF
    { 21, 28, 321, -2, 28, 147, 1976 }, // U+00C0
    { 21, 28, 321, -2, 28, 147, 2123 }, // U+00C1
    { 21, 28, 321, -2, 28, 147, 2270 }, // U+00C2
    { 21, 27, 321, -2, 27, 142, 2417 }, // U+00C3
    { 21, 27, 321, -2, 27, 142, 2559 }, // U+00C4
    { 21, 29, 321, -2, 29, 153, 2701 }, // U+00C5
    { 29, 21, 428, -2, 21, 153, 2854 }, // U+00C6
    { 18, 29, 287, 1, 21, 131, 3007 }, // U+00C7
    { 19, 28, 278, -1, 28, 133, 3138 }, // U+00C8
    { 19, 28, 278, -1, 28, 133, 3271 }, // U+00C9
    { 19, 28, 278, -1, 28, 133, 3404 }, // U+00CA
    { 19, 27, 278, -1, 27, 129, 3537 }, // U+00CB
    { 13, 28, 168, -1, 28, 91, 3666 }, // U+00CC
    { 14, 28, 168, -1, 28, 98, 3757 }, // U+00CD
    { 15, 28, 168, -1, 28, 105, 3855 }, // U+00CE
    { 14, 27, 168, -1, 27, 95, 3960 }, // U+00CF
    { 21, 21, 328, -1, 21, 111, 4055 }, // U+00D0
    { 24, 27, 348, -1, 27, 162, 4166 }, // U+00D1
    { 20, 29, 335, 1, 28, 145, 4328 }, // U+00D2
    { 20, 29, 335, 1, 28, 145, 4473 }, // U+00D3
    { 20, 29, 335, 1, 28, 145, 4618 }, // U+00D4
    { 20, 28, 335, 1, 27, 140, 4763 }, // U+00D5
    { 20, 28, 335, 1, 27, 140, 4903 }, // U+00D6
    { 14, 14, 239, 1, 17, 49, 5043 }, // U+00D7
    { 21, 26, 338, 0, 23, 137, 5092 }, // U+00D8
    { 21, 29, 337, 2, 28, 153, 5229 }, // U+00D9
    { 21, 29, 337, 2, 28, 153, 5382 }, // U+00DA
    { 21, 29, 337, 2, 28, 153, 5535 }, // U+00DB
    { 21, 28, 337, 2, 27, 147, 5688 }, // U+00DC
    { 20, 28, 297, 1, 28, 140, 5835 }, // U+00DD
    { 18, 21, 274, -1, 21, 95, 5975 }, // U+00DE
    { 23, 31, 314, -4, 23, 179, 6070 }, // U+00DF
    { 16, 26, 276, 0, 25, 104, 6249 }, // U+00E0
    { 16, 26, 276, 0, 25, 104, 6353 }, // U+00E1
    { 16, 26, 276, 0, 25, 104, 6457 }, // U+00E2
    { 16, 25, 276, 0, 24, 100, 6561 }, // U+00E3
    { 16, 24, 276, 0, 23, 96, 6661 }, // U+00E4
    { 16, 26, 276, 0, 25, 104, 6757 }, // U+00E5
    { 24, 17, 376, 0, 16, 102, 6861 }, // U+00E6
    { 15, 24, 227, 0, 16, 90, 6963 }, // U+00E7
    { 15, 26, 240, 0, 25, 98, 7053 }, // U+00E8
    { 15, 26, 240, 0, 25, 98, 7151 }, // U+00E9
    { 16, 26, 240, 0, 25, 104, 7249 }, // U+00EA
    { 16, 24, 240, 0, 23, 96, 7353 }, // U+00EB
    { 10, 26, 144, 1, 25, 65, 7449 }, // U+00EC
    { 11, 26, 144, 1, 25, 72, 7514 }, // U+00ED
    { 10, 25, 144, 1, 24, 63, 7586 }, // U+00EE
    { 11, 24, 145, 1, 23, 66, 7649 }, // U+00EF
    { 16, 25, 265, 0, 24, 100, 7715 }, // U+00F0
    { 16, 25, 288, 1, 24, 100, 7815 }, // U+00F1
    { 16, 26, 262, 0, 25, 104, 7915 }, // U+00F2
    { 16, 26, 262, 0, 25, 104, 8019 }, // U+00F3
    { 16, 26, 262, 0, 25, 104, 8123 }, // U+00F4
    { 16, 25, 262, 0, 24, 100, 8227 }, // U+00F5
    { 16, 24, 262, 0, 23, 96, 8327 }, // U+00F6
    { 14, 17, 301, 3, 19, 60, 8423 }, // U+00F7
    { 17, 22, 272, 0, 19, 94, 8483 }, // U+00F8
    { 16, 26, 288, 1, 25, 104, 8577 }, // U+00F9
    { 16, 26, 288, 1, 25, 104, 8681 }, // U+00FA
    { 16, 26, 288, 1, 25, 104, 8785 }, // U+00FB
    { 16, 24, 288, 1, 23, 96, 8889 }, // U+00FC
    { 20, 33, 252, -2, 25, 165, 8985 }, // U+00FD
    { 20, 30, 269, -3, 23, 150, 9150 }, // U+00FE
    { 20, 31, 252, -2, 23, 155, 9300 }, // U+00FF
    { 0, 0, 233, 0, 0, 0, 0 }, // U+2007
    { 0, 0, 121, 0, 0, 0, 0 }, // U+2008
    { 0, 0, 41, 0, 0, 0, 0 }, // U+2009
    { 0, 0, 47, 0, 0, 0, 0 }, // U+200A
    { 0, 0, 0, 0, 0, 0, 0 }, // U+200B
    { 0, 0, 0, 0, 0, 0, 0 }, // U+200C
    { 0, 0, 0, 0, 0, 0, 0 }, // U+200D
    { 0, 0, 0, 0, 0, 0, 0 }, // U+200E
    { 0, 0, 0, 0, 0, 0, 0 }, // U+200F
    { 10, 5, 189, 1, 11, 13, 0 }, // U+2010
    { 17, 5, 289, 1, 13, 22, 13 }, // U+2012
    { 15, 5, 268, 1, 11, 19, 35 }, // U+2013
    { 22, 4, 378, 1, 10, 22, 54 }, // U+2014
    { 22, 4, 378, 1, 10, 22, 76 }, // U+2015
    { 16, 9, 220, -3, -1, 36, 98 }, // U+2017
    { 6, 10, 100, 2, 24, 15, 134 }, // U+2018
    { 7, 10, 100, 1, 23, 18, 149 }, // U+2019
    { 7, 10, 100, -2, 4, 18, 167 }, // U+201A
    { 7, 10, 130, 2, 23, 18, 185 }, // U+201B
    { 12, 10, 190, 2, 24, 30, 203 }, // U+201C
    { 13, 10, 190, 1, 23, 33, 233 }, // U+201D
    { 13, 10, 190, -2, 4, 33, 266 }, // U+201E
    { 13, 24, 218, 1, 21, 78, 299 }, // U+2020
    { 13, 24, 218, 1, 21, 78, 377 }, // U+2021
    { 10, 10, 196, 1, 14, 25, 455 }, // U+2022
    { 14, 6, 283, 1, 5, 21, 480 }, // U+2025
    { 21, 6, 360, 0, 5, 32, 501 }, // U+2026
    { 0, 0, 0, 0, 0, 0, 533 }, // U+202A
    { 0, 0, 0, 0, 0, 0, 533 }, // U+202B
    { 0, 0, 0, 0, 0, 0, 533 }, // U+202C
    { 0, 0, 0, 0, 0, 0, 533 }, // U+202D
    { 0, 0, 0, 0, 0, 0, 533 }, // U+202E
    { 33, 22, 569, 2, 21, 182, 533 }, // U+2030
    { 8, 9, 139, 2, 23, 18, 715 }, // U+2032
    { 13, 9, 221, 2, 23, 30, 733 }, // U+2033
    { 8, 14, 138, 1, 15, 28, 763 }, // U+2039
    { 8, 14, 139, 0, 15, 28, 791 }, // U+203A
    { 15, 22, 254, 1, 21, 83, 819 }, // U+203C
    { 12, 3, 211, 2, 20, 9, 902 }, // U+203E
    { 20, 22, 118, -6, 21, 110, 911 }, // U+2044
    { 0, 0, 0, 0, 0, 0, 1021 }, // U+2060
    { 0, 0, 0, 0, 0, 0, 1021 }, // U+2061
    { 0, 0, 0, 0, 0, 0, 1021 }, // U+2062
    { 0, 0, 0, 0, 0, 0, 1021 }, // U+2063
    { 0, 0, 0, 0, 0, 0, 1021 }, // U+2064
    { 0, 0, 0, 0, 0, 0, 1021 }, // U+2066
    { 0, 0, 0, 0, 0, 0, 1021 }, // U+2067
    { 0, 0, 0, 0, 0, 0, 1021 }, // U+2068
    { 0, 0, 0, 0, 0, 0, 1021 }, // U+2069
    { 0, 0, 0, 0, 0, 0, 1021 }, // U+206A
    { 0, 0, 0, 0, 0, 0, 1021 }, // U+206B
    { 0, 0, 0, 0, 0, 0, 1021 }, // U+206C
    { 0, 0, 0, 0, 0, 0, 1021 }, // U+206D
    { 0, 0, 0, 0, 0, 0, 1021 }, // U+206E
    { 0, 0, 0, 0, 0, 0, 1021 }, // U+206F
    { 19, 29, 309, 1, 25, 138, 0 }, // U+20A1
    { 18, 21, 285, 1, 21, 95, 138 }, // U+20A3
    { 19, 21, 303, 0, 21, 100, 233 }, // U+20A4
    { 24, 21, 403, 1, 21, 126, 333 }, // U+20A6
    { 20, 21, 331, 1, 21, 105, 459 }, // U+20A7
    { 31, 22, 506, 2, 21, 171, 564 }, // U+20A9
    { 20, 28, 276, -1, 23, 140, 735 }, // U+20AB
    { 20, 22, 329, 1, 21, 110, 875 }, // U+20AC
    { 22, 21, 360, 1, 21, 116, 985 }, // U+20AD
    { 18, 21, 307, 2, 21, 95, 1101 }, // U+20AE
    { 21, 21, 338, 1, 21, 111, 1196 }, // U+20B1
    { 20, 29, 338, 1, 25, 145, 1307 }, // U+20B2
    { 17, 22, 310, 2, 21, 94, 1452 }, // U+20B4
    { 19, 29, 308, 1, 25, 138, 1546 }, // U+20B5
    { 18, 21, 280, 1, 21, 95, 1684 }, // U+20B8
    { 17, 21, 288, 2, 21, 90, 1779 }, // U+20B9
    { 18, 21, 309, 1, 21, 95, 1869 }, // U+20BA
    { 26, 24, 428, -1, 24, 156, 1964 }, // U+20BC
    { 19, 21, 300, 1, 21, 100, 2120 }, // U+20BD
    { 21, 20, 337, 1, 20, 105, 0 }, // U+2190
    { 19, 21, 314, 1, 21, 100, 105 }, // U+2191
    { 21, 20, 349, 1, 20, 105, 205 }, // U+2192
    { 20, 21, 300, 0, 21, 105, 310 }, // U+2193
    { 29, 20, 479, 1, 20, 145, 415 }, // U+2194
    { 21, 30, 325, 0, 25, 158, 560 }, // U+2195
    { 23, 33, 335, -1, 26, 190, 718 }, // U+21A8
    { 7, 19, 145, 1, 19, 34, 0 }, // U+2669
    { 11, 19, 211, 1, 19, 53, 34 }, // U+266A
    { 17, 22, 299, 1, 20, 94, 87 }, // U+266B
    { 17, 22, 299, 1, 20, 94, 181 }, // U+266C
    { 8, 19, 162, 1, 18, 38, 275 }, // U+266D
    { 9, 19, 167, 1, 12, 43, 313 }, // U+266E
    { 14, 25, 258, 1, 18, 88, 356 }, // U+266F
    { 33, 30, 593, 2, 25, 248, 444 }, // U+2764
    { 23, 31, 300, -4, 23, 179, 0 }, // U+FB01
    { 23, 31, 303, -4, 23, 179, 179 }, // U+FB02
    { 27, 30, 593, 5, 25, 203, 0 }, // U+1F44D
    { 31, 30, 593, 3, 25, 233, 203 }, // U+1F600
};

static const EpdUnicodeInterval bitter_14_bolditalicIntervals[] = {
    { 0x20, 0x7E, 0x0 },
    { 0xA0, 0xFF, 0x5F },
    { 0x2007, 0x2010, 0xBF },
    { 0x2012, 0x2015, 0xC9 },
    { 0x2017, 0x201E, 0xCD },
    { 0x2020, 0x2022, 0xD5 },
    { 0x2025, 0x2026, 0xD8 },
    { 0x202A, 0x202E, 0xDA },
    { 0x2030, 0x2030, 0xDF },
    { 0x2032, 0x2033, 0xE0 },
    { 0x2039, 0x203A, 0xE2 },
    { 0x203C, 0x203C, 0xE4 },
    { 0x203E, 0x203E, 0xE5 },
    { 0x2044, 0x2044, 0xE6 },
    { 0x2060, 0x2064, 0xE7 },
    { 0x2066, 0x206F, 0xEC },
    { 0x20A1, 0x20A1, 0xF6 },
    { 0x20A3, 0x20A4, 0xF7 },
    { 0x20A6, 0x20A7, 0xF9 },
    { 0x20A9, 0x20A9, 0xFB },
    { 0x20AB, 0x20AE, 0xFC },
    { 0x20B1, 0x20B2, 0x100 },
    { 0x20B4, 0x20B5, 0x102 },
    { 0x20B8, 0x20BA, 0x104 },
    { 0x20BC, 0x20BD, 0x107 },
    { 0x2190, 0x2195, 0x109 },
    { 0x21A8, 0x21A8, 0x10F },
    { 0x2669, 0x266F, 0x110 },
    { 0x2764, 0x2764, 0x117 },
    { 0xFB01, 0xFB02, 0x118 },
    { 0x1F44D, 0x1F44D, 0x11A },
    { 0x1F600, 0x1F600, 0x11B },
};

static const EpdFontGroup bitter_14_bolditalicGroups[] = {
    { 0, 4190, 8521, 95, 0 },
    { 4190, 3564, 10048, 96, 95 },
    { 7754, 625, 1131, 55, 191 },
    { 8379, 1184, 2357, 19, 246 },
    { 9563, 483, 988, 7, 265 },
    { 10046, 375, 780, 8, 272 },
    { 10421, 191, 372, 2, 280 },
    { 10612, 287, 450, 2, 282 },
};

static const EpdKernClassEntry bitter_14_bolditalicKernLeftClasses[] = {
    { 0x0021, 1 }, // !
    { 0x0022, 2 }, // "
    { 0x0024, 3 }, // $
    { 0x0026, 4 }, // &
    { 0x0027, 2 }, // '
    { 0x0028, 5 }, // (
    { 0x002C, 6 }, // ,
    { 0x002D, 7 }, // -
    { 0x002E, 6 }, // .
    { 0x002F, 8 }, // /
    { 0x0030, 9 }, // 0
    { 0x0031, 10 }, // 1
    { 0x0032, 11 }, // 2
    { 0x0033, 12 }, // 3
    { 0x0034, 13 }, // 4
    { 0x0035, 14 }, // 5
    { 0x0036, 15 }, // 6
    { 0x0037, 16 }, // 7
    { 0x0038, 17 }, // 8
    { 0x0039, 18 }, // 9
    { 0x003A, 19 }, // :
    { 0x003B, 19 }, // ;
    { 0x003F, 20 }, // ?
    { 0x0040, 21 }, // @
    { 0x0041, 22 }, // A
    { 0x0042, 23 }, // B
    { 0x0043, 24 }, // C
    { 0x0044, 21 }, // D
    { 0x0045, 25 }, // E
    { 0x0046, 26 }, // F
    { 0x0047, 27 }, // G
    { 0x0048, 28 }, // H
    { 0x0049, 28 }, // I
    { 0x004A, 29 }, // J
    { 0x004B, 30 }, // K
    { 0x004C, 31 }, // L
    { 0x004D, 28 }, // M
    { 0x004E, 28 }, // N
    { 0x004F, 21 }, // O
    { 0x0050, 32 }, // P
    { 0x0051, 33 }, // Q
    { 0x0052, 34 }, // R
    { 0x0053, 3 }, // S
    { 0x0054, 35 }, // T
    { 0x0055, 29 }, // U
    { 0x0056, 36 }, // V
    { 0x0057, 36 }, // W
    { 0x0058, 30 }, // X
    { 0x0059, 37 }, // Y
    { 0x005A, 38 }, // Z
    { 0x005B, 39 }, // [
    { 0x005C, 40 }, // <backslash>
    { 0x005F, 41 }, // _
    { 0x0061, 42 }, // a
    { 0x0062, 43 }, // b
    { 0x0063, 44 }, // c
    { 0x0064, 45 }, // d
    { 0x0065, 46 }, // e
    { 0x0066, 47 }, // f
    { 0x0067, 48 }, // g
    { 0x0068, 42 }, // h
    { 0x0069, 45 }, // i
    { 0x006A, 48 }, // j
    { 0x006B, 49 }, // k
    { 0x006C, 45 }, // l
    { 0x006D, 42 }, // m
    { 0x006E, 42 }, // n
    { 0x006F, 43 }, // o
    { 0x0070, 43 }, // p
    { 0x0071, 50 }, // q
    { 0x0072, 51 }, // r
    { 0x0073, 52 }, // s
    { 0x0074, 53 }, // t
    { 0x0075, 54 }, // u
    { 0x0076, 55 }, // v
    { 0x0077, 55 }, // w
    { 0x0078, 49 }, // x
    { 0x0079, 55 }, // y
    { 0x007A, 56 }, // z
    { 0x007B, 57 }, // {
    { 0x00A1, 58 }, // U+00A1
    { 0x00A2, 44 }, // U+00A2
    { 0x00A3, 59 }, // U+00A3
    { 0x00A5, 37 }, // U+00A5
    { 0x00A7, 3 }, // U+00A7
    { 0x00A9, 21 }, // U+00A9
    { 0x00AB, 60 }, // U+00AB
    { 0x00AE, 43 }, // U+00AE
    { 0x00B3, 61 }, // U+00B3
    { 0x00B5, 54 }, // U+00B5
    { 0x00B7, 7 }, // U+00B7
    { 0x00BB, 62 }, // U+00BB
    { 0x00C0, 22 }, // U+00C0
    { 0x00C1, 22 }, // U+00C1
    { 0x00C2, 22 }, // U+00C2
    { 0x00C3, 22 }, // U+00C3
    { 0x00C4, 22 }, // U+00C4
    { 0x00C5, 22 }, // U+00C5
    { 0x00C6, 25 }, // U+00C6
    { 0x00C7, 24 }, // U+00C7
    { 0x00C8, 25 }, // U+00C8
    { 0x00C9, 25 }, // U+00C9
    { 0x00CA, 25 }, // U+00CA
    { 0x00CB, 25 }, // U+00CB
    { 0x00CC, 28 }, // U+00CC
    { 0x00CD, 28 }, // U+00CD
    { 0x00CE, 28 }, // U+00CE
    { 0x00CF, 63 }, // U+00CF
    { 0x00D0, 21 }, // U+00D0
    { 0x00D1, 28 }, // U+00D1
    { 0x00D2, 21 }, // U+00D2
    { 0x00D3, 21 }, // U+00D3
    { 0x00D4, 21 }, // U+00D4
    { 0x00D5, 21 }, // U+00D5
    { 0x00D6, 21 }, // U+00D6
    { 0x00D8, 21 }, // U+00D8
    { 0x00D9, 29 }, // U+00D9
    { 0x00DA, 29 }, // U+00DA
    { 0x00DB, 29 }, // U+00DB
    { 0x00DC, 29 }, // U+00DC
    { 0x00DD, 37 }, // U+00DD
    { 0x00DE, 32 }, // U+00DE
    { 0x00DF, 64 }, // U+00DF
    { 0x00E0, 42 }, // U+00E0
    { 0x00E1, 42 }, // U+00E1
    { 0x00E2, 42 }, // U+00E2
    { 0x00E3, 42 }, // U+00E3
    { 0x00E4, 42 }, // U+00E4
    { 0x00E5, 42 }, // U+00E5
    { 0x00E6, 46 }, // U+00E6
    { 0x00E7, 65 }, // U+00E7
    { 0x00E8, 46 }, // U+00E8
    { 0x00E9, 46 }, // U+00E9
    { 0x00EA, 46 }, // U+00EA
    { 0x00EB, 46 }, // U+00EB
    { 0x00EC, 66 }, // U+00EC
    { 0x00ED, 67 }, // U+00ED
    { 0x00EE, 68 }, // U+00EE
    { 0x00EF, 69 }, // U+00EF
    { 0x00F0, 43 }, // U+00F0
    { 0x00F1, 42 }, // U+00F1
    { 0x00F2, 43 }, // U+00F2
    { 0x00F3, 43 }, // U+00F3
    { 0x00F4, 43 }, // U+00F4
    { 0x00F5, 43 }, // U+00F5
    { 0x00F6, 43 }, // U+00F6
    { 0x00F8, 43 }, // U+00F8
    { 0x00F9, 54 }, // U+00F9
    { 0x00FA, 54 }, // U+00FA
    { 0x00FB, 54 }, // U+00FB
    { 0x00FC, 54 }, // U+00FC
    { 0x00FD, 55 }, // U+00FD
    { 0x00FE, 43 }, // U+00FE
    { 0x00FF, 55 }, // U+00FF
    { 0x2010, 7 }, // U+2010
    { 0x2013, 7 }, // U+2013
    { 0x2014, 7 }, // U+2014
    { 0x2015, 7 }, // U+2015
    { 0x2017, 41 }, // U+2017
    { 0x2018, 2 }, // U+2018
    { 0x2019, 2 }, // U+2019
    { 0x201A, 6 }, // U+201A
    { 0x201B, 2 }, // U+201B
    { 0x201C, 2 }, // U+201C
    { 0x201D, 2 }, // U+201D
    { 0x201E, 6 }, // U+201E
    { 0x2025, 6 }, // U+2025
    { 0x2026, 6 }, // U+2026
    { 0x2039, 60 }, // U+2039
    { 0x203A, 62 }, // U+203A
    { 0x203C, 1 }, // U+203C
    { 0x20A1, 24 }, // U+20A1
    { 0x20A3, 26 }, // U+20A3
    { 0x20A6, 28 }, // U+20A6
    { 0x20A7, 32 }, // U+20A7
    { 0x20A9, 70 }, // U+20A9
    { 0x20AB, 71 }, // U+20AB
    { 0x20AC, 24 }, // U+20AC
    { 0x20AD, 30 }, // U+20AD
    { 0x20AE, 35 }, // U+20AE
    { 0x20B1, 32 }, // U+20B1
    { 0x20B2, 27 }, // U+20B2
    { 0x20B4, 3 }, // U+20B4
    { 0x20B5, 24 }, // U+20B5
    { 0x20B8, 35 }, // U+20B8
    { 0x20B9, 34 }, // U+20B9
    { 0x20BD, 32 }, // U+20BD
    { 0xFB01, 45 }, // U+FB01
    { 0xFB02, 45 }, // U+FB02
};

static const EpdKernClassEntry bitter_14_bolditalicKernRightClasses[] = {
    { 0x0021, 1 }, // !
    { 0x0022, 2 }, // "
    { 0x0024, 3 }, // $
    { 0x0026, 4 }, // &
    { 0x0027, 2 }, // '
    { 0x0029, 5 }, // )
    { 0x002A, 6 }, // *
    { 0x002C, 7 }, // ,
    { 0x002D, 8 }, // -
    { 0x002E, 7 }, // .
    { 0x002F, 9 }, // /
    { 0x0030, 10 }, // 0
    { 0x0031, 11 }, // 1
    { 0x0032, 12 }, // 2
    { 0x0033, 13 }, // 3
    { 0x0034, 14 }, // 4
    { 0x0035, 15 }, // 5
    { 0x0036, 16 }, // 6
    { 0x0037, 17 }, // 7
    { 0x0038, 4 }, // 8
    { 0x0039, 18 }, // 9
    { 0x003A, 19 }, // :
    { 0x003B, 19 }, // ;
    { 0x003F, 20 }, // ?
    { 0x0040, 21 }, // @
    { 0x0041, 22 }, // A
    { 0x0042, 23 }, // B
    { 0x0043, 21 }, // C
    { 0x0044, 23 }, // D
    { 0x0045, 23 }, // E
    { 0x0046, 23 }, // F
    { 0x0047, 21 }, // G
    { 0x0048, 23 }, // H
    { 0x0049, 23 }, // I
    { 0x004A, 24 }, // J
    { 0x004B, 23 }, // K
    { 0x004C, 23 }, // L
    { 0x004D, 23 }, // M
    { 0x004E, 23 }, // N
    { 0x004F, 21 }, // O
    { 0x0050, 23 }, // P
    { 0x0051, 21 }, // Q
    { 0x0052, 23 }, // R
    { 0x0053, 3 }, // S
    { 0x0054, 25 }, // T
    { 0x0055, 26 }, // U
    { 0x0056, 27 }, // V
    { 0x0057, 27 }, // W
    { 0x0058, 28 }, // X
    { 0x0059, 29 }, // Y
    { 0x005A, 30 }, // Z
    { 0x005C, 31 }, // <backslash>
    { 0x005D, 32 }, // ]
    { 0x005F, 33 }, // _
    { 0x0061, 34 }, // a
    { 0x0062, 35 }, // b
    { 0x0063, 34 }, // c
    { 0x0064, 34 }, // d
    { 0x0065, 34 }, // e
    { 0x0066, 36 }, // f
    { 0x0067, 34 }, // g
    { 0x0068, 37 }, // h
    { 0x0069, 38 }, // i
    { 0x006A, 36 }, // j
    { 0x006B, 37 }, // k
    { 0x006C, 37 }, // l
    { 0x006D, 38 }, // m
    { 0x006E, 38 }, // n
    { 0x006F, 34 }, // o
    { 0x0070, 39 }, // p
    { 0x0071, 34 }, // q
    { 0x0072, 38 }, // r
    { 0x0073, 40 }, // s
    { 0x0074, 41 }, // t
    { 0x0075, 42 }, // u
    { 0x0076, 43 }, // v
    { 0x0077, 43 }, // w
    { 0x0078, 44 }, // x
    { 0x0079, 45 }, // y
    { 0x007A, 46 }, // z
    { 0x007C, 47 }, // |
    { 0x007D, 48 }, // }
    { 0x00A1, 49 }, // U+00A1
    { 0x00A2, 34 }, // U+00A2
    { 0x00A5, 29 }, // U+00A5
    { 0x00A6, 47 }, // U+00A6
    { 0x00A7, 3 }, // U+00A7
    { 0x00A9, 21 }, // U+00A9
    { 0x00AB, 50 }, // U+00AB
    { 0x00AE, 34 }, // U+00AE
    { 0x00B0, 51 }, // U+00B0
    { 0x00B5, 38 }, // U+00B5
    { 0x00B7, 8 }, // U+00B7
    { 0x00BB, 52 }, // U+00BB
    { 0x00BF, 53 }, // U+00BF
    { 0x00C0, 22 }, // U+00C0
    { 0x00C1, 22 }, // U+00C1
    { 0x00C2, 22 }, // U+00C2
    { 0x00C3, 22 }, // U+00C3
    { 0x00C4, 22 }, // U+00C4
    { 0x00C5, 22 }, // U+00C5
    { 0x00C6, 22 }, // U+00C6
    { 0x00C7, 21 }, // U+00C7
    { 0x00C8, 23 }, // U+00C8
    { 0x00C9, 23 }, // U+00C9
    { 0x00CA, 23 }, // U+00CA
    { 0x00CB, 23 }, // U+00CB
    { 0x00CC, 23 }, // U+00CC
    { 0x00CD, 23 }, // U+00CD
    { 0x00CE, 23 }, // U+00CE
    { 0x00CF, 54 }, // U+00CF
    { 0x00D0, 23 }, // U+00D0
    { 0x00D1, 23 }, // U+00D1
    { 0x00D2, 21 }, // U+00D2
    { 0x00D3, 21 }, // U+00D3
    { 0x00D4, 21 }, // U+00D4
    { 0x00D5, 21 }, // U+00D5
    { 0x00D6, 21 }, // U+00D6
    { 0x00D8, 21 }, // U+00D8
    { 0x00D9, 26 }, // U+00D9
    { 0x00DA, 26 }, // U+00DA
    { 0x00DB, 26 }, // U+00DB
    { 0x00DC, 26 }, // U+00DC
    { 0x00DD, 29 }, // U+00DD
    { 0x00DE, 23 }, // U+00DE
    { 0x00DF, 36 }, // U+00DF
    { 0x00E0, 34 }, // U+00E0
    { 0x00E1, 34 }, // U+00E1
    { 0x00E2, 34 }, // U+00E2
    { 0x00E3, 34 }, // U+00E3
    { 0x00E4, 34 }, // U+00E4
    { 0x00E5, 34 }, // U+00E5
    { 0x00E7, 34 }, // U+00E7
    { 0x00E8, 34 }, // U+00E8
    { 0x00E9, 34 }, // U+00E9
    { 0x00EA, 34 }, // U+00EA
    { 0x00EB, 34 }, // U+00EB
    { 0x00EC, 55 }, // U+00EC
    { 0x00ED, 56 }, // U+00ED
    { 0x00EE, 57 }, // U+00EE
    { 0x00EF, 58 }, // U+00EF
    { 0x00F0, 34 }, // U+00F0
    { 0x00F1, 38 }, // U+00F1
    { 0x00F2, 34 }, // U+00F2
    { 0x00F3, 34 }, // U+00F3
    { 0x00F4, 34 }, // U+00F4
    { 0x00F5, 34 }, // U+00F5
    { 0x00F6, 34 }, // U+00F6
    { 0x00F8, 59 }, // U+00F8
    { 0x00F9, 42 }, // U+00F9
    { 0x00FA, 42 }, // U+00FA
    { 0x00FB, 42 }, // U+00FB
    { 0x00FC, 42 }, // U+00FC
    { 0x00FD, 45 }, // U+00FD
    { 0x00FE, 60 }, // U+00FE
    { 0x00FF, 45 }, // U+00FF
    { 0x2010, 8 }, // U+2010
    { 0x2013, 8 }, // U+2013
    { 0x2014, 8 }, // U+2014
    { 0x2015, 8 }, // U+2015
    { 0x2017, 33 }, // U+2017
    { 0x2018, 2 }, // U+2018
    { 0x2019, 2 }, // U+2019
    { 0x201A, 7 }, // U+201A
    { 0x201B, 2 }, // U+201B
    { 0x201C, 2 }, // U+201C
    { 0x201D, 2 }, // U+201D
    { 0x201E, 7 }, // U+201E
    { 0x2025, 7 }, // U+2025
    { 0x2026, 7 }, // U+2026
    { 0x2039, 50 }, // U+2039
    { 0x203A, 52 }, // U+203A
    { 0x203C, 1 }, // U+203C
    { 0x2044, 61 }, // U+2044
    { 0x20A1, 21 }, // U+20A1
    { 0x20A3, 23 }, // U+20A3
    { 0x20A6, 23 }, // U+20A6
    { 0x20A7, 23 }, // U+20A7
    { 0x20A9, 27 }, // U+20A9
    { 0x20AB, 34 }, // U+20AB
    { 0x20AC, 21 }, // U+20AC
    { 0x20AD, 23 }, // U+20AD
    { 0x20AE, 25 }, // U+20AE
    { 0x20B1, 23 }, // U+20B1
    { 0x20B2, 21 }, // U+20B2
    { 0x20B4, 3 }, // U+20B4
    { 0x20B5, 21 }, // U+20B5
    { 0x20B8, 25 }, // U+20B8
    { 0x20BD, 23 }, // U+20BD
    { 0xFB01, 36 }, // U+FB01
    { 0xFB02, 36 }, // U+FB02
};

static const int8_t bitter_14_bolditalicKernMatrix[] = {
       0,    0,    0,    0,    0,    0,    0,    0,    0,    0,    0,    0,    0,    0,    0,    0,    0,    0,    0,    0,    0,   -3,    0,    0,    0,    0,    0,    0,    0,    0,    0,    0,    0,    0,    0,    0,    0,    0,    0,    0,    0,    0,    0,    0,    0,    0,    0,    0,    0,    0,    0,    0,    0,    0,    0,    0,    0,    0,    0,    0,    0,
       0,    0,    0,    0,    0,    0,  -20,    0,    0,    0,    0,    0,    0,    0,    0,    0,    0,    0,    0,    0,  -14,  -35,    3,    0,    7,    0,    0,   -8,    0,    0,    0,    0,    0,   -8,    9,    0,    9,    0,    0,  -14,    0,    0,    0,  -11,    0,    0,    0,    0,    0,    0,    0,    0,    0,    3,    0,    0,    0,    0,   -8,    9,    0,
       0,    0,    0,    0,    0,    0,  -11,    0,    0,    0,   -2,    0,   -2,    0,    0,    0,   -6,    0,    0,    0,    0,  -13,   -6,    0,  -14,    0,  -19,  -25,  -21,   -8,    0,    0,    0,   -3,    0,    0,    0,  -11,  -11,    0,   -3,   -6,  -14,  -14,  -12,    0,    0,    0,    0,    0,    0,    0,    0,   -6,  -11,  -11,  -11,  -18,   -3,    0,    0,
       0,    0,  -11,    0,    0,    0,    0,    0,    0,    0,    0,    0,    0,    0,    0,    0,    0,    0,    0,    0,    3,  -18,    0,    0,    0,    0,  -21,  -10,  -20,    0,    0,    0,    0,    2,   -3,    0,   -3,    0,    0,   -3,    0,   -3,   -9,   -8,   -7,   -4,    0,    0,    0,    0,    0,    0,    0,    0,    0,    0,    0,    0,    2,   -3,    0,
       0,    0,    0,    0,    0,    0,    0,    0,   16,    0,    0,    0,    0,    0,    0,    0,    0,    0,    0,    0,    0,    0,    0,   27,  -11,    0,    0,    0,    0,    0,   13,    0,   14,   -2,    0,   25,    0,    0,    0,    0,    0,    0,    0,    0,    0,    0,    0,    0,    0,    0,    0,    0,    0,    0,    0,    0,    0,    0,   -2,    0,    0,
       0,  -39,    0,    0,    0,    0,    0,    0,    0,  -21,   -9,    1,    0,  -14,    0,  -13,  -27,  -11,    0,    0,  -18,    9,    0,    5,  -34,    0,  -36,   -7,  -49,    0,    0,    0,    0,  -11,    0,    0,    0,   -9,   -9,    0,    0,    0,  -35,   -6,  -30,    0,    0,    0,    0,  -11,    0,    0,    0,    0,   -9,   -9,   -9,   -9,  -11,    0,    0,
       0,    0,    0,    0,    0,    0,    0,    0,    0,    0,  -22,   -5,  -13,    3,  -15,    0,  -26,   -8,    0,    0,    0,   -3,    0,    0,  -30,    0,  -23,  -38,    0,    0,    0,    0,    0,    0,    0,    0,    0,    0,    0,    0,    0,    0,    0,  -27,  -13,    0,    0,    0,    0,    0,    0,  -14,    0,    0,    0,    0,    0,    0,    0,    0,    0,
       0,    0,    0,    0,   13,    0,    0,    0,  -21,    0,    0,    0,    0,    0,    0,    0,    0,    0,    0,    0,   -6,  -17,   -2,    8,   -1,    7,    7,   -3,    7,    0,   19,   13,    0,  -16,   13,    0,   13,  -13,  -13,    0,    0,    0,    0,  -17,  -10,    0,    0,   13,    0,    0,    0,    0,    0,   -2,  -13,  -13,  -13,  -13,  -16,   13,    0,
       0,    0,    0,    0,    0,    0,  -21,    0,    0,    0,   -3,    0,    0,    0,    0,    0,    0,    0,    0,    0,    0,    0,    0,    0,    0,    0,    0,    0,    0,    0,    0,    0,    0,    0,    0,    0,    0,    0,    0,    0,    0,    0,    0,    0,    0,    0,    0,    0,    0,    0,   -5,    0,    0,    0,    0,    0,    0,    0,    0,    0,    0,
       0,    0,    0,    0,    0,    0,    3,    0,    5,    0,    0,    0,    0,    0,    0,    0,   -5,    0,    0,    0,    0,    7,    0,    0,    0,    0,    0,    0,    0,    0,    0,    0,    0,    0,    0,    0,    0,    0,    0,    0,    0,    0,    0,    0,    0,    0,    0,    0,    0,    0,  -19,    0,    0,    0,    0,    0,    0,    0,    0,    0,    0,
       0,    0,    0,    0,    0,    0,    0,    0,    0,    0,    0,    0,    0,    0,    0,    0,   -2,    0,    0,    0,    0,    0,    0,    0,    0,    0,    0,    0,    0,    0,    0,    0,    0,    0,    0,    0,    0,    0,    0,    0,    0,    0,    0,    0,    0,    0,    0,    0,    0,    0,    0,    0,    0,    0,    0,    0,    0,    0,    0,    0,    0,
       0,    0,    0,    0,    0,    0,  -11,    0,    0,    0,    0,    0,    0,    0,   -7,    0,   -3,    0,    0,    0,    0,    0,   -7,    0,    0,    0,    0,    0,    0,    0,    0,    0,    0,    0,    0,    0,    0,    0,    0,    0,    0,    0,    0,    0,    0,    0,    0,    0,    0,    0,   -5,    0,    0,   -7,    0,    0,    0,    0,    0,    0,    0,
       0,    0,    0,    0,    0,    0,    0,    7,    0,    0,    0,    0,    0,    5,    0,    0,   -6,    0,    0,    0,    0,    0,    0,    0,    0,    0,    0,    0,    0,    0,    0,    0,    0,    0,    0,    0,    0,    0,    0,    0,    0,    0,    0,    0,    0,    0,    0,    0,    0,    0,  -19,    0,    0,    0,    0,    0,    0,    0,    0,    0,    0,
       0,    0,    0,    0,    0,    0,   -4,    0,    0,    0,   -8,   -7,  -14,    0,    0,    0,   -9,   -8,    0,    0,    0,    0,    0,    0,    0,    0,    0,    0,    0,    0,    0,    0,    0,    0,    0,    0,    0,    0,    0,    0,    0,    0,    0,    0,    0,    0,    0,    0,    0,    0,   -5,    0,    0,    0,    0,    0,    0,    0,    0,    0,    0,
       0,    0,    0,    0,    0,    0,    0,    0,    0,    0,   -6,   -5,   -4,    3,   -8,    0,   -8,    0,    0,    0,    0,    0,    0,    0,    0,    0,    0,    0,    0,    0,    0,    0,    0,    0,    0,    0,    0,    0,    0,    0,    0,    0,    0,    0,    0,    0,    0,    0,    0,    0,  -15,    0,    0,    0,    0,    0,    0,    0,    0,    0,    0,
       0,    0,    0,   -5,    0,    0,  -45,  -21,    0,   -8,    7,   -1,   -7,   -6,   -6,   -6,    3,   -4,    0,    0,    0,    0,    0,    0,    0,    0,    0,    0,    0,    0,    0,    0,    0,    0,    0,    0,    0,    0,    0,    0,    0,    0,    0,    0,    0,    0,    0,    0,    0,    0,   15,    0,    0,    0,    0,    0,    0,    0,    0,    0,    0,
       0,    0,    0,    0,    0,    0,    0,    0,    0,    0,    0,    0,    0,    0,   -7,    0,   -9,    0,    0,    0,    0,    0,   -7,    0,    0,    0,    0,    0,    0,    0,    0,    0,    0,    0,    0,    0,    0,    0,    0,    0,    0,    0,    0,    0,    0,    0,    0,    0,    0,    0,   -5,    0,    0,   -7,    0,    0,    0,    0,    0,    0,    0,
       0,    0,    0,    0,    0,    0,  -25,    0,    0,    0,    0,    0,   -3,    0,    0,    0,   -7,    0,    0,    0,    0,    0,    0,    0,    0,    0,    0,    0,    0,    0,    0,    0,    0,    0,    0,    0,    0,    0,    0,    0,    0,    0,    0,    0,    0,    0,    0,    0,    0,    0,   -4,    0,    0,    0,    0,    0,    0,    0,    0,    0,    0,
       0,    0,    0,    0,    0,    0,    0,    0,    0,    0,    0,    0,    0,    0,    0,    0,    0,    0,    0,    0,    0,    0,    0,    0,  -13,    0,  -17,   -3,  -23,    0,    0,    0,    0,    0,    0,    0,    0,    0,    0,    0,    0,    0,   -6,   -2,   -8,    0,    0,    0,    0,    0,    0,    0,    0,    0,    0,    0,    0,    0,    0,    0,    0,
       0,    0,    0,    0,    0,    0,    0,    0,    0,    0,    0,    0,    0,    0,    0,    0,    0,    0,    0,    0,    0,    0,    3,    0,    7,    0,    0,    0,    0,    0,    0,    0,    0,    0,    0,    0,    0,    0,    0,    0,    0,    0,    0,    0,    0,    0,    0,    0,    0,    0,    0,    0,  -16,    3,    0,    0,    0,    0,    0,    0,    0,
       0,  -15,   -2,    0,    0,    0,  -18,    0,    1,    0,    0,    0,  -20,    0,    0,    0,    0,    0,    0,   -3,    0,   -8,    0,    0,   -8,    0,  -21,  -25,  -18,  -12,    0,    0,    0,   -1,   -1,    5,   -1,   -1,   -1,   -2,   -1,   -2,   -7,   -7,   -5,    0,    0,    0,    0,    0,    0,    0,    0,    0,   -1,   -1,   -1,   -1,   -1,    8,    0,
      -7,  -49,  -14,    0,    0,    0,    1,  -17,    5,    0,    0,    0,    0,    0,    0,    0,    0,    0,    0,  -21,  -10,    3,  -12,   -5,  -41,  -26,  -30,   -7,  -35,   -8,    0,    5,    0,   -7,   -8,   -7,   -8,   -6,   -6,   -4,  -12,  -12,  -19,   -1,  -19,   -7,    0,    3,   -4,    0,    0,    0,    0,  -12,   -6,   -6,   -6,   -6,   -7,   -8,    0,
       0,  -12,    0,    0,    0,    0,  -15,    0,    0,    0,    0,    0,   -7,    0,    0,    0,    0,    0,    0,   -7,   -1,  -15,  -10,   -1,  -18,    0,  -28,  -24,  -27,  -12,    0,    0,    0,   -3,   -3,   -3,   -3,   -7,   -7,   -3,   -3,   -5,   -9,  -15,  -13,   -7,    0,    0,    0,    0,    0,    0,    0,  -10,   -7,   -7,   -7,   -7,   -3,   -3,    0,
       0,   -2,    0,   -4,    0,    0,   -9,  -16,    0,    0,   -2,   -4,   -5,    0,   -3,    0,   -5,   -7,    0,    0,  -13,  -11,    0,   -3,   -8,    0,  -14,  -17,  -14,    0,    0,    0,    0,  -14,   -9,    0,   -9,   -9,   -9,  -12,   -7,   -9,   -6,  -10,   -9,  -13,    0,    0,    0,    0,    0,    0,    0,    0,   -9,   -9,   -9,  -14,  -14,   -9,    0,
       0,    0,    0,    0,    0,    0,    0,   -7,   -1,    0,    0,    0,    0,    0,    0,    0,    0,    0,    0,    0,  -10,  -14,    0,    0,  -15,    0,  -17,  -18,  -14,    0,    0,    0,    0,   -8,    0,    0,    0,   -6,   -6,   -8,   -8,   -8,  -13,  -11,  -11,   -7,    0,    0,    0,    0,    0,    0,    0,    0,   -6,   -6,   -6,   -6,   -8,    0,    0,
       0,    0,   -5,    0,    0,    0,  -53,    0,  -13,    0,    0,    0,    0,    0,    0,    0,    0,    0,  -22,    0,   -9,  -34,  -10,   -3,    0,    0,   -5,  -11,   -5,  -10,    0,    0,    0,  -19,    2,   -2,    2,    0,    0,  -15,   -3,   -3,   -3,   -8,    0,   -9,    0,    0,    0,    0,    0,    0,    0,  -10,    0,    0,    5,    8,  -19,    2,    0,
       0,    0,   -3,    0,    0,    0,    0,    0,    0,    0,    0,    0,    0,    0,    0,    0,    0,    0,    0,    0,    0,   -3,    0,    0,    0,    0,  -21,  -10,  -20,    0,    0,    0,    0,    2,   -3,    0,   -3,    0,    0,   -3,    0,   -3,   -9,   -8,   -7,   -4,    0,    0,    0,    0,    0,    0,    0,    0,    0,    0,    0,    0,    2,   -3,    0,
       0,    0,   -8,    0,    0,    0,    0,    0,   -6,    0,    0,    0,    0,    0,    0,    0,    0,    0,   -1,    0,    0,  -11,    0,    0,   -8,   -1,  -12,  -15,   -9,   -6,    0,    0,    0,   -4,    3,    0,    3,    0,    0,   -3,    0,    0,   -8,  -12,   -8,    0,    0,    0,    0,    0,    0,    0,    0,    0,    0,    0,    3,    7,   -4,    3,    0,
       0,    0,    0,    0,    0,    0,  -11,    0,    0,    0,    0,    0,    0,    0,    0,    0,    0,    0,   -8,    0,    0,  -18,   -1,    0,    0,    0,   -5,  -14,   -5,   -9,    0,    0,    0,   -6,    5,   -1,    5,   -1,   -1,   -8,   -5,   -6,  -10,  -14,   -9,   -8,    0,    0,    0,    0,    0,    0,    0,   -1,   -1,   -1,    5,   10,   -6,    5,    0,
      -6,   -7,   -7,    0,    0,    0,  -10,  -38,    1,    0,    0,    0,    0,    0,    0,    0,    0,    0,   -9,   -6,  -25,   -7,  -12,   -3,  -15,  -15,  -10,   -9,  -11,  -11,    0,    0,    0,  -10,    0,   -2,    0,   -7,   -7,  -13,  -12,  -13,  -17,    0,  -13,   -3,    0,    0,    0,    0,    0,    0,    0,  -12,   -7,   -7,   -9,   -4,  -10,    0,    0,
       0,    0,  -15,    0,    0,    0,    0,    0,    0,    0,    0,    0,    0,    0,    0,    0,    0,    0,   -7,    0,  -12,   -2,    0,   -3,  -31,  -18,  -40,   -5,  -41,   -3,    0,    0,    0,   -3,    0,    0,    0,   -4,   -4,   -4,  -11,   -7,  -19,   -3,  -22,    0,    0,    0,    0,    0,    0,    0,    0,    0,   -4,   -4,   -4,   -4,   -3,    0,    0,
       0,    3,   -3,    0,    0,    0,  -69,  -12,  -14,    0,    0,    0,    0,    0,    0,    0,    0,    0,   -5,   -6,   -2,  -22,   -8,   -4,   -2,   -6,  -14,  -19,  -19,  -10,    0,   -3,    0,   -4,   -3,   -1,   -3,   -2,   -2,   -3,   -3,   -3,    1,   -5,    0,   -7,    0,   -5,    0,    0,    0,    0,    0,   -8,   -2,   -2,   -2,   -2,   -4,   -3,    0,
       0,  -15,   -2,    0,   32,    0,  -18,    0,   40,    0,    0,    0,  -20,    0,    0,    0,    0,    0,    0,   -3,    0,   -8,    0,   36,   -8,    0,  -21,  -25,  -18,  -12,    0,   30,   44,   -1,   -3,    5,   -3,    0,    0,   -2,   -1,   -2,   -7,   -7,    0,    0,   13,   28,    0,    0,    0,    0,    0,    0,    0,    0,    0,    0,    7,   29,    0,
       0,    0,    0,    0,    0,    0,    0,    0,    0,    0,    0,    0,    0,    0,    0,    0,    0,    0,    0,    0,   -7,   -3,   -5,    0,  -15,   -8,  -25,   -7,  -26,   -3,    0,    0,    0,   -8,    0,   -1,    0,   -3,   -3,    0,   -6,   -6,  -10,   -4,   -9,    0,    0,    0,    0,    0,    0,    0,    0,   -5,   -3,   -3,   -3,   -3,   -8,    0,    0,
       0,    3,  -11,    0,    0,    0,  -37,  -34,  -14,    0,    0,    0,    0,    0,    0,    0,    0,    0,  -14,   -3,  -10,  -35,   -8,   -4,   -4,   -2,   -4,  -14,   -5,  -12,    0,    0,    0,  -19,    1,   -4,    1,   -5,   -5,  -20,   -3,   -5,   -1,  -11,    2,  -13,    0,    0,    0,    0,    0,    0,    0,   -8,   -5,   -5,    2,    1,  -19,    1,    0,
      -7,   -1,  -20,    0,    0,    0,  -60,  -23,  -21,    0,    0,    0,  -14,    0,    0,    0,    0,    0,  -25,    0,  -42,  -30,  -13,   -4,   -3,   -1,    3,   -8,    3,  -13,    0,    0,    0,  -25,    2,  -10,    2,  -19,  -19,  -28,  -14,  -19,  -13,  -31,  -21,  -30,    0,   -2,    0,    0,    0,    0,    0,  -13,  -19,  -29,  -11,   -6,  -25,    2,    0,
       0,    0,  -15,    0,    0,    0,  -51,    0,    0,    0,    0,    0,  -13,    0,   -6,    0,   -3,    0,  -26,    0,  -18,  -31,   -8,   -5,   -4,   -1,    3,   -7,    3,   -8,    0,    0,    0,  -28,   10,   -3,    4,  -13,  -13,  -24,  -11,  -17,  -20,  -26,  -17,  -20,    0,    0,    0,    0,    0,    0,    0,   -8,  -13,  -22,   -4,    0,  -28,    4,    0,
       0,    0,  -11,    0,    0,    0,    0,    0,    0,    0,    0,    0,    0,    0,    0,    0,    0,    0,    0,    0,  -10,   -9,   -7,    0,  -12,   -7,  -10,  -13,  -10,    0,    0,    0,    0,   -2,    0,    0,    0,   -6,   -6,   -5,   -9,   -8,  -11,   -6,  -13,    0,    0,    0,    0,    0,    0,    0,    0,   -7,   -6,   -6,   -6,   -3,   -2,    0,    0,
       0,    0,    0,    0,    0,    0,    0,    0,   32,    0,    0,    0,    0,    0,    0,    0,    0,    0,    0,    0,    0,   13,    0,   72,  -22,    0,    3,    0,    3,    0,   24,    0,    9,    0,   14,   43,   14,    0,    0,    0,    0,    0,    0,    0,    0,    0,    0,    0,    0,    0,    0,    0,    0,    0,    0,    0,    0,    0,    0,   14,    0,
       0,    0,    0,    0,   13,    0,    0,    0,   19,    0,    0,    0,    0,    0,    0,    0,    0,    0,    0,    0,    0,    0,    0,   31,    0,    0,    0,    0,    0,    0,    0,   13,   13,    0,    0,    0,    0,    0,    0,    0,    0,    0,    0,    0,    0,    0,    0,    7,    0,    0,    0,    0,    0,    0,    0,    0,    0,    0,    0,    0,    0,
       0,    0,    0,    0,   13,    0,    0,    0,   15,    0,    0,    0,    0,    0,    0,    0,    0,    0,    0,    0,    0,    0,    0,   26,    0,    0,    0,    0,    0,    0,    0,   11,    0,    0,    0,   26,    0,    0,    0,    0,    0,    0,    0,    0,    0,    0,    0,    9,    0,    0,    0,    0,    0,    0,    0,    0,    0,    0,    0,    0,    0,
      -2,  -28,    0,    0,    0,    0,    3,    0,    3,    0,    0,    0,    0,    0,    0,    0,    0,    0,    0,   -7,    0,    0,    0,    0,    0,    0,    0,    0,    0,    0,    0,    0,    0,    0,    0,    0,    0,    0,    0,    0,    0,    0,  -13,   -3,  -13,    0,    0,    0,    0,    0,    0,    0,    0,    0,    0,    0,    0,    0,    0,    0,    0,
       0,  -21,    0,    0,    0,    0,  -12,    0,    2,    0,    0,    0,    0,    0,    0,    0,    0,    0,    0,   -3,   -1,    0,    0,    0,    0,    0,    0,    0,    0,    0,    0,    0,    0,    5,    0,    0,    0,    0,    0,    0,    0,    0,  -12,  -11,  -12,    0,    0,    0,    0,    0,    0,    0,    0,    0,    0,    0,    0,    0,    5,    0,    0,
       0,   -2,    0,    0,    0,    0,    0,  -10,    0,    0,    0,    0,    0,    0,    0,    0,    0,    0,    0,   -7,    0,    0,    0,    0,    0,    0,    0,    0,    0,    0,    0,    0,    0,   -8,   -7,   -1,   -7,   -6,   -6,    0,    0,   -6,   -7,  -11,   -4,    0,    0,    0,    0,    0,    0,    0,    0,    0,   -6,   -6,   -6,   -6,   -8,   -7,    0,
       0,  -21,    0,    0,    0,    0,    0,   -3,   13,    0,    0,    0,    0,    0,    0,    0,    0,    0,    0,    0,   -3,    0,    0,    0,    0,    0,    0,    0,    0,    0,    0,   13,    0,    0,    3,    3,    3,    0,    0,    0,    0,    0,   -8,   -5,   -7,    0,    0,    0,    0,    0,    0,    0,    0,    0,    0,    0,    7,    0,    0,    3,    0,
       0,    0,    0,    0,    0,    0,    0,    0,    0,    0,    0,    0,    0,    0,    0,    0,    0,    0,    0,    0,    0,    0,    0,    0,    0,    0,    0,    0,    0,    0,    0,    0,    0,    0,    0,    0,    0,    0,    0,    0,    0,    0,   -7,  -14,  -10,    0,    0,    0,    0,    0,    0,    0,    0,    0,    0,    0,    0,    0,    0,    0,    0,
      17,   21,    0,    0,   53,   11,   -9,  -11,    0,    0,    0,    0,    0,    0,    0,    0,    0,    0,   -3,   16,    0,    0,    0,    0,    0,    0,    0,    0,    0,    0,   10,   67,    0,   -3,   22,    7,   22,    3,    3,    0,    5,    3,    6,   -6,    6,    0,    0,    0,    0,    0,    0,    0,    0,    0,   14,    7,   16,   28,   -3,   22,    0,
       0,    0,    0,    0,    0,    0,    0,    0,    7,    0,    0,    0,    0,    0,    0,    0,    0,    0,    0,    0,    0,    0,    0,    0,    0,    0,    0,    0,    0,    0,    0,    0,    0,    0,    0,   13,    0,    0,    0,    0,    0,    0,   -7,  -10,   -6,   -7,    0,    0,    0,    0,    0,    0,    0,    0,    0,    0,    0,    0,    0,    0,    0,
      -3,   -9,    0,    0,    0,    0,   -6,  -26,    5,    0,    0,    0,    0,    0,    0,    0,    0,    0,   -6,   -8,   -7,    0,    0,    0,    0,    0,    0,    0,    0,    0,    0,    0,    0,  -11,   -4,   -2,   -4,   -8,   -8,   -8,   -4,   -6,   -1,   -1,   -1,   -7,    0,    0,    0,    0,    0,    0,    0,    0,   -8,   -8,   -8,   -8,  -11,   -4,    0,
       0,    0,    0,    0,    0,    0,    0,    0,    0,    0,    0,    0,    0,    0,    0,    0,    0,    0,    0,    0,    0,    0,    0,    0,    0,    0,    0,    0,    0,    0,    0,    0,   19,    0,    0,   29,    0,    3,   13,    0,    0,    0,  -14,  -12,    0,    0,    0,    0,    0,    0,    0,    0,    0,    0,    3,    3,    3,    3,    0,   13,    0,
      -1,    0,    0,    0,   -1,    0,  -35,    0,  -11,    0,    0,    0,    0,    0,    0,    0,    0,    0,    0,   -1,    0,    0,    0,    0,    0,    0,    0,    0,    0,    0,    0,   -7,    0,   -4,   -5,    3,   -5,    3,    3,   -5,    0,    1,    6,   -2,    8,    0,    0,   -9,    0,    0,    0,    0,    0,    0,    3,    3,    3,    3,   -4,   -5,    0,
       0,    0,    0,    0,    0,    0,   -5,    0,    0,    0,    0,    0,    0,    0,    0,    0,    0,    0,    0,    0,    0,    0,    0,    0,    0,    0,    0,    0,    0,    0,    0,    0,    0,    0,    0,    0,    0,    0,    0,    0,    0,    0,  -18,  -12,   -7,    0,    0,    0,    0,    0,    0,    0,    0,    0,    0,    0,    0,    0,    0,    0,    0,
       0,   -3,    0,    0,    0,    0,    0,    0,    0,    0,    0,    0,    0,    0,    0,    0,    0,    0,    0,    0,    0,    0,    0,    0,    0,    0,    0,    0,    0,    0,    0,    0,    0,  -10,   -2,   -1,   -2,    0,    0,   -5,    0,    0,   -5,   -3,   -1,    0,    0,    0,    0,    0,    0,    0,    0,    0,    0,    0,    0,    0,  -10,   -2,    0,
       0,    0,    0,    0,    0,    0,    0,    0,   10,    0,    0,    0,    0,    0,    0,    0,    0,    0,    0,    0,    0,    0,    0,    0,    0,    0,    0,    0,    0,    0,    0,    0,    0,   -1,    0,    0,    0,    0,    0,    0,    0,    0,   -9,   -1,  -11,   -6,    0,    0,    0,    0,    0,    0,    0,    0,    0,    0,    0,    0,   -1,    0,    0,
       0,    0,    0,    0,    0,    0,  -33,   -8,    0,    0,    0,    0,    0,    0,    0,    0,    0,    0,   -6,    0,   -4,    0,    0,    0,    0,    0,    0,    0,    0,    0,    0,    0,    0,   -7,    0,    4,    0,    2,    2,   -8,    7,    6,    9,   -1,    8,   -5,    0,    0,    0,    0,    0,    0,    0,    0,    2,    2,    2,    2,   -7,    0,    0,
       0,    0,    0,    0,    0,    0,    0,    0,    0,    0,    0,    0,    0,    0,    0,    0,    0,    0,    0,    0,    0,    0,    0,    0,    0,    0,    0,    0,    0,    0,    0,    0,    0,    0,   -3,    0,   -3,    0,    0,   -5,    0,    0,   -8,   -8,   -7,    0,    0,    0,    0,    0,    0,    0,    0,    0,    0,    0,    0,    0,    0,   -3,    0,
       0,    0,    0,    0,    0,    0,    0,    0,   13,    0,    0,    0,    0,    0,    0,    0,    0,    0,    0,    0,    0,    3,    0,   22,   -2,    0,    0,    0,    0,    0,    7,    0,   13,    0,    9,   19,    9,    0,    0,    0,    0,    0,    0,    0,    0,    0,    0,    0,    0,    0,    0,    0,    0,    0,    0,    0,    0,    0,    0,    9,    0,
       0,    0,    0,    0,    0,    0,    0,    0,    0,    0,    0,    0,    0,    0,    0,    0,    0,    0,    0,    0,    0,   -7,    0,    0,    0,    0,    0,    0,    0,    0,    0,    0,    0,    0,    0,    0,    0,    0,    0,    0,    0,    0,    0,    0,    0,    0,    0,    0,    0,    0,    0,    0,    0,    0,    0,    0,    0,    0,    0,    0,    0,
       0,    0,    0,    0,    0,    0,    0,    0,    0,    0,    0,   -2,    0,    0,    0,    0,   -3,    0,    0,    0,    0,    0,    0,    0,    0,    0,    0,    0,    0,    0,    0,    0,    0,    0,    0,    0,    0,    0,    0,    0,    0,    0,    0,    0,    0,    0,    0,    0,    0,    0,    0,    0,    0,    0,    0,    0,    0,    0,    0,    0,    0,
       0,    0,    0,    0,    0,    0,    0,  -14,    0,    0,    0,    0,    0,    0,    0,    0,    0,    0,    0,    0,    0,    0,    0,    0,    0,    0,    0,    0,    0,    0,    0,    0,    0,    0,    0,    0,    0,    0,    0,    0,    0,    0,    0,    0,    0,    0,    0,    0,    0,    0,    0,    0,    0,    0,    0,    0,    0,    0,    0,    0,    0,
       0,    0,    0,    0,    0,    0,    0,    0,    0,    0,    0,    0,    0,    0,    0,    0,    0,    0,    0,    0,    0,    0,    0,    0,    0,    0,    0,    0,    0,    0,    0,    0,    0,    0,    0,    0,    0,    0,    0,    0,    0,    0,    0,    0,    0,    0,    0,    0,    0,    0,    0,    0,    0,    0,    0,    0,    0,    0,    0,    0,   -7,
       0,    0,    0,    0,    0,    0,  -11,    0,    0,    0,    0,    0,    0,    0,    0,    0,    0,    0,    0,    0,    0,    0,    0,    0,    0,    0,    0,    0,    0,    0,    0,    0,    0,    0,    0,    0,    0,    0,    0,    0,    0,    0,    0,    0,    0,    0,    0,    0,    0,    0,    0,    0,    0,    0,    0,    0,    0,    0,    0,    0,    0,
       0,    0,   -8,    0,    0,    0,    0,    0,   -6,    0,    0,    0,    0,    0,    0,    0,    0,    0,   -1,    0,    0,  -11,    0,    7,   -8,   -1,  -12,  -15,   -9,   -6,   13,    0,    0,   -4,    3,    0,    3,    0,    0,   -3,    0,    0,   -8,  -12,   -8,    0,    0,    0,    0,    0,    0,    0,    0,   14,    0,    0,    3,    7,   -4,    3,    0,
       0,    0,    0,    0,    0,    0,    0,    0,    0,    0,    0,    0,    0,    0,    0,    0,    0,    0,    0,    0,    0,    0,    0,    0,    0,    0,    0,    0,    0,    0,    0,    0,    0,   -1,   -3,   -5,   -3,   -5,   -5,   -1,   -5,    0,  -14,  -10,  -12,   -6,    0,    0,    0,    0,    0,    0,    0,    0,   -5,   -5,   -5,   -5,   -1,   -3,    0,
       0,   -2,    0,    0,    0,    0,    0,  -10,    0,    0,    0,    0,    0,    0,    0,    0,    0,    0,    0,   -7,    0,    0,    0,    0,    0,    0,    0,    0,    0,    0,    0,    0,    0,   -8,   -7,    5,   -7,   -6,   -6,    0,    0,   -6,   -7,  -11,   -4,    0,    0,    0,    0,    0,    0,    0,    0,    0,   -6,   -6,   -6,   -6,   -8,   -7,    0,
       0,  -21,    0,    0,    0,    0,    0,   -3,   13,    0,    0,    0,    0,    0,    0,    0,    0,    0,    0,    0,   -3,    0,    0,    0,    0,    0,    0,    0,    0,    0,    0,   13,    0,    0,    3,    3,    3,    0,    0,    0,    0,    0,   -8,   -5,   -7,    0,    0,    0,    0,    0,    0,    0,    0,    0,    0,    0,    8,   11,    0,    3,    0,
       0,  -21,    0,    0,    0,    0,    0,   -3,   13,    0,    0,    0,    0,    0,    0,    0,    0,    0,    0,    0,   -3,    0,    0,    0,    0,    0,    0,    0,    0,    0,    0,   13,    0,    0,   18,    3,   18,    0,    0,    0,    0,    0,   -8,   -5,   -7,    0,    0,    0,    0,    0,    0,    0,    0,    0,    7,    0,    7,   21,    0,   18,    0,
       0,  -21,    0,    0,    0,    0,    0,   -3,   13,    0,    0,    0,    0,    0,    0,    0,    0,    0,    0,    0,   -3,    0,    0,    0,    0,    0,    0,    0,    0,    0,    0,   13,    0,    0,   11,    3,   11,    0,    0,    0,    0,    0,   -8,   -5,   -7,    0,    0,    0,    0,    0,    0,    0,    0,    0,    0,    0,    8,   13,    0,   11,    0,
       0,  -21,    0,    0,    0,    0,    0,   -3,   13,    0,    0,    0,    0,    0,    0,    0,    0,    0,    0,    0,   -3,    0,    0,    0,    0,    0,    0,    0,    0,    0,    0,   13,    0,    0,   16,    3,   16,    0,    0,    0,    0,    0,   -8,   -5,   -7,    0,    0,    0,    0,    0,    0,    0,    0,    0,    7,    1,   16,   21,    0,   16,    0,
      -7,   -1,  -20,    0,    0,    0,  -60,  -23,  -21,    0,    0,    0,  -14,    0,    0,    0,    0,    0,  -25,    0,  -19,  -30,  -13,   -4,   -3,   -1,    3,   -8,    3,  -13,    0,    0,    0,  -25,    2,  -10,    2,  -19,  -19,  -28,  -14,  -19,  -13,  -31,  -21,  -30,    0,   -2,    0,    0,    0,    0,    0,  -13,  -19,  -29,  -11,   -6,  -25,    2,    0,
       0,    0,    0,    0,    0,    0,    0,    0,    0,    0,    0,    0,    0,    0,    0,    0,    0,    0,    0,    0,    0,    0,    0,    0,    0,    0,    0,    0,    0,    0,    0,    0,    0,    0,    0,   -1,    0,    0,    0,    0,    0,    0,  -12,   -5,   -8,    0,    0,    0,    0,    0,    0,    0,    0,    0,    0,    0,    0,    0,    0,    0,    0,
};

static const EpdLigaturePair bitter_14_bolditalicLigaturePairs[] = {
    { 0x00660069, 0xFB01 }, // f i -> U+FB01
    { 0x0066006C, 0xFB02 }, // f l -> U+FB02
};

static constexpr EpdFontData bitter_14_bolditalic = {
    bitter_14_bolditalicBitmaps,
    bitter_14_bolditalicGlyphs,
    bitter_14_bolditalicIntervals,
    32,
    35,
    28,
    -8,
    true,
    bitter_14_bolditalicGroups,
    8,
    nullptr,
    bitter_14_bolditalicKernLeftClasses,
    bitter_14_bolditalicKernRightClasses,
    bitter_14_bolditalicKernMatrix,
    189,
    191,
    71,
    61,
    bitter_14_bolditalicLigaturePairs,
    2,
};
