/**
 * generated by fontconvert.py
 * name: caveat_42_regular
 * size: 42
 * mode: 2-bit  compressed: true
 * Command used: fontconvert.py caveat_42_regular 42 ../builtinFonts/source/Caveat/Caveat-Variable.ttf --exact-intervals --additional-intervals 0x20,0x7e --2bit --compress
 */
#pragma once
#include "EpdFontData.h"

static const uint8_t caveat_42_regularBitmaps[14175] = {
    0xBD, 0x7D, 0xBD, 0xAF, 0xE4, 0xD8, 0x95, 0x5F, 0xB1, 0xA8, 0x6E, 0x1A, 0x43, 0xC0, 0x9C, 0x40,
    0x33, 0xB0, 0xA6, 0x61, 0x30, 0xD9, 0x40, 0x5E, 0x1B, 0xCB, 0xBF, 0xC0, 0x26, 0x05, 0x03, 0xEB,
    0xC0, 0xC1, 0x76, 0x30, 0xAD, 0x60, 0x14, 0x8C, 0x02, 0x2F, 0x60, 0x8C, 0x8C, 0xED, 0x64, 0x03,
    0x07, 0xD2, 0xB2, 0x60, 0xC3, 0x50, 0xB0, 0x81, 0x3B, 0x90, 0xA2, 0x0D, 0x24, 0x03, 0x23, 0x03,
    0xD3, 0x03, 0x78, 0x36, 0xDC, 0x40, 0x1A, 0x96, 0x76, 0x83, 0x0D, 0x1C, 0xA8, 0xEC, 0x7F, 0xC0,
    0x5C, 0x7B, 0xC6, 0x8B, 0x19, 0x05, 0xE2, 0xC2, 0x94, 0x97, 0xD3, 0x43, 0xF2, 0xEE, 0xBD, 0xE7,
    0xFB, 0xB2, 0x58, 0xAF, 0xDF, 0x48, 0xB2, 0x1F, 0xBA, 0x5F, 0x91, 0xF5, 0xAA, 0x2E, 0xEF, 0xC7,
    0xB9, 0xE7, 0xF3, 0x77, 0xCE, 0x3D, 0x1C, 0xC2, 0xCF, 0x83, 0x03, 0xFE, 0xB4, 0x0D, 0xBE, 0x76,
    0x67, 0x7C, 0x75, 0x17, 0x7A, 0xED, 0xE1, 0xE5, 0x48, 0xAF, 0x29, 0xBD, 0x9F, 0x39, 0xFC, 0x5C,
    0xE1, 0x4E, 0xF4, 0x8A, 0x1F, 0xAF, 0x16, 0x7C, 0xAD, 0x67, 0x6A, 0x76, 0xA4, 0x66, 0x06, 0x78,
    0x49, 0xE8, 0xEB, 0x29, 0x7D, 0x2D, 0xA5, 0xAF, 0xE5, 0x2B, 0xBE, 0x16, 0xF4, 0xF5, 0x8A, 0xBE,
    0x5E, 0xD3, 0xD7, 0xBB, 0x21, 0xEA, 0x55, 0x42, 0x4F, 0x4F, 0x5D, 0x13, 0x35, 0x93, 0x51, 0x33,
    0x39, 0x7D, 0xBD, 0x9A, 0xA8, 0x99, 0x61, 0xD3, 0x4C, 0x1F, 0xF5, 0xE6, 0xB8, 0x69, 0x2E, 0xBB,
    0xD1, 0xAB, 0x72, 0xDE, 0xEF, 0x1D, 0x37, 0xCF, 0xAF, 0x2D, 0xBF, 0xF6, 0xF4, 0xFE, 0x25, 0x7E,
    0xAD, 0x68, 0x8E, 0x0B, 0x7A, 0xFD, 0x82, 0x3F, 0x6F, 0x1C, 0xA8, 0xF7, 0x3D, 0xF5, 0x76, 0xA4,
    0x25, 0xC0, 0x6E, 0x55, 0xF4, 0x5A, 0xBB, 0x89, 0xEE, 0xB1, 0x3B, 0x39, 0xCD, 0x79, 0xF2, 0x2E,
    0xB5, 0x93, 0xE0, 0xD7, 0x2F, 0x87, 0x7F, 0xE6, 0xFF, 0x38, 0x1D, 0xEA, 0x73, 0x98, 0xB7, 0xBA,
    0xA7, 0xDF, 0xC5, 0x7C, 0x68, 0x2F, 0x87, 0x62, 0x0A, 0x14, 0x51, 0x8E, 0x07, 0x3F, 0x45, 0xE5,
    0x70, 0xF0, 0x4D, 0xD4, 0x7D, 0xE2, 0xA7, 0xA7, 0xBD, 0x84, 0x39, 0x77, 0x67, 0x3F, 0xE3, 0x89,
    0x3B, 0xF9, 0xCF, 0xFA, 0xDB, 0x72, 0x0A, 0x0B, 0xE0, 0x27, 0xC1, 0xDF, 0x76, 0x97, 0x43, 0x35,
    0x86, 0x8F, 0xE3, 0x07, 0xBB, 0x53, 0xEA, 0x3B, 0xF5, 0x5B, 0x87, 0xE4, 0x99, 0x8C, 0x22, 0x6B,
    0x74, 0x28, 0xBE, 0x93, 0x61, 0x6A, 0xDA, 0xD3, 0xC1, 0x4C, 0x64, 0x77, 0x39, 0x98, 0x69, 0xA6,
    0xC1, 0xFA, 0xB7, 0x47, 0x1D, 0xBA, 0x7F, 0x7B, 0x54, 0xDA, 0xF4, 0x6F, 0x0F, 0x4A, 0xA1, 0xFE,
    0xED, 0x41, 0xE9, 0x14, 0xDF, 0x66, 0x6A, 0xC5, 0xB7, 0x99, 0x66, 0xFD, 0x85, 0xEF, 0x4B, 0xB5,
    0xCA, 0x9D, 0xA1, 0x5F, 0x7C, 0xBB, 0xE5, 0x3B, 0x78, 0xBB, 0x1B, 0x79, 0xCF, 0x4C, 0x4A, 0xD9,
    0x48, 0x5C, 0x4C, 0x51, 0xD8, 0xDF, 0x94, 0x1F, 0x0E, 0x6F, 0x33, 0xCD, 0xE3, 0xDB, 0x39, 0x3F,
    0x1C, 0x88, 0xAE, 0xE0, 0x87, 0xC3, 0xDB, 0x4C, 0x67, 0xF8, 0x36, 0x53, 0x1B, 0xBE, 0xCD, 0x34,
    0x87, 0xB4, 0xCD, 0x94, 0xB6, 0x9D, 0xA3, 0x41, 0xF7, 0x08, 0x6E, 0x9A, 0x23, 0x3F, 0x1C, 0xDE,
    0x4E, 0xF5, 0xE1, 0xFF, 0xE1, 0xC9, 0x93, 0xB7, 0xDD, 0xF3, 0xF7, 0xFC, 0xF5, 0xEB, 0x1F, 0x38,
    0xFE, 0x39, 0xF9, 0x7E, 0xE8, 0x8F, 0xA7, 0x05, 0x73, 0x37, 0xF8, 0xC9, 0xB3, 0x7F, 0x3B, 0x3C,
    0xF5, 0x2F, 0x2F, 0x9E, 0x3F, 0x77, 0x2F, 0xBE, 0xDF, 0xE8, 0xE2, 0xC9, 0x3C, 0xDC, 0xD1, 0x95,
    0x43, 0xD4, 0x95, 0x63, 0x98, 0x07, 0xDE, 0xC0, 0xF8, 0x36, 0xEF, 0x3B, 0x7C, 0xBB, 0xE0, 0x79,
    0xC8, 0xC2, 0xDB, 0xC5, 0x74, 0x30, 0x7B, 0xBD, 0xE4, 0x59, 0x29, 0xC3, 0xDB, 0x75, 0x6F, 0x67,
    0xA5, 0xEB, 0x2D, 0x55, 0x71, 0xC7, 0x9E, 0xB8, 0x17, 0x1D, 0x8C, 0xC0, 0x7F, 0xE1, 0xA1, 0x19,
    0x90, 0x9F, 0x53, 0x73, 0xD7, 0xF8, 0x5D, 0xE4, 0xCC, 0xB4, 0x94, 0x7A, 0xF3, 0xDC, 0x37, 0xF2,
    0xDA, 0x37, 0xDC, 0x93, 0x46, 0xBB, 0xB9, 0x59, 0xBC, 0xC5, 0x70, 0x20, 0xEC, 0xBD, 0x2C, 0x1E,
    0x2E, 0xA5, 0x2C, 0xDE, 0x64, 0x78, 0xD3, 0x66, 0x29, 0xDB, 0x78, 0x36, 0xFB, 0xED, 0x6C, 0xA6,
    0x9B, 0x85, 0x6D, 0x0E, 0xCA, 0xD2, 0x32, 0x5D, 0xE6, 0xD3, 0x3D, 0x29, 0x0E, 0x58, 0xDE, 0xBD,
    0x86, 0x00, 0x64, 0x29, 0xF4, 0xB7, 0x43, 0x8D, 0xF1, 0xBC, 0xEB, 0x6E, 0x1E, 0x68, 0xE5, 0xF7,
    0xEE, 0x7A, 0x23, 0x81, 0x36, 0x77, 0x55, 0xB8, 0xAB, 0xF9, 0xAE, 0x08, 0xCD, 0x55, 0x4C, 0x48,
    0x49, 0x23, 0xEC, 0xEC, 0xD6, 0x4F, 0x67, 0xAE, 0x85, 0x00, 0xED, 0x64, 0x9A, 0xED, 0x6A, 0xE4,
    0x9B, 0x65, 0x9C, 0xC2, 0x2A, 0xB8, 0x47, 0x4E, 0x9B, 0x14, 0x7E, 0x11, 0x1E, 0x35, 0x99, 0x47,
    0x0D, 0xE6, 0x51, 0x97, 0x1B, 0x8F, 0x92, 0x26, 0x93, 0xCE, 0x7D, 0x24, 0xAD, 0x00, 0x31, 0xD2,
    0x43, 0xFD, 0xCF, 0x59, 0xDF, 0x16, 0x21, 0xBA, 0xBA, 0xFF, 0x46, 0xD7, 0xA5, 0xBF, 0x3A, 0xE7,
    0xD8, 0xCF, 0x76, 0x15, 0x32, 0x48, 0xDC, 0x68, 0x88, 0xE0, 0x22, 0x94, 0x5A, 0x38, 0xDC, 0x29,
    0xB4, 0x90, 0x4A, 0x89, 0x83, 0x08, 0xAD, 0x70, 0x21, 0xBD, 0xEC, 0x3C, 0xD3, 0x3F, 0xC9, 0x8E,
    0x96, 0x3D, 0xEB, 0xC5, 0xBB, 0xEC, 0x58, 0x3F, 0x05, 0xB2, 0x43, 0x7D, 0x77, 0xA4, 0xF9, 0xC0,
    0x4A, 0x06, 0x1D, 0xB7, 0x99, 0x04, 0x67, 0x26, 0xA1, 0x36, 0xF3, 0x5A, 0x9A, 0xF7, 0x0B, 0xD9,
    0x08, 0xA1, 0xA1, 0xD1, 0xBC, 0x3F, 0x9B, 0x75, 0x90, 0x3E, 0x1C, 0xDA, 0xBF, 0xD4, 0x86, 0xDC,
    0xBF, 0x97, 0x86, 0x12, 0xF7, 0x35, 0x79, 0xB0, 0xEF, 0xBD, 0xEC, 0x35, 0xCF, 0x4A, 0x84, 0x68,
    0x73, 0x33, 0x0F, 0xC5, 0x68, 0x08, 0x7D, 0xD0, 0x6B, 0x4F, 0x92, 0x72, 0xDD, 0x9E, 0xF1, 0x3A,
    0x79, 0x0C, 0x14, 0x0C, 0x83, 0x2C, 0x06, 0xFF, 0xA8, 0x06, 0x57, 0xD7, 0x7F, 0x36, 0x08, 0x45,
    0x47, 0x92, 0x3F, 0x5D, 0x13, 0xEC, 0xB3, 0x7F, 0x48, 0x3E, 0x3F, 0xC5, 0x71, 0x95, 0xEB, 0xF7,
    0xDF, 0x76, 0xD4, 0x7D, 0x64, 0xB9, 0x23, 0xF5, 0xD7, 0x39, 0x19, 0x55, 0xE5, 0xAF, 0x59, 0x6E,
    0x1E, 0x3F, 0x30, 0x13, 0x78, 0x30, 0x13, 0x75, 0x34, 0x13, 0x98, 0x1A, 0xC2, 0x4C, 0x75, 0x6E,
    0x44, 0x2D, 0x3A, 0x58, 0x6E, 0x6A, 0xB9, 0x27, 0x8E, 0x56, 0x17, 0xC5, 0x5E, 0x9B, 0xC7, 0xD6,
    0xE7, 0x2F, 0x76, 0x5D, 0x36, 0xB7, 0xF7, 0xE5, 0x37, 0xED, 0x0D, 0x6B, 0x8F, 0x3C, 0x07, 0xD0,
    0xC6, 0xBF, 0xB1, 0x54, 0x94, 0xAC, 0x44, 0x2E, 0x30, 0x51, 0x34, 0x50, 0x37, 0x16, 0xA3, 0xE8,
    0xA0, 0x7E, 0xF2, 0x41, 0x36, 0xD4, 0x8E, 0xB8, 0x1B, 0xDC, 0xB9, 0x85, 0xD8, 0x6E, 0xB8, 0x4B,
    0x51, 0x33, 0xF2, 0xAB, 0x17, 0xBE, 0x57, 0x20, 0x79, 0x7A, 0x76, 0x15, 0xEE, 0x6A, 0xA4, 0x73,
    0xFF, 0xE8, 0x30, 0x13, 0xDD, 0x8A, 0x73, 0x7B, 0x0A, 0x73, 0x71, 0xC4, 0xAF, 0x81, 0x3E, 0x73,
    0xF1, 0x2D, 0x5F, 0x58, 0x34, 0x85, 0x0F, 0xE3, 0xF4, 0xFB, 0x19, 0x0E, 0x0B, 0xD1, 0xE1, 0x38,
    0x0A, 0x50, 0x88, 0x8E, 0xAC, 0x9F, 0x0D, 0xE1, 0xF9, 0xF4, 0xB5, 0x70, 0xE7, 0x9F, 0x4F, 0x5F,
    0xF3, 0x77, 0x81, 0x3B, 0xD0, 0xD7, 0x7C, 0x3F, 0x3C, 0xCB, 0xE1, 0xAF, 0x79, 0x4E, 0xED, 0xDF,
    0xE7, 0xAF, 0x05, 0xE1, 0x3B, 0xC8, 0xD7, 0x7C, 0xDB, 0xBE, 0x6B, 0xDD, 0x62, 0x38, 0xCF, 0x51,
    0x37, 0xDB, 0x1B, 0x8D, 0xFF, 0x9A, 0x55, 0x31, 0x2D, 0xC3, 0xF2, 0xF4, 0x6B, 0x27, 0xDB, 0x32,
    0xAA, 0x98, 0xFB, 0x19, 0x3D, 0x29, 0x52, 0x7E, 0x63, 0x8D, 0x9A, 0x7A, 0x73, 0x39, 0x64, 0xF3,
    0xC1, 0x08, 0x96, 0x4E, 0xB8, 0x46, 0x19, 0x54, 0x44, 0x79, 0x88, 0x37, 0x0B, 0x4A, 0x27, 0xDB,
    0xD9, 0xEF, 0x85, 0xF6, 0x33, 0x66, 0x18, 0x9E, 0x77, 0x79, 0xF5, 0x8E, 0x49, 0xD5, 0x8B, 0x29,
    0xFF, 0x06, 0xDF, 0x79, 0x2E, 0xEB, 0x59, 0x18, 0xDF, 0xF9, 0x67, 0x7B, 0xB1, 0x43, 0x84, 0x1C,
    0x04, 0x5E, 0x50, 0x3D, 0x27, 0x7A, 0x76, 0x13, 0xA4, 0x23, 0x11, 0x76, 0xB9, 0x02, 0x9F, 0x27,
    0xD2, 0x6E, 0x27, 0x58, 0x23, 0x22, 0x6E, 0xDF, 0x25, 0x5A, 0x50, 0x62, 0xCB, 0x9E, 0x25, 0x90,
    0x50, 0x08, 0x8D, 0x64, 0x33, 0x13, 0x99, 0x6F, 0x24, 0x10, 0x08, 0xC9, 0xCD, 0xA0, 0xFA, 0xF9,
    0x25, 0xC4, 0xC9, 0x00, 0xBD, 0xD3, 0xDF, 0xE1, 0x64, 0xC0, 0xEE, 0x2F, 0xC6, 0x54, 0x1B, 0xF1,
    0x9D, 0x7E, 0xEA, 0x54, 0xA1, 0xF3, 0x4B, 0x38, 0xEB, 0x54, 0x0A, 0x4B, 0x44, 0xC6, 0xC2, 0xBB,
    0x1E, 0x75, 0x98, 0xAA, 0x17, 0x5E, 0x63, 0x7E, 0xEA, 0x53, 0xB4, 0x20, 0x5F, 0xC8, 0x78, 0xF8,
    0xFB, 0xEB, 0x33, 0x43, 0x02, 0x4E, 0xE5, 0x4D, 0x82, 0xFA, 0x8E, 0x50, 0x99, 0x72, 0xEA, 0xC2,
    0xBD, 0xD0, 0xB5, 0xF2, 0x8C, 0x3A, 0x73, 0x4C, 0x39, 0x61, 0x1C, 0x4C, 0x54, 0x40, 0x78, 0x4C,
    0x2A, 0xA4, 0x5F, 0x37, 0x2A, 0x33, 0xF9, 0x2F, 0x61, 0x1A, 0x0F, 0xF5, 0x6A, 0xA4, 0x66, 0x6B,
    0x4D, 0x45, 0x7E, 0x0E, 0xAA, 0xCF, 0xBD, 0xEA, 0x39, 0xAC, 0xBA, 0xC3, 0xDA, 0xF0, 0xF7, 0x41,
    0x95, 0x74, 0x4A, 0x38, 0xFA, 0x95, 0x70, 0x53, 0xAA, 0xC2, 0xDD, 0x78, 0xA1, 0xA8, 0xDA, 0xCF,
    0x91, 0xBF, 0x12, 0x14, 0xA3, 0x42, 0x88, 0xD2, 0x93, 0x50, 0xAD, 0x84, 0xEF, 0x7A, 0xA7, 0x74,
    0xEF, 0x3E, 0x77, 0x93, 0x91, 0x55, 0x46, 0x28, 0x55, 0x2E, 0xD2, 0x0E, 0x70, 0x66, 0xD2, 0x0B,
    0x88, 0xB1, 0x91, 0x65, 0x49, 0x98, 0xE9, 0x5E, 0x16, 0x39, 0xE1, 0x7D, 0x80, 0xE6, 0x0A, 0x7E,
    0x0C, 0x7A, 0x5E, 0x10, 0x65, 0x14, 0x30, 0x48, 0xF7, 0x33, 0x94, 0x1D, 0x0E, 0xC4, 0x7E, 0x16,
    0x9E, 0x03, 0x22, 0xE4, 0xE8, 0xE6, 0xB0, 0xD3, 0xFC, 0x24, 0x0F, 0xF8, 0x2B, 0xD0, 0x5D, 0x89,
    0x33, 0x7E, 0x81, 0x39, 0xED, 0x1C, 0x89, 0xD4, 0x62, 0x25, 0xAE, 0x15, 0x78, 0x84, 0x6F, 0x21,
    0x77, 0xA0, 0x40, 0xA2, 0x09, 0x05, 0xAC, 0x0E, 0x67, 0xAC, 0x1B, 0xA1, 0xE7, 0xC8, 0x2E, 0x88,
    0xB9, 0x96, 0xB0, 0x7C, 0x05, 0xD2, 0x01, 0x72, 0xD3, 0x0C, 0xA7, 0x04, 0x39, 0x47, 0x89, 0x7D,
    0xED, 0xF0, 0x37, 0x8E, 0x1C, 0xDE, 0xCA, 0x49, 0x73, 0x81, 0x9B, 0x96, 0x54, 0x97, 0xD0, 0x25,
    0xFF, 0x87, 0x7F, 0x07, 0x43, 0xAF, 0xDC, 0xC7, 0x5F, 0x0F, 0x9A, 0xB7, 0x7C, 0x3C, 0x3C, 0x04,
    0x1E, 0x01, 0x54, 0xB8, 0xE0, 0x48, 0x44, 0xF2, 0xA5, 0xD0, 0x1F, 0xAF, 0x1C, 0xE1, 0x0E, 0x31,
    0x92, 0xCE, 0x7F, 0x69, 0xB4, 0x8C, 0xCA, 0xAC, 0xC5, 0xD1, 0x59, 0x96, 0x56, 0x19, 0x7D, 0xC1,
    0xFF, 0x69, 0xB9, 0x29, 0x74, 0x7E, 0x12, 0x6F, 0x97, 0x04, 0x0C, 0xE4, 0x6C, 0x0A, 0x8C, 0x20,
    0x87, 0x7F, 0x05, 0xC8, 0x10, 0x6F, 0x0B, 0x07, 0xBD, 0xE0, 0x12, 0xF4, 0x53, 0x77, 0x4E, 0xC3,
    0xA6, 0x08, 0x7F, 0xF1, 0x36, 0xAF, 0xDF, 0xB8, 0x7E, 0xB7, 0x7E, 0xF9, 0x7A, 0xE7, 0x65, 0xD6,
    0x66, 0xC5, 0x25, 0x9F, 0x59, 0xE1, 0xE1, 0x2D, 0xE0, 0x98, 0x99, 0xD1, 0x67, 0x32, 0x66, 0x07,
    0x42, 0xA5, 0xB5, 0x2A, 0x82, 0xBC, 0x6F, 0x67, 0x6E, 0xAE, 0xDF, 0xE8, 0xA8, 0xC2, 0xEF, 0x6B,
    0xBB, 0x61, 0x65, 0xB3, 0x5A, 0x7F, 0x0E, 0x92, 0x1C, 0x76, 0x86, 0xBF, 0xC4, 0x3B, 0xA6, 0x9B,
    0x37, 0x1D, 0x37, 0xDF, 0x3E, 0xF3, 0x7E, 0x3F, 0x6D, 0x64, 0x45, 0xB9, 0x6C, 0xE5, 0x85, 0x68,
    0x13, 0x62, 0x18, 0xF0, 0xB3, 0x13, 0x35, 0xD2, 0x9B, 0x43, 0xE4, 0x81, 0x31, 0x36, 0xFA, 0x75,
    0x7B, 0xE3, 0x21, 0x76, 0xB7, 0xA8, 0xD1, 0xA4, 0x76, 0xF7, 0xD9, 0x30, 0x8A, 0x48, 0x35, 0xD2,
    0x8B, 0xD5, 0x9A, 0x95, 0x91, 0x9A, 0x24, 0x3A, 0x92, 0x18, 0x9B, 0x6A, 0x67, 0x8E, 0x5B, 0x7D,
    0xA9, 0xBE, 0xBE, 0xE8, 0x7F, 0xBD, 0x8B, 0x61, 0xFB, 0x88, 0xD2, 0xA8, 0xA7, 0x9B, 0x1E, 0x4A,
    0xE7, 0x8D, 0x3D, 0x7D, 0xDA, 0x4C, 0x33, 0xFA, 0x2B, 0x90, 0x30, 0x9E, 0xB1, 0x8C, 0x5E, 0x8C,
    0x22, 0x41, 0x34, 0xB8, 0x5D, 0x83, 0x68, 0x3F, 0xF0, 0x3C, 0x4E, 0xF1, 0xEC, 0xF1, 0xCA, 0x89,
    0x99, 0xC0, 0x76, 0x1B, 0x0F, 0x87, 0x47, 0xC3, 0x63, 0xE0, 0x21, 0xF0, 0xD4, 0xDE, 0x7A, 0xE5,
    0x89, 0x7E, 0xD9, 0x2B, 0x4F, 0xD2, 0xAD, 0xD7, 0xFA, 0xD6, 0x6B, 0x1F, 0xBF, 0xB6, 0x97, 0xF8,
    0x55, 0xFC, 0xA1, 0xDB, 0xD7, 0x53, 0x34, 0xCB, 0x57, 0x9E, 0xC8, 0xAD, 0x47, 0x72, 0x89, 0x17,
    0xAC, 0x7C, 0x89, 0x0B, 0x51, 0xDC, 0xAF, 0xE7, 0x68, 0x5A, 0xB7, 0x1E, 0x4A, 0xB6, 0xE2, 0xCB,
    0xF9, 0x25, 0x6E, 0xD7, 0x3E, 0x72, 0x74, 0x1E, 0x37, 0xEE, 0xD7, 0x62, 0x8D, 0xBF, 0x4E, 0x1B,
    0x5D, 0x9D, 0xBE, 0xE7, 0x88, 0xB1, 0xB0, 0xAB, 0xAC, 0x8D, 0x3F, 0x4E, 0x0C, 0xE8, 0xB5, 0xA7,
    0xF8, 0xF1, 0x9A, 0xE4, 0x67, 0x4D, 0x34, 0x56, 0x53, 0x67, 0xC4, 0x09, 0xF7, 0xAE, 0xA1, 0xAB,
    0x57, 0xE9, 0x95, 0x59, 0xE3, 0x1C, 0x93, 0x35, 0x4F, 0x5B, 0xB5, 0x59, 0x35, 0x7C, 0xD2, 0x9F,
    0x92, 0xF1, 0xF3, 0x63, 0x1A, 0xCF, 0x77, 0x3C, 0x55, 0x96, 0xFE, 0x21, 0x75, 0x3E, 0x67, 0x61,
    0x22, 0xEB, 0x1F, 0x2C, 0x20, 0xB2, 0x4B, 0xD2, 0x6A, 0x0A, 0x94, 0x31, 0x41, 0xF6, 0xC2, 0x46,
    0xC8, 0x48, 0xA0, 0x97, 0xD4, 0xD3, 0x0E, 0x7B, 0x7A, 0x74, 0x28, 0xF4, 0x73, 0xF7, 0xBF, 0x26,
    0xDC, 0x35, 0xFF, 0x9C, 0x24, 0x1E, 0x74, 0xCF, 0xCF, 0xCE, 0x71, 0x26, 0xF7, 0xC0, 0x42, 0x9A,
    0xCD, 0xDA, 0xA0, 0x37, 0x27, 0x48, 0xE4, 0xC0, 0xE6, 0xC2, 0x72, 0x76, 0x0D, 0x52, 0xFD, 0x77,
    0xC2, 0x67, 0xFB, 0x78, 0x1B, 0x3D, 0xE6, 0x5D, 0xCB, 0x1B, 0x3A, 0x1F, 0xAF, 0xB6, 0xF8, 0x74,
    0x8F, 0x8B, 0xF9, 0x8B, 0x5F, 0x24, 0x6F, 0x75, 0xE0, 0xFD, 0x7A, 0x83, 0x1D, 0x5F, 0xEC, 0xF7,
    0x3A, 0xB1, 0xCB, 0xEB, 0x54, 0x8A, 0xA7, 0xEB, 0xC9, 0x93, 0xB7, 0x97, 0x9B, 0x0D, 0xE6, 0xB7,
    0x2F, 0x84, 0x2D, 0x29, 0x7F, 0x9A, 0x6F, 0x5E, 0x1C, 0xE5, 0x42, 0x64, 0xFA, 0xB3, 0x0D, 0xFB,
    0xF9, 0x7B, 0xFE, 0xFF, 0x3F, 0x0D, 0xEB, 0x4F, 0xFF, 0x5B, 0xF2, 0xEC, 0x38, 0xFC, 0x7F, 0xF4,
    0xFF, 0xD3, 0x05, 0xBB, 0x46, 0xCB, 0x00, 0x36, 0x49, 0xF0, 0xDC, 0xAD, 0xF8, 0x56, 0xA5, 0x9A,
    0x74, 0xF2, 0x81, 0x57, 0x25, 0x60, 0xF8, 0x17, 0x18, 0xFB, 0x00, 0x03, 0x1F, 0xC2, 0xA8, 0x3F,
    0x7D, 0x76, 0x78, 0xF2, 0x66, 0xF8, 0xCC, 0x97, 0x02, 0x07, 0x48, 0xDD, 0x50, 0xB8, 0xC9, 0xAB,
    0x10, 0xB5, 0x9B, 0xEA, 0x70, 0x7D, 0x3E, 0x7E, 0x16, 0x75, 0xEB, 0xE1, 0xAE, 0xDD, 0xDB, 0x5E,
    0x76, 0xAC, 0x2B, 0x75, 0x5D, 0xAB, 0xEC, 0x3D, 0x58, 0x3B, 0xCD, 0x78, 0x3F, 0x6A, 0xE5, 0xC0,
    0x6A, 0xE3, 0x1D, 0x54, 0x13, 0x4D, 0xB5, 0x59, 0x63, 0xB1, 0x19, 0x17, 0x55, 0x65, 0x1C, 0x23,
    0xF3, 0x4E, 0x67, 0x8E, 0xDA, 0x83, 0x4C, 0x55, 0x27, 0x63, 0xEF, 0x19, 0xDD, 0xE8, 0x65, 0x0D,
    0xA4, 0xBB, 0x0D, 0x94, 0xFA, 0xAD, 0x5A, 0x35, 0xE8, 0x76, 0xD8, 0x71, 0x8A, 0x99, 0x06, 0x8C,
    0xE8, 0x29, 0xD6, 0x3D, 0xCB, 0xB3, 0x1E, 0x77, 0x2C, 0xD0, 0xA8, 0xAD, 0xF3, 0xDD, 0x6D, 0xED,
    0xF7, 0xCB, 0x58, 0xB3, 0xBA, 0x4C, 0x47, 0x6D, 0x2B, 0xD5, 0xA9, 0xB5, 0x63, 0x5C, 0xF6, 0xDC,
    0x80, 0xED, 0xB8, 0xBB, 0xFA, 0x7B, 0x5D, 0xCC, 0x77, 0x9B, 0xAD, 0x7E, 0xC5, 0x2E, 0x9E, 0xAC,
    0x01, 0x7E, 0xE7, 0xC8, 0xAB, 0x69, 0x6F, 0x42, 0x8D, 0xD7, 0xA7, 0xEE, 0xF7, 0xFC, 0x3F, 0x86,
    0xC4, 0x8B, 0xD3, 0xED, 0x28, 0xD5, 0xBB, 0xE2, 0xFE, 0x3B, 0xB1, 0xE7, 0x72, 0x62, 0xDB, 0x72,
    0x65, 0xBF, 0x96, 0x63, 0x9F, 0xE6, 0x4A, 0xFC, 0x18, 0x34, 0x54, 0xCF, 0xA0, 0x3F, 0x43, 0x17,
    0xF9, 0x5A, 0x9C, 0x40, 0xC5, 0x08, 0x31, 0x97, 0xD4, 0x11, 0xC1, 0x85, 0x6D, 0x0E, 0xF4, 0x1A,
    0x2E, 0x8A, 0x95, 0x16, 0x86, 0xAC, 0x69, 0x1A, 0x00, 0x84, 0xA7, 0x2E, 0x78, 0x81, 0x6A, 0x60,
    0xBA, 0xD2, 0xE4, 0x78, 0x0E, 0x81, 0x44, 0xE1, 0x39, 0x0F, 0x86, 0xF8, 0xB2, 0x99, 0xB8, 0x99,
    0x67, 0x5C, 0xE8, 0x87, 0xF0, 0xAC, 0x15, 0x65, 0x8D, 0xE7, 0xDC, 0x38, 0x21, 0xA8, 0xEE, 0xE3,
    0xA4, 0xA0, 0x39, 0xDE, 0x5E, 0x48, 0x3B, 0xF0, 0xCD, 0xD3, 0xC5, 0x09, 0x2F, 0x42, 0xBF, 0xE0,
    0x22, 0xE5, 0x8B, 0xA0, 0xBE, 0xC2, 0xB7, 0x42, 0xF3, 0x30, 0x81, 0x61, 0x4D, 0xA1, 0xC1, 0xB0,
    0xA2, 0x55, 0x4F, 0x9C, 0xA1, 0x18, 0x68, 0x68, 0xE8, 0x99, 0xC2, 0xBE, 0xA1, 0xC1, 0xE5, 0x1B,
    0x25, 0x9F, 0x90, 0xBB, 0x90, 0xFB, 0xB0, 0x75, 0x34, 0xB9, 0x25, 0x7B, 0x0B, 0x53, 0xB1, 0xD4,
    0xC5, 0xF5, 0x92, 0x4F, 0x7B, 0xCB, 0xF3, 0x25, 0xA6, 0xA7, 0x26, 0x62, 0x40, 0x2D, 0x12, 0xE8,
    0x91, 0x7C, 0x6F, 0x25, 0xB5, 0xDF, 0xA1, 0xD1, 0x95, 0xD2, 0x82, 0xF1, 0xE3, 0x3A, 0x5C, 0x2E,
    0x6F, 0xA5, 0xC0, 0xE4, 0x7B, 0x8B, 0x17, 0x3D, 0xFF, 0x5E, 0x86, 0xC0, 0x38, 0x16, 0xF0, 0x26,
    0x57, 0xBE, 0xB3, 0xDD, 0x25, 0x98, 0x76, 0x4D, 0x98, 0xAA, 0xDC, 0x93, 0x41, 0xD0, 0x67, 0x6A,
    0xFF, 0x28, 0x70, 0x96, 0x39, 0x9C, 0xA7, 0xA0, 0x9D, 0x86, 0xB5, 0x0E, 0x93, 0x12, 0xD4, 0xA5,
    0x57, 0x8C, 0x8C, 0x11, 0xB5, 0x89, 0xC6, 0x52, 0x6D, 0xD4, 0x26, 0x76, 0x5A, 0x77, 0xFB, 0x6A,
    0xD3, 0xD1, 0x1D, 0xF6, 0xE3, 0xC4, 0xDB, 0xC0, 0xEE, 0x74, 0x23, 0xA0, 0xBB, 0xDF, 0xFC, 0xF6,
    0x31, 0x09, 0xED, 0xE3, 0xED, 0xE3, 0xD2, 0x25, 0x96, 0x74, 0x22, 0xE8, 0xFE, 0xF0, 0xE6, 0xEE,
    0x79, 0xFA, 0x82, 0xD7, 0x85, 0xD8, 0x3D, 0x87, 0x03, 0x32, 0x8E, 0x05, 0xB4, 0x14, 0x7E, 0xF3,
    0xF6, 0xF0, 0x8B, 0x6F, 0x00, 0x87, 0x69, 0x7D, 0x37, 0x1E, 0x4D, 0x34, 0x0C, 0x78, 0xD6, 0x2B,
    0x8D, 0x91, 0xBC, 0x62, 0x41, 0x09, 0xBF, 0x12, 0x6E, 0xC5, 0x11, 0x8B, 0x44, 0x0D, 0xBB, 0x7E,
    0x23, 0x98, 0x44, 0xAA, 0xB4, 0x62, 0x31, 0x8C, 0xFC, 0x11, 0xB1, 0x3B, 0x4F, 0x1B, 0xCB, 0x51,
    0x4D, 0xD3, 0x61, 0x63, 0x65, 0x8A, 0x68, 0xDB, 0xF9, 0xC8, 0xE9, 0x86, 0xFD, 0x29, 0x66, 0x67,
    0x7E, 0x65, 0xAB, 0x8A, 0x78, 0xF4, 0x9D, 0x7A, 0xBD, 0xEB, 0x9E, 0x85, 0x01, 0x3C, 0x05, 0x1D,
    0x26, 0x77, 0xBF, 0x40, 0xFF, 0x42, 0xC5, 0xF1, 0x4B, 0xD4, 0x73, 0x5E, 0xBC, 0x3F, 0x86, 0x8B,
    0x8F, 0x8C, 0x37, 0x39, 0x3C, 0x9B, 0xE4, 0xFA, 0x46, 0xBE, 0x6F, 0x7E, 0xBE, 0xE5, 0xDC, 0x0F,
    0xC5, 0x63, 0xDF, 0x70, 0x50, 0xA6, 0xA7, 0xC5, 0x09, 0x0B, 0xE6, 0xFF, 0xB2, 0xBE, 0x1F, 0x86,
    0x96, 0xB9, 0x8F, 0x91, 0xDC, 0x80, 0x8B, 0x01, 0x61, 0x3C, 0xDB, 0xB5, 0x6F, 0x5B, 0x71, 0xA3,
    0x89, 0x53, 0x80, 0x41, 0x0B, 0x34, 0x5A, 0xB1, 0xD5, 0x5A, 0xFA, 0x4B, 0xC6, 0x9E, 0x90, 0x96,
    0x68, 0x84, 0x77, 0xAD, 0x44, 0x44, 0xC4, 0xD3, 0x54, 0x38, 0x51, 0xE1, 0x05, 0x0D, 0xA0, 0x1C,
    0x83, 0x16, 0xF0, 0x49, 0xC7, 0xCF, 0x4E, 0xD8, 0xB9, 0x60, 0xF4, 0x0A, 0x91, 0xD9, 0xA2, 0x75,
    0x66, 0xD7, 0xAA, 0xDC, 0x72, 0xF3, 0x42, 0xB4, 0xC5, 0x6A, 0x4B, 0x74, 0x19, 0x0F, 0xF4, 0x29,
    0x09, 0xC7, 0x1C, 0xC6, 0xF5, 0x8F, 0x9A, 0xD7, 0x51, 0x4B, 0x47, 0xDD, 0x8C, 0x2F, 0x1A, 0x12,
    0x1C, 0x23, 0x0D, 0x98, 0x16, 0xEA, 0xC1, 0x8F, 0xAE, 0xFD, 0x2D, 0x4C, 0x24, 0x1B, 0x0B, 0x34,
    0xB4, 0xF5, 0x98, 0x64, 0xE6, 0x84, 0xDC, 0x36, 0x6C, 0xC8, 0x82, 0x74, 0xC7, 0xD0, 0x3F, 0xE0,
    0xB9, 0x23, 0x0E, 0x15, 0x0C, 0x87, 0x11, 0x3F, 0x5E, 0x0D, 0xB8, 0x72, 0x9E, 0x45, 0xC1, 0x6E,
    0x0A, 0x4E, 0xE5, 0x19, 0xF7, 0x7D, 0x3D, 0x10, 0xB7, 0xEF, 0x71, 0xCB, 0x81, 0x3B, 0x6E, 0x46,
    0x96, 0xE0, 0xBF, 0x0E, 0xCB, 0xEF, 0x3F, 0x03, 0x73, 0x56, 0x5F, 0x70, 0x12, 0xBB, 0x33, 0x9A,
    0xC3, 0xF4, 0xF5, 0x40, 0x1D, 0x5E, 0xB8, 0x24, 0xC1, 0x55, 0x59, 0xF7, 0x09, 0xAC, 0x46, 0xFD,
    0x02, 0xC5, 0x66, 0x49, 0x93, 0x50, 0xD0, 0xAB, 0x5F, 0xB5, 0x15, 0xA6, 0xAB, 0x5B, 0x9B, 0x8D,
    0x49, 0x9A, 0xDC, 0xE0, 0x3E, 0xBC, 0x5C, 0x2C, 0x0F, 0xC4, 0x02, 0x1F, 0xE2, 0x79, 0xAA, 0x36,
    0x28, 0x15, 0xF6, 0x36, 0xD7, 0xCD, 0x06, 0x29, 0xD4, 0xC4, 0xD1, 0x54, 0xB1, 0xFC, 0xE9, 0xFD,
    0x9A, 0xD6, 0x41, 0x5D, 0x61, 0x0F, 0x9E, 0x44, 0x9E, 0xB9, 0x0A, 0xA5, 0xC7, 0x91, 0xA4, 0x7F,
    0x41, 0xAF, 0xB5, 0x5B, 0xBF, 0xFF, 0x21, 0xF0, 0xB5, 0x67, 0xD6, 0x4B, 0xC6, 0x6C, 0xA6, 0x24,
    0xA2, 0x67, 0x9F, 0x16, 0x93, 0x91, 0xD8, 0xAA, 0xA7, 0x48, 0x9F, 0x2D, 0xC8, 0xC3, 0xCD, 0xE1,
    0x86, 0x82, 0x68, 0x28, 0x23, 0xA2, 0x3A, 0x90, 0x2D, 0xE8, 0x7F, 0xDE, 0x76, 0x1B, 0xAF, 0x11,
    0xAB, 0x3F, 0x3C, 0x43, 0xD9, 0xB4, 0xCF, 0xC7, 0x93, 0x25, 0x7E, 0x3D, 0x6E, 0x5E, 0xD3, 0x65,
    0x7F, 0x25, 0x6E, 0x39, 0x03, 0x64, 0x7F, 0x5F, 0x68, 0x37, 0x9F, 0xC2, 0x24, 0x26, 0x61, 0x76,
    0x7E, 0x12, 0x46, 0x12, 0x2C, 0x9B, 0x26, 0x81, 0x6D, 0xCB, 0x7B, 0xA2, 0x52, 0xCD, 0x89, 0xB4,
    0x1E, 0x1A, 0x55, 0xBB, 0xDE, 0x11, 0x7C, 0x7B, 0x18, 0x6B, 0xF1, 0xB5, 0xEC, 0xAA, 0xC9, 0x4E,
    0x59, 0x87, 0x0C, 0xC2, 0xBF, 0xFD, 0x2F, 0x1A, 0x13, 0x86, 0x65, 0x4F, 0x24, 0xC6, 0xC8, 0x44,
    0x1E, 0x70, 0xAF, 0x99, 0xB3, 0xB1, 0x90, 0xE9, 0xC6, 0x48, 0x03, 0xF6, 0xEB, 0xF4, 0x34, 0x2C,
    0x70, 0xEE, 0x0A, 0x72, 0xF8, 0xE2, 0x48, 0x4A, 0xF1, 0x06, 0x7B, 0x1E, 0xED, 0x27, 0x02, 0x42,
    0x14, 0x7E, 0xE2, 0x81, 0x55, 0x1F, 0xE7, 0x23, 0x6C, 0xF8, 0xE3, 0x92, 0x02, 0x71, 0x1C, 0x17,
    0xB4, 0x34, 0x8F, 0x0B, 0x12, 0x73, 0xBA, 0xE0, 0x52, 0x65, 0x0B, 0xBA, 0x99, 0x8A, 0x19, 0x89,
    0xB9, 0x9A, 0x50, 0x67, 0x6D, 0x07, 0x7C, 0x75, 0x97, 0x1A, 0xB5, 0xB3, 0x13, 0x40, 0x8E, 0x7C,
    0x57, 0x81, 0x68, 0xBD, 0x89, 0xD3, 0xD1, 0x48, 0x3A, 0x18, 0xFF, 0x05, 0x0D, 0xCC, 0xB0, 0x3F,
    0x4F, 0x7E, 0x60, 0x61, 0x3F, 0x5E, 0x90, 0xA7, 0x56, 0x0E, 0x55, 0xA2, 0x02, 0xF9, 0x3D, 0x70,
    0x51, 0xD2, 0x94, 0x70, 0x9C, 0x8F, 0x6E, 0x4A, 0x10, 0xBF, 0xB1, 0x2F, 0x46, 0x1F, 0xA6, 0x95,
    0xCB, 0x28, 0xE2, 0xEB, 0xC7, 0xFF, 0x51, 0x60, 0x04, 0x95, 0x1F, 0x68, 0x02, 0x88, 0x93, 0x06,
    0x68, 0x3A, 0xFF, 0x48, 0x91, 0x02, 0x12, 0x4B, 0x59, 0x62, 0xF3, 0xA0, 0x1B, 0x22, 0xFA, 0xBD,
    0x02, 0xD7, 0xED, 0x83, 0xEA, 0xB6, 0x60, 0xBA, 0x7C, 0xDD, 0xA1, 0xCA, 0xC4, 0x2F, 0x46, 0x4F,
    0xE3, 0x1C, 0x59, 0x55, 0x67, 0xD1, 0x17, 0x86, 0xF3, 0xA0, 0xA3, 0xFD, 0x54, 0x2F, 0xB8, 0xD2,
    0xED, 0x90, 0xA1, 0xB2, 0xDA, 0x27, 0x3F, 0x3C, 0x5C, 0x63, 0xEC, 0xD8, 0x38, 0x79, 0x29, 0xE2,
    0x6F, 0xDF, 0x63, 0x95, 0x6D, 0xC6, 0xB4, 0xDD, 0x4A, 0xD2, 0x1C, 0xE3, 0x12, 0x85, 0x1D, 0x34,
    0xB1, 0x3F, 0x42, 0x3D, 0x0C, 0xC7, 0xF5, 0xB1, 0xC6, 0x74, 0x9E, 0x29, 0xDA, 0xE2, 0x24, 0xD1,
    0xB1, 0x89, 0xE5, 0xA5, 0xA3, 0xD8, 0xF2, 0x67, 0x5F, 0xC7, 0xC1, 0x87, 0x56, 0x11, 0x86, 0x07,
    0xCF, 0x85, 0x5F, 0xB0, 0x28, 0xD9, 0x7A, 0x30, 0xF6, 0x08, 0xEA, 0x91, 0xE0, 0xAC, 0x02, 0xDF,
    0xC0, 0xF6, 0x8A, 0x2D, 0x06, 0xB4, 0x0B, 0x60, 0x95, 0x81, 0x29, 0x03, 0xAB, 0xCB, 0xC7, 0x43,
    0xF2, 0x35, 0xA4, 0xB5, 0x39, 0x50, 0x09, 0x36, 0xC5, 0x9A, 0xF9, 0xC1, 0xFD, 0x9C, 0xA3, 0x8A,
    0xAD, 0x08, 0x74, 0xBF, 0x87, 0x96, 0x66, 0x13, 0xB2, 0xEA, 0x58, 0x62, 0x26, 0x4E, 0xBD, 0xEE,
    0x6C, 0x95, 0xE6, 0x62, 0x3D, 0x94, 0xAB, 0xCC, 0xE0, 0xCC, 0x4B, 0xE4, 0x06, 0x52, 0x5B, 0x3C,
    0xBF, 0xA0, 0x75, 0xF0, 0xEA, 0x01, 0x29, 0xBF, 0x85, 0xE3, 0xB5, 0x0A, 0x5F, 0x44, 0xD7, 0x47,
    0x58, 0x4B, 0xE4, 0xA1, 0x81, 0x34, 0x60, 0x1A, 0x60, 0xFB, 0xB7, 0x03, 0xDB, 0xBF, 0xB0, 0xCA,
    0x40, 0xD6, 0xD0, 0xBF, 0xC2, 0x31, 0xA1, 0x14, 0x0B, 0xB3, 0xF0, 0xD0, 0x1C, 0x81, 0x28, 0xA6,
    0x03, 0x85, 0xF1, 0xEA, 0x91, 0xF5, 0x24, 0xDF, 0x28, 0xC5, 0xD9, 0xFC, 0x55, 0x87, 0x83, 0xAC,
    0x87, 0x47, 0xB4, 0x6A, 0xF5, 0xCA, 0x6C, 0xB0, 0x92, 0x78, 0xA6, 0xDF, 0xB1, 0x2F, 0xD8, 0x57,
    0xAB, 0x98, 0x96, 0x8F, 0xEE, 0x50, 0xF7, 0x90, 0xE1, 0x25, 0x28, 0x9D, 0x72, 0xA4, 0x88, 0x16,
    0xDA, 0xF3, 0xEF, 0xBD, 0xE8, 0x82, 0x4E, 0xB0, 0x36, 0xDE, 0x32, 0x09, 0xFC, 0x22, 0xA0, 0x26,
    0x57, 0x20, 0xC7, 0xD0, 0x97, 0x6A, 0x06, 0x1F, 0x4F, 0x3B, 0x01, 0x84, 0xC8, 0x8D, 0xC1, 0x56,
    0xF5, 0x8A, 0x6E, 0x18, 0x52, 0xEE, 0x79, 0xD0, 0x18, 0xFA, 0x75, 0x0E, 0xB3, 0xE1, 0xB5, 0xBF,
    0x60, 0x5B, 0xF8, 0xCE, 0x7A, 0x9D, 0x20, 0x84, 0xBB, 0x82, 0x6A, 0xE0, 0xC0, 0xD0, 0x0C, 0xEA,
    0x5F, 0x3D, 0xE6, 0xC2, 0x1B, 0xB1, 0x0B, 0x0B, 0x12, 0xE2, 0x8C, 0x34, 0x1A, 0x66, 0xF1, 0xE1,
    0x73, 0x8E, 0x2A, 0x5E, 0xCC, 0xC6, 0x21, 0x93, 0x84, 0x2C, 0x12, 0xF2, 0xD6, 0x93, 0xFC, 0x21,
    0x45, 0x80, 0xF4, 0x00, 0x72, 0xCC, 0x53, 0xC4, 0x99, 0x6C, 0x7C, 0x7A, 0xE9, 0x70, 0x9E, 0x68,
    0xEF, 0x38, 0xAB, 0x66, 0xC4, 0x2D, 0xF3, 0x8B, 0xB3, 0x3A, 0x7D, 0xB6, 0x79, 0x39, 0x1B, 0xF9,
    0xCC, 0xF1, 0x83, 0x29, 0x72, 0x03, 0x1F, 0x9F, 0xF1, 0x2E, 0x72, 0x8E, 0x62, 0x13, 0xB0, 0x58,
    0x10, 0x7F, 0x4C, 0xC3, 0xE0, 0xD1, 0x52, 0x79, 0xE3, 0xF0, 0x05, 0x7F, 0xBE, 0xCC, 0xD6, 0x1A,
    0x68, 0x13, 0x95, 0x1B, 0x49, 0xE8, 0x81, 0x4A, 0xDD, 0xE2, 0x7B, 0x8D, 0x0A, 0x7A, 0xED, 0x0C,
    0x31, 0x14, 0xD8, 0xF8, 0x18, 0x2B, 0x41, 0xEA, 0xC1, 0x88, 0x28, 0x74, 0x89, 0xAD, 0xA7, 0x2F,
    0xDC, 0xA9, 0xFD, 0x9F, 0xDF, 0x82, 0xDF, 0xDF, 0x46, 0x87, 0x36, 0xFC, 0xFE, 0x23, 0xF8, 0xFD,
    0x21, 0xFC, 0x5E, 0xF5, 0x37, 0x42, 0x62, 0x50, 0xB7, 0x40, 0x71, 0x58, 0x4E, 0x06, 0x4F, 0x20,
    0x7B, 0x8D, 0xC4, 0x06, 0xEA, 0x4D, 0xE8, 0x9D, 0xAA, 0xAF, 0xDD, 0x37, 0x09, 0x6B, 0x89, 0xB4,
    0x37, 0x6A, 0x71, 0x08, 0x9C, 0x70, 0x1F, 0x2D, 0x74, 0x7B, 0x31, 0x1E, 0xF3, 0x84, 0x6E, 0x0B,
    0x71, 0xA0, 0xF7, 0x26, 0x5C, 0x8C, 0xF3, 0x0C, 0xB3, 0x77, 0xC2, 0xA6, 0x27, 0xDB, 0xB4, 0xF2,
    0xE8, 0x35, 0xB6, 0x89, 0x32, 0x31, 0xAF, 0x59, 0x26, 0xAC, 0xCC, 0x9F, 0x7B, 0xEA, 0xA3, 0x98,
    0x39, 0x23, 0xB3, 0xBE, 0x67, 0x07, 0xDD, 0xA4, 0xB0, 0x37, 0x16, 0xB6, 0x9A, 0xCF, 0xF4, 0x89,
    0x81, 0x84, 0x30, 0xB6, 0x91, 0xA0, 0x4E, 0xFA, 0xE0, 0xAD, 0xE7, 0xE1, 0x9B, 0x0F, 0x3E, 0x40,
    0x29, 0x9C, 0x6D, 0x70, 0xB0, 0x67, 0x62, 0xFB, 0xA1, 0x11, 0x6F, 0xFD, 0x3D, 0x7F, 0xF2, 0x1B,
    0x58, 0xE0, 0xB7, 0x50, 0x94, 0x3E, 0xEC, 0x28, 0xE4, 0x5D, 0x31, 0x00, 0xB5, 0xE0, 0x0B, 0xE8,
    0xC5, 0xA7, 0xEF, 0x81, 0xE6, 0x4C, 0xE1, 0xB5, 0xDF, 0xE7, 0x29, 0x9A, 0x98, 0x99, 0xF5, 0x07,
    0xE3, 0x98, 0x09, 0xE3, 0x83, 0x37, 0x1E, 0x1A, 0xC6, 0x77, 0xA1, 0x39, 0x9A, 0xA2, 0x49, 0x13,
    0x07, 0x51, 0x21, 0x68, 0xF8, 0x31, 0xD6, 0xD8, 0x0A, 0x17, 0xBB, 0x14, 0x53, 0x51, 0xDD, 0x7A,
    0x6B, 0xA1, 0x26, 0x12, 0x3D, 0x59, 0xE3, 0x5B, 0x60, 0x17, 0xBC, 0x36, 0x74, 0xCB, 0x91, 0xED,
    0x16, 0x6F, 0x73, 0xFA, 0x30, 0xC7, 0x88, 0x18, 0x26, 0x51, 0xAE, 0x9B, 0xB8, 0xC8, 0xEE, 0x4F,
    0x47, 0x62, 0x3A, 0x77, 0x42, 0x77, 0xB8, 0xCC, 0x19, 0x9B, 0x8C, 0x5E, 0x8B, 0xC2, 0x61, 0x85,
    0xC1, 0x06, 0x07, 0x13, 0x44, 0xCB, 0xEB, 0x89, 0x06, 0x51, 0x4F, 0x44, 0xE8, 0xE1, 0x02, 0x71,
    0xDF, 0x93, 0x11, 0xDF, 0x20, 0xC2, 0xC3, 0x4E, 0x01, 0x81, 0x05, 0x31, 0x9D, 0xE8, 0xC2, 0xC9,
    0x05, 0x85, 0x7A, 0x40, 0x95, 0x2A, 0x47, 0xE3, 0x90, 0x15, 0x77, 0xAC, 0x38, 0x63, 0xC5, 0x15,
    0x7B, 0xE5, 0x7D, 0x31, 0xFE, 0x8D, 0x4B, 0x1C, 0x8B, 0x15, 0xC0, 0xC2, 0x15, 0x0C, 0x20, 0x61,
    0x90, 0x4A, 0xCE, 0xB6, 0x7B, 0xA5, 0x7E, 0x03, 0xB6, 0x07, 0xD9, 0xEC, 0x10, 0x44, 0x19, 0xB7,
    0x5F, 0x89, 0xAF, 0xC5, 0x5D, 0xC5, 0xFA, 0xB7, 0x2E, 0x21, 0x41, 0xD9, 0x1F, 0xAF, 0x82, 0xEA,
    0x89, 0xF8, 0xAF, 0x3F, 0x3C, 0xFC, 0x66, 0x7F, 0xDE, 0xD8, 0xFA, 0xCD, 0x65, 0x0C, 0x82, 0x99,
    0xA8, 0xF5, 0x62, 0xDA, 0xCC, 0x80, 0xB8, 0x92, 0x92, 0x77, 0x37, 0x76, 0xCF, 0x87, 0xDF, 0x8B,
    0xF4, 0x71, 0x03, 0x1B, 0xA9, 0x58, 0xCF, 0x23, 0x36, 0x67, 0x40, 0x51, 0x25, 0x23, 0xDE, 0x89,
    0x99, 0x39, 0xFD, 0x68, 0x16, 0x18, 0xCF, 0xD1, 0x89, 0xB2, 0x39, 0x99, 0xC9, 0xC5, 0xD6, 0x33,
    0xDE, 0xA8, 0xB3, 0x31, 0xF1, 0x78, 0xEB, 0xA1, 0x02, 0xCF, 0x18, 0x58, 0xD4, 0x61, 0x65, 0xC9,
    0x57, 0xEB, 0x1D, 0x03, 0x0D, 0x2C, 0x57, 0xEA, 0x32, 0x7B, 0x05, 0x95, 0xC8, 0x7A, 0xA6, 0xA5,
    0x02, 0x31, 0x87, 0xA6, 0xCA, 0x8C, 0xEA, 0x40, 0x58, 0xB8, 0x04, 0x19, 0x45, 0xC0, 0xB9, 0x81,
    0xCE, 0x0A, 0x9D, 0xF3, 0x77, 0x05, 0x98, 0x1E, 0x3F, 0x0F, 0xD3, 0x1C, 0xF4, 0x0D, 0xDC, 0x24,
    0x41, 0x77, 0x0B, 0x2E, 0xED, 0x01, 0x28, 0xBC, 0xC2, 0x3B, 0x7F, 0x05, 0x78, 0x48, 0xB8, 0x3B,
    0x02, 0x67, 0x44, 0x2D, 0x2F, 0xE0, 0x5E, 0x11, 0x0C, 0x0F, 0xCE, 0x5E, 0xE8, 0x6A, 0x90, 0x44,
    0xF8, 0x91, 0x60, 0x55, 0x04, 0x8F, 0x3A, 0x22, 0xEC, 0x20, 0x40, 0xD7, 0x43, 0x8F, 0xFC, 0x65,
    0x89, 0x1A, 0x63, 0xF8, 0x7A, 0xC0, 0x44, 0x8E, 0xE0, 0x19, 0x01, 0x85, 0xB2, 0x87, 0x6D, 0x05,
    0x66, 0x10, 0x08, 0x31, 0xB8, 0x0B, 0xA0, 0x7C, 0xF8, 0x33, 0x3C, 0x35, 0x10, 0xFA, 0x25, 0x38,
    0x25, 0x5B, 0x78, 0x6A, 0x4A, 0x20, 0xDA, 0xA0, 0x4C, 0x07, 0x70, 0x17, 0xAE, 0x18, 0xDC, 0xF5,
    0x6D, 0xB0, 0x35, 0x1B, 0xF4, 0xC8, 0x7B, 0x06, 0x34, 0xE3, 0xCE, 0x08, 0x7F, 0xAB, 0xC2, 0xA7,
    0x1E, 0xF6, 0x14, 0xB4, 0xCB, 0x65, 0xCD, 0x6B, 0x98, 0xC8, 0xC9, 0x46, 0x46, 0x1E, 0x34, 0xD7,
    0xD1, 0x13, 0xEB, 0x5D, 0xDD, 0x86, 0x5E, 0xE2, 0x50, 0x8F, 0xE5, 0xB3, 0xB1, 0x50, 0x63, 0xD2,
    0xB1, 0x9A, 0xA8, 0xEF, 0xEE, 0x27, 0x6F, 0x5A, 0x44, 0x93, 0x41, 0x3A, 0x83, 0x0A, 0x6A, 0x9F,
    0x18, 0xE1, 0xA2, 0x3A, 0xFB, 0x37, 0x2F, 0x63, 0xAE, 0xF5, 0x5B, 0xFD, 0xB0, 0x09, 0x10, 0x94,
    0xDA, 0x46, 0xAB, 0xA1, 0x2A, 0x67, 0x20, 0x72, 0x32, 0x19, 0x82, 0x62, 0x54, 0xD8, 0x1A, 0xD0,
    0xF0, 0xDB, 0xC2, 0xD6, 0x96, 0x52, 0x99, 0x49, 0xA9, 0x6E, 0x5E, 0x36, 0x2C, 0xBC, 0x78, 0xAF,
    0x44, 0xD2, 0x34, 0x7C, 0xE9, 0x95, 0x00, 0xF1, 0xC2, 0xCF, 0x62, 0xD9, 0xFA, 0x29, 0xA3, 0xCB,
    0xC0, 0x8F, 0xEA, 0x51, 0xE4, 0x11, 0x5D, 0x06, 0x26, 0x5E, 0x8F, 0x22, 0xB5, 0xC8, 0xD5, 0x17,
    0x3C, 0xC8, 0xE4, 0xB6, 0x0C, 0xD1, 0x4B, 0xBA, 0x74, 0x13, 0x5B, 0x97, 0x47, 0x61, 0xE0, 0xB8,
    0x44, 0xB8, 0x1B, 0x41, 0x0E, 0x30, 0x3C, 0x5B, 0x2E, 0x81, 0x5B, 0xE3, 0x94, 0x20, 0x50, 0xF1,
    0xC2, 0xDB, 0x18, 0xED, 0x67, 0xE0, 0x50, 0x14, 0x68, 0x0A, 0xFB, 0xEC, 0x3F, 0x91, 0x20, 0x6A,
    0x1E, 0x92, 0x4C, 0x2A, 0xDD, 0xB7, 0xD8, 0x75, 0x5F, 0xB3, 0x76, 0xC1, 0x5C, 0x84, 0xF4, 0x49,
    0xBE, 0x0C, 0xDB, 0xF2, 0xD3, 0xC7, 0x60, 0x16, 0x79, 0x69, 0xFD, 0x98, 0x2C, 0xA4, 0x82, 0xF8,
    0x48, 0xC3, 0x5B, 0x3E, 0xD7, 0x44, 0x25, 0xB8, 0x44, 0x9D, 0x0E, 0x2E, 0x71, 0xC1, 0xC2, 0x25,
    0x71, 0xCE, 0xDC, 0x89, 0x2C, 0xCA, 0x9D, 0xF8, 0x9F, 0xC3, 0xA6, 0x24, 0x79, 0x04, 0xFB, 0x73,
    0x12, 0x8E, 0xC3, 0x93, 0xB9, 0x8A, 0x25, 0x1E, 0x2E, 0x89, 0x5D, 0x79, 0x5A, 0x67, 0x21, 0xE0,
    0x2F, 0x53, 0xBD, 0xE4, 0x40, 0xA6, 0xBF, 0x2C, 0xD4, 0xBE, 0xAF, 0x94, 0x93, 0xD5, 0x0A, 0xEB,
    0x6D, 0x05, 0xDE, 0x2C, 0x80, 0x30, 0x6F, 0x2D, 0x0B, 0xD0, 0xF5, 0xCF, 0x0E, 0x55, 0xB3, 0x17,
    0x5F, 0x27, 0x4F, 0xE2, 0xEF, 0x1B, 0xBA, 0x5F, 0xC4, 0xA0, 0x75, 0x92, 0x12, 0x27, 0x5E, 0xBD,
    0x4C, 0x59, 0xB8, 0x9F, 0xE1, 0x4F, 0x09, 0x3E, 0x9F, 0x86, 0x6D, 0xD6, 0x0D, 0x62, 0x88, 0x54,
    0xA3, 0xC4, 0x61, 0xD1, 0xBD, 0x0D, 0xDD, 0x47, 0xA7, 0x42, 0xA5, 0xC9, 0x47, 0xB5, 0x58, 0xF7,
    0xD8, 0x7D, 0x1C, 0x0E, 0x4C, 0x36, 0x0A, 0x71, 0x64, 0xBC, 0x03, 0x4B, 0xC9, 0x94, 0x7C, 0x26,
    0x27, 0x56, 0x66, 0x61, 0x71, 0xD0, 0x07, 0x51, 0x28, 0x10, 0x16, 0xFC, 0x38, 0x9D, 0x3C, 0x81,
    0x44, 0x6E, 0x3D, 0x89, 0x33, 0xAD, 0x1B, 0x44, 0x98, 0x81, 0xAA, 0xB1, 0x8A, 0x4C, 0x64, 0x9F,
    0xC4, 0x99, 0xB5, 0xB3, 0x40, 0x1F, 0xE4, 0xE4, 0x08, 0x0F, 0xA3, 0x09, 0x07, 0x1C, 0x28, 0xA9,
    0x56, 0xCB, 0xC3, 0x4E, 0x14, 0x6F, 0xE1, 0x28, 0xAD, 0xCA, 0x36, 0x4C, 0x8B, 0x5A, 0x48, 0xC6,
    0xAD, 0x1F, 0x00, 0xCD, 0xFA, 0xC9, 0xFD, 0x24, 0x78, 0xE8, 0x07, 0x46, 0x63, 0x1E, 0xD1, 0x69,
    0x75, 0xE2, 0x90, 0x10, 0x71, 0xBC, 0xD2, 0x89, 0xDE, 0x18, 0x66, 0x93, 0x3C, 0x54, 0x61, 0x06,
    0x6A, 0x83, 0xD3, 0xD6, 0xCB, 0x6E, 0x94, 0x4B, 0x62, 0x32, 0xC7, 0xE0, 0x52, 0x60, 0xB8, 0xD2,
    0x49, 0x75, 0xCE, 0x53, 0xAA, 0x1E, 0xA4, 0x5C, 0x9C, 0xBC, 0xE2, 0xD0, 0xC9, 0x9D, 0x25, 0x39,
    0x96, 0x89, 0x21, 0xB7, 0x65, 0x96, 0xF8, 0x85, 0xE0, 0x95, 0x7A, 0x7E, 0x6E, 0x68, 0xB3, 0x53,
    0x58, 0x52, 0xDB, 0x8B, 0x36, 0x54, 0xFF, 0x39, 0xCE, 0x71, 0xF0, 0x3E, 0xFC, 0xC7, 0x0B, 0x7B,
    0x01, 0x1E, 0x56, 0x0A, 0xE6, 0x2D, 0xD1, 0x4E, 0xC0, 0x4D, 0xF9, 0xD1, 0xC3, 0x4E, 0x4C, 0x21,
    0xF6, 0x2C, 0x6B, 0xC0, 0x02, 0xD9, 0xF3, 0x28, 0xBC, 0x59, 0x64, 0x45, 0xF2, 0x66, 0x4C, 0xD6,
    0x8F, 0xAF, 0xA4, 0x42, 0xE6, 0x54, 0x59, 0x13, 0x34, 0x97, 0x13, 0x9F, 0xB8, 0xFB, 0x40, 0x92,
    0x3D, 0x69, 0x23, 0x87, 0x98, 0x17, 0x5A, 0x84, 0x7E, 0x69, 0x71, 0x4A, 0x0A, 0xFF, 0x68, 0x32,
    0xFE, 0x82, 0x8B, 0x82, 0x62, 0xEE, 0x0D, 0xCE, 0x12, 0x08, 0xC1, 0x12, 0x95, 0x8C, 0x91, 0x10,
    0x1F, 0xA0, 0x20, 0x22, 0xB1, 0x87, 0xF1, 0x75, 0x33, 0x07, 0xA8, 0x60, 0x0C, 0x88, 0x41, 0x1E,
    0xC8, 0xE5, 0x9B, 0x0A, 0x54, 0x3B, 0x47, 0x08, 0x72, 0x50, 0x81, 0x61, 0x4F, 0x39, 0x56, 0x2C,
    0xC1, 0xE4, 0xC4, 0xD4, 0x49, 0x4E, 0xD6, 0x43, 0x1A, 0xCF, 0x2E, 0x16, 0x05, 0xA3, 0xB1, 0x26,
    0x45, 0x41, 0x28, 0x70, 0x41, 0xE1, 0x10, 0x0A, 0xB2, 0x50, 0x8C, 0x85, 0x48, 0x28, 0xC5, 0xD7,
    0x28, 0x28, 0x42, 0xE5, 0xAF, 0x3E, 0x42, 0x31, 0x17, 0xE6, 0x61, 0x72, 0x55, 0xAE, 0xD7, 0x08,
    0x18, 0x73, 0xB5, 0xD3, 0x95, 0xDF, 0xC0, 0xD5, 0xB1, 0xE7, 0x2B, 0xAF, 0x6A, 0xD1, 0x33, 0x42,
    0x84, 0x69, 0x89, 0x77, 0x53, 0xD8, 0x6D, 0x94, 0x47, 0xC0, 0x88, 0xFB, 0x0E, 0x5D, 0x1A, 0x27,
    0xB2, 0xC7, 0xFD, 0x94, 0x3E, 0x14, 0x9F, 0x3D, 0x6B, 0x09, 0x9A, 0x5C, 0x54, 0x0B, 0x55, 0x66,
    0x4A, 0x94, 0xED, 0xAE, 0xBF, 0x3A, 0xF9, 0x7A, 0xAC, 0x7E, 0x8C, 0x56, 0x4D, 0x96, 0xA4, 0xA4,
    0x7A, 0x9B, 0xAD, 0xE4, 0x34, 0x24, 0xEC, 0x84, 0x58, 0x03, 0xDD, 0xCE, 0x95, 0x6A, 0x29, 0xDD,
    0x28, 0x46, 0x38, 0x70, 0xB8, 0x5C, 0x54, 0x8B, 0xF0, 0xAE, 0x6C, 0x00, 0xA1, 0x27, 0x76, 0xDD,
    0x28, 0x4B, 0x68, 0x74, 0xE1, 0xD1, 0xE3, 0x44, 0xD3, 0x87, 0xF4, 0x4F, 0x6B, 0x58, 0xCC, 0x46,
    0x21, 0x43, 0x35, 0x84, 0x04, 0x21, 0x8A, 0x3B, 0x72, 0x7F, 0xD7, 0xD6, 0x79, 0xC6, 0x4A, 0xC3,
    0x60, 0x82, 0xFE, 0xF8, 0x01, 0xA2, 0x1F, 0xF2, 0x65, 0x9E, 0x14, 0x8C, 0xC0, 0x7E, 0xED, 0x6A,
    0x32, 0x5E, 0x6A, 0x70, 0xC4, 0x88, 0x3F, 0x7D, 0xDA, 0xFA, 0xA9, 0xA3, 0x1B, 0x86, 0x34, 0x60,
    0x06, 0xEB, 0x60, 0x70, 0x0E, 0xD1, 0x0D, 0x83, 0xCA, 0x30, 0x4B, 0xF4, 0x6C, 0x14, 0x53, 0xB1,
    0xE5, 0x7A, 0x63, 0x91, 0xB5, 0x17, 0x85, 0x23, 0x80, 0xDE, 0x9B, 0xDA, 0x79, 0xCD, 0x44, 0x74,
    0x9E, 0x14, 0xB4, 0x97, 0xAA, 0x14, 0x24, 0x45, 0xA1, 0x1C, 0x8D, 0x56, 0xCB, 0x10, 0x4C, 0x50,
    0x78, 0x39, 0x42, 0x86, 0xC9, 0xA0, 0x17, 0x13, 0x8E, 0x60, 0xDC, 0x6C, 0x37, 0xD8, 0xC8, 0x64,
    0xAF, 0x5E, 0xC4, 0x14, 0xC5, 0x4A, 0xA3, 0xD1, 0xBA, 0xA3, 0x33, 0x8F, 0x91, 0x29, 0x9C, 0x4D,
    0xB8, 0xBC, 0x35, 0xF3, 0x89, 0x8D, 0x11, 0x7F, 0xC8, 0xC4, 0x69, 0x2C, 0xA8, 0x00, 0xD2, 0x38,
    0x11, 0x19, 0x80, 0xBB, 0x29, 0x53, 0xC1, 0x1A, 0xE8, 0xF4, 0x62, 0xA2, 0x1B, 0xD8, 0x0F, 0x18,
    0x1B, 0xC7, 0xD9, 0x0B, 0x30, 0x07, 0x98, 0xE4, 0x1B, 0x13, 0x5E, 0x37, 0xDE, 0x0E, 0x40, 0x23,
    0x4A, 0xD0, 0x27, 0x84, 0x3C, 0xD9, 0xF7, 0x1C, 0xE2, 0xA8, 0x47, 0xA7, 0x56, 0xDC, 0xD7, 0x3B,
    0x67, 0x72, 0xB8, 0xE4, 0x0F, 0xB8, 0x45, 0x8D, 0xAA, 0xED, 0x3E, 0xB3, 0xB6, 0xA8, 0x71, 0xD0,
    0xBD, 0xF3, 0x78, 0x6F, 0x87, 0xBE, 0x6A, 0xE1, 0x8C, 0xDC, 0xE6, 0x1F, 0x40, 0x52, 0xB6, 0x78,
    0xF7, 0x55, 0x0C, 0x95, 0x4E, 0x19, 0x02, 0xE9, 0x9E, 0x9F, 0x89, 0x7C, 0x72, 0xEE, 0x47, 0xBA,
    0x85, 0x3F, 0x36, 0x3D, 0xD2, 0x18, 0x89, 0xB3, 0xE6, 0x49, 0x64, 0x62, 0xD8, 0xFC, 0x8A, 0xD4,
    0x66, 0x5E, 0xE4, 0x26, 0x59, 0x46, 0x2D, 0x72, 0x7C, 0x8C, 0xF9, 0x7E, 0x6D, 0xED, 0xA7, 0xCE,
    0xE6, 0x98, 0x59, 0x73, 0xE9, 0x68, 0x5B, 0xCE, 0x6C, 0x2A, 0xE4, 0x1D, 0x2D, 0xDB, 0xC6, 0x50,
    0xEE, 0xE7, 0x27, 0xA5, 0xA0, 0x47, 0x6C, 0x98, 0x9F, 0x95, 0x1F, 0x06, 0x66, 0xFB, 0xD0, 0x49,
    0xC4, 0xF8, 0xF0, 0xBA, 0xB0, 0xB4, 0x2A, 0xC4, 0x59, 0x98, 0xD9, 0x91, 0x1E, 0xFF, 0xEC, 0xA0,
    0x6A, 0xD3, 0x33, 0x33, 0xB5, 0x1F, 0x99, 0x05, 0xFE, 0x48, 0xA6, 0xE6, 0xBF, 0xEA, 0x14, 0xFA,
    0xC7, 0x34, 0x87, 0x1D, 0xE4, 0x5F, 0x84, 0xD7, 0xDB, 0x64, 0xDC, 0x45, 0xA3, 0xA9, 0xAD, 0x09,
    0xDA, 0x5A, 0xB3, 0xB2, 0xB5, 0x79, 0x79, 0xDD, 0xCD, 0x1B, 0xBB, 0x36, 0x7A, 0x13, 0x4A, 0x33,
    0x48, 0x92, 0x46, 0xF0, 0xFD, 0x33, 0xFE, 0x09, 0x8C, 0x0F, 0x61, 0x47, 0x4E, 0xC3, 0x75, 0x49,
    0xA7, 0x9A, 0x31, 0xB9, 0x7B, 0x71, 0x3C, 0x8F, 0x90, 0xB6, 0x61, 0xA9, 0x1E, 0x11, 0xE5, 0x1D,
    0xDD, 0xFA, 0xE6, 0xDB, 0xCE, 0x02, 0x9B, 0x24, 0xBD, 0xB9, 0x34, 0x24, 0x49, 0x94, 0x7B, 0x32,
    0xE6, 0xEE, 0x33, 0x9D, 0xB9, 0x17, 0x8F, 0xEF, 0xEB, 0x41, 0x4A, 0xDE, 0x5F, 0x3B, 0x6A, 0xB1,
    0xFE, 0x54, 0xC9, 0x9F, 0x71, 0xCF, 0x67, 0xEC, 0xA5, 0x94, 0x33, 0xC8, 0x6C, 0x6D, 0x03, 0x90,
    0x5F, 0x9F, 0xF8, 0x41, 0x3F, 0x69, 0xE2, 0x3C, 0xDC, 0x70, 0xA3, 0x14, 0xFB, 0x60, 0xB3, 0x12,
    0xD1, 0x7C, 0x47, 0x53, 0x7C, 0xB1, 0x7E, 0x80, 0xB3, 0xDD, 0x32, 0x8D, 0xBD, 0xB1, 0xAE, 0x84,
    0xF5, 0x96, 0x97, 0xC1, 0xA6, 0xF0, 0x8A, 0xF8, 0x88, 0xA0, 0x2E, 0x11, 0x8A, 0x21, 0x42, 0xB0,
    0x45, 0x30, 0xB6, 0xD8, 0x87, 0x27, 0x1D, 0x78, 0xC8, 0xBC, 0xF9, 0xC9, 0x93, 0xB7, 0x3A, 0x8D,
    0x9E, 0x39, 0x1B, 0x5F, 0xDC, 0x28, 0xBB, 0xFC, 0x17, 0xBC, 0xF9, 0x84, 0x9E, 0xF9, 0xCB, 0x77,
    0x9E, 0xBC, 0xB9, 0x47, 0x71, 0xD1, 0x0C, 0x1C, 0xED, 0x06, 0x8E, 0xA6, 0x23, 0x72, 0xA6, 0x44,
    0x33, 0x50, 0xDE, 0xDC, 0x0C, 0xF5, 0x6D, 0x92, 0xBF, 0x35, 0x03, 0xB7, 0x3B, 0x10, 0xAD, 0x47,
    0xB6, 0xDE, 0x5A, 0x82, 0xE8, 0xA6, 0xB4, 0xBD, 0xA9, 0x86, 0x9B, 0x8B, 0x63, 0x6F, 0x5A, 0xDB,
    0xB5, 0xEE, 0x7C, 0xEB, 0xC6, 0xA6, 0x56, 0x1F, 0xF2, 0xE6, 0x25, 0x1B, 0x40, 0x43, 0x15, 0x4F,
    0x45, 0xC1, 0xCA, 0x55, 0xE4, 0xD4, 0x2A, 0x8A, 0x54, 0x4E, 0x64, 0xBA, 0x25, 0x03, 0xDA, 0xA4,
    0x62, 0x27, 0xFD, 0x89, 0xAD, 0x48, 0x74, 0x9C, 0xF5, 0x6C, 0x34, 0x1C, 0xCA, 0xB3, 0x70, 0x7A,
    0xA8, 0xEB, 0x52, 0xEA, 0x5C, 0x5A, 0x10, 0xFB, 0xBC, 0xC3, 0xD4, 0x8F, 0x4A, 0x11, 0x99, 0x85,
    0x44, 0x9F, 0x76, 0x18, 0x63, 0xB5, 0x8B, 0xB4, 0xEE, 0xEE, 0x8F, 0xB4, 0x36, 0xCB, 0x7A, 0x03,
    0x1D, 0xBD, 0xEC, 0xB1, 0x5D, 0x0B, 0x5D, 0xF7, 0x0F, 0x7B, 0x05, 0x39, 0x54, 0x20, 0x2B, 0x82,
    0x0E, 0x82, 0x55, 0x0E, 0x9C, 0x05, 0x9E, 0x5B, 0x03, 0xDF, 0x3A, 0xA2, 0xEA, 0x8A, 0xD1, 0xA3,
    0x33, 0x0F, 0x30, 0x65, 0x40, 0xC1, 0x85, 0xF1, 0x1C, 0x09, 0x80, 0x62, 0x0F, 0x9B, 0xCB, 0x94,
    0xBC, 0xB2, 0x7C, 0xB9, 0xC8, 0xBC, 0x10, 0xD5, 0x87, 0x79, 0xA1, 0xCB, 0xA0, 0xEA, 0x52, 0x77,
    0xC3, 0xBC, 0x90, 0x1F, 0xA7, 0x9D, 0xA4, 0xE7, 0x10, 0x7F, 0x1F, 0x65, 0xBA, 0xF1, 0x12, 0xA6,
    0xBB, 0x1E, 0x05, 0x16, 0x81, 0xB4, 0x58, 0xAF, 0xAA, 0xEC, 0xCE, 0x8A, 0x5E, 0x18, 0x98, 0xD9,
    0x23, 0x84, 0x13, 0xEB, 0x7D, 0x88, 0xA2, 0x45, 0xD1, 0xF8, 0x62, 0x91, 0xE0, 0x9C, 0xEF, 0xE8,
    0x23, 0xF5, 0xBB, 0x30, 0x8D, 0x19, 0x1F, 0x4D, 0x60, 0xFC, 0xAB, 0x7A, 0xD6, 0x7B, 0x59, 0xB7,
    0x8F, 0xEE, 0xC7, 0xD8, 0xD3, 0x21, 0x0E, 0xD2, 0x47, 0x69, 0xE9, 0xB1, 0x00, 0x55, 0x85, 0x60,
    0x8C, 0x94, 0x0D, 0xC6, 0x63, 0x75, 0x73, 0x44, 0x11, 0x02, 0x06, 0x6D, 0x6C, 0x00, 0xA4, 0x74,
    0x51, 0x10, 0xAC, 0x76, 0x11, 0xC9, 0x52, 0x8B, 0x85, 0x55, 0x54, 0xB5, 0x17, 0xD4, 0x44, 0x35,
    0x47, 0x3C, 0xB0, 0x9E, 0x22, 0xF4, 0x55, 0x37, 0x44, 0xD4, 0x2A, 0x86, 0xCD, 0xC9, 0x92, 0xB3,
    0x20, 0x30, 0xCE, 0xF6, 0x79, 0x1C, 0x65, 0x12, 0x22, 0xB1, 0x81, 0x04, 0xAD, 0xCD, 0x35, 0x47,
    0xB6, 0x2D, 0x3D, 0x9E, 0x15, 0x2F, 0x12, 0x5A, 0x02, 0xD7, 0xBA, 0x44, 0xB1, 0xA9, 0xB8, 0x53,
    0x09, 0x77, 0x6A, 0xD0, 0xC0, 0x83, 0x35, 0xCC, 0xA2, 0x81, 0x64, 0xEE, 0x60, 0x02, 0xFE, 0x8C,
    0xB9, 0xF6, 0x93, 0xFD, 0xC4, 0xFF, 0x7C, 0xCB, 0xCD, 0x56, 0xAE, 0xB0, 0x52, 0x20, 0x75, 0x76,
    0x46, 0x63, 0x53, 0x8A, 0xA8, 0xA9, 0x37, 0xB7, 0xEB, 0xF3, 0xF7, 0x1E, 0xAB, 0xE5, 0xDF, 0xC6,
    0x29, 0x74, 0x2E, 0x46, 0x39, 0xC5, 0x30, 0xC1, 0x0D, 0xF6, 0xE9, 0x18, 0x77, 0x99, 0xA7, 0x35,
    0x77, 0xAA, 0xFD, 0xD8, 0x59, 0x8E, 0xD8, 0xFE, 0x26, 0x15, 0x4F, 0x70, 0x4D, 0x63, 0x0C, 0xA6,
    0x1A, 0xA2, 0xD8, 0x01, 0x3B, 0xAA, 0xC7, 0x48, 0x57, 0xA8, 0x63, 0xEC, 0x53, 0x1B, 0xDF, 0x76,
    0xBD, 0x5D, 0x83, 0x83, 0xD4, 0x30, 0x6B, 0xEC, 0x87, 0x52, 0x17, 0x63, 0xBB, 0xD6, 0x48, 0xC4,
    0x65, 0x4B, 0x8C, 0xC5, 0x9A, 0x23, 0x31, 0x47, 0x03, 0xCA, 0x5C, 0x34, 0x20, 0xD6, 0x43, 0xD8,
    0x49, 0xBC, 0x44, 0x78, 0xAD, 0x22, 0x1E, 0xDF, 0x8D, 0xE1, 0x12, 0xC4, 0x94, 0x87, 0x7B, 0xBC,
    0x5C, 0x4B, 0x47, 0x93, 0xE5, 0x4A, 0x42, 0xA1, 0xFF, 0xA2, 0x41, 0xC3, 0x7C, 0x7D, 0xAE, 0x71,
    0x92, 0x4E, 0x8D, 0x9F, 0x07, 0x9D, 0x2A, 0x94, 0x0F, 0xD5, 0xDB, 0x2E, 0x2A, 0xA8, 0x33, 0x86,
    0xD0, 0x63, 0xA5, 0x4A, 0x2D, 0x83, 0xF0, 0xDE, 0xDB, 0x22, 0x3E, 0x8E, 0xA7, 0x3B, 0x14, 0xF6,
    0x72, 0xB9, 0x97, 0xF6, 0x1E, 0x29, 0xEC, 0xB1, 0x8E, 0x72, 0x4B, 0x47, 0x3F, 0xC6, 0x3A, 0x63,
    0x74, 0x73, 0xB2, 0x96, 0xD1, 0xAD, 0x58, 0x54, 0xDC, 0xCF, 0xF9, 0x66, 0x3F, 0x7F, 0x6D, 0x5D,
    0xEA, 0x56, 0xD7, 0x22, 0xC5, 0x2A, 0xBB, 0xD9, 0xB5, 0x3B, 0xD4, 0xBC, 0xDB, 0x06, 0xD0, 0xBD,
    0xA6, 0xD0, 0x96, 0x61, 0xBA, 0x73, 0x0A, 0x9B, 0x7B, 0x4D, 0xE1, 0xBD, 0x97, 0xFA, 0xB5, 0xF7,
    0xF0, 0xF2, 0xB5, 0x27, 0xA1, 0x9C, 0x06, 0xB6, 0x5E, 0x1A, 0x1B, 0x44, 0xA8, 0xF0, 0x62, 0x6F,
    0xCE, 0x86, 0xDF, 0xA1, 0x3A, 0xFD, 0xE0, 0xC9, 0x37, 0x9C, 0xB5, 0x7D, 0xBE, 0x7D, 0xEF, 0x7D,
    0xF1, 0xFA, 0x87, 0xEA, 0x29, 0xE0, 0x19, 0xA9, 0xD4, 0xA9, 0x57, 0x6B, 0x38, 0xBB, 0xB4, 0x91,
    0xED, 0x67, 0xAA, 0xAB, 0x25, 0x36, 0xF3, 0xCF, 0x14, 0x75, 0xEA, 0x77, 0xE6, 0x33, 0xDF, 0xCD,
    0x48, 0xB4, 0xCA, 0x9C, 0xDB, 0x33, 0xFE, 0x6D, 0x06, 0xDD, 0xB4, 0xE7, 0x03, 0x78, 0x59, 0x2A,
    0x65, 0x94, 0xFA, 0xB7, 0xA7, 0x44, 0xDA, 0x2E, 0xAC, 0x7B, 0xCF, 0x7D, 0x99, 0x6A, 0xB9, 0xAF,
    0x65, 0xEE, 0xE7, 0xE0, 0x65, 0x5F, 0x40, 0xE1, 0xAC, 0x5F, 0x92, 0x2B, 0x19, 0x75, 0xA1, 0x7F,
    0x99, 0xA2, 0x7B, 0xDA, 0xD9, 0x64, 0xC5, 0x4B, 0xF3, 0x2A, 0xF7, 0x67, 0x7F, 0x3F, 0xE7, 0xF0,
    0xFE, 0xA9, 0x8C, 0xE5, 0xBA, 0xB7, 0xD4, 0xED, 0x9E, 0x39, 0x90, 0xBC, 0x9C, 0xAE, 0xF6, 0x16,
    0x95, 0x93, 0x85, 0xFE, 0x81, 0x5A, 0x19, 0xB5, 0xA6, 0x28, 0xB5, 0x67, 0x01, 0xCE, 0xB4, 0xAB,
    0xD3, 0x1C, 0x24, 0x5B, 0x61, 0x6D, 0x56, 0x7F, 0x5C, 0xAF, 0x24, 0x2A, 0xA3, 0x49, 0xEE, 0xF2,
    0x37, 0xC4, 0x46, 0x58, 0x64, 0x9F, 0xB1, 0xB8, 0xFE, 0xB1, 0x9D, 0xCA, 0x6C, 0xB5, 0x63, 0xAD,
    0xAC, 0x66, 0x99, 0x88, 0x09, 0x86, 0x26, 0x95, 0x33, 0x3B, 0x88, 0x51, 0x52, 0x25, 0x55, 0x4A,
    0xE9, 0x75, 0xE8, 0x85, 0x8B, 0x4A, 0xEA, 0xC8, 0xC0, 0x27, 0xEB, 0xB6, 0xC4, 0x78, 0xC1, 0x6A,
    0x76, 0x4F, 0xAD, 0xB5, 0x48, 0xCE, 0x06, 0x11, 0x9C, 0x81, 0x19, 0xB2, 0x9A, 0xED, 0xAB, 0x75,
    0x56, 0x00, 0x97, 0x21, 0x6B, 0x50, 0x2D, 0x07, 0x2D, 0x07, 0x14, 0x1E, 0x5E, 0xE9, 0xFA, 0xB5,
    0x93, 0xF9, 0xA0, 0x7F, 0x78, 0x6A, 0xD0, 0x0B, 0xAE, 0x2F, 0x2D, 0xCC, 0xE6, 0xD2, 0x5A, 0x6A,
    0xFA, 0x73, 0xE3, 0x5A, 0xC9, 0xDC, 0x1F, 0x9B, 0xD2, 0x3B, 0xB9, 0x6B, 0x0D, 0x2F, 0x2F, 0x22,
    0x3C, 0x84, 0x29, 0x28, 0x85, 0x8C, 0xCD, 0x2C, 0x43, 0x6D, 0x3F, 0x28, 0xF9, 0x52, 0x6C, 0xF6,
    0x8E, 0x56, 0x3A, 0xD8, 0xBF, 0x1D, 0xDD, 0x2F, 0x26, 0x2B, 0x1F, 0x7E, 0x10, 0x39, 0x39, 0x7F,
    0x6F, 0xB6, 0xE2, 0x22, 0x5F, 0xAC, 0x06, 0x62, 0xBD, 0x04, 0xC5, 0x6C, 0x1D, 0x08, 0x01, 0x13,
    0xAC, 0xE4, 0x52, 0x4D, 0x56, 0x54, 0xD6, 0x83, 0x75, 0x89, 0xF8, 0x9D, 0x6F, 0x06, 0x1B, 0x82,
    0x96, 0x83, 0x95, 0xBC, 0xF5, 0x64, 0x59, 0x8F, 0x6E, 0xE2, 0xB0, 0xF5, 0x75, 0x67, 0x04, 0x06,
    0xA4, 0x9B, 0x12, 0x61, 0x00, 0x36, 0xCC, 0xA6, 0xFB, 0x0D, 0x44, 0xAE, 0xD4, 0x2E, 0xA4, 0xF4,
    0x5B, 0xCB, 0x22, 0xC4, 0xA8, 0x87, 0x27, 0xE7, 0xCE, 0x56, 0xBB, 0x15, 0x84, 0x1A, 0xC5, 0x4C,
    0x58, 0x17, 0x27, 0xA7, 0xE9, 0x62, 0x6C, 0x0A, 0x4E, 0x5B, 0x63, 0x80, 0x32, 0xC5, 0x90, 0x4F,
    0xB4, 0x50, 0x28, 0x18, 0x77, 0xF4, 0x83, 0xC3, 0xE1, 0x2B, 0xD7, 0x3B, 0xEF, 0xC8, 0xE5, 0x6B,
    0x36, 0xD8, 0x45, 0x7A, 0xE2, 0x51, 0x50, 0x00, 0x6C, 0xD3, 0xF5, 0x44, 0x1D, 0xA4, 0x5A, 0xBB,
    0xCD, 0xC7, 0xA7, 0xC8, 0x81, 0x9D, 0x4B, 0x75, 0xC5, 0x53, 0xE4, 0xCB, 0xE0, 0x1C, 0x48, 0x37,
    0x45, 0x3C, 0x2B, 0x15, 0xF8, 0xC1, 0x39, 0x92, 0x7B, 0xE5, 0x06, 0xE0, 0x2A, 0x21, 0xE9, 0xE9,
    0x10, 0x9B, 0x28, 0x7D, 0xC4, 0xEC, 0x36, 0xE6, 0xC7, 0x55, 0xDA, 0x87, 0x20, 0xF4, 0xE3, 0xF4,
    0x8F, 0x6D, 0xAD, 0xE5, 0xE4, 0x46, 0x73, 0xF9, 0xA6, 0xF8, 0xC7, 0xB6, 0x96, 0x48, 0xB5, 0x4D,
    0x8A, 0xBD, 0x51, 0xAA, 0xE4, 0x65, 0x15, 0x55, 0xAE, 0x2A, 0xC0, 0x60, 0x7B, 0xAF, 0xE2, 0xF3,
    0x1E, 0xCD, 0xE4, 0x1B, 0x9E, 0x8F, 0x6E, 0xFD, 0xDA, 0xD3, 0xB0, 0xFD, 0x3A, 0x52, 0x83, 0x4A,
    0xF2, 0x1B, 0x64, 0xEC, 0x58, 0x6F, 0x69, 0xAB, 0x26, 0xFF, 0xE5, 0x47, 0xF7, 0x50, 0x77, 0xAE,
    0xAA, 0x2B, 0x8B, 0x1E, 0xCB, 0xF5, 0x25, 0xDC, 0xA6, 0x4C, 0x85, 0x94, 0x52, 0x52, 0x1F, 0xCC,
    0x1A, 0xAB, 0x30, 0x85, 0x79, 0xE3, 0x44, 0x4C, 0x47, 0xD8, 0xCF, 0x89, 0x84, 0x8A, 0xF0, 0x1C,
    0x36, 0x2E, 0xC4, 0x14, 0x69, 0xE0, 0x21, 0xFF, 0x43, 0x38, 0x30, 0x25, 0x55, 0xFF, 0x40, 0x8A,
    0xE8, 0x50, 0x6A, 0x5A, 0x29, 0x70, 0x4F, 0x8C, 0xDF, 0x2F, 0x95, 0x24, 0x85, 0x3A, 0x5C, 0x92,
    0x5A, 0x40, 0x8F, 0x18, 0xF8, 0x1C, 0xC4, 0x6E, 0xC7, 0x1E, 0x7A, 0x8E, 0xCA, 0xB4, 0x49, 0xD8,
    0xF4, 0x93, 0x40, 0x1E, 0x1C, 0x25, 0xCA, 0x6B, 0x1A, 0xE9, 0x8C, 0xF6, 0x9D, 0x26, 0x8B, 0x62,
    0xA8, 0x32, 0x91, 0xDD, 0x82, 0xB9, 0x2D, 0x93, 0x24, 0x8A, 0x4D, 0x98, 0x90, 0x39, 0x88, 0xB3,
    0xE2, 0x6F, 0x1C, 0xD6, 0xA9, 0x4D, 0x79, 0x57, 0xFF, 0x77, 0x84, 0xC2, 0x9C, 0x33, 0xF6, 0x0D,
    0xFC, 0x05, 0x56, 0xAB, 0x6D, 0x72, 0x46, 0x87, 0x70, 0x19, 0xE4, 0x82, 0x4B, 0xE3, 0x61, 0xE1,
    0x3C, 0x81, 0x0E, 0x55, 0x33, 0xE8, 0x6F, 0xA1, 0xE6, 0x1F, 0x85, 0x5B, 0x46, 0x60, 0x64, 0xA1,
    0x76, 0x20, 0xF1, 0x93, 0x01, 0xDE, 0x70, 0x83, 0x44, 0xCB, 0x2F, 0x9C, 0x41, 0x52, 0x33, 0x2E,
    0xA6, 0x20, 0xE0, 0x13, 0xBB, 0xBC, 0x1A, 0xA8, 0xE3, 0xE7, 0x98, 0x51, 0xF9, 0xA6, 0x4B, 0xC2,
    0x3F, 0xE0, 0x1B, 0x9E, 0xFA, 0x83, 0x97, 0x11, 0xAA, 0xA8, 0xF5, 0xB4, 0xBB, 0xE0, 0x66, 0x64,
    0x8E, 0xE5, 0xB7, 0x59, 0x78, 0x23, 0x8C, 0x0F, 0xDF, 0x70, 0x10, 0xB7, 0x47, 0x09, 0x7A, 0xA2,
    0xFD, 0xEB, 0x67, 0x3F, 0x03, 0xC8, 0xE5, 0x89, 0xF4, 0xD0, 0x6E, 0x04, 0x1A, 0x3A, 0x52, 0x51,
    0x35, 0x68, 0xB0, 0x5A, 0xD9, 0xE8, 0x0E, 0xCF, 0x77, 0xD8, 0xAE, 0x46, 0xB2, 0xFD, 0x1B, 0x58,
    0xE1, 0x8D, 0x1D, 0x31, 0x6E, 0x00, 0xEF, 0x1D, 0xCA, 0x16, 0x17, 0x4A, 0x8D, 0x0E, 0xC0, 0x6A,
    0xF2, 0x85, 0xB6, 0xBB, 0x5F, 0x30, 0x2C, 0xB6, 0xB7, 0x88, 0x48, 0xEF, 0x11, 0xBE, 0xB4, 0x90,
    0x6E, 0xE6, 0xDF, 0x68, 0x25, 0xF4, 0x5C, 0x62, 0x41, 0x05, 0x58, 0x6D, 0x0C, 0x3B, 0x2F, 0xE1,
    0x8D, 0xFF, 0x89, 0xD0, 0xE9, 0x91, 0x54, 0xB4, 0xC4, 0x7D, 0x8E, 0xA8, 0xB5, 0xF1, 0xC0, 0x80,
    0x37, 0xA4, 0xD3, 0x5A, 0x2A, 0x71, 0x93, 0x1C, 0xC6, 0x1C, 0xD8, 0x33, 0xBC, 0x31, 0xB3, 0x30,
    0x40, 0x25, 0x9C, 0x72, 0x96, 0x5B, 0xA9, 0x11, 0x48, 0x00, 0xE6, 0xF0, 0x06, 0x6A, 0x87, 0x5C,
    0x58, 0x71, 0x60, 0xCE, 0x03, 0x69, 0x63, 0xF8, 0xC6, 0x95, 0x99, 0x17, 0xBB, 0xCD, 0x7B, 0xAA,
    0x07, 0x6C, 0x23, 0x1E, 0x47, 0xBB, 0xFB, 0xAB, 0x6D, 0x1D, 0x99, 0x07, 0x5B, 0x66, 0xB1, 0xA9,
    0xD7, 0xD6, 0x45, 0x0A, 0x5D, 0x14, 0xA7, 0xD8, 0x18, 0xB7, 0x57, 0xB7, 0xE9, 0x8D, 0xDB, 0x3F,
    0x8B, 0x4C, 0x92, 0xD4, 0x45, 0x12, 0xA2, 0xD0, 0x24, 0x2A, 0x23, 0x9E, 0x24, 0x85, 0x92, 0xB3,
    0x2B, 0x78, 0x8B, 0xF7, 0x56, 0xA9, 0xE6, 0x6C, 0x5A, 0x16, 0x61, 0x14, 0xE4, 0x66, 0x9F, 0x4E,
    0x74, 0x9B, 0xD1, 0x6D, 0xCB, 0xB9, 0x00, 0x94, 0xE1, 0x29, 0xD9, 0x04, 0xA3, 0xD1, 0xC6, 0x4B,
    0xD7, 0x8E, 0xD6, 0x7B, 0xB9, 0x52, 0xAC, 0x9C, 0x1D, 0x85, 0xF5, 0x68, 0xDC, 0xF7, 0xED, 0x44,
    0xB7, 0xE4, 0x37, 0xC4, 0x4A, 0x10, 0xEA, 0xCC, 0xAC, 0x27, 0xBD, 0x0D, 0xB5, 0x07, 0xCD, 0x6D,
    0xA8, 0xBB, 0x38, 0xE9, 0xDC, 0xA4, 0x74, 0x9B, 0x33, 0x8A, 0xAD, 0x81, 0x5B, 0x66, 0x13, 0xEE,
    0x60, 0x6F, 0xFD, 0x24, 0xD8, 0x5B, 0x86, 0x8C, 0x96, 0x52, 0xA5, 0x13, 0x46, 0x4A, 0x73, 0xE3,
    0xC7, 0x05, 0xB7, 0xB5, 0x54, 0xED, 0xC4, 0xDB, 0x89, 0xD5, 0xEF, 0x76, 0x12, 0xB7, 0x4C, 0xD8,
    0x58, 0x9D, 0xD6, 0xE5, 0x0E, 0x56, 0x47, 0xA7, 0xE5, 0xDE, 0xC3, 0xBA, 0xE1, 0x6D, 0xCF, 0x02,
    0xBE, 0x9B, 0x44, 0xE4, 0x86, 0x6D, 0xD4, 0x4D, 0x32, 0x3E, 0x60, 0x1F, 0x7A, 0x1B, 0x1E, 0xD2,
    0x4E, 0x32, 0x5C, 0xC8, 0x3C, 0x9A, 0x59, 0xE4, 0xC0, 0xEC, 0xD6, 0x33, 0x0F, 0xE8, 0xC8, 0x40,
    0xAC, 0x62, 0x15, 0x62, 0x82, 0x84, 0xB8, 0x45, 0xF4, 0x8C, 0x72, 0xE1, 0x0D, 0x53, 0x70, 0x5D,
    0xEF, 0x7A, 0x12, 0xAD, 0x03, 0x38, 0xDD, 0x28, 0xCA, 0x07, 0xD4, 0x64, 0x1D, 0xC4, 0x0E, 0xCB,
    0x5C, 0x04, 0x6F, 0x85, 0xD2, 0xAB, 0x17, 0xA1, 0x8F, 0x14, 0xF1, 0xDD, 0x3C, 0x07, 0x69, 0xA8,
    0x73, 0x28, 0x5D, 0x0E, 0xAB, 0x96, 0x39, 0x55, 0x5B, 0x12, 0xE4, 0xBD, 0x32, 0x4A, 0xCF, 0x89,
    0x16, 0xA3, 0x0B, 0x31, 0xEC, 0x97, 0xAC, 0x37, 0x4F, 0x1E, 0xD3, 0xC1, 0x2E, 0x1B, 0x4E, 0x6B,
    0xC9, 0xF9, 0x42, 0x14, 0x6C, 0x5F, 0x99, 0x2C, 0x2F, 0xC6, 0x74, 0xCC, 0x39, 0x95, 0x67, 0xB6,
    0x42, 0x93, 0x69, 0x38, 0x21, 0x09, 0xCD, 0x96, 0x3B, 0x7D, 0xAA, 0x8B, 0x93, 0xDC, 0x6D, 0x35,
    0x63, 0x0E, 0x5F, 0xE9, 0xCF, 0xC3, 0x2F, 0xE6, 0x6F, 0xD4, 0xD2, 0xD8, 0x07, 0x35, 0x6A, 0x12,
    0xC5, 0x63, 0x17, 0x1A, 0xF3, 0x68, 0x6D, 0x85, 0xE7, 0xCF, 0x05, 0xC5, 0xB7, 0xF2, 0x50, 0x43,
    0xE8, 0x9C, 0x04, 0x64, 0x07, 0xB1, 0xA2, 0x06, 0xB7, 0x34, 0x4F, 0x2B, 0x64, 0x79, 0x24, 0x84,
    0x27, 0x96, 0xF3, 0x06, 0x90, 0x3F, 0x60, 0x21, 0x4F, 0x04, 0x45, 0xF5, 0x32, 0x11, 0x88, 0xD8,
    0x14, 0x9C, 0x2A, 0x69, 0xED, 0x68, 0x09, 0x0A, 0x84, 0x99, 0x52, 0x15, 0x30, 0x1D, 0x4E, 0x0C,
    0xF2, 0x4E, 0x76, 0x0D, 0x6B, 0x4A, 0x6E, 0x14, 0x15, 0xD9, 0x5F, 0xA6, 0x9C, 0xFF, 0x33, 0x32,
    0x14, 0x23, 0x38, 0x85, 0xC8, 0xEF, 0x13, 0xFE, 0x58, 0xB0, 0xEC, 0x1F, 0x34, 0x7A, 0xD2, 0xF3,
    0x32, 0x66, 0x54, 0xAB, 0x94, 0x5C, 0x45, 0x1C, 0x31, 0x41, 0x51, 0xC9, 0xC4, 0xC0, 0xAC, 0xC7,
    0x69, 0xD0, 0x64, 0x11, 0x1E, 0xD3, 0xCE, 0xC2, 0x5F, 0xBA, 0xD1, 0xC6, 0x4D, 0x24, 0xAE, 0x76,
    0xB1, 0x9E, 0x7C, 0xF1, 0xE2, 0x8B, 0xAC, 0x09, 0x2F, 0x8C, 0x19, 0x9A, 0xE5, 0x32, 0x30, 0xAE,
    0x52, 0xB3, 0x34, 0xF0, 0x12, 0x9E, 0x59, 0x4D, 0xC2, 0xC2, 0x2B, 0xDD, 0x62, 0xE8, 0xE1, 0x47,
    0x8C, 0xE3, 0x28, 0x56, 0x81, 0x0D, 0x9B, 0x0D, 0xE2, 0x0E, 0xAB, 0x07, 0xF1, 0x2A, 0x60, 0x55,
    0xFC, 0x95, 0x1D, 0xE0, 0x34, 0xAF, 0xD0, 0x0F, 0xC2, 0xA1, 0x2F, 0x58, 0xD2, 0x05, 0xD5, 0x96,
    0x4C, 0x22, 0x68, 0x9F, 0x8B, 0xC1, 0xDA, 0x2A, 0x3C, 0xA2, 0x88, 0x00, 0x45, 0x22, 0xEE, 0xDE,
    0xF8, 0xDE, 0x2D, 0xA2, 0x6D, 0xD5, 0x22, 0xB6, 0xC0, 0xBE, 0x5C, 0xE1, 0x41, 0xA8, 0x7F, 0xF7,
    0xEA, 0x2B, 0xE1, 0x27, 0xD4, 0xEE, 0xC5, 0xFB, 0x4C, 0xDC, 0x61, 0x2C, 0x95, 0x89, 0x81, 0xA5,
    0xCE, 0x84, 0x91, 0xA8, 0xD5, 0x4E, 0xA1, 0xD2, 0xB8, 0xA0, 0xE5, 0xA2, 0xF6, 0x89, 0x65, 0x1A,
    0xB9, 0x53, 0x3B, 0x25, 0x73, 0xAA, 0x87, 0xE3, 0x75, 0xA1, 0xA0, 0x77, 0x5A, 0x14, 0xFC, 0x2E,
    0x31, 0xBF, 0x55, 0x6D, 0x14, 0xDC, 0x4C, 0xAD, 0x11, 0x7C, 0xB8, 0xFD, 0x15, 0xA3, 0x2D, 0xBF,
    0x2F, 0x22, 0xB3, 0x14, 0xBB, 0xCF, 0x5D, 0xE0, 0xEE, 0x34, 0x07, 0x65, 0xB8, 0x2A, 0x3C, 0x8B,
    0x55, 0x85, 0x21, 0x81, 0xD4, 0xCE, 0x62, 0x2E, 0x91, 0x4B, 0x07, 0xAB, 0x21, 0xCD, 0xA2, 0xB6,
    0xB0, 0xCD, 0x0C, 0x00, 0x47, 0xA6, 0xD7, 0x8B, 0x78, 0x79, 0x12, 0xC0, 0x6D, 0x72, 0x54, 0xF0,
    0x73, 0x81, 0x9B, 0xA4, 0x26, 0xD3, 0x28, 0x5C, 0xAF, 0x86, 0xB1, 0x3C, 0x13, 0x7F, 0xC7, 0xFA,
    0xBD, 0xAD, 0x33, 0x6C, 0xEB, 0x86, 0xB6, 0x6A, 0x94, 0x75, 0x96, 0x5B, 0x9F, 0xBE, 0x75, 0x95,
    0x1B, 0x4F, 0x79, 0x12, 0x95, 0x9A, 0x3F, 0xED, 0x42, 0x23, 0xAC, 0xB5, 0x9E, 0xAF, 0xFB, 0xB8,
    0x08, 0xEB, 0xCA, 0xB7, 0x09, 0x34, 0xA6, 0xFE, 0x58, 0xDC, 0xB5, 0x7E, 0x1F, 0xBB, 0x62, 0x95,
    0x2C, 0x5B, 0x1C, 0xBB, 0xBA, 0x1B, 0x0E, 0xF1, 0xCE, 0x33, 0xE3, 0x2D, 0x6A, 0x94, 0x53, 0xF7,
    0x3A, 0xA1, 0x93, 0xC6, 0x8D, 0x44, 0xC0, 0x3C, 0xE3, 0xF2, 0xDD, 0xFE, 0xAF, 0xE4, 0xBD, 0x01,
    0xFD, 0x95, 0x64, 0xDB, 0xAA, 0x60, 0x08, 0xD9, 0xFA, 0xB8, 0x89, 0xE1, 0x12, 0x0D, 0x41, 0xAA,
    0x8C, 0x25, 0x83, 0xA5, 0xFC, 0x75, 0x53, 0x8E, 0x7E, 0x12, 0x02, 0xC1, 0x74, 0x44, 0x91, 0xC4,
    0xAC, 0x2B, 0x8F, 0x92, 0x11, 0x08, 0xD6, 0x88, 0x93, 0x1D, 0x45, 0x3B, 0x13, 0x2E, 0x65, 0x9F,
    0x11, 0x47, 0x09, 0x0A, 0x1A, 0xED, 0xCA, 0x14, 0x68, 0xAD, 0x17, 0x48, 0x01, 0x57, 0x28, 0x3F,
    0xB3, 0xF1, 0x1A, 0xB8, 0x6F, 0xC5, 0xA1, 0x89, 0x86, 0x65, 0x41, 0x20, 0xE6, 0x76, 0x11, 0x07,
    0x48, 0xA7, 0xC0, 0x4A, 0x96, 0x05, 0x33, 0x27, 0x35, 0x25, 0x20, 0x21, 0x06, 0x56, 0x8B, 0x53,
    0x7D, 0x58, 0xAA, 0x69, 0xDF, 0x19, 0x6B, 0xB7, 0x0D, 0xAB, 0x03, 0x85, 0x13, 0x55, 0xB8, 0xD2,
    0x04, 0x82, 0x7A, 0x11, 0x4E, 0xDD, 0x89, 0xCE, 0x73, 0x10, 0x90, 0x3A, 0x3E, 0xC8, 0xEF, 0xFE,
    0x84, 0xEA, 0x7E, 0xFB, 0xCB, 0x8C, 0x0A, 0xEC, 0x07, 0xA3, 0xD1, 0x51, 0x19, 0xED, 0x29, 0x0C,
    0x0B, 0x46, 0x55, 0x4F, 0xA0, 0x5C, 0x52, 0x9E, 0x67, 0xB0, 0x7C, 0x16, 0x9A, 0x6C, 0x6F, 0xBF,
    0x72, 0xD2, 0x67, 0xF7, 0xB7, 0x64, 0xEC, 0x02, 0xD3, 0x1B, 0xE8, 0x92, 0xDC, 0x89, 0xC8, 0x9E,
    0xA1, 0xD3, 0xC5, 0x2C, 0xEE, 0xD9, 0x02, 0x52, 0x21, 0x66, 0xF6, 0x24, 0x94, 0x5C, 0xD1, 0xDB,
    0x54, 0x12, 0x3D, 0x49, 0x69, 0x05, 0xD8, 0xD7, 0x5A, 0xA9, 0x81, 0xD8, 0x70, 0xE0, 0xB5, 0x3F,
    0xE3, 0xD8, 0xBE, 0x5B, 0x72, 0x29, 0xE4, 0xF4, 0x4C, 0x42, 0x1B, 0x8F, 0x23, 0x47, 0xBC, 0x89,
    0x4C, 0x98, 0x2D, 0x6E, 0xC2, 0x66, 0xC7, 0xE5, 0xA5, 0x8A, 0xCB, 0xC3, 0xEE, 0x45, 0x63, 0x1C,
    0x9F, 0x2A, 0x11, 0x2A, 0x9B, 0xE8, 0xD8, 0x59, 0x74, 0x77, 0x67, 0xC0, 0x7A, 0x84, 0xF2, 0xD2,
    0x32, 0x60, 0x8A, 0x40, 0xCD, 0xD1, 0x9D, 0x6C, 0x62, 0x02, 0xA5, 0x3D, 0x28, 0x8C, 0x1D, 0x64,
    0xD5, 0x6A, 0xDC, 0x5E, 0x26, 0x99, 0x86, 0x79, 0x6C, 0x37, 0x18, 0x87, 0x56, 0x3B, 0x18, 0x27,
    0x59, 0x37, 0x98, 0xB0, 0x0F, 0x67, 0x9B, 0x9F, 0x95, 0x69, 0xE5, 0xA4, 0x39, 0x19, 0x3B, 0x8A,
    0x68, 0x0D, 0x85, 0x43, 0xE9, 0xCC, 0x33, 0x89, 0xB8, 0xE1, 0x99, 0x9C, 0x9D, 0x47, 0x95, 0x29,
    0x2E, 0xCA, 0x14, 0x49, 0x49, 0x3A, 0x22, 0x6E, 0x59, 0x13, 0x5B, 0xA4, 0x20, 0x0E, 0xF0, 0xBF,
    0x96, 0x7D, 0x7F, 0xAB, 0xE6, 0xBF, 0x03, 0x81, 0x88, 0xD3, 0xD9, 0x93, 0x53, 0xAE, 0x31, 0x88,
    0x31, 0xD1, 0xC9, 0x6D, 0x5F, 0x74, 0x71, 0x7E, 0xE9, 0x6A, 0x16, 0x47, 0x98, 0xF1, 0xD1, 0x62,
    0x84, 0x53, 0x95, 0x06, 0x80, 0x5C, 0x6E, 0x8C, 0x73, 0xDC, 0xB2, 0x5D, 0xEB, 0xFF, 0xAE, 0x2D,
    0x70, 0xB7, 0xFE, 0x5B, 0xC3, 0x4A, 0xBB, 0xFF, 0x63, 0x8F, 0x67, 0xF9, 0x2B, 0x1B, 0xE7, 0x3A,
    0x3B, 0xE3, 0x60, 0x3E, 0x2B, 0xA8, 0x2B, 0x0D, 0x65, 0x62, 0x4F, 0x2A, 0x01, 0x14, 0xEE, 0x5B,
    0x38, 0x02, 0x87, 0x89, 0x83, 0xC3, 0x96, 0xF0, 0x6E, 0x9D, 0xA1, 0x5E, 0xA9, 0x79, 0x8A, 0x76,
    0x91, 0x29, 0x83, 0x24, 0xC9, 0xCB, 0x98, 0x64, 0xA5, 0x8A, 0x9D, 0x00, 0x8D, 0x8E, 0x94, 0x68,
    0x37, 0xA9, 0xEE, 0x90, 0x70, 0x28, 0xBF, 0x41, 0x2A, 0xBD, 0x58, 0xF3, 0xD1, 0x98, 0x87, 0x47,
    0x90, 0x01, 0xB5, 0x2D, 0xAB, 0x56, 0x49, 0xF9, 0x83, 0x51, 0x41, 0xF0, 0x78, 0xAE, 0x98, 0x94,
    0xE3, 0xB6, 0x80, 0x84, 0xC4, 0xC8, 0x9B, 0xE4, 0xB9, 0xDE, 0x74, 0x1A, 0x54, 0x28, 0x55, 0xA3,
    0x3A, 0x9A, 0xCD, 0x63, 0xF6, 0x18, 0x24, 0x76, 0x76, 0x0C, 0x33, 0x72, 0x1F, 0xB3, 0x37, 0x1B,
    0x5C, 0x87, 0x05, 0xD5, 0x20, 0x06, 0x95, 0x7D, 0xA6, 0x6D, 0xD7, 0x50, 0x4F, 0x29, 0x5C, 0x41,
    0xE6, 0x33, 0xD6, 0x05, 0x1C, 0xD5, 0xE3, 0x4E, 0x93, 0xD6, 0xB3, 0x9D, 0x7E, 0x64, 0x07, 0xE3,
    0x59, 0x12, 0xC6, 0x0B, 0x4C, 0xD5, 0x19, 0xC4, 0xBD, 0x4D, 0x2A, 0x27, 0x70, 0x79, 0x4E, 0x69,
    0x1A, 0x19, 0xE7, 0x87, 0xBA, 0x52, 0xCE, 0x33, 0x7F, 0x90, 0xA5, 0x4B, 0xFA, 0x43, 0x04, 0xF5,
    0xD3, 0xF3, 0x16, 0x0E, 0x11, 0x36, 0xDC, 0x26, 0xBF, 0x1A, 0xE4, 0x5F, 0xE4, 0x44, 0x49, 0xA3,
    0xEB, 0x66, 0x57, 0xD7, 0x38, 0x3A, 0x6B, 0x7F, 0xD9, 0x68, 0x4E, 0x73, 0x43, 0x49, 0x30, 0xAB,
    0x66, 0xB1, 0x99, 0x56, 0x51, 0x89, 0x5C, 0x37, 0x36, 0x2A, 0x64, 0x15, 0xAA, 0xC2, 0x6C, 0x91,
    0xA3, 0xDD, 0x63, 0xB5, 0x51, 0x8B, 0x32, 0xFB, 0x6D, 0x9B, 0xE1, 0x9B, 0x59, 0x8C, 0x81, 0xD5,
    0xBB, 0x2C, 0x76, 0xC0, 0xF6, 0xE9, 0xE8, 0x6E, 0x40, 0x2C, 0x2C, 0x58, 0x14, 0x5D, 0xEC, 0xFF,
    0xD0, 0x78, 0xB9, 0x5B, 0x73, 0x5D, 0xAB, 0xD1, 0x8E, 0xC4, 0x4B, 0x79, 0x10, 0x18, 0xF0, 0xE1,
    0xAA, 0x2C, 0x1F, 0x27, 0x4F, 0x9D, 0xD4, 0xFA, 0x50, 0xE0, 0xB5, 0xE5, 0xFE, 0x95, 0x61, 0xF7,
    0x51, 0x32, 0x72, 0x47, 0x05, 0x11, 0x61, 0x35, 0x9E, 0xC4, 0x2A, 0x18, 0x15, 0xD8, 0x38, 0x24,
    0xEF, 0xB0, 0x1B, 0xFF, 0x5B, 0x7C, 0xB8, 0x5A, 0xC2, 0x28, 0x07, 0x77, 0xD1, 0x83, 0xD5, 0xB0,
    0x0A, 0xB3, 0x7B, 0xF1, 0x1C, 0x2F, 0xD7, 0x3F, 0x81, 0x3C, 0xF5, 0xE1, 0x95, 0xF7, 0x1E, 0xA3,
    0x42, 0xFE, 0x4E, 0xB3, 0x0D, 0x5F, 0xEF, 0x43, 0x36, 0xF7, 0x2A, 0x04, 0xDF, 0xAA, 0x5C, 0x6C,
    0x10, 0x03, 0xF7, 0x8F, 0x64, 0x57, 0x2F, 0x8B, 0xDC, 0xDF, 0x00, 0x0F, 0xBC, 0x24, 0x82, 0x1E,
    0xF5, 0xA6, 0xB9, 0x1B, 0xBF, 0xF0, 0x52, 0xB4, 0xAA, 0xF1, 0x93, 0x76, 0xFB, 0xE0, 0x81, 0xF3,
    0xCB, 0xF0, 0x0B, 0x7B, 0x20, 0x18, 0xA3, 0x66, 0xDC, 0x28, 0x27, 0x3C, 0xEC, 0x69, 0xF3, 0x46,
    0x81, 0x37, 0x94, 0xAC, 0x0F, 0x33, 0x18, 0x74, 0xB3, 0xD7, 0xED, 0xA5, 0xCE, 0xBE, 0x9E, 0x33,
    0x64, 0xA1, 0x9F, 0xA6, 0x70, 0x8F, 0x2D, 0x1D, 0xF2, 0xA7, 0x11, 0x45, 0x7E, 0xC9, 0x9A, 0xC1,
    0x57, 0xEC, 0x22, 0x31, 0x91, 0x3C, 0x28, 0xD7, 0x4E, 0xDC, 0xAE, 0x98, 0x74, 0xF3, 0x17, 0xB3,
    0xEA, 0x03, 0xE8, 0x38, 0x27, 0xF7, 0x8D, 0xB1, 0xF7, 0x6A, 0x73, 0x9C, 0x0D, 0x56, 0x77, 0xD4,
    0xA4, 0x32, 0xD6, 0xE9, 0x82, 0x75, 0x93, 0xAB, 0x1D, 0xA8, 0x90, 0xD3, 0xB3, 0x91, 0x51, 0x67,
    0xE3, 0xCC, 0x3D, 0x89, 0xEB, 0x16, 0x18, 0x63, 0x37, 0xE8, 0x22, 0x49, 0xC8, 0x52, 0x35, 0x2A,
    0x2C, 0x37, 0x75, 0x16, 0x52, 0xE1, 0x6B, 0xAC, 0x3F, 0xD5, 0x1C, 0xD4, 0xD4, 0xD0, 0xA5, 0xE2,
    0x58, 0x25, 0x54, 0x25, 0x5E, 0x94, 0x5E, 0x24, 0xB0, 0xAA, 0xDD, 0x01, 0x3B, 0x50, 0xA2, 0x4A,
    0x8D, 0xA9, 0x5B, 0xA8, 0xDD, 0x29, 0x16, 0xED, 0x0E, 0x02, 0x85, 0x2F, 0x07, 0xB5, 0x7B, 0xCE,
    0x66, 0x46, 0xCE, 0xF2, 0xA8, 0xCC, 0x40, 0x5E, 0x73, 0x76, 0x21, 0x9D, 0x85, 0x00, 0x73, 0x73,
    0x9C, 0x10, 0xA6, 0x69, 0xAF, 0xAA, 0x4C, 0xD2, 0xAC, 0x41, 0x0F, 0xD9, 0x60, 0x98, 0x64, 0x7B,
    0xA0, 0xC4, 0xE1, 0x64, 0xB0, 0xB3, 0xEC, 0x15, 0x54, 0x0D, 0x8D, 0xDB, 0x94, 0xD8, 0x07, 0xAA,
    0x06, 0x48, 0xCC, 0xDD, 0x2C, 0xD7, 0x9C, 0xA0, 0xAD, 0xA5, 0x95, 0xD8, 0xE6, 0x6B, 0x84, 0x1B,
    0x93, 0x43, 0x0F, 0xCF, 0x30, 0x9C, 0x35, 0x2C, 0xC1, 0x14, 0xD1, 0x6B, 0x74, 0x39, 0xF0, 0x64,
    0xD6, 0xA1, 0x02, 0xF8, 0xD1, 0x69, 0x6D, 0x3B, 0x39, 0x22, 0xC6, 0x8B, 0x84, 0xA7, 0x5A, 0x9C,
    0x57, 0xFD, 0x3E, 0xC9, 0x86, 0x0D, 0x5B, 0xAD, 0xC3, 0xEC, 0x67, 0x63, 0x0B, 0xFC, 0xF6, 0x69,
    0x4F, 0x79, 0x61, 0xD0, 0x65, 0x79, 0x56, 0x30, 0xAA, 0x54, 0x57, 0x88, 0x6A, 0x2E, 0x0C, 0xCC,
    0x5F, 0x82, 0x85, 0x5B, 0xB3, 0xAB, 0xEE, 0xCC, 0x68, 0xC6, 0x20, 0x05, 0x5B, 0x56, 0x5F, 0x84,
    0x3C, 0x42, 0x07, 0x58, 0x65, 0x9F, 0x04, 0x05, 0x03, 0xF6, 0xEA, 0xC0, 0x42, 0x55, 0xD0, 0x30,
    0x27, 0xA6, 0x98, 0xDA, 0x1D, 0x6C, 0xC2, 0x01, 0xFB, 0x69, 0x26, 0x75, 0xD3, 0x0C, 0xEA, 0x3A,
    0xEA, 0x79, 0x49, 0x4B, 0xCC, 0xE4, 0x3A, 0x31, 0x9A, 0x00, 0xB9, 0x68, 0xBB, 0x0A, 0x43, 0x75,
    0x92, 0x52, 0x88, 0xA5, 0x3D, 0x28, 0xDF, 0x70, 0xE0, 0x4B, 0xD4, 0xFA, 0x29, 0x55, 0xFF, 0xCC,
    0xF2, 0xB8, 0x50, 0x27, 0x54, 0xA5, 0x01, 0xAB, 0x5A, 0x9D, 0x4F, 0x9D, 0x40, 0xE0, 0x69, 0xDB,
    0x97, 0x8B, 0xEC, 0xFA, 0x72, 0x11, 0xD9, 0x52, 0x2E, 0x6A, 0xEB, 0xCE, 0xEA, 0xF2, 0x9E, 0x45,
    0x11, 0x0D, 0x4D, 0xB6, 0x0A, 0xE6, 0x67, 0x82, 0x99, 0x65, 0x4F, 0xD5, 0xB3, 0x6E, 0x23, 0x75,
    0x81, 0xFA, 0xCB, 0x4C, 0xF7, 0xB4, 0x01, 0xA2, 0xB3, 0x90, 0x68, 0x27, 0x0B, 0x3C, 0x60, 0xEC,
    0x81, 0x5F, 0x2B, 0x96, 0x0C, 0x7E, 0x31, 0xC5, 0xDD, 0x37, 0x8A, 0x38, 0xA8, 0xA7, 0x54, 0x2F,
    0x45, 0x28, 0xD6, 0x53, 0xA1, 0x0A, 0xBC, 0x29, 0x28, 0x6D, 0xCE, 0xCD, 0xED, 0xF4, 0xB4, 0x19,
    0x11, 0x7F, 0xA5, 0x5E, 0x16, 0x16, 0x59, 0x6B, 0x52, 0xB5, 0x55, 0x1C, 0xB4, 0x46, 0xD0, 0xB9,
    0x3D, 0x6F, 0x52, 0xD1, 0xEF, 0xFB, 0xE3, 0xB1, 0x8F, 0xF8, 0xFB, 0xAB, 0x07, 0xAE, 0xDF, 0x4A,
    0x95, 0xCD, 0x1C, 0xF3, 0x72, 0x12, 0x2C, 0x10, 0x91, 0x2D, 0x4D, 0x70, 0x02, 0xB8, 0x6C, 0xB5,
    0x68, 0x4C, 0x3F, 0x57, 0x2B, 0xA1, 0x96, 0xF0, 0x2D, 0xD7, 0x51, 0x93, 0xF0, 0x2D, 0xAD, 0x99,
    0xD3, 0x22, 0x6B, 0xDD, 0xAC, 0x08, 0x14, 0xF5, 0x87, 0xD2, 0x96, 0xC6, 0x70, 0xD1, 0x70, 0x10,
    0x45, 0x5C, 0x4F, 0x32, 0xA6, 0x20, 0x82, 0x1E, 0x66, 0x5C, 0x3B, 0x89, 0xB4, 0xA5, 0x54, 0xFB,
    0x5B, 0x58, 0x4F, 0x46, 0x65, 0x44, 0x7A, 0xD5, 0xEB, 0x1B, 0x29, 0xC8, 0xA6, 0xAC, 0x32, 0x75,
    0x5A, 0x02, 0x8E, 0x4C, 0x70, 0xAC, 0xAE, 0x28, 0xD1, 0xE1, 0x82, 0x82, 0xBA, 0x33, 0x0B, 0xF5,
    0x8A, 0x0E, 0xFB, 0xD2, 0x8A, 0x96, 0x74, 0xAC, 0xD7, 0xC8, 0xBC, 0x12, 0xB1, 0x06, 0x89, 0xE6,
    0x86, 0xB8, 0x5F, 0x2C, 0x22, 0x3C, 0x6B, 0x18, 0xCF, 0xCF, 0x16, 0x31, 0xD3, 0x91, 0xCD, 0xBF,
    0x3D, 0x8B, 0x33, 0xBC, 0x03, 0x8F, 0x68, 0x35, 0x0B, 0xE7, 0x84, 0x8C, 0xBB, 0xA5, 0x56, 0x07,
    0x2A, 0x38, 0xDD, 0x31, 0xCE, 0x58, 0xAF, 0x2C, 0x12, 0xDA, 0x11, 0x54, 0x8A, 0x76, 0x66, 0x49,
    0xE9, 0x06, 0x4C, 0x32, 0x1E, 0x49, 0x5C, 0xFA, 0x4F, 0xA1, 0xE9, 0x38, 0xA8, 0xEF, 0x49, 0xE7,
    0x2E, 0x05, 0x0F, 0xD4, 0xD7, 0xF0, 0x00, 0xB5, 0x33, 0x89, 0xAE, 0xC2, 0x25, 0x58, 0xBC, 0xE0,
    0x44, 0x5C, 0xA2, 0x5C, 0x29, 0x7B, 0x87, 0x05, 0x5A, 0x3D, 0x23, 0x5D, 0x88, 0x13, 0xBA, 0x9B,
    0x52, 0x82, 0x27, 0x30, 0x28, 0x6E, 0x40, 0x99, 0xCC, 0xDE, 0x61, 0xBF, 0x47, 0x8D, 0x24, 0xC4,
    0x42, 0x29, 0x99, 0x13, 0xDD, 0x02, 0x80, 0x0E, 0x0D, 0x16, 0x63, 0x39, 0x93, 0x78, 0x2C, 0xB1,
    0x4E, 0x12, 0xB1, 0x87, 0x72, 0x66, 0xF0, 0x83, 0x32, 0x09, 0xDF, 0x7A, 0x58, 0x2D, 0x62, 0x15,
    0xFE, 0x8D, 0x10, 0x66, 0x59, 0x44, 0x2B, 0xA8, 0xA7, 0x40, 0x25, 0xE1, 0x0D, 0xE6, 0x15, 0x53,
    0x86, 0x35, 0x96, 0x8E, 0x72, 0x00, 0x5D, 0x68, 0xBD, 0x98, 0x35, 0x73, 0x65, 0x84, 0x9A, 0x1D,
    0xB3, 0xC4, 0xA2, 0x11, 0x4B, 0x12, 0x0E, 0x33, 0xE3, 0x63, 0x7E, 0x06, 0x30, 0x86, 0x67, 0x3D,
    0xA9, 0xEF, 0x73, 0x58, 0xA9, 0xF9, 0x60, 0x02, 0x11, 0x00, 0xDD, 0x48, 0x4D, 0x9C, 0x0B, 0x28,
    0x2F, 0x57, 0x57, 0x11, 0x17, 0xCF, 0x94, 0xCD, 0x4D, 0x67, 0xBF, 0x49, 0xB9, 0x20, 0x5A, 0x2E,
    0x3D, 0x23, 0x92, 0x9C, 0xF3, 0x7A, 0x3A, 0x30, 0xE1, 0xC6, 0x44, 0xDE, 0x91, 0x7D, 0x5E, 0x6F,
    0x8B, 0xC4, 0xBD, 0x72, 0x97, 0x13, 0xF8, 0x27, 0x71, 0xEC, 0x1E, 0x3F, 0x9A, 0x9F, 0xAD, 0xEA,
    0x5D, 0xF4, 0x56, 0x3D, 0xAF, 0x06, 0x8B, 0xA6, 0xAA, 0xAD, 0x17, 0x8A, 0xDC, 0xD3, 0x74, 0x97,
    0x58, 0x6F, 0xD1, 0x26, 0x8F, 0x87, 0x19, 0x67, 0x84, 0xF8, 0x64, 0xC7, 0xD6, 0x6C, 0xEF, 0xA4,
    0xD8, 0xE1, 0x68, 0x10, 0x65, 0x78, 0x97, 0x5B, 0x37, 0x89, 0x82, 0x53, 0xB1, 0x4C, 0x9D, 0x2D,
    0x2B, 0xA7, 0x40, 0x26, 0x44, 0x94, 0x0C, 0xC6, 0x48, 0x90, 0x12, 0xFC, 0xB0, 0xCB, 0xD5, 0x64,
    0x0F, 0x7F, 0x53, 0x3D, 0x01, 0x8E, 0xEB, 0x1C, 0x8D, 0xBE, 0x6F, 0x0E, 0xE2, 0x0D, 0x25, 0x7D,
    0xCC, 0x29, 0x23, 0xAB, 0x35, 0x70, 0x33, 0x77, 0x34, 0xA6, 0x6F, 0xE6, 0xF2, 0xE8, 0xD0, 0xE3,
    0x0F, 0x22, 0x6B, 0x3E, 0x4E, 0x19, 0xB7, 0x80, 0xFD, 0xA3, 0x8B, 0x13, 0x65, 0xAD, 0x51, 0x9F,
    0x44, 0x87, 0xF7, 0x1D, 0x23, 0x28, 0x67, 0x16, 0xDD, 0x95, 0x2E, 0xCA, 0xFC, 0x8E, 0x4F, 0x00,
    0xB4, 0xAD, 0xE4, 0x11, 0x8E, 0xB4, 0x72, 0x6F, 0x1B, 0x9B, 0xBB, 0x5B, 0x0A, 0x6B, 0x8A, 0x8C,
    0xB9, 0x3D, 0x5F, 0xE5, 0x92, 0xD9, 0x73, 0x7B, 0x1A, 0x83, 0x42, 0x6F, 0x57, 0x83, 0xAC, 0x04,
    0x35, 0x43, 0xA6, 0x05, 0x2A, 0xC1, 0x19, 0xE1, 0x78, 0xB2, 0xA5, 0x00, 0x8D, 0x0E, 0x4B, 0xDE,
    0x05, 0x2D, 0x70, 0x33, 0x18, 0x03, 0x15, 0x43, 0x02, 0xBC, 0xA9, 0x9D, 0x33, 0x2E, 0x0B, 0xD6,
    0x19, 0xDB, 0x45, 0x1C, 0x59, 0x07, 0xC6, 0x0E, 0x97, 0x9A, 0xC6, 0x6B, 0x28, 0x08, 0xFD, 0x94,
    0xB5, 0xC2, 0xD2, 0xAC, 0x11, 0x09, 0xCD, 0x88, 0x3D, 0x07, 0xB2, 0xB5, 0xBA, 0xDC, 0xB1, 0xBF,
    0x74, 0xA9, 0x8E, 0x2A, 0x9E, 0x4D, 0xB2, 0x9E, 0x9C, 0x70, 0xF5, 0x4F, 0xF4, 0x8C, 0xAB, 0x9F,
    0x88, 0xAB, 0x2D, 0x75, 0x7A, 0x02, 0x9C, 0x5E, 0xFA, 0x9D, 0xCF, 0x3E, 0x1B, 0xBF, 0x52, 0xE5,
    0x2C, 0x4B, 0x5F, 0x6A, 0x6D, 0x78, 0x4E, 0x85, 0xD4, 0x04, 0xC9, 0xB0, 0x25, 0x38, 0x90, 0x3B,
    0x69, 0xED, 0x8F, 0x5E, 0xC3, 0x87, 0x27, 0xBE, 0x44, 0xDB, 0x61, 0x91, 0x20, 0x61, 0xB1, 0x1C,
    0xA2, 0x0A, 0x13, 0x54, 0x5F, 0x62, 0x15, 0x55, 0xC4, 0xD4, 0xDE, 0xCA, 0xA4, 0x30, 0xCE, 0x01,
    0xD9, 0xFB, 0xE5, 0x20, 0x52, 0xE5, 0xC4, 0x66, 0x5B, 0xAD, 0xD6, 0x9C, 0x93, 0x2C, 0x40, 0xC9,
    0xA1, 0x08, 0x40, 0x36, 0xD6, 0xB1, 0x16, 0x51, 0x7B, 0xAA, 0xA8, 0xC2, 0x9A, 0x92, 0x8F, 0xF5,
    0x04, 0xCB, 0x6C, 0x1B, 0x7A, 0xB6, 0x60, 0xFA, 0x7E, 0xD7, 0xBC, 0x3F, 0xEF, 0xB8, 0xA3, 0x7E,
    0xD5, 0x24, 0x0D, 0x93, 0x2C, 0xF1, 0x92, 0x7C, 0x8D, 0xE3, 0x6E, 0xBE, 0x46, 0xF6, 0x05, 0x52,
    0x46, 0xCA, 0x7D, 0x47, 0xCC, 0xFC, 0x12, 0x2F, 0x48, 0xBB, 0xEB, 0x0B, 0x32, 0x97, 0xC6, 0x39,
    0x68, 0x68, 0x3B, 0x3B, 0xDF, 0x13, 0x00, 0xF2, 0xF5, 0x60, 0x90, 0xBD, 0x67, 0x82, 0xB2, 0x1A,
    0xA3, 0xAD, 0xA2, 0x4C, 0x45, 0xF6, 0x72, 0xC5, 0x39, 0x8F, 0x9C, 0x3A, 0xFA, 0x49, 0x73, 0x78,
    0xF0, 0x2D, 0x0E, 0x05, 0x3F, 0x96, 0x78, 0xDB, 0x61, 0x6F, 0xF8, 0xF1, 0x0C, 0x1C, 0x36, 0xA7,
    0x98, 0xC6, 0xC9, 0x47, 0x36, 0x95, 0xE3, 0xB0, 0xC9, 0x8C, 0x4A, 0xA3, 0x14, 0xAE, 0xF8, 0xB8,
    0xE8, 0xF2, 0xAE, 0xE3, 0xA2, 0xA7, 0xA8, 0x11, 0xAB, 0x88, 0x17, 0x51, 0x23, 0xF1, 0x08, 0x22,
    0xDE, 0x9D, 0x46, 0x85, 0x10, 0x8B, 0xA8, 0x27, 0xD6, 0x99, 0x6A, 0x45, 0xBE, 0x04, 0x59, 0xF5,
    0x6B, 0xFD, 0xAD, 0xAF, 0x25, 0xD1, 0xD7, 0x22, 0x97, 0xAC, 0x30, 0x42, 0x96, 0x0D, 0x8D, 0x95,
    0x0D, 0x51, 0x91, 0x85, 0x68, 0xBA, 0xEA, 0x68, 0x6C, 0x51, 0x01, 0x94, 0x2C, 0x92, 0x36, 0x65,
    0xD4, 0xAD, 0xF6, 0xBE, 0xDD, 0xAA, 0x36, 0xDD, 0x8A, 0x24, 0xDD, 0x1C, 0xAD, 0xD4, 0x10, 0x7D,
    0xCD, 0xCE, 0x56, 0x54, 0x51, 0x32, 0x16, 0x90, 0x79, 0xD4, 0x7E, 0x65, 0x87, 0x1D, 0x17, 0x5D,
    0x49, 0xEE, 0x38, 0x0F, 0x1C, 0xE9, 0x22, 0x79, 0x02, 0x15, 0x93, 0x61, 0x81, 0xBF, 0x21, 0x00,
    0x85, 0xD6, 0x7D, 0x8A, 0x4E, 0xDD, 0x55, 0x03, 0x84, 0x0C, 0x29, 0x91, 0xBB, 0x59, 0x10, 0x25,
    0xCE, 0x7D, 0x80, 0x50, 0xEE, 0x50, 0x81, 0xE3, 0x93, 0x7B, 0x96, 0xF4, 0x90, 0x7E, 0xF4, 0xFB,
    0xD3, 0xF8, 0x50, 0xF9, 0xE6, 0xEB, 0x1F, 0x44, 0x35, 0x5A, 0x23, 0xBC, 0x8C, 0x62, 0x27, 0x2C,
    0x8E, 0x22, 0x84, 0xCA, 0x9A, 0xFD, 0x19, 0x8A, 0x33, 0xFA, 0xA6, 0x1B, 0x5B, 0x2A, 0xB1, 0x2B,
    0x1F, 0x45, 0x14, 0x22, 0xDF, 0xFF, 0x7D, 0xCB, 0xBD, 0xD8, 0xC7, 0x74, 0xB7, 0x73, 0x1A, 0xCF,
    0xF6, 0x99, 0xA7, 0xC3, 0x6E, 0xCC, 0xE4, 0x8E, 0x52, 0x22, 0xBF, 0x6E, 0x21, 0x8D, 0xBB, 0x2A,
    0x79, 0x58, 0x3A, 0xBA, 0x5F, 0x2D, 0x93, 0xA8, 0x76, 0x46, 0x7D, 0xB3, 0xB0, 0xC9, 0xCD, 0xCA,
    0x2A, 0x9B, 0xC2, 0x26, 0x51, 0x6F, 0x9A, 0xC3, 0x9E, 0x43, 0x7B, 0xB3, 0x1E, 0x11, 0x33, 0xBD,
    0x9D, 0xB3, 0xEB, 0xEE, 0xB9, 0x1E, 0xB7, 0x16, 0xE7, 0x9E, 0x39, 0xA6, 0xC5, 0xFD, 0x72, 0x4C,
    0xEB, 0xFB, 0xD5, 0xFF, 0x71, 0xFD, 0xFD, 0xD6, 0xF0, 0xAA, 0xD3, 0xAF, 0xEA, 0xCD, 0x5B, 0x9D,
    0xD4, 0x0A, 0x7B, 0x4B, 0x01, 0x63, 0xB9, 0x2D, 0x2E, 0x55, 0xDA, 0x12, 0x48, 0x61, 0xAF, 0xAF,
    0x8A, 0x54, 0x72, 0xEF, 0x9A, 0x69, 0x37, 0xE5, 0x1E, 0xEE, 0x3E, 0x75, 0x0B, 0x95, 0x48, 0x50,
    0x1F, 0x41, 0x71, 0x04, 0x97, 0x65, 0x25, 0xBF, 0x6A, 0xFD, 0x35, 0xF2, 0x2F, 0x88, 0x48, 0x94,
    0x73, 0xF4, 0x0B, 0x28, 0x0D, 0x3D, 0x1E, 0x0B, 0xCF, 0x74, 0xEE, 0xD4, 0xF7, 0xC7, 0x34, 0x0B,
    0xA4, 0x92, 0x62, 0x5D, 0xB2, 0x93, 0x84, 0xFD, 0xCF, 0x4C, 0x5D, 0x08, 0xB9, 0xBC, 0x30, 0x19,
    0xC2, 0xAF, 0x76, 0xA7, 0x1F, 0x10, 0x12, 0xD0, 0xD2, 0x6F, 0xFA, 0x0B, 0xA2, 0x16, 0xE9, 0xA2,
    0x8F, 0xE3, 0x5F, 0x09, 0x3A, 0x70, 0x4E, 0xD1, 0x93, 0x4C, 0xFB, 0xE2, 0x7E, 0xD9, 0xB4, 0x0A,
    0x0D, 0x66, 0x6B, 0xD4, 0xD6, 0x71, 0xDB, 0x56, 0xCF, 0xE4, 0xA0, 0xC8, 0x67, 0xFC, 0x35, 0xF2,
    0x3C, 0xE6, 0xA7, 0x78, 0xD6, 0x1F, 0x3C, 0x67, 0xFA, 0xF8, 0x96, 0x04, 0xAF, 0x1F, 0x9A, 0x52,
    0x3F, 0x9D, 0xEA, 0x37, 0x47, 0xA3, 0xEB, 0x24, 0x58, 0x3B, 0x14, 0xE9, 0xEB, 0x2B, 0x6F, 0xC6,
    0x6A, 0x41, 0x61, 0x33, 0xE0, 0xDC, 0x3E, 0x3D, 0x1B, 0xC5, 0xD2, 0x46, 0xD2, 0xEC, 0xA6, 0x4B,
    0xA2, 0x00, 0xF2, 0x65, 0x77, 0x97, 0xDB, 0x3D, 0x66, 0xB7, 0x98, 0xDD, 0x61, 0x5F, 0x18, 0x94,
    0xB6, 0x8F, 0x97, 0x8B, 0x31, 0x72, 0xE7, 0x1B, 0xDD, 0xD9, 0x67, 0xC7, 0xF7, 0xC2, 0xC8, 0x0D,
    0xFB, 0xD7, 0xB7, 0xF0, 0x72, 0x37, 0xE1, 0x7B, 0xFB, 0x21, 0xF5, 0xD4, 0x86, 0xA9, 0xE7, 0xFD,
    0xAE, 0x45, 0xDD, 0xBC, 0x31, 0x53, 0xF7, 0xEA, 0xDA, 0x79, 0xF7, 0x3A, 0xEE, 0xDA, 0x7E, 0x37,
    0xAD, 0x0C, 0xB1, 0x39, 0x97, 0xB7, 0xBA, 0x79, 0x6B, 0x41, 0x6F, 0x2D, 0xAE, 0x7B, 0xF9, 0xE2,
    0x5A, 0x91, 0xB2, 0x3F, 0x9B, 0x0F, 0x9A, 0x6F, 0xF0, 0xF5, 0xD3, 0x0D, 0x83, 0xB4, 0xB1, 0xF4,
    0xD5, 0x68, 0x26, 0x3C, 0xAC, 0xD7, 0x9E, 0x3F, 0x7F, 0x5F, 0xBB, 0x9C, 0x3C, 0xD3, 0xC0, 0x22,
    0x03, 0x29, 0x32, 0x39, 0x84, 0xB3, 0xC1, 0xFD, 0x77, 0x06, 0xDB, 0xAA, 0x03, 0x8F, 0x66, 0x13,
    0xA6, 0x3F, 0x78, 0x68, 0x46, 0x8C, 0x03, 0x60, 0x1E, 0x53, 0xBE, 0x70, 0x1D, 0xF6, 0x23, 0x24,
    0x01, 0x61, 0x57, 0xDD, 0x09, 0x78, 0x46, 0x7B, 0x06, 0x3B, 0xBB, 0xEE, 0x89, 0x99, 0x42, 0xCC,
    0xAA, 0x18, 0x21, 0x8D, 0x39, 0x9F, 0xF1, 0x1C, 0xD3, 0x19, 0x32, 0x62, 0x8E, 0x6B, 0x07, 0x9D,
    0x5A, 0xFF, 0x2D, 0x74, 0x87, 0x66, 0xFF, 0x0F, 0x41, 0x19, 0x7C, 0x1E, 0x8E, 0xF5, 0x7C, 0x4A,
    0x91, 0x7D, 0x36, 0x7B, 0xCE, 0x7C, 0x71, 0x29, 0xA4, 0xA0, 0xC1, 0x3B, 0xCF, 0x9F, 0xFF, 0xE8,
    0x09, 0xAA, 0x7A, 0x29, 0x1C, 0x80, 0xE7, 0xBB, 0xE9, 0xA5, 0x5A, 0x09, 0xD5, 0x6A, 0x33, 0xCC,
    0x39, 0x08, 0xB9, 0x18, 0x50, 0xFB, 0xDD, 0xFF, 0xB9, 0xB8, 0x60, 0x4D, 0x29, 0x78, 0xF2, 0x0F,
    0x8D, 0x83, 0x45, 0x8C, 0x60, 0xD5, 0xE9, 0x7A, 0x91, 0x37, 0xEC, 0x2E, 0x70, 0x1D, 0x23, 0xC0,
    0x27, 0xC1, 0x1D, 0x5E, 0x8E, 0xEC, 0x86, 0x6B, 0xC8, 0x52, 0x6D, 0x57, 0x5E, 0xF8, 0x6E, 0x22,
    0x3B, 0x35, 0x01, 0x20, 0xF9, 0xE5, 0x60, 0xB1, 0x92, 0x05, 0xA0, 0x9D, 0xD9, 0x6F, 0x8E, 0x5A,
    0x7D, 0x3D, 0xB3, 0x83, 0x0A, 0x40, 0xE8, 0xEC, 0xC8, 0x46, 0x77, 0x3A, 0xA4, 0xA2, 0x51, 0x79,
    0xEF, 0x93, 0xB7, 0x7E, 0x28, 0x8C, 0x99, 0xB9, 0x81, 0x72, 0xDD, 0x4A, 0x77, 0x0E, 0xEB, 0xE6,
    0xB7, 0x7C, 0x8B, 0x4B, 0x17, 0x3C, 0xB8, 0x0B, 0xA2, 0x0F, 0x87, 0x60, 0x7B, 0x04, 0x3E, 0xD5,
    0xF6, 0x1D, 0x14, 0xEC, 0xBF, 0xD0, 0x29, 0xA0, 0x47, 0x3C, 0xAD, 0x1B, 0x5D, 0xF0, 0x4D, 0x8D,
    0x0E, 0x81, 0x32, 0xCC, 0x3A, 0x1F, 0x08, 0x53, 0x88, 0x3A, 0x9C, 0xBC, 0xF7, 0x12, 0x2D, 0x5A,
    0x10, 0xB3, 0x02, 0x28, 0xE1, 0x59, 0x94, 0xCA, 0x02, 0xA9, 0xE6, 0x85, 0x9F, 0x36, 0xDA, 0x52,
    0xB9, 0x6E, 0xF5, 0x12, 0xD1, 0x1E, 0x85, 0x4B, 0xDE, 0xD5, 0x5E, 0xB3, 0x69, 0x4F, 0x0F, 0x29,
    0xBD, 0x6A, 0x4F, 0xF8, 0x8A, 0x36, 0x7C, 0xD9, 0xEC, 0x4D, 0xD1, 0xAE, 0x84, 0xCD, 0xE6, 0x57,
    0x0D, 0x87, 0x1D, 0xF1, 0x94, 0x62, 0x3E, 0x78, 0xF0, 0xBB, 0xDF, 0x2A, 0x98, 0x59, 0xDA, 0x0E,
    0x47, 0xB4, 0x4E, 0xBA, 0x81, 0x0E, 0x23, 0x74, 0x97, 0xDA, 0xF5, 0x59, 0x38, 0x41, 0xF8, 0xA7,
    0x6E, 0xC5, 0xED, 0xF3, 0x5D, 0xC8, 0x7C, 0xF0, 0xFF, 0x9E, 0x42, 0x20, 0x81, 0x4E, 0xDA, 0xF3,
    0xCB, 0x84, 0xB9, 0x55, 0xE5, 0x4C, 0xE8, 0x3E, 0x80, 0xA0, 0x92, 0xFF, 0xBF, 0x70, 0x14, 0xFA,
    0x2E, 0x31, 0xA1, 0xEF, 0x8C, 0x98, 0xF9, 0x60, 0x48, 0x81, 0x53, 0x3B, 0x60, 0x69, 0x31, 0xD8,
    0x39, 0x51, 0x7D, 0x5F, 0x4E, 0x03, 0x02, 0x38, 0x61, 0x01, 0x84, 0x75, 0x80, 0x7A, 0xC9, 0xEC,
    0xD4, 0x94, 0xF4, 0xFF, 0xA7, 0x5C, 0xBB, 0x94, 0x69, 0xBE, 0x75, 0x72, 0x6E, 0xE0, 0xB2, 0x31,
    0xAD, 0x6D, 0x11, 0x83, 0x37, 0xAD, 0x41, 0x88, 0xE0, 0x44, 0xCA, 0x15, 0xCD, 0x90, 0x61, 0x95,
    0x68, 0x2D, 0x79, 0x93, 0x1A, 0x82, 0x2C, 0x0B, 0x1E, 0x21, 0x31, 0xE0, 0xD9, 0x11, 0xE7, 0x04,
    0x36, 0x45, 0x13, 0x74, 0xA3, 0x6A, 0xC5, 0xA3, 0x1B, 0x66, 0x3C, 0x74, 0x79, 0x04, 0xAD, 0x26,
    0x00, 0x90, 0x2F, 0x2C, 0x95, 0xD3, 0xE8, 0xCC, 0xA7, 0xDC, 0xD9, 0x35, 0x2F, 0x17, 0xA5, 0x9F,
    0xFC, 0x82, 0x45, 0xA7, 0x31, 0x3B, 0xC8, 0xF5, 0x81, 0x47, 0xFB, 0x67, 0xD5, 0x90, 0xA2, 0x12,
    0xB6, 0x47, 0x70, 0xFE, 0xD6, 0x03, 0x38, 0x35, 0xEB, 0x50, 0x3E, 0xF8, 0x0C, 0x7C, 0x74, 0x95,
    0x1C, 0x9B, 0x0C, 0xB3, 0x6E, 0xF8, 0xD0, 0x99, 0xEA, 0xAE, 0xC3, 0x0F, 0x2D, 0x58, 0x5C, 0xC1,
    0x54, 0xC6, 0x69, 0x3B, 0x08, 0x5B, 0x1F, 0xAC, 0xEB, 0x76, 0xE3, 0x29, 0xD1, 0xC2, 0xA3, 0xAA,
    0xC9, 0x28, 0x5E, 0x4C, 0xB5, 0x18, 0x93, 0x19, 0x34, 0x0A, 0xEB, 0x1A, 0xAE, 0xDC, 0x30, 0xB6,
    0x42, 0xF5, 0xE9, 0x4A, 0x5D, 0x52, 0x97, 0x8C, 0x96, 0x2E, 0x31, 0xE5, 0xB0, 0xE7, 0x6B, 0x57,
    0x9C, 0x8A, 0x33, 0x33, 0x32, 0x7C, 0xD8, 0x6B, 0xCD, 0x91, 0x13, 0xF0, 0x3E, 0x4B, 0x99, 0x37,
    0xBA, 0x9F, 0x33, 0xBE, 0xDD, 0x16, 0x8E, 0xA6, 0x4C, 0x88, 0xF5, 0xA9, 0xA3, 0xF8, 0x57, 0x4F,
    0x21, 0x86, 0x00, 0x13, 0x27, 0x64, 0x84, 0x44, 0xA1, 0x82, 0xB6, 0x46, 0xA9, 0x82, 0x3D, 0x5D,
    0x41, 0xF3, 0xAD, 0x1C, 0xF6, 0xD6, 0x49, 0xAC, 0x1D, 0x3A, 0x55, 0x2C, 0x12, 0xFA, 0x9C, 0x19,
    0x6F, 0x83, 0xA0, 0xEB, 0x9E, 0xF6, 0x3D, 0x92, 0x74, 0x38, 0x3F, 0x15, 0xAF, 0xBC, 0x70, 0x28,
    0x57, 0x0C, 0x85, 0xF6, 0x01, 0xBC, 0x8D, 0x57, 0xB9, 0xDF, 0xA5, 0x67, 0xEC, 0xFB, 0x9A, 0xF0,
    0xD5, 0x98, 0x10, 0xEB, 0x76, 0x27, 0x4E, 0xF1, 0xF8, 0x8C, 0x39, 0xC6, 0x1F, 0x35, 0x56, 0xFD,
    0xD0, 0x2B, 0x05, 0x2A, 0x29, 0x61, 0x68, 0xCA, 0x18, 0x87, 0x97, 0x5E, 0xF9, 0x1E, 0x29, 0xC0,
    0x08, 0x40, 0xC0, 0xB8, 0x28, 0xFA, 0x1E, 0x70, 0xCA, 0xBC, 0xCC, 0xC9, 0xC1, 0x0D, 0x7C, 0x86,
    0x13, 0x53, 0x1C, 0x28, 0x0E, 0x5D, 0x88, 0xC5, 0x35, 0x28, 0x5D, 0x60, 0x5E, 0x3C, 0x0B, 0x0D,
    0x4B, 0xDD, 0x06, 0x7E, 0x71, 0xC9, 0x20, 0x57, 0x4A, 0x4E, 0xC0, 0x74, 0x52, 0x96, 0xA7, 0x1D,
    0x3B, 0x3C, 0x3A, 0xEF, 0xC1, 0xBB, 0xAA, 0x4B, 0x71, 0x91, 0xB6, 0xF3, 0xED, 0x97, 0x90, 0x1C,
    0xF1, 0x3B, 0x7C, 0x40, 0x0B, 0xCE, 0x20, 0xEC, 0x39, 0x0C, 0x05, 0x39, 0x84, 0x76, 0x3A, 0x4A,
    0xDA, 0xA5, 0x63, 0xD9, 0x11, 0xCA, 0xFF, 0xE1, 0xED, 0xBD, 0x23, 0x44, 0xCA, 0x30, 0xD7, 0xA3,
    0xA9, 0x48, 0x2F, 0x39, 0x7C, 0x9C, 0xC7, 0xF6, 0xC7, 0x5C, 0xF5, 0x95, 0x33, 0x78, 0xC6, 0x82,
    0xA2, 0xEB, 0xE7, 0x92, 0x5C, 0x41, 0x14, 0x0A, 0xF0, 0x73, 0x53, 0x30, 0xC0, 0xA6, 0xB8, 0x90,
    0x67, 0x31, 0x3B, 0xD9, 0x27, 0x0A, 0x02, 0x41, 0x14, 0xF8, 0x72, 0xDE, 0x6E, 0x04, 0x51, 0xE7,
    0x98, 0xE4, 0x45, 0xF2, 0x98, 0x73, 0x99, 0x9A, 0x8D, 0x3A, 0x59, 0x5C, 0x9F, 0x54, 0x6C, 0x24,
    0xCF, 0x03, 0x6A, 0xF8, 0x75, 0x2D, 0xCF, 0xC4, 0xA7, 0xC7, 0x52, 0xDC, 0x99, 0x1C, 0x4D, 0x19,
    0x5B, 0x46, 0x05, 0x9B, 0xBF, 0x05, 0x9B, 0xC1, 0x05, 0x3B, 0x99, 0xA4, 0xC7, 0x52, 0xB4, 0x55,
    0x94, 0x51, 0x11, 0x72, 0xE2, 0x92, 0x16, 0x5A, 0x14, 0xF2, 0xD4, 0x0B, 0x01, 0x01, 0x35, 0x3C,
    0xBC, 0xAD, 0x26, 0x2A, 0x17, 0x32, 0x4E, 0xD1, 0x99, 0x05, 0x36, 0x57, 0x5C, 0x5F, 0x08, 0x6C,
    0x7B, 0xDC, 0xE0, 0x83, 0xB4, 0x58, 0xDB, 0xF5, 0x45, 0x7D, 0xC7, 0x05, 0x8F, 0x46, 0xC0, 0xD3,
    0x92, 0xB0, 0x9D, 0x9E, 0xAF, 0x23, 0x47, 0xFA, 0xF3, 0xF4, 0x23, 0x0E, 0x0F, 0xB2, 0x57, 0x81,
    0xE7, 0x9F, 0x67, 0x1D, 0xC3, 0xC8, 0x9F, 0xD5, 0x28, 0xB2, 0x4E, 0x70, 0x82, 0x8D, 0x57, 0xE7,
    0x4A, 0x3C, 0x71, 0x11, 0xD0, 0x40, 0x29, 0x48, 0xDE, 0x33, 0xC8, 0x9F, 0xCA, 0xE1, 0xD1, 0x42,
    0x41, 0x8D, 0xAB, 0x48, 0xEC, 0x82, 0xA0, 0x5D, 0x70, 0x15, 0x60, 0xAF, 0x0D, 0xC8, 0xFD, 0xBB,
    0x1E, 0x5D, 0xDB, 0x90, 0x36, 0x73, 0x81, 0xD7, 0x8A, 0xD2, 0x7E, 0x5A, 0x7C, 0x4D, 0xE8, 0xFC,
    0x24, 0x3C, 0x31, 0xC8, 0xFD, 0x6F, 0xAF, 0xE1, 0x61, 0xEF, 0x7E, 0x89, 0x87, 0x1F, 0xB8, 0xBF,
    0xA0, 0xE2, 0x3C, 0x29, 0x05, 0x94, 0xF2, 0xCD, 0x79, 0xA5, 0x1C, 0xE1, 0xE2, 0x89, 0xAE, 0xB6,
    0x45, 0x34, 0x68, 0x9A, 0xB8, 0x00, 0xEC, 0xD5, 0x59, 0xCF, 0x4D, 0xB4, 0xF0, 0x60, 0xC3, 0x7D,
    0x95, 0x0A, 0x5A, 0xD4, 0xF4, 0x98, 0xBA, 0x41, 0x5B, 0x8D, 0xB1, 0x5D, 0x05, 0x55, 0x92, 0xC9,
    0xA7, 0x84, 0x8A, 0x33, 0xFF, 0x09, 0x45, 0x13, 0xB9, 0x32, 0x0B, 0xCD, 0x76, 0x2D, 0x9B, 0x7A,
    0xDC, 0xF2, 0xC5, 0xAB, 0x9F, 0x1F, 0x0B, 0x17, 0x15, 0x29, 0xB3, 0xB5, 0x90, 0x74, 0xCF, 0x5D,
    0xAB, 0x7D, 0xB7, 0x37, 0xB3, 0x6C, 0x8D, 0x1D, 0x7D, 0xF2, 0x7C, 0x73, 0x57, 0xDF, 0xD6, 0xFF,
    0xAE, 0x15, 0xCB, 0xF6, 0xE5, 0x4F, 0x48, 0x6F, 0x3F, 0x41, 0xBA, 0x0E, 0x73, 0xFD, 0x0E, 0x3D,
    0x01, 0xE2, 0x0B, 0x90, 0x4E, 0x44, 0x47, 0x9F, 0xA6, 0xC0, 0x1E, 0x3C, 0x45, 0x95, 0x40, 0xB2,
    0xFE, 0xCF, 0x18, 0xF9, 0x09, 0x49, 0xD5, 0x81, 0x31, 0xFA, 0x47, 0x95, 0x9E, 0x3C, 0x02, 0x6C,
    0xA4, 0xF1, 0xA6, 0x40, 0x1E, 0xE0, 0x22, 0x41, 0x1D, 0xCC, 0x17, 0x8A, 0xA2, 0x7B, 0xCA, 0xC9,
    0xD7, 0x8A, 0xA0, 0x1A, 0x4B, 0x10, 0xF0, 0x70, 0x41, 0x48, 0x8C, 0x12, 0x08, 0xB1, 0x98, 0xE8,
    0xE8, 0x77, 0xBF, 0xDE, 0x78, 0x1C, 0x9A, 0xA7, 0xAB, 0x1A, 0x25, 0xEB, 0x67, 0x94, 0x9A, 0xE2,
    0x55, 0xCB, 0x8E, 0x4E, 0x05, 0x59, 0x31, 0xC3, 0x37, 0x75, 0x74, 0x64, 0xAF, 0x27, 0x7A, 0x0A,
    0x7F, 0xFD, 0x76, 0x93, 0x98, 0xB5, 0x7D, 0x95, 0x8D, 0xBD, 0xC4, 0xB1, 0x7B, 0x37, 0x95, 0xB3,
    0x3E, 0x40, 0x81, 0x05, 0x85, 0x07, 0x91, 0x3C, 0xC3, 0x21, 0xCE, 0x8A, 0xB8, 0xFF, 0x0F, 0x1C,
    0xB4, 0x09, 0xDF, 0x2F, 0x14, 0x84, 0x34, 0x33, 0x2D, 0xC0, 0x2A, 0xC9, 0x69, 0x7B, 0x09, 0x1A,
    0xBD, 0x67, 0x39, 0x5D, 0x87, 0xA9, 0x09, 0xD6, 0xD9, 0x9C, 0xC2, 0x2B, 0x07, 0x28, 0xE0, 0x19,
    0x7E, 0x3D, 0x89, 0x44, 0xFC, 0x05, 0xC8, 0xF8, 0x22, 0x74, 0xD6, 0x0E, 0xF7, 0xAB, 0x5B, 0x0A,
    0x36, 0x66, 0xCF, 0x99, 0xF5, 0xB0, 0xF3, 0x26, 0x40, 0x20, 0xFA, 0x98, 0xB8, 0x45, 0x8A, 0xCB,
    0xE1, 0xFF, 0xD7, 0x4F, 0xC6, 0x9A, 0x62, 0x3E, 0x6C, 0xA3, 0xEC, 0xC5, 0x78, 0x9B, 0xA7, 0xDF,
    0x66, 0xEE, 0xD7, 0x1C, 0xFC, 0x5A, 0x1E, 0xDD, 0x16, 0x4C, 0xE2, 0x1F, 0x31, 0x5B, 0xFF, 0x4A,
    0x30, 0xAD, 0x37, 0x05, 0x93, 0x8A, 0xA1, 0x69, 0xDB, 0xD3, 0xEA, 0xB6, 0x64, 0xB9, 0xEA, 0x8E,
    0xF4, 0xE2, 0x8E, 0x3D, 0x6B, 0x90, 0x8B, 0xDB, 0xB8, 0x0E, 0xF2, 0xBC, 0x6F, 0xB2, 0x1D, 0x30,
    0xB2, 0x8E, 0x3E, 0xB1, 0xEE, 0x3F, 0xF3, 0x69, 0x69, 0x3F, 0x66, 0x67, 0x44, 0xFB, 0xBB, 0x8E,
    0x4F, 0xE3, 0x91, 0x12, 0x1A, 0x0C, 0xC5, 0x66, 0x2F, 0xC5, 0x51, 0x0F, 0x4A, 0xE9, 0xF7, 0x4C,
    0x12, 0xEE, 0xCF, 0x39, 0xD6, 0x3F, 0x99, 0x23, 0x49, 0xB5, 0xD7, 0x73, 0xC4, 0x97, 0xB2, 0xCD,
    0xF1, 0xD6, 0xC5, 0x8D, 0x8A, 0x53, 0xDD, 0x14, 0xC5, 0xE7, 0xB5, 0x70, 0xD5, 0x25, 0x6A, 0x2E,
    0xBF, 0x75, 0xD0, 0xF8, 0xA6, 0x70, 0x95, 0x54, 0x9C, 0xEA, 0x37, 0xBD, 0x3A, 0xDD, 0x6C, 0xA6,
    0xA4, 0x82, 0x16, 0x1D, 0x96, 0x75, 0x81, 0xB8, 0x5D, 0x37, 0x20, 0xA2, 0x31, 0x20, 0x22, 0x00,
    0xFD, 0x7B, 0x01, 0x2B, 0xD7, 0xF7, 0xA6, 0x43, 0x98, 0xDE, 0x77, 0x05, 0x3D, 0x36, 0x92, 0x66,
    0x75, 0x32, 0xF8, 0x08, 0x72, 0x80, 0xF0, 0x99, 0xA2, 0xE4, 0x11, 0x03, 0x31, 0x86, 0x08, 0xB2,
    0x9E, 0x91, 0x80, 0x2D, 0x6A, 0x68, 0x4D, 0x8D, 0x4A, 0x03, 0xD2, 0x41, 0xB1, 0x12, 0x4E, 0x72,
    0x21, 0xE8, 0xE7, 0xAC, 0xA0, 0x7B, 0x37, 0xE8, 0x49, 0xA0, 0x81, 0x01, 0x95, 0xEE, 0x77, 0x27,
    0x4C, 0xE4, 0x76, 0x0B, 0x82, 0xFA, 0x1D, 0x1E, 0x35, 0xEF, 0x15, 0xE1, 0x1C, 0x73, 0xFB, 0x2F,
    0xC0, 0xFC, 0x92, 0x0F, 0x6F, 0xDA, 0x9B, 0xB5, 0x39, 0x62, 0xA6, 0x1B, 0x54, 0x4D, 0xA5, 0xAA,
    0x1A, 0xBD, 0xAC, 0x07, 0x97, 0x00, 0x6C, 0x64, 0x0A, 0xD1, 0xDB, 0x52, 0xCD, 0x2A, 0xBE, 0xB0,
    0x19, 0xC2, 0x48, 0x9F, 0x25, 0xF8, 0x96, 0x52, 0x9E, 0x97, 0x12, 0x7B, 0x61, 0xCE, 0x41, 0x41,
    0x91, 0x4A, 0xCF, 0xBE, 0xC8, 0x57, 0xB9, 0x7A, 0x91, 0xEE, 0xD3, 0xEC, 0xEA, 0x50, 0xE1, 0x6A,
    0xD4, 0xDD, 0xB7, 0xF3, 0xEC, 0xB3, 0xAC, 0xBE, 0xED, 0x41, 0x6E, 0x7A, 0x80, 0x9B, 0x9B, 0x50,
    0x37, 0xA6, 0x31, 0x6A, 0xB2, 0x37, 0xBF, 0x2F, 0xE6, 0xF7, 0x59, 0x37, 0x05, 0xFE, 0x2E, 0x6E,
    0x83, 0x33, 0x62, 0x7C, 0xD8, 0xE1, 0x66, 0x64, 0xF4, 0xD6, 0x4D, 0x6E, 0xC3, 0x72, 0x50, 0x23,
    0xAF, 0x31, 0xDE, 0x2E, 0x65, 0x41, 0xB3, 0x81, 0x0A, 0xD4, 0xB3, 0x29, 0x05, 0xE6, 0xA5, 0x29,
    0x1C, 0xCB, 0xFE, 0x07, 0xB8, 0xAC, 0xC1, 0xBE, 0x6A, 0x32, 0x8C, 0x1F, 0xF5, 0x90, 0x0D, 0x58,
    0xE3, 0xE9, 0x59, 0x9E, 0xBC, 0xBF, 0xEB, 0x30, 0x85, 0x2F, 0x14, 0x3D, 0x9C, 0xF3, 0x35, 0xA7,
    0x9B, 0xDF, 0x73, 0x43, 0xB1, 0x20, 0x7D, 0xA7, 0xAE, 0xF5, 0x5A, 0xED, 0xEC, 0x16, 0xCC, 0x32,
    0xF6, 0x3B, 0x21, 0xA4, 0x25, 0x53, 0xF6, 0xF1, 0x0C, 0xDE, 0xC5, 0x02, 0x6D, 0xB9, 0x01, 0x4E,
    0x16, 0xA3, 0x9B, 0x33, 0xD4, 0x35, 0x2C, 0x66, 0xAC, 0x19, 0x06, 0x78, 0xE0, 0x70, 0x13, 0x0E,
    0x03, 0x85, 0x7A, 0x22, 0x70, 0x02, 0x27, 0xA4, 0x86, 0xCF, 0x7C, 0x73, 0xA2, 0x13, 0xA5, 0x48,
    0x2B, 0xA6, 0xE3, 0xBC, 0x38, 0x5D, 0x04, 0x56, 0x73, 0x01, 0x31, 0x42, 0x51, 0x2B, 0x77, 0xC8,
    0x7A, 0x60, 0x91, 0x5B, 0x84, 0xC6, 0xA3, 0xA8, 0x84, 0xFB, 0xB7, 0xB7, 0x9A, 0xA1, 0xE1, 0xD0,
    0xE7, 0x4D, 0xF0, 0x26, 0xD5, 0x23, 0x72, 0x2E, 0x87, 0x84, 0xCB, 0xCD, 0x23, 0x3A, 0x2B, 0x78,
    0x86, 0xD1, 0x21, 0x45, 0x6C, 0xD5, 0x73, 0x5D, 0x3C, 0xFB, 0xBC, 0x9B, 0x53, 0xB4, 0xC7, 0xDC,
    0x58, 0xFA, 0x7D, 0x39, 0x06, 0xBE, 0xE6, 0x39, 0x47, 0x19, 0x72, 0xD1, 0xFF, 0x3A, 0x00, 0xC6,
    0xC0, 0x7F, 0x16, 0x8C, 0x81, 0x91, 0x8E, 0x86, 0x2E, 0x83, 0x61, 0x00, 0x87, 0x2E, 0x07, 0xFD,
    0x88, 0xDC, 0x14, 0xB5, 0xA3, 0x2A, 0xF8, 0x2D, 0x17, 0xBE, 0xC7, 0xD4, 0xC9, 0x6A, 0x20, 0x80,
    0x88, 0xBF, 0xC0, 0x05, 0x2F, 0x19, 0x3F, 0x1F, 0x34, 0x2F, 0x3E, 0x6A, 0x31, 0xBB, 0xC4, 0x61,
    0x0B, 0xE4, 0x00, 0x8F, 0xA8, 0xE6, 0x21, 0x9D, 0xF0, 0x4A, 0xDE, 0x29, 0x4C, 0x6D, 0x81, 0x3E,
    0xD7, 0xEE, 0x05, 0xF0, 0x40, 0xCF, 0x95, 0xB0, 0xBA, 0x4A, 0x35, 0x81, 0x9F, 0xA9, 0x9A, 0x30,
    0x1D, 0x7F, 0x82, 0xC5, 0xF0, 0x2F, 0xC1, 0xCD, 0x12, 0x20, 0xFA, 0x81, 0x1D, 0x8D, 0xE0, 0x93,
    0x6A, 0x07, 0x70, 0x50, 0x3B, 0x44, 0x8F, 0x05, 0x1F, 0x7B, 0x28, 0x30, 0x76, 0x2E, 0xC1, 0xF5,
    0xD0, 0x54, 0x0B, 0x56, 0x4B, 0x9A, 0x21, 0x9E, 0x1D, 0xF6, 0x7C, 0x80, 0xFD, 0x63, 0xCA, 0x45,
    0xDD, 0x63, 0xBD, 0xA3, 0x0B, 0x48, 0x0C, 0xFF, 0x02, 0x47, 0x65, 0xF6, 0x09, 0x36, 0x0E, 0xC6,
    0x4E, 0xE5, 0x08, 0xC3, 0xEB, 0xB0, 0x16, 0x10, 0xF1, 0x54, 0x24, 0xF8, 0x37, 0xAE, 0x15, 0x3C,
    0x16, 0xD1, 0xE9, 0x7C, 0x65, 0x7A, 0x5E, 0x2B, 0xE3, 0x57, 0x17, 0xA5, 0xC2, 0x57, 0x1F, 0x91,
    0x03, 0x6A, 0xE5, 0xE2, 0x54, 0xE6, 0x34, 0x42, 0x47, 0x95, 0x4F, 0x51, 0x02, 0x84, 0xC3, 0xA4,
    0x53, 0xD4, 0x01, 0x1D, 0xFA, 0xB2, 0x60, 0x9E, 0x91, 0x6E, 0x2F, 0x9A, 0x52, 0x25, 0xF9, 0x54,
    0xC2, 0xD7, 0x11, 0xBA, 0x3D, 0x52, 0x07, 0x24, 0xEF, 0x09, 0x3C, 0x2C, 0x74, 0x5A, 0x6E, 0x82,
    0x80, 0xFC, 0x13, 0x42, 0x79, 0xD2, 0xE0, 0x3D, 0xC2, 0x47, 0x35, 0x8C, 0x65, 0xFE, 0x85, 0x8A,
    0x23, 0xAC, 0x08, 0xE0, 0xE4, 0x54, 0x74, 0xDA, 0x0E, 0xD5, 0x0B, 0x32, 0xF9, 0x55, 0x8D, 0xBA,
    0xBA, 0xD8, 0x51, 0xA3, 0x4E, 0x37, 0x95, 0xA6, 0xDB, 0xD6, 0xFC, 0xB5, 0xFB, 0xA2, 0xBC, 0xF2,
    0x63, 0x54, 0xE3, 0x4D, 0xED, 0x49, 0x6A, 0x68, 0x74, 0x57, 0x17, 0x57, 0xFD, 0x3A, 0x74, 0x5B,
    0x4D, 0x19, 0x77, 0x33, 0xE2, 0x81, 0x38, 0x7D, 0x81, 0x21, 0xB6, 0x9C, 0xFE, 0xDC, 0x21, 0x3D,
    0xF9, 0xA5, 0xFA, 0x6B, 0x30, 0x55, 0xDC, 0x82, 0x4E, 0x41, 0xAC, 0x19, 0x18, 0x40, 0xA7, 0x58,
    0x1B, 0x62, 0x82, 0x25, 0x2B, 0xC0, 0x64, 0x47, 0xFD, 0x1A, 0x68, 0x73, 0x41, 0x80, 0x92, 0x1B,
    0x01, 0x4D, 0xCB, 0x45, 0x2D, 0x00, 0xDC, 0x4E, 0x67, 0x1A, 0xD6, 0xE8, 0x4B, 0x83, 0x60, 0x4C,
    0x35, 0x63, 0x6D, 0x86, 0x50, 0x0F, 0xCC, 0xAD, 0x98, 0xCF, 0x02, 0x27, 0x7F, 0x13, 0xFC, 0x88,
    0x33, 0x59, 0x03, 0xAE, 0x12, 0x5D, 0xF2, 0x98, 0x11, 0x00, 0x2A, 0x48, 0x18, 0xEF, 0x97, 0x45,
    0x24, 0x30, 0xF5, 0x72, 0xB4, 0x96, 0x27, 0x7A, 0x5B, 0x26, 0xB3, 0xDE, 0x94, 0xC9, 0x6C, 0x87,
    0x5D, 0x1D, 0x49, 0x82, 0x16, 0x72, 0x80, 0xF7, 0x39, 0x02, 0xCD, 0x1C, 0xE5, 0x78, 0xB4, 0xC3,
    0xDD, 0xAF, 0xEB, 0xDD, 0xAF, 0x22, 0xF8, 0x04, 0x70, 0xCF, 0x5E, 0x4B, 0x8A, 0x50, 0x32, 0x4D,
    0x9C, 0x63, 0xFD, 0x7E, 0x53, 0x34, 0xF4, 0x48, 0x07, 0x92, 0xA4, 0x90, 0xAD, 0x0B, 0xD7, 0x39,
    0xC8, 0x92, 0x15, 0x63, 0x26, 0xE5, 0xEC, 0x27, 0xF6, 0xE3, 0x06, 0xF2, 0x81, 0xE0, 0x4C, 0x98,
    0x01, 0xCD, 0xCD, 0xEE, 0xAF, 0xA8, 0xFC, 0xD4, 0x5F, 0x3A, 0xF4, 0x04, 0xFF, 0x8C, 0xB4, 0x02,
    0x47, 0x28, 0x5C, 0x4E, 0x01, 0xE3, 0x90, 0x00, 0x97, 0xFA, 0xE2, 0xDC, 0x32, 0x06, 0x4C, 0x5E,
    0x22, 0x80, 0x1B, 0xA3, 0x09, 0xD9, 0xC1, 0xCE, 0xA0, 0x44, 0xF6, 0x7C, 0x77, 0xFB, 0x7A, 0xAE,
    0xA6, 0x38, 0xD1, 0x28, 0x59, 0x7B, 0x48, 0xF6, 0xCC, 0x50, 0x0A, 0x1A, 0xB4, 0x8C, 0xE3, 0xA7,
    0x58, 0x02, 0x76, 0x3D, 0x21, 0x26, 0xE4, 0x67, 0xE1, 0x5F, 0xA2, 0x8F, 0x67, 0xC4, 0x94, 0x4B,
    0xD7, 0x14, 0x0E, 0x19, 0x50, 0xBD, 0x62, 0xC7, 0xC1, 0xA5, 0x14, 0x5C, 0xBD, 0x23, 0x74, 0x2C,
    0x45, 0x09, 0x05, 0x53, 0x0B, 0x6A, 0xDE, 0x87, 0xA4, 0x70, 0xBF, 0xBA, 0x53, 0x8B, 0x75, 0xE3,
    0x26, 0x62, 0xB7, 0x51, 0x36, 0x6F, 0x4C, 0x1A, 0xA1, 0x2A, 0xA9, 0x07, 0x1A, 0x87, 0x7C, 0x04,
    0xFE, 0xC7, 0xF1, 0xD2, 0x5C, 0xE8, 0xEC, 0x1C, 0x4F, 0x09, 0x4C, 0xD1, 0x87, 0xFF, 0x19, 0x3D,
    0xBA, 0xEC, 0xD6, 0xAC, 0xC9, 0xCF, 0x59, 0x90, 0x8B, 0x58, 0x70, 0xF3, 0xAF, 0xE9, 0xB1, 0x42,
    0xFF, 0xEA, 0x40, 0x41, 0x47, 0xE3, 0xDA, 0x31, 0xC5, 0x5C, 0x0E, 0x82, 0x1C, 0xEE, 0xEC, 0xD1,
    0xE7, 0xC7, 0xA8, 0x68, 0x47, 0x1E, 0xD5, 0x3F, 0xAC, 0xDC, 0x93, 0x0F, 0x9A, 0xE3, 0x73, 0x13,
    0x37, 0x1E, 0xAA, 0xE8, 0x05, 0x02, 0xE9, 0x9F, 0x36, 0x7E, 0x96, 0x9F, 0x19, 0xE1, 0x41, 0xD6,
    0x09, 0x6D, 0xC4, 0x6E, 0x30, 0x13, 0x74, 0xE4, 0xA2, 0x64, 0x27, 0xB3, 0x87, 0x38, 0x0E, 0xB5,
    0x5E, 0xC5, 0xA1, 0xB6, 0x6D, 0xB5, 0xA3, 0x6D, 0x92, 0x5F, 0x7A, 0xBB, 0x61, 0xF8, 0x25, 0x3C,
    0xE7, 0x19, 0x1E, 0xAE, 0x38, 0x60, 0xB2, 0xEC, 0x10, 0x58, 0xFC, 0xC3, 0x90, 0x2C, 0xF9, 0xE2,
    0x2D, 0x8E, 0x58, 0xB9, 0xC8, 0xF9, 0x0E, 0xF0, 0x1C, 0xA4, 0xB2, 0xD7, 0xBF, 0x1F, 0xD1, 0xE2,
    0x77, 0x64, 0x0F, 0x67, 0x03, 0xB0, 0x86, 0x12, 0x83, 0x6C, 0xF5, 0xCC, 0xA7, 0xFB, 0x42, 0xBD,
    0x3F, 0xA9, 0x59, 0x0A, 0x9E, 0xCC, 0x09, 0x22, 0x30, 0xFE, 0x3F, 0xE6, 0x57, 0x86, 0x28, 0x8C,
    0xFF, 0x9F, 0x02, 0xD9, 0x5D, 0x28, 0x1F, 0x2A, 0xC7, 0xB2, 0xD0, 0x58, 0x78, 0x07, 0x1A, 0xA9,
    0xB0, 0x12, 0x6A, 0x8D, 0xC7, 0xB1, 0x7B, 0x7A, 0xF2, 0x62, 0x23, 0xC1, 0x73, 0xB7, 0x53, 0xCC,
    0xFF, 0x2C, 0xF0, 0xA5, 0x86, 0x97, 0x24, 0x10, 0x46, 0xBD, 0x3C, 0x75, 0x4F, 0x87, 0x40, 0x25,
    0x8B, 0x97, 0x2D, 0xA1, 0x4C, 0x2C, 0x68, 0x2D, 0x5E, 0x05, 0x59, 0x20, 0xE9, 0x34, 0x90, 0x81,
    0x7F, 0x7A, 0xD0, 0x27, 0xBE, 0x22, 0xCA, 0x1D, 0x3B, 0xE3, 0x49, 0xC0, 0x3C, 0x60, 0xC4, 0x11,
    0x99, 0xBC, 0xC8, 0x88, 0xBE, 0x09, 0xEC, 0x33, 0xC5, 0xA2, 0x92, 0xC5, 0x84, 0x39, 0x61, 0x03,
    0xF0, 0xDC, 0xB6, 0x2F, 0x50, 0x44, 0x17, 0x33, 0x16, 0x94, 0xC5, 0xD3, 0x87, 0xA1, 0xF2, 0xCE,
    0x0C, 0x92, 0x11, 0xBA, 0x0C, 0xEB, 0x94, 0x3A, 0x78, 0xDC, 0xD1, 0xC1, 0xD2, 0x27, 0x38, 0x60,
    0x2F, 0xC8, 0x80, 0x22, 0xBD, 0xFE, 0x0D, 0x3E, 0x25, 0x28, 0x55, 0x1B, 0x92, 0x9A, 0x28, 0x62,
    0x84, 0xFB, 0x88, 0x0E, 0x89, 0xEC, 0x8D, 0xDF, 0x87, 0xAB, 0x02, 0x4F, 0xBB, 0xFE, 0xEA, 0x64,
    0xB2, 0x48, 0x9A, 0xA4, 0x67, 0xE1, 0x91, 0xCA, 0x01, 0xA4, 0x64, 0x07, 0x39, 0x9B, 0x4C, 0x0A,
    0xB4, 0xBB, 0x80, 0x61, 0x01, 0x51, 0x30, 0x5A, 0x03, 0xFF, 0xCD, 0x0A, 0xD7, 0xD2, 0x7F, 0xB6,
    0xA6, 0x94, 0xD9, 0x72, 0x45, 0xDD, 0x16, 0xB2, 0x04, 0xC8, 0x21, 0xD1, 0xCE, 0xDD, 0x88, 0xAA,
    0xBA, 0x1B, 0xBB, 0x01, 0x1C, 0x53, 0x47, 0x48, 0x88, 0x43, 0x7D, 0xBE, 0x77, 0xA8, 0xBC, 0xFA,
    0x11, 0x04, 0x4A, 0xC0, 0xA2, 0x4E, 0x81, 0x18, 0xB0, 0x90, 0x53, 0xA8, 0x17, 0xEB, 0x60, 0x99,
    0x5D, 0x5F, 0x83, 0x08, 0xEE, 0x0F, 0xDD, 0xDF, 0xB8, 0xFF, 0xEB, 0x80, 0xE3, 0x7A, 0x91, 0xFD,
    0x53, 0x2F, 0x17, 0x01, 0xEA, 0xE0, 0x4E, 0x18, 0xE0, 0x08, 0xE2, 0x14, 0x23, 0x1C, 0x35, 0x96,
    0x6A, 0x6E, 0x10, 0xEC, 0x8C, 0xF9, 0x25, 0x58, 0xD3, 0x09, 0x4C, 0xD8, 0x51, 0x58, 0xC3, 0xCE,
    0xCF, 0xEF, 0x10, 0x96, 0x23, 0x54, 0xFD, 0x0E, 0xC7, 0xCF, 0x07, 0x25, 0x08, 0xD8, 0xE5, 0x80,
    0x0E, 0x92, 0x2A, 0x50, 0xDB, 0x02, 0xFC, 0xAF, 0x26, 0x03, 0x05, 0xE3, 0xBB, 0x0B, 0x82, 0x5F,
    0xD2, 0x15, 0x23, 0xD6, 0x47, 0x56, 0xB9, 0x34, 0x58, 0xC9, 0xA7, 0x0A, 0xD2, 0xEE, 0xE4, 0xFC,
    0x71, 0x06, 0xD9, 0x8F, 0x91, 0x67, 0x9B, 0xD8, 0x59, 0x4A, 0x5F, 0x2F, 0xDC, 0x2F, 0x29, 0x6F,
    0xF8, 0x82, 0xDA, 0x80, 0x03, 0x71, 0x1E, 0x6C, 0xA4, 0x8A, 0xA2, 0xF2, 0x05, 0x44, 0xF2, 0xCE,
    0xB8, 0x27, 0xC0, 0xD9, 0xBF, 0x70, 0x39, 0x80, 0x0B, 0x24, 0xBC, 0x48, 0x0E, 0x12, 0xB3, 0xE4,
    0x47, 0xAC, 0x87, 0xFD, 0xEB, 0xCD, 0x24, 0xE4, 0x6A, 0xC2, 0x02, 0x94, 0xF9, 0xAB, 0xEA, 0x8C,
    0x73, 0xE2, 0xED, 0x3A, 0xEA, 0xC9, 0xA4, 0x7C, 0x6C, 0xED, 0xA8, 0xB5, 0x8C, 0x46, 0x65, 0xB5,
    0xA3, 0xB2, 0xDB, 0x41, 0x73, 0x89, 0x07, 0xCD, 0x3E, 0x1F, 0xA2, 0x72, 0x04, 0x9C, 0x1F, 0x38,
    0x68, 0x66, 0xE0, 0xA0, 0xB9, 0xC4, 0x83, 0x26, 0x1A, 0x0D, 0x22, 0x9C, 0xEA, 0x41, 0xE4, 0x53,
    0x3D, 0xA8, 0xDE, 0x33, 0x8A, 0x5B, 0xC8, 0xF7, 0xA1, 0xD3, 0x53, 0x6C, 0x39, 0xF8, 0x56, 0x4C,
    0x12, 0x7E, 0xCB, 0x67, 0x85, 0x7E, 0x2C, 0x12, 0xDF, 0xCE, 0xD6, 0x42, 0x15, 0xDC, 0xD2, 0xD4,
    0x3C, 0xD2, 0xD8, 0xB9, 0x82, 0xD8, 0x6B, 0x0D, 0x68, 0x17, 0xBB, 0xE7, 0x43, 0xEC, 0x1F, 0xFA,
    0xB1, 0x7F, 0x02, 0x85, 0x3D, 0x90, 0x6E, 0x2F, 0x4D, 0x25, 0xDB, 0x4D, 0x48, 0x31, 0xA7, 0x86,
    0xEC, 0x1E, 0x61, 0x61, 0xD2, 0x21, 0xD8, 0x61, 0xFC, 0x25, 0xA3, 0xBA, 0x34, 0x92, 0xC1, 0x56,
    0xAF, 0x1D, 0x3F, 0xB6, 0xDE, 0x2D, 0xE5, 0x98, 0x98, 0xB3, 0x28, 0x1E, 0xBE, 0x78, 0x09, 0x8E,
    0x87, 0x21, 0xB6, 0x12, 0xAF, 0x97, 0xD3, 0x64, 0x4A, 0x16, 0xE7, 0xC9, 0x5B, 0xCF, 0xDF, 0x77,
    0x52, 0xD4, 0x68, 0x3A, 0xC4, 0xD1, 0x9D, 0x9A, 0x1E, 0xC6, 0x25, 0xF9, 0xE5, 0x24, 0x5C, 0xF9,
    0x8B, 0x24, 0x1C, 0x15, 0xA2, 0x56, 0x88, 0x9E, 0xC8, 0x9A, 0x8B, 0xE6, 0x84, 0x72, 0x88, 0x4A,
    0x50, 0x6E, 0xE3, 0x06, 0x8E, 0x22, 0xB9, 0x21, 0x6E, 0xDE, 0x20, 0x2D, 0x0A, 0xF7, 0xD3, 0xB7,
    0x9E, 0x3F, 0xEF, 0x56, 0xC9, 0x9F, 0x39, 0x73, 0xF2, 0x40, 0x8F, 0x78, 0xD3, 0x4F, 0xBF, 0x0F,
    0x53, 0x16, 0x8E, 0xE6, 0xF4, 0xDD, 0xFC, 0x64, 0x3F, 0xDE, 0xF0, 0x81, 0xCC, 0xE8, 0x10, 0x87,
    0xAB, 0x53, 0x27, 0x7A, 0x26, 0xC1, 0x92, 0x25, 0x83, 0xA2, 0x5B, 0x36, 0xF0, 0x0F, 0x21, 0x2D,
    0xB5, 0x55, 0x97, 0x2B, 0xCC, 0xD3, 0x75, 0xF8, 0x76, 0xD8, 0xA2, 0x1E, 0x77, 0xEC, 0xA9, 0x2B,
    0xC3, 0x4A, 0x2F, 0x9A, 0xAB, 0xC8, 0xEE, 0x3D, 0x42, 0xBC, 0x6E, 0x0B, 0x2C, 0xBD, 0x0E, 0x7A,
    0x69, 0x4C, 0x7B, 0xBC, 0x85, 0xA6, 0x3A, 0x6A, 0xA8, 0xFD, 0xB4, 0x41, 0x9D, 0xB0, 0xBA, 0x7D,
    0x94, 0x22, 0x95, 0x5A, 0x32, 0xFE, 0xCC, 0x54, 0xC8, 0x6B, 0x2B, 0xE4, 0x25, 0xCF, 0x5E, 0xB6,
    0x1D, 0x3D, 0x5E, 0xC5, 0x08, 0xF7, 0x82, 0x85, 0x87, 0x5B, 0x18, 0xB1, 0x2F, 0x82, 0x39, 0xFB,
    0xD5, 0x62, 0x84, 0xD5, 0x3D, 0x50, 0x68, 0xDD, 0xF5, 0x52, 0x5F, 0x85, 0x48, 0xBA, 0x55, 0xA6,
    0x45, 0x27, 0x8A, 0xED, 0x4B, 0x46, 0xBD, 0x3F, 0x8F, 0xA8, 0xF8, 0x0D, 0x9E, 0xF3, 0x53, 0xDC,
    0x96, 0x68, 0xFC, 0x7D, 0xC4, 0xAD, 0x52, 0x39, 0x20, 0xF0, 0x1C, 0x2D, 0xDE, 0xF6, 0x0C, 0x8A,
    0x7A, 0xE3, 0xCA, 0xEF, 0xC6, 0x88, 0xFF, 0x25, 0x37, 0x5C, 0xF9, 0xD9, 0xD6, 0x40, 0xD9, 0x9E,
    0x41, 0xB1, 0xB1, 0x7A, 0xA5, 0x97, 0xB1, 0x75, 0x9B, 0x4A, 0xC6, 0x69, 0xDC, 0x4C, 0x31, 0xDF,
    0xAB, 0xB9, 0xE4, 0xAA, 0xB9, 0x78, 0x0B, 0xE4, 0xCB, 0xDD, 0xD1, 0x75, 0x5E, 0xBC, 0x6E, 0xDF,
    0x16, 0xDF, 0xF6, 0x32, 0xBD, 0x61, 0xFA, 0x17, 0xB7, 0x4C, 0xFF, 0xE1, 0xC6, 0x24, 0x5C, 0xDB,
    0xD4, 0x7B, 0x93, 0x91, 0xDF, 0x98, 0xE3, 0xF2, 0xC6, 0xE4, 0x6C, 0x1F, 0xC7, 0xA3, 0x62, 0x4A,
    0xE9, 0x36, 0xD8, 0x01, 0x7E, 0x65, 0x5F, 0x0F, 0xC7, 0x98, 0xAA, 0xBB, 0x8C, 0xE1, 0x25, 0x96,
    0xAA, 0xB9, 0x00, 0x7E, 0xE8, 0x0F, 0xE4, 0xAD, 0x53, 0x5F, 0x2E, 0x3B, 0x12, 0xE4, 0xB8, 0x8F,
    0x31, 0x5E, 0x8B, 0x7C, 0x8A, 0x4D, 0xDA, 0xFB, 0x22, 0x21, 0xDA, 0x7D, 0xBF, 0xC9, 0x15, 0x45,
    0xAD, 0x31, 0xB3, 0x91, 0xBA, 0x45, 0x63, 0xC4, 0x0F, 0xB6, 0x91, 0xAE, 0x72, 0x13, 0x28, 0xDB,
    0x1C, 0x04, 0x53, 0xC8, 0xF9, 0xD4, 0xF1, 0xC7, 0x39, 0xD8, 0xBB, 0xB5, 0xD7, 0xE5, 0x2C, 0x15,
    0xD9, 0xF6, 0xEC, 0x53, 0xD8, 0xF8, 0x2B, 0x36, 0x4E, 0x22, 0x59, 0xC2, 0x3E, 0x9E, 0xCC, 0xFF,
    0x57, 0xAF, 0x5B, 0x52, 0x71, 0xE7, 0xCD, 0x24, 0xEF, 0x3B, 0xA5, 0x8A, 0xF8, 0x1C, 0x9C, 0x7F,
    0xEC, 0xC8, 0xC4, 0xC1, 0x49, 0xE6, 0x78, 0x1C, 0xC1, 0x91, 0xA3, 0xBA, 0x88, 0xCC, 0x95, 0x3F,
    0xE2, 0xF9, 0x59, 0x59, 0x32, 0x83, 0x73, 0x75, 0x48, 0xDD, 0xE7, 0xA1, 0x91, 0xA7, 0x83, 0xD7,
    0xB3, 0xDB, 0x35, 0x1C, 0xCE, 0xEE, 0x17, 0x32, 0x0F, 0x87, 0xAE, 0x9F, 0xEB, 0x9E, 0xAA, 0x1D,
    0x95, 0x27, 0x60, 0x9F, 0xCF, 0x80, 0x60, 0x35, 0xBF, 0xF1, 0x81, 0x7F, 0xCA, 0xDF, 0x01,
};

static const EpdGlyph caveat_42_regularGlyphs[] = {
    { 0, 0, 339, 0, 0, 0, 0 }, // U+0020
    { 30, 64, 294, 5, 64, 480, 0 }, // !
    { 22, 20, 332, 15, 58, 110, 480 }, // "
    { 55, 80, 783, 6, 67, 1100, 590 }, // #
    { 46, 78, 630, 4, 66, 897, 1690 }, // $
    { 53, 62, 840, 8, 53, 822, 2587 }, // %
    { 52, 64, 790, 6, 57, 832, 3409 }, // &
    { 12, 20, 164, 14, 58, 60, 4241 }, // '
    { 36, 80, 462, 12, 68, 720, 4301 }, // (
    { 31, 75, 462, 2, 64, 582, 5021 }, // )
    { 30, 31, 508, 16, 66, 233, 5603 }, // *
    { 33, 34, 624, 9, 35, 281, 5836 }, // +
    { 13, 18, 277, 2, 11, 59, 6117 }, // ,
    { 23, 7, 456, 9, 22, 41, 6176 }, // -
    { 12, 10, 277, 6, 13, 30, 6217 }, // .
    { 42, 72, 462, 2, 63, 756, 6247 }, // /
    { 33, 46, 630, 12, 47, 380, 7003 }, // 0
    { 30, 51, 630, 14, 49, 383, 7383 }, // 1
    { 36, 46, 630, 10, 47, 414, 7766 }, // 2
    { 33, 47, 630, 12, 48, 388, 8180 }, // 3
    { 32, 51, 630, 15, 50, 408, 8568 }, // 4
    { 32, 49, 630, 11, 49, 392, 8976 }, // 5
    { 32, 47, 630, 10, 48, 376, 9368 }, // 6
    { 29, 52, 630, 15, 50, 377, 9744 }, // 7
    { 37, 53, 630, 10, 49, 491, 10121 }, // 8
    { 28, 54, 630, 18, 51, 378, 10612 }, // 9
    { 17, 28, 277, 7, 31, 119, 10990 }, // :
    { 21, 38, 277, 3, 31, 200, 11109 }, // ;
    { 31, 32, 624, 10, 36, 248, 11309 }, // <
    { 34, 19, 624, 8, 30, 162, 11557 }, // =
    { 30, 32, 624, 12, 35, 240, 11719 }, // >
    { 35, 64, 524, 12, 64, 560, 11959 }, // ?
    { 53, 55, 900, 8, 44, 729, 12519 }, // @
    { 44, 64, 703, 4, 60, 704, 13248 }, // A
    { 44, 66, 728, 7, 59, 726, 13952 }, // B
    { 40, 66, 661, 9, 60, 660, 14678 }, // C
    { 51, 71, 809, 6, 62, 906, 15338 }, // D
    { 49, 61, 741, 7, 58, 748, 16244 }, // E
    { 50, 60, 636, 7, 57, 750, 16992 }, // F
    { 42, 65, 682, 9, 60, 683, 17742 }, // G
    { 57, 70, 788, 6, 62, 998, 18425 }, // H
    { 49, 61, 560, 4, 57, 748, 19423 }, // I
    { 43, 78, 428, -4, 61, 839, 20171 }, // J
    { 53, 64, 697, 7, 59, 848, 21010 }, // K
    { 32, 65, 596, 8, 61, 520, 21858 }, // L
    { 68, 64, 1008, 2, 59, 1088, 22378 }, // M
    { 58, 72, 839, 7, 64, 1044, 23466 }, // N
    { 43, 63, 694, 9, 59, 678, 24510 }, // O
    { 45, 64, 650, 7, 59, 720, 25188 }, // P
    { 43, 70, 703, 9, 58, 753, 25908 }, // Q
    { 50, 66, 752, 6, 59, 825, 26661 }, // R
    { 48, 66, 680, 11, 61, 792, 27486 }, // S
    { 43, 60, 641, 14, 56, 645, 28278 }, // T
    { 47, 65, 675, 10, 60, 764, 28923 }, // U
    { 42, 66, 686, 16, 60, 693, 29687 }, // V
    { 65, 61, 1008, 12, 56, 992, 30380 }, // W
    { 55, 63, 734, 4, 58, 867, 31372 }, // X
    { 41, 67, 706, 19, 60, 687, 32239 }, // Y
    { 53, 63, 731, 5, 59, 835, 32926 }, // Z
    { 52, 79, 462, 4, 66, 1027, 33761 }, // [
    { 19, 74, 462, 14, 64, 352, 34788 }, // <backslash>
    { 47, 75, 462, -5, 65, 882, 35140 }, // ]
    { 28, 24, 624, 11, 49, 168, 36022 }, // ^
    { 34, 6, 624, 3, 5, 51, 36190 }, // _
    { 11, 16, 494, 22, 53, 44, 36241 }, // `
    { 37, 33, 612, 7, 34, 306, 36285 }, // a
    { 33, 57, 609, 10, 58, 471, 36591 }, // b
    { 27, 35, 497, 8, 35, 237, 37062 }, // c
    { 39, 59, 550, 8, 57, 576, 37299 }, // d
    { 25, 34, 455, 9, 34, 213, 37875 }, // e
    { 36, 69, 407, 6, 59, 621, 38088 }, // f
    { 30, 53, 497, 5, 35, 398, 38709 }, // g
    { 36, 54, 650, 8, 58, 486, 39107 }, // h
    { 18, 47, 262, 8, 48, 212, 39593 }, // i
    { 33, 70, 286, -7, 51, 578, 39805 }, // j
    { 32, 60, 511, 6, 59, 480, 40383 }, // k
    { 23, 59, 237, 7, 58, 340, 40863 }, // l
    { 49, 31, 784, 7, 34, 380, 41203 }, // m
    { 33, 29, 630, 9, 33, 240, 41583 }, // n
    { 27, 32, 494, 8, 33, 216, 41823 }, // o
    { 34, 58, 529, 3, 38, 493, 42039 }, // p
    { 29, 54, 528, 8, 34, 392, 42532 }, // q
    { 31, 34, 504, 9, 35, 264, 42924 }, // r
    { 29, 39, 477, 9, 38, 283, 43188 }, // s
    { 27, 49, 463, 10, 49, 331, 43471 }, // t
    { 28, 34, 518, 9, 33, 238, 43802 }, // u
    { 27, 27, 463, 9, 31, 183, 44040 }, // v
    { 40, 30, 724, 11, 33, 300, 44223 }, // w
    { 32, 32, 480, 4, 32, 256, 44523 }, // x
    { 41, 54, 477, -5, 35, 554, 44779 }, // y
    { 34, 31, 441, 2, 32, 264, 45333 }, // z
    { 35, 78, 462, 12, 66, 683, 45597 }, // {
    { 30, 80, 462, 9, 67, 600, 46280 }, // |
    { 31, 75, 462, 6, 65, 582, 46880 }, // }
    { 35, 11, 624, 8, 28, 97, 47462 }, // ~
};

static const EpdUnicodeInterval caveat_42_regularIntervals[] = {
    { 0x20, 0x7E, 0x0 },
};

static const EpdFontGroup caveat_42_regularGroups[] = {
    { 0, 14175, 49364, 95, 0 },
};

static const EpdKernClassEntry caveat_42_regularKernLeftClasses[] = {
    { 0x0041, 1 }, // A
    { 0x0042, 2 }, // B
    { 0x0043, 3 }, // C
    { 0x0044, 4 }, // D
    { 0x0045, 5 }, // E
    { 0x0046, 6 }, // F
    { 0x0047, 7 }, // G
    { 0x0048, 8 }, // H
    { 0x0049, 9 }, // I
    { 0x004A, 10 }, // J
    { 0x004B, 11 }, // K
    { 0x004C, 12 }, // L
    { 0x004D, 13 }, // M
    { 0x004E, 14 }, // N
    { 0x004F, 15 }, // O
    { 0x0050, 16 }, // P
    { 0x0051, 17 }, // Q
    { 0x0052, 18 }, // R
    { 0x0053, 19 }, // S
    { 0x0054, 20 }, // T
    { 0x0055, 21 }, // U
    { 0x0056, 22 }, // V
    { 0x0057, 23 }, // W
    { 0x0058, 24 }, // X
    { 0x0059, 25 }, // Y
    { 0x005A, 26 }, // Z
    { 0x0061, 27 }, // a
    { 0x0062, 28 }, // b
    { 0x0063, 29 }, // c
    { 0x0064, 30 }, // d
    { 0x0065, 31 }, // e
    { 0x0066, 32 }, // f
    { 0x0067, 33 }, // g
    { 0x0068, 34 }, // h
    { 0x0069, 35 }, // i
    { 0x006A, 36 }, // j
    { 0x006B, 37 }, // k
    { 0x006C, 38 }, // l
    { 0x006D, 39 }, // m
    { 0x006E, 40 }, // n
    { 0x006F, 41 }, // o
    { 0x0070, 42 }, // p
    { 0x0071, 43 }, // q
    { 0x0072, 44 }, // r
    { 0x0073, 45 }, // s
    { 0x0074, 46 }, // t
    { 0x0075, 47 }, // u
    { 0x0076, 48 }, // v
    { 0x0077, 49 }, // w
    { 0x0078, 50 }, // x
    { 0x0079, 51 }, // y
    { 0x007A, 52 }, // z
};

static const EpdKernClassEntry caveat_42_regularKernRightClasses[] = {
    { 0x0041, 1 }, // A
    { 0x0042, 2 }, // B
    { 0x0043, 3 }, // C
    { 0x0044, 4 }, // D
    { 0x0045, 5 }, // E
    { 0x0046, 6 }, // F
    { 0x0047, 7 }, // G
    { 0x0048, 8 }, // H
    { 0x0049, 9 }, // I
    { 0x004A, 10 }, // J
    { 0x004B, 11 }, // K
    { 0x004C, 12 }, // L
    { 0x004D, 13 }, // M
    { 0x004E, 14 }, // N
    { 0x004F, 15 }, // O
    { 0x0050, 16 }, // P
    { 0x0051, 17 }, // Q
    { 0x0052, 18 }, // R
    { 0x0053, 19 }, // S
    { 0x0054, 20 }, // T
    { 0x0055, 21 }, // U
    { 0x0056, 22 }, // V
    { 0x0057, 23 }, // W
    { 0x0058, 24 }, // X
    { 0x0059, 25 }, // Y
    { 0x005A, 26 }, // Z
    { 0x0061, 27 }, // a
    { 0x0062, 28 }, // b
    { 0x0063, 29 }, // c
    { 0x0064, 30 }, // d
    { 0x0065, 31 }, // e
    { 0x0066, 32 }, // f
    { 0x0067, 33 }, // g
    { 0x0068, 34 }, // h
    { 0x0069, 35 }, // i
    { 0x006A, 36 }, // j
    { 0x006B, 37 }, // k
    { 0x006C, 38 }, // l
    { 0x006D, 39 }, // m
    { 0x006E, 40 }, // n
    { 0x006F, 41 }, // o
    { 0x0070, 42 }, // p
    { 0x0071, 43 }, // q
    { 0x0072, 44 }, // r
    { 0x0073, 45 }, // s
    { 0x0074, 46 }, // t
    { 0x0075, 47 }, // u
    { 0x0076, 48 }, // v
    { 0x0077, 49 }, // w
    { 0x0078, 50 }, // x
    { 0x0079, 51 }, // y
    { 0x007A, 52 }, // z
};

static const int8_t caveat_42_regularKernMatrix[] = {
       0,    0,  -28,    0,  -14,    0,  -14,  -14,   14,   14,    0,  -14,   14,    0,  -28,  -14,  -28,    0,  -49,  -70,  -28,  -56,  -28,  -14,  -91,  -14,    0,    0,    0,    0,    0,    0,    0,    0,    0,   14,    0,    0,    0,  -14,    0,    0,  -14,  -14,  -14,    0,  -14,   -7,    0,   14,  -14,   28,
       0,    0,  -28,    0,    0,  -28,    0,    0,  -14,  -14,    0,    0,    0,    0,    0,  -14,    0,  -14,  -28,  -56,  -28,  -70,  -70,  -56,  -91,  -42,    0,    0,    0,    0,    0,   14,   14,    0,   14,   14,   14,   14,   14,    0,    0,    0,    0,    0,    0,    0,    0,    0,    0,   14,    0,   56,
     -28,    0,  -14,    0,  -14,    0,  -14,    0,    0,  -14,  -14,    0,    0,    0,  -14,  -14,  -28,    0,  -14,  -28,  -14,  -28,  -28,  -42,  -49,  -56,    0,    0,   -7,  -14,    0,    0,    0,    0,    0,   14,    0,    7,    0,   -7,    0,    0,    0,    0,  -14,   14,  -14,  -28,  -14,   28,    0,   28,
     -14,    0,    0,    0,    0,  -14,    0,    0,  -14,  -14,    0,    0,   -7,    0,    0,    0,    0,    0,    0,  -56,    0,  -42,  -14,  -70,  -70,  -42,    0,   14,   14,    0,   14,   28,   14,   14,   21,    7,   14,   14,   28,    0,   14,   14,   14,   14,   14,   28,    0,   42,   28,   28,   14,   42,
       0,    0,  -14,  -14,    0,    0,  -14,    0,    0,  -14,    0,    0,    0,    0,  -14,    0,  -28,    0,  -56,  -14,  -28,  -35,  -42,  -56,  -70,  -28,    0,    0,    0,    0,    0,    0,    0,    0,    0,    0,    0,    0,    0,    0,    0,    0,    0,    0,    0,    0,    0,  -14,  -14,   14,  -14,   28,
     -56,    0,  -14,   28,    0,   28,    0,    0,   14,   28,    0,   14,  -14,   14,   14,  -14,   14,    0,   14,  -42,    0,   14,   14,    0,   14,  -14,  -42,    0,  -28,  -28,  -21,   14,  -14,   28,   14,   14,   14,   28,    0,  -28,  -28,  -14,  -14,  -14,    0,   14,  -14,   14,    0,    0,    0,   14,
     -14,    0,    0,    0,    0,    0,    0,    0,  -14,  -14,    0,    0,  -14,   14,    0,  -28,    0,    0,  -14,    0,  -14,  -14,  -28,  -56,  -56,  -28,    0,    0,    0,    0,    0,   14,    0,   14,   14,   14,   14,   14,   14,    0,    0,    0,    0,    0,    0,   14,    0,   14,    0,   14,    0,   14,
       0,    0,    0,    0,    0,    0,    0,    0,    0,    0,    0,    0,    0,    0,    0,    0,    0,    0,    0,    0,    0,    0,    0,    0,    0,    0,    0,   14,    0,    0,    0,   14,    0,   14,   14,   28,   14,   14,   14,    0,    0,    0,    0,    0,    0,   28,    0,   14,    0,   28,   14,   28,
      14,    0,    0,   42,    0,   56,    0,    0,   42,   56,   14,   14,   42,   28,    0,    0,    0,   14,    0,    0,   14,   42,   28,   14,   42,   28,  -14,   14,  -14,  -14,  -14,   28,  -14,   42,   28,   42,   28,   28,    0,  -14,  -14,   14,  -28,  -14,  -14,   14,  -14,  -28,  -35,   14,  -14,   28,
       0,    0,    0,    0,    0,    0,    0,    0,  -14,   14,    0,    0,    0,    0,  -14,  -14,  -14,  -14,    0,   14,  -14,    0,    0,  -35,  -28,  -28,  -14,   14,  -14,  -14,  -14,   14,    0,   14,   14,   28,   14,   28,    0,  -14,  -14,   14,  -14,    0,    0,   28,  -28,    0,    0,    0,    0,   14,
       0,    0,  -14,   14,    0,   28,  -14,    0,    0,   28,    0,    0,   28,    0,  -14,    0,    0,    0,    0,  -14,    0,    0,    0,  -14,    0,    0,  -56,    0,  -56,  -56,  -56,   14,  -56,   14,   14,   56,   14,   14,    0,  -56,  -70,   14,  -70,    0,  -56,   14,  -84,  -42,  -56,  -14,  -42,    0,
       0,    0,  -28,    0,  -28,    0,  -28,    0,  -56,    0,    0,  -28,    0,    0,  -35,    0,  -42,    0,  -91,  -98,  -63,  -98,  -56,    0, -126,  -14,    0,  -14,    0,    0,    0,   14,  -14,  -14,   14,   28,   14,   14,    0,  -28,    0,   14,  -56,    0,  -14,  -14,  -56,  -84,  -56,   14,  -28,   42,
       0,    0,    0,    0,    0,    0,    0,    0,    0,   14,    0,    0,    0,    0,    0,  -14,  -14,    0,  -28,  -42,  -28,  -28,  -42,  -14,  -70,  -14,    0,   14,    0,    0,    0,   14,    0,   14,   14,    0,   14,   14,    0,    0,    0,   14,  -14,    0,    0,   28,  -14,   14,    0,   14,  -14,   14,
       0,    0,    0,    0,    0,    0,    0,    0,    0,    0,    0,    0,    0,    0,    0,    0,    0,    0,    0,    0,    0,    0,  -14,  -28,  -28,  -14,    0,   14,    0,    0,   14,   14,   14,   14,   28,   28,   28,   28,   14,    0,    0,    0,   14,    0,    0,   28,    0,   42,    0,   42,   14,   56,
     -14,    0,    0,  -14,    0,    0,    0,    0,  -14,    0,    0,   14,    0,    0,    0,    0,   14,    0,    0,  -14,    0,  -14,  -14,  -56,  -56,  -28,    0,    0,    0,    0,    0,   28,   28,   14,   28,   28,   14,   28,   28,    0,   14,   14,   14,    0,   14,   28,    0,   42,   14,   42,   28,   42,
     -56,    0,    0,  -14,    0,    0,    0,    0,  -14,  -14,    0,    0,  -42,  -14,    0,    0,    0,    0,   14,    0,    0,    0,    0,  -49,  -28,  -70,  -56,    0,  -42,  -56,  -28,   14,  -14,   14,   14,   28,   14,   14,   14,  -14,  -42,    0,  -42,    0,  -28,   28,  -42,   14,    0,   14,    0,   14,
       0,    0,    0,    0,    0,    0,    0,    0,    0,  112,    0,    0,    0,    0,    0,    0,    0,    0,    0,  -14,    0,  -14,  -14,  -28,  -42,  -14,    0,   14,    0,    0,    0,   28,   28,   14,   28,  126,   14,   28,   28,    0,    0,   28,    0,    0,    0,   42,    0,   28,    0,   28,   70,   56,
     -35,  -14,  -28,   14,  -28,   14,  -14,    0,  -14,   42,    0,  -14,  -28,   14,  -14,    0,  -14,    0,    0,  -14,  -28,  -14,  -14,  -28,  -42,  -63,  -14,    0,  -14,  -14,  -14,   28,  -14,    0,    0,   42,    0,    0,    0,  -14,  -14,   28,  -42,  -14,  -14,   14,  -42,    0,  -14,   14,   14,   28,
       0,    0,    0,   28,  -14,   42,    0,    0,   14,   42,    0,   28,    0,   14,   14,    0,    0,    0,    0,    0,    0,   28,   14,    0,   14,  -14,  -14,   14,  -28,  -35,  -28,   28,  -28,   28,   28,   42,   14,   28,    0,  -28,  -14,    0,  -28,  -14,  -14,   28,  -28,  -70,  -42,   14,  -21,   28,
     -70,    0,  -14,   14,  -14,   42,  -14,    0,   14,    0,    0,    0,  -42,    0,    0,    0,    0,    0,    0,  -42,    0,   14,    0,  -14,    0,  -14, -126,    0, -112, -128, -126,   28, -112,   28,    0,   28,   14,   28,  -70, -126, -126, -112, -128, -112, -112,   14, -126,  -98, -128,  -84,  -70,  -56,
       0,    0,    0,    0,   14,   14,    0,    0,    0,    0,    0,    0,    0,    0,    0,    0,   42,   14,    0,   28,   14,   14,    0,  -14,  -14,  -14,    0,   28,    0,    0,    0,   42,   14,   42,   42,   56,   28,   42,   42,    0,    0,   14,    0,   14,   14,   70,   14,   70,   14,   42,   14,   42,
     -77,    0,  -28,    0,  -28,   14,  -14,    0,    0,    0,    0,    0,  -42,  -14,  -14,  -28,  -14,    0,    0,   28,  -14,    0,    0,  -28,  -14,  -28,  -70,    0,  -42,  -42,  -42,    0,  -42,    0,    0,    0,    0,    0,  -14,  -42,  -42,  -28,  -42,  -28,  -42,    0,  -42,    0,  -42,    0,    0,    0,
     -28,    0,    0,   28,    0,   28,    0,    0,   14,   28,    0,   14,  -14,    0,    0,    0,    0,    0,   14,   42,    0,   14,    0,  -14,   14,  -14,    0,   28,    0,  -14,   14,   42,    0,   42,   42,   56,   28,   56,   14,    0,    0,    0,    0,    0,    0,   56,    0,   42,    0,   28,   28,   42,
     -35,    0,  -28,    0,  -14,    0,  -28,    0,  -14,    0,    0,    0,  -35,  -14,  -28,  -14,  -35,    0,  -28,    0,  -28,    0,    0,  -42,  -28,    0,    0,    0,    0,    0,  -14,   14,  -14,    0,   14,   42,   14,   28,   14,    0,  -14,   14,  -56,    0,    0,    0,  -42,  -28,  -42,   14,  -28,   42,
     -77,    0,  -42,   14,  -42,   28,  -42,  -14,   14,   14,    0,    0,  -49,    0,  -28,  -14,  -14,  -14,  -14,  -21,    0,    0,    0,  -42,  -14,  -56,  -98,    0,  -84,  -84,  -84,    0,  -84,    0,    0,    0,    0,    0,  -42,  -84,  -84,  -70,  -84,  -84,  -84,    0,  -84,  -28,  -70,  -70,  -56,  -42,
     -28,  -14,  -28,  -14,  -28,    0,  -28,    0,    0,    0,    0,  -14,    0,    0,  -42,  -14,  -14,  -14,  -28,    0,  -14,    0,  -14,  -14,  -28,  -14,  -28,  -14,  -14,  -42,  -56,    0,  -56,    0,    0,   14,   14,    0,  -14,  -70,  -42,  -14,  -70,  -56,  -42,  -14,  -42,  -28,  -56,  -14,  -42,   14,
       0,    0,    0,    0,    0,    0,    0,    0,    0,    0,    0,    0,    0,    0,    0,    0,    0,    0,    0,    0,    0,    0,    0,    0,    0,    0,    0,    0,    0,    0,    0,    0,    0,    0,    0,    0,    0,    0,    0,    0,    0,    0,    0,    0,    0,    0,    0,  -28,  -14,    0,  -28,    0,
       0,    0,    0,    0,    0,    0,    0,    0,    0,    0,    0,    0,    0,    0,    0,    0,    0,    0,    0,    0,    0,    0,    0,    0,    0,    0,  -14,    0,  -14,  -14,    0,    0,    0,   -7,    0,   -7,    0,    0,    0,    0,    0,    0,    0,    0,    0,    0,  -14,    0,    0,  -14,  -14,    0,
       0,    0,    0,    0,    0,    0,    0,    0,    0,    0,    0,    0,    0,    0,    0,    0,    0,    0,    0,    0,    0,    0,    0,    0,    0,    0,    0,    0,    0,    0,    0,    0,    0,    0,    0,    0,    0,   14,    0,    0,    0,    0,    0,    0,    0,    0,    0,    0,  -14,    0,   -7,    0,
       0,    0,    0,    0,    0,    0,    0,    0,    0,    0,    0,    0,    0,    0,    0,    0,    0,    0,    0,    0,    0,    0,    0,    0,    0,    0,    0,    0,    0,    0,    0,    0,    0,    0,    0,    0,    0,    0,    0,  -14,    0,    0,    0,    0,    0,   14,  -14,    0,    0,    0,    0,    0,
       0,    0,    0,    0,    0,    0,    0,    0,    0,    0,    0,    0,    0,    0,    0,    0,    0,    0,    0,    0,    0,    0,    0,    0,    0,    0,    0,    0,    0,    0,    0,    0,    0,    0,    0,    0,    0,   14,    0,    0,    0,    0,    0,    0,    0,    0,    0,    0,    0,    0,    0,    0,
       0,    0,    0,    0,    0,    0,    0,    0,    0,    0,    0,    0,    0,    0,    0,    0,    0,    0,    0,    0,    0,    0,    0,    0,    0,    0,  -14,    0,    0,    0,    0,   14,    0,   14,   14,   14,    0,   28,   14,    0,    0,    0,    0,    0,    0,   56,    0,   14,    0,    0,   14,    0,
       0,    0,    0,    0,    0,    0,    0,    0,    0,    0,    0,    0,    0,    0,    0,    0,    0,    0,    0,    0,    0,    0,    0,    0,    0,    0,    0,    0,    0,    0,    0,    0,    0,    0,   14,    0,    0,    0,    0,    0,    0,    0,    0,    0,    0,    0,    0,    0,    0,    0,   14,    0,
       0,    0,    0,    0,    0,    0,    0,    0,    0,    0,    0,    0,    0,    0,    0,    0,    0,    0,    0,    0,    0,    0,    0,    0,    0,    0,    0,    0,    0,    0,    0,  -14,  -28,    0,    0,    0,    0,    0,    0,    0,    0,    0,  -14,    0,  -14,    0,    0,  -42,  -21,    0,  -42,    0,
       0,    0,    0,    0,    0,    0,    0,    0,    0,    0,    0,    0,    0,    0,    0,    0,    0,    0,    0,    0,    0,    0,    0,    0,    0,    0,    0,    0,    0,    0,    0,   14,    0,    0,    0,    0,    0,    0,    0,    0,    0,    0,    0,    0,    0,    0,    0,   14,    0,    0,    0,    0,
       0,    0,    0,    0,    0,    0,    0,    0,    0,    0,    0,    0,    0,    0,    0,    0,    0,    0,    0,    0,    0,    0,    0,    0,    0,    0,    0,    0,    0,    0,    0,    0,    0,    0,    0,    0,    0,    0,    0,    0,    0,    0,    0,    0,    0,   14,  -14,    0,    0,   14,   14,   14,
       0,    0,    0,    0,    0,    0,    0,    0,    0,    0,    0,    0,    0,    0,    0,    0,    0,    0,    0,    0,    0,    0,    0,    0,    0,    0,    0,    0,   28,    0,   14,   28,    0,   14,   14,    0,   28,   28,   14,    0,   14,    0,    0,   14,    0,   14,   14,   14,    0,    0,  -14,   14,
       0,    0,    0,    0,    0,    0,    0,    0,    0,    0,    0,    0,    0,    0,    0,    0,    0,    0,    0,    0,    0,    0,    0,    0,    0,    0,    0,    0,    0,    0,    0,    0,    0,    0,    0,    0,    0,   14,    0,    0,    0,    0,    0,    0,    0,   14,    0,    0,    0,    0,    0,   28,
       0,    0,    0,    0,    0,    0,    0,    0,    0,    0,    0,    0,    0,    0,    0,    0,    0,    0,    0,    0,    0,    0,    0,    0,    0,    0,    0,    0,    0,   14,    0,    0,    0,    0,    0,    0,    0,    0,    0,    0,   28,    0,    0,    0,    0,    0,    0,  -21,  -14,    0,  -14,    0,
       0,    0,    0,    0,    0,    0,    0,    0,    0,    0,    0,    0,    0,    0,    0,    0,    0,    0,    0,    0,    0,    0,    0,    0,    0,    0,    0,  -21,    0,    0,    0,    0,    0,    0,    0,    0,    0,    0,    0,    0,    0,    0,    0,    0,   -7,  -14,  -14,  -28,  -28,    0,  -28,    0,
       0,    0,    0,    0,    0,    0,    0,    0,    0,    0,    0,    0,    0,    0,    0,    0,    0,    0,    0,    0,    0,    0,    0,    0,    0,    0,    0,    0,    0,    0,    0,    0,    0,    0,    0,   -7,    0,    0,    0,    0,    0,    0,    0,    0,    0,    0,  -14,    7,  -14,    0,  -14,    0,
       0,    0,    0,    0,    0,    0,    0,    0,    0,    0,    0,    0,    0,    0,    0,    0,    0,    0,    0,    0,    0,    0,    0,    0,    0,    0,    0,    0,    0,    0,    0,    0,    0,    0,    0,    0,    0,    0,    0,  -14,    0,    0,    0,    0,    0,    0,  -14,    0,    0,    0,  -14,    0,
       0,    0,    0,    0,    0,    0,    0,    0,    0,    0,    0,    0,    0,    0,    0,    0,    0,    0,    0,    0,    0,    0,    0,    0,    0,    0,    0,    0,    0,    0,    0,    0,    0,  -14,    0,   14,    0,    0,    0,  -14,  -14,    0,    0,    0,    0,    0,  -14,    0,    0,    0,    0,    0,
       0,    0,    0,    0,    0,    0,    0,    0,    0,    0,    0,    0,    0,    0,    0,    0,    0,    0,    0,    0,    0,    0,    0,    0,    0,    0,   -7,    0,    0,    0,    0,    0,    0,    0,    7,    0,    0,    0,    0,    0,    0,    0,    0,    0,    0,    0,    0,   28,    0,    0,    0,    0,
       0,    0,    0,    0,    0,    0,    0,    0,    0,    0,    0,    0,    0,    0,    0,    0,    0,    0,    0,    0,    0,    0,    0,    0,    0,    0,    0,    0,    0,    0,    0,   14,    0,    0,    0,    0,    0,    0,    0,    0,    0,    0,    0,    0,    0,   14,    0,   28,    0,   21,    0,   28,
       0,    0,    0,    0,    0,    0,    0,    0,    0,    0,    0,    0,    0,    0,    0,    0,    0,    0,    0,    0,    0,    0,    0,    0,    0,    0,    0,    0,    0,    0,    0,    0,    0,    0,    7,    0,    0,    0,    0,    0,    0,    0,    0,    0,    0,    0,    0,   14,    0,   28,    0,   42,
       0,    0,    0,    0,    0,    0,    0,    0,    0,    0,    0,    0,    0,    0,    0,    0,    0,    0,    0,    0,    0,    0,    0,    0,    0,    0,    0,  -14,    0,    0,    0,   14,    0,    0,   14,    0,   14,   14,    0,    0,    0,    0,    0,    0,    0,    0,    0,    0,    0,   14,    0,   42,
       0,    0,    0,    0,    0,    0,    0,    0,    0,    0,    0,    0,    0,    0,    0,    0,    0,    0,    0,    0,    0,    0,    0,    0,    0,    0,  -14,    0,    0,    0,    0,   14,    0,    0,   14,    0,    0,    0,    0,    0,    0,    0,    0,    0,    0,   14,    0,   28,    0,   28,   14,   14,
       0,    0,    0,    0,    0,    0,    0,    0,    0,    0,    0,    0,    0,    0,    0,    0,    0,    0,    0,    0,    0,    0,    0,    0,    0,    0,    0,    0,    0,    0,    0,    0,    0,    0,   14,    0,    0,    0,    0,    0,    0,    0,    0,    0,    0,    0,    0,    0,    0,   14,    0,    0,
       0,    0,    0,    0,    0,    0,    0,    0,    0,    0,    0,    0,    0,    0,    0,    0,    0,    0,    0,    0,    0,    0,    0,    0,    0,    0,    0,    0,    0,    0,    0,   14,    0,    0,   14,    0,   14,   14,    0,  -14,    0,   14,  -14,    0,    0,    0,   -7,   14,    0,   21,  -14,   14,
       0,    0,    0,    0,    0,    0,    0,    0,    0,    0,    0,    0,    0,    0,    0,    0,    0,    0,    0,    0,    0,    0,    0,    0,    0,    0,  -14,    0,    0,  -14,   14,    0,    0,    0,    0,    0,    0,    0,    0,  -14,    0,    0,    0,    0,    0,   14,  -14,   14,    0,   14,    0,    0,
       0,    0,    0,    0,    0,    0,    0,    0,    0,    0,    0,    0,    0,    0,    0,    0,    0,    0,    0,    0,    0,    0,    0,    0,    0,    0,    0,    0,    0,    0,    0,   14,    0,    0,   14,    0,    0,    0,    0,    0,    0,    0,    0,    0,    0,   14,    0,   14,    0,   14,    0,   28,
};

static constexpr EpdFontData caveat_42_regular = {
    caveat_42_regularBitmaps,
    caveat_42_regularGlyphs,
    caveat_42_regularIntervals,
    1,
    110,
    84,
    -27,
    true,
    caveat_42_regularGroups,
    1,
    nullptr,
    caveat_42_regularKernLeftClasses,
    caveat_42_regularKernRightClasses,
    caveat_42_regularKernMatrix,
    52,
    52,
    52,
    52,
    nullptr,
    0,
};
