/**
 * generated by fontconvert.py
 * name: lexenddeca_14_bolditalic
 * size: 14
 * mode: 2-bit  compressed: true
 * Command used: fontconvert.py lexenddeca_14_bolditalic 14 ../builtinFonts/source/LexendDeca/LexendDeca-BoldItalic.ttf ../builtinFonts/source/NotoEmoji/NotoEmoji-Regular.ttf ../builtinFonts/source/NotoSymbols/NotoSansSymbols-Regular.ttf --exact-intervals --additional-intervals 0x0020,0x007E --additional-intervals 0x00A0,0x00FF --additional-intervals 0x2000,0x206F --additional-intervals 0x20A0,0x20CF --additional-intervals 0x2190,0x21FF --additional-intervals 0xFB00,0xFB06 --additional-intervals 0xFFFD,0xFFFD --additional-intervals 0x2669,0x266F --additional-intervals 0x2764,0x2764 --additional-intervals 0x1F600,0x1F600 --additional-intervals 0x1F44D,0x1F44D --font-include-intervals 1:0x2764,0x2764 --font-include-intervals 1:0x1F600,0x1F600 --font-include-intervals 1:0x1F44D,0x1F44D --font-include-intervals 2:0x2669,0x266F --2bit --compress --pnum --darken-aa
 */
#pragma once
#include "EpdFontData.h"

static const uint8_t lexenddeca_14_bolditalicBitmaps[9258] = {
    0x95, 0x5A, 0xBD, 0xCE, 0xEC, 0x56, 0x15, 0x3D, 0x1E, 0xA3, 0x6B, 0xC0, 0x48, 0xAE, 0x52, 0x21,
    0x70, 0x6A, 0x84, 0xE4, 0xF6, 0x36, 0xD1, 0x71, 0x42, 0x99, 0x82, 0x26, 0x4F, 0x41, 0x41, 0x28,
    0x28, 0x41, 0x36, 0x04, 0x89, 0x22, 0x45, 0xE0, 0x0D, 0x28, 0x51, 0x1A, 0x5E, 0xE0, 0x26, 0x76,
    0x48, 0x41, 0x91, 0x22, 0x96, 0x28, 0x52, 0xD0, 0x18, 0xB8, 0x5D, 0x8A, 0x6B, 0x88, 0x45, 0x1C,
    0x62, 0xFB, 0xB0, 0xD6, 0xDA, 0xC7, 0x9E, 0x99, 0xFB, 0x83, 0x92, 0x2F, 0xDF, 0x9C, 0xF9, 0xEE,
    0x8C, 0x7D, 0xCE, 0xFE, 0x5D, 0x7B, 0xED, 0xED, 0xB8, 0xD0, 0xBB, 0xD0, 0x27, 0xA1, 0xBD, 0x84,
    0x3A, 0x0D, 0x8E, 0xBF, 0xBB, 0x4B, 0x37, 0x97, 0xAE, 0x2E, 0xC3, 0xEF, 0xEC, 0xF2, 0x89, 0xBF,
    0x49, 0xED, 0xF0, 0x53, 0xF6, 0xCE, 0x8F, 0xAE, 0x1B, 0x71, 0x87, 0x6B, 0x6A, 0x97, 0xED, 0x7E,
    0xCA, 0x57, 0x3F, 0x16, 0x8B, 0xEF, 0x8B, 0xA9, 0x6B, 0xCB, 0x31, 0xB8, 0xAA, 0xDF, 0x9D, 0xFF,
    0xD5, 0xEA, 0xFC, 0x65, 0xC1, 0x0D, 0x5D, 0x1B, 0xB0, 0x86, 0x04, 0x6B, 0x12, 0xB0, 0x2B, 0x36,
    0xC7, 0xC6, 0x49, 0xC0, 0x4F, 0x7F, 0xD1, 0x9A, 0x5E, 0xD7, 0xD6, 0x55, 0xA3, 0x1F, 0x9C, 0xF3,
    0x7D, 0xD3, 0x3B, 0xD7, 0xF4, 0xF8, 0xC0, 0x85, 0x1A, 0xB7, 0x7A, 0x7C, 0x39, 0xBB, 0x06, 0xEB,
    0xE4, 0x3A, 0xAD, 0x41, 0x6B, 0xBE, 0x14, 0x93, 0x73, 0xC5, 0x54, 0x62, 0x2D, 0x27, 0xDD, 0x3A,
    0xF8, 0x9E, 0x82, 0x26, 0x2B, 0x16, 0x49, 0xD0, 0x60, 0x97, 0x8C, 0xB7, 0x57, 0x21, 0x6C, 0xDC,
    0x63, 0x73, 0xE1, 0xD3, 0x4F, 0xE7, 0x24, 0x7C, 0xD4, 0x8F, 0x97, 0xF0, 0x71, 0xEF, 0x2E, 0x3C,
    0x18, 0x12, 0xE1, 0x62, 0x6C, 0xAA, 0xC3, 0x7A, 0xF7, 0x20, 0x84, 0x91, 0xFF, 0x1E, 0x2F, 0x6E,
    0x09, 0x63, 0xDE, 0x2F, 0x61, 0xA8, 0xFE, 0xFB, 0x9F, 0xD0, 0x53, 0x86, 0x1A, 0x57, 0xEC, 0xAE,
    0xE0, 0x9E, 0x49, 0xB7, 0xC3, 0x2E, 0x39, 0x0E, 0x76, 0x05, 0xCF, 0xFD, 0x76, 0x4B, 0x3D, 0xB1,
    0xBC, 0xE1, 0x72, 0xC8, 0x07, 0xE9, 0x2A, 0x5C, 0x05, 0x91, 0xFC, 0x5F, 0x16, 0xA8, 0xE2, 0xBA,
    0x74, 0xB9, 0xEC, 0xD8, 0x37, 0x9B, 0x73, 0x1E, 0x97, 0x4B, 0xF2, 0x50, 0x4E, 0xD4, 0x17, 0xC7,
    0xD2, 0x56, 0x3E, 0xA4, 0x94, 0xBD, 0x58, 0x8A, 0xB9, 0x9A, 0xF9, 0xEF, 0x01, 0x12, 0xC3, 0x90,
    0x6F, 0x51, 0xB6, 0xCB, 0x9E, 0xCF, 0x78, 0xCB, 0xD6, 0x62, 0xEC, 0xA8, 0x72, 0x39, 0x50, 0xE0,
    0x9E, 0x36, 0xC7, 0xF6, 0xD5, 0x3F, 0x57, 0x7A, 0xAE, 0x80, 0x2A, 0xC5, 0x02, 0x01, 0x46, 0xD8,
    0x13, 0xEA, 0xD1, 0x73, 0xB9, 0xD6, 0x0E, 0x32, 0xC1, 0xC3, 0x54, 0x35, 0x0F, 0x01, 0xC7, 0x14,
    0x5B, 0x31, 0xF2, 0xAC, 0x07, 0xF4, 0x2D, 0xAD, 0xE5, 0x0A, 0x1E, 0xEE, 0x9A, 0x9D, 0xE6, 0x0B,
    0xBC, 0xA9, 0xD8, 0xC2, 0x07, 0xF0, 0xEA, 0xD4, 0x7C, 0x16, 0xE0, 0xFB, 0x0A, 0x77, 0x35, 0x03,
    0x4F, 0x68, 0xC6, 0x14, 0xBB, 0x35, 0x4B, 0x86, 0x63, 0xBC, 0xBC, 0x01, 0x03, 0xE3, 0xDB, 0x3C,
    0xC8, 0x8A, 0x5D, 0x78, 0x3D, 0xD4, 0xD9, 0x9E, 0xAF, 0x50, 0x64, 0x2A, 0xC7, 0xAA, 0xF7, 0xAD,
    0xC7, 0x9E, 0x3F, 0x64, 0x34, 0x40, 0x01, 0xEC, 0x5C, 0x42, 0x2D, 0x4F, 0xF5, 0x7B, 0x06, 0x1D,
    0x62, 0xC9, 0x0E, 0x2F, 0x67, 0xFB, 0x18, 0x71, 0x86, 0x93, 0xB0, 0x51, 0x6F, 0xAF, 0xD0, 0x5F,
    0xFF, 0xE6, 0xE7, 0xBA, 0x06, 0xAF, 0x8A, 0x6A, 0xEC, 0xDC, 0x32, 0x7A, 0xFD, 0x65, 0xBC, 0xD2,
    0x96, 0x61, 0x81, 0x0B, 0xA4, 0xA3, 0x7D, 0x99, 0xE2, 0x4C, 0xF9, 0x26, 0xF4, 0x2F, 0x78, 0xB5,
    0x32, 0xD6, 0x9D, 0x30, 0xCB, 0x8D, 0x8C, 0x51, 0xE4, 0x59, 0x69, 0xE0, 0xBE, 0xE5, 0xA2, 0xBF,
    0xE1, 0xF8, 0xBC, 0xF8, 0xC8, 0x95, 0x4F, 0xBA, 0x16, 0x16, 0x68, 0x53, 0x38, 0x3C, 0xB3, 0x68,
    0x75, 0xCD, 0xFB, 0x9B, 0x7B, 0xF8, 0xDE, 0x43, 0xE7, 0xE8, 0xC1, 0x3F, 0xF2, 0x86, 0x37, 0x68,
    0x56, 0x66, 0x81, 0x73, 0xCA, 0x86, 0x95, 0xCE, 0x94, 0xFD, 0xE2, 0x6B, 0x57, 0x84, 0x32, 0x2C,
    0xAA, 0x68, 0x04, 0xCB, 0x08, 0xE7, 0x5E, 0x82, 0x68, 0x73, 0xB1, 0xF2, 0xBF, 0x74, 0x4D, 0x97,
    0x6C, 0xAA, 0x86, 0xCE, 0x3D, 0x84, 0xD5, 0x77, 0x1F, 0x36, 0x1F, 0x56, 0xFC, 0x16, 0x83, 0x9F,
    0x9A, 0xA9, 0x19, 0xBC, 0x92, 0x95, 0x37, 0x9B, 0x66, 0x31, 0x08, 0x78, 0xEA, 0xE1, 0x61, 0xC5,
    0xD6, 0xFD, 0x25, 0xFC, 0x33, 0xBB, 0xBD, 0x64, 0x52, 0x28, 0x0C, 0xE7, 0x25, 0xA9, 0x2E, 0xC9,
    0x37, 0x5D, 0xA2, 0x68, 0xF1, 0xBA, 0xA4, 0xE3, 0x25, 0x32, 0xED, 0x71, 0x89, 0xEE, 0x2F, 0x6F,
    0x2E, 0xF9, 0x01, 0xBF, 0xE4, 0xA5, 0x9B, 0x42, 0xAF, 0xA7, 0xCA, 0xCA, 0xE2, 0xF9, 0x12, 0x86,
    0x66, 0xC1, 0x6D, 0xD5, 0x0A, 0x47, 0x51, 0x39, 0x2C, 0x88, 0x81, 0x62, 0xC5, 0x8D, 0xC0, 0x15,
    0x84, 0xD5, 0x8C, 0xC5, 0x4F, 0x10, 0x15, 0x0B, 0xF2, 0x1F, 0x3A, 0x26, 0xA1, 0xF7, 0x2B, 0x42,
    0xBA, 0x8A, 0x89, 0xB8, 0x30, 0xC3, 0x07, 0xDB, 0x5D, 0x11, 0x92, 0x13, 0xD4, 0x08, 0x69, 0xA1,
    0xC6, 0xCB, 0xE9, 0xF5, 0x56, 0xF4, 0x2B, 0xE5, 0xA7, 0x82, 0xC7, 0x8B, 0x62, 0x56, 0xF3, 0x19,
    0x50, 0x10, 0x6C, 0xC4, 0x6B, 0x80, 0x1F, 0xFA, 0x8E, 0x92, 0xBA, 0x66, 0x66, 0x00, 0xE1, 0xCE,
    0x8A, 0x09, 0xC1, 0xCF, 0x13, 0x83, 0xAC, 0x5F, 0x03, 0xC3, 0x36, 0x86, 0xCD, 0x43, 0xE2, 0x9B,
    0x99, 0x57, 0xA6, 0xE3, 0x56, 0x09, 0x6F, 0xCD, 0xF9, 0x39, 0x23, 0xD4, 0x59, 0xE6, 0xC1, 0x0A,
    0x25, 0x65, 0xEE, 0x98, 0x29, 0x4A, 0x17, 0xFD, 0x65, 0xD6, 0xD0, 0xD2, 0x50, 0x91, 0xCE, 0x32,
    0xEF, 0xD8, 0x8A, 0x47, 0x38, 0xE6, 0x19, 0x6E, 0x5E, 0xB5, 0x03, 0xBE, 0x7C, 0x82, 0x4B, 0xBE,
    0x71, 0x91, 0xD1, 0x43, 0x9B, 0xB4, 0x49, 0xA8, 0x8B, 0x01, 0x66, 0x6C, 0x96, 0x72, 0xE7, 0x4E,
    0x2B, 0xA5, 0x9D, 0x68, 0x6B, 0x5C, 0xD1, 0x2D, 0x2E, 0x1A, 0x06, 0xA6, 0x90, 0x58, 0x2D, 0xCF,
    0xAC, 0x09, 0x3A, 0x02, 0x04, 0x47, 0x2B, 0xF2, 0x23, 0xE2, 0xC8, 0xDF, 0x00, 0xFE, 0xE1, 0xC7,
    0x2B, 0xC1, 0x01, 0xA1, 0x89, 0x90, 0x33, 0xB4, 0x25, 0xF0, 0xD2, 0x32, 0x61, 0xE0, 0xD2, 0xC7,
    0xE0, 0x69, 0xC6, 0x23, 0x00, 0xF8, 0x51, 0xC1, 0x33, 0xCB, 0x08, 0x06, 0xC2, 0x85, 0xC1, 0x35,
    0x12, 0x91, 0xF1, 0x17, 0x70, 0xDD, 0x85, 0xA2, 0xA5, 0xB4, 0x41, 0x22, 0x9C, 0xF8, 0x42, 0xC8,
    0xA4, 0xF8, 0x4C, 0xEC, 0x2F, 0x24, 0x2F, 0xF4, 0x28, 0x1F, 0x57, 0xCA, 0x8B, 0x45, 0x0E, 0xE1,
    0xC6, 0xC8, 0xDE, 0x4E, 0x41, 0xCB, 0x23, 0x23, 0x68, 0xD0, 0x44, 0x0C, 0x53, 0xC3, 0x4F, 0xDC,
    0x17, 0x66, 0x02, 0x1B, 0xAE, 0xDE, 0xFC, 0x56, 0xEC, 0x1E, 0x18, 0xD5, 0xF5, 0xE9, 0x8E, 0xD7,
    0x16, 0xFA, 0x7C, 0xED, 0x26, 0x3F, 0xC3, 0xC0, 0x13, 0x21, 0xBE, 0x90, 0x08, 0x23, 0x65, 0xB1,
    0xF2, 0xA3, 0xA5, 0xCD, 0x24, 0x95, 0x05, 0xB9, 0x02, 0x58, 0x0E, 0x38, 0x15, 0x54, 0x7C, 0xE7,
    0x77, 0x8E, 0x36, 0x13, 0xD8, 0x97, 0x75, 0xCC, 0x20, 0x7D, 0xA9, 0x14, 0x6B, 0x14, 0xFE, 0x17,
    0x3A, 0xAF, 0x22, 0x90, 0xC3, 0x8A, 0xD2, 0x1C, 0xB2, 0xBE, 0x8A, 0x05, 0xE1, 0x03, 0x94, 0xCC,
    0x58, 0x77, 0x83, 0xEA, 0xE2, 0xC4, 0x65, 0x36, 0x78, 0xAE, 0x56, 0xFA, 0x72, 0xC4, 0x8E, 0x5D,
    0x8F, 0x05, 0x32, 0xE3, 0xF2, 0xC9, 0x2B, 0x68, 0x26, 0x33, 0xAE, 0x62, 0xE1, 0x12, 0x1E, 0x3B,
    0x73, 0x2A, 0x00, 0x3E, 0x35, 0xFD, 0xF7, 0x6A, 0x29, 0x02, 0xF5, 0x6F, 0x7A, 0xDA, 0x20, 0xDF,
    0xBB, 0xA9, 0x5A, 0x19, 0x6C, 0xB8, 0x6D, 0xA6, 0x87, 0xD2, 0x10, 0x41, 0x8D, 0x31, 0x5A, 0xAE,
    0x06, 0x6C, 0xA8, 0xEC, 0x49, 0x34, 0xAD, 0x7B, 0xEF, 0x12, 0xD2, 0x90, 0xED, 0xAA, 0x46, 0xE7,
    0x8F, 0x21, 0x4C, 0x47, 0x84, 0x29, 0x5B, 0x62, 0x03, 0x64, 0xC0, 0x0D, 0x5D, 0xED, 0x9E, 0xF7,
    0x73, 0x99, 0x09, 0x05, 0x90, 0x3A, 0x17, 0x9F, 0x40, 0x3D, 0xCE, 0x10, 0x1E, 0x88, 0x6F, 0x07,
    0xE0, 0xE2, 0xCF, 0x1F, 0x1C, 0xB9, 0x85, 0xEB, 0x08, 0x99, 0x28, 0x29, 0x61, 0xC8, 0x60, 0x23,
    0xCF, 0xA0, 0xD9, 0x2C, 0x6A, 0x59, 0xBD, 0x0B, 0xD8, 0xE3, 0xC2, 0xC8, 0xF4, 0xA1, 0xB7, 0x8C,
    0xDA, 0x55, 0x49, 0x58, 0x69, 0xE0, 0x46, 0xD8, 0x92, 0x4B, 0x5D, 0x98, 0xE7, 0x8E, 0x1F, 0x15,
    0x69, 0x1F, 0xB4, 0x1F, 0x8B, 0x96, 0xF2, 0xEC, 0x67, 0x76, 0x73, 0x8A, 0x8D, 0x78, 0x60, 0xC2,
    0x3B, 0x2A, 0x05, 0x01, 0xBE, 0x6C, 0xF0, 0xEA, 0x58, 0xC0, 0x66, 0xD8, 0xB1, 0xCD, 0x15, 0x7A,
    0xAD, 0x4A, 0x48, 0x05, 0xE7, 0x7E, 0x4F, 0xA1, 0x27, 0xA4, 0x21, 0xEE, 0x10, 0x1B, 0x86, 0x6E,
    0x40, 0x46, 0xC0, 0x0A, 0xDF, 0x64, 0x6A, 0x11, 0x00, 0x73, 0x62, 0x0D, 0xE3, 0x7B, 0x52, 0xB2,
    0xA7, 0x30, 0xE9, 0xE5, 0x77, 0x26, 0x4F, 0x3E, 0x46, 0x48, 0x3F, 0xEA, 0x96, 0x21, 0xE2, 0x77,
    0x59, 0x8C, 0x99, 0x15, 0x4A, 0xC9, 0x2F, 0xDC, 0x9B, 0xA8, 0xD8, 0x2C, 0x0C, 0x28, 0xE1, 0x0C,
    0x2B, 0xE4, 0x80, 0xEB, 0xDE, 0x99, 0x1E, 0xB9, 0x15, 0xE7, 0x4E, 0xBF, 0xBC, 0x4C, 0xCC, 0xAB,
    0x57, 0xB2, 0xA1, 0x19, 0x43, 0xFF, 0x8B, 0xA2, 0x05, 0x3B, 0x6A, 0x1F, 0x95, 0x00, 0x9E, 0x50,
    0xAF, 0x3E, 0x5B, 0x01, 0x43, 0xF3, 0x2B, 0xF9, 0x9A, 0xEE, 0x97, 0xE9, 0x51, 0xB1, 0xE0, 0x8F,
    0x01, 0x78, 0xDA, 0xAC, 0x45, 0xCF, 0x88, 0x58, 0x1B, 0xB7, 0x14, 0xC2, 0x1C, 0xD4, 0xEC, 0x4F,
    0x20, 0xE1, 0x9A, 0xEC, 0xCC, 0xBB, 0x47, 0x26, 0x5F, 0x13, 0xCD, 0x86, 0x22, 0x48, 0xEC, 0x81,
    0x24, 0xBD, 0xC9, 0x45, 0xD7, 0x56, 0x21, 0x6A, 0x11, 0xAB, 0xC1, 0x28, 0x99, 0x27, 0x01, 0x3E,
    0xD7, 0x42, 0x6B, 0x19, 0x44, 0x58, 0x9E, 0x88, 0xF8, 0x7D, 0x2C, 0xD4, 0x7B, 0x67, 0xE5, 0x25,
    0xB9, 0xCA, 0x9C, 0x80, 0x77, 0xC9, 0x0C, 0x48, 0x23, 0xAB, 0x13, 0xE7, 0xB2, 0x8C, 0x10, 0xFD,
    0x04, 0xA0, 0xE1, 0x32, 0xC4, 0x20, 0x33, 0x08, 0x28, 0x6F, 0xB5, 0xB7, 0xA3, 0x75, 0xC4, 0x01,
    0xC3, 0x01, 0x9C, 0x00, 0x8B, 0x6A, 0x05, 0x58, 0xA0, 0x18, 0x02, 0x2C, 0x58, 0x40, 0x9A, 0x49,
    0x59, 0xCC, 0x04, 0x6E, 0x19, 0x1A, 0x23, 0x95, 0x9D, 0xB0, 0x4F, 0xB3, 0xA0, 0x58, 0x55, 0x33,
    0x8A, 0x8A, 0x9F, 0xE0, 0x01, 0xA5, 0xBF, 0x81, 0x58, 0xEB, 0x23, 0x27, 0x1C, 0xA5, 0x63, 0x4D,
    0xE7, 0x4E, 0x46, 0x14, 0x29, 0x10, 0xF7, 0x83, 0xE5, 0x1E, 0x83, 0xA6, 0x41, 0xC4, 0x9E, 0x91,
    0x60, 0xF9, 0xDC, 0x29, 0xE3, 0x87, 0x73, 0x19, 0x23, 0xC0, 0x3B, 0x84, 0xDC, 0x4F, 0xC5, 0x53,
    0xA5, 0x9C, 0xE2, 0x92, 0xA0, 0xB4, 0x71, 0xF7, 0xD6, 0x99, 0x1E, 0xDC, 0xDA, 0xB8, 0xE6, 0x6E,
    0xDA, 0xD7, 0x88, 0x9C, 0x92, 0x74, 0x18, 0xF5, 0xAA, 0x67, 0x46, 0x06, 0x02, 0x39, 0x76, 0xD5,
    0x3A, 0xD0, 0x60, 0x61, 0x20, 0xE6, 0x08, 0x00, 0xCC, 0x36, 0x88, 0x2E, 0xAC, 0xC0, 0x0D, 0x64,
    0x2E, 0x58, 0x49, 0xB5, 0x24, 0x86, 0x94, 0x86, 0x0B, 0x0C, 0x5B, 0x9D, 0xDA, 0xE8, 0xC0, 0xB3,
    0xDC, 0x2C, 0xA7, 0x11, 0x27, 0x95, 0x6B, 0xC1, 0xAE, 0x92, 0x3D, 0x2E, 0x10, 0x3C, 0xA3, 0x5C,
    0x39, 0xEF, 0x66, 0xCC, 0x18, 0x92, 0x69, 0x11, 0x1A, 0x1A, 0x25, 0x8D, 0x0A, 0xC6, 0xFC, 0xB2,
    0xD4, 0xEA, 0xEE, 0xB6, 0xFF, 0x7F, 0x67, 0xEC, 0x5F, 0xE9, 0x8C, 0xE9, 0x6E, 0x11, 0xC6, 0xC6,
    0x38, 0xCC, 0x74, 0x5E, 0x75, 0x46, 0x0F, 0xE2, 0x66, 0x26, 0xCC, 0xE0, 0xA0, 0x49, 0x14, 0x0D,
    0xF7, 0xA8, 0xE0, 0x19, 0xF6, 0x76, 0xB0, 0x63, 0x68, 0x09, 0x2D, 0x5C, 0x71, 0x6A, 0x0D, 0x42,
    0x8F, 0x7B, 0x99, 0xA3, 0x48, 0x9C, 0x85, 0x27, 0x37, 0xA1, 0x06, 0x06, 0x51, 0x2F, 0x95, 0x1A,
    0xEC, 0xA4, 0x3A, 0x15, 0xDD, 0x46, 0x7F, 0x43, 0x0A, 0xF8, 0x9A, 0x6B, 0x4F, 0x61, 0x18, 0x94,
    0x23, 0xA1, 0x32, 0x0C, 0xAC, 0xC1, 0xD1, 0x6F, 0x58, 0x09, 0x03, 0xD6, 0xCC, 0x64, 0x92, 0xCD,
    0xE8, 0x70, 0x61, 0xEB, 0xCA, 0xEA, 0x80, 0x15, 0xCE, 0x2C, 0x75, 0x6E, 0xA5, 0x95, 0x4C, 0x47,
    0x2B, 0x3E, 0x14, 0xE1, 0xE1, 0x09, 0x0A, 0xFD, 0xA8, 0x22, 0xF3, 0x63, 0xA7, 0x48, 0x5B, 0xAC,
    0x2F, 0x56, 0x81, 0xB6, 0xC3, 0x6C, 0x66, 0x3B, 0xC9, 0xAB, 0x92, 0x75, 0x6F, 0xC0, 0x33, 0x64,
    0xD5, 0xD9, 0x28, 0x24, 0x44, 0x30, 0x22, 0x5E, 0x36, 0x4A, 0xF1, 0x4E, 0xFF, 0x08, 0x37, 0x6B,
    0xE4, 0x8C, 0xBA, 0xE6, 0x76, 0x35, 0x8A, 0x18, 0x59, 0xE0, 0xFA, 0xF4, 0x4A, 0x0F, 0xA6, 0x3D,
    0x25, 0x28, 0x46, 0xA6, 0x84, 0xAA, 0x14, 0x57, 0x32, 0x65, 0x75, 0x32, 0x89, 0xD2, 0x85, 0x02,
    0xC1, 0xE4, 0x0C, 0x75, 0xF6, 0x9F, 0x05, 0x15, 0xED, 0x1B, 0x42, 0xF2, 0x9F, 0x03, 0x59, 0xC2,
    0xDB, 0x22, 0x26, 0x8D, 0xE0, 0x83, 0x37, 0xA8, 0x5C, 0xD1, 0xF5, 0xA2, 0x2F, 0xDC, 0xB9, 0x08,
    0xA4, 0x03, 0xC5, 0x26, 0x8E, 0xBF, 0xB2, 0x05, 0x28, 0x17, 0x56, 0x87, 0x6A, 0xE1, 0x96, 0x7E,
    0xBA, 0x44, 0x7F, 0x91, 0x3C, 0x12, 0xB8, 0x69, 0xD3, 0xD5, 0x0C, 0x41, 0x91, 0x22, 0xEB, 0xA7,
    0x0F, 0xE9, 0xC1, 0x34, 0x32, 0x7F, 0xB1, 0xFF, 0x60, 0x16, 0x2E, 0x6E, 0x98, 0x22, 0xAD, 0x4B,
    0xE3, 0x32, 0xE2, 0xBD, 0x95, 0xD1, 0x55, 0x81, 0xDF, 0xD9, 0x5E, 0x38, 0xE6, 0x62, 0x6F, 0x19,
    0xE3, 0x61, 0x01, 0x18, 0x22, 0xAF, 0x49, 0x61, 0xF0, 0x39, 0xE1, 0x84, 0x1A, 0xA4, 0xF6, 0x96,
    0xC3, 0x99, 0x78, 0xFB, 0x13, 0x3E, 0xCF, 0xB6, 0x10, 0x3E, 0x45, 0x40, 0x6C, 0x4D, 0xF8, 0x98,
    0x89, 0xE0, 0x83, 0x08, 0x30, 0x2A, 0x3F, 0x23, 0xA3, 0x98, 0x10, 0x0B, 0xE5, 0xC2, 0xA2, 0x8B,
    0xA8, 0x48, 0x44, 0x4F, 0xAD, 0x2B, 0xE0, 0x5B, 0x0C, 0x12, 0x08, 0x10, 0x19, 0x11, 0xFF, 0x24,
    0x5B, 0x23, 0x71, 0x76, 0xEC, 0x78, 0xB1, 0xAE, 0xBC, 0x91, 0x99, 0x3A, 0x91, 0x04, 0x7B, 0x62,
    0x64, 0xCB, 0xD6, 0x0D, 0x05, 0x6C, 0x4C, 0xF7, 0x30, 0x82, 0x59, 0x6C, 0xDD, 0x44, 0x72, 0xE4,
    0x57, 0x22, 0x4B, 0xB9, 0x11, 0x59, 0x48, 0xB7, 0x0A, 0x96, 0x1C, 0x41, 0x6B, 0x60, 0x48, 0xEA,
    0x6E, 0xD7, 0xED, 0x12, 0x62, 0x53, 0x9C, 0xAE, 0x3C, 0x58, 0x6E, 0x7F, 0xD3, 0x18, 0x2A, 0xF1,
    0xDF, 0x5F, 0x71, 0xCD, 0x5A, 0xFB, 0x22, 0x8C, 0xDF, 0x0D, 0x43, 0xC9, 0xF8, 0x1D, 0x99, 0x97,
    0x61, 0x64, 0x40, 0x76, 0xA3, 0x1C, 0x31, 0x9A, 0x2B, 0xB0, 0xC2, 0x11, 0x2A, 0xC4, 0x2D, 0xC5,
    0x47, 0x76, 0xEE, 0x49, 0x27, 0x68, 0x89, 0xB8, 0x66, 0x79, 0xC9, 0x0E, 0x4D, 0x05, 0xB3, 0x3A,
    0x70, 0x4D, 0x47, 0x8D, 0x27, 0xE6, 0x00, 0x07, 0x5B, 0x8F, 0xBA, 0x50, 0x97, 0xAB, 0x7A, 0x0A,
    0x2C, 0x7E, 0x4E, 0x99, 0xEC, 0x4C, 0x47, 0x66, 0xBF, 0x50, 0x59, 0xC0, 0x33, 0x7E, 0x35, 0xCC,
    0xF9, 0xFA, 0xBA, 0x05, 0xE9, 0xD6, 0x51, 0xB7, 0x96, 0xBA, 0xE5, 0x03, 0x75, 0xF3, 0x9F, 0x51,
    0x37, 0x4F, 0xE4, 0xD9, 0xCB, 0xF0, 0xAC, 0x6E, 0x9A, 0x44, 0xD0, 0x1C, 0x22, 0xEE, 0x67, 0xE7,
    0x64, 0x3C, 0xE1, 0x3B, 0xCE, 0x9D, 0x55, 0x70, 0x3A, 0xAB, 0xE0, 0xC6, 0xCA, 0x81, 0x22, 0x8E,
    0x68, 0x85, 0x8E, 0xF9, 0x96, 0xAA, 0x1E, 0xEE, 0xEA, 0xCA, 0x71, 0xDD, 0x49, 0x90, 0xAC, 0x47,
    0x2A, 0x16, 0x78, 0xAC, 0x9C, 0x59, 0x2E, 0xA6, 0x82, 0xDE, 0xCC, 0x2D, 0x20, 0x5A, 0xD2, 0xC4,
    0xBE, 0x19, 0x98, 0x30, 0xD0, 0xF6, 0x5A, 0x05, 0x23, 0x6B, 0x0A, 0x63, 0xC5, 0x8E, 0x2B, 0xED,
    0xD5, 0x3B, 0x5C, 0xC2, 0x17, 0xE2, 0x05, 0xF3, 0xB3, 0xE3, 0x12, 0xB4, 0x28, 0x68, 0xBC, 0x51,
    0x78, 0x49, 0x0B, 0xFD, 0x76, 0x11, 0x49, 0x12, 0x5B, 0xDA, 0x98, 0xB3, 0xE4, 0x97, 0x7B, 0x6D,
    0x55, 0xAA, 0x39, 0x3B, 0x8A, 0x20, 0xA5, 0x9F, 0x2E, 0x01, 0xCB, 0x0B, 0xDC, 0xD1, 0x1D, 0x5C,
    0xFB, 0xBA, 0xC4, 0x2A, 0xD3, 0xDE, 0x57, 0x99, 0x5B, 0x34, 0x26, 0x94, 0x89, 0x62, 0x33, 0xAB,
    0x69, 0xA3, 0x4D, 0xEB, 0x89, 0xC6, 0x1B, 0xB3, 0xFB, 0x8A, 0xC6, 0xF3, 0xD3, 0x68, 0x6C, 0x69,
    0x87, 0xCF, 0xD9, 0xD2, 0x6C, 0x19, 0x0E, 0xB5, 0xE2, 0xA3, 0xE2, 0x15, 0xF1, 0xC9, 0x46, 0x26,
    0x8A, 0xE0, 0x1A, 0x42, 0x66, 0xE4, 0x23, 0x71, 0x9F, 0x6A, 0xB9, 0xEE, 0x80, 0x0C, 0x65, 0x56,
    0xB6, 0x4E, 0xF1, 0x89, 0x0B, 0x6C, 0xD2, 0x20, 0x94, 0xD9, 0x48, 0x0F, 0xF3, 0x9D, 0x6D, 0x55,
    0xB6, 0x77, 0xEA, 0x27, 0xAC, 0x76, 0x9A, 0x46, 0x9A, 0x68, 0x29, 0xF8, 0x13, 0x8B, 0x8F, 0x70,
    0xED, 0xCC, 0xF5, 0xE7, 0x85, 0xF5, 0xCD, 0x2C, 0x00, 0x09, 0xDE, 0xA5, 0xB2, 0xDD, 0x28, 0x8A,
    0xA4, 0x1A, 0x58, 0xE3, 0xE0, 0x06, 0x8E, 0x6F, 0x25, 0x4C, 0x49, 0x00, 0x60, 0x47, 0x8D, 0xD0,
    0x24, 0x5A, 0x76, 0xE1, 0x03, 0xB2, 0x86, 0x29, 0x84, 0x0F, 0xE9, 0xD4, 0x7F, 0x87, 0xE6, 0x13,
    0x32, 0xEE, 0xCF, 0x57, 0xFF, 0x44, 0xC5, 0x76, 0xF1, 0xF4, 0x5F, 0x15, 0x40, 0x40, 0x39, 0x6C,
    0x0B, 0x43, 0xC5, 0xB3, 0x4A, 0xC6, 0x97, 0xFA, 0x3E, 0x95, 0x5F, 0x0E, 0x62, 0x88, 0xE4, 0xD1,
    0xAA, 0x9A, 0x12, 0x64, 0x36, 0x4B, 0xD8, 0x45, 0xBA, 0x75, 0x9D, 0x5A, 0x15, 0x2F, 0xCB, 0xF5,
    0xDD, 0x44, 0xB9, 0xFF, 0x61, 0x34, 0xEA, 0xF3, 0x38, 0xA4, 0xDA, 0x8D, 0xBF, 0xAB, 0x86, 0x97,
    0x56, 0x2D, 0x74, 0x0A, 0xFF, 0xD5, 0x5A, 0xC9, 0xEA, 0x65, 0x06, 0x7D, 0x97, 0x86, 0x48, 0x41,
    0x1B, 0x05, 0xCD, 0xEA, 0xAD, 0xDD, 0x2E, 0x8D, 0xE7, 0x17, 0xF2, 0x93, 0x93, 0xD3, 0xE8, 0xF6,
    0x81, 0x45, 0x00, 0x91, 0x59, 0x32, 0x24, 0xF9, 0x4D, 0x49, 0x1A, 0x55, 0xA3, 0xC7, 0x4F, 0x23,
    0x0C, 0xFD, 0xD5, 0x38, 0xDA, 0xAE, 0x73, 0xD4, 0xE4, 0x45, 0x72, 0xDB, 0xEB, 0x14, 0x77, 0x94,
    0x5F, 0xAB, 0xBF, 0xF7, 0xC5, 0xCF, 0x74, 0xB5, 0xB9, 0xC7, 0x7C, 0xCD, 0xE1, 0x98, 0xC9, 0x21,
    0x0E, 0x3E, 0x8C, 0x9E, 0xC5, 0xD5, 0x45, 0xFE, 0x14, 0xEB, 0x74, 0x22, 0x53, 0x64, 0xB2, 0x84,
    0x71, 0x19, 0x8E, 0x1F, 0xCE, 0x8F, 0xA9, 0x7E, 0xB9, 0xC7, 0x56, 0xE4, 0xA8, 0xA5, 0xF1, 0xE3,
    0x93, 0xFD, 0x4D, 0x11, 0x55, 0x7C, 0x88, 0xC5, 0x77, 0x8A, 0xAF, 0x91, 0x2D, 0xD6, 0x39, 0x4D,
    0xB3, 0xF1, 0xAA, 0x4B, 0x42, 0x9C, 0x49, 0xDD, 0xCC, 0xA5, 0xE8, 0xB4, 0xFC, 0x98, 0x91, 0xE0,
    0xA0, 0x82, 0x43, 0xAF, 0xE9, 0xA6, 0x81, 0x11, 0x9B, 0x88, 0xDB, 0x69, 0xD6, 0x22, 0x56, 0x74,
    0x36, 0x37, 0x1C, 0xE2, 0xE9, 0xBE, 0xD5, 0x98, 0x82, 0xF6, 0x8D, 0xE7, 0xDC, 0xCD, 0xE0, 0x58,
    0x3D, 0x7D, 0xBC, 0x91, 0x9B, 0x97, 0xCB, 0xB5, 0xE4, 0x66, 0x9B, 0x3B, 0x4B, 0x72, 0xF2, 0xAE,
    0xBB, 0xD1, 0x01, 0xD4, 0x21, 0x0C, 0xD7, 0xB1, 0x60, 0x54, 0x26, 0x11, 0x6D, 0xBB, 0xDE, 0xC3,
    0x43, 0xB9, 0x47, 0x7E, 0x33, 0xEC, 0xA1, 0x50, 0x14, 0xAE, 0xBA, 0x2A, 0x73, 0x6C, 0x77, 0xE8,
    0x61, 0xFB, 0xCA, 0xE0, 0xA9, 0xF1, 0x8C, 0x49, 0x09, 0x00, 0x93, 0x33, 0x15, 0xC2, 0xDB, 0x0C,
    0x23, 0xEC, 0x9D, 0xAB, 0xC2, 0xA0, 0xB8, 0xD6, 0xE2, 0x83, 0x44, 0xB4, 0x59, 0xC3, 0xE9, 0x70,
    0x2E, 0x99, 0x2B, 0xD0, 0xC2, 0x54, 0x1B, 0x3A, 0xBA, 0x9F, 0x23, 0x68, 0x2A, 0x4E, 0xAF, 0x3B,
    0xB5, 0x29, 0x13, 0x61, 0x79, 0x2C, 0xD1, 0xF9, 0x0F, 0xC4, 0x95, 0xDE, 0x73, 0x0B, 0x9C, 0x1B,
    0xDA, 0x8E, 0xB3, 0x78, 0xD2, 0x22, 0x30, 0x52, 0xB4, 0x1D, 0xCD, 0xC9, 0xB5, 0xCB, 0xF0, 0x25,
    0xEB, 0xCC, 0xEB, 0xAB, 0x09, 0x18, 0x13, 0xBF, 0x3D, 0x01, 0xF0, 0x8A, 0x7D, 0x30, 0x22, 0xCF,
    0xA8, 0x59, 0x04, 0xFA, 0xD8, 0x0A, 0xA1, 0xF4, 0x14, 0xAC, 0xDA, 0xC5, 0x62, 0x5D, 0x90, 0x07,
    0xA8, 0xA3, 0x9B, 0xB3, 0xC3, 0x81, 0x69, 0xAD, 0x0E, 0x3A, 0x1A, 0x05, 0x94, 0x98, 0xDF, 0x72,
    0xB2, 0x9D, 0x81, 0x6F, 0x23, 0x09, 0x58, 0x98, 0x48, 0xD7, 0x0B, 0x34, 0x96, 0xB8, 0xA3, 0xA6,
    0xC7, 0xCE, 0xB9, 0xEC, 0x90, 0x80, 0xC8, 0x95, 0xD4, 0x9F, 0x3D, 0x15, 0xBB, 0x2E, 0x10, 0x9F,
    0xC7, 0x62, 0x8A, 0xDB, 0x31, 0x0B, 0xBC, 0xC2, 0xBB, 0xE6, 0x86, 0xF0, 0x40, 0xB4, 0x46, 0x30,
    0x6B, 0xE4, 0x66, 0x8D, 0xF4, 0x69, 0x6B, 0xF4, 0x2F, 0xB0, 0x46, 0x38, 0xAC, 0xF1, 0xD6, 0x66,
    0xE1, 0xDF, 0x70, 0x90, 0x18, 0x36, 0xEE, 0x53, 0x2E, 0x97, 0x63, 0x98, 0x1A, 0x70, 0x80, 0x90,
    0x94, 0x61, 0xD6, 0x2D, 0xD9, 0x21, 0x24, 0xAD, 0xDF, 0x27, 0x9C, 0x2F, 0x30, 0xD1, 0x2A, 0x75,
    0x98, 0x2E, 0x11, 0xC5, 0xFE, 0x8D, 0x8C, 0xD8, 0x68, 0x32, 0xC7, 0x7E, 0x86, 0xC4, 0x67, 0xBA,
    0x86, 0xCE, 0xFD, 0xAC, 0xD0, 0x86, 0xD4, 0xA3, 0x3B, 0x48, 0xE0, 0x31, 0x49, 0x7D, 0x6B, 0xC7,
    0xA6, 0x5F, 0xDA, 0x70, 0x8F, 0xB6, 0x03, 0x93, 0x6A, 0xBB, 0x85, 0xF6, 0x9F, 0xD9, 0x8A, 0xD2,
    0xFE, 0x5A, 0x3C, 0xAD, 0xD9, 0x8D, 0x15, 0xEC, 0x3F, 0x94, 0x47, 0xB1, 0x46, 0xD9, 0xDA, 0x29,
    0xD1, 0xDF, 0x63, 0x49, 0x2B, 0xDA, 0x6A, 0x3F, 0xAB, 0xF1, 0x64, 0x54, 0xDA, 0xEA, 0x40, 0xD7,
    0xDE, 0x87, 0x41, 0xFD, 0x6C, 0x18, 0xEC, 0xD6, 0xD1, 0x59, 0x47, 0x8C, 0xED, 0x5F, 0x23, 0xC7,
    0x83, 0x49, 0x8B, 0x85, 0x0D, 0x34, 0x6C, 0x06, 0x41, 0x52, 0xA3, 0x01, 0x5C, 0x40, 0x1D, 0x46,
    0x78, 0xAD, 0x1B, 0xE0, 0x35, 0xF5, 0x99, 0xD6, 0x88, 0x57, 0xBD, 0x9E, 0xF9, 0x1C, 0x8F, 0x7D,
    0x8E, 0x9F, 0xF3, 0x71, 0x11, 0x6E, 0xC9, 0x55, 0x41, 0xF9, 0xBB, 0xD0, 0xBD, 0xD5, 0x74, 0xD4,
    0xBC, 0x91, 0xC6, 0x51, 0xC0, 0x56, 0x74, 0xC2, 0x64, 0x9D, 0x32, 0xB3, 0xAB, 0xB9, 0x1F, 0x1A,
    0xDD, 0xA5, 0xED, 0xFE, 0xE2, 0xB4, 0xBD, 0xB5, 0xFD, 0x8D, 0xDD, 0x33, 0xB5, 0x35, 0x56, 0x87,
    0x49, 0xC5, 0x3C, 0x8D, 0xF3, 0x92, 0x7B, 0x0E, 0x53, 0x78, 0xCA, 0x4C, 0x0C, 0x0C, 0x46, 0x5E,
    0xBE, 0x01, 0xDC, 0xF3, 0x15, 0xB8, 0x5A, 0x6C, 0xC7, 0xC4, 0xB1, 0xB4, 0x4E, 0x53, 0xB3, 0xA7,
    0x10, 0xDB, 0x18, 0xD4, 0x48, 0x32, 0xEE, 0x4E, 0xA3, 0x68, 0x84, 0x48, 0x5F, 0xAE, 0xB1, 0x81,
    0xF9, 0x49, 0xAB, 0x4E, 0xA0, 0xB5, 0x87, 0x69, 0x97, 0x10, 0x0D, 0x04, 0x65, 0xF2, 0x1B, 0x03,
    0x95, 0x1C, 0x46, 0x5C, 0x0D, 0xD4, 0x1C, 0x06, 0xE2, 0xDC, 0x6D, 0x67, 0xF0, 0xD6, 0xD9, 0x1E,
    0xF6, 0x4A, 0x4D, 0xEA, 0x91, 0x1B, 0x0A, 0xD9, 0x1F, 0x81, 0x36, 0x4D, 0x05, 0x02, 0x0A, 0x98,
    0xA2, 0xEB, 0x90, 0xC8, 0xB3, 0xFC, 0x66, 0xEE, 0x1B, 0xE5, 0x40, 0xCE, 0xC7, 0xE9, 0xC2, 0xBE,
    0x19, 0xE5, 0xC4, 0x6E, 0xA0, 0x1B, 0xDB, 0xE8, 0x77, 0xBC, 0xF1, 0x4E, 0x1E, 0x64, 0xC1, 0x91,
    0x3F, 0x27, 0x38, 0xCA, 0xAF, 0x15, 0x1C, 0x0F, 0x82, 0x8A, 0xC1, 0xA6, 0x21, 0x4E, 0x6D, 0x5B,
    0xED, 0x14, 0x92, 0xDD, 0x9D, 0x06, 0xF6, 0xD2, 0xCF, 0xD2, 0x19, 0x3C, 0x04, 0x99, 0x50, 0x86,
    0xE7, 0x8F, 0xA8, 0x3D, 0x63, 0xDE, 0x3F, 0xD1, 0x00, 0xCE, 0x66, 0xE3, 0x6C, 0xD0, 0xD9, 0x0D,
    0x00, 0x01, 0x44, 0xE5, 0x68, 0x54, 0x72, 0xDD, 0x0C, 0x5C, 0xB7, 0xE6, 0xEC, 0x67, 0xB8, 0xE3,
    0xBA, 0x3B, 0x9F, 0x07, 0xAC, 0xCD, 0xE3, 0x13, 0x66, 0xE2, 0x53, 0x8C, 0x1B, 0x2A, 0x39, 0x5A,
    0x01, 0xBF, 0x41, 0x1F, 0x0D, 0x8A, 0x06, 0x62, 0x71, 0xAF, 0xFE, 0xFE, 0x1E, 0x8B, 0x6B, 0xF1,
    0xC8, 0x6E, 0xAE, 0x6E, 0xB1, 0x58, 0x2D, 0x04, 0x9A, 0xD4, 0x7B, 0x6C, 0xBB, 0x76, 0x12, 0xC7,
    0xA1, 0xB0, 0xF3, 0x94, 0x6E, 0x1D, 0xFB, 0x0E, 0x02, 0x31, 0x5B, 0x0F, 0xDC, 0xFB, 0xEA, 0xD9,
    0x4D, 0xDE, 0xC6, 0xF3, 0x73, 0x70, 0x64, 0x8C, 0xC1, 0x67, 0x23, 0x80, 0xD7, 0x38, 0xF6, 0x71,
    0x2F, 0x63, 0xB1, 0x7E, 0x58, 0x34, 0xE5, 0xA8, 0x4D, 0x49, 0xB7, 0xBA, 0xA4, 0xE5, 0x63, 0xBF,
    0xB9, 0xB2, 0x87, 0x18, 0x24, 0x04, 0x75, 0x44, 0x8A, 0xA7, 0x1E, 0xA8, 0x55, 0x6C, 0xE9, 0xA4,
    0xCB, 0x2E, 0xCF, 0x7D, 0x9D, 0xAA, 0x99, 0x6A, 0x24, 0x1D, 0xC3, 0xA0, 0x3B, 0xC3, 0x80, 0x81,
    0x05, 0x0F, 0x31, 0x6A, 0xEA, 0xDB, 0xA8, 0xC9, 0xD8, 0x80, 0x55, 0xB7, 0x93, 0xD8, 0x32, 0x3C,
    0x21, 0xF3, 0x26, 0x2B, 0xA5, 0xB5, 0x39, 0xB6, 0xAB, 0xED, 0x3A, 0x0E, 0xEB, 0xAA, 0x09, 0x07,
    0x95, 0xB3, 0x1E, 0xFE, 0x40, 0xD2, 0x62, 0x81, 0x0E, 0x70, 0x2B, 0x39, 0x23, 0x29, 0x01, 0xB5,
    0x49, 0xED, 0x59, 0x4A, 0x1F, 0x59, 0xBF, 0x9E, 0xBD, 0xD0, 0x70, 0x59, 0x60, 0x77, 0x00, 0xF7,
    0xA3, 0x01, 0x29, 0x17, 0x3E, 0x31, 0x62, 0x66, 0x34, 0x53, 0x83, 0x77, 0x14, 0xE4, 0x1E, 0xA4,
    0xF6, 0x5F, 0x10, 0xEE, 0x33, 0xF0, 0x4C, 0x68, 0xFF, 0x39, 0x1F, 0xB3, 0x81, 0xEC, 0x71, 0x70,
    0xF4, 0xA1, 0x7A, 0x4E, 0xDA, 0xBB, 0xD8, 0x39, 0x10, 0x50, 0xC6, 0xF0, 0x01, 0xA2, 0xA6, 0x21,
    0x23, 0x58, 0x6D, 0x37, 0x21, 0xD5, 0xFD, 0x82, 0x03, 0xD8, 0x20, 0xDB, 0xD3, 0x92, 0xCC, 0xD8,
    0xBF, 0x18, 0xAC, 0x8E, 0x17, 0x31, 0x9E, 0xAC, 0x7A, 0x24, 0xE1, 0x63, 0x74, 0xF7, 0x81, 0x84,
    0x97, 0xA1, 0xEA, 0x39, 0x94, 0xD0, 0x16, 0xEC, 0x9A, 0xA9, 0x68, 0x18, 0x8A, 0x8D, 0xD3, 0x4E,
    0x45, 0x73, 0xE0, 0x80, 0x3C, 0x68, 0xAE, 0xD7, 0x70, 0x90, 0x20, 0x22, 0xAA, 0x40, 0x90, 0x04,
    0xAC, 0xA3, 0xCD, 0x7A, 0x17, 0xC2, 0xA6, 0xFE, 0xDD, 0x53, 0x27, 0x85, 0xBB, 0x1F, 0xE3, 0x38,
    0xD9, 0xA6, 0x79, 0xC7, 0x72, 0x7D, 0x94, 0x74, 0x3C, 0xC4, 0x28, 0x9E, 0xF3, 0xD1, 0xED, 0x53,
    0x28, 0xE5, 0x07, 0x37, 0xCB, 0xAD, 0xD0, 0xA7, 0x1A, 0xBE, 0xB7, 0x16, 0x0B, 0x4F, 0x3D, 0x9E,
    0x6C, 0x6C, 0xFA, 0xED, 0x83, 0xB1, 0x55, 0x81, 0xFC, 0x6A, 0x28, 0x9E, 0xEE, 0xCF, 0x3C, 0xED,
    0x54, 0x68, 0xE5, 0xEA, 0x33, 0x7B, 0x83, 0xE3, 0x38, 0x7B, 0x76, 0xAA, 0x8B, 0x1A, 0x6F, 0x8C,
    0x0C, 0x55, 0x9C, 0xAA, 0x34, 0x14, 0xA4, 0x12, 0x4F, 0x2F, 0xF6, 0x3F, 0x27, 0x1C, 0x05, 0x27,
    0x57, 0xB5, 0x39, 0x0B, 0xCE, 0xB3, 0xB7, 0xBA, 0xEF, 0x47, 0x8B, 0x48, 0xAA, 0x5B, 0x3E, 0xBB,
    0xD8, 0xF3, 0xE1, 0xF2, 0x78, 0x2D, 0xD6, 0x62, 0x5C, 0xE2, 0x34, 0x88, 0x7D, 0x86, 0x8F, 0x43,
    0x95, 0x48, 0x91, 0x4F, 0x9A, 0xBC, 0xD9, 0x13, 0x3D, 0xB5, 0xB3, 0xD0, 0xFD, 0xFD, 0xE3, 0x59,
    0x47, 0xF8, 0xFD, 0x56, 0xDA, 0x60, 0x68, 0x21, 0xB2, 0x84, 0x07, 0xA1, 0xFD, 0x1F, 0xCD, 0x5A,
    0xBF, 0x8F, 0xDD, 0xC6, 0x11, 0x5E, 0x92, 0xC1, 0xD1, 0x10, 0xE3, 0x30, 0x45, 0x52, 0x39, 0x30,
    0x5D, 0xA4, 0x70, 0x11, 0x9B, 0x4D, 0x0A, 0x17, 0xB2, 0x96, 0xB1, 0x8A, 0x14, 0x2A, 0xE4, 0x26,
    0x75, 0xDA, 0x00, 0x01, 0x62, 0x97, 0x29, 0x64, 0x93, 0x76, 0x0A, 0x17, 0x29, 0xE2, 0x3F, 0x21,
    0xA5, 0x91, 0xC6, 0x2E, 0x53, 0xC8, 0x22, 0x23, 0x15, 0x29, 0x52, 0x84, 0x80, 0x81, 0xA4, 0x34,
    0x8D, 0xA8, 0xD7, 0xDA, 0x26, 0x9C, 0x05, 0x44, 0x72, 0xF2, 0x7D, 0xB3, 0xCB, 0x77, 0xEF, 0x4E,
    0x46, 0x1C, 0x23, 0x3A, 0xE9, 0xEE, 0xDE, 0x1B, 0xBC, 0x7B, 0xDC, 0xDD, 0x99, 0x9D, 0x9D, 0xF9,
    0xE6, 0xC7, 0x9E, 0xA9, 0x06, 0x63, 0x27, 0xD3, 0xE3, 0x85, 0x0F, 0x8D, 0x09, 0x3F, 0x77, 0x8C,
    0x59, 0x4D, 0xB2, 0x9A, 0x74, 0x35, 0xD9, 0x62, 0xF2, 0xC5, 0x14, 0x8B, 0x29, 0xF5, 0x55, 0x79,
    0x53, 0xCF, 0xC6, 0x3A, 0xBE, 0x7E, 0xF8, 0x3A, 0x86, 0xB6, 0x78, 0xF7, 0xC6, 0x14, 0xD2, 0x99,
    0x56, 0x7C, 0x2A, 0x22, 0x85, 0xC8, 0x5A, 0x6D, 0x0F, 0x67, 0x3B, 0xBB, 0xF7, 0xED, 0x67, 0xCE,
    0xF4, 0x77, 0x9D, 0x91, 0xBB, 0x93, 0x91, 0x7B, 0xA3, 0x91, 0x4F, 0xEE, 0x9A, 0xFE, 0xE1, 0x83,
    0xC1, 0x8A, 0x4C, 0x35, 0xDE, 0x18, 0x6B, 0xC8, 0xDC, 0xD8, 0x0E, 0x4B, 0x91, 0xFD, 0x73, 0x58,
    0xC8, 0x88, 0x38, 0x93, 0x8B, 0x78, 0x53, 0x8A, 0x8C, 0xA6, 0xF6, 0x95, 0xA1, 0x90, 0x20, 0x43,
    0x24, 0x98, 0xB7, 0xF0, 0xA1, 0x12, 0x8F, 0xEF, 0x46, 0xB3, 0x93, 0x7D, 0x48, 0xCA, 0x85, 0x20,
    0x52, 0x61, 0x7A, 0x08, 0xD5, 0xB5, 0x20, 0xC3, 0xAB, 0x27, 0xC2, 0x6F, 0x6B, 0xCF, 0x4D, 0x7E,
    0xC7, 0x98, 0x5B, 0xA6, 0x36, 0x14, 0xB9, 0xCB, 0xF9, 0x34, 0x03, 0x31, 0x89, 0xDC, 0x58, 0x4C,
    0xB6, 0x62, 0xDB, 0xD9, 0xA2, 0x7B, 0xCF, 0xF9, 0x67, 0xE5, 0x02, 0x23, 0x4B, 0x96, 0x10, 0x7C,
    0x36, 0x45, 0x93, 0x0D, 0x41, 0x59, 0x76, 0xC1, 0x1A, 0x43, 0xB5, 0x42, 0x28, 0x0C, 0x32, 0x15,
    0x26, 0x49, 0x63, 0x67, 0x93, 0xC9, 0x00, 0xE1, 0x13, 0xF9, 0x24, 0xEC, 0x68, 0xA3, 0xB2, 0x30,
    0x1B, 0x13, 0xB0, 0x3B, 0x63, 0x2A, 0xE1, 0x7C, 0x4C, 0x30, 0x18, 0xC9, 0xA7, 0x90, 0x61, 0xE5,
    0x37, 0x8B, 0x7E, 0xCD, 0x91, 0x61, 0x6F, 0x54, 0x38, 0x67, 0x05, 0xEA, 0x4E, 0x29, 0x84, 0xAA,
    0xF5, 0x20, 0xA0, 0x1B, 0xEC, 0xBD, 0x1D, 0x78, 0x86, 0x58, 0x15, 0xFC, 0xA4, 0x49, 0xB0, 0x95,
    0x3F, 0x99, 0xC3, 0xCF, 0xC9, 0x07, 0xFB, 0x19, 0x7A, 0x53, 0xCD, 0x9C, 0x77, 0x98, 0xDA, 0x8E,
    0x9C, 0xD7, 0x53, 0x9A, 0x1A, 0x53, 0x13, 0xEE, 0x2E, 0x28, 0xDF, 0x17, 0x13, 0x86, 0x25, 0x4D,
    0x50, 0x18, 0x1F, 0x42, 0x6A, 0x4F, 0x22, 0x0D, 0xB5, 0x3A, 0xA4, 0x92, 0xCA, 0x94, 0xAD, 0xA6,
    0xC5, 0x41, 0x82, 0x7F, 0x21, 0x5F, 0x49, 0xA7, 0x9B, 0x49, 0xB9, 0x08, 0xB6, 0x3B, 0xF3, 0x1C,
    0xB8, 0xA1, 0x1A, 0x5A, 0x6C, 0xC0, 0xBB, 0xBC, 0x4F, 0xBE, 0x38, 0x79, 0x2E, 0xD2, 0xE1, 0x21,
    0x97, 0x1B, 0x5A, 0xD3, 0x7E, 0x26, 0x0D, 0x34, 0xD5, 0xC8, 0x3D, 0x2C, 0x94, 0x2C, 0x6A, 0x08,
    0xEF, 0x73, 0x32, 0x67, 0x57, 0x3E, 0x01, 0xC3, 0x96, 0x23, 0x13, 0x5F, 0xAC, 0xD9, 0x94, 0x4D,
    0xAD, 0xBC, 0xEB, 0xCA, 0x77, 0x20, 0xC7, 0x5C, 0x65, 0xE0, 0x37, 0x5F, 0x2B, 0xD7, 0x67, 0xCC,
    0x7C, 0xB5, 0x84, 0x62, 0xE6, 0x5B, 0x50, 0x8C, 0x71, 0xB7, 0xAA, 0xF9, 0xC7, 0xA9, 0xBB, 0x0D,
    0x81, 0xB3, 0xF1, 0x56, 0x29, 0x4B, 0x39, 0x5C, 0xCB, 0x64, 0xA9, 0x8D, 0x85, 0xBD, 0x7D, 0x6C,
    0xCA, 0xD1, 0xE4, 0xD8, 0xE6, 0xAA, 0xFB, 0x0E, 0x87, 0x13, 0x18, 0xAE, 0x2B, 0xC6, 0xD6, 0xB2,
    0xD8, 0x7B, 0x4B, 0x9B, 0xF9, 0xF6, 0x86, 0x6B, 0xC5, 0xE1, 0xC0, 0x12, 0x0C, 0xC8, 0xCD, 0x77,
    0x29, 0x02, 0xBC, 0xA4, 0x1D, 0x20, 0x8F, 0x5C, 0x87, 0x77, 0xAC, 0xDC, 0x93, 0x57, 0x7F, 0x10,
    0x7A, 0x12, 0x48, 0xED, 0xB0, 0x26, 0xBE, 0x9B, 0xA0, 0x71, 0x48, 0xA2, 0x43, 0x92, 0x05, 0xDC,
    0xCC, 0x94, 0x76, 0x34, 0x1E, 0xF1, 0x50, 0x80, 0xCC, 0x24, 0x4E, 0x09, 0xF5, 0x43, 0x12, 0x6C,
    0x9C, 0x56, 0xDC, 0xF2, 0x34, 0xB0, 0x4C, 0xAE, 0x6E, 0xE5, 0x92, 0x35, 0x5D, 0xF2, 0x4F, 0x97,
    0xB7, 0xCA, 0x9B, 0xF2, 0xF2, 0xCB, 0x95, 0x7D, 0xFE, 0x6A, 0xFD, 0xEA, 0xF3, 0x57, 0xAD, 0x7F,
    0xE9, 0xEA, 0x35, 0x7F, 0xF5, 0xEA, 0xAB, 0xB7, 0xBD, 0x7D, 0xF1, 0xD7, 0xAE, 0x1A, 0xEB, 0x21,
    0xE7, 0x46, 0xE8, 0xCB, 0x32, 0x63, 0x59, 0xBC, 0x52, 0x69, 0x4A, 0x19, 0x21, 0x7F, 0x7F, 0xD3,
    0xAD, 0x85, 0xDB, 0xAA, 0x09, 0xA7, 0xD6, 0x0A, 0xDD, 0x18, 0x3C, 0xA7, 0xF3, 0x3C, 0xE9, 0x0B,
    0x2E, 0x3B, 0x43, 0xF0, 0x98, 0x26, 0x9A, 0x90, 0xA4, 0x4A, 0xB6, 0x68, 0x52, 0xDC, 0x49, 0x43,
    0xC2, 0xF3, 0x8C, 0x44, 0x47, 0x76, 0x85, 0x0C, 0xB5, 0x8C, 0xE5, 0x4D, 0xE8, 0xA2, 0x03, 0x96,
    0x64, 0xC0, 0x0C, 0xD8, 0x98, 0x74, 0x18, 0xCF, 0x31, 0xBF, 0x68, 0x32, 0xAE, 0x3D, 0xE1, 0x05,
    0xC8, 0x21, 0xC6, 0xD0, 0x6A, 0x86, 0x67, 0xDF, 0xC0, 0x2C, 0x20, 0x83, 0x29, 0xA0, 0xAA, 0x17,
    0xCD, 0x52, 0x88, 0xF5, 0x7D, 0xF7, 0x0A, 0xF8, 0x0F, 0xD0, 0xA0, 0x74, 0xD5, 0x0C, 0x2B, 0xA8,
    0xB1, 0x25, 0xE8, 0x3A, 0x03, 0x99, 0xB2, 0x0D, 0x86, 0x07, 0xD2, 0x8F, 0xF0, 0x51, 0x19, 0x0A,
    0x92, 0x72, 0x81, 0xDF, 0x97, 0x1B, 0xE0, 0xA8, 0xA4, 0x3C, 0x15, 0x49, 0x2D, 0x0F, 0x29, 0xDE,
    0x27, 0xDB, 0xD7, 0x28, 0x18, 0xA4, 0x53, 0x5F, 0x22, 0x0A, 0xC0, 0x10, 0x20, 0x22, 0x77, 0x4D,
    0x4F, 0x96, 0xEB, 0x9C, 0x2A, 0x99, 0x6E, 0x2D, 0xDF, 0x48, 0x8B, 0x15, 0x74, 0x83, 0x17, 0x59,
    0x59, 0x95, 0x2E, 0x84, 0x44, 0x59, 0xA0, 0xCE, 0x1C, 0x56, 0x33, 0x13, 0x5A, 0xE8, 0x9B, 0xF5,
    0x4C, 0x6A, 0x5D, 0xA0, 0x2D, 0xF1, 0xCD, 0xF5, 0x60, 0xDB, 0xD2, 0x3E, 0x20, 0x2F, 0x29, 0xD0,
    0x61, 0x30, 0x57, 0x1A, 0x0B, 0x90, 0x90, 0xA1, 0x6F, 0x7E, 0x60, 0x8C, 0xCF, 0xA6, 0xD2, 0x97,
    0x5B, 0xB2, 0x9D, 0xAC, 0xD6, 0x13, 0x10, 0xD3, 0xA5, 0x5E, 0xEC, 0x52, 0xFB, 0x6C, 0xCE, 0x5C,
    0x81, 0xDF, 0x72, 0x2A, 0xC7, 0x2B, 0x1D, 0xCE, 0xB4, 0x92, 0x09, 0x67, 0x2A, 0x37, 0xDC, 0xC6,
    0x33, 0x1D, 0x7B, 0x7C, 0x83, 0x03, 0x7D, 0x33, 0x19, 0xA0, 0xEB, 0x02, 0xD0, 0xB9, 0x94, 0x80,
    0x9F, 0x0D, 0x0A, 0x49, 0x04, 0xDE, 0x69, 0xE4, 0x77, 0x44, 0xD9, 0xBF, 0x60, 0x83, 0xFD, 0x5D,
    0x69, 0x52, 0x81, 0xD9, 0xEB, 0x90, 0x72, 0x86, 0x2E, 0xEC, 0x88, 0xEF, 0x6D, 0x83, 0x53, 0x7D,
    0x16, 0x5A, 0xDF, 0x7F, 0xEA, 0x41, 0xCF, 0x7B, 0x00, 0xC8, 0x64, 0xB4, 0xC1, 0x21, 0x53, 0x54,
    0x81, 0xF7, 0x70, 0xC1, 0x96, 0x30, 0x02, 0xD8, 0xA7, 0x3E, 0x37, 0xD5, 0xE0, 0xA6, 0xB6, 0xB1,
    0xE6, 0xF4, 0xDC, 0x0F, 0x2A, 0xC7, 0xE9, 0x76, 0x50, 0xDF, 0x7A, 0x0D, 0x8B, 0x64, 0x2B, 0xE3,
    0x43, 0xE9, 0xEB, 0x1E, 0x58, 0x32, 0xDD, 0xB1, 0x2A, 0x8D, 0x4C, 0x89, 0x00, 0x6C, 0xA6, 0x7C,
    0x01, 0x1D, 0xE9, 0xB9, 0x1B, 0xCF, 0x46, 0x9D, 0xFF, 0x71, 0xC8, 0x00, 0x5C, 0x33, 0xF6, 0x2E,
    0xBD, 0x4B, 0x6E, 0x00, 0x88, 0xB2, 0x35, 0xFF, 0x27, 0x50, 0xDC, 0x27, 0x04, 0xB5, 0x89, 0x96,
    0x09, 0xF1, 0x36, 0x1A, 0x76, 0x4E, 0x8D, 0x99, 0x5A, 0x65, 0xB0, 0xB0, 0xC0, 0x91, 0x14, 0x56,
    0xAA, 0xDC, 0x9D, 0xE2, 0x33, 0x47, 0xD0, 0x5C, 0x09, 0xB9, 0xD0, 0xD6, 0x98, 0x50, 0xAB, 0xB0,
    0x94, 0x01, 0xE6, 0x97, 0x61, 0xA2, 0x37, 0x57, 0x7E, 0x39, 0xD6, 0x04, 0x35, 0x6E, 0xDA, 0xCA,
    0xCF, 0x20, 0x49, 0xE1, 0xF3, 0x05, 0x87, 0x61, 0x4A, 0x47, 0xE7, 0x86, 0x9A, 0xE9, 0x4A, 0xD7,
    0x11, 0x12, 0xB2, 0xAD, 0x7C, 0x30, 0xE0, 0xB1, 0xFD, 0x83, 0x82, 0x05, 0x20, 0xB0, 0x1F, 0xE0,
    0xB1, 0x90, 0xA4, 0x17, 0x47, 0xE9, 0xDB, 0x06, 0x87, 0xC3, 0xA8, 0x4A, 0x66, 0x01, 0xA1, 0xE2,
    0xFB, 0xCE, 0x29, 0xA2, 0x9B, 0x5F, 0x19, 0xD5, 0x15, 0x02, 0x8F, 0xE9, 0xE9, 0x43, 0x8C, 0x96,
    0x01, 0xAA, 0xAD, 0x4B, 0xA1, 0x96, 0x62, 0x68, 0x5D, 0x4B, 0x80, 0xE1, 0x1B, 0xEE, 0x80, 0x70,
    0x2E, 0x34, 0x7D, 0x9C, 0xB3, 0x89, 0x4B, 0x83, 0x95, 0x46, 0x95, 0x5E, 0x7D, 0xBA, 0x08, 0x9A,
    0xFF, 0xAD, 0x39, 0xF7, 0xD3, 0xEA, 0x2C, 0x8A, 0x7F, 0xA4, 0x0F, 0x46, 0xA7, 0x10, 0xC6, 0xB8,
    0x82, 0x7D, 0x40, 0x40, 0xE9, 0xFF, 0xCE, 0x15, 0xE4, 0xE6, 0xC2, 0x21, 0x8C, 0x63, 0x50, 0x00,
    0xA4, 0x2B, 0x3D, 0xBC, 0x47, 0xE1, 0xC2, 0x44, 0x94, 0x90, 0x10, 0x69, 0x83, 0xB7, 0x31, 0x52,
    0x63, 0x58, 0x42, 0xE7, 0xE5, 0x2E, 0xE9, 0x34, 0x1A, 0x1B, 0xCD, 0x8F, 0x14, 0x4F, 0x18, 0x14,
    0x4D, 0xB9, 0x9D, 0xCA, 0xC9, 0x7C, 0xE1, 0x6B, 0xC4, 0x7C, 0x6A, 0x72, 0x16, 0xAA, 0xC3, 0x76,
    0x55, 0xBE, 0x38, 0x02, 0x84, 0x15, 0x9E, 0x59, 0xD6, 0x15, 0x97, 0x45, 0xC2, 0xFE, 0x3D, 0xA7,
    0x59, 0xC6, 0xA8, 0x99, 0x13, 0x0E, 0xBE, 0xBC, 0xBB, 0x5D, 0x12, 0xD9, 0x32, 0x26, 0x19, 0x48,
    0x4C, 0xF8, 0x77, 0xA4, 0x0C, 0x9D, 0xA6, 0x98, 0x82, 0x81, 0x5E, 0x9A, 0xF3, 0xB5, 0xEA, 0x1D,
    0x9A, 0x29, 0x98, 0xE5, 0x6D, 0x1A, 0xA6, 0xBF, 0xAD, 0xDF, 0x84, 0xA7, 0xC3, 0x53, 0xF5, 0x94,
    0x42, 0x42, 0xAA, 0xA8, 0x73, 0x83, 0x39, 0xC6, 0xC4, 0x42, 0xE7, 0xF2, 0x43, 0x1E, 0xC2, 0xB3,
    0x66, 0x95, 0x31, 0x71, 0xFD, 0x32, 0x7E, 0x90, 0xBF, 0x06, 0x6B, 0xC8, 0x00, 0x94, 0xBA, 0xC1,
    0x12, 0x49, 0x90, 0x26, 0xA3, 0xB5, 0x0F, 0x99, 0x28, 0x7C, 0x2E, 0x7C, 0x48, 0x77, 0x46, 0xF9,
    0xCE, 0xA8, 0x8A, 0xEB, 0x1F, 0x38, 0x1A, 0x19, 0x43, 0x9E, 0x9C, 0x31, 0x69, 0xD3, 0x1C, 0x9D,
    0x59, 0x09, 0x3F, 0x58, 0xAF, 0x3B, 0x0A, 0xD9, 0x64, 0xC3, 0x35, 0x1C, 0x25, 0x5E, 0x74, 0x9B,
    0x8C, 0xBB, 0x4B, 0x29, 0xF7, 0x2B, 0x57, 0x61, 0xCB, 0x83, 0xEA, 0xBB, 0x75, 0xBB, 0xBF, 0x2B,
    0x74, 0x05, 0xA2, 0x7F, 0xBA, 0x70, 0x18, 0xBF, 0x51, 0xB6, 0xAA, 0x2C, 0x8D, 0xF8, 0x4C, 0x3F,
    0xD7, 0x98, 0xAB, 0x16, 0xC3, 0x21, 0xB1, 0xE2, 0x5A, 0x19, 0x49, 0xE1, 0xF7, 0xC9, 0x9B, 0x16,
    0x3B, 0x19, 0x69, 0xC9, 0x15, 0x89, 0xA3, 0x58, 0x07, 0x7F, 0x9F, 0xA8, 0x5A, 0x9E, 0x3F, 0x36,
    0xBD, 0x3E, 0x0A, 0xE9, 0x8D, 0x6E, 0x9B, 0x3B, 0x4D, 0xC8, 0x22, 0xE5, 0xF8, 0x2C, 0xE4, 0xF0,
    0x21, 0x91, 0x17, 0xEE, 0x6A, 0xE3, 0x81, 0xAC, 0xB1, 0x40, 0x59, 0xF6, 0xA4, 0xBE, 0x3A, 0x24,
    0xF3, 0x7B, 0xC2, 0xA4, 0x49, 0xC5, 0x1A, 0x56, 0xD7, 0x04, 0x33, 0x16, 0x54, 0x4C, 0xFB, 0xF0,
    0xA8, 0x8B, 0x59, 0xFF, 0xCB, 0xE6, 0x89, 0xCB, 0xA2, 0xCA, 0xAA, 0x44, 0xD9, 0x21, 0x2F, 0xDC,
    0x98, 0x2B, 0x4E, 0x59, 0xF7, 0xA4, 0xC5, 0x58, 0xB3, 0x39, 0x38, 0x48, 0x2E, 0xAC, 0xAB, 0x56,
    0x8C, 0xCF, 0xBC, 0x1E, 0xD7, 0x13, 0x15, 0xE3, 0xA7, 0xA1, 0x26, 0x4E, 0x60, 0x7F, 0x5A, 0xB1,
    0xD0, 0xA8, 0x92, 0x53, 0x29, 0x38, 0x07, 0x6F, 0xB8, 0x1A, 0x52, 0x10, 0xCC, 0xA2, 0x13, 0x17,
    0x1B, 0xDD, 0x28, 0xAC, 0x5F, 0x2E, 0x81, 0x85, 0xC6, 0xE6, 0x39, 0x94, 0x6F, 0x7C, 0x33, 0x31,
    0x84, 0x71, 0x5B, 0xCD, 0xC9, 0xA5, 0xEB, 0x35, 0x3F, 0x56, 0xE3, 0x7B, 0xD3, 0xB0, 0x3C, 0xA1,
    0xBF, 0x90, 0x1F, 0x4B, 0xD9, 0x23, 0x76, 0x8F, 0x9F, 0x1F, 0xD3, 0x2E, 0xD6, 0xB4, 0x58, 0xAB,
    0xFA, 0x42, 0xCC, 0xF7, 0xCC, 0x4F, 0x2E, 0x8C, 0x57, 0x39, 0x22, 0xB3, 0x0D, 0xC5, 0x52, 0xAC,
    0x98, 0x50, 0x13, 0x75, 0xC7, 0x79, 0x8D, 0xD9, 0x81, 0x8F, 0xD8, 0xA5, 0xA5, 0x24, 0x58, 0x91,
    0xAD, 0xF2, 0x55, 0xC6, 0x8F, 0x1C, 0x9D, 0xDF, 0x0B, 0x64, 0xAD, 0x8C, 0x95, 0x50, 0x80, 0xD0,
    0x5A, 0x80, 0x08, 0x44, 0x89, 0x8E, 0xA7, 0xD9, 0x84, 0xD5, 0xF9, 0xB1, 0xDB, 0xB1, 0x48, 0x14,
    0xF4, 0x14, 0x63, 0x61, 0x3A, 0x15, 0xCB, 0x5A, 0x24, 0xC9, 0x03, 0xED, 0x46, 0x46, 0xA5, 0xC8,
    0xB6, 0x61, 0x64, 0xA8, 0xA3, 0xBC, 0xD2, 0x59, 0x0B, 0x8D, 0x88, 0xC3, 0x48, 0x4A, 0xB5, 0xE4,
    0xA7, 0x10, 0xC0, 0x90, 0x1A, 0xB5, 0xAA, 0xF6, 0x09, 0xC4, 0x05, 0x54, 0x0A, 0x86, 0x14, 0x04,
    0xA0, 0x21, 0xAE, 0xEC, 0xB2, 0x04, 0x0C, 0xB6, 0x8A, 0xB1, 0x6D, 0x88, 0x2F, 0x47, 0x26, 0x3D,
    0x72, 0x6B, 0x98, 0x8F, 0xBD, 0x81, 0x17, 0xEC, 0x92, 0xD0, 0x09, 0xB3, 0xDE, 0x98, 0xD9, 0x49,
    0xA8, 0x7F, 0xA4, 0x43, 0xED, 0x83, 0x9D, 0xF5, 0x63, 0xB6, 0xC9, 0xD4, 0x0F, 0xC8, 0x39, 0x1C,
    0x6B, 0x20, 0xBB, 0x50, 0xAA, 0x6A, 0x05, 0x1C, 0x02, 0x4C, 0x51, 0xFE, 0x2D, 0x04, 0xFE, 0xCA,
    0x67, 0x2C, 0x84, 0xE8, 0x1F, 0xD4, 0x4E, 0xBF, 0x69, 0xED, 0xBF, 0x32, 0x79, 0x46, 0x65, 0x0E,
    0x2D, 0xA9, 0x2E, 0x13, 0x8D, 0x25, 0x99, 0x0F, 0x11, 0x25, 0xC4, 0x8A, 0x51, 0x63, 0x48, 0x08,
    0x32, 0xCD, 0xB9, 0x80, 0xFC, 0x06, 0xB7, 0x94, 0x6B, 0x1C, 0xB0, 0xA7, 0x3A, 0xD4, 0xFA, 0x69,
    0x28, 0x65, 0x7A, 0x4E, 0xC6, 0x8A, 0xE7, 0x37, 0x29, 0xEC, 0x4F, 0xC4, 0x72, 0x48, 0xCA, 0x2C,
    0x78, 0xE4, 0xB2, 0xB1, 0x3D, 0x42, 0x0A, 0x1D, 0x72, 0xBB, 0xB0, 0xB4, 0x2D, 0x81, 0x4E, 0x5A,
    0x89, 0xBD, 0x16, 0x40, 0xBD, 0x82, 0x3A, 0xDD, 0xF7, 0xD0, 0x82, 0x60, 0x70, 0x55, 0x79, 0xAA,
    0xC1, 0x04, 0x9F, 0xDC, 0xE5, 0x54, 0xD3, 0x78, 0x54, 0xCC, 0xA7, 0x27, 0xA7, 0x04, 0x4D, 0x0E,
    0x87, 0xA6, 0x4F, 0xFF, 0x7B, 0x3E, 0x7E, 0xC5, 0x4C, 0x97, 0x44, 0xC2, 0x72, 0xFE, 0x58, 0x65,
    0xD3, 0x6C, 0x44, 0xE3, 0xF9, 0x52, 0x8F, 0x97, 0x44, 0xB6, 0xD6, 0xF0, 0x38, 0xB5, 0x76, 0x4D,
    0xE5, 0xBD, 0x8D, 0x94, 0x39, 0x92, 0xC6, 0x84, 0x4B, 0x21, 0xE1, 0x98, 0x0C, 0x99, 0xCB, 0x5D,
    0xB5, 0x68, 0x96, 0xA4, 0x3E, 0xC9, 0x59, 0x06, 0x43, 0xB2, 0xD0, 0x99, 0x34, 0xED, 0x43, 0xAC,
    0x88, 0xFA, 0xDE, 0x9A, 0xB7, 0x51, 0xCD, 0xC4, 0xF2, 0xFA, 0x05, 0xF6, 0x9A, 0xA6, 0x45, 0x53,
    0xB3, 0x59, 0x17, 0xD6, 0x84, 0x09, 0x54, 0x42, 0xD7, 0x05, 0xCE, 0x3A, 0xE7, 0x32, 0x54, 0x82,
    0x75, 0x4D, 0x6B, 0x7D, 0xB5, 0x24, 0xE0, 0x51, 0xFB, 0xDC, 0x59, 0x6F, 0xE7, 0x1A, 0x79, 0x9F,
    0x9D, 0xEF, 0x98, 0xDE, 0xD9, 0xAF, 0xBC, 0x62, 0xD3, 0x94, 0xB3, 0xE1, 0xD2, 0xB5, 0x6C, 0x0C,
    0x70, 0xFF, 0xA5, 0xC4, 0xDE, 0xA9, 0x4C, 0x51, 0x21, 0xB7, 0x0A, 0x66, 0x4D, 0xDF, 0x8F, 0xFA,
    0xD2, 0xA4, 0xC7, 0x14, 0xA1, 0x89, 0xB8, 0x9A, 0xC3, 0x86, 0x34, 0x66, 0x9E, 0xCB, 0x7C, 0x8C,
    0xA6, 0x71, 0x8A, 0x86, 0x09, 0xB3, 0x2B, 0x0E, 0x02, 0xD8, 0xE1, 0x43, 0xC1, 0xD2, 0x97, 0x3E,
    0x47, 0xBA, 0x10, 0xA1, 0x41, 0x71, 0x42, 0x95, 0x46, 0x56, 0xA0, 0x21, 0x3B, 0x24, 0xB3, 0x52,
    0x85, 0x32, 0x50, 0x00, 0x50, 0x1B, 0xDA, 0x8E, 0x33, 0xD3, 0x38, 0xBB, 0xE6, 0x0C, 0x01, 0x21,
    0x2E, 0x68, 0xA4, 0xCD, 0xB4, 0xE1, 0x64, 0xDA, 0x58, 0x9D, 0xE4, 0x21, 0xEF, 0x6F, 0x54, 0x8A,
    0xEE, 0x20, 0x67, 0xE8, 0xDF, 0x9E, 0x13, 0xF3, 0x29, 0xCA, 0x99, 0xAE, 0x21, 0x11, 0x6E, 0x34,
    0xB0, 0x8C, 0x04, 0xA5, 0x37, 0xA8, 0xDC, 0x29, 0x1D, 0x2E, 0x89, 0x84, 0x5B, 0xEA, 0xF7, 0x4A,
    0x23, 0xD2, 0x8D, 0xDD, 0x93, 0x54, 0x8B, 0xAF, 0xCB, 0x71, 0xD6, 0x47, 0xC5, 0x7E, 0x75, 0x54,
    0xEC, 0x87, 0x96, 0xC5, 0x9F, 0xCF, 0x9D, 0xB5, 0x65, 0xDC, 0x1D, 0x10, 0xBA, 0x8E, 0x7A, 0xEE,
    0xEC, 0x65, 0xEC, 0x3D, 0xF7, 0x7B, 0xDF, 0xD8, 0x73, 0x0F, 0xC9, 0x44, 0x0C, 0x19, 0x1A, 0xFD,
    0x22, 0xAD, 0x94, 0x06, 0x13, 0x7B, 0xB4, 0xE7, 0x7E, 0x54, 0x8B, 0x0C, 0x8A, 0x99, 0xAB, 0xBA,
    0xF1, 0xC0, 0xBA, 0x68, 0x8A, 0x4D, 0x53, 0x78, 0x26, 0x9B, 0x86, 0x8E, 0x3D, 0x43, 0x07, 0x25,
    0xF5, 0x8E, 0x5D, 0xC9, 0xB1, 0x0C, 0x70, 0x14, 0xBA, 0x92, 0x9E, 0x75, 0x4F, 0x77, 0x94, 0xAE,
    0x9C, 0xE6, 0x2C, 0xC0, 0xB3, 0x4D, 0xB5, 0x33, 0x50, 0x51, 0x9A, 0x45, 0x20, 0x62, 0x3B, 0x28,
    0x13, 0x38, 0x32, 0xC1, 0x03, 0x2C, 0x9C, 0xBD, 0x61, 0x96, 0xAA, 0xED, 0xC8, 0x92, 0x27, 0x85,
    0xF8, 0x97, 0x21, 0x3F, 0x73, 0x39, 0x40, 0xCB, 0x15, 0x3C, 0x05, 0x1E, 0x8B, 0xD3, 0xF3, 0x28,
    0xFD, 0x0B, 0x00, 0xC0, 0x19, 0xEB, 0xD5, 0x5F, 0x30, 0xFC, 0x7F, 0xC9, 0x6C, 0xE2, 0x73, 0x39,
    0xC0, 0xBC, 0xE6, 0x7A, 0xFD, 0x21, 0xCC, 0xF7, 0xEE, 0x80, 0x0D, 0x67, 0xAC, 0xB7, 0xD8, 0x90,
    0xF5, 0xF6, 0xD2, 0x87, 0xAE, 0xB0, 0x82, 0x4B, 0xB5, 0xE5, 0x48, 0x87, 0x28, 0x17, 0x04, 0xD7,
    0xCE, 0x17, 0xD0, 0x6E, 0x48, 0x48, 0xA8, 0x85, 0xB9, 0x16, 0xBD, 0x7B, 0x09, 0x18, 0x54, 0xC9,
    0x43, 0x76, 0xA0, 0x6E, 0x1C, 0xDA, 0x7B, 0x4C, 0x72, 0x43, 0xB2, 0x51, 0x2F, 0x7B, 0x59, 0xA7,
    0x67, 0xF2, 0x47, 0x73, 0xA1, 0x7C, 0x2B, 0x0D, 0xC4, 0xC1, 0x00, 0xD9, 0x9D, 0x6B, 0x3B, 0xE0,
    0xCC, 0x95, 0x0B, 0x65, 0xB9, 0xA1, 0x14, 0xCD, 0xE4, 0xD3, 0x81, 0xC5, 0x47, 0x63, 0x4A, 0x96,
    0xDB, 0xC5, 0x3B, 0xFE, 0x22, 0x59, 0xE6, 0x73, 0x35, 0x86, 0x7E, 0x4A, 0xB5, 0x60, 0x7A, 0x35,
    0xB7, 0xA3, 0x29, 0xC6, 0xFA, 0x91, 0xD4, 0xE8, 0xB1, 0x6F, 0xB5, 0xF4, 0x7B, 0xBD, 0xBD, 0xBC,
    0xC5, 0x60, 0xAD, 0xCD, 0x83, 0xF9, 0xD0, 0x6F, 0xBC, 0x28, 0xE6, 0x27, 0x32, 0x69, 0x05, 0x22,
    0x9B, 0x66, 0xF1, 0xB2, 0xFB, 0x24, 0x31, 0x66, 0x0D, 0x4B, 0xBE, 0x80, 0x05, 0x70, 0xF6, 0xAD,
    0x06, 0xD9, 0x5C, 0x9F, 0xB9, 0x2A, 0x0C, 0xB1, 0x3E, 0xD7, 0xEA, 0x7F, 0x2A, 0xA4, 0x7B, 0x09,
    0x1E, 0x14, 0x7B, 0x0A, 0x5B, 0xB8, 0x3D, 0x98, 0x5B, 0xD6, 0x3D, 0xD2, 0x14, 0xBC, 0x20, 0xCA,
    0x41, 0x00, 0x29, 0xF1, 0xA2, 0x73, 0xA9, 0xB6, 0x14, 0xC1, 0xD8, 0x74, 0x6C, 0x59, 0x1D, 0x1A,
    0xB5, 0x63, 0x02, 0x49, 0x2B, 0xD6, 0x3D, 0xA3, 0x0D, 0x1B, 0x83, 0x48, 0xF7, 0x79, 0xDD, 0x68,
    0x78, 0x91, 0xC5, 0x96, 0xB6, 0x36, 0xB7, 0xDB, 0x41, 0xD3, 0xEC, 0xC2, 0x1F, 0x79, 0x04, 0x11,
    0x90, 0x28, 0xAC, 0x79, 0x2D, 0x07, 0xA5, 0xA7, 0x67, 0x16, 0x6E, 0x83, 0x66, 0x5E, 0x8A, 0xB1,
    0xE1, 0xC3, 0xA4, 0x9E, 0x80, 0x4A, 0x69, 0xA1, 0x94, 0x4D, 0xF9, 0x63, 0x56, 0xEF, 0xF3, 0x9D,
    0xB7, 0x2B, 0x99, 0x94, 0xF4, 0x3B, 0x83, 0x64, 0x0C, 0xAE, 0x0D, 0xA4, 0x64, 0x2F, 0x98, 0x45,
    0x7E, 0x72, 0x74, 0x2C, 0xFF, 0xF7, 0xFA, 0x7A, 0xB7, 0x92, 0x32, 0x0F, 0x63, 0xBB, 0x99, 0x3D,
    0xEF, 0xB3, 0xB7, 0x0A, 0x7B, 0x6B, 0x83, 0x17, 0x83, 0x7A, 0xB5, 0x57, 0x48, 0x2C, 0x4E, 0x42,
    0x64, 0x50, 0xBD, 0x93, 0x55, 0xB8, 0x9A, 0x51, 0x8C, 0x22, 0x37, 0x3E, 0x18, 0x03, 0x10, 0x92,
    0xA1, 0x39, 0xE2, 0x58, 0x4E, 0x5F, 0x53, 0x4F, 0x36, 0x1F, 0x3F, 0x62, 0x6B, 0x8F, 0x97, 0xEF,
    0x2B, 0x84, 0x2A, 0xBD, 0x8E, 0x80, 0x83, 0x4D, 0x26, 0x8D, 0x4A, 0x84, 0x9D, 0x6A, 0xED, 0xC8,
    0x30, 0x89, 0x17, 0x02, 0x00, 0x20, 0xBA, 0x3C, 0xDC, 0xBB, 0x1E, 0xDD, 0x9D, 0xDB, 0x18, 0x77,
    0x3F, 0x62, 0x9D, 0x6F, 0x97, 0x44, 0x26, 0x1E, 0xFC, 0x8E, 0xC9, 0xDF, 0x7E, 0x1D, 0x76, 0x24,
    0x74, 0x5F, 0xF0, 0x8A, 0xA9, 0x6F, 0xAE, 0x84, 0x70, 0xBA, 0x2F, 0xA6, 0x99, 0x1D, 0x6F, 0x47,
    0xB2, 0xF8, 0xD6, 0x2A, 0xFE, 0xA8, 0x82, 0xA7, 0xD7, 0x6A, 0x15, 0x7F, 0x54, 0xC1, 0xEF, 0x4B,
    0x17, 0xAE, 0x1E, 0xEA, 0xB9, 0x1F, 0xED, 0x4C, 0x37, 0x42, 0x08, 0xEB, 0xAE, 0x9D, 0xD1, 0xEC,
    0xFF, 0xB7, 0xFE, 0xEB, 0x26, 0xC2, 0x7E, 0x26, 0xFF, 0x68, 0x08, 0xC9, 0xBC, 0x81, 0xD6, 0x26,
    0x28, 0xA6, 0x5F, 0xBB, 0x2E, 0xDA, 0xDB, 0xD4, 0xF2, 0xB9, 0xA1, 0xCF, 0x35, 0x3C, 0xB9, 0xA6,
    0x5A, 0x0B, 0x69, 0xF4, 0x16, 0xB0, 0x1D, 0xC1, 0xB6, 0x87, 0xAB, 0x1B, 0xBD, 0x8B, 0xD1, 0x5B,
    0x40, 0xC4, 0x4A, 0xCF, 0x09, 0x2E, 0x94, 0xFE, 0x25, 0x97, 0x4B, 0xE4, 0x34, 0xD1, 0x69, 0xAF,
    0x4F, 0xF8, 0xFB, 0xD3, 0x31, 0xC4, 0xD8, 0xFC, 0x5F, 0x58, 0xFE, 0x64, 0xB8, 0x7D, 0x9C, 0x05,
    0x6D, 0xBC, 0xD0, 0x83, 0xF7, 0xAB, 0x9D, 0x74, 0x45, 0x08, 0xDC, 0xD7, 0x59, 0x52, 0xB3, 0x41,
    0xC0, 0xDB, 0xE8, 0x7A, 0x3E, 0xDC, 0x43, 0x46, 0xC2, 0xCB, 0x48, 0xDE, 0x27, 0x8F, 0xF1, 0x1E,
    0x32, 0x10, 0x73, 0xB0, 0x97, 0x50, 0x0D, 0xA6, 0xA7, 0x31, 0x56, 0xDB, 0x58, 0xC9, 0x19, 0x54,
    0x3C, 0x91, 0x29, 0x74, 0x05, 0x0E, 0x5B, 0x1D, 0x00, 0x30, 0x08, 0xFB, 0x33, 0xFB, 0x0E, 0x13,
    0x16, 0xEF, 0xC7, 0x88, 0x8A, 0x03, 0xD3, 0x8D, 0x0E, 0x30, 0x23, 0x87, 0x7F, 0x4A, 0x70, 0xB1,
    0xB9, 0xDF, 0x1F, 0x45, 0x96, 0x8F, 0x4C, 0xE8, 0x24, 0x69, 0x8C, 0x55, 0x25, 0x24, 0x1A, 0x63,
    0xDF, 0x37, 0x17, 0xCA, 0x57, 0xBB, 0xAE, 0x4C, 0xBC, 0xB4, 0xEB, 0x4C, 0x8B, 0x44, 0x84, 0x7D,
    0xF6, 0x22, 0x59, 0x26, 0x5B, 0xC9, 0x18, 0xFB, 0x61, 0x17, 0x7A, 0x2B, 0xE5, 0xDF, 0x60, 0x3E,
    0xC5, 0x6B, 0xF3, 0x45, 0xB2, 0xA4, 0x63, 0xC0, 0xAA, 0x11, 0xA8, 0xE8, 0x1E, 0xF1, 0xDE, 0xFF,
    0x9C, 0x73, 0x3C, 0x6E, 0xBE, 0x6B, 0xF4, 0xAF, 0xE8, 0x63, 0xA1, 0x57, 0xA3, 0x20, 0x16, 0x91,
    0x7A, 0xEB, 0x43, 0xE7, 0x3E, 0xE6, 0x3A, 0x43, 0x48, 0x2A, 0xF5, 0xEE, 0x71, 0x88, 0xA5, 0x14,
    0x0B, 0x41, 0x20, 0x99, 0x56, 0x88, 0xB3, 0x42, 0x5C, 0xBC, 0xF7, 0x7F, 0x17, 0x78, 0x0E, 0xCF,
    0x9A, 0xCB, 0xA5, 0xFE, 0x70, 0xAE, 0xE7, 0xCD, 0xBA, 0xFA, 0xDF, 0x33, 0x08, 0x2A, 0x58, 0xE4,
    0x9D, 0x3F, 0x8F, 0xD9, 0x6B, 0x19, 0x05, 0x9B, 0xCC, 0xB5, 0x1A, 0x22, 0x3C, 0x73, 0xB4, 0xD3,
    0xFF, 0xCD, 0xCC, 0xD5, 0x55, 0x8A, 0x47, 0x5C, 0x05, 0x5A, 0x81, 0x67, 0x75, 0xF4, 0xAC, 0xE6,
    0xD8, 0xB3, 0x10, 0x22, 0x51, 0xF4, 0xC6, 0x86, 0xAC, 0x6A, 0xA5, 0x92, 0x07, 0xAC, 0x41, 0x4A,
    0xFF, 0xED, 0xCC, 0xFC, 0xF1, 0xF3, 0xFD, 0x46, 0x33, 0x7F, 0xEC, 0x2C, 0x8F, 0x6C, 0xCE, 0xFF,
    0x17, 0x9B, 0xBB, 0x00, 0x15, 0x4F, 0x7B, 0x59, 0xC0, 0x2E, 0x8A, 0xDE, 0x24, 0x87, 0xB2, 0xF7,
    0x4C, 0x91, 0x80, 0x67, 0xD6, 0xE3, 0x0C, 0x5A, 0x96, 0x1E, 0x28, 0x79, 0x56, 0xDE, 0x58, 0x6D,
    0x0C, 0x61, 0x2C, 0x56, 0x50, 0xA7, 0xB0, 0x35, 0x02, 0xF0, 0x4F, 0x45, 0xCB, 0x34, 0xCD, 0x96,
    0x68, 0x2F, 0x6A, 0xB2, 0xFD, 0x72, 0x28, 0x86, 0xF6, 0x02, 0x4B, 0x6F, 0xF4, 0xB3, 0x6D, 0x2F,
    0xCE, 0x42, 0x8B, 0x7E, 0x3A, 0x5C, 0x56, 0x87, 0x36, 0xB0, 0x3F, 0xB4, 0x81, 0x4F, 0xAB, 0xA9,
    0xCF, 0x43, 0xB1, 0x39, 0x87, 0x0B, 0x28, 0x0D, 0xED, 0xDA, 0x4D, 0x61, 0x43, 0x57, 0x6B, 0x5B,
    0x06, 0x57, 0xFE, 0xC3, 0x40, 0xBE, 0x66, 0x6C, 0x92, 0x66, 0x32, 0xB6, 0x9E, 0x49, 0xA1, 0x0B,
    0x68, 0xBF, 0xB1, 0x8D, 0xB2, 0xB4, 0xF7, 0xE3, 0xEA, 0xF3, 0xD9, 0xD5, 0x0F, 0xFF, 0xAC, 0x13,
    0x73, 0x10, 0x67, 0xE3, 0xBF, 0xFD, 0x9C, 0xE6, 0x20, 0x55, 0xF7, 0xF6, 0xF9, 0x43, 0x79, 0x62,
    0xCA, 0xF9, 0x0F, 0x6D, 0x92, 0x31, 0x6E, 0xDC, 0x30, 0x10, 0x45, 0xBF, 0x44, 0x20, 0x2C, 0x04,
    0x84, 0x47, 0xD0, 0x11, 0xD4, 0xBA, 0x31, 0x66, 0x01, 0x97, 0xB9, 0x4C, 0x4A, 0x77, 0x94, 0x93,
    0x32, 0x45, 0xAE, 0x90, 0x9B, 0x90, 0x89, 0x8B, 0x14, 0x69, 0x84, 0xF8, 0x02, 0x02, 0x7C, 0x01,
    0x1A, 0x50, 0xC1, 0x62, 0xC4, 0xC9, 0x8C, 0x04, 0x63, 0x9D, 0x20, 0xDC, 0xD9, 0xE5, 0x2C, 0x97,
    0xF3, 0x35, 0xFF, 0xCD, 0x4E, 0xD2, 0x48, 0x76, 0x12, 0x8E, 0xC2, 0x93, 0x58, 0x26, 0xFC, 0xFA,
    0xD6, 0xEF, 0xED, 0xED, 0x99, 0xE6, 0xBA, 0x96, 0x73, 0xCB, 0xF4, 0xD7, 0xF6, 0xDF, 0xC3, 0x73,
    0x9B, 0x71, 0xEF, 0x38, 0xAC, 0x34, 0x47, 0xA4, 0x2C, 0x6B, 0x5A, 0x68, 0xEE, 0xEB, 0xB0, 0x87,
    0xE6, 0x5B, 0xC7, 0x7D, 0x0D, 0x25, 0xCE, 0xB7, 0x70, 0x5B, 0x60, 0x7B, 0x39, 0x76, 0xD5, 0x97,
    0x29, 0x27, 0xDC, 0x00, 0xF7, 0x5D, 0xEE, 0x39, 0x14, 0xBB, 0x41, 0xF3, 0x8E, 0xD8, 0x33, 0xD2,
    0x63, 0x83, 0x3C, 0x0B, 0xD2, 0x93, 0x80, 0x1E, 0x76, 0xD8, 0x52, 0x8D, 0x65, 0xD8, 0xA9, 0x84,
    0x46, 0xC5, 0xB7, 0xA9, 0x74, 0x5A, 0x63, 0x67, 0x56, 0x17, 0x3F, 0xED, 0xB8, 0xC5, 0xAA, 0xFA,
    0x63, 0x0E, 0x4C, 0x6B, 0xE0, 0x54, 0x74, 0x2F, 0x8E, 0xC7, 0xD5, 0xD5, 0x90, 0x7D, 0xA1, 0x79,
    0xCA, 0x0D, 0xC9, 0x55, 0xDC, 0xF4, 0xCB, 0xA1, 0x47, 0x05, 0xB4, 0x22, 0x2E, 0xDA, 0xAE, 0xDA,
    0x22, 0x0B, 0x83, 0xD4, 0x0B, 0x34, 0x9C, 0x46, 0x83, 0xDF, 0x31, 0xB0, 0x85, 0xDD, 0xA4, 0x05,
    0x31, 0x8F, 0x22, 0xD3, 0x2B, 0xCB, 0x4E, 0xA0, 0x38, 0x93, 0x54, 0x91, 0x4D, 0xA4, 0x9C, 0x97,
    0xC3, 0x11, 0xEF, 0xBE, 0xC1, 0x57, 0x4C, 0x4D, 0x2F, 0x40, 0xCE, 0xD0, 0x87, 0xEB, 0xC9, 0x82,
    0xB0, 0x10, 0xB4, 0x33, 0xF9, 0xDC, 0xE2, 0x8B, 0x7C, 0x69, 0xE9, 0xB7, 0x7C, 0x60, 0xBA, 0xEC,
    0x6E, 0xEB, 0x14, 0x61, 0xD8, 0xB4, 0xB1, 0x41, 0x8A, 0x35, 0x07, 0x4C, 0xB2, 0x41, 0xB2, 0xB5,
    0xFA, 0xAB, 0x6A, 0x4F, 0xBA, 0xB4, 0xFF, 0xE1, 0xA0, 0x21, 0x7E, 0x1B, 0xB7, 0x23, 0x19, 0x4A,
    0x3C, 0xFC, 0xC8, 0xB8, 0xAA, 0x80, 0x25, 0xA2, 0xF0, 0x0E, 0x83, 0x12, 0xEA, 0xB4, 0x22, 0x2D,
    0xA1, 0xD2, 0x8B, 0xB0, 0x53, 0x35, 0xA4, 0x9F, 0xD2, 0x82, 0xB0, 0x5A, 0x0C, 0x45, 0xA6, 0x67,
    0x86, 0xE7, 0x71, 0x11, 0xFA, 0xC1, 0x18, 0x75, 0x1C, 0x2D, 0xDE, 0xB1, 0xFA, 0xA4, 0xEF, 0x7B,
    0xBC, 0xAB, 0x90, 0x0B, 0x3D, 0x71, 0xFC, 0x5A, 0x14, 0x84, 0x76, 0x42, 0xB2, 0x86, 0x8A, 0x60,
    0x7F, 0x8C, 0x59, 0x55, 0xFB, 0x06, 0xED, 0xC4, 0xEB, 0x2C, 0x06, 0xE3, 0x5D, 0x63, 0x0E, 0x25,
    0xCD, 0xDA, 0x03, 0x8C, 0x33, 0x3D, 0xA8, 0x4E, 0x5F, 0x01, 0x0F, 0x8C, 0x19, 0x94, 0x55, 0x4C,
    0x65, 0x54, 0xE0, 0xA4, 0x3E, 0x15, 0xCB, 0x15, 0x97, 0xDB, 0xD1, 0x29, 0xDE, 0x15, 0xF8, 0x08,
    0x9D, 0x8D, 0x63, 0xC3, 0xAE, 0x60, 0xCD, 0x77, 0xB2, 0xD1, 0xA8, 0x6F, 0xCF, 0xC6, 0x45, 0xF1,
    0xD3, 0x05, 0xEF, 0x0F, 0x67, 0x27, 0x27, 0x13, 0x32, 0xBF, 0xE6, 0xFA, 0xC4, 0x63, 0x93, 0xD2,
    0x07, 0x1A, 0x3B, 0x9D, 0xD5, 0xF1, 0xA3, 0x7D, 0xB8, 0xFD, 0xDF, 0x9A, 0x74, 0xAD, 0xF1, 0x6F,
    0x6A, 0xE8, 0xAC, 0xB9, 0x5C, 0x6B, 0xEA, 0xB5, 0xE6, 0x0F, 0x65, 0x55, 0xBB, 0x8E, 0xD4, 0x58,
    0x10, 0xAD, 0x69, 0x8B, 0x71, 0x60, 0x89, 0x8B, 0x10, 0x19, 0x12, 0x9D, 0x10, 0xAE, 0xF0, 0xA6,
    0x2B, 0x2D, 0xD8, 0x12, 0xDF, 0x40, 0xC4, 0x3F, 0xC0, 0x0F, 0x20, 0x5D, 0x4B, 0x13, 0x12, 0x2C,
    0x9F, 0xC0, 0x27, 0xB0, 0xD9, 0x4A, 0x8B, 0x64, 0x0B, 0x42, 0x12, 0x8B, 0xF9, 0x00, 0x2C, 0x41,
    0x46, 0x80, 0x25, 0x1C, 0x38, 0xB0, 0x5D, 0x9C, 0x73, 0xAE, 0x7B, 0x78, 0xB5, 0x66, 0xCE, 0xED,
    0x76, 0xDF, 0x7B, 0xEB, 0xD4, 0xA9, 0x53, 0xD5, 0x66, 0x66, 0x37, 0xF0, 0x6F, 0xFF, 0x11, 0x46,
    0xB3, 0xD2, 0x07, 0xCB, 0xDD, 0x17, 0xBC, 0x71, 0x37, 0xFC, 0xAF, 0x19, 0x60, 0x0C, 0xFE, 0xE9,
    0xDF, 0xEE, 0xE8, 0x36, 0x58, 0xB5, 0x64, 0x9D, 0xC5, 0x29, 0x37, 0x6B, 0xC7, 0xEB, 0x66, 0x3E,
    0xFC, 0x01, 0xE8, 0xFF, 0x24, 0x0C, 0x80, 0xF7, 0x1D, 0xE0, 0x6B, 0xFD, 0xC4, 0x22, 0xCF, 0x57,
    0x80, 0x26, 0x10, 0x70, 0xCB, 0x6A, 0x80, 0xC6, 0x0A, 0xEC, 0xB0, 0xC0, 0x70, 0xD7, 0x08, 0x0C,
    0xB4, 0x71, 0xE3, 0x4A, 0x58, 0x12, 0x44, 0x5C, 0x65, 0x6D, 0x0F, 0xF0, 0xEE, 0x0A, 0x70, 0xF8,
    0x8C, 0x70, 0x00, 0xD4, 0x64, 0x85, 0xFB, 0xF0, 0x5C, 0x50, 0xF9, 0x6C, 0x08, 0x39, 0xE1, 0x94,
    0x23, 0x8B, 0xB0, 0xE0, 0xD9, 0x51, 0x30, 0x2B, 0xC8, 0x6D, 0x04, 0xC6, 0x0D, 0x23, 0x73, 0x9B,
    0x0C, 0x8C, 0x7A, 0x2B, 0xE7, 0x3B, 0x38, 0xC7, 0x40, 0x15, 0xAF, 0x8F, 0x80, 0x82, 0x2C, 0x0A,
    0x12, 0xB0, 0x8A, 0xC1, 0x09, 0x81, 0x1F, 0x8F, 0xCE, 0xFB, 0xB9, 0x2F, 0x27, 0x97, 0xE8, 0x73,
    0x41, 0x3E, 0xDE, 0x30, 0xCB, 0xEE, 0xAF, 0x73, 0xE6, 0x85, 0x0B, 0xB1, 0x05, 0x11, 0x36, 0x2C,
    0x8B, 0x15, 0x5C, 0x56, 0x0B, 0x2B, 0xB7, 0x8B, 0x50, 0xEB, 0x35, 0x17, 0x1C, 0x20, 0x29, 0xF7,
    0xA1, 0xD4, 0x32, 0x56, 0x93, 0x9D, 0x79, 0x9C, 0x71, 0xB4, 0x75, 0x5D, 0xEA, 0x1E, 0x3C, 0x32,
    0xC5, 0xDC, 0x63, 0x6F, 0xD9, 0x86, 0x5C, 0x3B, 0x5E, 0xCB, 0xA5, 0x58, 0xB5, 0x04, 0x0A, 0xD5,
    0x70, 0x29, 0xBD, 0xE6, 0x12, 0x5C, 0xB9, 0x16, 0x58, 0xCA, 0x29, 0x69, 0x42, 0x5D, 0x25, 0x5B,
    0x67, 0xD4, 0x6D, 0x30, 0x0A, 0x37, 0xF2, 0xBB, 0x56, 0x3B, 0x10, 0xF7, 0x14, 0x8F, 0x8A, 0x16,
    0xEB, 0x19, 0xBE, 0x0D, 0xDA, 0x4F, 0xAC, 0x53, 0xEA, 0xCC, 0xBD, 0xD7, 0xA5, 0xA6, 0xF4, 0x7E,
    0xC1, 0x76, 0xB0, 0x53, 0xA9, 0x52, 0x99, 0x94, 0x31, 0xC5, 0xA0, 0x00, 0xDC, 0x85, 0xF5, 0x88,
    0xD4, 0x06, 0xAC, 0x8C, 0xD8, 0xE5, 0x88, 0x3F, 0x1F, 0xE8, 0x08, 0xF3, 0x25, 0x63, 0x11, 0x0F,
    0xBE, 0xE0, 0xCB, 0xCC, 0x33, 0x5F, 0x90, 0x49, 0x14, 0x1D, 0xEF, 0xDA, 0x7D, 0x75, 0xAF, 0x3E,
    0x6E, 0xAD, 0x77, 0x07, 0x8F, 0x6F, 0x37, 0x84, 0x40, 0x16, 0x17, 0xD4, 0x1B, 0x2B, 0xFE, 0x0C,
    0xB9, 0x81, 0xF8, 0xC6, 0x75, 0x31, 0xF2, 0x35, 0x64, 0xC1, 0x6A, 0xC1, 0x9A, 0x7C, 0x2B, 0x5A,
    0x62, 0x89, 0x33, 0x51, 0x0C, 0xCF, 0xA8, 0xCE, 0x81, 0x10, 0xB1, 0x07, 0xAA, 0xF7, 0x04, 0x16,
    0x17, 0xC7, 0xCB, 0xCF, 0xAA, 0xD1, 0x4C, 0xB3, 0x4E, 0x90, 0xBB, 0x84, 0x26, 0x13, 0x12, 0x08,
    0x33, 0x4C, 0x29, 0xE3, 0x14, 0x2E, 0x16, 0x2D, 0x0E, 0xDC, 0xB2, 0xFD, 0x15, 0xF9, 0xAC, 0xBD,
    0x02, 0x4A, 0xC2, 0xF4, 0xB5, 0x9F, 0x8F, 0x1A, 0x93, 0x61, 0xF1, 0xE0, 0x05, 0xFA, 0xA5, 0x5C,
    0xAF, 0x04, 0x0C, 0xB4, 0x1C, 0x35, 0x5E, 0xC8, 0xAB, 0x13, 0xB1, 0x46, 0x86, 0x96, 0xE3, 0xC8,
    0x01, 0x4F, 0x3A, 0xB1, 0x4E, 0x22, 0xCF, 0xE7, 0xCD, 0x1E, 0x8F, 0xAD, 0xD3, 0xCB, 0xB5, 0x6A,
    0x97, 0xAD, 0x36, 0x2A, 0x0C, 0xEF, 0xE1, 0x66, 0x64, 0x5E, 0x8D, 0x39, 0x53, 0x1E, 0x18, 0xAD,
    0x1D, 0x28, 0x85, 0x5F, 0xAA, 0x0D, 0x3E, 0xAC, 0xF2, 0xC5, 0xA4, 0xFB, 0x53, 0xF3, 0x39, 0xF5,
    0x27, 0x87, 0xCC, 0xBF, 0xAC, 0x44, 0xFA, 0xA9, 0xD8, 0x78, 0x41, 0x81, 0x09, 0x20, 0xC3, 0x21,
    0x0A, 0xB0, 0x1D, 0x65, 0xBE, 0x85, 0x76, 0xC7, 0xCD, 0xE5, 0x24, 0xEB, 0x55, 0xEA, 0x80, 0x8A,
    0xFE, 0x22, 0x37, 0xB9, 0x9D, 0xE8, 0x1D, 0xF7, 0xB0, 0x8E, 0x43, 0xE5, 0x5D, 0xF0, 0xBE, 0x52,
    0x4D, 0x33, 0xAF, 0xA3, 0x14, 0x96, 0x1F, 0x65, 0x6F, 0xC9, 0x83, 0x54, 0x3E, 0x19, 0x3D, 0x6E,
    0x7B, 0x0F, 0xEF, 0xA8, 0x56, 0x56, 0x83, 0xFD, 0xEC, 0x44, 0xBC, 0x5E, 0xAA, 0xA2, 0xFA, 0x74,
    0x10, 0x3E, 0xF5, 0x17, 0x96, 0x46, 0x98, 0x12, 0x53, 0x07, 0x68, 0x5E, 0xBC, 0x63, 0x97, 0xFC,
    0xD3, 0x8C, 0xA0, 0x1D, 0x28, 0xD5, 0xCC, 0x21, 0x14, 0xC7, 0xA3, 0x5C, 0x5C, 0xB2, 0x0F, 0xC8,
    0x2E, 0x61, 0x2D, 0x44, 0xCA, 0xCF, 0x32, 0xF4, 0xDD, 0xF4, 0x9A, 0xBE, 0x5C, 0x67, 0xF4, 0x4D,
    0xA5, 0x4E, 0xD2, 0x48, 0xDB, 0x15, 0x43, 0x40, 0x16, 0x2C, 0x53, 0x75, 0x32, 0xD5, 0x3E, 0x4F,
    0xD8, 0x88, 0x60, 0xB6, 0x9C, 0x20, 0x26, 0xF3, 0x2C, 0x89, 0xD7, 0x3E, 0x5B, 0x3F, 0x4C, 0xC1,
    0x9F, 0xBF, 0x81, 0x4C, 0xA1, 0x21, 0xA5, 0x1A, 0x8C, 0x82, 0x08, 0x71, 0xA2, 0x0A, 0x1E, 0x10,
    0xEE, 0xD3, 0xCF, 0x7F, 0x1B, 0xB9, 0x5C, 0xB7, 0xB8, 0x6D, 0xBF, 0xCD, 0x56, 0xDC, 0xCE, 0xBC,
    0x29, 0x4E, 0x41, 0x1D, 0xCE, 0x5F, 0xA6, 0xFC, 0x1B, 0x42, 0xAD, 0x69, 0xDC, 0x52, 0x8D, 0x47,
    0x8F, 0x49, 0xF7, 0x90, 0xE6, 0xE1, 0x4A, 0x58, 0x4C, 0x63, 0xA3, 0xE2, 0x27, 0xCD, 0xD1, 0x92,
    0xAE, 0x0A, 0xC9, 0xBF, 0xCC, 0x23, 0x4D, 0xD9, 0xE6, 0x64, 0xC4, 0xE4, 0x36, 0xC6, 0xA8, 0x58,
    0x90, 0x23, 0x43, 0x96, 0xE3, 0xA9, 0x26, 0xD5, 0xF8, 0x0A, 0xF0, 0x79, 0xD4, 0xBC, 0x33, 0x8E,
    0x1A, 0x1E, 0x6B, 0x70, 0xE9, 0xF3, 0x21, 0xD9, 0xE4, 0x26, 0x9D, 0x97, 0xF1, 0x4B, 0x5C, 0x7F,
    0x97, 0x8D, 0xE2, 0xCD, 0xFF, 0x90, 0xA2, 0x2E, 0x96, 0xA7, 0x1B, 0xA5, 0x9D, 0x09, 0x12, 0x99,
    0xCC, 0x06, 0xFB, 0xFE, 0x7A, 0x26, 0x7C, 0x2D, 0x94, 0x19, 0x8E, 0x89, 0x16, 0x59, 0x07, 0xCD,
    0xBB, 0x54, 0xF2, 0x56, 0xF3, 0xCB, 0x2F, 0x2F, 0xF9, 0x6B, 0x71, 0xF1, 0x96, 0x12, 0xE5, 0x6F,
    0x88, 0xC5, 0x85, 0xD7, 0xF9, 0x16, 0x2E, 0x1C, 0x26, 0x0B, 0x0F, 0x39, 0x97, 0x03, 0x06, 0x6B,
    0x58, 0xCA, 0x82, 0x78, 0x0F, 0xB3, 0xEB, 0x38, 0x3F, 0xE0, 0x54, 0x9D, 0xE4, 0xF2, 0x91, 0x33,
    0x15, 0x58, 0x0A, 0xD1, 0x5C, 0x98, 0x01, 0xCC, 0x32, 0xF5, 0x75, 0xEA, 0xDA, 0xF2, 0x87, 0xB8,
    0x98, 0x76, 0x4E, 0x4F, 0x71, 0xFE, 0xB6, 0x03, 0xD1, 0x7B, 0x3E, 0x51, 0x1B, 0xB0, 0xE2, 0xE9,
    0x77, 0x75, 0x4C, 0x95, 0xD9, 0x9B, 0x5C, 0xC3, 0x7A, 0xC7, 0x36, 0x4D, 0x2E, 0x57, 0x19, 0x7F,
    0x6B, 0x83, 0x6F, 0xA5, 0x91, 0xBF, 0x4E, 0x03, 0x31, 0x0C, 0xC6, 0x3F, 0x9A, 0xE1, 0x86, 0x0A,
    0xB2, 0x30, 0x22, 0x75, 0x65, 0xA8, 0x28, 0x43, 0x87, 0x1B, 0xAE, 0xCA, 0x49, 0x3C, 0x10, 0x8C,
    0x6C, 0x74, 0x63, 0x84, 0x47, 0x61, 0x04, 0x81, 0x74, 0x2E, 0x7D, 0x01, 0xB7, 0x0C, 0x0C, 0x48,
    0x90, 0x07, 0x40, 0x10, 0xA1, 0x4A, 0x04, 0x71, 0x6D, 0xF0, 0x25, 0xAD, 0x84, 0xF8, 0x33, 0x20,
    0x12, 0xDB, 0xFA, 0x29, 0xFE, 0x12, 0x5B, 0x31, 0xB6, 0x91, 0xFF, 0xB6, 0xB5, 0x37, 0xBE, 0x72,
    0x95, 0x35, 0x25, 0xB6, 0x21, 0x07, 0x28, 0x00, 0x23, 0x36, 0x84, 0x61, 0x18, 0x87, 0x7C, 0x86,
    0xFC, 0x10, 0x79, 0x81, 0x3C, 0x8F, 0xD6, 0x47, 0x7E, 0xA0, 0xFD, 0xA9, 0xF1, 0xA8, 0x1C, 0x2A,
    0x0B, 0xB9, 0xB7, 0x5A, 0xFB, 0x82, 0xFB, 0xA1, 0x44, 0x2F, 0xBC, 0x97, 0x30, 0x6F, 0x59, 0x89,
    0x01, 0x24, 0xE4, 0x7F, 0x0A, 0x6B, 0xA1, 0x6C, 0xFB, 0x2C, 0xC0, 0x78, 0x1D, 0x50, 0xCD, 0x74,
    0x2D, 0x45, 0x32, 0xD7, 0xF4, 0xF3, 0x65, 0xFD, 0x54, 0xAD, 0x2D, 0x0F, 0xB4, 0xE4, 0x6C, 0x10,
    0x24, 0x98, 0x70, 0x2C, 0xE1, 0xF4, 0xBF, 0xD5, 0xDC, 0xB7, 0xFD, 0x52, 0x87, 0x45, 0xDD, 0x71,
    0x1D, 0xB7, 0xE3, 0x0A, 0x37, 0x0B, 0x7C, 0x81, 0x33, 0x91, 0xB5, 0xE0, 0x0C, 0x5E, 0x03, 0x82,
    0xD8, 0x09, 0xBC, 0x86, 0xFB, 0x6C, 0x3D, 0xBC, 0xA4, 0xD4, 0x43, 0x93, 0x2A, 0x35, 0xA0, 0xD3,
    0xF3, 0x9B, 0x88, 0x5F, 0xBE, 0x74, 0x45, 0x03, 0xA7, 0xC8, 0x38, 0x75, 0x1D, 0x58, 0x3D, 0xCF,
    0x91, 0x85, 0x1A, 0x47, 0xBE, 0x40, 0x45, 0x05, 0x2E, 0xA9, 0xC9, 0x47, 0x3F, 0x8B, 0x9A, 0x51,
    0xB0, 0xEA, 0x61, 0x01, 0x25, 0x9A, 0xDE, 0x5C, 0x34, 0x9C, 0x74, 0x7B, 0x51, 0x83, 0xE8, 0x2D,
    0x71, 0xB4, 0xDF, 0x92, 0xA3, 0x0A, 0x56, 0x7A, 0x60, 0x28, 0x37, 0xAA, 0x33, 0x3B, 0xF2, 0x68,
    0x33, 0x85, 0x0E, 0xD1, 0x1C, 0xEB, 0x4C, 0xB7, 0x57, 0x44, 0x77, 0xE8, 0x32, 0x4D, 0x1D, 0xD1,
    0xCD, 0xB0, 0xCF, 0xC4, 0x96, 0x68, 0x4A, 0xBB, 0x02, 0x4C, 0x34, 0x59, 0x01, 0x7F, 0x83, 0x09,
    0xF5, 0x13, 0x4C, 0xA9, 0x9B, 0xE0, 0x66, 0xB8, 0xB5, 0x04, 0x6C, 0x24, 0xB8, 0x47, 0x96, 0xE0,
    0x11, 0x2A, 0x81, 0x07, 0x6C, 0x04, 0x07, 0x1C, 0x34, 0x30, 0x92, 0x5E, 0xBB, 0x0D, 0x8C, 0x65,
    0xB2, 0xBA, 0x81, 0x7B, 0xE9, 0x59, 0xB1, 0x80, 0x8F, 0x83, 0x10, 0xB0, 0x0D, 0x14, 0xCC, 0xE3,
    0x38, 0x20, 0xCD, 0xFC, 0x14, 0x3F, 0xB1, 0x65, 0xD9, 0xA7, 0xEF, 0x3C, 0x9F, 0x72, 0x82, 0xCE,
    0xF3, 0x72, 0x7E, 0xAA, 0x5E, 0x4D, 0x32, 0x5E, 0xFE, 0x00, 0x35, 0x8E, 0xB1, 0x0D, 0x83, 0x30,
    0x14, 0x44, 0x8F, 0x50, 0xB8, 0xA0, 0xF0, 0x08, 0x1E, 0x81, 0x11, 0x60, 0x33, 0x22, 0x65, 0x9B,
    0x2C, 0x81, 0xA5, 0x2C, 0x90, 0x64, 0x02, 0x46, 0xB0, 0x12, 0x0A, 0x17, 0xE0, 0xE3, 0xBE, 0x11,
    0x85, 0x9F, 0x2C, 0xFD, 0xD3, 0xDD, 0x03, 0x80, 0x69, 0x14, 0x1A, 0x46, 0xBD, 0xAF, 0xD8, 0xF1,
    0xC7, 0x3B, 0x7A, 0xC6, 0xA2, 0x93, 0x7E, 0x00, 0x3F, 0x30, 0x46, 0x21, 0x90, 0x6E, 0xD7, 0xB1,
    0x74, 0x1B, 0x06, 0xEE, 0xDE, 0xB8, 0x89, 0x2D, 0xE1, 0x33, 0xDA, 0x82, 0x7E, 0x85, 0x13, 0x13,
    0x2C, 0x90, 0xE0, 0x2F, 0x4E, 0x8B, 0x05, 0xE6, 0x37, 0xC2, 0x8A, 0x39, 0x5A, 0x40, 0x7D, 0x3A,
    0x69, 0x60, 0x48, 0x4D, 0x9D, 0x01, 0x9E, 0xA8, 0x0E, 0x90, 0xC3, 0x5F, 0xEC, 0xF9, 0xA2, 0x39,
    0x3C, 0x8A, 0x39, 0x38, 0x63, 0x54, 0xAD, 0x1C, 0x54, 0x28, 0x07, 0x7F, 0x3A, 0x64, 0x73, 0x08,
    0xD9, 0x1C, 0x54, 0x2B, 0x07, 0xD5, 0xBA, 0x4A, 0x73, 0x58, 0xAE, 0xF5, 0xCD, 0xD6, 0x15, 0xD6,
    0xAE, 0x1C, 0x78, 0x3A, 0x5C, 0xEB, 0x43, 0xBA, 0x71, 0xC4, 0x01, 0x5D, 0xD0, 0x31, 0x4E, 0xC3,
    0x30, 0x14, 0x06, 0xE0, 0x3F, 0x36, 0x52, 0x06, 0x50, 0xB3, 0xB1, 0x10, 0xD1, 0x0B, 0x44, 0x6A,
    0x87, 0x0C, 0x19, 0x2A, 0xE2, 0x23, 0xB0, 0x73, 0x04, 0x86, 0x66, 0xE8, 0x40, 0x27, 0x72, 0x05,
    0x24, 0x8E, 0x50, 0x06, 0xBA, 0x24, 0x43, 0x07, 0x86, 0x4A, 0xF1, 0x11, 0x72, 0x04, 0x0F, 0x2C,
    0x6C, 0x1E, 0x32, 0x04, 0x51, 0xF2, 0x78, 0x76, 0x08, 0x03, 0x5E, 0x3E, 0x5B, 0x7E, 0xB2, 0xFE,
    0xDF, 0x00, 0xA2, 0x12, 0x6E, 0xDD, 0x58, 0x4F, 0xB6, 0x19, 0xC9, 0x46, 0x56, 0x9E, 0x34, 0xF1,
    0x14, 0xE3, 0xC9, 0xFA, 0x3B, 0xA9, 0x53, 0xC7, 0x5C, 0xD5, 0x8E, 0x23, 0xBE, 0x48, 0x43, 0xB6,
    0x18, 0x9E, 0x0C, 0xCE, 0x21, 0x34, 0x2C, 0xAE, 0x1D, 0x86, 0x4E, 0xCC, 0xA5, 0xF9, 0x50, 0x00,
    0x51, 0xD7, 0x02, 0x62, 0xB8, 0x5D, 0x31, 0xD2, 0x22, 0x66, 0x22, 0x8B, 0x84, 0x39, 0x6E, 0x5F,
    0xDF, 0x5A, 0x08, 0x93, 0x93, 0xE5, 0x13, 0x36, 0x78, 0x70, 0xD4, 0x70, 0x93, 0x28, 0x90, 0x39,
    0xF2, 0x97, 0x03, 0xF5, 0x40, 0x43, 0x66, 0x5F, 0x95, 0x30, 0x52, 0x21, 0xE8, 0x61, 0x19, 0x2C,
    0x88, 0x2A, 0x1E, 0x08, 0xAA, 0xFD, 0x37, 0x23, 0x68, 0x50, 0x2E, 0xD3, 0xE3, 0xF3, 0x5D, 0xE7,
    0x82, 0x1A, 0x1E, 0x60, 0x23, 0xB7, 0xE7, 0x77, 0x7C, 0xFA, 0x03, 0x60, 0x9C, 0x09, 0xF7, 0x80,
    0xBF, 0x0C, 0x7D, 0x37, 0x59, 0xCE, 0xBC, 0x42, 0xC7, 0x38, 0x03, 0x14, 0x4C, 0x82, 0x85, 0x12,
    0x9D, 0x2B, 0x9D, 0x6B, 0x79, 0x42, 0x9D, 0x22, 0x2F, 0xD9, 0x62, 0xC9, 0x8F, 0x0A, 0x8B, 0x74,
    0x89, 0xF1, 0x8B, 0xFE, 0x9B, 0x46, 0xEF, 0xC0, 0x5A, 0x17, 0xD9, 0xC5, 0x15, 0xD1, 0x4E, 0xD7,
    0x49, 0xB4, 0x03, 0xEE, 0xB5, 0x8D, 0x43, 0xE2, 0xA5, 0xCC, 0x4C, 0x30, 0x83, 0xD0, 0x21, 0x9A,
    0x6E, 0xDD, 0xCB, 0x52, 0xEA, 0xB9, 0x0E, 0x5B, 0x0E, 0x69, 0x82, 0xE6, 0x93, 0x73, 0xFD, 0xE5,
    0x9C, 0x72, 0x4F, 0x3D, 0xA6, 0x5E, 0xBF, 0x3D, 0x7F, 0x00,
};

static const EpdGlyph lexenddeca_14_bolditalicGlyphs[] = {
    { 0, 0, 149, 0, 0, 0, 0 }, // U+0020
    { 10, 20, 144, 2, 20, 50, 0 }, // !
    { 15, 8, 223, 3, 20, 30, 50 }, // "
    { 22, 20, 343, 2, 20, 110, 80 }, // #
    { 20, 25, 296, 1, 22, 125, 190 }, // $
    { 25, 21, 452, 4, 21, 132, 315 }, // %
    { 21, 20, 362, 2, 20, 105, 447 }, // &
    { 8, 8, 118, 3, 20, 16, 552 }, // '
    { 13, 26, 182, 2, 20, 85, 568 }, // (
    { 13, 26, 182, -1, 20, 85, 653 }, // )
    { 13, 12, 205, 3, 21, 39, 738 }, // *
    { 16, 16, 279, 2, 16, 64, 777 }, // +
    { 8, 10, 134, 0, 4, 20, 841 }, // ,
    { 12, 4, 209, 2, 10, 12, 861 }, // -
    { 6, 5, 120, 1, 5, 8, 873 }, // .
    { 22, 25, 278, -1, 20, 138, 881 }, // /
    { 19, 20, 315, 2, 20, 95, 1019 }, // 0
    { 14, 20, 262, 2, 20, 70, 1114 }, // 1
    { 17, 20, 256, 1, 20, 85, 1184 }, // 2
    { 19, 20, 276, 1, 20, 95, 1269 }, // 3
    { 18, 20, 309, 2, 20, 90, 1364 }, // 4
    { 18, 20, 278, 1, 20, 90, 1454 }, // 5
    { 16, 20, 270, 2, 20, 80, 1544 }, // 6
    { 17, 20, 258, 2, 20, 85, 1624 }, // 7
    { 17, 20, 280, 2, 20, 85, 1709 }, // 8
    { 16, 20, 269, 3, 20, 80, 1794 }, // 9
    { 8, 16, 120, 1, 16, 32, 1874 }, // :
    { 10, 22, 136, 0, 16, 55, 1906 }, // ;
    { 15, 16, 245, 2, 15, 60, 1961 }, // <
    { 17, 10, 291, 2, 13, 43, 2021 }, // =
    { 16, 16, 246, 1, 15, 64, 2064 }, // >
    { 14, 20, 250, 4, 20, 70, 2128 }, // ?
    { 28, 25, 450, 2, 20, 175, 2198 }, // @
    { 22, 20, 324, -1, 20, 110, 2373 }, // A
    { 20, 20, 327, 2, 20, 100, 2483 }, // B
    { 20, 20, 324, 3, 20, 100, 2583 }, // C
    { 22, 20, 360, 2, 20, 110, 2683 }, // D
    { 19, 20, 301, 2, 20, 95, 2793 }, // E
    { 19, 20, 288, 2, 20, 95, 2888 }, // F
    { 21, 20, 365, 3, 20, 105, 2983 }, // G
    { 23, 20, 364, 2, 20, 115, 3088 }, // H
    { 17, 20, 259, 2, 20, 85, 3203 }, // I
    { 21, 20, 310, 1, 20, 105, 3288 }, // J
    { 23, 20, 345, 2, 20, 115, 3393 }, // K
    { 16, 20, 284, 2, 20, 80, 3508 }, // L
    { 25, 20, 410, 2, 20, 125, 3588 }, // M
    { 23, 20, 377, 2, 20, 115, 3713 }, // N
    { 22, 20, 379, 3, 20, 110, 3828 }, // O
    { 19, 20, 309, 2, 20, 95, 3938 }, // P
    { 22, 23, 379, 3, 20, 127, 4033 }, // Q
    { 20, 20, 328, 2, 20, 100, 4160 }, // R
    { 20, 20, 296, 1, 20, 100, 4260 }, // S
    { 19, 20, 306, 4, 20, 95, 4360 }, // T
    { 21, 20, 357, 3, 20, 105, 4455 }, // U
    { 21, 20, 332, 4, 20, 105, 4560 }, // V
    { 29, 20, 463, 4, 20, 145, 4665 }, // W
    { 26, 20, 329, -1, 20, 130, 4810 }, // X
    { 22, 20, 322, 3, 20, 110, 4940 }, // Y
    { 21, 20, 319, 1, 20, 105, 5050 }, // Z
    { 14, 26, 196, 1, 20, 91, 5155 }, // [
    { 13, 24, 273, 4, 20, 78, 5246 }, // <backslash>
    { 14, 26, 196, 0, 20, 91, 5324 }, // ]
    { 17, 11, 276, 2, 21, 47, 5415 }, // ^
    { 19, 4, 321, 0, -2, 19, 5462 }, // _
    { 8, 6, 233, 7, 23, 12, 5481 }, // `
    { 19, 15, 308, 2, 15, 72, 5493 }, // a
    { 18, 21, 307, 2, 21, 95, 5565 }, // b
    { 16, 15, 254, 2, 15, 60, 5660 }, // c
    { 20, 21, 305, 2, 21, 105, 5720 }, // d
    { 16, 15, 274, 2, 15, 60, 5825 }, // e
    { 13, 21, 183, 3, 21, 69, 5885 }, // f
    { 20, 21, 312, 1, 15, 105, 5954 }, // g
    { 17, 21, 296, 2, 21, 90, 6059 }, // h
    { 10, 23, 149, 2, 23, 58, 6149 }, // i
    { 14, 29, 147, -2, 23, 102, 6207 }, // j
    { 20, 22, 292, 2, 22, 110, 6309 }, // k
    { 10, 22, 142, 2, 22, 55, 6419 }, // l
    { 27, 15, 449, 2, 15, 102, 6474 }, // m
    { 17, 15, 296, 2, 15, 64, 6576 }, // n
    { 18, 15, 299, 2, 15, 68, 6640 }, // o
    { 20, 21, 308, 0, 15, 105, 6708 }, // p
    { 19, 21, 307, 2, 15, 100, 6813 }, // q
    { 14, 15, 212, 2, 15, 53, 6913 }, // r
    { 17, 15, 231, 0, 15, 64, 6966 }, // s
    { 13, 19, 186, 2, 19, 62, 7030 }, // t
    { 18, 15, 300, 2, 15, 68, 7092 }, // u
    { 18, 15, 282, 3, 15, 68, 7160 }, // v
    { 24, 15, 389, 3, 15, 90, 7228 }, // w
    { 20, 15, 283, 0, 15, 75, 7318 }, // x
    { 19, 21, 289, 2, 15, 100, 7393 }, // y
    { 17, 15, 257, 1, 15, 64, 7493 }, // z
    { 13, 27, 199, 2, 20, 88, 7557 }, // {
    { 11, 27, 148, 1, 21, 75, 7645 }, // |
    { 14, 27, 199, 0, 20, 95, 7720 }, // }
    { 16, 5, 260, 2, 11, 20, 7815 }, // ~
    { 0, 0, 149, 0, 0, 0, 0 }, // U+00A0
    { 10, 21, 144, 0, 15, 53, 0 }, // U+00A1
    { 16, 20, 263, 3, 20, 80, 53 }, // U+00A2
    { 19, 21, 298, 1, 20, 100, 133 }, // U+00A3
    { 18, 15, 261, 1, 16, 68, 233 }, // U+00A4
    { 22, 20, 322, 3, 20, 110, 301 }, // U+00A5
    { 11, 27, 151, 1, 21, 75, 411 }, // U+00A6
    { 19, 24, 268, 0, 20, 114, 486 }, // U+00A7
    { 13, 5, 233, 5, 23, 17, 600 }, // U+00A8
    { 23, 20, 369, 2, 20, 115, 617 }, // U+00A9
    { 12, 9, 182, 3, 20, 27, 732 }, // U+00AA
    { 17, 14, 262, 1, 15, 60, 759 }, // U+00AB
    { 19, 9, 313, 2, 12, 43, 819 }, // U+00AC
    { 0, 0, 0, 0, 0, 0, 862 }, // U+00AD
    { 16, 14, 237, 2, 21, 56, 862 }, // U+00AE
    { 11, 3, 198, 6, 21, 9, 918 }, // U+00AF
    { 10, 9, 248, 6, 20, 23, 927 }, // U+00B0
    { 19, 17, 299, 1, 17, 81, 950 }, // U+00B1
    { 10, 12, 170, 4, 24, 30, 1031 }, // U+00B2
    { 10, 12, 166, 3, 24, 30, 1061 }, // U+00B3
    { 8, 6, 233, 7, 23, 12, 1091 }, // U+00B4
    { 19, 20, 298, 1, 15, 95, 1103 }, // U+00B5
    { 21, 20, 356, 3, 20, 105, 1198 }, // U+00B6
    { 6, 6, 120, 3, 13, 9, 1303 }, // U+00B7
    { 8, 8, 233, 2, 1, 16, 1312 }, // U+00B8
    { 8, 12, 136, 4, 24, 24, 1328 }, // U+00B9
    { 10, 8, 187, 4, 20, 20, 1352 }, // U+00BA
    { 17, 14, 264, 1, 15, 60, 1372 }, // U+00BB
    { 23, 22, 383, 2, 22, 127, 1432 }, // U+00BC
    { 23, 22, 386, 2, 22, 127, 1559 }, // U+00BD
    { 24, 22, 397, 2, 22, 132, 1686 }, // U+00BE
    { 15, 21, 250, 0, 16, 79, 1818 }, // U+00BF
    { 22, 28, 324, -1, 28, 154, 1897 }, // U+00C0
    { 22, 28, 324, -1, 28, 154, 2051 }, // U+00C1
    { 22, 27, 324, -1, 27, 149, 2205 }, // U+00C2
    { 22, 26, 324, -1, 26, 143, 2354 }, // U+00C3
    { 23, 27, 324, -1, 27, 156, 2497 }, // U+00C4
    { 22, 27, 324, -1, 27, 149, 2653 }, // U+00C5
    { 35, 20, 502, -1, 20, 175, 2802 }, // U+00C6
    { 20, 27, 324, 3, 20, 135, 2977 }, // U+00C7
    { 19, 28, 301, 2, 28, 133, 3112 }, // U+00C8
    { 19, 28, 301, 2, 28, 133, 3245 }, // U+00C9
    { 19, 27, 301, 2, 27, 129, 3378 }, // U+00CA
    { 19, 27, 301, 2, 27, 129, 3507 }, // U+00CB
    { 16, 28, 259, 2, 28, 112, 3636 }, // U+00CC
    { 16, 28, 259, 2, 28, 112, 3748 }, // U+00CD
    { 16, 27, 259, 2, 27, 108, 3860 }, // U+00CE
    { 17, 27, 259, 2, 27, 115, 3968 }, // U+00CF
    { 22, 20, 360, 2, 20, 110, 4083 }, // U+00D0
    { 23, 26, 377, 2, 26, 150, 4193 }, // U+00D1
    { 22, 28, 379, 3, 28, 154, 4343 }, // U+00D2
    { 22, 28, 379, 3, 28, 154, 4497 }, // U+00D3
    { 22, 27, 379, 3, 27, 149, 4651 }, // U+00D4
    { 22, 26, 379, 3, 26, 143, 4800 }, // U+00D5
    { 22, 27, 379, 3, 27, 149, 4943 }, // U+00D6
    { 15, 13, 248, 2, 15, 49, 5092 }, // U+00D7
    { 24, 22, 377, 2, 21, 132, 5141 }, // U+00D8
    { 21, 28, 357, 3, 28, 147, 5273 }, // U+00D9
    { 21, 28, 357, 3, 28, 147, 5420 }, // U+00DA
    { 21, 27, 357, 3, 27, 142, 5567 }, // U+00DB
    { 21, 27, 357, 3, 27, 142, 5709 }, // U+00DC
    { 22, 28, 322, 3, 28, 154, 5851 }, // U+00DD
    { 19, 20, 309, 2, 20, 95, 6005 }, // U+00DE
    { 19, 21, 311, 2, 21, 100, 6100 }, // U+00DF
    { 19, 24, 308, 2, 24, 114, 6200 }, // U+00E0
    { 19, 24, 308, 2, 24, 114, 6314 }, // U+00E1
    { 19, 23, 308, 2, 23, 110, 6428 }, // U+00E2
    { 19, 23, 308, 2, 23, 110, 6538 }, // U+00E3
    { 19, 24, 308, 2, 24, 114, 6648 }, // U+00E4
    { 19, 25, 308, 2, 25, 119, 6762 }, // U+00E5
    { 26, 15, 420, 1, 15, 98, 6881 }, // U+00E6
    { 16, 22, 254, 2, 15, 88, 6979 }, // U+00E7
    { 16, 24, 274, 2, 24, 96, 7067 }, // U+00E8
    { 16, 24, 274, 2, 24, 96, 7163 }, // U+00E9
    { 17, 23, 274, 2, 23, 98, 7259 }, // U+00EA
    { 17, 24, 274, 2, 24, 102, 7357 }, // U+00EB
    { 11, 24, 135, 1, 24, 66, 7459 }, // U+00EC
    { 11, 24, 135, 1, 24, 66, 7525 }, // U+00ED
    { 13, 23, 135, 1, 23, 75, 7591 }, // U+00EE
    { 14, 24, 135, 1, 24, 84, 7666 }, // U+00EF
    { 17, 22, 279, 2, 22, 94, 7750 }, // U+00F0
    { 18, 23, 296, 2, 23, 104, 7844 }, // U+00F1
    { 18, 24, 299, 2, 24, 108, 7948 }, // U+00F2
    { 18, 24, 299, 2, 24, 108, 8056 }, // U+00F3
    { 18, 23, 299, 2, 23, 104, 8164 }, // U+00F4
    { 18, 23, 299, 2, 23, 104, 8268 }, // U+00F5
    { 18, 24, 299, 2, 24, 108, 8372 }, // U+00F6
    { 16, 17, 279, 2, 16, 68, 8480 }, // U+00F7
    { 19, 17, 299, 1, 16, 81, 8548 }, // U+00F8
    { 18, 24, 300, 2, 24, 108, 8629 }, // U+00F9
    { 18, 24, 300, 2, 24, 108, 8737 }, // U+00FA
    { 18, 23, 300, 2, 23, 104, 8845 }, // U+00FB
    { 18, 24, 300, 2, 24, 108, 8949 }, // U+00FC
    { 19, 30, 289, 2, 24, 143, 9057 }, // U+00FD
    { 20, 27, 308, 0, 21, 135, 9200 }, // U+00FE
    { 19, 30, 289, 2, 24, 143, 9335 }, // U+00FF
    { 0, 0, 257, 0, 0, 0, 0 }, // U+2007
    { 0, 0, 121, 0, 0, 0, 0 }, // U+2008
    { 0, 0, 96, 0, 0, 0, 0 }, // U+2009
    { 0, 0, 48, 0, 0, 0, 0 }, // U+200A
    { 0, 0, 0, 0, 0, 0, 0 }, // U+200B
    { 0, 0, 0, 0, 0, 0, 0 }, // U+200C
    { 0, 0, 0, 0, 0, 0, 0 }, // U+200D
    { 0, 0, 0, 0, 0, 0, 0 }, // U+200E
    { 0, 0, 0, 0, 0, 0, 0 }, // U+200F
    { 12, 4, 209, 2, 10, 12, 0 }, // U+2010
    { 16, 4, 272, 2, 10, 16, 12 }, // U+2012
    { 16, 4, 278, 2, 10, 16, 28 }, // U+2013
    { 26, 4, 435, 2, 10, 26, 44 }, // U+2014
    { 26, 4, 430, 2, 10, 26, 70 }, // U+2015
    { 8, 9, 129, 4, 22, 18, 96 }, // U+2018
    { 8, 9, 129, 3, 22, 18, 114 }, // U+2019
    { 8, 10, 134, 0, 4, 20, 132 }, // U+201A
    { 14, 10, 236, 4, 22, 35, 152 }, // U+201C
    { 15, 9, 236, 3, 22, 34, 187 }, // U+201D
    { 14, 10, 239, 0, 4, 35, 221 }, // U+201E
    { 12, 16, 205, 3, 22, 48, 256 }, // U+2020
    { 12, 17, 198, 3, 21, 51, 304 }, // U+2021
    { 9, 8, 161, 3, 14, 18, 355 }, // U+2022
    { 20, 5, 344, 1, 5, 25, 373 }, // U+2026
    { 0, 0, 0, 0, 0, 0, 398 }, // U+202A
    { 0, 0, 0, 0, 0, 0, 398 }, // U+202B
    { 0, 0, 0, 0, 0, 0, 398 }, // U+202C
    { 0, 0, 0, 0, 0, 0, 398 }, // U+202D
    { 0, 0, 0, 0, 0, 0, 398 }, // U+202E
    { 36, 20, 630, 4, 20, 180, 398 }, // U+2030
    { 15, 8, 231, 3, 20, 30, 578 }, // U+2033
    { 10, 14, 147, 1, 15, 35, 608 }, // U+2039
    { 10, 14, 147, 1, 15, 35, 643 }, // U+203A
    { 23, 20, 283, -1, 20, 115, 678 }, // U+2044
    { 0, 0, 0, 0, 0, 0, 793 }, // U+2060
    { 0, 0, 0, 0, 0, 0, 793 }, // U+2061
    { 0, 0, 0, 0, 0, 0, 793 }, // U+2062
    { 0, 0, 0, 0, 0, 0, 793 }, // U+2063
    { 0, 0, 0, 0, 0, 0, 793 }, // U+2064
    { 0, 0, 0, 0, 0, 0, 793 }, // U+2066
    { 0, 0, 0, 0, 0, 0, 793 }, // U+2067
    { 0, 0, 0, 0, 0, 0, 793 }, // U+2068
    { 0, 0, 0, 0, 0, 0, 793 }, // U+2069
    { 0, 0, 0, 0, 0, 0, 793 }, // U+206A
    { 0, 0, 0, 0, 0, 0, 793 }, // U+206B
    { 0, 0, 0, 0, 0, 0, 793 }, // U+206C
    { 0, 0, 0, 0, 0, 0, 793 }, // U+206D
    { 0, 0, 0, 0, 0, 0, 793 }, // U+206E
    { 0, 0, 0, 0, 0, 0, 793 }, // U+206F
    { 20, 26, 324, 3, 23, 130, 0 }, // U+20A1
    { 20, 20, 288, 1, 20, 100, 130 }, // U+20A3
    { 19, 21, 297, 1, 20, 100, 230 }, // U+20A4
    { 25, 20, 399, 2, 20, 125, 330 }, // U+20A6
    { 21, 20, 366, 4, 20, 105, 455 }, // U+20A7
    { 31, 20, 471, 2, 20, 155, 560 }, // U+20A9
    { 18, 20, 255, 1, 20, 90, 715 }, // U+20AB
    { 22, 20, 317, 1, 20, 110, 805 }, // U+20AC
    { 24, 20, 358, 2, 20, 120, 915 }, // U+20AD
    { 22, 20, 364, 3, 20, 110, 1035 }, // U+20B1
    { 21, 27, 365, 3, 23, 142, 1145 }, // U+20B2
    { 20, 25, 324, 3, 22, 125, 1287 }, // U+20B5
    { 17, 20, 281, 4, 20, 85, 1412 }, // U+20B9
    { 17, 20, 292, 2, 20, 85, 1497 }, // U+20BA
    { 21, 24, 361, 2, 24, 126, 1582 }, // U+20BC
    { 21, 20, 331, 2, 20, 105, 1708 }, // U+20BD
    { 7, 19, 145, 1, 19, 34, 0 }, // U+2669
    { 11, 19, 211, 1, 19, 53, 34 }, // U+266A
    { 17, 22, 299, 1, 20, 94, 87 }, // U+266B
    { 17, 22, 299, 1, 20, 94, 181 }, // U+266C
    { 8, 19, 162, 1, 18, 38, 275 }, // U+266D
    { 9, 19, 167, 1, 12, 43, 313 }, // U+266E
    { 14, 25, 258, 1, 18, 88, 356 }, // U+266F
    { 33, 30, 593, 2, 25, 248, 444 }, // U+2764
    { 21, 23, 332, 2, 23, 121, 0 }, // U+FB01
    { 21, 22, 325, 2, 22, 116, 121 }, // U+FB02
    { 27, 30, 593, 5, 25, 203, 0 }, // U+1F44D
    { 31, 30, 593, 3, 25, 233, 203 }, // U+1F600
};

static const EpdUnicodeInterval lexenddeca_14_bolditalicIntervals[] = {
    { 0x20, 0x7E, 0x0 },
    { 0xA0, 0xFF, 0x5F },
    { 0x2007, 0x2010, 0xBF },
    { 0x2012, 0x2015, 0xC9 },
    { 0x2018, 0x201A, 0xCD },
    { 0x201C, 0x201E, 0xD0 },
    { 0x2020, 0x2022, 0xD3 },
    { 0x2026, 0x2026, 0xD6 },
    { 0x202A, 0x202E, 0xD7 },
    { 0x2030, 0x2030, 0xDC },
    { 0x2033, 0x2033, 0xDD },
    { 0x2039, 0x203A, 0xDE },
    { 0x2044, 0x2044, 0xE0 },
    { 0x2060, 0x2064, 0xE1 },
    { 0x2066, 0x206F, 0xE6 },
    { 0x20A1, 0x20A1, 0xF0 },
    { 0x20A3, 0x20A4, 0xF1 },
    { 0x20A6, 0x20A7, 0xF3 },
    { 0x20A9, 0x20A9, 0xF5 },
    { 0x20AB, 0x20AD, 0xF6 },
    { 0x20B1, 0x20B2, 0xF9 },
    { 0x20B5, 0x20B5, 0xFB },
    { 0x20B9, 0x20BA, 0xFC },
    { 0x20BC, 0x20BD, 0xFE },
    { 0x2669, 0x266F, 0x100 },
    { 0x2764, 0x2764, 0x107 },
    { 0xFB01, 0xFB02, 0x108 },
    { 0x1F44D, 0x1F44D, 0x10A },
    { 0x1F600, 0x1F600, 0x10B },
};

static const EpdFontGroup lexenddeca_14_bolditalicGroups[] = {
    { 0, 3726, 8540, 95, 0 },
    { 3726, 3285, 10197, 96, 95 },
    { 7011, 471, 836, 49, 191 },
    { 7482, 953, 1966, 16, 240 },
    { 8435, 375, 780, 8, 256 },
    { 8810, 161, 270, 2, 264 },
    { 8971, 287, 450, 2, 266 },
};

static const EpdKernClassEntry lexenddeca_14_bolditalicKernLeftClasses[] = {
    { 0x0026, 1 }, // &
    { 0x0028, 2 }, // (
    { 0x002A, 3 }, // *
    { 0x002C, 4 }, // ,
    { 0x002E, 5 }, // .
    { 0x002F, 6 }, // /
    { 0x0030, 7 }, // 0
    { 0x0031, 8 }, // 1
    { 0x0032, 9 }, // 2
    { 0x0033, 10 }, // 3
    { 0x0034, 11 }, // 4
    { 0x0035, 12 }, // 5
    { 0x0037, 13 }, // 7
    { 0x0039, 7 }, // 9
    { 0x003C, 14 }, // <
    { 0x003E, 15 }, // >
    { 0x003F, 16 }, // ?
    { 0x0040, 17 }, // @
    { 0x0041, 18 }, // A
    { 0x0042, 19 }, // B
    { 0x0043, 20 }, // C
    { 0x0044, 21 }, // D
    { 0x0045, 22 }, // E
    { 0x0046, 23 }, // F
    { 0x0047, 24 }, // G
    { 0x0049, 25 }, // I
    { 0x004A, 26 }, // J
    { 0x004B, 27 }, // K
    { 0x004C, 28 }, // L
    { 0x004F, 21 }, // O
    { 0x0050, 29 }, // P
    { 0x0051, 30 }, // Q
    { 0x0052, 31 }, // R
    { 0x0053, 32 }, // S
    { 0x0054, 33 }, // T
    { 0x0055, 34 }, // U
    { 0x0056, 35 }, // V
    { 0x0057, 36 }, // W
    { 0x0058, 37 }, // X
    { 0x0059, 38 }, // Y
    { 0x005A, 39 }, // Z
    { 0x005B, 40 }, // [
    { 0x005C, 41 }, // <backslash>
    { 0x005F, 42 }, // _
    { 0x0061, 43 }, // a
    { 0x0062, 44 }, // b
    { 0x0063, 45 }, // c
    { 0x0064, 46 }, // d
    { 0x0065, 47 }, // e
    { 0x0066, 48 }, // f
    { 0x0067, 49 }, // g
    { 0x0068, 50 }, // h
    { 0x0069, 51 }, // i
    { 0x006A, 52 }, // j
    { 0x006B, 53 }, // k
    { 0x006C, 54 }, // l
    { 0x006D, 50 }, // m
    { 0x006E, 50 }, // n
    { 0x006F, 44 }, // o
    { 0x0070, 44 }, // p
    { 0x0071, 55 }, // q
    { 0x0072, 56 }, // r
    { 0x0073, 57 }, // s
    { 0x0074, 58 }, // t
    { 0x0075, 59 }, // u
    { 0x0076, 60 }, // v
    { 0x0077, 61 }, // w
    { 0x0078, 62 }, // x
    { 0x0079, 63 }, // y
    { 0x007A, 64 }, // z
    { 0x007B, 65 }, // {
    { 0x007D, 66 }, // }
    { 0x00A1, 67 }, // U+00A1
    { 0x00A3, 68 }, // U+00A3
    { 0x00B7, 69 }, // U+00B7
    { 0x00BF, 70 }, // U+00BF
    { 0x00C0, 18 }, // U+00C0
    { 0x00C1, 18 }, // U+00C1
    { 0x00C2, 18 }, // U+00C2
    { 0x00C3, 18 }, // U+00C3
    { 0x00C4, 18 }, // U+00C4
    { 0x00C5, 18 }, // U+00C5
    { 0x00C6, 22 }, // U+00C6
    { 0x00C8, 22 }, // U+00C8
    { 0x00C9, 22 }, // U+00C9
    { 0x00CA, 22 }, // U+00CA
    { 0x00CB, 22 }, // U+00CB
    { 0x00D0, 21 }, // U+00D0
    { 0x00D2, 21 }, // U+00D2
    { 0x00D3, 21 }, // U+00D3
    { 0x00D4, 21 }, // U+00D4
    { 0x00D5, 21 }, // U+00D5
    { 0x00D6, 21 }, // U+00D6
    { 0x00D8, 21 }, // U+00D8
    { 0x00D9, 34 }, // U+00D9
    { 0x00DA, 34 }, // U+00DA
    { 0x00DB, 34 }, // U+00DB
    { 0x00DC, 34 }, // U+00DC
    { 0x00DD, 38 }, // U+00DD
    { 0x00DE, 71 }, // U+00DE
    { 0x00DF, 72 }, // U+00DF
    { 0x00E0, 43 }, // U+00E0
    { 0x00E1, 43 }, // U+00E1
    { 0x00E2, 43 }, // U+00E2
    { 0x00E3, 43 }, // U+00E3
    { 0x00E4, 43 }, // U+00E4
    { 0x00E5, 43 }, // U+00E5
    { 0x00E7, 45 }, // U+00E7
    { 0x00E8, 47 }, // U+00E8
    { 0x00E9, 47 }, // U+00E9
    { 0x00EA, 47 }, // U+00EA
    { 0x00EB, 47 }, // U+00EB
    { 0x00EC, 51 }, // U+00EC
    { 0x00ED, 51 }, // U+00ED
    { 0x00EE, 51 }, // U+00EE
    { 0x00EF, 51 }, // U+00EF
    { 0x00F0, 73 }, // U+00F0
    { 0x00F1, 50 }, // U+00F1
    { 0x00F2, 44 }, // U+00F2
    { 0x00F3, 44 }, // U+00F3
    { 0x00F4, 44 }, // U+00F4
    { 0x00F5, 44 }, // U+00F5
    { 0x00F6, 44 }, // U+00F6
    { 0x00F8, 44 }, // U+00F8
    { 0x00F9, 59 }, // U+00F9
    { 0x00FA, 59 }, // U+00FA
    { 0x00FB, 59 }, // U+00FB
    { 0x00FC, 59 }, // U+00FC
    { 0x00FD, 63 }, // U+00FD
    { 0x00FE, 44 }, // U+00FE
    { 0x00FF, 63 }, // U+00FF
    { 0x2018, 74 }, // U+2018
    { 0x2019, 75 }, // U+2019
    { 0x201C, 76 }, // U+201C
    { 0x201D, 77 }, // U+201D
    { 0x2022, 78 }, // U+2022
    { 0xFB01, 51 }, // U+FB01
    { 0xFB02, 54 }, // U+FB02
};

static const EpdKernClassEntry lexenddeca_14_bolditalicKernRightClasses[] = {
    { 0x0021, 1 }, // !
    { 0x0026, 2 }, // &
    { 0x0029, 3 }, // )
    { 0x002A, 4 }, // *
    { 0x002C, 5 }, // ,
    { 0x002D, 6 }, // -
    { 0x002E, 7 }, // .
    { 0x002F, 8 }, // /
    { 0x0030, 9 }, // 0
    { 0x0031, 10 }, // 1
    { 0x0032, 11 }, // 2
    { 0x0034, 12 }, // 4
    { 0x0036, 13 }, // 6
    { 0x0037, 14 }, // 7
    { 0x0038, 15 }, // 8
    { 0x003C, 16 }, // <
    { 0x003F, 17 }, // ?
    { 0x0040, 18 }, // @
    { 0x0041, 19 }, // A
    { 0x0043, 20 }, // C
    { 0x0047, 20 }, // G
    { 0x0049, 21 }, // I
    { 0x004A, 22 }, // J
    { 0x004F, 20 }, // O
    { 0x0051, 20 }, // Q
    { 0x0053, 23 }, // S
    { 0x0054, 24 }, // T
    { 0x0055, 25 }, // U
    { 0x0056, 26 }, // V
    { 0x0057, 27 }, // W
    { 0x0058, 28 }, // X
    { 0x0059, 29 }, // Y
    { 0x005A, 30 }, // Z
    { 0x005B, 31 }, // [
    { 0x005C, 32 }, // <backslash>
    { 0x005D, 33 }, // ]
    { 0x005F, 34 }, // _
    { 0x0061, 35 }, // a
    { 0x0062, 36 }, // b
    { 0x0063, 35 }, // c
    { 0x0064, 35 }, // d
    { 0x0065, 35 }, // e
    { 0x0066, 37 }, // f
    { 0x0067, 38 }, // g
    { 0x0068, 36 }, // h
    { 0x006A, 39 }, // j
    { 0x006B, 36 }, // k
    { 0x006C, 36 }, // l
    { 0x006D, 40 }, // m
    { 0x006E, 40 }, // n
    { 0x006F, 35 }, // o
    { 0x0070, 41 }, // p
    { 0x0071, 35 }, // q
    { 0x0072, 40 }, // r
    { 0x0073, 42 }, // s
    { 0x0074, 43 }, // t
    { 0x0075, 44 }, // u
    { 0x0076, 45 }, // v
    { 0x0077, 46 }, // w
    { 0x0078, 47 }, // x
    { 0x0079, 48 }, // y
    { 0x007A, 49 }, // z
    { 0x007B, 31 }, // {
    { 0x007D, 50 }, // }
    { 0x00A1, 51 }, // U+00A1
    { 0x00B7, 52 }, // U+00B7
    { 0x00BF, 53 }, // U+00BF
    { 0x00C0, 54 }, // U+00C0
    { 0x00C1, 54 }, // U+00C1
    { 0x00C2, 54 }, // U+00C2
    { 0x00C3, 54 }, // U+00C3
    { 0x00C4, 54 }, // U+00C4
    { 0x00C5, 54 }, // U+00C5
    { 0x00C6, 55 }, // U+00C6
    { 0x00C7, 20 }, // U+00C7
    { 0x00D2, 20 }, // U+00D2
    { 0x00D3, 20 }, // U+00D3
    { 0x00D4, 20 }, // U+00D4
    { 0x00D5, 20 }, // U+00D5
    { 0x00D6, 20 }, // U+00D6
    { 0x00D8, 20 }, // U+00D8
    { 0x00D9, 25 }, // U+00D9
    { 0x00DA, 25 }, // U+00DA
    { 0x00DB, 25 }, // U+00DB
    { 0x00DC, 25 }, // U+00DC
    { 0x00DD, 56 }, // U+00DD
    { 0x00DF, 57 }, // U+00DF
    { 0x00E0, 35 }, // U+00E0
    { 0x00E1, 35 }, // U+00E1
    { 0x00E2, 35 }, // U+00E2
    { 0x00E3, 35 }, // U+00E3
    { 0x00E4, 35 }, // U+00E4
    { 0x00E5, 35 }, // U+00E5
    { 0x00E7, 35 }, // U+00E7
    { 0x00E8, 35 }, // U+00E8
    { 0x00E9, 35 }, // U+00E9
    { 0x00EA, 35 }, // U+00EA
    { 0x00EB, 35 }, // U+00EB
    { 0x00F0, 58 }, // U+00F0
    { 0x00F1, 40 }, // U+00F1
    { 0x00F2, 35 }, // U+00F2
    { 0x00F3, 35 }, // U+00F3
    { 0x00F4, 35 }, // U+00F4
    { 0x00F5, 35 }, // U+00F5
    { 0x00F6, 35 }, // U+00F6
    { 0x00F8, 35 }, // U+00F8
    { 0x00F9, 44 }, // U+00F9
    { 0x00FA, 44 }, // U+00FA
    { 0x00FB, 44 }, // U+00FB
    { 0x00FC, 44 }, // U+00FC
    { 0x00FD, 48 }, // U+00FD
    { 0x00FE, 59 }, // U+00FE
    { 0x00FF, 48 }, // U+00FF
    { 0x2013, 6 }, // U+2013
    { 0x2014, 60 }, // U+2014
    { 0x2018, 61 }, // U+2018
    { 0x2019, 62 }, // U+2019
    { 0x201C, 63 }, // U+201C
    { 0x201D, 64 }, // U+201D
    { 0x2022, 65 }, // U+2022
    { 0xFB01, 37 }, // U+FB01
    { 0xFB02, 37 }, // U+FB02
};

static const int8_t lexenddeca_14_bolditalicKernMatrix[] = {
       0,    0,   -7,    0,    0,    0,    0,    0,    0,    0,    0,    0,    0,    0,    0,    0,    0,    0,    0,    0,    0,    0,    0,  -26,    0,  -28,  -19,    0,  -23,    0,    0,    0,    0,    0,    0,    0,    0,    0,    0,    0,    0,    0,    0,    0,  -14,  -14,    0,  -14,    0,    0,    0,    0,    0,    0,    0,  -23,    0,   -5,    0,    0,    0,    0,    0,    0,    0,
       0,    0,    0,    0,    0,    0,    0,    0,    0,    0,    0,    0,    0,    0,    0,    0,    0,    0,    0,  -14,    0,  -19,    0,    0,    0,    0,    0,    0,    0,    0,    0,    0,    0,    0,  -12,    0,    0,  -11,   14,    0,   14,    0,    0,    0,    0,    0,    0,    0,    0,    0,    0,    0,    0,    0,    0,    0,    0,  -12,    7,    0,    0,    0,    0,    0,    0,
       0,    0,    0,    0,    0,    0,    0,    0,    0,    0,    0,    0,    0,    0,    0,    0,    0,    0,  -35,    0,    0,    0,    0,    0,    0,    0,    0,    0,    0,    0,    0,    0,    0,    0,    0,    0,    0,    0,    0,    0,    0,    0,    0,    0,    3,    0,    0,    0,    0,    0,    0,    0,    0,  -35,    0,    0,    0,  -12,    0,    0,    0,    0,    0,    0,    0,
       0,    0,    0,    0,    0,    0,    0,    0,    0,    0,    0,  -12,    0,    0,    0,    0,    0,    0,    0,   -9,    0,    0,    0,  -47,    0,  -56,  -37,    0,  -56,    0,    0,    0,    0,    0,    0,    0,    0,    0,    0,    0,    0,    0,    0,    0,  -37,  -19,    0,  -19,    0,    0,    0,    0,    0,    0,    0,  -56,    0,    0,    0,    0,    0,    0,    0,    0,    0,
       0,    0,    0,    0,    0,    0,    0,    0,    0,    0,    0,  -12,    0,    0,    0,    0,    0,    0,    0,   -9,    0,    0,    0,  -47,    0,  -47,  -37,    0,  -56,    0,    0,    0,    0,    0,    0,    0,    0,    0,    0,    0,    0,    0,    0,    0,  -37,  -19,    0,  -19,    0,    0,    0,    0,    0,    0,    0,  -56,    0,    0,    0,    0,    0,    0,    0,    0,    0,
       0,    0,    0,    0,    0,    0,    0,  -43,  -23,  -14,  -14,  -28,  -23,    0,    0,    0,    0,    0,  -47,  -19,    0,  -23,    0,    0,    0,    0,    0,    0,    0,    0,    0,    0,    0,    0,  -23,    0,    0,  -23,    0,    0,    0,  -14,    0,    0,    0,    0,   -3,    0,    0,    0,    0,    0,    0,  -47,    0,    0,   -6,  -15,    0,    0,    0,    0,    0,    0,    0,
       0,    0,    0,    0,    0,    0,    0,  -23,    0,    0,    0,    0,    0,    0,    0,    0,    0,    0,    0,    0,    0,    0,    0,    0,    0,    0,    0,    0,    0,    0,    0,    0,    0,    0,    0,    0,    0,    0,    0,    0,    0,    0,    0,    0,    0,    0,    0,    0,    0,    0,    0,    0,    0,    0,    0,    0,    0,    0,    0,    0,    0,    0,    0,    0,    0,
       0,    0,    0,    0,    0,    0,    0,    0,    0,    0,    0,    0,    0,    0,    0,  -19,    0,    0,    0,    0,    0,    0,    0,    0,    0,    0,    0,    0,    0,    0,    0,    0,    0,    0,    0,    0,    0,    0,    0,    0,    0,    0,    0,    0,    0,    0,    0,    0,    0,    0,    0,    0,    0,    0,    0,    0,    0,    0,    0,    0,    0,    0,    0,    0,    0,
       0,    0,    0,    0,    0,    0,    0,    0,    0,    0,    0,   -9,    0,    0,    0,    0,    0,    0,    0,    0,    0,    0,    0,    0,    0,    0,    0,    0,    0,    0,    0,    0,    0,    0,    0,    0,    0,    0,    0,    0,    0,    0,    0,    0,    0,    0,    0,    0,    0,    5,    0,    0,    0,    0,    0,    0,    0,    0,    0,    0,    0,    0,    0,    0,    0,
       0,    0,    0,    0,    0,    0,    0,  -12,    0,    0,    0,    0,    0,    0,    0,    0,    0,    0,    0,    0,    0,    0,    0,    0,    0,    0,    0,    0,    0,    0,    0,    0,    0,    0,    0,    0,    0,    0,    0,    0,    0,    0,    0,    0,    0,    0,    0,    0,    0,    0,    0,    0,    0,    0,    0,    0,    0,    0,    0,    0,    0,    0,    0,    0,    0,
       0,    0,    0,    0,    0,    0,    0,    0,    0,    0,   -9,    0,    0,   -9,    0,    0,    0,    0,    0,    0,    0,    0,    0,    0,    0,    0,    0,    0,    0,    0,    0,    0,    0,    0,    0,    0,    0,    0,    0,    0,    0,    0,    0,    0,    0,    0,    0,    0,    0,    0,    0,    0,    0,    0,    0,    0,    0,    0,    0,    0,    0,    0,    0,    0,    0,
       0,    0,    0,    0,    0,    0,    0,  -19,    0,    0,    0,    0,    0,    0,    0,    0,    0,    0,    0,    0,    0,    0,    0,    0,    0,    0,    0,    0,    0,    0,    0,    0,    0,    0,    0,    0,    0,    0,    0,    0,    0,    0,    0,    0,    0,    0,    0,    0,    0,    0,    0,    0,    0,    0,    0,    0,    0,    0,    0,    0,    0,    0,    0,    0,    0,
       0,    0,    0,    0,  -47,    0,  -37,  -56,    0,   -7,   -9,  -12,   -9,    0,   -9,  -23,    0,    0,    0,    0,    0,    0,    0,    0,    0,    0,    0,    0,    0,    0,    0,    0,    0,    0,    0,    0,    0,    0,    0,    0,    0,    0,    0,    0,    0,    0,    0,    0,    0,    0,    0,    0,    0,    0,    0,    0,    0,    0,    0,    0,    0,    0,    0,    0,    0,
       0,    0,    0,    0,    0,    0,    0,    0,    0,   -9,    0,    0,    0,    0,    0,    0,    0,    0,    0,    0,    0,    0,    0,    0,    0,    0,    0,    0,    0,    0,    0,    0,    0,    0,    0,    0,    0,    0,    0,    0,    0,    0,    0,    0,    0,    0,    0,    0,    0,    0,    0,    0,    0,    0,    0,    0,    0,    0,    0,    0,    0,    0,    0,    0,    0,
       0,    0,    0,    0,    0,    0,    0,    0,    0,  -28,  -14,    0,    0,  -23,    0,    0,    0,    0,    0,    0,    0,    0,    0,    0,    0,    0,    0,    0,    0,    0,    0,    0,    0,    0,    0,    0,    0,    0,    0,    0,    0,    0,    0,    0,    0,    0,    0,    0,    0,    0,    0,    0,    0,    0,    0,    0,    0,    0,    0,    0,    0,    0,    0,    0,    0,
       0,    0,    0,    0,    0,    0,    0,    0,    0,    0,    0,    0,    0,    0,    0,    0,    0,    0,  -19,    0,    0,  -35,    0,    0,    0,    0,    0,    0,    0,    0,    0,    0,    0,    0,    0,    0,    0,    0,    0,    0,    0,    0,    0,    0,    0,    0,    0,    0,    0,    0,    0,    0,    0,  -19,    0,    0,    0,   -7,    0,    0,    0,    0,    0,    0,    0,
       0,    0,    0,    0,    0,    0,    0,    0,    0,    0,    0,    0,    0,    0,    0,    0,    0,    0,    0,    0,    0,    0,    0,    0,    0,   -3,    0,    0,    0,    0,    0,    0,    0,    0,    0,    0,    0,    0,    0,    0,    0,    0,    0,    0,    0,    0,   -1,    0,    0,    0,    0,    0,    0,    0,    0,    0,    0,    0,    0,    0,    0,    0,    0,    0,    0,
       0,    0,    0,  -35,    0,  -23,    0,    0,    0,    0,    0,    0,    0,    0,    0,    0,    0,    0,    0,   -9,    0,    0,    0,  -23,   -9,  -35,  -19,    0,  -37,    0,    0,  -47,    0,    0,   -9,    0,   -9,   -5,    0,    0,    0,    0,   -2,   -5,  -23,  -21,    0,  -12,    0,    0,    0,    0,    0,    0,    0,  -37,   -9,   -9,    0,  -23,  -61,  -63,  -33,  -35,    0,
       0,    0,   -9,    0,    0,    0,    0,  -19,    0,    0,    0,    0,    0,    0,    0,    0,    0,    0,    0,    0,    0,    0,    0,   -7,    0,   -4,   -3,   -6,  -11,    0,    0,    0,    0,    0,    0,   -1,    0,   -2,    0,    0,    0,    0,    0,    0,    0,    0,   -1,    0,    0,    0,    0,    0,    0,    0,    0,  -11,    0,    0,   -1,    0,    0,    0,    0,    0,    0,
       0,    0,    9,    0,    0,    0,    0,    0,    0,    0,    0,    0,    0,    0,    0,    0,    0,    0,    0,    0,    0,    0,    0,    0,    0,    0,    0,    0,    0,    0,    0,    0,    0,    0,    0,    0,    0,    0,    0,    0,    0,    0,    0,    0,    0,    0,    0,    0,    0,    0,    0,    0,    0,    0,    0,    0,    0,    0,    0,    0,    0,   19,    0,   19,    0,
       0,    0,  -14,    0,    0,    0,   -9,  -19,    0,    0,    0,    0,    0,    0,    0,    0,    0,    0,   -9,    0,   -7,   -7,    0,  -14,    0,  -14,   -2,  -16,  -16,  -21,    0,  -23,    0,    0,    0,    0,    0,    0,    0,    0,    0,    0,    0,    0,    0,    0,   -5,    0,    0,  -12,    0,    0,    0,   -9,    0,  -16,    0,    0,    0,    0,    0,    0,    0,    0,    0,
       0,    0,    0,    0,    0,    0,    0,    0,    0,    0,    0,    0,    0,    0,    0,    0,    0,    0,    0,    0,    0,   -5,    0,    0,    0,    0,    0,    0,    0,    0,    0,    0,    0,    0,   -2,    0,    0,   -5,    0,    0,    0,    0,    0,   -5,   -7,    0,    0,   -5,    0,    0,    0,    0,    0,    0,    0,    0,    0,   -2,    0,    0,    0,    0,    0,    0,    0,
       0,    0,    0,    0,  -37,    0,  -37,    0,    0,    0,    0,    0,    0,    0,    0,    0,    0,    0,  -28,   -4,    0,  -56,   -2,    7,    0,    0,    0,   -2,    0,    0,    0,    0,    0,    0,   -7,    0,    0,   -5,    0,   -4,   -4,   -5,    0,   -7,   -2,    0,   -7,    0,   -2,    0,    0,    0,    0,  -28,  -51,    0,    0,   -7,    0,    0,    0,    0,    0,    0,    0,
       0,    0,    0,    0,    0,    0,    0,  -19,    0,    0,    0,    0,    0,    0,    0,    0,    0,    0,   -5,    0,   -5,    0,    0,  -12,    0,   -7,   -5,    0,  -11,    0,    0,  -23,    0,    0,    0,    0,    0,    0,    0,    0,    0,    0,    0,    0,    0,    0,    0,    0,    0,    0,    0,    0,    0,   -5,    0,  -11,    0,    0,    0,    0,    0,    0,    0,    0,    0,
       0,    0,    0,    0,    0,    0,    0,    0,    0,    0,    0,    0,    0,    0,    0,    0,    0,    0,    0,   -7,    0,    0,    0,    0,    0,    0,    0,    0,    0,    0,    0,    0,    0,    0,    0,    0,    0,    0,    0,    0,    0,    0,    0,    0,    0,    0,    0,    0,    0,    0,    0,    0,    0,    0,    0,    0,    0,    0,    0,    0,    0,    0,    0,    0,    0,
       0,    0,   19,    0,  -33,    0,  -23,  -23,    0,    0,    0,    0,    0,    0,    0,    0,    0,    0,  -35,  -14,    0,  -23,    0,    0,    0,    0,    0,    0,    0,    0,    0,    0,   14,    0,  -23,    0,  -23,  -23,    0,  -19,  -19,  -19,    0,  -23,  -19,   -9,    0,  -19,   -9,   19,    0,    0,    0,  -35,    0,    0,  -23,  -23,    0,    0,   28,   37,   28,   37,    0,
       0,    0,    0,    0,    0,  -42,    0,    0,    0,    0,    0,    0,    0,    0,    0,    0,    0,    0,    0,  -21,    0,  -14,   -5,    0,   -7,   -2,   -2,    0,    9,    0,    0,    0,    0,    0,  -21,    0,    0,    0,    0,   -4,   -4,   -2,   -1,   -6,  -19,  -19,    0,  -19,    0,    0,    0,    0,    0,    0,    0,    9,    0,  -21,    0,  -42,    0,    0,    0,    0,    0,
       0,    0,    0,  -35,    0,  -28,    0,    0,    0,    0,    0,    0,    0,    0,    0,    0,    0,    0,    0,   -9,    0,    0,    0,  -39,   -9,  -35,  -35,    0,  -56,    0,    0,  -47,    0,    0,   -9,    0,    0,    0,    0,    0,    0,    0,   -2,    0,  -11,   -2,    0,  -19,    9,    0,    0,    0,    0,    0,    0,  -56,    0,   -9,    0,  -28,  -56,  -47,  -56,  -47,    0,
       0,    0,    0,    0,  -60,    0,  -47,  -37,    0,    0,    0,    0,    0,    0,    0,    0,    0,    0,  -30,    0,    0,  -35,    0,    0,    0,    0,    4,   -7,    0,   -7,    0,  -23,    0,    0,   -5,    0,    4,   -5,    0,    0,    0,    0,    7,   -2,    5,    7,    0,    5,    0,    0,    0,    0,    0,  -30,    0,    0,    4,   -5,    0,    0,   14,   23,   14,   23,    0,
       0,    0,  -14,    0,    0,    0,   -9,  -19,    0,    0,    0,    0,    0,    0,    0,    0,    0,    0,   -9,    0,   -7,   -7,    0,  -14,    0,  -14,   -2,  -16,  -16,  -21,    0,  -23,    0,   -5,    0,    0,    0,    0,    0,    0,    0,    0,    0,    0,    0,    0,   -5,    0,    0,  -12,    0,    0,    0,   -9,    0,  -16,    0,    0,    0,    0,    0,    0,    0,    0,    0,
       0,    0,    0,    0,    0,  -28,    0,    0,    0,    0,    0,    0,    0,    0,    0,    0,    0,    0,    0,   -5,    0,  -14,    0,   -9,   -2,  -14,    0,    0,  -23,    0,    0,  -19,    0,    0,   -9,    0,    0,    0,    0,    0,    0,    0,    0,   -5,    0,    0,    0,    0,    0,    0,    0,    0,    0,    0,    0,  -23,    0,   -9,    0,  -28,    0,    0,    0,    0,    0,
       0,    0,    0,    0,    0,    0,    0,    0,    0,    0,    0,    0,    0,    0,    0,    0,    0,    0,    0,    0,    0,    0,    0,    0,    0,    0,    0,   -7,   -7,    0,    0,    0,    0,    0,    0,    0,    0,    0,    0,    0,    0,    0,    0,    0,    0,    0,    0,    0,    0,    0,    0,    0,    0,    0,    0,   -7,    0,    0,    0,    0,    0,    0,    0,    0,    0,
       0,  -26,    0,    0,  -47,  -47,  -47,  -28,    0,    0,    0,    0,    0,    0,    0,    0,    0,    0,  -23,  -14,    0,  -37,    0,   14,    0,    5,    5,    0,    5,    0,    0,    0,    0,    0,  -47,    0,    0,  -21,    0,  -28,   -9,  -47,    0,  -47,   -5,  -33,   -7,  -23,  -33,    0,    0,    0,    0,  -23,  -54,    5,    0,  -47,    0,  -47,    0,    0,    0,    0,    0,
       0,    0,    0,    0,    0,    0,    0,    0,    0,    0,    0,    0,    0,    0,    0,    0,    0,    0,   -9,    0,    0,   -5,   -5,    0,    0,    0,    0,   -5,   -5,    0,    0,    0,    0,    0,    0,    0,    0,    0,    0,    0,    0,    0,    0,    0,    0,    0,   -2,    0,    0,    0,    0,    0,    0,   -9,    0,   -5,    0,    0,    0,    0,    0,    0,    0,    0,    0,
       0,  -23,    0,    0,  -56,    0,  -47,  -37,    0,    0,    0,    0,    0,    0,    0,    0,    3,   -3,  -35,  -14,    0,  -47,   -5,    5,    0,    0,    0,    0,    0,    0,  -47,    0,    0,  -14,  -28,    0,    0,   -9,    0,   -9,   -6,   -7,    0,  -12,    0,    0,    0,    0,   -2,  -47,   -3,   -6,   -9,  -35,  -61,    0,    0,  -28,    0,  -47,    0,    0,    0,    0,   -4,
       0,  -14,    0,    0,  -37,    0,  -37,  -37,    0,    0,    0,    0,    0,    0,    0,    0,    0,    0,  -19,   -2,    0,  -37,   -5,    5,    0,    0,    0,    0,    0,    0,  -33,    0,    0,    0,  -12,    0,    0,   -9,    0,   -1,   -1,    0,    0,   -5,    0,    0,    0,    0,    0,  -33,    0,    0,    0,  -19,    0,    0,    0,  -12,    0,  -33,    0,    0,    0,    0,    0,
       0,    0,    0,    0,    0,    0,    0,    0,    0,    0,    0,    0,    0,    0,    0,    0,    0,    0,    0,  -16,    0,    0,   -7,    0,   -5,    0,    0,    0,    0,    0,  -37,    0,    0,    0,  -12,    0,    0,   -1,    0,    0,    0,    0,    0,   -5,  -12,   -8,    0,  -11,    0,  -37,    0,    0,    0,    0,    0,    0,    0,  -12,    0,  -37,    0,    0,    0,    0,    0,
       0,  -23,    0,    0,  -56,    0,  -56,  -56,    0,    0,    0,    0,    0,    0,    0,    0,    0,    0,  -37,  -16,    0,  -56,  -12,    5,   -5,    0,    0,    0,    0,    0,  -47,    0,    0,    0,  -37,    0,    0,  -37,    0,  -11,  -10,  -17,    0,   -9,   -5,   -5,   -9,   -5,   -5,  -47,    0,    0,    0,  -37,    0,    0,    0,  -37,    0,  -56,    0,    0,    0,    0,    0,
       0,    0,    0,    0,    0,    0,    0,    0,    0,    0,    0,    0,    0,    0,    0,    0,    0,    0,    0,   -2,    0,    0,    0,    0,    0,    0,    0,    0,    0,    0,    0,    0,    0,    0,   -2,    0,    0,    0,    0,    0,    0,    0,    0,   -2,   -2,    0,    0,    0,    0,    0,    0,    0,    0,    0,    0,    0,    0,   -2,    0,    0,    0,    0,    0,    0,    0,
       0,    0,    0,    0,    0,    0,    0,    0,    0,  -19,  -23,    0,    0,    0,    0,    0,    0,    0,  -23,    0,    0,  -51,    0,  -47,    0,  -47,  -33,  -37,  -56,    0,    0,    0,    0,    0,    0,    0,    0,    0,    0,    0,    0,    0,    0,    0,   -9,   -9,  -19,   -9,    0,    0,    0,    0,    0,    0,    0,    0,    0,    0,    0,    0,    0,    0,    0,    0,    0,
       0,    0,    0,    0,    0,    0,    0,    0,    0,    0,    0,    0,    0,    0,    0,    0,    0,    0,    0,  -23,    0,    0,    0,  -28,    0,  -19,  -19,    0,  -37,    0,    0,  -43,    0,    0,    0,    0,    0,    0,   28,    0,    0,    0,    0,    0,   -3,    0,    0,    0,    0,    0,    0,    0,    0,    0,    0,  -37,   -3,  -10,    0,    0,    0,    0,    0,    0,    0,
       0,    0,    0,    0,    0,    0,    0,    0,    0,    0,    0,    0,    0,    0,    0,    0,    0,    0,    0,    0,    0,    0,    0,    0,    0,  -14,    0,    0,    0,    0,    0,    0,    0,    0,    0,    0,    0,    0,    0,    0,    0,    0,    0,    0,  -10,    0,    0,    0,    0,    0,    0,    0,    0,    0,    0,    0,    0,  -16,    4,    0,    0,    0,    0,    0,    0,
       0,    0,    0,    0,    0,    0,    0,    0,    0,    0,    0,    0,    0,    0,    0,    0,    0,    0,    9,   -9,    0,    0,    0,  -30,   -5,  -13,   -5,    0,  -25,    0,    0,  -14,    0,    0,    0,    0,    0,    0,    0,    0,    0,    0,    0,   -5,   -6,   -3,    0,   -6,    0,    0,    0,    0,    0,    9,    0,  -25,    0,    0,    0,    0,    0,    0,    0,    0,    0,
       0,    0,  -12,    0,    0,    0,    0,  -23,    0,    0,    0,    0,    0,    0,    0,    0,    0,    0,    0,    0,    0,    0,    0,  -22,    0,  -11,   -7,   -7,  -18,   -5,    0,  -23,    0,    0,    0,    0,   -9,    0,    0,    0,    0,    0,    0,    0,   -7,   -9,   -9,   -9,   -5,  -12,    0,    0,    0,    0,    0,  -18,   -9,    0,    0,    0,    0,    0,    0,    0,    0,
       0,    0,    0,    0,    0,    0,    0,    0,    0,    0,    0,    0,    0,    0,    0,    0,    0,    0,    0,    0,    0,    0,    0,  -14,    0,   -7,   -5,   -2,  -16,    0,    0,    0,    0,    0,    0,    0,    0,    0,    0,    0,    2,    0,    0,    0,    0,    0,    0,   -7,    0,    0,    0,    0,    0,    0,    0,  -16,    0,    0,    0,    0,    0,   14,    0,   14,    0,
       0,    0,    0,    0,    0,    0,    0,    0,    0,    0,    0,    0,    0,    0,    0,    0,    0,    0,    0,    0,    0,    0,    0,    0,    0,    0,    0,    0,    0,    0,    0,    0,    0,    0,    0,    0,    0,    0,    0,    0,    0,    0,    0,    7,    0,    0,    0,    0,    0,    0,    0,    0,    0,    0,    0,    0,    0,    0,    0,    0,    0,    0,    0,    0,    0,
       0,    0,    0,    0,    0,    0,    0,    0,    0,    0,    0,    0,    0,    0,    0,    0,    0,    0,    0,    0,    0,    0,    0,  -21,    0,   -9,   -5,   -5,  -16,    0,    0,  -19,    0,    0,    0,    0,    0,   -2,    0,    0,    0,    0,    0,    0,   -5,   -5,   -1,   -5,    0,    0,    0,    0,    0,    0,    0,  -16,    0,    0,    0,    0,    0,    0,    0,    0,    0,
       0,    0,   14,   14,    0,    0,    0,   -9,    0,    0,    0,    0,    0,    0,    0,    0,    0,    0,   -9,    0,    0,    0,    0,   28,    0,   26,   23,   23,   23,   23,    0,    0,   19,    0,   -9,    0,    0,    0,    0,    0,    0,    0,    1,    0,    5,    1,    0,    0,    2,    0,    0,    0,    0,   -9,    0,   23,    0,   -9,    0,    0,   14,   19,   14,   19,    0,
       0,    0,    0,    0,   -2,    0,    0,    0,    0,    0,    0,    0,    0,    0,    0,    0,    0,    0,   -7,   -5,    0,    0,   -2,    0,    0,    0,    0,    0,   -7,    0,    0,  -14,    0,    0,    0,    0,    0,    0,    5,    0,    0,   -5,    0,   -4,    0,    0,    0,    0,    0,    0,    0,    0,    0,   -7,    0,   -7,    0,    0,    0,    0,    0,    0,    0,    0,    0,
       0,    0,    0,    0,    0,    0,    0,    0,    0,    0,    0,    0,    0,    0,    0,    0,    0,    0,    0,    0,    0,    0,    0,  -14,    0,  -14,    0,    0,  -12,    0,    0,  -19,    0,    0,    0,    0,    0,    0,    0,    0,    0,    0,    0,    0,    0,    0,    0,   -2,    0,    0,    0,    0,    0,    0,    0,  -12,    0,    0,    0,    0,    0,    0,    0,    0,    0,
       0,    0,    0,    0,    0,    0,    0,    0,    0,    0,    0,    0,    0,    0,    0,    0,    0,    0,    0,    0,    0,    0,    0,  -14,    0,    0,    0,    0,    0,    0,    0,    0,    0,    0,    0,    0,    0,    0,    0,    0,    0,    0,    0,    0,    0,    0,    0,    0,    0,    0,    0,    0,    0,    0,    0,    0,    0,    0,    0,    0,    0,    0,    0,    0,    0,
       0,    0,    0,    0,    0,    0,    0,    0,    0,    0,    0,    0,    0,    0,    0,    0,    0,    0,    0,    0,    0,    0,    0,  -14,   -5,    0,    0,    0,    0,    0,    0,    0,    0,    0,    0,    0,    0,    0,    2,    0,    0,    0,    0,    0,    0,    0,    0,    0,    0,    0,    0,    0,    0,    0,    0,    0,    0,    0,    0,    0,    0,    0,    0,    0,    0,
       0,    0,    0,    0,    0,    0,    0,    0,    0,    0,    0,    0,    0,    0,    0,    0,    0,    0,    0,   -5,    0,    0,    0,    0,    0,    0,    0,    0,   -9,    0,    0,  -19,    0,    0,  -10,   -2,    0,   -9,   -2,    0,    0,   -2,    0,   -2,    0,    0,    0,    0,    0,    0,    0,    0,    0,    0,    0,   -9,    0,  -10,   -2,    0,    0,    0,    0,    0,    0,
       0,    0,    0,    0,    0,    0,    0,    0,    0,    0,    0,    0,    0,    0,    0,    0,    0,    0,    0,   -9,    0,    0,    0,  -12,    0,  -14,   -9,    0,  -14,    0,    0,    0,    0,    0,   -5,    0,    0,   -5,   -7,    0,    0,    0,   -1,   -2,  -12,   -7,    0,   -7,    0,    0,    0,    0,    0,    0,    0,  -14,    0,   -5,    0,    0,    0,    0,    0,    0,    0,
       0,    0,   14,    0,    0,    0,    0,    0,    0,    0,    0,    0,    0,    0,    0,    0,    0,    0,    0,    0,    0,    0,    0,   -9,    0,   -8,    0,    0,   -7,    0,    0,   -3,    0,    0,    0,    0,    0,    0,    9,    0,    0,    0,    0,    0,    0,    0,    0,    0,    0,    0,    0,    0,    0,    0,    0,   -7,    0,    0,    0,    0,    0,    0,    0,    0,    0,
       0,    0,    0,    9,  -33,    0,  -53,   -9,    0,    0,    0,    0,    0,    0,    0,    0,    0,    0,  -14,    0,    0,    0,    0,   -5,    0,    0,    0,   -7,    0,    0,  -14,    0,    0,    0,  -10,    0,    0,   -7,   -5,    0,    0,    0,    9,    0,   23,   23,    0,    0,    0,  -14,    0,    0,    0,  -14,    0,    0,    0,  -10,    0,    0,    0,   23,    0,   23,    0,
       0,    0,    0,    0,    0,    0,    0,    0,    0,    0,    0,    0,    0,    0,    0,    0,    0,    0,    0,   -2,    0,    0,    0,  -21,    0,   -2,    0,   -2,   -9,    0,    0,    0,    0,    0,    0,    0,    0,    0,    0,    0,    0,    0,    0,    0,    0,    0,   -2,    0,    0,    0,    0,    0,    0,    0,    0,   -9,    0,    0,    0,    0,    0,    0,    0,    0,    0,
       0,    0,    0,    0,   -9,    0,    0,    0,    0,    0,    0,    0,    0,    0,    0,    0,    0,    0,    0,    0,    0,    0,    0,    0,    0,    0,    0,    0,    0,    0,    0,    0,    0,    0,   -2,    0,  -12,   -2,    0,    0,    0,    9,    0,    0,    0,    0,    0,    0,    0,    0,    0,    0,    0,    0,    0,    0,  -12,   -2,    0,    0,    0,    0,    0,    0,    0,
       0,    0,    0,    0,    0,    0,    0,    0,    0,    0,    0,    0,    0,    0,    0,    0,    0,    0,    0,    0,    0,    0,    0,  -14,    0,   -5,   -5,    0,   -7,    0,    0,    0,    0,    0,    0,    0,    0,   -5,    0,    0,    0,    0,    0,    0,    0,    0,    0,    0,    0,    0,    0,    0,    0,    0,    0,   -7,    0,    0,    0,    0,    0,    0,    0,    0,    0,
       0,  -14,    0,    3,  -19,    0,  -19,   -9,    0,    0,    0,    0,    0,    0,    0,    0,    2,    0,  -12,    0,    0,    0,    0,   -5,    0,    0,    0,  -12,   -5,   -9,   -9,    0,    0,  -10,   -7,    0,    0,   -5,    0,    0,    0,   -2,   23,    0,   23,    0,    0,    0,    0,   -9,    0,    0,   -6,  -12,    0,   -5,    0,   -9,    0,    0,    0,    0,    0,    0,    0,
       0,  -14,    0,    0,  -19,    0,  -19,   -9,    0,    0,    0,    0,    0,    0,    0,    0,    0,    0,   -2,    0,    0,    0,    0,   -5,    0,    0,    0,   -8,   -5,   -2,   -9,    0,    0,    0,   -7,    0,    0,   -7,    0,    0,    0,   -2,   23,    0,   19,    0,    0,    0,    0,   -9,    0,    0,    0,   -2,    0,   -5,    0,   -7,    0,    0,    0,    0,    0,    0,    0,
       0,   -1,    0,    0,    0,    0,    0,    0,    0,    0,    0,    0,    0,    0,    0,    0,    0,    0,    0,   -5,    0,    0,    0,   -7,   -2,    0,    0,    0,   -9,    0,  -19,   -3,    0,    0,  -14,    0,    0,    0,    0,    0,    0,   -2,    0,   -2,    0,    0,    0,    0,    0,  -19,    0,   -3,    0,    0,    0,   -9,    0,  -15,    0,    0,    0,    0,    0,    0,    0,
       0,  -14,    0,    0,    0,    0,  -19,   -9,    0,    0,    0,    0,    0,    0,    0,    0,    0,    0,  -12,    0,    0,    0,    0,   -5,    0,    0,    0,   -9,   -5,   -5,   -9,    0,    0,    0,   -5,    0,    0,   -7,    0,    0,    0,   -5,    0,    0,    0,    0,    0,    0,    0,   -9,    0,    0,    0,  -12,    0,   -5,    0,   -5,    0,    0,    0,    0,    0,    0,    0,
       0,    0,    0,    0,    0,    0,    0,    0,    0,    0,    0,    0,    0,    0,    0,    0,    0,    0,    0,    0,    0,    0,    0,   -5,    0,    0,    0,    0,   -5,    0,    0,  -19,    0,    0,   -5,    0,    0,    0,    0,    0,    0,    0,    0,    0,    0,    0,    0,    0,    0,    0,    0,    0,    0,    0,    0,   -5,    0,   -5,    0,    0,    0,    0,    0,    0,    0,
       0,    0,    0,    0,    0,    0,    0,    0,    0,  -19,  -23,    0,    0,    0,    0,    0,    0,    0,  -23,  -12,    0,  -47,    0,  -47,    0,  -47,  -33,  -37,  -56,    0,    0,    0,    0,    0,  -12,    0,    0,    0,    0,    0,    0,    0,    0,    0,   -9,   -9,  -19,   -9,    0,    0,    0,    0,    0,    0,    0,    0,    0,  -12,    0,    0,    0,    0,    0,    0,    0,
       0,    0,    0,    0,    0,    0,    0,    0,    0,  -19,  -23,    0,    0,    0,    0,    0,    0,    0,  -23,    0,    0,  -23,    0,  -47,    0,  -47,  -33,  -37,  -56,    0,    0,    0,    0,    0,    0,    0,    0,    0,    0,    0,    0,    0,    0,    0,   -9,   -9,  -19,   -9,    0,    0,    0,    0,    0,    0,    0,    0,    0,    0,    0,    0,    0,    0,    0,    0,    0,
       0,    0,    0,    0,    0,    0,    0,    0,    0,    0,    0,    0,    0,    0,    0,    0,    0,    0,    0,    0,    0,    0,    0,    0,    0,   -3,    0,    0,    0,    0,    0,    0,    0,    0,    0,    0,    0,    0,    0,    0,    0,    0,    0,    0,    0,    0,    0,    0,    0,    0,    0,    0,    0,    0,    0,    0,    0,    0,    0,    0,    0,    0,    0,    0,    0,
       0,    0,    0,    0,    0,    0,    0,    0,  -19,  -14,    0,  -14,    0,    0,    0,    0,    0,    0,    0,    0,    0,    0,    0,    0,    0,    0,    0,    0,    0,    0,    0,    0,    0,    0,    0,    0,    0,    0,    0,    0,    0,    0,    0,    0,    0,    0,    0,    0,    0,    0,    0,    0,    0,    0,    0,    0,    0,    0,    0,    0,    0,    0,    0,    0,    0,
       0,    0,    0,    0,    0,    0,    0,    0,    0,    0,    0,    0,    0,    0,    0,    0,    0,    0,    0,    0,    0,    0,    0,    0,    0,   -6,    0,    0,    0,    0,    0,    0,    0,    0,    0,    0,    0,    0,    0,    0,    0,    0,    0,    0,    0,    0,   -3,    0,    0,    0,    0,    0,    0,    0,    0,    0,    0,    5,    0,    0,    0,    0,    0,    0,    0,
       0,    0,    0,    0,    0,    0,    0,    0,    0,    0,    0,    0,    0,    0,    0,    0,    0,    0,    0,    0,    0,    0,    0,    0,    0,   -8,    0,    0,    0,    0,    0,    0,    0,    0,    0,    0,    0,    0,    0,    0,    0,    0,    0,    0,   -4,    0,    0,    0,    0,    0,    0,    0,    0,    0,    0,    0,    0,  -14,    0,    0,    0,    0,    0,    0,    0,
       5,    0,    0,   -2,  -60,    0,  -47,  -19,    0,    0,    0,    0,    0,    0,    0,    0,    0,    0,  -30,    0,    0,  -35,    0,    0,    0,    0,    4,   -7,    0,   -7,    0,   -9,    0,  -25,   -5,    0,    4,   -5,    0,    0,    0,    0,    7,   -2,    6,    7,   -1,    5,    0,    0,    9,   12,   -9,  -30,    0,    0,    4,   -5,    0,    0,   14,   23,   14,   23,    2,
       0,    0,  -12,   -9,    0,    0,    0,   -6,    0,    0,    0,    0,    0,    0,    0,    0,    0,    0,    0,    0,    0,    0,    0,  -22,    0,  -11,   -7,   -7,  -18,   -5,    0,   -2,    0,  -16,    0,    0,   -9,    0,    0,    0,    0,    0,    0,    0,   -8,   -9,  -11,   -9,   -5,  -12,    0,    5,    0,    0,    0,  -18,   -9,    0,    0,    0,    0,    0,    0,    0,    0,
       0,    0,  -14,   -7,    0,    0,   -9,  -14,    0,    0,    0,    0,    0,    0,    0,    0,    0,    0,   -9,    0,   -7,   -7,    0,  -14,    0,  -14,   -2,  -16,  -16,  -21,    0,  -23,    0,  -25,    0,    0,    0,    0,    0,    0,    0,    0,    0,    0,    0,    0,   -6,    0,    0,  -12,    0,    5,   -9,   -9,    0,  -16,    0,    0,    0,    0,    0,    0,    0,    0,    0,
       0,    0,    0,    0,    0,    0,    0,    0,    0,    0,    0,    0,    0,    0,    0,    0,    0,    0,  -63,    0,    0, -112,    0,    0,    0,    0,    0,    0,    0,    0,    0,    0,    0,    0,    0,    0,    0,  -19,    0,    0,    0,  -19,    0,    0,    0,    0,    0,    0,    0,    0,    0,    0,    0,  -63,    0,    0,    0,    0,    0,    0,    0,    0,    0,    0,    0,
       0,    0,    0,    0,    0,    0,    0,    0,    0,    0,    0,    0,    0,    0,    0,    0,    0,    0,  -28,    0,    0,  -56,    0,    0,    0,    0,    0,    0,    0,    0,    0,    0,    0,    0,  -19,    0,    0,  -23,    0,  -14,    0,    0,    0,    0,    0,    0,    0,    0,    0,    0,    0,    0,    0,  -28,    0,    0,    0,  -19,    0,    0,    0,    0,    0,    0,    0,
       0,    0,    0,    0,    0,    0,    0,    0,    0,    0,    0,    0,    0,    0,    0,    0,    0,    0,  -35,    0,    0,  -56,    0,    0,    0,    0,    0,    0,    0,    0,    0,    0,    0,    0,    0,    0,    0,  -19,    0,    0,    0,  -19,    0,    0,    0,    0,    0,    0,    0,    0,    0,    0,    0,  -35,    0,    0,    0,    0,    0,    0,    0,    0,    0,    0,    0,
       0,    0,    0,    0,    0,    0,    0,    0,    0,    0,    0,    0,    0,    0,    0,    0,    0,    0,  -35,    0,    0,  -47,    0,    0,    0,    0,    0,    0,    0,    0,    0,    0,    0,    0,  -19,    0,    0,  -23,    0,    0,    0,    0,    0,    0,    0,    0,    0,    0,    0,    0,    0,    0,    0,  -35,    0,    0,    0,  -19,    0,    0,    0,    0,    0,    0,    0,
       0,    0,    0,    0,    0,    0,    0,    0,    0,    0,    0,    0,    0,    0,    0,    0,    0,    0,    0,    0,    0,    0,    0,    0,    0,   -4,    0,    0,    0,    0,    0,    0,    0,    0,    0,    0,    0,    0,    0,    0,    0,    0,    0,    0,    0,    0,    0,    0,    0,    0,    0,    0,    0,    0,    0,    0,    0,    0,    0,    0,    0,    0,    0,    0,    0,
};

static const EpdLigaturePair lexenddeca_14_bolditalicLigaturePairs[] = {
    { 0x00660069, 0xFB01 }, // f i -> U+FB01
    { 0x0066006C, 0xFB02 }, // f l -> U+FB02
};

static constexpr EpdFontData lexenddeca_14_bolditalic = {
    lexenddeca_14_bolditalicBitmaps,
    lexenddeca_14_bolditalicGlyphs,
    lexenddeca_14_bolditalicIntervals,
    29,
    36,
    30,
    -8,
    true,
    lexenddeca_14_bolditalicGroups,
    7,
    nullptr,
    lexenddeca_14_bolditalicKernLeftClasses,
    lexenddeca_14_bolditalicKernRightClasses,
    lexenddeca_14_bolditalicKernMatrix,
    138,
    122,
    78,
    65,
    lexenddeca_14_bolditalicLigaturePairs,
    2,
};
