/**
 * generated by fontconvert.py
 * name: lexenddeca_16_regular
 * size: 16
 * mode: 2-bit  compressed: true
 * Command used: fontconvert.py lexenddeca_16_regular 16 ../builtinFonts/source/LexendDeca/LexendDeca-Regular.ttf ../builtinFonts/source/NotoEmoji/NotoEmoji-Regular.ttf ../builtinFonts/source/NotoSymbols/NotoSansSymbols-Regular.ttf --exact-intervals --additional-intervals 0x0020,0x007E --additional-intervals 0x00A0,0x00FF --additional-intervals 0x2000,0x206F --additional-intervals 0x20A0,0x20CF --additional-intervals 0x2190,0x21FF --additional-intervals 0xFB00,0xFB06 --additional-intervals 0xFFFD,0xFFFD --additional-intervals 0x2669,0x266F --additional-intervals 0x2764,0x2764 --additional-intervals 0x1F600,0x1F600 --additional-intervals 0x1F44D,0x1F44D --font-include-intervals 1:0x2764,0x2764 --font-include-intervals 1:0x1F600,0x1F600 --font-include-intervals 1:0x1F44D,0x1F44D --font-include-intervals 2:0x2669,0x266F --2bit --compress --pnum --darken-aa
 */
#pragma once
#include "EpdFontData.h"

static const uint8_t lexenddeca_16_regularBitmaps[9689] = {
    0xB5, 0x5A, 0xBF, 0x8F, 0xDC, 0xC6, 0x15, 0x1E, 0x92, 0xB9, 0xA3, 0x21, 0x02, 0x66, 0x8A, 0x1C,
    0xE2, 0x48, 0x01, 0xE8, 0xD2, 0x91, 0x03, 0xD3, 0x7F, 0x40, 0x80, 0x61, 0x9C, 0xC2, 0x65, 0xAE,
    0xD0, 0x5A, 0x40, 0x5C, 0xB8, 0x71, 0x13, 0xA5, 0xD0, 0x7F, 0x60, 0x12, 0x4E, 0x91, 0xC2, 0x45,
    0xD4, 0x24, 0xB5, 0x0A, 0x15, 0xCA, 0xAA, 0x70, 0xEB, 0x04, 0xBA, 0x1B, 0x22, 0x06, 0x92, 0xD2,
    0x84, 0x1B, 0x97, 0x26, 0x10, 0x05, 0x30, 0xEC, 0x42, 0x13, 0x98, 0x80, 0x79, 0x32, 0xC9, 0xC9,
    0xF7, 0xBD, 0x21, 0x77, 0xF7, 0x4E, 0xB9, 0x93, 0x6C, 0x29, 0xBB, 0xE4, 0x5B, 0xDE, 0xEE, 0xFC,
    0x7C, 0x3F, 0xBF, 0xF7, 0xE6, 0x0E, 0x0A, 0x5D, 0xEF, 0xBC, 0x2B, 0xBE, 0xF3, 0x2A, 0x2F, 0xF2,
    0x22, 0x53, 0x99, 0x4A, 0x95, 0x7F, 0x5D, 0x56, 0xBA, 0x36, 0x78, 0xEB, 0x6A, 0x4F, 0x1D, 0x14,
    0x2B, 0x5D, 0x4F, 0xFA, 0x97, 0x63, 0x19, 0x0C, 0x65, 0x38, 0x1C, 0x87, 0xDD, 0xFD, 0xD0, 0xDE,
    0x8F, 0x6C, 0x1F, 0xB5, 0x87, 0x41, 0xA1, 0xF6, 0x8A, 0xE0, 0x50, 0xA9, 0xB4, 0x89, 0x2C, 0x68,
    0xED, 0x69, 0x0C, 0x9A, 0xD5, 0x49, 0xAB, 0x54, 0x5E, 0x81, 0xE6, 0x0E, 0xAF, 0x4A, 0xEF, 0x50,
    0xA5, 0xF1, 0xBB, 0x52, 0x25, 0x7E, 0x57, 0xEA, 0x58, 0x69, 0xD0, 0x51, 0xE9, 0x42, 0xA9, 0x01,
    0xBF, 0xCC, 0x74, 0x3D, 0xAD, 0xDD, 0x5D, 0xC5, 0xE6, 0xE3, 0x4C, 0xAF, 0x9F, 0xAC, 0xC6, 0x6B,
    0x0A, 0x53, 0x0C, 0x6A, 0xA6, 0xB1, 0x0D, 0x40, 0x93, 0x36, 0xEC, 0x49, 0xA3, 0x4E, 0x2D, 0xAF,
    0x72, 0x21, 0x21, 0x26, 0x53, 0xDA, 0x0D, 0x2A, 0xC0, 0x10, 0x45, 0x04, 0x52, 0xA7, 0x7D, 0x59,
    0xB6, 0xA9, 0x2D, 0xD3, 0x3A, 0x6D, 0xCB, 0x50, 0x81, 0x60, 0xCD, 0x96, 0x64, 0x04, 0x89, 0x9D,
    0x63, 0x2F, 0x87, 0xC5, 0x97, 0x98, 0x93, 0x7F, 0x57, 0xFC, 0xBB, 0x51, 0xE1, 0xA0, 0x2D, 0x48,
    0x6A, 0xF7, 0x49, 0xB2, 0x37, 0x40, 0xF4, 0xA7, 0x43, 0xD6, 0x62, 0x74, 0x53, 0xA7, 0xDC, 0x16,
    0x86, 0x9F, 0xD8, 0x0D, 0xDB, 0x0F, 0x07, 0xB5, 0x4B, 0xF8, 0x0A, 0xEE, 0xE2, 0x3E, 0x54, 0x09,
    0xC6, 0x4B, 0xC9, 0x94, 0x46, 0xE5, 0xB5, 0xD2, 0x6F, 0x5A, 0x6E, 0x1C, 0x5C, 0x55, 0xE8, 0x7A,
    0x14, 0xF4, 0x6C, 0x3E, 0x04, 0x3D, 0xF7, 0x82, 0x0F, 0x34, 0x54, 0x47, 0x61, 0x97, 0x93, 0x59,
    0x91, 0x25, 0x87, 0xF4, 0xC3, 0x16, 0x0D, 0x55, 0xEA, 0xFE, 0x3E, 0x80, 0xFB, 0xE1, 0x14, 0x75,
    0x39, 0x27, 0x48, 0x5B, 0x83, 0x75, 0x63, 0xC4, 0xB1, 0xE4, 0x86, 0xDF, 0xE8, 0x52, 0x74, 0x99,
    0x22, 0x8B, 0x8F, 0x70, 0x88, 0x6C, 0xD2, 0xA8, 0xA8, 0x93, 0x8F, 0xB4, 0x95, 0x2F, 0xF3, 0x3A,
    0x64, 0x13, 0x8C, 0xC8, 0x0E, 0x18, 0x11, 0xDD, 0x39, 0x75, 0xEE, 0x57, 0x8B, 0xA1, 0x95, 0x7A,
    0xF5, 0x16, 0x48, 0xE4, 0xFC, 0x74, 0xC2, 0xC7, 0x47, 0xA6, 0x01, 0xAD, 0x53, 0x6C, 0xB0, 0xAC,
    0x22, 0xCC, 0x60, 0x0A, 0x61, 0x74, 0x4D, 0xAA, 0x85, 0xE6, 0x96, 0xD4, 0x41, 0x20, 0x60, 0xDD,
    0xC8, 0xAE, 0x93, 0x43, 0xA3, 0xBC, 0x2D, 0xEB, 0xBC, 0xD2, 0x75, 0x8E, 0x4D, 0x94, 0x55, 0x32,
    0x68, 0x55, 0x42, 0x1A, 0x06, 0xC3, 0x28, 0xB4, 0x42, 0x57, 0x0D, 0xA1, 0xB7, 0x2A, 0xED, 0x55,
    0x36, 0x2A, 0x33, 0x81, 0x4B, 0x94, 0x17, 0xF8, 0x3E, 0x96, 0xE0, 0x93, 0x6B, 0x33, 0xF0, 0xE3,
    0x1A, 0x46, 0x3B, 0xA0, 0xFE, 0x16, 0x25, 0x64, 0x7B, 0xAC, 0xEE, 0xE3, 0xDD, 0xAB, 0x43, 0x59,
    0x70, 0x88, 0xBE, 0x1D, 0x47, 0x40, 0xA7, 0x51, 0xC5, 0x3D, 0x24, 0xAA, 0xB2, 0x46, 0x06, 0xAE,
    0xA8, 0x08, 0x46, 0xAE, 0x69, 0xB9, 0xFC, 0x9F, 0xF8, 0x1E, 0xBF, 0x82, 0xB9, 0x68, 0x89, 0xF6,
    0xD1, 0x00, 0x7E, 0x62, 0xED, 0x50, 0x4F, 0xCB, 0xD1, 0xC2, 0xC6, 0x0B, 0x2E, 0x43, 0xB3, 0x46,
    0x61, 0x05, 0x31, 0xD5, 0x88, 0x5B, 0xE7, 0xB8, 0x10, 0x4D, 0x62, 0x55, 0xDC, 0xA9, 0xA8, 0x97,
    0x9E, 0xA7, 0x2F, 0x7E, 0xD9, 0x43, 0x3F, 0x39, 0x2E, 0x5A, 0xA2, 0xBD, 0x29, 0xD0, 0x17, 0x23,
    0x80, 0x41, 0xF8, 0xEB, 0x45, 0x3F, 0xF4, 0x35, 0x2A, 0xFB, 0xCB, 0xF7, 0x5F, 0x3E, 0xFA, 0x6B,
    0x67, 0x5C, 0x9F, 0xB8, 0x1A, 0xDA, 0x61, 0x5C, 0x77, 0xFC, 0xB7, 0xFE, 0xF5, 0xFB, 0xAF, 0x53,
    0xC3, 0xDF, 0xC5, 0xD6, 0xEE, 0x50, 0x0C, 0xFD, 0x05, 0xC4, 0x50, 0xAD, 0x49, 0x1A, 0x21, 0x5C,
    0xCE, 0x05, 0x3D, 0x38, 0x5E, 0x0A, 0x41, 0xE4, 0x36, 0xED, 0xA8, 0x14, 0xD4, 0x07, 0x5D, 0xFC,
    0x5C, 0x1D, 0xAC, 0x0E, 0x4B, 0xD7, 0xF9, 0xEB, 0x8C, 0x0F, 0xC0, 0x6B, 0x8F, 0x92, 0x4E, 0x1B,
    0xD1, 0x31, 0x0A, 0x9B, 0x7F, 0x1A, 0xFE, 0x30, 0x2E, 0x3A, 0x2E, 0xE6, 0x97, 0xD8, 0xE7, 0xDF,
    0xAC, 0xDD, 0x34, 0x83, 0x0E, 0xAA, 0xAB, 0xC2, 0xB8, 0xFD, 0x13, 0xEA, 0x1D, 0xF6, 0x0A, 0xBB,
    0x06, 0xAB, 0xE9, 0x1E, 0xD2, 0x1E, 0x0C, 0xCE, 0x5A, 0x65, 0x2A, 0x4A, 0x1D, 0xDE, 0x0D, 0x9D,
    0x30, 0x70, 0xDA, 0x94, 0x05, 0xCD, 0x83, 0x46, 0x7E, 0x86, 0xD0, 0xE6, 0x5B, 0xF9, 0x15, 0x23,
    0x67, 0x8D, 0xF4, 0xC8, 0x1B, 0xAF, 0xE0, 0xAE, 0x48, 0xC6, 0xC8, 0x71, 0x64, 0xAC, 0xC6, 0x91,
    0x23, 0x39, 0x4D, 0x40, 0x94, 0x30, 0xAE, 0x44, 0xE7, 0x63, 0x87, 0x79, 0xE6, 0x3B, 0x37, 0xB5,
    0x7A, 0x89, 0x16, 0xF0, 0x3D, 0xEE, 0xCB, 0xE6, 0xCB, 0x02, 0x3E, 0xB2, 0x5E, 0x6E, 0x75, 0xE9,
    0x0B, 0xB2, 0x03, 0x0F, 0x98, 0xDD, 0xD2, 0xF6, 0x7A, 0x68, 0x0D, 0x54, 0x47, 0xD7, 0x21, 0xDD,
    0x64, 0x30, 0xC1, 0x51, 0x07, 0x34, 0xCB, 0x90, 0xEC, 0x12, 0x69, 0xA7, 0xFD, 0x62, 0x7B, 0x25,
    0xB9, 0xCA, 0xA5, 0x46, 0x74, 0x08, 0x29, 0x7F, 0xD4, 0xFC, 0x1E, 0xC3, 0xC1, 0x8F, 0x81, 0xD1,
    0x09, 0x3B, 0x65, 0xD3, 0x7A, 0xAD, 0xE8, 0x8C, 0x39, 0xB3, 0x2B, 0xE8, 0xBE, 0x8A, 0xBD, 0xD5,
    0xEA, 0x1A, 0x67, 0x73, 0x24, 0x13, 0x09, 0x3B, 0x67, 0x76, 0xB1, 0x6D, 0xB7, 0x99, 0x8C, 0xB2,
    0xD1, 0x5C, 0x80, 0xF8, 0x49, 0xAE, 0x4F, 0x99, 0x0F, 0x31, 0xEC, 0x0F, 0x69, 0x1E, 0xB3, 0x57,
    0x10, 0x61, 0xCD, 0x24, 0xE5, 0x77, 0x18, 0xC3, 0xA9, 0xBC, 0x8B, 0x47, 0x3F, 0x72, 0x24, 0x7D,
    0x0D, 0x57, 0x14, 0x88, 0x0D, 0x0B, 0x8D, 0xBB, 0xCD, 0xF8, 0x24, 0xE4, 0x7B, 0x48, 0x12, 0x93,
    0xA4, 0xDF, 0x80, 0xE8, 0x7F, 0x82, 0xB8, 0x37, 0x61, 0x9E, 0x13, 0x1A, 0x27, 0x3D, 0x48, 0x66,
    0x41, 0x74, 0x0D, 0x42, 0xAF, 0x61, 0x69, 0x04, 0x1D, 0xF7, 0xD6, 0x71, 0x6F, 0x76, 0x1E, 0xF4,
    0x1C, 0x12, 0x60, 0xD3, 0x70, 0x36, 0x63, 0xBA, 0xDC, 0xAD, 0x57, 0x4C, 0xFA, 0x4F, 0xC6, 0xA8,
    0xFC, 0x1F, 0x77, 0x18, 0xC0, 0x18, 0xB8, 0x2C, 0x25, 0x11, 0xC3, 0x79, 0x29, 0xF1, 0x13, 0xC2,
    0x0F, 0x37, 0x2B, 0xAE, 0xFB, 0x29, 0xFC, 0x8A, 0x56, 0xD1, 0x68, 0xDA, 0x7C, 0x60, 0x5B, 0x8C,
    0x59, 0x07, 0x74, 0x80, 0xC1, 0xC2, 0xB5, 0x84, 0x22, 0xA2, 0xEB, 0x54, 0x79, 0xB3, 0xCB, 0x52,
    0x91, 0x64, 0x34, 0x60, 0xF7, 0x09, 0xBD, 0x6C, 0xCA, 0x25, 0x67, 0xE4, 0x90, 0xEE, 0x93, 0x09,
    0xCD, 0xC0, 0x53, 0xE8, 0xA8, 0x13, 0x87, 0x55, 0x38, 0xB2, 0x93, 0xA4, 0x10, 0xFF, 0x45, 0xF7,
    0x09, 0xAF, 0x87, 0xE5, 0x64, 0xD3, 0xCD, 0x81, 0x03, 0x74, 0x3E, 0x58, 0xA9, 0x1C, 0xA3, 0xAE,
    0x56, 0xAB, 0x43, 0x70, 0xA0, 0xC7, 0x3D, 0x38, 0x91, 0x26, 0x77, 0xCD, 0x25, 0x64, 0xCD, 0xAC,
    0x7D, 0x95, 0x5F, 0xFE, 0xE4, 0xAD, 0x8E, 0xEB, 0x4C, 0xCE, 0x34, 0x61, 0x3C, 0x71, 0x7E, 0x95,
    0xD1, 0x99, 0x26, 0x5E, 0x64, 0x25, 0x44, 0x18, 0x72, 0xD1, 0x09, 0xA7, 0x48, 0x7B, 0xE8, 0x57,
    0xDE, 0x62, 0xD1, 0x22, 0x6F, 0x2F, 0xF4, 0x06, 0x24, 0xA5, 0xE4, 0x63, 0xD1, 0x15, 0xF1, 0x51,
    0xA2, 0xDA, 0xD3, 0x87, 0xC3, 0xA6, 0x31, 0x34, 0x04, 0x8E, 0xB5, 0xC2, 0x5E, 0x35, 0x2D, 0xB8,
    0xAC, 0xE8, 0xCD, 0x11, 0x0E, 0xDE, 0x9E, 0xFC, 0xC8, 0x32, 0x07, 0x64, 0x51, 0xCC, 0xF1, 0xF4,
    0x0A, 0xAC, 0x24, 0x20, 0xC7, 0x92, 0x2D, 0xC7, 0x1A, 0x4C, 0x6E, 0xAA, 0xD0, 0x71, 0xC5, 0x8F,
    0x13, 0x7A, 0x60, 0xD3, 0xC4, 0x60, 0xEA, 0x64, 0xB6, 0x5A, 0x48, 0xE5, 0x7D, 0x68, 0x17, 0xD9,
    0xE8, 0x8D, 0x6C, 0x44, 0x8B, 0xDD, 0x29, 0x2B, 0xE3, 0xC6, 0xCF, 0xF8, 0xC5, 0x9D, 0xD7, 0xEE,
    0x2F, 0x97, 0x8A, 0xBC, 0xD5, 0x56, 0xB7, 0x79, 0x73, 0xB6, 0x15, 0x38, 0x8B, 0x9D, 0x69, 0x9B,
    0xDA, 0x18, 0xAE, 0x37, 0x6E, 0xB3, 0xBA, 0x54, 0xAF, 0xF0, 0x6B, 0xF0, 0x39, 0x26, 0xEA, 0x40,
    0x20, 0x22, 0x36, 0x98, 0xB0, 0xB9, 0x16, 0xDB, 0x2A, 0x54, 0xD9, 0xF9, 0x10, 0x5B, 0x5A, 0x2F,
    0xD6, 0x90, 0x86, 0xA3, 0x05, 0x9B, 0x30, 0x04, 0x5B, 0x62, 0x1F, 0xF4, 0xAF, 0x3D, 0xF2, 0xA1,
    0x25, 0x6F, 0xC9, 0x99, 0xA9, 0xF9, 0xDD, 0x4E, 0x93, 0x03, 0x68, 0x88, 0xFA, 0x11, 0x37, 0xCC,
    0xFD, 0x6E, 0x46, 0x05, 0x0B, 0x4A, 0x22, 0x2A, 0x7A, 0x11, 0xF2, 0x9C, 0x2E, 0x00, 0xD3, 0x88,
    0xBF, 0x1B, 0x65, 0x7A, 0x2E, 0x83, 0x13, 0xD3, 0x71, 0xCB, 0xE2, 0x2F, 0xDD, 0xA1, 0x2D, 0x13,
    0x01, 0xD1, 0x4A, 0x06, 0xDD, 0xC6, 0x83, 0x2E, 0xC2, 0xE9, 0xD2, 0xC6, 0x4A, 0xC2, 0x59, 0x7F,
    0xB2, 0x7E, 0xDE, 0x57, 0xC5, 0x47, 0xB5, 0x6B, 0x6E, 0xCB, 0x6B, 0xBF, 0x22, 0x5E, 0xF0, 0x6E,
    0x4B, 0xCF, 0x9A, 0x18, 0xF8, 0x5F, 0x8E, 0x6F, 0xC9, 0xC7, 0xBC, 0xB3, 0xD2, 0x9B, 0x77, 0xE4,
    0x1E, 0xA8, 0x9B, 0x7E, 0x68, 0x1F, 0x9F, 0xE7, 0x58, 0x41, 0xBB, 0x22, 0x26, 0xED, 0x55, 0xF9,
    0x69, 0x9F, 0x34, 0x89, 0x8D, 0xDC, 0x37, 0x7D, 0xDC, 0xA6, 0x04, 0x6B, 0x88, 0x7B, 0x80, 0x23,
    0x6D, 0x0E, 0x11, 0x68, 0x68, 0x4C, 0x2A, 0x9F, 0x50, 0x52, 0x7C, 0xBE, 0x17, 0x8C, 0x44, 0x49,
    0xED, 0x11, 0x2C, 0x22, 0x6D, 0x93, 0x86, 0x9F, 0x59, 0x93, 0xD6, 0x43, 0x48, 0x0F, 0xEC, 0x3F,
    0x21, 0x64, 0x80, 0xB5, 0x29, 0x74, 0xF5, 0xB1, 0x3A, 0xA2, 0xD7, 0xF9, 0x76, 0x50, 0xEF, 0x61,
    0x3D, 0xEF, 0x60, 0x3D, 0xC0, 0xB6, 0x63, 0xEC, 0x0A, 0xEF, 0xFB, 0x94, 0xF7, 0x22, 0x6A, 0x09,
    0x66, 0xD4, 0x24, 0xAC, 0x2B, 0xE1, 0x6F, 0xEE, 0xE4, 0x2D, 0x0A, 0x50, 0xF0, 0x71, 0x21, 0x58,
    0xD5, 0x79, 0x04, 0xBB, 0x77, 0xC7, 0xB7, 0xDC, 0x3B, 0xDC, 0x22, 0x2A, 0x71, 0x87, 0x22, 0x16,
    0x30, 0x5A, 0x40, 0xDA, 0x24, 0x11, 0x60, 0xF0, 0x5E, 0xD9, 0x48, 0xC8, 0xE4, 0x94, 0x89, 0xA5,
    0xF6, 0xA6, 0x96, 0x4E, 0x06, 0xCB, 0xB6, 0x0B, 0x60, 0xD3, 0x55, 0x4C, 0x4D, 0xFF, 0xD3, 0x75,
    0x89, 0x67, 0xF0, 0x4C, 0x44, 0xC4, 0x13, 0x0D, 0x00, 0x2A, 0x11, 0x8D, 0xAB, 0x95, 0xA9, 0xA8,
    0xDE, 0x73, 0xE3, 0x1A, 0x81, 0x14, 0xC1, 0x34, 0x97, 0xA1, 0x38, 0x60, 0xD2, 0x51, 0x57, 0xD8,
    0x53, 0xBC, 0xEC, 0x24, 0xAE, 0x16, 0x1C, 0xDB, 0x77, 0x95, 0xB0, 0x9C, 0x3E, 0x69, 0x4B, 0x2A,
    0x6F, 0x70, 0x33, 0x76, 0xEF, 0xE7, 0xC6, 0x84, 0x29, 0x6C, 0xDC, 0x3A, 0x8E, 0xBA, 0x90, 0x64,
    0xF3, 0x94, 0x5B, 0xB7, 0x5E, 0xBB, 0xC6, 0xB7, 0x9B, 0x7B, 0x3C, 0xA0, 0x61, 0xDD, 0xF1, 0xDC,
    0xA9, 0x84, 0x57, 0xE2, 0x40, 0xB0, 0x80, 0xD0, 0x3D, 0xB8, 0xE2, 0x8A, 0x58, 0x00, 0x1D, 0xC3,
    0xDF, 0x2B, 0x0B, 0xA7, 0x76, 0xD0, 0x68, 0x29, 0x32, 0x28, 0x8B, 0x4D, 0x54, 0x9A, 0x9F, 0xFD,
    0xF7, 0xFA, 0x31, 0xDC, 0xCA, 0x71, 0x7E, 0x04, 0xC5, 0x57, 0x80, 0x96, 0x91, 0x3B, 0xF9, 0xDD,
    0x34, 0xCF, 0x35, 0xCF, 0xEB, 0xD7, 0x20, 0x72, 0x61, 0xAC, 0x9C, 0xD9, 0xE1, 0x77, 0xE7, 0xB7,
    0x27, 0x1C, 0xB1, 0x54, 0x78, 0x68, 0x23, 0x28, 0xA2, 0xB6, 0x57, 0x7E, 0x6F, 0x06, 0x5B, 0x6A,
    0x8A, 0x2D, 0x2D, 0x77, 0x9E, 0xCD, 0xD9, 0x96, 0x91, 0xF4, 0x4D, 0x64, 0x1C, 0x28, 0x81, 0x5B,
    0xDF, 0x83, 0xF9, 0xF8, 0x2C, 0x4A, 0xF8, 0x4B, 0x7A, 0x4B, 0x7C, 0xFD, 0xB5, 0xC5, 0xCF, 0xCB,
    0xBD, 0x13, 0xA0, 0x4E, 0xDD, 0x9E, 0xB7, 0xDB, 0xFB, 0xBC, 0x76, 0xEB, 0xF5, 0xDD, 0xDD, 0xF1,
    0x7E, 0xE3, 0xC7, 0x9F, 0x36, 0xF7, 0xF9, 0xFD, 0x6E, 0xD1, 0x2C, 0x37, 0xF7, 0x79, 0xED, 0xCE,
    0xDC, 0xB0, 0xEA, 0xBF, 0xA8, 0x25, 0xF3, 0xCA, 0x84, 0xE7, 0x8C, 0xE3, 0xF0, 0xE5, 0x0F, 0xF6,
    0x5D, 0x1D, 0x53, 0x3B, 0x2A, 0x4A, 0xE7, 0xD2, 0x93, 0xA5, 0x6C, 0xDC, 0x50, 0x7A, 0x5A, 0x91,
    0xA2, 0xCD, 0x8D, 0x7B, 0xF0, 0x48, 0x34, 0x13, 0x7A, 0xB2, 0xA8, 0x27, 0x28, 0x82, 0xA5, 0xD3,
    0x46, 0x6D, 0xE0, 0x4E, 0xAE, 0x43, 0x6C, 0xE2, 0x18, 0x67, 0xC8, 0x13, 0x18, 0x7A, 0x40, 0x09,
    0x6E, 0x2B, 0x22, 0x3E, 0x37, 0x9B, 0xD9, 0xD3, 0x91, 0xD5, 0xEA, 0x3A, 0x19, 0xE6, 0x76, 0xC9,
    0x77, 0x1A, 0x80, 0x04, 0xCC, 0x36, 0x6E, 0xF2, 0x97, 0x0F, 0x5E, 0x4F, 0x7F, 0xAD, 0xDC, 0x4E,
    0x5F, 0xC2, 0x1B, 0x0F, 0x62, 0xB7, 0xE4, 0x6C, 0x72, 0xFA, 0xBD, 0xC8, 0x8B, 0xF4, 0xE6, 0x9A,
    0x60, 0x48, 0x77, 0x08, 0x50, 0x39, 0xE5, 0x46, 0xCC, 0xA3, 0x04, 0xF4, 0x48, 0xBA, 0x00, 0xE6,
    0x05, 0x2B, 0x51, 0xDE, 0x91, 0x34, 0xEF, 0x48, 0x0D, 0xB1, 0x40, 0x28, 0x0B, 0x25, 0x90, 0x72,
    0x22, 0x4E, 0x84, 0x65, 0x08, 0xD2, 0x85, 0xA2, 0x0C, 0xFC, 0x5A, 0xB9, 0x5C, 0xE0, 0x9F, 0x78,
    0x3A, 0x51, 0x06, 0xA4, 0x89, 0x74, 0x92, 0x40, 0x77, 0x6C, 0x59, 0x6B, 0xE9, 0x45, 0x85, 0xA0,
    0xF3, 0x52, 0x9B, 0x31, 0x95, 0x98, 0xA0, 0x24, 0x82, 0x82, 0x23, 0x37, 0xA6, 0x03, 0x34, 0xBC,
    0x7A, 0x4A, 0x55, 0x7C, 0xEA, 0xFB, 0x8C, 0x89, 0xAC, 0x44, 0x69, 0xB8, 0xCA, 0xB8, 0xA7, 0x63,
    0x4F, 0x7B, 0xEA, 0x72, 0xDE, 0x33, 0x46, 0x95, 0xBD, 0xE4, 0x11, 0xBD, 0xF8, 0xAD, 0x9E, 0x1E,
    0x17, 0xB4, 0xAC, 0xD2, 0xAF, 0x7B, 0xA7, 0x9B, 0xEC, 0x5F, 0xBD, 0x83, 0x97, 0xFD, 0xB8, 0x77,
    0x49, 0x6F, 0x7E, 0xD5, 0xBB, 0x68, 0x9C, 0xA2, 0xDE, 0x05, 0x6E, 0x00, 0x55, 0xA6, 0x23, 0xD5,
    0x2D, 0x69, 0x56, 0x93, 0xEE, 0x29, 0x52, 0xF5, 0x44, 0xCA, 0xF5, 0x1C, 0xCC, 0x08, 0x55, 0x90,
    0x82, 0x12, 0xC4, 0x2D, 0xA0, 0x1A, 0x74, 0x10, 0x4A, 0x91, 0xA8, 0x09, 0xCE, 0x04, 0x14, 0xD8,
    0x07, 0x14, 0x36, 0x62, 0x44, 0x0A, 0xA0, 0x70, 0x3E, 0x46, 0x90, 0x53, 0x29, 0x58, 0xAE, 0x14,
    0x79, 0x95, 0xC2, 0xF9, 0x52, 0x38, 0xAF, 0x85, 0xE7, 0x7C, 0x86, 0x09, 0x89, 0x94, 0x85, 0xA6,
    0x6E, 0xE6, 0xB9, 0x93, 0x90, 0xBC, 0xA0, 0xE4, 0x57, 0xBF, 0x90, 0xB2, 0x00, 0xCD, 0x4B, 0xCF,
    0x89, 0x95, 0xB0, 0xA2, 0x01, 0xB4, 0x60, 0x5A, 0x52, 0xB6, 0x84, 0xFE, 0x99, 0x65, 0xF4, 0x4F,
    0x7A, 0x1A, 0x77, 0x44, 0xF3, 0x85, 0xBE, 0xD1, 0xC4, 0xC3, 0x91, 0x2E, 0x3C, 0x98, 0x3C, 0x2D,
    0x3D, 0x95, 0xEF, 0xB7, 0x2D, 0xA3, 0x81, 0xFA, 0x94, 0xF6, 0xD4, 0x0C, 0xE4, 0x4C, 0xA2, 0x70,
    0xA1, 0xFB, 0xF7, 0xDB, 0xDC, 0xA0, 0xE8, 0x51, 0xE6, 0x7C, 0x4E, 0x71, 0xDA, 0x91, 0x4B, 0xDA,
    0xBC, 0xC4, 0x36, 0x6A, 0x6B, 0xEC, 0x31, 0x63, 0x21, 0xE9, 0xFE, 0x06, 0x74, 0x93, 0x98, 0x39,
    0xB6, 0xC1, 0x0F, 0x2B, 0x01, 0xD5, 0x02, 0x42, 0xBC, 0x3F, 0x56, 0x8B, 0x33, 0x7B, 0x0A, 0xF2,
    0x7F, 0xE2, 0xC6, 0xEB, 0xE4, 0x46, 0xD8, 0xB3, 0x65, 0x34, 0x92, 0x1B, 0x81, 0x13, 0x6E, 0x00,
    0xE2, 0x62, 0x4F, 0xDA, 0x91, 0x1B, 0x37, 0x3D, 0x37, 0x9C, 0x70, 0xC3, 0x97, 0xBB, 0xA8, 0x1F,
    0x7B, 0x87, 0x74, 0x92, 0x73, 0xC6, 0xA7, 0x12, 0xA9, 0x7E, 0x84, 0x6A, 0x09, 0xFB, 0xED, 0x66,
    0xB7, 0x3E, 0xEC, 0x6F, 0x82, 0x7D, 0x2E, 0xE1, 0x7C, 0x43, 0xB2, 0xD6, 0xFF, 0xB0, 0x7A, 0x0B,
    0xC8, 0x60, 0x0E, 0xE2, 0xC3, 0x3C, 0xC0, 0xAA, 0x6C, 0x05, 0x64, 0x79, 0xE3, 0x17, 0xCB, 0x15,
    0xC3, 0x25, 0x47, 0xB7, 0x30, 0xA2, 0x75, 0x73, 0x0A, 0xC8, 0xF9, 0x8F, 0x8B, 0x53, 0xF5, 0xBB,
    0xAF, 0x58, 0xBF, 0x23, 0x67, 0x90, 0x3C, 0xD4, 0x00, 0x8F, 0xA1, 0x2F, 0x0F, 0x08, 0x74, 0x4F,
    0x47, 0xE1, 0x67, 0x7F, 0xAA, 0x7E, 0xB7, 0x2F, 0x92, 0x16, 0x4C, 0xEB, 0xF3, 0xE0, 0xD4, 0xEE,
    0x93, 0x64, 0x05, 0x81, 0x4D, 0x83, 0xE5, 0x02, 0xD2, 0x3E, 0x5E, 0xBF, 0x63, 0x9E, 0x8F, 0x9D,
    0xAF, 0x8A, 0x0D, 0x18, 0xF1, 0xC4, 0x67, 0x71, 0x17, 0x25, 0x94, 0xCF, 0x4E, 0x0E, 0xE8, 0x3B,
    0x09, 0xE5, 0xDC, 0x73, 0x22, 0xF4, 0x98, 0xD8, 0x6A, 0x30, 0xE5, 0x2C, 0x72, 0x21, 0xFA, 0x65,
    0x43, 0xEC, 0xFE, 0xEC, 0x6C, 0x28, 0x6A, 0x5F, 0x52, 0x05, 0x12, 0x81, 0x9E, 0x3F, 0xF0, 0x93,
    0x07, 0xD7, 0x98, 0x05, 0x25, 0xDE, 0x94, 0x3A, 0x49, 0x06, 0xAD, 0x18, 0x14, 0x50, 0x3D, 0x65,
    0x4B, 0x87, 0x5B, 0xD6, 0x52, 0x2B, 0x2B, 0x96, 0xB0, 0x53, 0xF1, 0xCF, 0xB2, 0x8E, 0x7C, 0x03,
    0x56, 0x12, 0x5B, 0x9F, 0x26, 0xA6, 0x32, 0x08, 0xE1, 0x64, 0x3C, 0xE4, 0x5B, 0x1D, 0x16, 0x8D,
    0x85, 0x83, 0x17, 0x7B, 0x10, 0xA4, 0x5E, 0x0A, 0xAA, 0xD5, 0x42, 0xC5, 0xFB, 0x8B, 0x54, 0x0F,
    0x7C, 0x0A, 0x73, 0x30, 0x87, 0x7A, 0x9F, 0x4D, 0xFA, 0x87, 0x4C, 0xB4, 0x95, 0xD5, 0x10, 0xCB,
    0x60, 0x8D, 0x49, 0xF1, 0x10, 0x4B, 0x35, 0x8E, 0x05, 0xC0, 0x61, 0x7E, 0x86, 0x5A, 0x60, 0x25,
    0x78, 0xC8, 0x45, 0xF5, 0x58, 0x42, 0x71, 0xA2, 0x35, 0xC8, 0x84, 0x4C, 0xC5, 0xD1, 0x1C, 0x79,
    0xA4, 0xA5, 0x9C, 0x39, 0xE5, 0x8D, 0xE4, 0xC5, 0xEF, 0x0F, 0xA9, 0xA5, 0x65, 0xC1, 0x29, 0x0B,
    0x3E, 0x55, 0xF9, 0x67, 0xD6, 0xFB, 0xD5, 0xF4, 0x2B, 0x1B, 0x8D, 0x52, 0xD8, 0x74, 0x4D, 0x20,
    0x15, 0x92, 0x84, 0x31, 0x67, 0x10, 0xDD, 0x83, 0x5D, 0x49, 0x9D, 0xCD, 0xCD, 0xCA, 0x16, 0xBA,
    0x19, 0x59, 0x22, 0xA7, 0xF0, 0x9A, 0xCA, 0xA2, 0x1E, 0x93, 0x9D, 0x83, 0x43, 0xDE, 0xB9, 0x87,
    0xE7, 0xB4, 0xFD, 0x2A, 0x62, 0x68, 0xA0, 0xB7, 0x24, 0xF7, 0x0C, 0xD5, 0x1C, 0xA6, 0x90, 0x09,
    0xF7, 0x04, 0x80, 0x0F, 0x8C, 0x2C, 0x91, 0xF3, 0x1E, 0x44, 0xB8, 0x54, 0x0A, 0x97, 0xF4, 0xB6,
    0xE2, 0x1A, 0xFA, 0x65, 0x08, 0x38, 0x4B, 0x3B, 0x29, 0xD9, 0xB6, 0x14, 0x65, 0x59, 0x67, 0x3E,
    0x5E, 0x0E, 0x84, 0x93, 0xB8, 0x12, 0x1A, 0x54, 0x41, 0xFE, 0x22, 0x93, 0xA1, 0xFF, 0xB1, 0xE4,
    0xF3, 0x41, 0x21, 0xCF, 0xB5, 0x84, 0xE4, 0x2A, 0x95, 0x6A, 0x27, 0x64, 0x1D, 0xC9, 0x03, 0x15,
    0xDF, 0xC8, 0x38, 0x18, 0x53, 0xD2, 0x02, 0x53, 0xC9, 0xAA, 0x64, 0xBF, 0xE3, 0x66, 0x0D, 0x92,
    0xA6, 0xCE, 0x79, 0xB4, 0x2F, 0xDB, 0x7D, 0x2F, 0xCA, 0xD4, 0xF4, 0x90, 0x45, 0x1C, 0xBB, 0x21,
    0x64, 0x9F, 0xD9, 0x14, 0xA2, 0xC6, 0xA5, 0xBA, 0x95, 0x6F, 0x0B, 0x54, 0x4B, 0xD5, 0x2B, 0xD9,
    0x56, 0xA9, 0xDA, 0xB9, 0xF4, 0x15, 0x6C, 0x3B, 0x6D, 0x4B, 0x65, 0x5F, 0xAE, 0xD7, 0xB7, 0xDD,
    0x8C, 0x54, 0x67, 0x72, 0xB0, 0x42, 0x6A, 0xDC, 0xF0, 0xC2, 0x83, 0x94, 0x88, 0x9F, 0xF5, 0x5A,
    0x06, 0xC4, 0xC8, 0x07, 0x6A, 0x29, 0x76, 0xCA, 0x46, 0xA5, 0x00, 0x2A, 0x69, 0xA1, 0x54, 0x3B,
    0xFD, 0x49, 0x81, 0x70, 0xD2, 0x3C, 0x4B, 0xC3, 0x74, 0xD3, 0x30, 0xDA, 0x36, 0x74, 0x9B, 0x86,
    0xC2, 0xAA, 0x4B, 0x95, 0xF8, 0x36, 0x38, 0xB5, 0x7A, 0x75, 0xB3, 0x66, 0x8E, 0xFA, 0xCC, 0x17,
    0xC6, 0x99, 0x07, 0x5C, 0x15, 0xBE, 0x4E, 0x1A, 0x7A, 0xDD, 0x28, 0xBC, 0x89, 0x20, 0xD8, 0x30,
    0xA9, 0xFF, 0x84, 0x68, 0xE8, 0xF7, 0xD4, 0x78, 0x58, 0x62, 0xC8, 0x00, 0x80, 0x55, 0x02, 0x09,
    0x59, 0x9F, 0x74, 0x22, 0xDC, 0xC1, 0xC9, 0x5A, 0x8A, 0x7F, 0x25, 0xA8, 0xDC, 0x97, 0x2A, 0x7C,
    0xAD, 0x82, 0x88, 0x26, 0xC1, 0x54, 0xDA, 0x22, 0x3E, 0x4E, 0xEA, 0x05, 0x95, 0x9D, 0x5C, 0xBA,
    0x85, 0xD8, 0xF2, 0x09, 0x62, 0x1B, 0x2B, 0x0F, 0xD3, 0xDB, 0xD0, 0x14, 0x44, 0x17, 0x66, 0xAC,
    0x9A, 0xF6, 0x3B, 0x17, 0x7A, 0xDD, 0x69, 0xE2, 0x8B, 0xBF, 0x15, 0x94, 0x00, 0x5A, 0x5A, 0xDA,
    0xAC, 0x0F, 0xA5, 0x5E, 0x27, 0x0E, 0xF1, 0x73, 0xAB, 0xCA, 0xC9, 0x3B, 0x14, 0x75, 0xBC, 0xE1,
    0xF0, 0xF9, 0x24, 0x9C, 0x90, 0x6A, 0xE4, 0x08, 0x19, 0x86, 0xC0, 0xC1, 0x60, 0x05, 0x2C, 0x8C,
    0x98, 0xCA, 0xB0, 0x06, 0xCD, 0x15, 0x34, 0x46, 0x3D, 0x56, 0x7E, 0x6E, 0x3D, 0xE1, 0xD9, 0x03,
    0xF0, 0x70, 0x59, 0x1B, 0xAC, 0xA0, 0x10, 0x7C, 0x62, 0x4A, 0x18, 0x91, 0x49, 0x24, 0x5C, 0x91,
    0x85, 0x57, 0x24, 0x03, 0xB5, 0xC4, 0xED, 0xDC, 0x1D, 0xD4, 0xF6, 0x08, 0x7B, 0x7B, 0xA9, 0x5C,
    0xCA, 0x8E, 0xBE, 0x76, 0x27, 0xCF, 0x66, 0xAE, 0xB7, 0x62, 0x4F, 0xBF, 0x60, 0x2D, 0x1C, 0x3B,
    0x9A, 0x42, 0xA6, 0xAD, 0x1A, 0x76, 0xE1, 0x4B, 0xAC, 0xC9, 0x36, 0x56, 0xFE, 0x6F, 0x72, 0xE5,
    0x84, 0xC1, 0x19, 0xFC, 0x8C, 0x3C, 0x3F, 0x63, 0x67, 0x31, 0xA5, 0x21, 0x3F, 0x81, 0xFB, 0x76,
    0xF9, 0x99, 0x78, 0x62, 0x66, 0x82, 0x58, 0x5A, 0x41, 0x76, 0x98, 0x5B, 0x83, 0x9F, 0xC1, 0x96,
    0x9F, 0x0F, 0xC1, 0x4F, 0xF7, 0x6B, 0xCF, 0x4F, 0x95, 0x80, 0x59, 0x60, 0x94, 0xF5, 0x79, 0x08,
    0x37, 0xC4, 0x42, 0x8F, 0x94, 0x86, 0x09, 0x2E, 0xC9, 0x8E, 0x25, 0xD2, 0xFA, 0x2A, 0xC0, 0x96,
    0xD1, 0xBE, 0x92, 0xDC, 0x52, 0xE6, 0x23, 0xCC, 0x8A, 0xF2, 0x2E, 0x82, 0x39, 0x35, 0x6F, 0x67,
    0x66, 0xED, 0xDF, 0x61, 0x55, 0xDA, 0x01, 0x39, 0xB3, 0x66, 0x13, 0xC9, 0xF5, 0xE3, 0xF1, 0x10,
    0x39, 0xA0, 0xBF, 0xA2, 0xE5, 0xCB, 0x27, 0x5E, 0x58, 0x69, 0x78, 0x1B, 0x23, 0x7D, 0xD6, 0x91,
    0x11, 0x1D, 0x57, 0xDA, 0x81, 0x11, 0x25, 0x3D, 0x71, 0xD6, 0x41, 0x75, 0xD2, 0xCE, 0x30, 0x58,
    0x13, 0xE4, 0x7A, 0x62, 0x84, 0x14, 0x08, 0x35, 0x3C, 0x1B, 0xEA, 0xB0, 0x52, 0xDD, 0x65, 0x43,
    0xE0, 0x3A, 0x32, 0xA2, 0x03, 0x23, 0xBE, 0xE9, 0x20, 0x88, 0x3F, 0x74, 0x60, 0x04, 0x8F, 0x47,
    0xE7, 0xA3, 0x0D, 0x1B, 0x62, 0xE7, 0x4D, 0x34, 0xDD, 0x73, 0x15, 0x77, 0xE4, 0x4F, 0x33, 0xD4,
    0xFE, 0xA3, 0x42, 0x74, 0xCF, 0x9C, 0x77, 0x43, 0xE9, 0xA0, 0x73, 0xAD, 0x31, 0xAE, 0x37, 0xE3,
    0x3B, 0x03, 0x20, 0x2E, 0xC1, 0xE0, 0xC4, 0x13, 0xAE, 0xEF, 0x72, 0xBF, 0x06, 0x77, 0x0A, 0x1E,
    0xD7, 0xAF, 0xCD, 0x85, 0xB7, 0xAB, 0x85, 0x3F, 0x10, 0xBE, 0xE8, 0xAD, 0x3E, 0x0A, 0x1D, 0xDF,
    0xEA, 0xEE, 0xDC, 0xE9, 0x2E, 0xFC, 0xCB, 0x13, 0xDF, 0x01, 0xA0, 0x68, 0x36, 0x38, 0x5B, 0xD6,
    0x3F, 0x7B, 0x2A, 0xAB, 0x52, 0xC1, 0x1A, 0x24, 0x86, 0x41, 0xF1, 0xDC, 0xCD, 0xF0, 0x50, 0xC3,
    0xD0, 0x83, 0x1B, 0x02, 0x10, 0x23, 0xF5, 0x48, 0x56, 0xF9, 0x0C, 0x3D, 0xBE, 0x64, 0xEB, 0x46,
    0x92, 0x9A, 0x0F, 0xF8, 0x6B, 0xE8, 0xE6, 0x84, 0xC7, 0x50, 0x5F, 0x0C, 0xFD, 0xBD, 0xA1, 0xE7,
    0x37, 0x0C, 0x79, 0xEF, 0x99, 0x73, 0x5E, 0x37, 0x80, 0x5F, 0xE2, 0x13, 0xE4, 0x9D, 0xF4, 0xD5,
    0x95, 0x33, 0xEE, 0x3F, 0xD4, 0xC1, 0xE9, 0x43, 0xF7, 0xC8, 0x58, 0x22, 0x72, 0x38, 0x28, 0xE2,
    0x4F, 0x91, 0x39, 0xBC, 0x16, 0xB1, 0x80, 0x1C, 0xF3, 0x3D, 0x9F, 0x8F, 0x1B, 0xCF, 0x49, 0xA2,
    0x8B, 0x85, 0x75, 0x4A, 0xB0, 0x2C, 0xF5, 0xB6, 0xA0, 0xDE, 0xCA, 0x69, 0x58, 0xBB, 0x18, 0xB0,
    0xD8, 0x6E, 0xEC, 0xC9, 0x8E, 0x01, 0xD7, 0x1E, 0x11, 0xEB, 0x86, 0xDE, 0x63, 0xA3, 0x8F, 0x84,
    0x72, 0x8B, 0x3B, 0xBA, 0x71, 0xD6, 0xDB, 0xDD, 0x13, 0x6F, 0xE7, 0x2E, 0xF6, 0x76, 0x76, 0xE3,
    0xED, 0x9A, 0x73, 0xBD, 0x9D, 0xE1, 0xF0, 0x17, 0x2B, 0xC5, 0xCA, 0x57, 0xFD, 0x67, 0x8F, 0xDF,
    0xD2, 0x30, 0x5B, 0x6E, 0xB0, 0x85, 0x0B, 0x71, 0x84, 0x24, 0x9A, 0x27, 0xF9, 0x99, 0xF7, 0xAD,
    0xDB, 0x94, 0x64, 0xEB, 0x6F, 0x79, 0xD6, 0x4B, 0x38, 0x54, 0xB6, 0xF4, 0xF8, 0x2D, 0x0D, 0xB3,
    0xA5, 0xC7, 0x6F, 0xE1, 0xA1, 0x80, 0xCD, 0x82, 0x43, 0x9F, 0x4A, 0x5C, 0x48, 0xF6, 0x0E, 0x6F,
    0x84, 0x83, 0xC9, 0x06, 0x53, 0xF6, 0xE0, 0xB2, 0xE9, 0x08, 0x48, 0x58, 0x72, 0x52, 0x4F, 0xB8,
    0x58, 0x5D, 0xE7, 0xBF, 0x16, 0x20, 0xE1, 0x02, 0xE0, 0x82, 0x3C, 0x8A, 0x58, 0x0A, 0x56, 0x02,
    0x36, 0x27, 0x82, 0xC9, 0x9E, 0x59, 0x0B, 0x79, 0x5D, 0xFB, 0x33, 0xBC, 0xB4, 0x7D, 0x81, 0x6B,
    0x2E, 0xC0, 0xD2, 0x47, 0x72, 0x2E, 0x08, 0xED, 0xEB, 0x7D, 0x61, 0xE5, 0x8C, 0x3F, 0xB8, 0xEA,
    0xE4, 0x28, 0x6F, 0x73, 0x9F, 0xEF, 0x37, 0x2E, 0xBE, 0x6F, 0xE0, 0x32, 0x1E, 0x93, 0x3F, 0xF5,
    0x5D, 0x56, 0xA1, 0xD3, 0x60, 0x25, 0x6B, 0xD8, 0xA9, 0x1B, 0xE1, 0x18, 0xA0, 0x56, 0x07, 0x74,
    0x25, 0x2A, 0xBC, 0xAD, 0x19, 0xC9, 0x73, 0xFE, 0xCF, 0x01, 0xA2, 0x4A, 0x5E, 0xC3, 0xE5, 0xE9,
    0x8A, 0xD5, 0x78, 0x7A, 0x58, 0x47, 0x48, 0xCC, 0xC2, 0x0D, 0xC1, 0x8C, 0x21, 0x5A, 0xD1, 0x1F,
    0xF0, 0x7C, 0xE3, 0x13, 0x96, 0xFF, 0x1E, 0x12, 0x5F, 0xFA, 0xBC, 0x6D, 0x46, 0xD3, 0xFE, 0x10,
    0x86, 0xE0, 0x59, 0xCE, 0x7F, 0xF7, 0x6F, 0x4B, 0x3C, 0x48, 0xA5, 0x40, 0xAD, 0xB2, 0x26, 0x6B,
    0xD4, 0x47, 0x98, 0x21, 0x6D, 0x03, 0x29, 0x4A, 0x59, 0x40, 0x5C, 0x70, 0x18, 0x51, 0x8C, 0xA6,
    0xDF, 0x27, 0xAE, 0x98, 0xF8, 0x9F, 0x1B, 0x0F, 0xEB, 0x51, 0x05, 0x43, 0xFE, 0xC7, 0x4F, 0x07,
    0x1E, 0xD6, 0x25, 0x5F, 0x13, 0xD1, 0x9A, 0x58, 0x0E, 0x15, 0xC7, 0x88, 0x59, 0x9F, 0x1E, 0x02,
    0x5F, 0xB2, 0x51, 0xD4, 0x78, 0x2C, 0xDA, 0x08, 0xD0, 0x95, 0xE0, 0x83, 0x7C, 0x38, 0x2F, 0xD4,
    0xD5, 0x4A, 0x5D, 0xBE, 0x45, 0xE7, 0x5E, 0xB3, 0xB8, 0x54, 0xC4, 0x43, 0x48, 0xD4, 0xCE, 0x88,
    0xE1, 0x08, 0x6C, 0xB4, 0xF4, 0x3B, 0xBD, 0xF2, 0xD4, 0xD7, 0xAD, 0x09, 0xC3, 0x3F, 0xB7, 0xBE,
    0xBE, 0x85, 0xCC, 0x7C, 0x22, 0xA0, 0x76, 0x45, 0x66, 0xFD, 0x51, 0x75, 0x66, 0xC1, 0xFD, 0xF0,
    0x2E, 0x8C, 0x24, 0x66, 0x7E, 0x94, 0xF4, 0x50, 0x6A, 0xC9, 0x9D, 0x32, 0xA6, 0x51, 0x92, 0x51,
    0x09, 0x31, 0x3C, 0xFD, 0x95, 0x94, 0x8B, 0x05, 0xD2, 0xF7, 0x99, 0x6D, 0x7D, 0x4C, 0x0B, 0xFD,
    0x8C, 0xB9, 0xD6, 0xB7, 0x4C, 0x16, 0xB8, 0x01, 0x39, 0x18, 0x8A, 0x38, 0x6F, 0xE0, 0x96, 0x53,
    0x2C, 0x35, 0x6D, 0x8E, 0xD6, 0x87, 0xCD, 0x41, 0xEB, 0xE6, 0x7C, 0x9D, 0x87, 0x14, 0x57, 0xD7,
    0xEB, 0x5B, 0xC0, 0x5A, 0x2D, 0xEF, 0xAB, 0x6B, 0xFE, 0xAB, 0x87, 0xF1, 0x67, 0x7F, 0xCB, 0x99,
    0x1F, 0x13, 0x2E, 0x49, 0x26, 0xBD, 0x38, 0x78, 0x9E, 0xE0, 0x0F, 0x0B, 0xE4, 0x28, 0x86, 0xFD,
    0x6C, 0x29, 0x27, 0x32, 0x8A, 0xD8, 0x29, 0x92, 0xFA, 0x5C, 0x2E, 0xFF, 0x81, 0x01, 0xE0, 0xA9,
    0x05, 0x7E, 0xCE, 0x97, 0x20, 0xE3, 0x89, 0xA7, 0x36, 0xB0, 0x0B, 0xA4, 0x4C, 0x4C, 0x8F, 0x8C,
    0x3A, 0xDB, 0xC6, 0x3F, 0xE4, 0x8C, 0xA7, 0xAC, 0xC9, 0xF3, 0x08, 0xF2, 0x27, 0x47, 0xD3, 0x85,
    0xAF, 0xDF, 0x2E, 0x30, 0x57, 0x0E, 0x8E, 0x96, 0x5A, 0xE7, 0xA4, 0x3C, 0x98, 0x3B, 0x7B, 0x9B,
    0xF9, 0xBF, 0x84, 0x28, 0xDF, 0x6C, 0xF2, 0x58, 0x35, 0x65, 0x59, 0xB8, 0x99, 0x8F, 0xC4, 0xCE,
    0xE9, 0x37, 0x79, 0x54, 0x2D, 0xD9, 0xF0, 0xCC, 0x80, 0x57, 0xE6, 0xFF, 0x9A, 0xC1, 0x30, 0xBD,
    0x76, 0x8F, 0x7A, 0x78, 0xF2, 0xEE, 0xFE, 0xBE, 0x6B, 0xDF, 0x55, 0x97, 0x8B, 0xFF, 0x02, 0xCD,
    0x5A, 0xBF, 0x8F, 0x15, 0xD7, 0x15, 0x3E, 0x33, 0x63, 0x18, 0xB2, 0x23, 0x67, 0x22, 0x05, 0x24,
    0x07, 0x12, 0x0F, 0x85, 0x0B, 0x8C, 0x13, 0x4F, 0xFE, 0x00, 0xE0, 0x8E, 0x8D, 0x94, 0x94, 0x21,
    0x12, 0x2B, 0x17, 0x14, 0x76, 0x91, 0xC2, 0x82, 0x62, 0x5D, 0xA6, 0x81, 0x19, 0x41, 0xE9, 0x86,
    0xC6, 0x69, 0x22, 0x45, 0x28, 0x72, 0x81, 0xD7, 0x52, 0x48, 0xE1, 0x02, 0x45, 0x0B, 0x33, 0x81,
    0x22, 0x85, 0x8B, 0x3C, 0x39, 0x05, 0x45, 0x0A, 0x3F, 0x45, 0xB6, 0x94, 0xD8, 0x05, 0x37, 0xCE,
    0x4B, 0x34, 0xC0, 0xCC, 0xDC, 0x7C, 0xDF, 0xB9, 0xF3, 0xDE, 0xDB, 0xC5, 0x98, 0x80, 0x03, 0xEB,
    0x7D, 0x6F, 0xE7, 0xCC, 0xEC, 0xBC, 0x3B, 0xF7, 0x9E, 0x73, 0xEE, 0xB9, 0xDF, 0xF9, 0x71, 0x47,
    0x24, 0x2F, 0xCA, 0xA6, 0x6E, 0xCA, 0x26, 0x2F, 0x44, 0x3F, 0xCF, 0x4B, 0x8E, 0xAF, 0xF1, 0xDF,
    0x42, 0xBF, 0xD5, 0xA6, 0x6F, 0x21, 0xC1, 0x09, 0x91, 0x68, 0xE6, 0x8F, 0x64, 0x10, 0xA9, 0xDD,
    0x34, 0x72, 0xAE, 0x4B, 0xDD, 0x3D, 0x97, 0xFF, 0xCB, 0x5E, 0x33, 0x37, 0xED, 0xA1, 0xF2, 0xB8,
    0x95, 0x3A, 0xB2, 0xE2, 0x70, 0x0C, 0x91, 0xBF, 0xE6, 0x61, 0x2E, 0xE0, 0xF8, 0x8B, 0x3D, 0x92,
    0xDD, 0xFB, 0xE7, 0x90, 0x38, 0x37, 0x84, 0xCE, 0xB5, 0x52, 0xBA, 0x46, 0xA2, 0x76, 0xD9, 0x67,
    0xF0, 0xBB, 0x4A, 0x24, 0x73, 0x9D, 0xE0, 0x17, 0x27, 0xE2, 0x3E, 0x73, 0x45, 0x38, 0xC8, 0x0F,
    0x25, 0xC2, 0x1D, 0x6D, 0x20, 0xB1, 0xE5, 0x95, 0x9D, 0xFF, 0x7B, 0x66, 0x58, 0xBF, 0x04, 0x2E,
    0x9C, 0xF5, 0x64, 0x9F, 0x5B, 0x05, 0x87, 0x35, 0x65, 0x29, 0x1F, 0x40, 0xAE, 0xE3, 0xD8, 0xED,
    0x2A, 0xF2, 0x3D, 0x9C, 0xB2, 0x0E, 0x9F, 0xF6, 0xD8, 0x2B, 0x90, 0x41, 0x24, 0xBC, 0xCB, 0xDF,
    0xBF, 0x93, 0x8A, 0xB4, 0xE6, 0xF6, 0xBD, 0xC1, 0xA8, 0x50, 0xCE, 0x46, 0x6D, 0x6A, 0x13, 0x1B,
    0xDB, 0x64, 0x1A, 0xCD, 0xF4, 0xC0, 0x75, 0xD4, 0x65, 0x16, 0xBF, 0xCD, 0xD0, 0xA6, 0xCF, 0x3F,
    0xBE, 0xDB, 0x25, 0x22, 0x6F, 0xF1, 0xE1, 0x7D, 0x05, 0x0F, 0x33, 0x11, 0x31, 0x4D, 0x0E, 0x06,
    0x5D, 0x95, 0x76, 0x12, 0x38, 0x89, 0x7A, 0xB2, 0x8F, 0x8B, 0x04, 0x82, 0xD6, 0x4D, 0x86, 0x9F,
    0xCC, 0xD4, 0x34, 0x22, 0xA9, 0xAD, 0xC1, 0x4A, 0xD2, 0x39, 0x0A, 0xE3, 0x7A, 0xF6, 0x01, 0x95,
    0x90, 0x57, 0x8A, 0x77, 0xB8, 0xBE, 0xFB, 0x2E, 0x5A, 0x52, 0x4B, 0x23, 0xDD, 0x57, 0x7E, 0x86,
    0x3B, 0x92, 0xE3, 0xD1, 0x2D, 0xF7, 0x3D, 0xF5, 0xF7, 0x37, 0xD1, 0xEB, 0xC3, 0xA6, 0x0F, 0x25,
    0x97, 0xF7, 0xB6, 0xDE, 0x59, 0xB9, 0x23, 0xD4, 0xC4, 0x04, 0x83, 0xBB, 0x99, 0xC4, 0xC3, 0x95,
    0x16, 0x2C, 0x89, 0x95, 0x14, 0xFA, 0x18, 0x09, 0x19, 0x49, 0x86, 0x82, 0xFC, 0x61, 0xB6, 0x31,
    0x6D, 0x53, 0xC9, 0xA1, 0x1A, 0x48, 0x58, 0x3B, 0x29, 0x0B, 0x08, 0x55, 0x17, 0x50, 0x6D, 0xD9,
    0x80, 0x98, 0x41, 0x1C, 0xE6, 0xEE, 0x5E, 0x27, 0x31, 0xFB, 0x93, 0x35, 0xCC, 0x87, 0x04, 0x35,
    0x59, 0x8B, 0x39, 0x7D, 0x61, 0x27, 0xCF, 0x92, 0xE4, 0x0D, 0xD4, 0x61, 0x86, 0x7A, 0x26, 0x29,
    0xFB, 0x0B, 0x9C, 0x43, 0xFF, 0xBB, 0x21, 0x59, 0x56, 0x5C, 0x35, 0x37, 0x5C, 0xF9, 0x91, 0x03,
    0xDD, 0x2F, 0x6F, 0x8A, 0xEC, 0xA7, 0xB8, 0xE8, 0x0C, 0x2A, 0xD5, 0x51, 0xC5, 0x5D, 0xDC, 0xED,
    0xD4, 0x16, 0xF2, 0x26, 0x9D, 0xEE, 0x7E, 0x37, 0xB1, 0x59, 0x53, 0xBA, 0xF3, 0xAD, 0x81, 0x2D,
    0x35, 0xDD, 0xB1, 0xB8, 0xCF, 0x8A, 0x73, 0x1B, 0xE9, 0x34, 0x10, 0xD3, 0xA5, 0x50, 0x80, 0xE9,
    0x72, 0xE8, 0x37, 0x1F, 0x69, 0x46, 0xBA, 0xA1, 0xF7, 0xAF, 0xA5, 0x36, 0x94, 0x63, 0x26, 0x1A,
    0xAE, 0x54, 0xD7, 0xCC, 0x2B, 0x7C, 0x36, 0x6D, 0x72, 0x77, 0x1C, 0xB3, 0x2B, 0x27, 0xD2, 0x29,
    0x0C, 0x8E, 0x02, 0xD5, 0xFF, 0x38, 0xE5, 0x68, 0x8B, 0x14, 0x05, 0x3C, 0xE2, 0x69, 0x09, 0xFC,
    0x32, 0x89, 0xBA, 0x0E, 0x26, 0x6A, 0x6E, 0x75, 0x65, 0xD0, 0xD5, 0xD2, 0x5D, 0x17, 0x52, 0x5C,
    0x9B, 0xBF, 0x76, 0xD9, 0xD0, 0xC5, 0xED, 0x86, 0x1C, 0x94, 0x42, 0xCE, 0x06, 0xAD, 0xF4, 0xD1,
    0xCC, 0x5B, 0x50, 0xDE, 0x64, 0x0D, 0x17, 0xD3, 0x20, 0x75, 0xD8, 0x43, 0x7B, 0x0E, 0xFA, 0x35,
    0x55, 0x6C, 0xB3, 0x49, 0xD8, 0x25, 0x5C, 0x27, 0xAD, 0x1C, 0x11, 0x2A, 0x5B, 0x0E, 0xAF, 0xAF,
    0xAF, 0xBF, 0x57, 0xD2, 0x34, 0x97, 0x44, 0x2D, 0xE3, 0xA1, 0x04, 0x0A, 0xBC, 0xAC, 0x93, 0x59,
    0x09, 0xA4, 0xB2, 0x92, 0x7C, 0xFA, 0xF3, 0x4E, 0xB2, 0xD7, 0xFB, 0x63, 0x72, 0x2C, 0xAB, 0x73,
    0x39, 0x9A, 0xA5, 0xA9, 0x1C, 0xC9, 0x86, 0xB4, 0x38, 0x92, 0x75, 0x69, 0x71, 0x34, 0x3B, 0x92,
    0x4A, 0x9E, 0x1D, 0xCD, 0x25, 0xFD, 0xCD, 0xF3, 0x67, 0x25, 0xB1, 0x98, 0x95, 0x90, 0xCB, 0x07,
    0xAB, 0x0E, 0x22, 0x72, 0x91, 0x97, 0xCE, 0xD6, 0xCE, 0x9E, 0xC6, 0xE2, 0x5A, 0xC7, 0xB4, 0x4F,
    0x32, 0x67, 0x4D, 0xD0, 0x9D, 0x15, 0xFC, 0x6D, 0xE0, 0x0F, 0xD7, 0xF9, 0x6D, 0x8B, 0xFB, 0x5C,
    0x51, 0x5C, 0xBF, 0x0F, 0x22, 0x87, 0xDF, 0x1F, 0xD6, 0x0B, 0xF2, 0xDF, 0x28, 0xD1, 0x7F, 0x1F,
    0xD8, 0x98, 0xE3, 0xE9, 0x67, 0xD9, 0x58, 0xC9, 0x78, 0x57, 0xE2, 0x1E, 0xD3, 0x5F, 0x94, 0x57,
    0x9A, 0x23, 0x98, 0x3D, 0x4C, 0xA3, 0x11, 0xE9, 0xB9, 0xFA, 0xD3, 0x89, 0x98, 0x77, 0x0A, 0xE3,
    0x1A, 0xFC, 0x65, 0x03, 0xA6, 0x4A, 0xF6, 0x43, 0x19, 0x1D, 0x21, 0x22, 0x1D, 0x60, 0x5C, 0x95,
    0xA0, 0x7D, 0xDA, 0x3C, 0x93, 0xA2, 0x41, 0x91, 0xF7, 0xE3, 0x38, 0x3F, 0x0E, 0xBA, 0x78, 0xC8,
    0x67, 0xA6, 0x7A, 0x4E, 0x0E, 0x8B, 0x5C, 0x06, 0x2E, 0xF4, 0x8F, 0x7E, 0x84, 0x7D, 0x59, 0x45,
    0x7D, 0x39, 0x49, 0x7B, 0x70, 0x88, 0xA3, 0xEF, 0xCB, 0xDA, 0xF6, 0xE5, 0x2E, 0x8F, 0x2F, 0x9B,
    0x8F, 0x7D, 0x1C, 0x6B, 0xD7, 0xEA, 0xEA, 0x49, 0x02, 0xD3, 0x00, 0x23, 0x76, 0x43, 0x4A, 0x62,
    0x5C, 0x17, 0x90, 0xC8, 0x50, 0x92, 0xD4, 0x8B, 0x2B, 0x25, 0xFA, 0x43, 0x4E, 0x92, 0x92, 0x44,
    0x24, 0xB2, 0x46, 0x12, 0x3D, 0x06, 0xD9, 0xCF, 0xF5, 0x89, 0xAF, 0xA9, 0x76, 0x49, 0x52, 0xA5,
    0x50, 0x58, 0x39, 0x7D, 0x69, 0x16, 0xB4, 0x71, 0x5B, 0x5B, 0x9D, 0xE0, 0x4B, 0xA9, 0x2D, 0xAD,
    0xB1, 0xDF, 0xB5, 0xD1, 0x96, 0x2F, 0x38, 0xFE, 0xC3, 0x7C, 0xB6, 0x5F, 0xED, 0x4A, 0xE9, 0xCE,
    0x09, 0x29, 0x67, 0xFB, 0xF3, 0x59, 0xEA, 0xA6, 0xA1, 0x2B, 0xF6, 0xC0, 0xB6, 0xCF, 0x0A, 0x80,
    0x1B, 0x53, 0x90, 0x37, 0x25, 0x10, 0x02, 0xCB, 0x19, 0x26, 0x1E, 0xF6, 0x71, 0x0B, 0x7E, 0x3B,
    0x9A, 0x73, 0x6C, 0xD3, 0x49, 0x3A, 0xA1, 0xC7, 0xA8, 0xA5, 0x0E, 0x3A, 0x58, 0xF6, 0x07, 0x3A,
    0x8F, 0xC1, 0x25, 0x68, 0xA4, 0x80, 0xB9, 0x61, 0x59, 0x35, 0x62, 0x88, 0x83, 0x85, 0x28, 0x52,
    0xC2, 0x7C, 0xAD, 0xA0, 0xA5, 0x84, 0x56, 0x61, 0x1D, 0x27, 0x42, 0x0F, 0x4E, 0x68, 0xC8, 0x13,
    0x1A, 0xF2, 0x44, 0x5B, 0x0F, 0x6D, 0xA0, 0x68, 0x62, 0x15, 0xFF, 0x89, 0x51, 0x21, 0x19, 0xCF,
    0x1A, 0xF5, 0x0C, 0xA6, 0x50, 0xCC, 0x72, 0xDA, 0x3D, 0x1A, 0xD2, 0xA8, 0xA3, 0x59, 0xF8, 0x1F,
    0xCB, 0x86, 0xC9, 0xDF, 0x74, 0xE8, 0x94, 0x2B, 0xCA, 0x14, 0x89, 0x7A, 0x18, 0x09, 0x5E, 0xFB,
    0xF7, 0x7D, 0x43, 0x8F, 0x9F, 0x07, 0xB0, 0x5B, 0x29, 0xBB, 0xF5, 0x16, 0x76, 0x5B, 0x3D, 0x25,
    0x5B, 0xD9, 0xAD, 0xF4, 0x54, 0x6F, 0x61, 0x57, 0xA1, 0x1D, 0x0D, 0xD3, 0x56, 0xD9, 0x2D, 0x07,
    0xB2, 0x5B, 0x0D, 0x6C, 0x54, 0xCB, 0xEF, 0x8D, 0xB2, 0x4B, 0xDB, 0x66, 0xC3, 0x9E, 0x0D, 0xF5,
    0x0A, 0x3D, 0x12, 0x8A, 0xD1, 0x23, 0x3B, 0x45, 0x63, 0xB7, 0xAA, 0x0D, 0xC1, 0x3C, 0xD9, 0xC5,
    0x29, 0x67, 0x47, 0x27, 0xB1, 0x44, 0xD4, 0x25, 0x72, 0x09, 0xA4, 0x9E, 0x3B, 0x3C, 0x1A, 0x7B,
    0x25, 0xA7, 0xBD, 0x2A, 0x39, 0x75, 0x85, 0x32, 0x93, 0x55, 0xAA, 0xBB, 0xB4, 0xA1, 0xAE, 0xF6,
    0x66, 0x15, 0xB9, 0x36, 0x4E, 0x95, 0x6C, 0x3A, 0x55, 0x72, 0xC0, 0x86, 0x1B, 0xEA, 0x64, 0xC3,
    0x4E, 0x95, 0xAC, 0x10, 0x0E, 0xDD, 0x75, 0xAA, 0x64, 0xD3, 0xA9, 0x92, 0xFB, 0x0D, 0x72, 0x1D,
    0xCE, 0x36, 0xD8, 0x30, 0xE2, 0x92, 0xC5, 0x6C, 0xF0, 0x84, 0x1E, 0x57, 0xFB, 0x42, 0x7B, 0xDC,
    0xF0, 0x10, 0xB5, 0x21, 0x9B, 0x3F, 0x94, 0x8C, 0x3D, 0x26, 0x9D, 0x3F, 0x87, 0xB3, 0xE5, 0x6F,
    0xA1, 0x1D, 0xE3, 0x01, 0x4A, 0x4F, 0x97, 0xD9, 0xC1, 0xFB, 0x4C, 0x84, 0x23, 0x53, 0xFB, 0xF4,
    0x9C, 0x65, 0xA5, 0xC7, 0x41, 0x5C, 0x77, 0x66, 0x1A, 0x0D, 0xD9, 0x70, 0xA5, 0xC3, 0x74, 0x72,
    0x6C, 0x4C, 0x11, 0xF5, 0x7B, 0x50, 0xBB, 0xBA, 0xA6, 0xD4, 0x63, 0xB7, 0xD3, 0x21, 0x38, 0x20,
    0x3E, 0xBF, 0x58, 0x0E, 0xB7, 0x4B, 0x51, 0x21, 0xD7, 0x69, 0x37, 0xDA, 0xA6, 0xD4, 0x99, 0xAA,
    0xB5, 0xE5, 0x30, 0xA8, 0xE7, 0x52, 0x17, 0xDD, 0xD5, 0xAA, 0x10, 0xCE, 0x43, 0x62, 0xBD, 0x03,
    0xCF, 0xE1, 0x9A, 0xB2, 0x49, 0xAA, 0x6C, 0x29, 0xAD, 0x62, 0x72, 0xFC, 0xCE, 0x6B, 0x3A, 0x43,
    0xF0, 0xE9, 0x01, 0xD7, 0x3C, 0x1D, 0x2C, 0xE7, 0xAB, 0x5F, 0x5D, 0xAD, 0xAB, 0x64, 0xB6, 0x68,
    0xDC, 0x64, 0x98, 0xD9, 0x6C, 0x9A, 0x6B, 0x57, 0xEC, 0x90, 0xBF, 0xC9, 0x1E, 0x65, 0x4B, 0xF5,
    0x15, 0x29, 0xB8, 0xEB, 0x04, 0x4B, 0x39, 0x21, 0x3D, 0x24, 0x3B, 0x97, 0xF3, 0x64, 0xB2, 0xE0,
    0x24, 0x60, 0xB8, 0x80, 0x80, 0x07, 0x7E, 0x54, 0xA2, 0x2A, 0x2E, 0x76, 0x2C, 0xCF, 0x7B, 0x03,
    0x0D, 0x6E, 0x7E, 0x3D, 0xE1, 0xEA, 0xA0, 0xCB, 0x49, 0x3F, 0x24, 0x42, 0xAE, 0xC8, 0xDE, 0x1D,
    0xAB, 0xE7, 0xF0, 0xE2, 0x0A, 0x38, 0x4C, 0x67, 0xDA, 0x7F, 0xCB, 0x78, 0xD3, 0x5F, 0x87, 0x93,
    0x6C, 0xE7, 0xEA, 0x39, 0xA9, 0x96, 0x9C, 0xF4, 0x6A, 0xDB, 0xF6, 0x28, 0xE9, 0x4C, 0xE9, 0x75,
    0xE5, 0xCA, 0xD8, 0x1D, 0xB6, 0x12, 0x65, 0x75, 0x75, 0x55, 0xF5, 0xE8, 0x34, 0x38, 0xD2, 0x87,
    0x35, 0x22, 0x76, 0x0C, 0x5C, 0xF1, 0x80, 0x07, 0x13, 0x31, 0xE3, 0xD9, 0xF9, 0x73, 0x30, 0x9E,
    0xA3, 0xBB, 0xFE, 0x9C, 0x7E, 0xE1, 0xCF, 0xF9, 0x8D, 0x61, 0x7D, 0x9D, 0xCD, 0x5F, 0x75, 0x1A,
    0xF3, 0xBA, 0x50, 0xCF, 0x61, 0xE7, 0xCF, 0xB1, 0x87, 0x5A, 0x42, 0xA8, 0x9E, 0x7D, 0xC8, 0xAB,
    0x51, 0x51, 0x37, 0x32, 0xA1, 0x59, 0x50, 0x27, 0xFA, 0x3B, 0x2D, 0xA1, 0xF3, 0x81, 0x3A, 0x9F,
    0x27, 0xD7, 0x7A, 0x86, 0x6A, 0x42, 0xCF, 0xA7, 0x86, 0xCF, 0x0A, 0x89, 0xEC, 0xAB, 0xD5, 0x1E,
    0x06, 0xDC, 0xF8, 0xE4, 0x80, 0x2B, 0x62, 0x68, 0x13, 0x31, 0x52, 0x4B, 0x44, 0x19, 0x35, 0xDE,
    0x2C, 0x69, 0xA9, 0xB3, 0x55, 0xAA, 0x39, 0xD5, 0xC5, 0xF2, 0xDA, 0xDF, 0xDF, 0xDC, 0xD2, 0x3F,
    0xCB, 0x7E, 0xF6, 0x42, 0x2D, 0x84, 0xAD, 0xC8, 0xDD, 0x39, 0x33, 0x8C, 0x63, 0x8D, 0xE3, 0x7A,
    0x1E, 0x24, 0xF5, 0x36, 0x29, 0xCB, 0xB9, 0x7E, 0xC9, 0xFB, 0xC4, 0x6E, 0xEE, 0x12, 0x30, 0x9A,
    0x5D, 0x8E, 0xA9, 0x1F, 0x02, 0xF9, 0x59, 0x4A, 0xDF, 0xF8, 0xEC, 0x28, 0xE9, 0x17, 0x28, 0x88,
    0xD9, 0x39, 0x49, 0xA5, 0x2C, 0x8E, 0x31, 0x1A, 0xFE, 0xD2, 0x81, 0x85, 0xBD, 0xE5, 0xF8, 0xAA,
    0x76, 0xEB, 0xEB, 0x97, 0x37, 0xF7, 0xE7, 0xA1, 0xF8, 0x1C, 0xF9, 0x17, 0x75, 0xAF, 0x66, 0xBA,
    0x00, 0xE0, 0xA7, 0x3E, 0x36, 0xC1, 0xD4, 0xE8, 0x9C, 0x49, 0x0C, 0x18, 0x0D, 0xAB, 0xB0, 0xDA,
    0x8E, 0x71, 0xC3, 0x4B, 0x2B, 0x55, 0xD2, 0x9A, 0x69, 0x0A, 0xBF, 0x0A, 0x70, 0x99, 0x86, 0xD3,
    0x64, 0x7B, 0xC6, 0x45, 0x1C, 0xA0, 0x3E, 0x3E, 0x81, 0xA9, 0xC0, 0xD5, 0xA9, 0xB4, 0x18, 0x13,
    0x89, 0xBA, 0xFF, 0x13, 0x0D, 0xD6, 0x1E, 0xFD, 0x6F, 0xD5, 0x6D, 0x7A, 0x56, 0x2A, 0x89, 0x91,
    0xB9, 0xDA, 0x00, 0x19, 0xFD, 0x20, 0x73, 0x4D, 0x3E, 0xA1, 0xCE, 0xAF, 0xC3, 0xE4, 0xAB, 0x14,
    0x0B, 0xF0, 0x42, 0x77, 0x48, 0xCD, 0xE3, 0x49, 0xF5, 0x7C, 0x58, 0x2E, 0xD7, 0xE7, 0x07, 0x77,
    0xD3, 0xD5, 0x17, 0x86, 0x97, 0xE5, 0xEA, 0x13, 0xEC, 0x19, 0x79, 0x49, 0xA1, 0x0E, 0x0F, 0xB0,
    0x93, 0x2A, 0x58, 0xA4, 0x6A, 0x74, 0xC0, 0xC2, 0x35, 0xA7, 0xE1, 0x23, 0x24, 0x62, 0x3A, 0xA8,
    0xE8, 0x98, 0x4F, 0x53, 0x0D, 0x9F, 0x97, 0x34, 0x99, 0x95, 0x00, 0x40, 0x4F, 0xE3, 0xF1, 0x5A,
    0xEF, 0xDB, 0xFB, 0x5B, 0x1A, 0x7D, 0xB6, 0x66, 0x3F, 0x91, 0x2B, 0xD2, 0xBB, 0xEB, 0xF5, 0xA0,
    0x63, 0xB5, 0x4A, 0x27, 0xA4, 0x77, 0x34, 0xDE, 0xDC, 0x45, 0x3C, 0x1D, 0x4A, 0x2D, 0x6D, 0x10,
    0xE9, 0xAF, 0xAD, 0x11, 0x15, 0xDE, 0x0C, 0x2E, 0xCE, 0x81, 0x60, 0x55, 0x93, 0x2A, 0xA7, 0xD1,
    0x32, 0xC1, 0x00, 0x74, 0xAA, 0x74, 0xA6, 0xB4, 0x53, 0xEA, 0x48, 0x07, 0x98, 0x10, 0x28, 0x3C,
    0x23, 0x68, 0xC6, 0x30, 0xDC, 0x21, 0xEC, 0x03, 0xC5, 0xDC, 0x83, 0x0A, 0x72, 0x49, 0x26, 0x08,
    0x0D, 0x69, 0x6E, 0x49, 0xD3, 0x96, 0x34, 0xEA, 0x8D, 0xAA, 0x8A, 0xD7, 0x40, 0x5D, 0xF1, 0xAB,
    0x5E, 0xE3, 0x66, 0xD2, 0x48, 0x69, 0xE0, 0x46, 0x1E, 0xE6, 0x31, 0xE6, 0x31, 0x0F, 0xFD, 0x8A,
    0x86, 0x5A, 0xEC, 0x60, 0xBE, 0x7A, 0x5F, 0xA8, 0xF6, 0xD2, 0xDF, 0x17, 0x85, 0x0C, 0xE3, 0x0B,
    0x19, 0xEA, 0x85, 0xDC, 0x24, 0x76, 0x0D, 0x01, 0xAD, 0x9C, 0xA6, 0x90, 0x22, 0xB3, 0xF9, 0x94,
    0x41, 0x13, 0x91, 0x35, 0xEA, 0xD4, 0xA5, 0x77, 0x44, 0xDC, 0xB0, 0x27, 0x1E, 0x06, 0x83, 0xA7,
    0xA5, 0xA7, 0x7A, 0x7F, 0xD9, 0x32, 0xEA, 0x88, 0xC4, 0x69, 0x4B, 0x24, 0xCE, 0x6D, 0x4C, 0x3D,
    0x4C, 0x42, 0xF7, 0xE9, 0x29, 0xAA, 0x42, 0x91, 0xD8, 0x17, 0x32, 0x46, 0x24, 0xF6, 0xD1, 0xC1,
    0x18, 0x69, 0xAA, 0x00, 0xA1, 0x46, 0x9A, 0x19, 0xDD, 0x92, 0xC2, 0x9C, 0xC8, 0x8B, 0xB2, 0xD3,
    0xF9, 0x4F, 0xA6, 0x4B, 0xE7, 0xAB, 0x45, 0x92, 0xA8, 0xA5, 0x03, 0x9F, 0x43, 0xE5, 0x0E, 0xE6,
    0x7C, 0x2F, 0x4B, 0x11, 0xA1, 0xBB, 0x65, 0x95, 0x37, 0x0C, 0x9D, 0xDE, 0xA2, 0x01, 0xED, 0x2E,
    0xBE, 0xB7, 0xC3, 0x75, 0x4E, 0xF7, 0xC0, 0x24, 0x8A, 0x83, 0xC2, 0x45, 0xD8, 0xF9, 0xF5, 0xDC,
    0x4D, 0xEC, 0x64, 0x6B, 0x67, 0x19, 0xB9, 0xAA, 0x11, 0x2F, 0x95, 0x8D, 0x99, 0x64, 0x16, 0x31,
    0x90, 0x46, 0x85, 0x33, 0x32, 0x24, 0x2C, 0x14, 0xB0, 0xDA, 0x92, 0xB6, 0x4E, 0xAB, 0xB3, 0x35,
    0xF0, 0xEF, 0x98, 0x44, 0xCD, 0x33, 0x73, 0xA1, 0x2A, 0xCA, 0x15, 0xB4, 0x94, 0xEB, 0x56, 0x4B,
    0xB9, 0x30, 0x6D, 0x94, 0xAB, 0x59, 0xC8, 0x15, 0x3A, 0xCA, 0x15, 0x3B, 0xCA, 0x95, 0x7E, 0x4E,
    0xB9, 0xCC, 0xCD, 0x0E, 0x21, 0xAA, 0x8B, 0x20, 0x17, 0x82, 0x3C, 0xC8, 0x15, 0xCF, 0x28, 0x57,
    0x36, 0x25, 0x35, 0x55, 0xD0, 0x97, 0x95, 0xA3, 0x5C, 0x37, 0x3A, 0xCA, 0xF5, 0xA1, 0xA5, 0x5C,
    0xC4, 0xC4, 0x96, 0xB5, 0x2B, 0x2F, 0x97, 0x9B, 0x44, 0x2A, 0x57, 0xA2, 0xF1, 0x54, 0x76, 0x9B,
    0x72, 0x99, 0xF3, 0x94, 0x6B, 0x65, 0x21, 0xD7, 0xBC, 0x32, 0x19, 0x71, 0x3D, 0x68, 0x7C, 0x94,
    0x28, 0x1C, 0xAD, 0x31, 0x96, 0x0A, 0xC6, 0x32, 0x1A, 0xAB, 0xD3, 0xAB, 0x0C, 0x98, 0xDD, 0x13,
    0x22, 0x8C, 0xC7, 0x00, 0xB1, 0xC1, 0x90, 0x93, 0x6F, 0x78, 0xEE, 0xAC, 0x8B, 0xDD, 0xAF, 0x34,
    0x07, 0x87, 0x0C, 0x5A, 0xBE, 0x4F, 0x34, 0xE7, 0xF6, 0x2A, 0x3C, 0x31, 0x66, 0xF6, 0x92, 0xF1,
    0x1E, 0x7F, 0x88, 0x58, 0x57, 0x96, 0x89, 0xEC, 0x08, 0xFE, 0xCE, 0x29, 0x06, 0x36, 0xE3, 0x3D,
    0xF3, 0x11, 0xB4, 0xF8, 0x03, 0x18, 0xCC, 0x0E, 0x60, 0x4D, 0x2B, 0xE1, 0xE6, 0x8F, 0xB4, 0xF1,
    0x1B, 0xF4, 0x4B, 0xBC, 0xCA, 0x8A, 0xAB, 0x3B, 0x63, 0x56, 0xD5, 0x05, 0x06, 0xED, 0xB2, 0xB2,
    0x52, 0x76, 0x8B, 0x8A, 0x8B, 0xBC, 0xBB, 0x30, 0xCF, 0x27, 0xBC, 0x35, 0x22, 0x66, 0x22, 0x0F,
    0xD8, 0xF0, 0x78, 0x74, 0xBA, 0xFA, 0x95, 0xC5, 0x74, 0xAE, 0x2C, 0xC7, 0x45, 0xA6, 0xF1, 0x90,
    0x5B, 0x7F, 0xDF, 0xF9, 0xE8, 0x89, 0x9A, 0xAF, 0x98, 0x02, 0x2C, 0x88, 0xFE, 0xEB, 0x0A, 0x84,
    0xE7, 0xCE, 0x27, 0x98, 0xF3, 0xC7, 0x1A, 0x71, 0xAB, 0x27, 0xBF, 0xAA, 0x4C, 0xBF, 0xBF, 0x20,
    0x34, 0x76, 0x9A, 0x19, 0xA1, 0x8F, 0xBB, 0x6C, 0x2D, 0xF9, 0x24, 0xE8, 0x81, 0x4B, 0x48, 0xE7,
    0xD2, 0x09, 0xD2, 0xA0, 0xAC, 0x39, 0x03, 0x84, 0xA9, 0xEA, 0x36, 0x44, 0xBC, 0xD2, 0x42, 0xAF,
    0x67, 0x5A, 0x44, 0xC5, 0x51, 0x0B, 0x80, 0xE1, 0xAF, 0x33, 0x90, 0xA8, 0x03, 0x09, 0x7A, 0xE6,
    0x4C, 0xDC, 0x3B, 0x90, 0x7A, 0x2B, 0xC1, 0xBD, 0xBD, 0x01, 0x9A, 0x94, 0xA7, 0xDA, 0xA8, 0xE5,
    0x1E, 0x5D, 0xEB, 0x3D, 0xFB, 0x1C, 0x30, 0xA2, 0x62, 0xBE, 0xC3, 0x93, 0xE9, 0xF6, 0x8C, 0x5B,
    0xEC, 0x90, 0xAD, 0x6C, 0x29, 0xD3, 0x65, 0x77, 0x56, 0x2E, 0x42, 0xA4, 0x3F, 0x5B, 0xD6, 0xAF,
    0x6D, 0x3A, 0x9C, 0x42, 0x94, 0x6B, 0x45, 0x73, 0x4D, 0x63, 0x01, 0xD0, 0x29, 0xB3, 0xCD, 0xD4,
    0xBA, 0xAD, 0x44, 0xEF, 0x95, 0x44, 0x30, 0xCC, 0x53, 0x69, 0x33, 0x30, 0x6E, 0x89, 0x5F, 0x34,
    0xA2, 0x8F, 0xAD, 0x94, 0x03, 0x03, 0xCC, 0x25, 0x76, 0x3D, 0xAB, 0x33, 0x3A, 0x0F, 0xA2, 0x98,
    0x98, 0x7A, 0xD6, 0x42, 0xD9, 0x76, 0x5E, 0x42, 0xAD, 0x5A, 0xF9, 0x84, 0x99, 0xC1, 0xE5, 0x71,
    0x68, 0xE7, 0x05, 0x79, 0x63, 0x1B, 0xD9, 0x48, 0x26, 0xBF, 0x64, 0xDE, 0xC7, 0x68, 0x96, 0x06,
    0xAF, 0x2E, 0xF6, 0xE4, 0xEE, 0x62, 0x1B, 0x39, 0x78, 0x39, 0x60, 0x59, 0xF9, 0xA7, 0x74, 0xDB,
    0x6F, 0x93, 0x1C, 0x07, 0x79, 0x91, 0xB5, 0x70, 0xF9, 0x26, 0xE7, 0x23, 0x3D, 0x4E, 0x54, 0x88,
    0x48, 0xDE, 0xA6, 0x95, 0xF0, 0x5E, 0xD0, 0x6F, 0x27, 0x43, 0x6B, 0x77, 0x64, 0x6D, 0xC6, 0x12,
    0xD0, 0x4D, 0x64, 0x4D, 0x19, 0x5D, 0xBF, 0x9B, 0x98, 0x3B, 0xB5, 0xBB, 0x53, 0xDB, 0x0C, 0xA1,
    0x44, 0x11, 0x77, 0xBB, 0x84, 0xC9, 0x65, 0xA7, 0x3B, 0x9D, 0x32, 0xC8, 0x69, 0x36, 0xD1, 0x9D,
    0x1F, 0x9C, 0x72, 0x7F, 0x2A, 0x3F, 0xD1, 0x9A, 0x4D, 0xAD, 0xF5, 0x79, 0xB4, 0x09, 0x06, 0x3D,
    0xE1, 0x71, 0x39, 0x58, 0xC3, 0xE8, 0x66, 0x41, 0x6B, 0xEE, 0xB9, 0x2B, 0xC0, 0x9E, 0x5C, 0x1F,
    0x9D, 0xC5, 0xB0, 0x43, 0xEE, 0xEA, 0xED, 0xF3, 0xDB, 0x64, 0x07, 0xB4, 0xB2, 0x62, 0x75, 0xCF,
    0x1D, 0x02, 0x02, 0x4B, 0xAF, 0x41, 0xBC, 0xE7, 0xCA, 0x31, 0x23, 0x71, 0xDA, 0x9B, 0xBF, 0xAE,
    0x75, 0x7B, 0x41, 0xB1, 0xF2, 0x48, 0xDA, 0x06, 0x6E, 0xB1, 0xE7, 0x6E, 0xB8, 0x49, 0x38, 0xD5,
    0x7C, 0x5B, 0x8B, 0xEA, 0xBB, 0xDD, 0xB8, 0xFE, 0xF0, 0x44, 0xD6, 0xB3, 0x0C, 0xB6, 0x49, 0xA9,
    0xB1, 0x96, 0x77, 0x08, 0xB7, 0xF9, 0x4C, 0xFC, 0x9E, 0xFF, 0xB8, 0xBF, 0xBE, 0x67, 0x8B, 0xF2,
    0x75, 0x93, 0xB8, 0xD6, 0x20, 0x8A, 0x51, 0x14, 0x78, 0x43, 0xDA, 0x28, 0x88, 0x72, 0x1A, 0x4D,
    0xB4, 0x80, 0xBA, 0xF5, 0x58, 0x12, 0x70, 0x13, 0x0D, 0x9B, 0xEA, 0x45, 0x47, 0x64, 0x92, 0x39,
    0xC7, 0x1E, 0x8E, 0x5E, 0x32, 0xC0, 0x72, 0x45, 0x30, 0x56, 0x8F, 0xA6, 0xBA, 0xB5, 0x31, 0xFF,
    0x7C, 0x7F, 0x0E, 0x53, 0x21, 0xA7, 0x5F, 0x23, 0x1D, 0x45, 0x8A, 0xDD, 0xB2, 0xED, 0xBC, 0x44,
    0x3A, 0x38, 0x41, 0xD5, 0x30, 0xCE, 0x1D, 0xE2, 0x19, 0x9D, 0xE1, 0x1B, 0xDB, 0xC8, 0xC6, 0xD9,
    0x90, 0x51, 0x6B, 0x42, 0xF7, 0xF9, 0xB3, 0xCE, 0x5F, 0xC9, 0x9B, 0xE1, 0x97, 0xD7, 0xE9, 0xD3,
    0xD6, 0x46, 0x02, 0x7F, 0x65, 0x2C, 0x26, 0x63, 0xF0, 0x26, 0x11, 0x5C, 0x86, 0x73, 0xFA, 0x1F,
    0x5F, 0x34, 0x7B, 0x2B, 0x6C, 0x93, 0xDE, 0xCC, 0xCA, 0xE2, 0x05, 0xBF, 0x7D, 0x7D, 0x89, 0xF5,
    0x82, 0x87, 0x7F, 0xBD, 0x1B, 0x8D, 0x5C, 0xC3, 0x62, 0xCB, 0xF9, 0xEE, 0x39, 0x79, 0x61, 0x14,
    0xF1, 0xB4, 0x3C, 0x6E, 0x31, 0x04, 0x7F, 0x2F, 0xCB, 0xD5, 0xFA, 0xE6, 0x80, 0xBF, 0xF2, 0x66,
    0xBF, 0x7F, 0x53, 0xAC, 0xF2, 0xF5, 0x7A, 0x93, 0x6F, 0x69, 0x6C, 0x31, 0xD1, 0x84, 0x14, 0x59,
    0xDC, 0x01, 0xBA, 0xF7, 0x03, 0xCE, 0x2F, 0x57, 0x90, 0x0B, 0x00, 0xF3, 0x9F, 0xFC, 0x56, 0x61,
    0xDD, 0x17, 0xA1, 0xB5, 0xFE, 0x81, 0x24, 0x28, 0x72, 0x15, 0x66, 0xC2, 0x55, 0x48, 0x74, 0x0C,
    0x55, 0x6F, 0x1A, 0xAA, 0xD7, 0x93, 0x7A, 0x24, 0xDC, 0x4A, 0x95, 0x92, 0xF1, 0x13, 0x4B, 0x15,
    0x50, 0x75, 0xCC, 0x75, 0x1C, 0x68, 0xE6, 0x98, 0xAB, 0x63, 0xE7, 0x91, 0x57, 0x56, 0xEA, 0x2F,
    0x2C, 0x07, 0x0C, 0x6D, 0xDD, 0xC8, 0x89, 0xFD, 0x4B, 0x91, 0xC2, 0xA1, 0xA8, 0x31, 0x67, 0x35,
    0x9C, 0x4A, 0xDD, 0xBF, 0xDE, 0x21, 0x5B, 0x62, 0x96, 0xC5, 0xBD, 0xC7, 0xC7, 0x3A, 0xBE, 0x16,
    0x26, 0x28, 0x68, 0x0E, 0x6A, 0x79, 0x05, 0x00, 0x0B, 0xD9, 0x57, 0x03, 0x0B, 0x2C, 0x47, 0x40,
    0x4E, 0x08, 0xC3, 0xB1, 0x27, 0xFA, 0x6F, 0x3D, 0x96, 0xE0, 0x53, 0x02, 0xB2, 0x99, 0x10, 0xBA,
    0x2A, 0x5A, 0x1E, 0xE5, 0xD5, 0xB8, 0x69, 0xF2, 0x7F, 0x60, 0xC2, 0x53, 0xE5, 0xE5, 0xD1, 0x31,
    0xE1, 0x69, 0xB1, 0x91, 0x35, 0x1F, 0x40, 0x19, 0xB3, 0x76, 0xB4, 0xBA, 0x96, 0x89, 0xED, 0x1B,
    0x2B, 0xDB, 0xA9, 0x88, 0xC7, 0x44, 0xA5, 0xA7, 0xC5, 0x46, 0x30, 0xF5, 0x3B, 0x25, 0x63, 0x5A,
    0xE2, 0x5F, 0x33, 0xD9, 0xC2, 0x05, 0xDF, 0x30, 0x99, 0x2C, 0x89, 0x6C, 0xDD, 0x7F, 0xF6, 0x6F,
    0x2C, 0x2D, 0x9F, 0x95, 0x8B, 0x4B, 0xC6, 0x8F, 0x6B, 0x91, 0x81, 0xEF, 0xBD, 0x01, 0x89, 0x3C,
    0xE3, 0xC8, 0x1C, 0x4D, 0x03, 0x57, 0x5D, 0x16, 0xD9, 0x6D, 0x30, 0x69, 0xDE, 0x06, 0xCF, 0x0E,
    0x8C, 0x47, 0x1D, 0x18, 0x4F, 0x2C, 0x18, 0xCF, 0x1B, 0xF0, 0xEC, 0x0A, 0x90, 0x81, 0x8C, 0x77,
    0x2C, 0xB0, 0x92, 0x71, 0x2D, 0x90, 0xD4, 0x6B, 0x60, 0xE0, 0x47, 0x9B, 0x8C, 0x7A, 0xB4, 0x6B,
    0x33, 0xC6, 0xC4, 0x5C, 0x66, 0xE1, 0x72, 0x57, 0x7B, 0x04, 0xA9, 0xD3, 0x7C, 0x19, 0xE0, 0x71,
    0x8E, 0xB2, 0x0A, 0x9D, 0x99, 0x26, 0x8E, 0xB1, 0x48, 0xEA, 0x7A, 0x87, 0x48, 0xC7, 0xF9, 0xF7,
    0x54, 0xF8, 0x79, 0xCB, 0xC7, 0x2D, 0x5C, 0x41, 0xDC, 0x7C, 0xE3, 0xD6, 0xFD, 0x21, 0x79, 0x7A,
    0xE3, 0xB1, 0x04, 0x64, 0xF8, 0x5A, 0x82, 0x2B, 0x90, 0x9D, 0x34, 0xC1, 0xA6, 0xA2, 0xDD, 0x93,
    0x1C, 0x2B, 0xB4, 0x49, 0x15, 0x77, 0xF8, 0x05, 0x91, 0x74, 0xDC, 0xE5, 0xD3, 0x40, 0x0B, 0x58,
    0x4F, 0x51, 0x2E, 0x91, 0x6F, 0xAB, 0xEB, 0x2C, 0x36, 0xE7, 0x33, 0x7C, 0x3B, 0x44, 0xC2, 0xE2,
    0xBE, 0x81, 0xC3, 0xCB, 0x48, 0x72, 0x63, 0x16, 0xB4, 0x92, 0x96, 0x35, 0x23, 0xBA, 0xB8, 0x6C,
    0x9A, 0xCC, 0xE0, 0x03, 0xF8, 0x86, 0x1C, 0x49, 0x5D, 0x04, 0x63, 0xA1, 0x9F, 0x2F, 0x5B, 0x9E,
    0xE7, 0x0B, 0x22, 0x37, 0x69, 0xE8, 0xB7, 0xA0, 0xBD, 0xF4, 0x1E, 0x6B, 0x60, 0xF4, 0x01, 0x31,
    0x07, 0x8A, 0x34, 0x24, 0x56, 0x6F, 0xA0, 0xE9, 0x9C, 0xDF, 0x2E, 0x9D, 0x2F, 0x83, 0x78, 0x36,
    0x7F, 0x9D, 0xCF, 0xA7, 0x7D, 0x8D, 0x7F, 0x19, 0x52, 0xEA, 0x87, 0x13, 0xF8, 0x0D, 0x81, 0xE3,
    0xD0, 0xB7, 0x2B, 0x7B, 0xA9, 0x07, 0xA4, 0xC3, 0x35, 0x3C, 0x4C, 0x55, 0x33, 0x78, 0x60, 0x4C,
    0x3D, 0xE1, 0x92, 0x9C, 0xD6, 0x8B, 0x48, 0x7A, 0x41, 0xA6, 0x90, 0x2D, 0x9F, 0xD4, 0x88, 0xA9,
    0x1B, 0x24, 0xB2, 0xAE, 0xD0, 0xBA, 0x5C, 0x5D, 0xC2, 0x6F, 0xD5, 0x7C, 0x6F, 0xAC, 0xA6, 0xB5,
    0x3F, 0x7C, 0x70, 0x4D, 0xD2, 0xC7, 0x74, 0xE4, 0x02, 0xB1, 0xE4, 0x4F, 0xFD, 0x78, 0xF5, 0xA2,
    0x7C, 0x09, 0x50, 0xBE, 0x79, 0x75, 0xFE, 0x17, 0x9D, 0x52, 0xBD, 0x6E, 0x14, 0x31, 0x10, 0xFE,
    0xD6, 0x56, 0xB8, 0x88, 0x2D, 0x5C, 0x5D, 0x43, 0x73, 0x3C, 0x40, 0x14, 0xB7, 0x14, 0x91, 0x66,
    0xA9, 0x68, 0xAF, 0xE0, 0x5E, 0x82, 0x77, 0x20, 0xBB, 0x4A, 0x5E, 0x25, 0x05, 0xF0, 0x0C, 0xC9,
    0xD9, 0xE8, 0x0A, 0xDA, 0xED, 0x68, 0x2D, 0x5E, 0x80, 0x29, 0xB6, 0x70, 0xB1, 0xBB, 0x66, 0xBC,
    0xBE, 0x28, 0x39, 0x01, 0x12, 0xC2, 0x1A, 0xEF, 0xCE, 0x78, 0xFE, 0xBE, 0xF9, 0x59, 0xEF, 0xB6,
    0x6D, 0x1A, 0x0A, 0x01, 0x58, 0xEF, 0xB2, 0x9C, 0xA5, 0x72, 0xF1, 0xF7, 0xB7, 0x5D, 0x79, 0x96,
    0xC3, 0xA7, 0x3F, 0x94, 0xF3, 0x0F, 0x26, 0x80, 0x62, 0xC3, 0xD4, 0x5D, 0x63, 0x8F, 0xD4, 0xB9,
    0x40, 0x61, 0xE3, 0x01, 0xD3, 0x5B, 0xB6, 0xB1, 0x1E, 0x55, 0x54, 0x43, 0xCD, 0xE4, 0x2F, 0xC5,
    0xCE, 0x78, 0x79, 0x63, 0x33, 0xE8, 0x41, 0xB3, 0x66, 0xE3, 0xA9, 0xB9, 0x38, 0xFA, 0xD7, 0x9D,
    0x44, 0xF0, 0xD4, 0xCD, 0xB8, 0xAE, 0x22, 0xF6, 0x3A, 0x22, 0xDD, 0xCE, 0x70, 0x3F, 0x52, 0x43,
    0x21, 0x75, 0x1B, 0xDF, 0x2E, 0x76, 0xA6, 0x6F, 0x61, 0x39, 0x79, 0x1B, 0x5D, 0x5F, 0x8F, 0x14,
    0x54, 0x34, 0x41, 0x0D, 0xC6, 0x4B, 0xFC, 0x8E, 0xBE, 0xCE, 0xB8, 0xC4, 0x50, 0xEC, 0xBC, 0x6D,
    0x2C, 0x93, 0x20, 0x20, 0xC9, 0x66, 0x59, 0x0B, 0x02, 0xCD, 0xAB, 0x20, 0x39, 0x7B, 0xD1, 0x75,
    0xD4, 0x38, 0x5C, 0xE0, 0x4D, 0x01, 0xDF, 0x9E, 0xDE, 0xB5, 0xDB, 0xC1, 0xA5, 0xB4, 0xDC, 0x0F,
    0xE9, 0xCB, 0x6F, 0xFA, 0x3F, 0x5E, 0x39, 0xF3, 0x13, 0xB9, 0x34, 0x16, 0x7A, 0x2E, 0xB6, 0x8F,
    0xE2, 0x13, 0x7D, 0x06, 0xB6, 0x30, 0x13, 0x28, 0x35, 0x2E, 0xF9, 0x94, 0x7A, 0x21, 0x61, 0x48,
    0x0A, 0x4C, 0x78, 0x11, 0xF1, 0x0A, 0x77, 0x2F, 0x1B, 0x3A, 0x8C, 0xB6, 0x77, 0xDF, 0x26, 0x62,
    0x77, 0x98, 0x28, 0xD0, 0xED, 0x68, 0xFD, 0x19, 0xB6, 0x67, 0xA8, 0x3E, 0x01, 0xD5, 0x36, 0xA7,
    0xAE, 0x53, 0x87, 0x7A, 0x99, 0x86, 0x4D, 0x3D, 0x36, 0x7D, 0xE6, 0xE8, 0x1D, 0x83, 0xBA, 0xCC,
    0xED, 0xD5, 0x00, 0xB7, 0x40, 0x7C, 0x90, 0xD6, 0x4E, 0x0B, 0x37, 0x56, 0x51, 0x5A, 0x7C, 0xE4,
    0x8A, 0x2B, 0x1E, 0xA4, 0x93, 0x7D, 0xE9, 0x88, 0xE6, 0xE2, 0x0A, 0xFA, 0x19, 0x8A, 0x2B, 0x4C,
    0xF2, 0x53, 0xD5, 0x40, 0x48, 0xCD, 0x3A, 0xDA, 0x11, 0x94, 0xFD, 0x6B, 0x76, 0x09, 0x69, 0x5E,
    0x46, 0x33, 0xB5, 0x37, 0x53, 0xDB, 0x88, 0xCF, 0xCD, 0x60, 0x0E, 0x9C, 0x57, 0xC0, 0x49, 0xBF,
    0x0F, 0x32, 0x66, 0x60, 0xD2, 0x5C, 0x7F, 0x0F, 0xC2, 0xE9, 0xF8, 0xC8, 0xE5, 0x89, 0x14, 0xAD,
    0xE9, 0xD5, 0xE2, 0xD1, 0x65, 0xC0, 0x4B, 0x14, 0x64, 0xC0, 0xC7, 0xC8, 0x02, 0x58, 0xB2, 0xD9,
    0x82, 0xB6, 0x20, 0x58, 0x37, 0x3B, 0xF2, 0x33, 0xBD, 0x9D, 0xDA, 0x6A, 0x6C, 0xD5, 0x28, 0x05,
    0xDE, 0x2B, 0xBE, 0xD7, 0x1C, 0x75, 0xD8, 0x8A, 0xFA, 0x35, 0x3E, 0x4A, 0x42, 0x29, 0x6B, 0x23,
    0x0B, 0xE5, 0x40, 0xDE, 0x84, 0x15, 0xAB, 0xDC, 0xFD, 0x2B, 0xE0, 0x5C, 0x94, 0xB2, 0x44, 0xDE,
    0xB0, 0x8E, 0x6A, 0xC2, 0xAC, 0xC6, 0x95, 0x2C, 0x45, 0xB6, 0xBB, 0x3A, 0x2E, 0xF3, 0xFB, 0x9C,
    0x67, 0x94, 0x8F, 0xCE, 0xCB, 0x64, 0x72, 0x73, 0x72, 0x31, 0x20, 0xA9, 0x0D, 0xE9, 0xBF, 0x95,
    0xF3, 0xA9, 0x32, 0x9C, 0x28, 0x7F, 0x01, 0x95, 0x56, 0x31, 0x6F, 0xE5, 0x44, 0x10, 0x1E, 0x3F,
    0xEB, 0xDD, 0x43, 0x79, 0x85, 0x1B, 0x42, 0x01, 0x85, 0x1B, 0x0A, 0x0A, 0x24, 0xFF, 0x03, 0xD6,
    0x88, 0x3F, 0x90, 0x22, 0x56, 0x8A, 0x2B, 0xE8, 0x49, 0x41, 0x43, 0x6F, 0xEB, 0x22, 0x51, 0x5F,
    0x81, 0x68, 0x49, 0x01, 0x52, 0x78, 0x91, 0xC8, 0x1F, 0x40, 0xEC, 0xDE, 0x21, 0xD1, 0xE2, 0x03,
    0xA1, 0x93, 0xA0, 0x31, 0x02, 0x09, 0xB8, 0x2B, 0xD8, 0xE2, 0x9D, 0xB0, 0x92, 0xB5, 0x87, 0x6F,
    0x66, 0xFD, 0xE2, 0x04, 0x1D, 0x88, 0x73, 0xB4, 0xDF, 0xEC, 0x5B, 0xEF, 0xCE, 0xCE, 0x7E, 0xF3,
    0xCD, 0x3A, 0x44, 0xB4, 0x28, 0x09, 0xCF, 0xAA, 0x3B, 0x00, 0x66, 0x2E, 0x10, 0xDD, 0xB9, 0x78,
    0xD8, 0x13, 0x59, 0xFE, 0xC5, 0xD3, 0x9A, 0x99, 0x3B, 0x32, 0x40, 0x47, 0xF6, 0x72, 0xE4, 0x36,
    0xE1, 0x93, 0xAD, 0x69, 0xD2, 0x71, 0xE5, 0x2D, 0xAD, 0x43, 0xD6, 0x06, 0xCA, 0x7C, 0xFE, 0x40,
    0xD0, 0xBC, 0xE3, 0x29, 0xEF, 0xEA, 0x15, 0xB0, 0x1D, 0x32, 0x47, 0xC5, 0xA3, 0x90, 0x3B, 0xCA,
    0xBF, 0xDF, 0x9A, 0x92, 0xF2, 0xDF, 0x7C, 0x0D, 0xE7, 0xDC, 0x0E, 0x82, 0x98, 0x0E, 0xC7, 0x27,
    0x5B, 0xA2, 0x94, 0x57, 0x7E, 0x49, 0x0B, 0xFE, 0xB6, 0x2D, 0x28, 0x61, 0xFE, 0x91, 0x9B, 0x14,
    0x5B, 0x01, 0xAF, 0x98, 0x47, 0xCA, 0x3A, 0xD9, 0x3C, 0x7B, 0x30, 0x1C, 0x12, 0x19, 0x99, 0x4E,
    0x05, 0xBC, 0x13, 0x25, 0xEB, 0x4E, 0x22, 0xA6, 0x06, 0x6D, 0xF9, 0x59, 0x55, 0x95, 0x99, 0x44,
    0x79, 0x03, 0x64, 0xD2, 0xBF, 0xC3, 0xE5, 0xE6, 0x73, 0x92, 0x79, 0x37, 0xE1, 0xFA, 0xED, 0xBB,
    0xCF, 0xC0, 0x86, 0x9C, 0x36, 0x82, 0x15, 0x78, 0x9E, 0x17, 0x4A, 0xBE, 0xC0, 0xF6, 0x39, 0xE3,
    0x28, 0x35, 0x1C, 0x10, 0x3F, 0xE1, 0x72, 0x31, 0xD2, 0x9B, 0x94, 0x62, 0x84, 0x52, 0x09, 0x56,
    0x63, 0x4D, 0xFD, 0xEE, 0xE7, 0xF1, 0xB8, 0x39, 0x85, 0x3F, 0xF6, 0x11, 0xF6, 0xB9, 0x3A, 0xA0,
    0xF7, 0xF8, 0xF6, 0x98, 0xC5, 0x18, 0xD5, 0xE2, 0xFE, 0x2B, 0xB4, 0x3B, 0xDC, 0x48, 0x04, 0xE3,
    0x5D, 0x2F, 0xA4, 0xF4, 0x6F, 0xBD, 0x6D, 0x41, 0x07, 0x2D, 0x2E, 0x29, 0x01, 0x21, 0x74, 0xA8,
    0x5B, 0x2D, 0x02, 0x48, 0x9C, 0x4C, 0x13, 0x4D, 0x1B, 0x8D, 0x8F, 0x26, 0xA8, 0xB9, 0x1A, 0xD5,
    0xF4, 0x08, 0x52, 0x4C, 0xED, 0x60, 0xCE, 0x87, 0xFA, 0xD9, 0x11, 0x9F, 0xB2, 0x3E, 0x7E, 0x32,
    0xC7, 0x43, 0xC5, 0x1F, 0x8F, 0xA7, 0x70, 0x6D, 0x91, 0x26, 0x18, 0xF3, 0xB3, 0x9A, 0x6C, 0xAB,
    0x26, 0x1D, 0xD4, 0x24, 0xAC, 0x86, 0x6C, 0x34, 0x26, 0x9A, 0x2C, 0x9A, 0x55, 0xD8, 0x45, 0x96,
    0x54, 0x72, 0x9E, 0x54, 0x72, 0x29, 0x08, 0x2E, 0x05, 0x3D, 0x02, 0xA0, 0xA2, 0x17, 0xC4, 0xBC,
    0x8B, 0x71, 0x73, 0xCE, 0x8D, 0x6E, 0xDE, 0x46, 0x04, 0x51, 0xE7, 0x63, 0x83, 0xB7, 0x6B, 0x38,
    0x1A, 0x37, 0x76, 0xBB, 0x5B, 0xB5, 0xF3, 0x00, 0x11, 0xE1, 0x2D, 0xBD, 0x38, 0xEE, 0xAB, 0xD2,
    0x69, 0x9F, 0x8C, 0xD3, 0x0E, 0x53, 0xD1, 0x4E, 0x9D, 0x5C, 0x25, 0x95, 0x8C, 0x92, 0xDD, 0xE4,
    0x40, 0x4F, 0xEC, 0x69, 0xA5, 0x11, 0x02, 0xB3, 0x30, 0xF5, 0xB3, 0x81, 0xD6, 0x5B, 0xE9, 0x14,
    0x2A, 0x9A, 0xC5, 0x80, 0xDA, 0x80, 0x4E, 0xF1, 0xB3, 0xB2, 0xFC, 0x43, 0x3D, 0xA2, 0x13, 0x9F,
    0xB9, 0xB3, 0xAC, 0xEF, 0x85, 0xCC, 0xDB, 0x8F, 0x40, 0xD3, 0xD7, 0xFD, 0xDA, 0xB3, 0xC8, 0xF8,
    0xB1, 0x47, 0x2A, 0x44, 0x4A, 0x4F, 0x7D, 0x3A, 0x0C, 0xA4, 0xA5, 0x21, 0x9C, 0x4A, 0x5D, 0x38,
    0xD2, 0xCE, 0x0A, 0xE9, 0xB4, 0x12, 0xB5, 0xA4, 0xD7, 0x88, 0x8A, 0x16, 0xE8, 0x14, 0xAA, 0x7F,
    0xA9, 0x22, 0x8D, 0x57, 0x48, 0x77, 0xF1, 0x48, 0x98, 0x14, 0xDB, 0x9E, 0xFD, 0x14, 0xBA, 0xEC,
    0xB5, 0x2D, 0xEB, 0x03, 0x3A, 0x33, 0x70, 0x6A, 0x25, 0x1E, 0x32, 0xDF, 0x31, 0x59, 0xFD, 0x33,
    0x34, 0xA2, 0x59, 0x68, 0xAD, 0x2E, 0x31, 0x7E, 0xA5, 0x75, 0x00, 0xB6, 0x0D, 0xED, 0x9E, 0xCD,
    0x66, 0x73, 0x7F, 0xCA, 0x09, 0x38, 0x4A, 0x36, 0xA0, 0xAE, 0x80, 0xC7, 0x44, 0x92, 0x89, 0x5B,
    0x21, 0x50, 0xDE, 0xD3, 0xEB, 0x64, 0x84, 0x3F, 0x2B, 0xB4, 0x22, 0xC5, 0xF4, 0xCA, 0x88, 0x7C,
    0xCF, 0x72, 0xAE, 0x35, 0x6B, 0xCF, 0xD1, 0xFE, 0xB1, 0xD4, 0x35, 0x09, 0x01, 0x71, 0xAD, 0x91,
    0xC3, 0xE4, 0x03, 0x7D, 0x80, 0x53, 0xCB, 0xE1, 0x55, 0x30, 0x12, 0x3F, 0x51, 0xA5, 0x62, 0x5F,
    0x1E, 0x8A, 0xA2, 0x0A, 0xAF, 0x9A, 0x73, 0x40, 0x70, 0x01, 0x5C, 0xAB, 0xD2, 0xC0, 0x89, 0xC8,
    0x15, 0xD2, 0x08, 0x42, 0x51, 0x1A, 0x30, 0x0C, 0x14, 0xAA, 0x38, 0x60, 0x3F, 0xE2, 0x51, 0xF2,
    0x10, 0xB3, 0x71, 0xC4, 0x7F, 0x8D, 0x15, 0x38, 0x7D, 0xC8, 0xCA, 0xAC, 0x08, 0x2A, 0xC8, 0xFE,
    0xC0, 0x7C, 0x3B, 0xFB, 0x4C, 0xD5, 0x3F, 0xE1, 0x26, 0x92, 0x02, 0x6F, 0xE7, 0xDD, 0xB3, 0x70,
    0x2D, 0x6A, 0x8E, 0xD8, 0x2A, 0x6E, 0xE9, 0x08, 0x1E, 0x86, 0x52, 0x77, 0xE9, 0x22, 0xCA, 0xFC,
    0x11, 0x65, 0x56, 0x55, 0x7C, 0x7F, 0x1A, 0x17, 0xB1, 0x77, 0x10, 0xF5, 0x45, 0xFF, 0x4F, 0x51,
    0x4B, 0x89, 0x04, 0x95, 0xEA, 0x0B, 0x22, 0xD1, 0xAB, 0x72, 0x11, 0x52, 0xE1, 0x6E, 0xE0, 0x1F,
    0xAA, 0x17, 0x61, 0x39, 0x57, 0xD7, 0x56, 0x6E, 0x55, 0x0C, 0x7C, 0xC3, 0x6E, 0xC5, 0x85, 0x2B,
    0x9A, 0xAC, 0x2F, 0xDC, 0x1E, 0xCE, 0x24, 0xF3, 0x8D, 0x9B, 0xB1, 0x6E, 0x14, 0x4B, 0x41, 0x5B,
    0x42, 0x34, 0xA1, 0x8E, 0xD8, 0x08, 0x62, 0xCE, 0x93, 0xF3, 0x60, 0xBA, 0x02, 0x39, 0xC8, 0xB1,
    0x36, 0xED, 0xB3, 0x50, 0xB8, 0xCC, 0xA7, 0xFC, 0xBE, 0x33, 0x1E, 0xDA, 0x78, 0x8C, 0xC3, 0xD4,
    0x4A, 0x4D, 0xA6, 0x99, 0x4C, 0xAC, 0xA8, 0x67, 0x2A, 0xB3, 0x5B, 0x11, 0xBA, 0x39, 0xF2, 0xBC,
    0x9D, 0xB1, 0xF8, 0x35, 0x46, 0xDE, 0x88, 0xDC, 0x44, 0x01, 0x2C, 0xF1, 0x2F, 0xF8, 0xCF, 0x9F,
    0xB8, 0x5C, 0x8D, 0x99, 0x43, 0x81, 0xF6, 0x99, 0x7B, 0x03, 0x91, 0x67, 0x1A, 0xF3, 0x8C, 0x75,
    0xA3, 0x58, 0x66, 0x1A, 0xF9, 0xDC, 0x8F, 0xE3, 0x37, 0x67, 0xC6, 0xB5, 0xE2, 0xE7, 0x65, 0x48,
    0x39, 0x73, 0x5F, 0x0A, 0xFF, 0x4F, 0xC7, 0x69, 0xAF, 0x69, 0xDF, 0x18, 0xC3, 0x74, 0x2F, 0xCC,
    0x11, 0x56, 0x55, 0x75, 0x88, 0x69, 0x61, 0xD7, 0xE8, 0xB5, 0x41, 0xEF, 0x0F, 0xDA, 0xE3, 0x33,
    0x9C, 0x39, 0x68, 0xDB, 0xE3, 0xDF, 0x65, 0x6C, 0x79, 0x97, 0xA7, 0x21, 0xAF, 0xE5, 0x2C, 0xEA,
    0x24, 0xF1, 0x2A, 0x55, 0x93, 0x7B, 0xBD, 0x30, 0x51, 0x73, 0x60, 0x49, 0x5E, 0x58, 0x37, 0x15,
    0x42, 0xAC, 0x66, 0x32, 0xCD, 0x6D, 0xB8, 0x27, 0x0B, 0x3F, 0x91, 0x49, 0x92, 0x56, 0xA3, 0x4B,
    0xB6, 0x7A, 0x4F, 0x94, 0xF8, 0x75, 0x82, 0x3B, 0xC8, 0x5E, 0x78, 0x7A, 0xC9, 0x08, 0xE1, 0x66,
    0x10, 0xA7, 0x9D, 0x64, 0xA1, 0x99, 0x60, 0x5D, 0x37, 0x28, 0x45, 0xD3, 0xAC, 0x7B, 0x00, 0x6A,
    0xC3, 0x7C, 0x88, 0x89, 0xF8, 0xB0, 0xCB, 0xE2, 0x5E, 0xFC, 0x61, 0xCE, 0x52, 0xFE, 0x05, 0xA0,
    0xE1, 0x16, 0x24, 0x52, 0xD8, 0x35, 0xF4, 0xBD, 0x90, 0xB4, 0xCA, 0xFF, 0x03, 0x2E, 0x1F, 0x46,
    0xEE, 0x4C, 0x37, 0x14, 0xBE, 0x76, 0xC3, 0xBA, 0xB7, 0xE5, 0x90, 0x06, 0xA6, 0x08, 0x8B, 0xFF,
    0x82, 0x33, 0x01, 0xFA, 0x5F, 0xA0, 0x55, 0x26, 0xC5, 0x51, 0xA6, 0x5A, 0x4A, 0x52, 0x62, 0x52,
    0xA3, 0x41, 0x3F, 0x42, 0x5A, 0x59, 0x5A, 0xA0, 0x3B, 0x48, 0xC6, 0xF8, 0x02, 0xA5, 0x15, 0xAE,
    0xBF, 0x67, 0xAD, 0x26, 0x34, 0x7E, 0x91, 0x05, 0xA6, 0xEF, 0x7A, 0x3B, 0xC1, 0xFC, 0x62, 0x86,
    0xBF, 0x01, 0xAD, 0x93, 0xBD, 0x6E, 0xD4, 0x40, 0x14, 0x85, 0x8F, 0x67, 0x89, 0x5C, 0x8C, 0x64,
    0xF7, 0x80, 0xE4, 0x17, 0x08, 0x71, 0xBB, 0x48, 0x8E, 0xC6, 0x3D, 0x0D, 0x6F, 0x00, 0x0F, 0xB1,
    0x05, 0x45, 0x14, 0x9B, 0x50, 0x22, 0xF1, 0x0A, 0x34, 0x54, 0x54, 0x29, 0x2C, 0xC5, 0x45, 0x58,
    0x0F, 0xA2, 0xA0, 0xA0, 0x60, 0x1E, 0x61, 0xD9, 0x2D, 0x28, 0x40, 0xEC, 0x08, 0xB9, 0x30, 0xCA,
    0xDA, 0xC3, 0xF1, 0x4F, 0x22, 0x11, 0x89, 0x95, 0x90, 0x98, 0xBD, 0x67, 0xF6, 0xB3, 0xEF, 0xF5,
    0xDC, 0x9D, 0xF1, 0x59, 0x1C, 0x20, 0xDC, 0xF7, 0x11, 0xDB, 0xA8, 0x53, 0x6D, 0xB6, 0x53, 0x75,
    0x9C, 0xE3, 0x00, 0xE0, 0xBD, 0x49, 0x29, 0x65, 0x28, 0x4B, 0xED, 0xA8, 0x96, 0x52, 0x14, 0x93,
    0xA1, 0x4C, 0x47, 0xF9, 0xFD, 0x37, 0x46, 0x05, 0x10, 0xDB, 0xFB, 0x88, 0x3A, 0x40, 0xB1, 0x34,
    0xE3, 0x23, 0xAA, 0x06, 0xB8, 0xEA, 0xCD, 0xF0, 0x4A, 0xAA, 0x62, 0xA2, 0x72, 0x3B, 0x84, 0xEE,
    0x57, 0x82, 0xB0, 0x43, 0xD2, 0x77, 0x4A, 0xFA, 0x96, 0xFF, 0x3C, 0xC9, 0x4B, 0xEF, 0x09, 0xB2,
    0x86, 0x8B, 0xB8, 0x46, 0x75, 0x9E, 0xB3, 0x6C, 0xEA, 0x4C, 0xD6, 0x60, 0x09, 0xB5, 0xC2, 0xAD,
    0xF1, 0xF7, 0xE6, 0x27, 0x5C, 0x2A, 0xE6, 0xBD, 0x7B, 0x43, 0xA2, 0xE3, 0x65, 0x97, 0x32, 0x91,
    0xFF, 0x87, 0xE6, 0x4F, 0x81, 0x62, 0x4F, 0xDC, 0x41, 0xE1, 0x70, 0xE1, 0xF4, 0x52, 0xEA, 0x4B,
    0x5F, 0x17, 0x8C, 0x30, 0x2F, 0x62, 0x14, 0xEF, 0x50, 0x59, 0x9C, 0xA6, 0x58, 0x00, 0xFC, 0xD5,
    0xA5, 0x30, 0x65, 0x6C, 0x2A, 0x37, 0xC4, 0xC6, 0x2C, 0x67, 0xA6, 0xBC, 0x15, 0xD2, 0x94, 0xD5,
    0x90, 0xBD, 0x32, 0xD5, 0x0B, 0x53, 0xCC, 0x0C, 0x18, 0x82, 0x2F, 0xCF, 0xE7, 0xE9, 0xCB, 0x51,
    0xA9, 0x7C, 0x0E, 0x2B, 0x5F, 0x53, 0x0E, 0x36, 0xEE, 0xF0, 0xD3, 0xD5, 0x70, 0x2E, 0xF7, 0xDD,
    0xB7, 0x5C, 0x75, 0x32, 0xCF, 0xAC, 0xCC, 0x4F, 0xA9, 0xC7, 0x14, 0x6B, 0xCE, 0xC6, 0xBA, 0x5E,
    0x55, 0x8B, 0x2B, 0x67, 0x3C, 0xD6, 0x46, 0xEE, 0x65, 0x9E, 0x35, 0x63, 0xED, 0x62, 0xA8, 0x13,
    0x29, 0x68, 0x8F, 0x41, 0xFD, 0x9E, 0xBD, 0xB7, 0x9C, 0xEE, 0xBE, 0xE1, 0x14, 0x73, 0x75, 0xC1,
    0x47, 0xE0, 0xB5, 0x0F, 0x97, 0x08, 0xD7, 0x1F, 0x2D, 0x7C, 0x3B, 0x8F, 0xB5, 0x12, 0x9A, 0x87,
    0x6C, 0xE7, 0x47, 0x2B, 0x27, 0xB4, 0xC3, 0x83, 0xF3, 0xF9, 0xE1, 0xC5, 0x27, 0xA1, 0xBF, 0xE6,
    0x09, 0x49, 0x3D, 0x12, 0x7A, 0xA3, 0x9F, 0x91, 0x22, 0x29, 0xF4, 0x5A, 0x9F, 0x93, 0x02, 0xD2,
    0x6A, 0xB5, 0x9F, 0x16, 0x13, 0x7D, 0x31, 0xF3, 0x89, 0xD6, 0x3A, 0x99, 0x68, 0xA3, 0x0F, 0xAF,
    0x29, 0x0F, 0x27, 0xDA, 0x42, 0xDA, 0x91, 0x3A, 0xCC, 0x26, 0xDA, 0xC1, 0x9B, 0x88, 0xA6, 0xAD,
    0x07, 0x7A, 0xCF, 0x6D, 0x25, 0x03, 0x7D, 0xD0, 0xF4, 0xF7, 0x40, 0x9F, 0xB9, 0x37, 0xBF, 0xE9,
    0xA9, 0xED, 0xF7, 0x3B, 0x50, 0xDD, 0xBF, 0xE9, 0x13, 0x12, 0x0F, 0x9D, 0x23, 0x22, 0xF5, 0x7F,
    0x1E, 0x16, 0x7E, 0x0F, 0xE4, 0xF1, 0x68, 0xBE, 0x5D, 0x20, 0xEB, 0xD1, 0x12, 0xC7, 0x81, 0xD4,
    0x23, 0x85, 0xAF, 0xE2, 0xC9, 0x26, 0xE2, 0x47, 0x79, 0xED, 0x98, 0xEA, 0xC6, 0x3B, 0x51, 0xFA,
    0xA7, 0x81, 0x7F, 0x03, 0x63, 0x60, 0x60, 0x60, 0x7A, 0xC0, 0xC0, 0xB6, 0x84, 0xFD, 0x0F, 0x83,
    0xFD, 0x3F, 0xEE, 0x3F, 0x0C, 0xFF, 0xFF, 0xB3, 0xFF, 0x61, 0xFC, 0xBF, 0x97, 0x71, 0x01, 0xD3,
    0x1F, 0x06, 0x06, 0x06, 0x66, 0x38, 0x21, 0xFE, 0x37, 0x80, 0x69, 0xC9, 0xFE, 0xFF, 0x7F, 0x98,
    0x7F, 0x20, 0x08, 0xA0, 0x04, 0x15, 0x08, 0x90, 0xE5, 0x1F, 0x40, 0x96, 0x7F, 0x00, 0x5A, 0xCE,
    0xFD, 0x01, 0x68, 0x39, 0xF7, 0x07, 0xA0, 0xE5, 0xDC, 0x1F, 0x98, 0xE1, 0x04, 0xD0, 0x72, 0xEE,
    0x0F, 0x40, 0x2B, 0x91, 0x09, 0x66, 0x54, 0x25, 0x64, 0x12, 0x00, 0x55, 0x92, 0x41, 0x4A, 0xC3,
    0x40, 0x14, 0x86, 0xFF, 0x64, 0xD0, 0x0A, 0x91, 0x76, 0xA3, 0x2E, 0x44, 0x9A, 0xBD, 0x14, 0x7A,
    0x81, 0x6A, 0xA2, 0x5E, 0x41, 0xCF, 0xE1, 0x26, 0x4B, 0x25, 0x39, 0x82, 0x1B, 0x8F, 0x20, 0x48,
    0x37, 0xE6, 0x00, 0x4A, 0xE6, 0x08, 0x59, 0xB9, 0x0E, 0xD8, 0x8D, 0x6E, 0x7C, 0x42, 0x84, 0xB4,
    0x94, 0x3E, 0xDF, 0x9B, 0x89, 0x88, 0xC3, 0x24, 0xDF, 0xCB, 0x30, 0x79, 0xF3, 0xFF, 0x7F, 0x02,
    0x00, 0x7B, 0xF0, 0x83, 0x0B, 0xCF, 0xB7, 0xDA, 0x21, 0xA8, 0xA9, 0x67, 0xF9, 0x8F, 0xA1, 0xF5,
    0x34, 0xBF, 0x2C, 0x3C, 0x47, 0xF0, 0xFB, 0x4F, 0xD0, 0xB8, 0x6D, 0x6D, 0x68, 0xF7, 0x75, 0xD9,
    0x86, 0x9F, 0x6C, 0x81, 0x53, 0x98, 0xCD, 0xBD, 0xEC, 0x20, 0x44, 0x05, 0x4A, 0xE9, 0x26, 0x2F,
    0xA0, 0x3C, 0x7E, 0xB2, 0x4A, 0xCA, 0x37, 0x29, 0x06, 0xAF, 0x15, 0x65, 0xDA, 0x90, 0x79, 0xAD,
    0x8C, 0x5A, 0x8C, 0x95, 0xB1, 0xC5, 0x50, 0x99, 0x7B, 0x86, 0x5F, 0x0D, 0x6E, 0x33, 0x6D, 0xCC,
    0xDC, 0x09, 0x77, 0xB0, 0x9A, 0x2B, 0xB5, 0xE5, 0xC4, 0xD1, 0xE2, 0x48, 0x29, 0x3A, 0xDC, 0x33,
    0xF8, 0xFD, 0x39, 0xE7, 0x14, 0x01, 0x33, 0x25, 0xDC, 0x8A, 0xF0, 0x81, 0x38, 0xCD, 0x53, 0x63,
    0x8D, 0x30, 0x5A, 0x9E, 0x7F, 0x47, 0xA9, 0xEC, 0xAA, 0x98, 0xD9, 0x19, 0xB8, 0x3A, 0x7B, 0x74,
    0x7E, 0x2F, 0x7D, 0x1C, 0xA1, 0x1C, 0xE3, 0x8A, 0x7C, 0x11, 0x54, 0x1A, 0x4D, 0xD8, 0xF9, 0x0B,
    0x23, 0x0D, 0x6C, 0xEA, 0x2C, 0xCB, 0x18, 0x58, 0xF4, 0x09, 0x90, 0x1C, 0xE1, 0x8A, 0x19, 0x5C,
    0x67, 0x60, 0xAC, 0x26, 0x7D, 0x48, 0x13, 0xF4, 0xA9, 0xCD, 0xFA, 0xC2, 0x66, 0x88, 0x0B, 0x4C,
    0x53, 0xCD, 0x37, 0xB1, 0x3A, 0x1B, 0x42, 0x52, 0xAB, 0x5D, 0xA2, 0x7E, 0x85, 0x1A, 0xC4, 0xA9,
    0xCE, 0xB2, 0xE9, 0x3F, 0xD6, 0x5F, 0x41, 0x7D, 0x41, 0x34, 0x5A, 0xA6, 0x38, 0x60, 0x50, 0xB9,
    0x7B, 0xC8, 0xBC, 0xBA, 0x40, 0x93, 0x79, 0x85, 0x41, 0x3D, 0x8B, 0xF8, 0x63, 0x5E, 0x6D, 0x8C,
    0x9D, 0x48, 0xB8, 0x12, 0xAF, 0x29, 0x86, 0xD0, 0x82, 0x22, 0x51, 0x98, 0x74, 0x21, 0xDB, 0xB1,
    0xC6, 0xB2, 0x08, 0x5E, 0x44, 0xB3, 0xE8, 0x9F, 0xCA, 0xBF, 0x20, 0x7D, 0x6F, 0x9C, 0x40, 0xF1,
    0x1C, 0xBB, 0x3E, 0xE2, 0xC5, 0xB4, 0x12, 0xCC, 0xDA, 0xA5, 0x71, 0x87, 0x6B, 0xF7, 0xA3, 0x6C,
    0x33, 0x2F, 0xBD, 0x82, 0xAD, 0x07, 0xBD, 0xFF, 0x00,
};

static const EpdGlyph lexenddeca_16_regularGlyphs[] = {
    { 0, 0, 149, 0, 0, 0, 0 }, // U+0020
    { 6, 25, 126, 1, 24, 38, 0 }, // !
    { 12, 10, 220, 1, 24, 30, 38 }, // "
    { 21, 24, 362, 1, 24, 126, 68 }, // #
    { 18, 31, 333, 1, 27, 140, 194 }, // $
    { 26, 25, 447, 1, 24, 163, 334 }, // %
    { 23, 25, 394, 1, 24, 144, 497 }, // &
    { 5, 10, 109, 1, 24, 13, 641 }, // '
    { 11, 31, 195, 1, 24, 86, 654 }, // (
    { 11, 31, 195, 0, 24, 86, 740 }, // )
    { 11, 12, 206, 1, 24, 33, 826 }, // *
    { 18, 17, 315, 1, 18, 77, 859 }, // +
    { 7, 10, 142, 1, 4, 18, 936 }, // ,
    { 11, 5, 210, 1, 12, 14, 954 }, // -
    { 6, 6, 122, 1, 5, 9, 968 }, // .
    { 18, 29, 297, 0, 24, 131, 977 }, // /
    { 18, 25, 324, 1, 24, 113, 1108 }, // 0
    { 13, 24, 267, 2, 24, 78, 1221 }, // 1
    { 17, 24, 292, 1, 24, 102, 1299 }, // 2
    { 17, 25, 282, 0, 24, 107, 1401 }, // 3
    { 19, 24, 331, 1, 24, 114, 1508 }, // 4
    { 16, 25, 303, 1, 24, 100, 1622 }, // 5
    { 17, 24, 297, 1, 24, 102, 1722 }, // 6
    { 15, 24, 289, 2, 24, 90, 1824 }, // 7
    { 17, 25, 309, 1, 24, 107, 1914 }, // 8
    { 17, 24, 294, 1, 24, 102, 2021 }, // 9
    { 6, 19, 122, 1, 18, 29, 2123 }, // :
    { 7, 24, 140, 1, 18, 42, 2152 }, // ;
    { 15, 17, 279, 1, 17, 64, 2194 }, // <
    { 17, 11, 302, 1, 15, 47, 2258 }, // =
    { 14, 17, 279, 2, 17, 60, 2305 }, // >
    { 16, 25, 272, 0, 24, 100, 2365 }, // ?
    { 30, 30, 515, 1, 24, 225, 2465 }, // @
    { 23, 24, 373, 0, 24, 138, 2690 }, // A
    { 19, 24, 363, 3, 24, 114, 2828 }, // B
    { 21, 25, 362, 1, 24, 132, 2942 }, // C
    { 21, 24, 399, 3, 24, 126, 3074 }, // D
    { 15, 24, 327, 3, 24, 90, 3200 }, // E
    { 16, 24, 321, 3, 24, 96, 3290 }, // F
    { 24, 25, 408, 1, 24, 150, 3386 }, // G
    { 20, 24, 406, 3, 24, 120, 3536 }, // H
    { 12, 24, 255, 2, 24, 72, 3656 }, // I
    { 19, 25, 342, 1, 24, 119, 3728 }, // J
    { 21, 24, 390, 3, 24, 126, 3847 }, // K
    { 15, 24, 319, 3, 24, 90, 3973 }, // L
    { 23, 24, 461, 3, 24, 138, 4063 }, // M
    { 21, 24, 423, 3, 24, 126, 4201 }, // N
    { 24, 25, 417, 1, 24, 150, 4327 }, // O
    { 17, 24, 338, 3, 24, 102, 4477 }, // P
    { 24, 28, 417, 1, 24, 168, 4579 }, // Q
    { 19, 25, 371, 3, 24, 119, 4747 }, // R
    { 18, 25, 333, 1, 24, 113, 4866 }, // S
    { 18, 24, 307, 1, 24, 108, 4979 }, // T
    { 20, 25, 395, 2, 24, 125, 5087 }, // U
    { 24, 24, 381, 0, 24, 144, 5212 }, // V
    { 33, 24, 531, 0, 24, 198, 5356 }, // W
    { 23, 24, 365, 0, 24, 138, 5554 }, // X
    { 22, 24, 352, 0, 24, 132, 5692 }, // Y
    { 19, 24, 351, 2, 24, 114, 5824 }, // Z
    { 10, 31, 215, 2, 24, 78, 5938 }, // [
    { 18, 28, 297, 1, 24, 126, 6016 }, // <backslash>
    { 9, 31, 215, 2, 24, 70, 6142 }, // ]
    { 19, 13, 309, 0, 25, 62, 6212 }, // ^
    { 21, 4, 368, 1, -2, 21, 6274 }, // _
    { 8, 7, 267, 4, 27, 14, 6295 }, // `
    { 18, 19, 338, 1, 18, 86, 6309 }, // a
    { 18, 26, 336, 2, 25, 117, 6395 }, // b
    { 16, 19, 285, 1, 18, 76, 6512 }, // c
    { 18, 26, 338, 1, 25, 117, 6588 }, // d
    { 18, 19, 312, 1, 18, 86, 6705 }, // e
    { 12, 25, 210, 1, 25, 75, 6791 }, // f
    { 19, 26, 346, 1, 18, 124, 6866 }, // g
    { 16, 25, 317, 2, 25, 100, 6990 }, // h
    { 5, 26, 148, 2, 26, 33, 7090 }, // i
    { 8, 33, 141, -1, 26, 66, 7123 }, // j
    { 17, 25, 303, 2, 25, 107, 7189 }, // k
    { 4, 25, 134, 2, 25, 25, 7296 }, // l
    { 27, 18, 491, 2, 18, 122, 7321 }, // m
    { 16, 18, 317, 2, 18, 72, 7443 }, // n
    { 19, 19, 328, 1, 18, 91, 7515 }, // o
    { 18, 26, 336, 2, 18, 117, 7606 }, // p
    { 18, 26, 336, 1, 18, 117, 7723 }, // q
    { 12, 18, 215, 2, 18, 54, 7840 }, // r
    { 14, 19, 255, 1, 18, 67, 7894 }, // s
    { 13, 22, 205, 0, 22, 72, 7961 }, // t
    { 16, 19, 323, 2, 18, 76, 8033 }, // u
    { 19, 18, 306, 0, 18, 86, 8109 }, // v
    { 26, 18, 427, 0, 18, 117, 8195 }, // w
    { 19, 18, 300, 0, 18, 86, 8312 }, // x
    { 20, 26, 310, 0, 18, 130, 8398 }, // y
    { 14, 18, 258, 1, 18, 63, 8528 }, // z
    { 12, 31, 219, 1, 24, 93, 8591 }, // {
    { 4, 32, 123, 2, 25, 32, 8684 }, // |
    { 13, 31, 219, 0, 24, 101, 8716 }, // }
    { 15, 6, 272, 1, 13, 23, 8817 }, // ~
    { 0, 0, 149, 0, 0, 0, 0 }, // U+00A0
    { 6, 25, 126, 1, 19, 38, 0 }, // U+00A1
    { 16, 24, 285, 1, 24, 96, 38 }, // U+00A2
    { 19, 25, 325, 1, 24, 119, 134 }, // U+00A3
    { 16, 16, 293, 1, 18, 64, 253 }, // U+00A4
    { 22, 24, 352, 0, 24, 132, 317 }, // U+00A5
    { 4, 32, 127, 2, 25, 32, 449 }, // U+00A6
    { 17, 29, 293, 1, 24, 124, 481 }, // U+00A7
    { 12, 5, 267, 2, 26, 15, 605 }, // U+00A8
    { 24, 25, 419, 1, 24, 150, 620 }, // U+00A9
    { 12, 12, 195, 0, 25, 36, 770 }, // U+00AA
    { 15, 15, 259, 0, 16, 57, 806 }, // U+00AB
    { 20, 11, 357, 1, 14, 55, 863 }, // U+00AC
    { 0, 0, 0, 0, 0, 0, 918 }, // U+00AD
    { 17, 16, 270, 0, 24, 68, 918 }, // U+00AE
    { 11, 3, 226, 3, 24, 9, 986 }, // U+00AF
    { 12, 11, 284, 3, 24, 33, 995 }, // U+00B0
    { 17, 19, 310, 1, 18, 81, 1028 }, // U+00B1
    { 9, 13, 185, 1, 27, 30, 1109 }, // U+00B2
    { 9, 13, 182, 1, 26, 30, 1139 }, // U+00B3
    { 8, 7, 267, 4, 27, 14, 1169 }, // U+00B4
    { 16, 24, 312, 2, 18, 96, 1183 }, // U+00B5
    { 20, 24, 380, 1, 24, 120, 1279 }, // U+00B6
    { 6, 6, 122, 1, 14, 9, 1399 }, // U+00B7
    { 7, 10, 267, 5, 1, 18, 1408 }, // U+00B8
    { 6, 13, 150, 1, 26, 20, 1426 }, // U+00B9
    { 12, 11, 189, 0, 24, 33, 1446 }, // U+00BA
    { 15, 15, 262, 1, 16, 57, 1479 }, // U+00BB
    { 25, 25, 423, 1, 24, 157, 1536 }, // U+00BC
    { 25, 24, 419, 1, 24, 150, 1693 }, // U+00BD
    { 25, 25, 422, 0, 24, 157, 1843 }, // U+00BE
    { 16, 25, 272, 0, 19, 100, 2000 }, // U+00BF
    { 23, 31, 373, 0, 31, 179, 2100 }, // U+00C0
    { 23, 31, 373, 0, 31, 179, 2279 }, // U+00C1
    { 23, 30, 373, 0, 30, 173, 2458 }, // U+00C2
    { 23, 30, 373, 0, 30, 173, 2631 }, // U+00C3
    { 23, 30, 373, 0, 30, 173, 2804 }, // U+00C4
    { 23, 30, 373, 0, 30, 173, 2977 }, // U+00C5
    { 30, 24, 517, 0, 24, 180, 3150 }, // U+00C6
    { 21, 33, 362, 1, 24, 174, 3330 }, // U+00C7
    { 15, 31, 327, 3, 31, 117, 3504 }, // U+00C8
    { 15, 31, 327, 3, 31, 117, 3621 }, // U+00C9
    { 15, 30, 327, 3, 30, 113, 3738 }, // U+00CA
    { 15, 30, 327, 3, 30, 113, 3851 }, // U+00CB
    { 12, 31, 255, 2, 31, 93, 3964 }, // U+00CC
    { 12, 31, 255, 2, 31, 93, 4057 }, // U+00CD
    { 12, 30, 255, 2, 30, 90, 4150 }, // U+00CE
    { 12, 30, 255, 2, 30, 90, 4240 }, // U+00CF
    { 23, 24, 399, 1, 24, 138, 4330 }, // U+00D0
    { 21, 30, 423, 3, 30, 158, 4468 }, // U+00D1
    { 24, 32, 417, 1, 31, 192, 4626 }, // U+00D2
    { 24, 32, 417, 1, 31, 192, 4818 }, // U+00D3
    { 24, 31, 417, 1, 30, 186, 5010 }, // U+00D4
    { 24, 31, 417, 1, 30, 186, 5196 }, // U+00D5
    { 24, 31, 417, 1, 30, 186, 5382 }, // U+00D6
    { 14, 15, 258, 1, 17, 53, 5568 }, // U+00D7
    { 24, 27, 411, 1, 25, 162, 5621 }, // U+00D8
    { 20, 32, 395, 2, 31, 160, 5783 }, // U+00D9
    { 20, 32, 395, 2, 31, 160, 5943 }, // U+00DA
    { 20, 31, 395, 2, 30, 155, 6103 }, // U+00DB
    { 20, 31, 395, 2, 30, 155, 6258 }, // U+00DC
    { 22, 31, 352, 0, 31, 171, 6413 }, // U+00DD
    { 17, 24, 338, 3, 24, 102, 6584 }, // U+00DE
    { 20, 26, 354, 1, 25, 130, 6686 }, // U+00DF
    { 18, 28, 338, 1, 27, 126, 6816 }, // U+00E0
    { 18, 28, 338, 1, 27, 126, 6942 }, // U+00E1
    { 18, 27, 338, 1, 26, 122, 7068 }, // U+00E2
    { 18, 26, 338, 1, 25, 117, 7190 }, // U+00E3
    { 18, 27, 338, 1, 26, 122, 7307 }, // U+00E4
    { 18, 29, 338, 1, 28, 131, 7429 }, // U+00E5
    { 28, 19, 479, 1, 18, 133, 7560 }, // U+00E6
    { 16, 27, 285, 1, 18, 108, 7693 }, // U+00E7
    { 18, 28, 312, 1, 27, 126, 7801 }, // U+00E8
    { 18, 28, 312, 1, 27, 126, 7927 }, // U+00E9
    { 18, 27, 312, 1, 26, 122, 8053 }, // U+00EA
    { 18, 27, 312, 1, 26, 122, 8175 }, // U+00EB
    { 8, 27, 130, -1, 27, 54, 8297 }, // U+00EC
    { 8, 27, 130, 0, 27, 54, 8351 }, // U+00ED
    { 12, 26, 130, -2, 26, 78, 8405 }, // U+00EE
    { 12, 26, 130, -2, 26, 78, 8483 }, // U+00EF
    { 17, 26, 306, 1, 25, 111, 8561 }, // U+00F0
    { 16, 25, 317, 2, 25, 100, 8672 }, // U+00F1
    { 19, 28, 328, 1, 27, 133, 8772 }, // U+00F2
    { 19, 28, 328, 1, 27, 133, 8905 }, // U+00F3
    { 19, 27, 328, 1, 26, 129, 9038 }, // U+00F4
    { 19, 26, 328, 1, 25, 124, 9167 }, // U+00F5
    { 19, 27, 328, 1, 26, 129, 9291 }, // U+00F6
    { 18, 17, 318, 1, 17, 77, 9420 }, // U+00F7
    { 19, 21, 328, 1, 19, 100, 9497 }, // U+00F8
    { 16, 28, 323, 2, 27, 112, 9597 }, // U+00F9
    { 16, 28, 323, 2, 27, 112, 9709 }, // U+00FA
    { 16, 27, 323, 2, 26, 108, 9821 }, // U+00FB
    { 16, 27, 323, 2, 26, 108, 9929 }, // U+00FC
    { 20, 35, 310, 0, 27, 175, 10037 }, // U+00FD
    { 18, 33, 336, 2, 25, 149, 10212 }, // U+00FE
    { 20, 34, 310, 0, 26, 170, 10361 }, // U+00FF
    { 0, 0, 293, 0, 0, 0, 0 }, // U+2007
    { 0, 0, 139, 0, 0, 0, 0 }, // U+2008
    { 0, 0, 109, 0, 0, 0, 0 }, // U+2009
    { 0, 0, 54, 0, 0, 0, 0 }, // U+200A
    { 0, 0, 0, 0, 0, 0, 0 }, // U+200B
    { 0, 0, 0, 0, 0, 0, 0 }, // U+200C
    { 0, 0, 0, 0, 0, 0, 0 }, // U+200D
    { 0, 0, 0, 0, 0, 0, 0 }, // U+200E
    { 0, 0, 0, 0, 0, 0, 0 }, // U+200F
    { 11, 5, 210, 1, 12, 14, 0 }, // U+2010
    { 15, 5, 274, 1, 12, 19, 14 }, // U+2012
    { 15, 5, 274, 1, 12, 19, 33 }, // U+2013
    { 27, 5, 463, 1, 12, 34, 52 }, // U+2014
    { 27, 5, 463, 1, 12, 34, 86 }, // U+2015
    { 7, 10, 129, 1, 26, 18, 120 }, // U+2018
    { 7, 11, 129, 0, 26, 20, 138 }, // U+2019
    { 7, 10, 142, 1, 4, 18, 158 }, // U+201A
    { 14, 10, 239, 1, 26, 35, 176 }, // U+201C
    { 14, 11, 237, 0, 26, 39, 211 }, // U+201D
    { 14, 10, 262, 1, 4, 35, 250 }, // U+201E
    { 13, 18, 235, 1, 25, 59, 285 }, // U+2020
    { 11, 19, 215, 1, 25, 53, 344 }, // U+2021
    { 10, 10, 185, 1, 17, 25, 397 }, // U+2022
    { 18, 6, 323, 1, 5, 27, 422 }, // U+2026
    { 0, 0, 0, 0, 0, 0, 449 }, // U+202A
    { 0, 0, 0, 0, 0, 0, 449 }, // U+202B
    { 0, 0, 0, 0, 0, 0, 449 }, // U+202C
    { 0, 0, 0, 0, 0, 0, 449 }, // U+202D
    { 0, 0, 0, 0, 0, 0, 449 }, // U+202E
    { 37, 25, 635, 1, 24, 232, 449 }, // U+2030
    { 12, 10, 220, 1, 24, 30, 681 }, // U+2033
    { 8, 15, 146, 0, 16, 30, 711 }, // U+2039
    { 8, 15, 147, 1, 16, 30, 741 }, // U+203A
    { 20, 24, 323, 0, 24, 120, 771 }, // U+2044
    { 0, 0, 0, 0, 0, 0, 891 }, // U+2060
    { 0, 0, 0, 0, 0, 0, 891 }, // U+2061
    { 0, 0, 0, 0, 0, 0, 891 }, // U+2062
    { 0, 0, 0, 0, 0, 0, 891 }, // U+2063
    { 0, 0, 0, 0, 0, 0, 891 }, // U+2064
    { 0, 0, 0, 0, 0, 0, 891 }, // U+2066
    { 0, 0, 0, 0, 0, 0, 891 }, // U+2067
    { 0, 0, 0, 0, 0, 0, 891 }, // U+2068
    { 0, 0, 0, 0, 0, 0, 891 }, // U+2069
    { 0, 0, 0, 0, 0, 0, 891 }, // U+206A
    { 0, 0, 0, 0, 0, 0, 891 }, // U+206B
    { 0, 0, 0, 0, 0, 0, 891 }, // U+206C
    { 0, 0, 0, 0, 0, 0, 891 }, // U+206D
    { 0, 0, 0, 0, 0, 0, 891 }, // U+206E
    { 0, 0, 0, 0, 0, 0, 891 }, // U+206F
    { 24, 32, 362, 0, 27, 192, 0 }, // U+20A1
    { 18, 24, 321, 1, 24, 108, 192 }, // U+20A3
    { 19, 25, 325, 1, 24, 119, 300 }, // U+20A4
    { 27, 24, 424, 0, 24, 162, 419 }, // U+20A6
    { 22, 24, 422, 3, 24, 132, 581 }, // U+20A7
    { 33, 24, 531, 0, 24, 198, 713 }, // U+20A9
    { 15, 24, 262, 1, 24, 90, 911 }, // U+20AB
    { 20, 25, 344, 0, 24, 125, 1001 }, // U+20AC
    { 24, 24, 405, 1, 24, 144, 1126 }, // U+20AD
    { 22, 24, 424, 3, 24, 132, 1270 }, // U+20B1
    { 24, 32, 408, 1, 27, 192, 1402 }, // U+20B2
    { 21, 29, 362, 1, 26, 153, 1594 }, // U+20B5
    { 15, 25, 288, 2, 24, 94, 1747 }, // U+20B9
    { 19, 25, 325, 0, 24, 119, 1841 }, // U+20BA
    { 20, 27, 405, 3, 27, 135, 1960 }, // U+20BC
    { 20, 24, 388, 3, 24, 120, 2095 }, // U+20BD
    { 8, 22, 165, 1, 22, 44, 0 }, // U+2669
    { 13, 22, 240, 1, 22, 72, 44 }, // U+266A
    { 19, 25, 342, 1, 23, 119, 116 }, // U+266B
    { 19, 25, 342, 1, 23, 119, 235 }, // U+266C
    { 9, 21, 185, 1, 20, 48, 354 }, // U+266D
    { 10, 21, 190, 1, 14, 53, 402 }, // U+266E
    { 16, 28, 295, 1, 20, 112, 455 }, // U+266F
    { 38, 35, 677, 2, 29, 333, 567 }, // U+2764
    { 20, 26, 358, 1, 26, 130, 0 }, // U+FB01
    { 18, 25, 343, 1, 25, 113, 130 }, // U+FB02
    { 32, 35, 677, 5, 29, 280, 0 }, // U+1F44D
    { 34, 35, 677, 4, 29, 298, 280 }, // U+1F600
};

static const EpdUnicodeInterval lexenddeca_16_regularIntervals[] = {
    { 0x20, 0x7E, 0x0 },
    { 0xA0, 0xFF, 0x5F },
    { 0x2007, 0x2010, 0xBF },
    { 0x2012, 0x2015, 0xC9 },
    { 0x2018, 0x201A, 0xCD },
    { 0x201C, 0x201E, 0xD0 },
    { 0x2020, 0x2022, 0xD3 },
    { 0x2026, 0x2026, 0xD6 },
    { 0x202A, 0x202E, 0xD7 },
    { 0x2030, 0x2030, 0xDC },
    { 0x2033, 0x2033, 0xDD },
    { 0x2039, 0x203A, 0xDE },
    { 0x2044, 0x2044, 0xE0 },
    { 0x2060, 0x2064, 0xE1 },
    { 0x2066, 0x206F, 0xE6 },
    { 0x20A1, 0x20A1, 0xF0 },
    { 0x20A3, 0x20A4, 0xF1 },
    { 0x20A6, 0x20A7, 0xF3 },
    { 0x20A9, 0x20A9, 0xF5 },
    { 0x20AB, 0x20AD, 0xF6 },
    { 0x20B1, 0x20B2, 0xF9 },
    { 0x20B5, 0x20B5, 0xFB },
    { 0x20B9, 0x20BA, 0xFC },
    { 0x20BC, 0x20BD, 0xFE },
    { 0x2669, 0x266F, 0x100 },
    { 0x2764, 0x2764, 0x107 },
    { 0xFB01, 0xFB02, 0x108 },
    { 0x1F44D, 0x1F44D, 0x10A },
    { 0x1F600, 0x1F600, 0x10B },
};

static const EpdFontGroup lexenddeca_16_regularGroups[] = {
    { 0, 3871, 9589, 95, 0 },
    { 3871, 3353, 11086, 96, 95 },
    { 7224, 479, 960, 49, 191 },
    { 7703, 1083, 2320, 16, 240 },
    { 8786, 466, 970, 8, 256 },
    { 9252, 87, 255, 2, 264 },
    { 9339, 350, 595, 2, 266 },
};

static const EpdKernClassEntry lexenddeca_16_regularKernLeftClasses[] = {
    { 0x0026, 1 }, // &
    { 0x0028, 2 }, // (
    { 0x002A, 3 }, // *
    { 0x002C, 4 }, // ,
    { 0x002E, 5 }, // .
    { 0x002F, 6 }, // /
    { 0x0030, 7 }, // 0
    { 0x0031, 8 }, // 1
    { 0x0032, 9 }, // 2
    { 0x0033, 10 }, // 3
    { 0x0034, 11 }, // 4
    { 0x0035, 12 }, // 5
    { 0x0037, 13 }, // 7
    { 0x0039, 7 }, // 9
    { 0x003C, 14 }, // <
    { 0x003E, 15 }, // >
    { 0x003F, 16 }, // ?
    { 0x0040, 17 }, // @
    { 0x0041, 18 }, // A
    { 0x0042, 19 }, // B
    { 0x0043, 20 }, // C
    { 0x0044, 21 }, // D
    { 0x0045, 22 }, // E
    { 0x0046, 23 }, // F
    { 0x0047, 24 }, // G
    { 0x0049, 25 }, // I
    { 0x004A, 26 }, // J
    { 0x004B, 27 }, // K
    { 0x004C, 28 }, // L
    { 0x004F, 21 }, // O
    { 0x0050, 29 }, // P
    { 0x0051, 30 }, // Q
    { 0x0052, 31 }, // R
    { 0x0053, 32 }, // S
    { 0x0054, 33 }, // T
    { 0x0055, 34 }, // U
    { 0x0056, 35 }, // V
    { 0x0057, 36 }, // W
    { 0x0058, 37 }, // X
    { 0x0059, 38 }, // Y
    { 0x005A, 39 }, // Z
    { 0x005B, 40 }, // [
    { 0x005C, 41 }, // <backslash>
    { 0x005F, 42 }, // _
    { 0x0061, 43 }, // a
    { 0x0062, 44 }, // b
    { 0x0063, 45 }, // c
    { 0x0064, 46 }, // d
    { 0x0065, 47 }, // e
    { 0x0066, 48 }, // f
    { 0x0067, 49 }, // g
    { 0x0068, 50 }, // h
    { 0x0069, 51 }, // i
    { 0x006A, 52 }, // j
    { 0x006B, 53 }, // k
    { 0x006C, 54 }, // l
    { 0x006D, 50 }, // m
    { 0x006E, 50 }, // n
    { 0x006F, 44 }, // o
    { 0x0070, 44 }, // p
    { 0x0071, 55 }, // q
    { 0x0072, 56 }, // r
    { 0x0073, 57 }, // s
    { 0x0074, 58 }, // t
    { 0x0075, 59 }, // u
    { 0x0076, 60 }, // v
    { 0x0077, 61 }, // w
    { 0x0078, 62 }, // x
    { 0x0079, 63 }, // y
    { 0x007A, 64 }, // z
    { 0x007B, 65 }, // {
    { 0x007D, 66 }, // }
    { 0x00A1, 67 }, // U+00A1
    { 0x00A3, 68 }, // U+00A3
    { 0x00B7, 69 }, // U+00B7
    { 0x00BF, 70 }, // U+00BF
    { 0x00C0, 18 }, // U+00C0
    { 0x00C1, 18 }, // U+00C1
    { 0x00C2, 18 }, // U+00C2
    { 0x00C3, 18 }, // U+00C3
    { 0x00C4, 18 }, // U+00C4
    { 0x00C5, 18 }, // U+00C5
    { 0x00C6, 22 }, // U+00C6
    { 0x00C8, 22 }, // U+00C8
    { 0x00C9, 22 }, // U+00C9
    { 0x00CA, 22 }, // U+00CA
    { 0x00CB, 22 }, // U+00CB
    { 0x00D0, 21 }, // U+00D0
    { 0x00D2, 21 }, // U+00D2
    { 0x00D3, 21 }, // U+00D3
    { 0x00D4, 21 }, // U+00D4
    { 0x00D5, 21 }, // U+00D5
    { 0x00D6, 21 }, // U+00D6
    { 0x00D8, 21 }, // U+00D8
    { 0x00D9, 34 }, // U+00D9
    { 0x00DA, 34 }, // U+00DA
    { 0x00DB, 34 }, // U+00DB
    { 0x00DC, 34 }, // U+00DC
    { 0x00DD, 38 }, // U+00DD
    { 0x00DE, 71 }, // U+00DE
    { 0x00DF, 72 }, // U+00DF
    { 0x00E0, 43 }, // U+00E0
    { 0x00E1, 43 }, // U+00E1
    { 0x00E2, 43 }, // U+00E2
    { 0x00E3, 43 }, // U+00E3
    { 0x00E4, 43 }, // U+00E4
    { 0x00E5, 43 }, // U+00E5
    { 0x00E7, 45 }, // U+00E7
    { 0x00E8, 47 }, // U+00E8
    { 0x00E9, 47 }, // U+00E9
    { 0x00EA, 47 }, // U+00EA
    { 0x00EB, 47 }, // U+00EB
    { 0x00EC, 51 }, // U+00EC
    { 0x00ED, 51 }, // U+00ED
    { 0x00EE, 51 }, // U+00EE
    { 0x00EF, 51 }, // U+00EF
    { 0x00F0, 73 }, // U+00F0
    { 0x00F1, 50 }, // U+00F1
    { 0x00F2, 44 }, // U+00F2
    { 0x00F3, 44 }, // U+00F3
    { 0x00F4, 44 }, // U+00F4
    { 0x00F5, 44 }, // U+00F5
    { 0x00F6, 44 }, // U+00F6
    { 0x00F8, 44 }, // U+00F8
    { 0x00F9, 59 }, // U+00F9
    { 0x00FA, 59 }, // U+00FA
    { 0x00FB, 59 }, // U+00FB
    { 0x00FC, 59 }, // U+00FC
    { 0x00FD, 63 }, // U+00FD
    { 0x00FE, 44 }, // U+00FE
    { 0x00FF, 63 }, // U+00FF
    { 0x2018, 74 }, // U+2018
    { 0x2019, 75 }, // U+2019
    { 0x201C, 76 }, // U+201C
    { 0x201D, 77 }, // U+201D
    { 0x2022, 78 }, // U+2022
    { 0xFB01, 51 }, // U+FB01
    { 0xFB02, 54 }, // U+FB02
};

static const EpdKernClassEntry lexenddeca_16_regularKernRightClasses[] = {
    { 0x0021, 1 }, // !
    { 0x0026, 2 }, // &
    { 0x0029, 3 }, // )
    { 0x002A, 4 }, // *
    { 0x002C, 5 }, // ,
    { 0x002D, 6 }, // -
    { 0x002E, 7 }, // .
    { 0x002F, 8 }, // /
    { 0x0030, 9 }, // 0
    { 0x0031, 10 }, // 1
    { 0x0032, 11 }, // 2
    { 0x0034, 12 }, // 4
    { 0x0036, 13 }, // 6
    { 0x0037, 14 }, // 7
    { 0x0038, 15 }, // 8
    { 0x003C, 16 }, // <
    { 0x003F, 17 }, // ?
    { 0x0040, 18 }, // @
    { 0x0041, 19 }, // A
    { 0x0043, 20 }, // C
    { 0x0047, 20 }, // G
    { 0x0049, 21 }, // I
    { 0x004A, 22 }, // J
    { 0x004F, 20 }, // O
    { 0x0051, 20 }, // Q
    { 0x0053, 23 }, // S
    { 0x0054, 24 }, // T
    { 0x0055, 25 }, // U
    { 0x0056, 26 }, // V
    { 0x0057, 27 }, // W
    { 0x0058, 28 }, // X
    { 0x0059, 29 }, // Y
    { 0x005A, 30 }, // Z
    { 0x005B, 31 }, // [
    { 0x005C, 32 }, // <backslash>
    { 0x005D, 33 }, // ]
    { 0x005F, 34 }, // _
    { 0x0061, 35 }, // a
    { 0x0062, 36 }, // b
    { 0x0063, 35 }, // c
    { 0x0064, 35 }, // d
    { 0x0065, 35 }, // e
    { 0x0066, 37 }, // f
    { 0x0067, 38 }, // g
    { 0x0068, 36 }, // h
    { 0x006A, 39 }, // j
    { 0x006B, 36 }, // k
    { 0x006C, 36 }, // l
    { 0x006D, 40 }, // m
    { 0x006E, 40 }, // n
    { 0x006F, 35 }, // o
    { 0x0070, 41 }, // p
    { 0x0071, 35 }, // q
    { 0x0072, 40 }, // r
    { 0x0073, 42 }, // s
    { 0x0074, 43 }, // t
    { 0x0075, 44 }, // u
    { 0x0076, 45 }, // v
    { 0x0077, 46 }, // w
    { 0x0078, 47 }, // x
    { 0x0079, 48 }, // y
    { 0x007A, 49 }, // z
    { 0x007B, 31 }, // {
    { 0x007D, 50 }, // }
    { 0x00A1, 51 }, // U+00A1
    { 0x00B7, 52 }, // U+00B7
    { 0x00BF, 53 }, // U+00BF
    { 0x00C0, 54 }, // U+00C0
    { 0x00C1, 54 }, // U+00C1
    { 0x00C2, 54 }, // U+00C2
    { 0x00C3, 54 }, // U+00C3
    { 0x00C4, 54 }, // U+00C4
    { 0x00C5, 54 }, // U+00C5
    { 0x00C6, 55 }, // U+00C6
    { 0x00C7, 20 }, // U+00C7
    { 0x00D2, 20 }, // U+00D2
    { 0x00D3, 20 }, // U+00D3
    { 0x00D4, 20 }, // U+00D4
    { 0x00D5, 20 }, // U+00D5
    { 0x00D6, 20 }, // U+00D6
    { 0x00D8, 20 }, // U+00D8
    { 0x00D9, 25 }, // U+00D9
    { 0x00DA, 25 }, // U+00DA
    { 0x00DB, 25 }, // U+00DB
    { 0x00DC, 25 }, // U+00DC
    { 0x00DD, 56 }, // U+00DD
    { 0x00DF, 57 }, // U+00DF
    { 0x00E0, 35 }, // U+00E0
    { 0x00E1, 35 }, // U+00E1
    { 0x00E2, 35 }, // U+00E2
    { 0x00E3, 35 }, // U+00E3
    { 0x00E4, 35 }, // U+00E4
    { 0x00E5, 35 }, // U+00E5
    { 0x00E7, 35 }, // U+00E7
    { 0x00E8, 35 }, // U+00E8
    { 0x00E9, 35 }, // U+00E9
    { 0x00EA, 35 }, // U+00EA
    { 0x00EB, 35 }, // U+00EB
    { 0x00F0, 58 }, // U+00F0
    { 0x00F1, 40 }, // U+00F1
    { 0x00F2, 35 }, // U+00F2
    { 0x00F3, 35 }, // U+00F3
    { 0x00F4, 35 }, // U+00F4
    { 0x00F5, 35 }, // U+00F5
    { 0x00F6, 35 }, // U+00F6
    { 0x00F8, 35 }, // U+00F8
    { 0x00F9, 44 }, // U+00F9
    { 0x00FA, 44 }, // U+00FA
    { 0x00FB, 44 }, // U+00FB
    { 0x00FC, 44 }, // U+00FC
    { 0x00FD, 48 }, // U+00FD
    { 0x00FE, 59 }, // U+00FE
    { 0x00FF, 48 }, // U+00FF
    { 0x2013, 6 }, // U+2013
    { 0x2014, 60 }, // U+2014
    { 0x2018, 61 }, // U+2018
    { 0x2019, 62 }, // U+2019
    { 0x201C, 63 }, // U+201C
    { 0x201D, 64 }, // U+201D
    { 0x2022, 65 }, // U+2022
    { 0xFB01, 37 }, // U+FB01
    { 0xFB02, 37 }, // U+FB02
};

static const int8_t lexenddeca_16_regularKernMatrix[] = {
       0,    0,   -8,    0,    0,    0,    0,    0,    0,    0,    0,    0,    0,    0,    0,    0,    0,    0,    0,    0,    0,    0,    0,  -29,    0,  -32,  -21,    0,  -27,    0,    0,    0,    0,    0,    0,    0,    0,    0,    0,    0,    0,    0,    0,    0,  -16,  -16,    0,  -16,    0,    0,    0,    0,    0,    0,    0,  -27,    0,   -5,    0,    0,    0,    0,    0,    0,    0,
       0,    0,    0,    0,    0,    0,    0,    0,    0,    0,    0,    0,    0,    0,    0,    0,    0,    0,    0,  -16,    0,  -21,    0,    0,    0,    0,    0,    0,    0,    0,    0,    0,    0,    0,  -13,    0,    0,  -13,   16,    0,   16,    0,    0,    0,    0,    0,    0,    0,    0,    0,    0,    0,    0,    0,    0,    0,    0,  -13,    8,    0,    0,    0,    0,    0,    0,
       0,    0,    0,    0,    0,    0,    0,    0,    0,    0,    0,    0,    0,    0,    0,    0,    0,    0,  -40,    0,    0,    0,    0,    0,    0,    0,    0,    0,    0,    0,    0,    0,    0,    0,    0,    0,    0,    0,    0,    0,    0,    0,    0,    0,    3,    0,    0,    0,    0,    0,    0,    0,    0,  -40,    0,    0,    0,  -13,    0,    0,    0,    0,    0,    0,    0,
       0,    0,    0,    0,    0,    0,    0,    0,    0,    0,    0,  -13,    0,    0,    0,    0,    0,    0,    0,  -11,    0,    0,    0,  -53,    0,  -64,  -43,    0,  -64,    0,    0,    0,    0,    0,    0,    0,    0,    0,    0,    0,    0,    0,    0,    0,  -43,  -21,    0,  -21,    0,    0,    0,    0,    0,    0,    0,  -64,    0,    0,    0,    0,    0,    0,    0,    0,    0,
       0,    0,    0,    0,    0,    0,    0,    0,    0,    0,    0,  -13,    0,    0,    0,    0,    0,    0,    0,  -11,    0,    0,    0,  -53,    0,  -53,  -43,    0,  -64,    0,    0,    0,    0,    0,    0,    0,    0,    0,    0,    0,    0,    0,    0,    0,  -43,  -21,    0,  -21,    0,    0,    0,    0,    0,    0,    0,  -64,    0,    0,    0,    0,    0,    0,    0,    0,    0,
       0,    0,    0,    0,    0,    0,    0,  -49,  -27,  -16,  -16,  -32,  -27,    0,    0,    0,    0,    0,  -53,  -21,    0,  -27,    0,    0,    0,    0,    0,    0,    0,    0,    0,    0,    0,    0,  -27,    0,    0,  -27,    0,    0,    0,  -16,    0,    0,   -1,    0,   -3,    0,    0,    0,    0,    0,    0,  -53,    0,    0,   -6,  -17,    0,    0,    0,    0,    0,    0,    0,
       0,    0,    0,    0,    0,    0,    0,  -27,    0,    0,    0,    0,    0,    0,    0,    0,    0,    0,    0,    0,    0,    0,    0,    0,    0,    0,    0,    0,    0,    0,    0,    0,    0,    0,    0,    0,    0,    0,    0,    0,    0,    0,    0,    0,    0,    0,    0,    0,    0,    0,    0,    0,    0,    0,    0,    0,    0,    0,    0,    0,    0,    0,    0,    0,    0,
       0,    0,    0,    0,    0,    0,    0,    0,    0,    0,    0,    0,    0,    0,    0,  -21,    0,    0,    0,    0,    0,    0,    0,    0,    0,    0,    0,    0,    0,    0,    0,    0,    0,    0,    0,    0,    0,    0,    0,    0,    0,    0,    0,    0,    0,    0,    0,    0,    0,    0,    0,    0,    0,    0,    0,    0,    0,    0,    0,    0,    0,    0,    0,    0,    0,
       0,    0,    0,    0,    0,    0,    0,    0,    0,    0,    0,  -11,    0,    0,    0,    0,    0,    0,    0,    0,    0,    0,    0,    0,    0,    0,    0,    0,    0,    0,    0,    0,    0,    0,    0,    0,    0,    0,    0,    0,    0,    0,    0,    0,    0,    0,    0,    0,    0,    5,    0,    0,    0,    0,    0,    0,    0,    0,    0,    0,    0,    0,    0,    0,    0,
       0,    0,    0,    0,    0,    0,    0,  -13,    0,    0,    0,    0,    0,    0,    0,    0,    0,    0,    0,    0,    0,    0,    0,    0,    0,    0,    0,    0,    0,    0,    0,    0,    0,    0,    0,    0,    0,    0,    0,    0,    0,    0,    0,    0,    0,    0,    0,    0,    0,    0,    0,    0,    0,    0,    0,    0,    0,    0,    0,    0,    0,    0,    0,    0,    0,
       0,    0,    0,    0,    0,    0,    0,    0,    0,    0,  -11,    0,    0,  -11,    0,    0,    0,    0,    0,    0,    0,    0,    0,    0,    0,    0,    0,    0,    0,    0,    0,    0,    0,    0,    0,    0,    0,    0,    0,    0,    0,    0,    0,    0,    0,    0,    0,    0,    0,    0,    0,    0,    0,    0,    0,    0,    0,    0,    0,    0,    0,    0,    0,    0,    0,
       0,    0,    0,    0,    0,    0,    0,  -21,    0,    0,    0,    0,    0,    0,    0,    0,    0,    0,    0,    0,    0,    0,    0,    0,    0,    0,    0,    0,    0,    0,    0,    0,    0,    0,    0,    0,    0,    0,    0,    0,    0,    0,    0,    0,    0,    0,    0,    0,    0,    0,    0,    0,    0,    0,    0,    0,    0,    0,    0,    0,    0,    0,    0,    0,    0,
       0,    0,    0,    0,  -53,    0,  -43,  -64,    0,   -8,  -11,  -13,  -11,    0,  -11,  -27,    0,    0,    0,    0,    0,    0,    0,    0,    0,    0,    0,    0,    0,    0,    0,    0,    0,    0,    0,    0,    0,    0,    0,    0,    0,    0,    0,    0,    0,    0,    0,    0,    0,    0,    0,    0,    0,    0,    0,    0,    0,    0,    0,    0,    0,    0,    0,    0,    0,
       0,    0,    0,    0,    0,    0,    0,    0,    0,  -11,    0,    0,    0,    0,    0,    0,    0,    0,    0,    0,    0,    0,    0,    0,    0,    0,    0,    0,    0,    0,    0,    0,    0,    0,    0,    0,    0,    0,    0,    0,    0,    0,    0,    0,    0,    0,    0,    0,    0,    0,    0,    0,    0,    0,    0,    0,    0,    0,    0,    0,    0,    0,    0,    0,    0,
       0,    0,    0,    0,    0,    0,    0,    0,    0,  -32,  -16,    0,    0,  -27,    0,    0,    0,    0,    0,    0,    0,    0,    0,    0,    0,    0,    0,    0,    0,    0,    0,    0,    0,    0,    0,    0,    0,    0,    0,    0,    0,    0,    0,    0,    0,    0,    0,    0,    0,    0,    0,    0,    0,    0,    0,    0,    0,    0,    0,    0,    0,    0,    0,    0,    0,
       0,    0,    0,    0,    0,    0,    0,    0,    0,    0,    0,    0,    0,    0,    0,    0,    0,    0,  -21,    0,    0,  -40,    0,    0,    0,    0,    0,    0,    0,    0,    0,    0,    0,    0,    0,    0,    0,    0,    0,    0,    0,    0,    0,    0,    0,    0,    0,    0,    0,    0,    0,    0,    0,  -21,    0,    0,    0,   -8,    0,    0,    0,    0,    0,    0,    0,
       0,    0,    0,    0,    0,    0,    0,    0,    0,    0,    0,    0,    0,    0,    0,    0,    0,    0,    0,    0,    0,    0,    0,    0,    0,   -3,    0,    0,    0,    0,    0,    0,    0,    0,    0,    0,    0,    0,    0,    0,    0,    0,    0,    0,    0,    0,   -2,    0,    0,    0,    0,    0,    0,    0,    0,    0,    0,    0,    0,    0,    0,    0,    0,    0,    0,
       0,    0,    0,  -40,    0,  -27,    0,    0,    0,    0,    0,    0,    0,    0,    0,    0,    0,    0,    0,  -11,    0,    0,    0,  -27,  -11,  -40,  -21,    0,  -43,    0,    0,  -53,    0,    0,  -11,    0,  -11,   -5,    0,    0,    0,    0,   -3,   -5,  -27,  -24,    0,  -13,    0,    0,    0,    0,    0,    0,    0,  -43,  -11,  -11,    0,  -27,  -69,  -72,  -37,  -40,    0,
       0,    0,  -11,    0,    0,    0,    0,  -21,    0,    0,    0,    0,    0,    0,    0,    0,    0,    0,    0,    0,    0,    0,    0,   -8,    0,   -4,   -3,   -6,  -12,    0,    0,    0,    0,    0,   -1,   -2,    0,   -3,    0,    0,    0,    0,    0,    0,    0,    0,   -2,    0,    0,    0,    0,    0,    0,    0,    0,  -12,    0,   -1,   -2,    0,    0,    0,    0,    0,    0,
       0,    0,   11,    0,    0,    0,    0,    0,    0,    0,    0,    0,    0,    0,    0,    0,    0,    0,    0,    0,    0,    0,    0,    0,    0,    0,    0,    0,    0,    0,    0,    0,    0,    0,    0,    0,    0,    0,    0,    0,    0,    0,    0,    0,    0,    0,    0,    0,    0,    0,    0,    0,    0,    0,    0,    0,    0,    0,    0,    0,    0,   21,    0,   21,    0,
       0,    0,  -16,    0,    0,    0,  -11,  -21,    0,    0,    0,    0,    0,    0,    0,    0,    0,    0,  -11,    0,   -8,   -8,    0,  -16,    0,  -16,   -3,  -19,  -19,  -24,    0,  -27,    0,    0,    0,    0,    0,    0,    0,    0,    0,    0,    0,    0,    0,    0,   -5,    0,   -1,  -13,    0,    0,    0,  -11,    0,  -19,    0,    0,    0,    0,    0,    0,    0,    0,    0,
       0,    0,    0,    0,    0,    0,    0,    0,    0,    0,    0,    0,    0,    0,    0,    0,    0,    0,    0,    0,    0,   -5,    0,    0,    0,    0,    0,    0,    0,    0,    0,    0,    0,    0,   -3,    0,    0,   -5,    0,    0,    0,    0,    0,   -5,   -8,    0,    0,   -5,    0,    0,    0,    0,    0,    0,    0,    0,    0,   -3,    0,    0,    0,    0,    0,    0,    0,
       0,    0,    0,    0,  -43,    0,  -43,    0,    0,    0,    0,    0,    0,    0,    0,    0,    0,    0,  -32,   -5,    0,  -64,   -3,    8,    0,    0,    0,   -3,    0,    0,    0,    0,    0,    0,   -8,    0,    0,   -5,    0,   -5,   -5,   -5,    0,   -8,   -3,    0,   -8,    0,   -3,    0,    0,    0,    0,  -32,  -64,    0,    0,   -8,    0,    0,    0,    0,    0,    0,    0,
       0,    0,    0,    0,    0,    0,    0,  -21,    0,    0,    0,    0,    0,    0,    0,    0,    0,    0,   -5,    0,   -5,    0,    0,  -13,    0,   -8,   -5,    0,  -13,    0,    0,  -27,    0,    0,    0,    0,    0,    0,    0,    0,    0,    0,    0,    0,    0,    0,    0,    0,    0,    0,    0,    0,    0,   -5,    0,  -13,    0,    0,    0,    0,    0,    0,    0,    0,    0,
       0,    0,    0,    0,    0,    0,    0,    0,    0,    0,    0,    0,    0,    0,    0,    0,    0,    0,    0,   -8,    0,    0,    0,    0,    0,    0,    0,    0,    0,    0,    0,    0,    0,    0,    0,    0,    0,    0,    0,    0,    0,    0,    0,    0,    0,    0,    0,    0,    0,    0,    0,    0,    0,    0,    0,    0,    0,    0,    0,    0,    0,    0,    0,    0,    0,
       0,    0,   21,    0,  -37,    0,  -27,  -27,    0,    0,    0,    0,    0,    0,    0,    0,    0,    0,  -40,  -16,    0,  -27,    0,    0,    0,    0,    0,    0,    0,    0,    0,    0,   16,    0,  -27,    0,  -27,  -27,    0,  -21,  -21,  -21,    0,  -27,  -21,  -11,    0,  -21,  -11,   21,    0,    0,    0,  -40,    0,    0,  -27,  -27,    0,    0,   32,   43,   32,   43,    0,
       0,    0,    0,    0,    0,  -48,    0,    0,    0,    0,    0,    0,    0,    0,    0,    0,    0,    0,    0,  -24,    0,  -16,   -5,    0,   -8,   -3,   -3,    0,   11,    0,    0,    0,    0,    0,  -24,    0,    0,    0,    0,   -4,   -4,   -2,   -2,   -6,  -21,  -21,    0,  -21,    0,    0,    0,    0,    0,    0,    0,   11,    0,  -24,    0,  -48,    0,    0,    0,    0,    0,
       0,    0,    0,  -40,    0,  -32,    0,    0,    0,    0,    0,    0,    0,    0,    0,    0,    0,    0,    0,  -11,    0,    0,    0,  -45,  -11,  -40,  -40,    0,  -64,    0,    0,  -53,    0,    0,  -11,    0,    0,    0,    0,    0,    0,    0,   -3,    0,  -13,   -3,    0,  -21,   11,    0,    0,    0,    0,    0,    0,  -64,    0,  -11,    0,  -32,  -64,  -53,  -64,  -53,    0,
       0,    0,    0,    0,  -69,    0,  -53,  -43,    0,    0,    0,    0,    0,    0,    0,    0,    0,    0,  -35,    0,    0,  -40,    0,    0,    0,    0,    4,   -8,    0,   -8,    0,  -27,    0,    0,   -5,    0,    4,   -5,    0,    0,    0,    0,    8,   -3,    5,    8,    0,    5,    0,    0,    0,    0,    0,  -35,    0,    0,    4,   -5,    0,    0,   16,   27,   16,   27,    0,
       0,    0,  -16,    0,    0,    0,  -11,  -21,    0,    0,    0,    0,    0,    0,    0,    0,    0,    0,  -11,    0,   -8,   -8,    0,  -16,    0,  -16,   -3,  -19,  -19,  -24,    0,  -27,    0,   -5,    0,    0,    0,    0,    0,    0,    0,    0,    0,    0,    0,    0,   -5,    0,   -1,  -13,    0,    0,    0,  -11,    0,  -19,    0,    0,    0,    0,    0,    0,    0,    0,    0,
       0,    0,    0,    0,    0,  -32,    0,    0,    0,    0,    0,    0,    0,    0,    0,    0,    0,    0,    0,   -5,    0,  -16,    0,  -11,   -3,  -16,   -1,    0,  -27,    0,    0,  -21,    0,    0,  -11,    0,    0,    0,    0,    0,    0,    0,    0,   -5,    0,    0,    0,    0,    0,    0,    0,    0,    0,    0,    0,  -27,    0,  -11,    0,  -32,    0,    0,    0,    0,    0,
       0,    0,    0,    0,    0,    0,    0,    0,    0,    0,    0,    0,    0,    0,    0,    0,    0,    0,    0,    0,    0,    0,    0,    0,    0,    0,    0,   -8,   -8,    0,    0,    0,    0,    0,    0,    0,    0,    0,    0,    0,    0,    0,    0,    0,    0,    0,    0,    0,    0,    0,    0,    0,    0,    0,    0,   -8,    0,    0,    0,    0,    0,    0,    0,    0,    0,
       0,  -29,    0,    0,  -53,  -53,  -53,  -32,    0,    0,    0,    0,    0,    0,    0,    0,    0,    0,  -27,  -16,    0,  -43,    0,   16,    0,    5,    5,    0,    5,    0,    0,    0,    0,    0,  -53,    0,    0,  -24,    0,  -32,  -11,  -53,    0,  -53,   -5,  -37,   -8,  -27,  -37,    0,    0,    0,    0,  -27,  -59,    5,    0,  -53,    0,  -53,    0,    0,    0,    0,    0,
       0,    0,    0,    0,    0,    0,    0,    0,    0,    0,    0,    0,    0,    0,    0,    0,    0,    0,  -11,    0,    0,   -5,   -5,    0,    0,    0,    0,   -5,   -5,    0,    0,    0,    0,    0,    0,    0,    0,    0,    0,    0,    0,    0,    0,    0,    0,    0,   -3,    0,    0,    0,    0,    0,    0,  -11,    0,   -5,    0,    0,    0,    0,    0,    0,    0,    0,    0,
       0,  -27,    0,    0,  -64,    0,  -53,  -43,    0,    0,    0,    0,    0,    0,    0,    0,    4,   -3,  -40,  -16,    0,  -53,   -5,    5,    0,    0,    0,    0,    0,    0,  -53,    0,    0,  -15,  -32,    0,    0,  -11,    0,  -11,   -7,   -8,    0,  -13,    0,    0,    0,    0,   -3,  -53,   -3,   -6,  -11,  -40,  -64,    0,    0,  -32,    0,  -53,    0,    0,    0,    0,   -4,
       0,  -16,    0,    0,  -43,    0,  -43,  -43,    0,    0,    0,    0,    0,    0,    0,    0,    0,    0,  -21,   -3,    0,  -43,   -5,    5,    0,    0,    0,    0,    0,    0,  -37,    0,    0,    0,  -13,    0,    0,  -11,    0,   -2,   -2,    0,    0,   -5,    0,    0,    0,    0,    0,  -37,    0,    0,    0,  -21,    0,    0,    0,  -13,    0,  -37,    0,    0,    0,    0,    0,
       0,    0,    0,    0,    0,    0,    0,    0,    0,    0,    0,    0,    0,    0,    0,    0,    0,    0,    0,  -19,    0,    0,   -8,    0,   -5,    0,    0,    0,    0,    0,  -43,    0,    0,    0,  -13,    0,    0,   -1,    0,    0,    0,    0,    0,   -5,  -14,   -9,    0,  -13,    0,  -43,    0,    0,    0,    0,    0,    0,    0,  -13,    0,  -43,    0,    0,    0,    0,    0,
       0,  -27,    0,    0,  -64,    0,  -64,  -64,    0,    0,    0,    0,    0,    0,    0,    0,    0,    0,  -43,  -19,    0,  -64,  -13,    5,   -5,    0,    0,    0,    0,    0,  -53,    0,    0,    0,  -43,    0,    0,  -43,    0,  -12,  -11,  -19,    0,  -11,   -5,   -5,  -11,   -5,   -5,  -53,    0,    0,    0,  -43,    0,    0,    0,  -43,    0,  -64,    0,    0,    0,    0,    0,
       0,    0,    0,    0,    0,    0,    0,    0,    0,    0,    0,    0,    0,    0,    0,    0,    0,    0,    0,   -3,    0,    0,    0,    0,    0,    0,    0,    0,    0,    0,    0,    0,    0,    0,   -3,    0,    0,    0,    0,    0,    0,    0,    0,   -3,   -3,    0,    0,    0,    0,    0,    0,    0,    0,    0,    0,    0,    0,   -3,    0,    0,    0,    0,    0,    0,    0,
       0,    0,    0,    0,    0,    0,    0,    0,    0,  -21,  -27,    0,    0,    0,    0,    0,    0,    0,  -27,    0,    0,  -59,    0,  -53,    0,  -53,  -37,  -43,  -64,    0,    0,    0,    0,    0,    0,    0,    0,    0,    0,    0,    0,    0,    0,    0,  -11,  -11,  -21,  -11,    0,    0,    0,    0,    0,    0,    0,    0,    0,    0,    0,    0,    0,    0,    0,    0,    0,
       0,    0,    0,    0,    0,    0,    0,    0,    0,    0,    0,    0,    0,    0,    0,    0,    0,    0,    0,  -27,    0,    0,    0,  -32,    0,  -21,  -21,    0,  -43,    0,    0,  -49,    0,    0,    0,    0,    0,    0,   32,    0,    0,    0,    0,    0,   -4,    0,   -1,    0,    0,    0,    0,    0,    0,    0,    0,  -43,   -3,  -12,    0,    0,    0,    0,    0,    0,    0,
       0,    0,    0,    0,    0,    0,    0,    0,    0,    0,    0,    0,    0,    0,    0,    0,    0,    0,    0,    0,    0,    0,    0,    0,    0,  -15,    0,    0,    0,    0,    0,    0,    0,    0,    0,    0,    0,    0,    0,    0,    0,    0,    0,    0,  -11,    0,    0,    0,    0,    0,    0,    0,    0,    0,    0,    0,    0,  -18,    4,    0,    0,    0,    0,    0,    0,
       0,    0,    0,    0,    0,    0,    0,    0,    0,    0,    0,    0,    0,    0,    0,    0,    0,    0,   11,  -11,    0,    0,    0,  -35,   -5,  -15,   -5,    0,  -28,    0,    0,  -16,    0,    0,    0,    0,    0,    0,    0,    0,    0,    0,    0,   -5,   -6,   -3,    0,   -6,    0,    0,    0,    0,    0,   11,    0,  -28,    0,    0,    0,    0,    0,    0,    0,    0,    0,
       0,    0,  -13,    0,    0,    0,    0,  -27,    0,    0,    0,    0,    0,    0,    0,    0,    0,    0,    0,    0,    0,    0,    0,  -26,    0,  -12,   -8,   -9,  -21,   -5,    0,  -27,    0,    0,    0,    0,  -11,    0,    0,    0,    0,    0,    0,    0,   -8,  -11,  -11,  -11,   -5,  -13,    0,    0,    0,    0,    0,  -21,  -11,    0,    0,    0,    0,    0,    0,    0,    0,
       0,    0,    0,    0,    0,    0,    0,    0,    0,    0,    0,    0,    0,    0,    0,    0,    0,    0,    0,    0,    0,    0,    0,  -16,    0,   -8,   -5,   -3,  -19,    0,    0,    0,    0,    0,    0,    0,    0,    0,    0,    0,    3,    0,    0,    0,    0,    0,    0,   -8,    0,    0,    0,    0,    0,    0,    0,  -19,    0,    0,    0,    0,    0,   16,    0,   16,    0,
       0,    0,    0,    0,    0,    0,    0,    0,    0,    0,    0,    0,    0,    0,    0,    0,    0,    0,    0,    0,    0,    0,    0,    0,    0,    0,    0,    0,    0,    0,    0,    0,    0,    0,    0,    0,    0,    0,    0,    0,    0,    0,    0,    9,    0,    0,    0,    0,    0,    0,    0,    0,    0,    0,    0,    0,    0,    0,    0,    0,    0,    0,    0,    0,    0,
       0,    0,    0,    0,    0,    0,    0,    0,    0,    0,    0,    0,    0,    0,    0,    0,    0,    0,    0,    0,    0,    0,    0,  -24,    0,  -11,   -5,   -5,  -19,    0,    0,  -21,    0,    0,    0,    0,    0,   -3,    0,    0,    0,    0,    0,    0,   -5,   -5,   -2,   -5,    0,    0,    0,    0,    0,    0,    0,  -19,    0,    0,    0,    0,    0,    0,    0,    0,    0,
       0,    0,   16,   16,    0,    0,    0,  -11,    0,    0,    0,    0,    0,    0,    0,    0,    0,    0,  -11,    0,    0,    0,    0,   32,    0,   29,   27,   27,   27,   27,    0,    0,   21,    0,  -11,    0,    0,    0,    0,    0,    0,    0,    2,    0,    5,    1,    0,    0,    2,    0,    0,    0,    0,  -11,    0,   27,    0,  -11,    0,    0,   16,   21,   16,   21,    0,
       0,    0,    0,    0,   -3,    0,    0,    0,    0,    0,    0,    0,    0,    0,    0,    0,    0,    0,   -8,   -5,    0,    0,   -3,    0,    0,    0,    0,    0,   -8,    0,    0,  -16,    0,    0,    0,    0,    0,    0,    5,    0,    0,   -5,    0,   -4,    0,    0,    0,    0,    0,    0,    0,    0,    0,   -8,    0,   -8,    0,    0,    0,    0,    0,    0,    0,    0,    0,
       0,    0,    0,    0,    0,    0,    0,    0,    0,    0,    0,    0,    0,    0,    0,    0,    0,    0,    0,    0,    0,    0,    0,  -16,    0,  -16,    0,    0,  -13,    0,    0,  -21,    0,    0,    0,    0,    0,    0,    0,    0,    0,    0,    0,    0,    0,    0,    0,   -3,    0,    0,    0,    0,    0,    0,    0,  -13,    0,    0,    0,    0,    0,    0,    0,    0,    0,
       0,    0,    0,    0,    0,    0,    0,    0,    0,    0,    0,    0,    0,    0,    0,    0,    0,    0,    0,    0,    0,    0,    0,  -16,    0,    0,    0,    0,    0,    0,    0,    0,    0,    0,    0,    0,    0,    0,    0,    0,    0,    0,    0,    0,    0,    0,    0,    0,    0,    0,    0,    0,    0,    0,    0,    0,    0,    0,    0,    0,    0,    0,    0,    0,    0,
       0,    0,    0,    0,    0,    0,    0,    0,    0,    0,    0,    0,    0,    0,    0,    0,    0,    0,    0,    0,    0,    0,    0,  -16,   -5,    0,    0,    0,    0,    0,    0,    0,    0,    0,    0,    0,    0,    0,    3,    0,    0,    0,    0,    0,    0,    0,    0,    0,    0,    0,    0,    0,    0,    0,    0,    0,    0,    0,    0,    0,    0,    0,    0,    0,    0,
       0,    0,    0,    0,    0,    0,    0,    0,    0,    0,    0,    0,    0,    0,    0,    0,    0,    0,    0,   -5,    0,    0,    0,    0,    0,    0,    0,    0,  -11,    0,    0,  -21,    0,    0,  -12,   -3,    0,  -11,   -3,    0,    0,   -3,    0,   -3,    0,    0,    0,    0,    0,    0,    0,    0,    0,    0,    0,  -11,    0,  -12,   -3,    0,    0,    0,    0,    0,    0,
       0,    0,    0,    0,    0,    0,    0,    0,    0,    0,    0,    0,    0,    0,    0,    0,    0,    0,    0,  -11,    0,    0,    0,  -13,    0,  -16,  -11,    0,  -16,    0,    0,    0,    0,    0,   -5,    0,    0,   -5,   -7,    0,    0,    0,   -2,   -3,  -13,   -8,    0,   -8,    0,    0,    0,    0,    0,    0,    0,  -16,    0,   -5,    0,    0,    0,    0,    0,    0,    0,
       0,    0,   16,    0,    0,    0,    0,    0,    0,    0,    0,    0,    0,    0,    0,    0,    0,    0,    0,    0,    0,    0,    0,  -11,    0,   -9,    0,    0,   -8,    0,    0,   -3,    0,    1,    0,    0,    0,    0,   11,    0,    0,    0,    0,    0,    0,    0,    0,    0,    0,    0,    0,    0,    0,    0,    0,   -8,    0,    0,    0,    0,    0,    0,    0,    0,    0,
       0,    0,    0,   11,  -37,    0,  -61,  -11,    0,    0,    0,    0,    0,    0,    0,    0,    0,    0,  -16,    0,    0,    0,    0,   -5,    0,    0,    0,   -8,    0,    0,  -16,    0,    0,    0,  -12,    0,    0,   -8,   -5,    0,    0,    0,   11,    0,   27,   27,    0,    0,    0,  -16,    0,    0,    0,  -16,    0,    0,    0,  -12,    0,    0,    0,   27,    0,   27,    0,
       0,    0,    0,    0,    0,    0,    0,    0,    0,    0,    0,    0,    0,    0,    0,    0,    0,    0,    0,   -3,    0,    0,    0,  -24,    0,   -3,    0,   -3,  -11,    0,    0,    0,    0,    0,    0,    0,    0,    0,    0,    0,    0,    0,    0,    0,    0,    0,   -3,    0,    0,    0,    0,    0,    0,    0,    0,  -11,    0,    0,    0,    0,    0,    0,    0,    0,    0,
       0,    0,    0,    0,  -11,    0,    0,    0,    0,    0,    0,    0,    0,    0,    0,    0,    0,    0,    0,    0,    0,    0,    0,    0,    0,    0,    0,    0,    0,    0,    0,    0,    0,    0,   -3,    0,  -13,   -3,    0,    0,    0,   11,    0,    0,    0,    0,    0,    0,    0,    0,    0,    0,    0,    0,    0,    0,  -13,   -3,    0,    0,    0,    0,    0,    0,    0,
       0,    0,    0,    0,    0,    0,    0,    0,    0,    0,    0,    0,    0,    0,    0,    0,    0,    0,    0,    0,    0,    0,    0,  -16,    0,   -5,   -5,    0,   -8,    0,    0,    0,    0,    0,    0,    0,    0,   -5,    0,    0,    0,    0,    0,    0,    0,    0,    0,    0,    0,    0,    0,    0,    0,    0,    0,   -8,    0,    0,    0,    0,    0,    0,    0,    0,    0,
       0,  -16,    0,    3,  -21,    0,  -21,  -11,    0,    0,    0,    0,    0,    0,    0,    0,    2,    0,  -13,    0,    0,    0,    0,   -5,    0,    0,    0,  -14,   -5,  -11,  -11,   -1,    0,  -11,   -8,    0,    0,   -5,    0,    0,    0,   -3,   27,    0,   27,    0,    0,    0,    0,  -11,    0,    0,   -6,  -13,    0,   -5,    0,  -10,    0,    0,    0,    0,    0,    0,    0,
       0,  -16,    0,    0,  -21,    0,  -21,  -11,    0,    0,    0,    0,    0,    0,    0,    0,    0,    0,   -3,    0,    0,    0,    0,   -5,    0,    0,    0,   -9,   -5,   -3,  -11,    0,    0,    0,   -8,    0,    0,   -8,    0,    0,    0,   -3,   27,    0,   21,    0,    0,    0,    0,  -11,    0,    0,    0,   -3,    0,   -5,    0,   -8,    0,    0,    0,    0,    0,    0,    0,
       0,   -2,    0,    0,    0,    0,    0,   -1,    0,    0,    0,    0,    0,    0,    0,    0,    0,    0,    0,   -5,    0,    0,    0,   -8,   -3,    0,    0,    0,  -11,    0,  -21,   -3,    0,    0,  -16,    0,    0,    0,    0,    0,    0,   -3,    0,   -3,    0,    0,    0,    0,    0,  -21,    0,   -3,    0,    0,    0,  -11,    0,  -18,    0,    0,    0,    0,    0,    0,    0,
       0,  -16,    0,    0,    0,    0,  -21,  -11,    0,    0,    0,    0,    0,    0,    0,    0,    0,    0,  -13,    0,    0,    0,    0,   -5,    0,    0,    0,  -11,   -5,   -5,  -11,    0,    0,    0,   -5,    0,    0,   -8,    0,    0,    0,   -5,    0,    0,    0,    0,    0,    0,    0,  -11,    0,    0,    0,  -13,    0,   -5,    0,   -5,    0,    0,    0,    0,    0,    0,    0,
       0,    0,    0,    0,    0,    0,    0,    0,    0,    0,    0,    0,    0,    0,    0,    0,    0,    0,    0,    0,    0,    0,    0,   -5,    0,    0,    0,    0,   -5,    0,    0,  -21,    0,    0,   -5,    0,    0,    0,    0,    0,    0,    0,    0,    0,    0,    0,    0,    0,    0,    0,    0,    0,    0,    0,    0,   -5,    0,   -5,    0,    0,    0,    0,    0,    0,    0,
       0,    0,    0,    0,    0,    0,    0,    0,    0,  -21,  -27,    0,    0,    0,    0,    0,    0,    0,  -27,  -13,    0,  -53,    0,  -53,    0,  -53,  -37,  -43,  -64,    0,    0,    0,    0,    0,  -13,    0,    0,    0,    0,    0,    0,    0,    0,    0,  -11,  -11,  -21,  -11,    0,    0,    0,    0,    0,    0,    0,    0,    0,  -13,    0,    0,    0,    0,    0,    0,    0,
       0,    0,    0,    0,    0,    0,    0,    0,    0,  -21,  -27,    0,    0,    0,    0,    0,    0,    0,  -27,    0,    0,  -27,    0,  -53,    0,  -53,  -37,  -43,  -64,    0,    0,    0,    0,    0,    0,    0,    0,    0,    0,    0,    0,    0,    0,    0,  -11,  -11,  -21,  -11,    0,    0,    0,    0,    0,    0,    0,    0,    0,    0,    0,    0,    0,    0,    0,    0,    0,
       0,    0,    0,    0,    0,    0,    0,    0,    0,    0,    0,    0,    0,    0,    0,    0,    0,    0,    0,    0,    0,    0,    0,    0,    0,   -3,    0,    0,    0,    0,    0,    0,    0,    0,    0,    0,    0,    0,    0,    0,    0,    0,    0,    0,    0,    0,    0,    0,    0,    0,    0,    0,    0,    0,    0,    0,    0,    0,    0,    0,    0,    0,    0,    0,    0,
       0,    0,    0,    0,    0,    0,    0,    0,  -21,  -16,    0,  -16,    0,    0,    0,    0,    0,    0,    0,    0,    0,    0,    0,    0,    0,    0,    0,    0,    0,    0,    0,    0,    0,    0,    0,    0,    0,    0,    0,    0,    0,    0,    0,    0,    0,    0,    0,    0,    0,    0,    0,    0,    0,    0,    0,    0,    0,    0,    0,    0,    0,    0,    0,    0,    0,
       0,    0,    0,    0,    0,    0,    0,    0,    0,    0,    0,    0,    0,    0,    0,    0,    0,    0,    0,    0,    0,    0,    0,    0,    0,   -6,    0,    0,    0,    0,    0,    0,    0,    0,    0,    0,    0,    0,    0,    0,    0,    0,    0,    0,    0,    0,   -3,    0,    0,    0,    0,    0,    0,    0,    0,    0,    0,    5,    0,    0,    0,    0,    0,    0,    0,
       0,    0,    0,    0,    0,    0,    0,    0,    0,    0,    0,    0,    0,    0,    0,    0,    0,    0,    0,    0,    0,    0,    0,    0,    0,   -9,    0,    0,    0,    0,    0,    0,    0,    0,    0,    0,    0,    0,    0,    0,    0,    0,    0,    0,   -5,    0,    0,    0,    0,    0,    0,    0,    0,    0,    0,    0,    0,  -16,    0,    0,    0,    0,    0,    0,    0,
       5,    0,    0,   -3,  -69,    0,  -53,  -21,    0,    0,    0,    0,    0,    0,    0,    0,    0,    0,  -35,    0,    0,  -40,    0,    0,    0,    0,    4,   -8,    0,   -8,    0,  -11,    0,  -29,   -5,    0,    4,   -5,    0,    0,    0,    0,    8,   -3,    7,    8,   -2,    5,    0,    0,   11,   13,  -11,  -35,    0,    0,    4,   -5,    0,    0,   16,   27,   16,   27,    2,
       0,    0,  -13,  -11,    0,    0,    0,   -6,    0,    0,    0,    0,    0,    0,    0,    0,    0,    0,    0,    0,    0,    0,    0,  -26,    0,  -12,   -8,   -9,  -21,   -5,    0,   -3,    0,  -18,    0,    0,  -11,    0,    0,    0,    0,    0,    0,    0,  -10,  -11,  -12,  -11,   -5,  -13,    0,    5,    0,    0,    0,  -21,  -11,    0,    0,    0,    0,    0,    0,    0,    0,
       0,    0,  -16,   -8,    0,    0,  -11,  -15,    0,    0,    0,    0,    0,    0,    0,    0,    0,    0,  -11,    0,   -8,   -8,    0,  -16,    0,  -16,   -3,  -19,  -19,  -24,    0,  -27,    0,  -29,    0,    0,    0,    0,    0,    0,    0,    0,    0,    0,    0,    0,   -7,    0,   -1,  -13,    0,    5,  -11,  -11,    0,  -19,    0,    0,    0,    0,    0,    0,    0,    0,    0,
       0,    0,    0,    0,    0,    0,    0,    0,    0,    0,    0,    0,    0,    0,    0,    0,    0,    0,  -72,    0,    0, -128,    0,    0,    0,    0,    0,    0,    0,    0,    0,    0,    0,    0,    0,    0,    0,  -21,    0,    0,    0,  -21,    0,    0,    0,    0,    0,    0,    0,    0,    0,    0,    0,  -72,    0,    0,    0,    0,    0,    0,    0,    0,    0,    0,    0,
       0,    0,    0,    0,    0,    0,    0,    0,    0,    0,    0,    0,    0,    0,    0,    0,    0,    0,  -32,    0,    0,  -64,    0,    0,    0,    0,    0,    0,    0,    0,    0,    0,    0,    0,  -21,    0,    0,  -27,    0,  -16,    0,    0,    0,    0,    0,    0,    0,    0,    0,    0,    0,    0,    0,  -32,    0,    0,    0,  -21,    0,    0,    0,    0,    0,    0,    0,
       0,    0,    0,    0,    0,    0,    0,    0,    0,    0,    0,    0,    0,    0,    0,    0,    0,    0,  -40,    0,    0,  -64,    0,    0,    0,    0,    0,    0,    0,    0,    0,    0,    0,    0,    0,    0,    0,  -21,    0,    0,    0,  -21,    0,    0,    0,    0,    0,    0,    0,    0,    0,    0,    0,  -40,    0,    0,    0,    0,    0,    0,    0,    0,    0,    0,    0,
       0,    0,    0,    0,    0,    0,    0,    0,    0,    0,    0,    0,    0,    0,    0,    0,    0,    0,  -40,    0,    0,  -53,    0,    0,    0,    0,    0,    0,    0,    0,    0,    0,    0,    0,  -21,    0,    0,  -27,    0,    0,    0,    0,    0,    0,    0,    0,    0,    0,    0,    0,    0,    0,    0,  -40,    0,    0,    0,  -21,    0,    0,    0,    0,    0,    0,    0,
       0,    0,    0,    0,    0,    0,    0,    0,    0,    0,    0,    0,    0,    0,    0,    0,    0,    0,    0,    0,    0,    0,    0,    0,    0,   -4,    0,    0,    0,    0,    0,    0,    0,    0,    0,    0,    0,    0,    0,    0,    0,    0,    0,    0,    0,    0,    0,    0,    0,    0,    0,    0,    0,    0,    0,    0,    0,    0,    0,    0,    0,    0,    0,    0,    0,
};

static const EpdLigaturePair lexenddeca_16_regularLigaturePairs[] = {
    { 0x00660069, 0xFB01 }, // f i -> U+FB01
    { 0x0066006C, 0xFB02 }, // f l -> U+FB02
};

static constexpr EpdFontData lexenddeca_16_regular = {
    lexenddeca_16_regularBitmaps,
    lexenddeca_16_regularGlyphs,
    lexenddeca_16_regularIntervals,
    29,
    42,
    34,
    -9,
    true,
    lexenddeca_16_regularGroups,
    7,
    nullptr,
    lexenddeca_16_regularKernLeftClasses,
    lexenddeca_16_regularKernRightClasses,
    lexenddeca_16_regularKernMatrix,
    138,
    122,
    78,
    65,
    lexenddeca_16_regularLigaturePairs,
    2,
};
