/**
 * generated by fontconvert.py
 * name: lexenddeca_14_bold
 * size: 14
 * mode: 2-bit  compressed: true
 * Command used: fontconvert.py lexenddeca_14_bold 14 ../builtinFonts/source/LexendDeca/LexendDeca-Bold.ttf ../builtinFonts/source/NotoEmoji/NotoEmoji-Regular.ttf ../builtinFonts/source/NotoSymbols/NotoSansSymbols-Regular.ttf --exact-intervals --additional-intervals 0x0020,0x007E --additional-intervals 0x00A0,0x00FF --additional-intervals 0x2000,0x206F --additional-intervals 0x20A0,0x20CF --additional-intervals 0x2190,0x21FF --additional-intervals 0xFB00,0xFB06 --additional-intervals 0xFFFD,0xFFFD --additional-intervals 0x2669,0x266F --additional-intervals 0x2764,0x2764 --additional-intervals 0x1F600,0x1F600 --additional-intervals 0x1F44D,0x1F44D --font-include-intervals 1:0x2764,0x2764 --font-include-intervals 1:0x1F600,0x1F600 --font-include-intervals 1:0x1F44D,0x1F44D --font-include-intervals 2:0x2669,0x266F --2bit --compress --pnum --darken-aa
 */
#pragma once
#include "EpdFontData.h"

static const uint8_t lexenddeca_14_boldBitmaps[8619] = {
    0xAD, 0x59, 0xBF, 0x93, 0xDF, 0x46, 0x15, 0x5F, 0x49, 0x63, 0x8B, 0xB1, 0x66, 0x10, 0x05, 0x6E,
    0x2E, 0x09, 0x6A, 0x99, 0x1B, 0x26, 0x6A, 0xA9, 0x58, 0x4D, 0x52, 0x50, 0x50, 0xC4, 0x85, 0x0F,
    0x8A, 0x14, 0x49, 0x41, 0x75, 0x14, 0x6E, 0x68, 0x33, 0x12, 0xA4, 0xA0, 0xA0, 0xC8, 0x51, 0x53,
    0xE0, 0xC2, 0xC5, 0x45, 0x29, 0xCC, 0x1F, 0xE0, 0x99, 0x55, 0xC8, 0x1F, 0x60, 0x11, 0x60, 0x52,
    0x46, 0x24, 0x97, 0x81, 0x1C, 0xCC, 0xDC, 0xCE, 0x44, 0x1E, 0x74, 0xB6, 0xA4, 0xE5, 0xF3, 0x79,
    0xAB, 0xEF, 0x2F, 0x9F, 0xCF, 0x3F, 0x92, 0xDC, 0x57, 0xFB, 0xA4, 0x93, 0x9E, 0x76, 0xDF, 0xEF,
    0xF7, 0xF6, 0x49, 0x5B, 0xBD, 0xF3, 0xCB, 0xBB, 0xBC, 0xCB, 0xBA, 0xAC, 0x4D, 0x9B, 0x6B, 0x95,
    0xC2, 0x5F, 0xDA, 0x2C, 0xF7, 0xDB, 0x40, 0xED, 0xFF, 0xA1, 0x56, 0xFA, 0x33, 0xA7, 0xCA, 0x8F,
    0x38, 0x26, 0x65, 0xDE, 0x1D, 0x95, 0x89, 0x38, 0x06, 0x35, 0x47, 0x56, 0xDD, 0x0C, 0x6E, 0x28,
    0xB5, 0x77, 0xB4, 0x57, 0xA9, 0xBC, 0xD3, 0xAD, 0xD2, 0x9D, 0x6E, 0x94, 0x6E, 0xCB, 0xE6, 0x4A,
    0xF9, 0x0F, 0xF3, 0xF7, 0xDC, 0x39, 0x37, 0x6E, 0xC0, 0x9E, 0x3B, 0x75, 0xC7, 0xCA, 0x05, 0x4E,
    0x29, 0x17, 0x3A, 0x15, 0xB8, 0x68, 0x56, 0x21, 0x81, 0xC1, 0x53, 0xBB, 0x01, 0x25, 0x40, 0x17,
    0x8F, 0xE9, 0xA0, 0x92, 0x31, 0xED, 0x55, 0x3A, 0xA4, 0x56, 0xA5, 0x3D, 0x80, 0x52, 0x93, 0x5A,
    0x40, 0xE2, 0x8E, 0x14, 0xDE, 0x9B, 0x54, 0x04, 0xE4, 0x2A, 0x01, 0x68, 0x52, 0x5E, 0x65, 0xE3,
    0xBD, 0x5C, 0x01, 0x04, 0x2A, 0x9B, 0xEF, 0x81, 0x15, 0x37, 0x13, 0xD7, 0x59, 0xE2, 0xCD, 0x7C,
    0xC3, 0x15, 0x2A, 0x06, 0x32, 0x48, 0x70, 0x6D, 0x18, 0xF4, 0xAE, 0x4D, 0x3F, 0x1C, 0x5C, 0x9B,
    0x3F, 0x3C, 0x77, 0x8D, 0xE6, 0x2C, 0xA4, 0x94, 0x18, 0x13, 0x91, 0x3B, 0xA5, 0xC2, 0x11, 0xAB,
    0x85, 0x03, 0x40, 0x00, 0x00, 0x62, 0xC1, 0xAD, 0xCA, 0x1C, 0xB9, 0x54, 0x1A, 0x08, 0xAE, 0x52,
    0xE6, 0x3D, 0x1B, 0x92, 0xA7, 0xB8, 0x8F, 0x26, 0x9E, 0x06, 0x50, 0xCE, 0xFF, 0x72, 0x50, 0x6C,
    0x12, 0x0B, 0x44, 0x55, 0x3A, 0x0B, 0x44, 0x95, 0xBB, 0x8F, 0x9D, 0x10, 0xFF, 0xFA, 0x94, 0x00,
    0xF5, 0x97, 0xE9, 0xA0, 0xE5, 0x36, 0xF8, 0x06, 0x92, 0x6E, 0x1D, 0x99, 0x74, 0xBF, 0x99, 0x71,
    0x0A, 0x5D, 0x30, 0xE1, 0x14, 0x4D, 0x72, 0xC2, 0x8C, 0x7C, 0x96, 0x59, 0x45, 0x4C, 0x59, 0xBA,
    0xE2, 0xD2, 0xE9, 0xAC, 0xE4, 0x0F, 0x4A, 0x08, 0x29, 0x11, 0x50, 0x46, 0x7A, 0xC1, 0x89, 0x22,
    0x87, 0x9C, 0xDC, 0xFD, 0x55, 0xAE, 0xAB, 0x5F, 0x13, 0x36, 0x6A, 0x03, 0x29, 0xCF, 0x48, 0xD0,
    0x45, 0x4A, 0x7C, 0xE9, 0xDD, 0x49, 0xE9, 0x7F, 0xBA, 0x7F, 0x41, 0xBD, 0x8D, 0x71, 0x84, 0xB9,
    0xEB, 0x95, 0x69, 0x13, 0xE0, 0x96, 0x36, 0x02, 0xB7, 0xDA, 0xDD, 0x75, 0x83, 0xA2, 0xA4, 0xBD,
    0xE4, 0x21, 0x4D, 0xE3, 0x7E, 0x0B, 0x92, 0x68, 0x06, 0x6A, 0xFF, 0x48, 0x77, 0x65, 0x53, 0x36,
    0xA6, 0x32, 0xCA, 0xA8, 0x59, 0xDD, 0x84, 0xD0, 0x30, 0x7B, 0xA5, 0x4A, 0xC8, 0xA9, 0x8B, 0x5C,
    0x91, 0xCC, 0x2A, 0x1D, 0x95, 0xB6, 0x3C, 0xCA, 0x16, 0xF3, 0x93, 0x96, 0xED, 0x03, 0x77, 0x80,
    0x4B, 0x84, 0x9E, 0x98, 0xC0, 0x8F, 0xC8, 0x28, 0x6E, 0x75, 0x9C, 0x27, 0x20, 0xE1, 0x59, 0x41,
    0x9C, 0x12, 0x64, 0x90, 0x06, 0x98, 0x51, 0xC5, 0x37, 0x97, 0xD7, 0x2C, 0x84, 0x29, 0x47, 0xBF,
    0x5C, 0xF8, 0x9B, 0x06, 0x04, 0x34, 0xA1, 0xAB, 0x80, 0x8F, 0xB7, 0xF0, 0x2E, 0xD0, 0xD3, 0x42,
    0x44, 0xB7, 0x4F, 0xD6, 0x95, 0x7A, 0x59, 0xBF, 0xAC, 0xB4, 0x31, 0xD0, 0x94, 0x83, 0x7E, 0x7A,
    0x88, 0xB3, 0x13, 0x31, 0x6A, 0x67, 0xD4, 0x2B, 0xFA, 0x15, 0xC1, 0x91, 0x71, 0xED, 0x88, 0x0A,
    0xDB, 0x19, 0xD7, 0x6F, 0x3D, 0xB8, 0x09, 0xCB, 0x1A, 0xB7, 0xC7, 0xE3, 0x38, 0xD4, 0x5D, 0x56,
    0xC1, 0x3F, 0xE0, 0x58, 0xA9, 0x8D, 0x6D, 0x0A, 0x4F, 0x31, 0xEA, 0xC7, 0xEA, 0xB0, 0xBE, 0x63,
    0xDC, 0xB0, 0x3E, 0xF2, 0xC2, 0x34, 0xAE, 0x75, 0x4D, 0x59, 0x5D, 0x21, 0x71, 0x87, 0x95, 0xE8,
    0x8E, 0xDA, 0x55, 0xDE, 0xFA, 0xE0, 0x13, 0xD4, 0x18, 0x0D, 0x92, 0xB3, 0x52, 0x30, 0x8A, 0x62,
    0xDB, 0x46, 0x73, 0x6B, 0xB4, 0x71, 0x8D, 0x46, 0x60, 0xDA, 0x45, 0xFB, 0x21, 0xF4, 0xB6, 0xA0,
    0x4D, 0x6B, 0xB4, 0x7E, 0x07, 0xCD, 0xFF, 0x25, 0xE7, 0x62, 0x47, 0x1D, 0x95, 0x3D, 0x52, 0xEF,
    0xB3, 0xCA, 0xE7, 0x5B, 0xAE, 0xD0, 0x7D, 0x08, 0x1A, 0x2D, 0x26, 0x03, 0xB2, 0x69, 0xA9, 0xB9,
    0x4E, 0x94, 0x70, 0x11, 0x98, 0x56, 0x84, 0xAF, 0x6D, 0x00, 0x30, 0xC6, 0x70, 0x51, 0x27, 0x22,
    0x86, 0x05, 0x85, 0x0E, 0x82, 0x86, 0xC4, 0x41, 0xB8, 0xD8, 0x4F, 0xDE, 0xE0, 0x56, 0x03, 0x2F,
    0x81, 0x2D, 0x2C, 0xC3, 0x60, 0xBC, 0x83, 0xF1, 0x3D, 0x71, 0xD9, 0xA7, 0x8F, 0x43, 0x77, 0x5A,
    0x40, 0xF4, 0xCD, 0xF6, 0x50, 0x19, 0x7D, 0xD1, 0x55, 0xF0, 0xE8, 0x0E, 0xE4, 0xF7, 0x50, 0xE9,
    0xA0, 0x6D, 0x36, 0x66, 0x4D, 0x3A, 0x06, 0x15, 0xC5, 0x48, 0xBE, 0x4B, 0xBA, 0x5D, 0x2B, 0xB6,
    0x96, 0x42, 0x2A, 0x39, 0xE4, 0x61, 0xE8, 0x82, 0x2D, 0x22, 0xC1, 0xE9, 0xFB, 0x24, 0x58, 0x2F,
    0x83, 0xE1, 0xE1, 0x5A, 0x5D, 0x1F, 0x53, 0x16, 0xD3, 0x1A, 0xF4, 0xEA, 0x1A, 0x85, 0xE4, 0x75,
    0x20, 0x5A, 0x4A, 0xBD, 0x1B, 0x56, 0x8C, 0x22, 0x96, 0x3C, 0xE2, 0xFF, 0x9F, 0xDC, 0x9D, 0x57,
    0xDA, 0xA1, 0x9E, 0x0A, 0x80, 0xA4, 0xC1, 0xBF, 0xBA, 0x4F, 0x68, 0x67, 0x7E, 0xAA, 0x81, 0xA2,
    0xEE, 0xF8, 0x5A, 0xB1, 0x48, 0x45, 0x85, 0xC7, 0xEB, 0x09, 0x09, 0xCC, 0xC8, 0xF7, 0x01, 0x62,
    0x82, 0x94, 0x40, 0x13, 0xB8, 0xB3, 0x11, 0xF7, 0xEF, 0xC3, 0x6B, 0x1C, 0x90, 0xB3, 0x89, 0x9E,
    0x76, 0xFE, 0xD6, 0x74, 0x83, 0xE1, 0x94, 0x7C, 0xBB, 0x9E, 0x7E, 0xDB, 0x33, 0x56, 0xF6, 0xCB,
    0x7C, 0x3B, 0x20, 0x04, 0x5B, 0x54, 0x33, 0x47, 0xCC, 0x31, 0xD7, 0xC7, 0x09, 0x04, 0x94, 0x12,
    0xFB, 0xD1, 0x4C, 0xE2, 0x5A, 0xF2, 0xCA, 0x67, 0x61, 0x97, 0xCD, 0x9E, 0x15, 0x3F, 0x62, 0x78,
    0x56, 0xDA, 0x67, 0x33, 0x96, 0x19, 0x33, 0x8F, 0x03, 0xBB, 0x20, 0xBB, 0xC5, 0x4A, 0x20, 0x34,
    0x34, 0x2A, 0xE3, 0x82, 0x29, 0x7E, 0x9F, 0x13, 0x88, 0xE4, 0x21, 0xA9, 0x54, 0x5C, 0xC7, 0xE1,
    0x55, 0xDD, 0x53, 0x34, 0x8C, 0xAC, 0xBA, 0x0B, 0x56, 0x00, 0x41, 0x48, 0xE5, 0x53, 0x36, 0x7B,
    0xBC, 0x48, 0x38, 0xE1, 0x52, 0x8A, 0xE4, 0xD4, 0x75, 0x7D, 0x9B, 0xF9, 0x63, 0x35, 0x8C, 0x08,
    0x52, 0x8C, 0xA3, 0x12, 0x89, 0x93, 0x56, 0x1A, 0x3C, 0x39, 0xCE, 0x07, 0x4F, 0x49, 0xD9, 0xAD,
    0xED, 0x87, 0x5E, 0x21, 0x28, 0xB3, 0x47, 0x11, 0x6A, 0xF3, 0x13, 0x9A, 0x69, 0x41, 0xE6, 0xA1,
    0x7B, 0x66, 0xC5, 0x41, 0xB7, 0xA9, 0x1F, 0x36, 0xEF, 0xC1, 0xAC, 0x8D, 0x7D, 0xF2, 0x69, 0xC1,
    0x7C, 0x5F, 0x0E, 0xE5, 0x08, 0x31, 0x8D, 0xAE, 0x49, 0x26, 0x0E, 0x03, 0x5B, 0x2B, 0x7D, 0x02,
    0xB4, 0x89, 0x18, 0xF4, 0xE4, 0x3D, 0x2B, 0x9B, 0xC4, 0xB3, 0x1A, 0xE6, 0x9A, 0x7E, 0x61, 0x7B,
    0xCA, 0xC1, 0x36, 0xA6, 0x03, 0xB3, 0xE4, 0xBD, 0x8D, 0x56, 0x57, 0xD0, 0x1C, 0x84, 0xE2, 0x66,
    0x6F, 0x70, 0xE2, 0x8B, 0x30, 0x10, 0x90, 0x77, 0xC5, 0x0B, 0xB3, 0x5B, 0x0B, 0xB3, 0x5A, 0xF9,
    0xF5, 0xCA, 0x08, 0x1F, 0x0B, 0x28, 0xCB, 0xDF, 0xF6, 0x5D, 0x46, 0xA5, 0xD2, 0x96, 0x88, 0x47,
    0xDB, 0x18, 0x6A, 0x15, 0xAD, 0xFA, 0xB4, 0x67, 0xB4, 0xCA, 0x11, 0xAD, 0x7E, 0xB8, 0x7A, 0xE2,
    0x2D, 0x3D, 0xF1, 0xFE, 0x19, 0x83, 0x24, 0x0D, 0x1D, 0x30, 0x89, 0xD0, 0xD6, 0x79, 0xD6, 0xE2,
    0x3A, 0x13, 0x0D, 0xBF, 0x11, 0x3C, 0xF1, 0x8C, 0x4C, 0xDE, 0xBE, 0x7E, 0x70, 0x70, 0x93, 0xD6,
    0xBE, 0x1A, 0xFB, 0x74, 0xA7, 0xE5, 0x6F, 0xFB, 0xBE, 0x16, 0x36, 0x95, 0x7A, 0x75, 0x89, 0x72,
    0x46, 0x52, 0x32, 0xA7, 0x1B, 0x78, 0x41, 0x83, 0x41, 0xDE, 0x81, 0x8A, 0x79, 0x36, 0x2C, 0x02,
    0x06, 0x79, 0x4E, 0x3C, 0xE2, 0xBF, 0xBA, 0x66, 0xB6, 0x5F, 0xA9, 0x90, 0x29, 0xDE, 0xEA, 0xD9,
    0xF4, 0x69, 0x9B, 0x0F, 0x51, 0x95, 0x6D, 0xDC, 0x3F, 0x76, 0x3E, 0xA7, 0xEA, 0xE5, 0xE5, 0xBC,
    0xD8, 0x16, 0x84, 0xBF, 0x57, 0x2E, 0xE6, 0x82, 0x12, 0x47, 0x89, 0xA8, 0x82, 0xBB, 0x5F, 0xF2,
    0x74, 0x4B, 0xEC, 0x2C, 0x72, 0x0F, 0xE9, 0x99, 0x98, 0x8F, 0x05, 0x8E, 0xE1, 0xBA, 0x95, 0xD4,
    0x0D, 0x49, 0x13, 0x77, 0x30, 0x88, 0xD7, 0xBB, 0xB4, 0x81, 0x25, 0x44, 0x36, 0x67, 0x62, 0x0E,
    0xAD, 0x8E, 0xDC, 0xEF, 0x71, 0x7A, 0x27, 0x9E, 0xA2, 0x39, 0xB4, 0xF7, 0xD2, 0x91, 0x27, 0x14,
    0x3D, 0xD1, 0x14, 0x75, 0x28, 0x7B, 0xE2, 0x31, 0x6A, 0x71, 0x4A, 0xC7, 0xA4, 0x19, 0xD3, 0x51,
    0x8F, 0x59, 0x35, 0x32, 0xFC, 0x1A, 0x75, 0x2F, 0x76, 0x8F, 0x20, 0x98, 0x77, 0x02, 0xF7, 0x19,
    0xA4, 0xAD, 0x91, 0xBF, 0xF6, 0x8B, 0x15, 0xB9, 0xA9, 0x8F, 0xDC, 0x31, 0x42, 0x2B, 0x68, 0x0D,
    0xDC, 0x4C, 0xFF, 0xA0, 0xE5, 0x30, 0x8D, 0x04, 0xE6, 0xC4, 0x27, 0x3C, 0x29, 0xF2, 0xC8, 0xC8,
    0x52, 0x04, 0x28, 0x0A, 0xD4, 0x87, 0x94, 0xA5, 0x20, 0x88, 0xA5, 0x20, 0x48, 0xA5, 0x8A, 0x48,
    0xCF, 0x19, 0x89, 0x72, 0x4B, 0x25, 0x6A, 0x81, 0x65, 0xE7, 0x9D, 0x86, 0xB6, 0x27, 0xC1, 0x24,
    0x74, 0x8B, 0x37, 0x02, 0xC2, 0x9C, 0x69, 0xA7, 0x92, 0x9A, 0x53, 0xDE, 0x2C, 0xE0, 0x69, 0xC1,
    0x82, 0xDC, 0xEC, 0xD7, 0xEF, 0x4B, 0x11, 0xC6, 0x3A, 0x86, 0x05, 0x06, 0x53, 0x81, 0x07, 0x6D,
    0x4C, 0x10, 0xAD, 0xC0, 0x17, 0x6F, 0x4D, 0x7C, 0xD0, 0x6F, 0xE3, 0x9D, 0x7E, 0x20, 0xE9, 0x66,
    0x17, 0xC4, 0x12, 0xE7, 0x3D, 0x58, 0x23, 0xB7, 0x0B, 0xB7, 0x39, 0x0B, 0x14, 0x56, 0x93, 0xA4,
    0x6D, 0x60, 0xF8, 0xB3, 0xB9, 0x2B, 0x32, 0xE4, 0x21, 0x15, 0xA9, 0x92, 0xB2, 0x31, 0x14, 0x80,
    0x0F, 0xDD, 0xED, 0xEA, 0x4A, 0xDC, 0x49, 0x1E, 0x68, 0x89, 0x57, 0x28, 0x42, 0x90, 0xB4, 0xBE,
    0x64, 0x1D, 0x84, 0x09, 0x42, 0xB7, 0x90, 0xD5, 0xC2, 0x12, 0x29, 0xA6, 0xEB, 0x10, 0x69, 0x7D,
    0x47, 0xD8, 0xEA, 0x08, 0x7C, 0x3D, 0x5B, 0x11, 0x20, 0xF5, 0x85, 0x88, 0x43, 0xAC, 0x56, 0x00,
    0xF2, 0x11, 0x20, 0x15, 0x30, 0xED, 0x02, 0xDE, 0xCB, 0x08, 0x34, 0x81, 0xEB, 0xCD, 0xC3, 0x0F,
    0x7C, 0x2D, 0xBC, 0xCB, 0x56, 0x85, 0x85, 0x58, 0x2E, 0xEC, 0x56, 0x1A, 0x24, 0x77, 0x3D, 0x1E,
    0xD6, 0x47, 0xA4, 0x63, 0x6B, 0xB4, 0x3B, 0xCF, 0xBF, 0x38, 0xB8, 0x50, 0xA9, 0x3C, 0x61, 0xCE,
    0x61, 0xE7, 0x9D, 0xCE, 0xF3, 0xB6, 0x33, 0x1E, 0x1C, 0x14, 0x17, 0x70, 0xB6, 0x06, 0xC4, 0xFF,
    0xEF, 0xB5, 0xE5, 0x89, 0xC0, 0xBC, 0x75, 0xA4, 0xEE, 0x21, 0x8C, 0x0D, 0x3A, 0x48, 0x3A, 0x49,
    0x66, 0x95, 0x38, 0xD5, 0x22, 0x6D, 0x48, 0x1F, 0x39, 0xA8, 0x70, 0x2D, 0xD3, 0x81, 0xE8, 0xAC,
    0x32, 0x1E, 0xDA, 0xB0, 0x76, 0x15, 0x94, 0x81, 0x08, 0x0D, 0x6D, 0xC0, 0x52, 0x32, 0xD7, 0xDD,
    0x9A, 0x59, 0x44, 0xB8, 0x51, 0x79, 0x85, 0xB0, 0x70, 0x6B, 0x58, 0x5A, 0x4B, 0x7C, 0xBD, 0x5E,
    0xB0, 0x1A, 0x55, 0x7B, 0xB7, 0x29, 0xD3, 0xFE, 0x19, 0xE0, 0x61, 0x6D, 0x7A, 0xCA, 0xF9, 0x02,
    0x78, 0x8E, 0x77, 0x09, 0x0E, 0xEB, 0x9A, 0x3C, 0xEE, 0x8C, 0x50, 0x52, 0xCE, 0xF3, 0x8E, 0xE6,
    0xC2, 0xFB, 0xD4, 0xB4, 0xF0, 0x54, 0x3D, 0x0E, 0x7C, 0xEA, 0x7C, 0x01, 0xF0, 0x5D, 0x9A, 0xB6,
    0xFE, 0xC4, 0x2F, 0xD2, 0x70, 0x12, 0xC4, 0x0B, 0x27, 0xE9, 0xBB, 0xF7, 0xE6, 0x4B, 0x51, 0xED,
    0xDF, 0xA1, 0xE5, 0x59, 0x0A, 0xBC, 0x31, 0x28, 0x95, 0xA0, 0x46, 0x28, 0x08, 0x55, 0x1D, 0x5C,
    0xF5, 0x73, 0x46, 0xD5, 0x33, 0x46, 0xB5, 0x75, 0xE2, 0x31, 0x7E, 0x83, 0x24, 0xF7, 0xF8, 0xD4,
    0xD2, 0xF6, 0x3B, 0x14, 0xD6, 0xA6, 0xCB, 0xE1, 0xB9, 0x7E, 0x02, 0x99, 0x0A, 0x11, 0x1A, 0x33,
    0x1B, 0x11, 0xD5, 0xB8, 0x7F, 0x74, 0xB9, 0xCD, 0x3C, 0xD7, 0x78, 0x78, 0xD1, 0xFE, 0x19, 0xCF,
    0xF6, 0x2B, 0x23, 0x21, 0xC9, 0x30, 0x18, 0x35, 0x86, 0x71, 0xA7, 0x31, 0x4C, 0x97, 0x70, 0x20,
    0xEE, 0xD6, 0x0C, 0x43, 0x3F, 0x60, 0x6B, 0x08, 0x2D, 0x1D, 0xEB, 0xEC, 0x11, 0xE1, 0xA7, 0x0E,
    0x69, 0xDA, 0xFC, 0xCD, 0x21, 0x61, 0x9B, 0x8F, 0xF1, 0x00, 0x11, 0x85, 0x79, 0x11, 0xAC, 0x34,
    0x84, 0x39, 0xE7, 0xF4, 0x33, 0x5F, 0x02, 0xB1, 0xFA, 0xD5, 0x63, 0x98, 0x2F, 0x7C, 0x78, 0x20,
    0x18, 0x09, 0x9C, 0x80, 0x8A, 0xA0, 0x25, 0xB0, 0x04, 0x08, 0xE3, 0xE6, 0xD3, 0x19, 0xE0, 0x13,
    0xF7, 0xC6, 0x88, 0xC5, 0xEE, 0x8F, 0x58, 0xEB, 0x11, 0x80, 0xA6, 0x0F, 0x67, 0x04, 0x09, 0x41,
    0x24, 0x2E, 0x2D, 0xC0, 0xAC, 0x63, 0x02, 0xEB, 0x33, 0x77, 0xA2, 0x96, 0x90, 0x46, 0x4D, 0xDA,
    0xB5, 0x4B, 0x49, 0x55, 0x8E, 0x38, 0xEB, 0xE8, 0x52, 0xB1, 0xD4, 0xE5, 0x14, 0x82, 0xD4, 0xB4,
    0x52, 0x01, 0xB5, 0x8C, 0x6D, 0xAE, 0xF3, 0xD7, 0xC6, 0x43, 0x2B, 0x41, 0x99, 0xD5, 0x66, 0xA3,
    0x29, 0x28, 0xA4, 0xC7, 0x53, 0x5F, 0x97, 0x5F, 0xE6, 0x52, 0x6A, 0x13, 0xE7, 0x9A, 0xDD, 0xD8,
    0x3C, 0x6F, 0x14, 0xBE, 0x02, 0x8C, 0xE6, 0xE0, 0x89, 0x4F, 0xA7, 0x35, 0x9E, 0xF5, 0x41, 0xCC,
    0x6C, 0x82, 0xEC, 0x65, 0xE0, 0x5B, 0x61, 0xB6, 0x21, 0xB3, 0xB1, 0x25, 0xB3, 0x39, 0xB7, 0xF7,
    0x43, 0xC6, 0x0A, 0x60, 0x4E, 0xA4, 0x16, 0xF8, 0xCF, 0x0E, 0xB3, 0x83, 0x30, 0x3B, 0x4A, 0xAF,
    0x80, 0x49, 0xEF, 0x7A, 0xC4, 0x85, 0x55, 0xE0, 0x8B, 0xB5, 0x3F, 0x2F, 0x85, 0xC0, 0x2A, 0x7B,
    0x75, 0xDB, 0x9C, 0xFB, 0xEC, 0x85, 0xAD, 0x83, 0x69, 0x03, 0x9A, 0x8F, 0x80, 0x90, 0xFF, 0xC6,
    0xAE, 0xD8, 0x09, 0xDF, 0xD6, 0x67, 0x0D, 0x68, 0x1D, 0x57, 0x6D, 0xC9, 0x9D, 0x35, 0x5D, 0xAC,
    0xC5, 0x26, 0x9E, 0xB9, 0x45, 0x66, 0x91, 0x77, 0xDB, 0x55, 0x7B, 0xC3, 0x27, 0x55, 0xB5, 0xB4,
    0x37, 0xFE, 0x88, 0xD4, 0x85, 0xC4, 0x8F, 0x4C, 0xA1, 0x7C, 0xC1, 0x0B, 0x71, 0x9C, 0x5F, 0x6C,
    0x6F, 0x5C, 0x5D, 0xB4, 0xD6, 0x46, 0xC8, 0x7D, 0x2D, 0x4A, 0x02, 0x54, 0xA6, 0xE7, 0xC1, 0xD2,
    0xDE, 0x90, 0xCD, 0x57, 0xE4, 0x7C, 0x69, 0x46, 0x49, 0xDF, 0x94, 0x50, 0x53, 0xDF, 0xE6, 0x53,
    0xFB, 0x18, 0xF0, 0xA5, 0xE4, 0xB7, 0x07, 0xB0, 0x9B, 0xDD, 0x97, 0x88, 0x6C, 0xBF, 0x11, 0x60,
    0x33, 0x02, 0x91, 0xC6, 0x75, 0x7A, 0x7E, 0xD3, 0xB5, 0xE4, 0xA8, 0x49, 0x7C, 0xCC, 0xA5, 0x06,
    0x73, 0xB7, 0x6C, 0x5F, 0xB1, 0x5A, 0x50, 0x17, 0x86, 0x5C, 0x14, 0x5A, 0x78, 0x81, 0xB9, 0xA3,
    0x2E, 0xCE, 0xE8, 0xA2, 0x3C, 0x32, 0x69, 0x30, 0xE4, 0xBD, 0x3C, 0x12, 0x34, 0xD4, 0x35, 0x10,
    0x94, 0xDF, 0x0E, 0x10, 0x9A, 0xCF, 0x68, 0x06, 0xFA, 0x2B, 0x32, 0xA0, 0xFF, 0x37, 0xAF, 0xFB,
    0x2B, 0xB2, 0xE9, 0x92, 0x36, 0x01, 0x19, 0xF3, 0x8D, 0x14, 0xC9, 0x7A, 0x9B, 0x06, 0x8B, 0xEC,
    0xDC, 0x55, 0x5D, 0xF8, 0x6C, 0xE8, 0xAA, 0xD2, 0x63, 0x91, 0x12, 0x53, 0x49, 0x4D, 0xAF, 0x58,
    0x3A, 0x63, 0x1F, 0x82, 0x00, 0x89, 0x4D, 0x09, 0xEA, 0x3F, 0x86, 0x89, 0xF5, 0x39, 0x81, 0x9D,
    0x0E, 0x28, 0x50, 0x63, 0x87, 0xC5, 0x84, 0xBA, 0xF4, 0xD1, 0xA4, 0x69, 0xEC, 0xB7, 0xBE, 0x9A,
    0x85, 0x4E, 0x10, 0xC7, 0x10, 0xEF, 0xDC, 0x87, 0x4B, 0x3F, 0xAB, 0x91, 0x33, 0x36, 0x8E, 0xA5,
    0x50, 0xCD, 0x3D, 0xA5, 0x2F, 0x5F, 0x72, 0x9E, 0xB1, 0xA9, 0x95, 0x6E, 0x91, 0x67, 0x5F, 0xB6,
    0x75, 0x31, 0xCE, 0x7B, 0xC7, 0x90, 0x12, 0xCA, 0x1B, 0x06, 0x82, 0x04, 0x21, 0x4B, 0x2E, 0xB8,
    0x39, 0x81, 0x0D, 0xD0, 0x2B, 0x06, 0xB2, 0xA7, 0x67, 0x0A, 0x35, 0x95, 0xF4, 0x13, 0x3B, 0xBF,
    0x81, 0x9D, 0xD6, 0x95, 0x63, 0xB0, 0x54, 0x8E, 0x9B, 0x9A, 0x31, 0x17, 0x4A, 0xCA, 0x73, 0x71,
    0x48, 0xEB, 0x83, 0xB2, 0xB8, 0x2B, 0x17, 0x4A, 0x69, 0xD0, 0x15, 0x4B, 0x30, 0xD7, 0xEE, 0x23,
    0x9E, 0xD4, 0x55, 0x2E, 0xF1, 0x5A, 0xEE, 0x73, 0x0F, 0x9E, 0x4E, 0x0B, 0x3E, 0xDE, 0xA5, 0xD8,
    0xF4, 0xC0, 0x79, 0xB2, 0xC5, 0xAC, 0xDD, 0x7A, 0x2D, 0xBF, 0xEE, 0x52, 0x3B, 0xE8, 0xAF, 0x01,
    0xF7, 0x60, 0xF8, 0x55, 0xBE, 0xEA, 0xFA, 0x6D, 0x00, 0xB7, 0x2A, 0x6E, 0xBD, 0xDD, 0xEE, 0x95,
    0xEC, 0x32, 0x48, 0xA2, 0x92, 0xF6, 0x00, 0x36, 0x6A, 0x2C, 0xA0, 0x87, 0xA5, 0x7E, 0x8E, 0x3C,
    0x5D, 0x05, 0x5F, 0x3A, 0x38, 0x28, 0xE8, 0x39, 0x6D, 0xB9, 0x0B, 0x0E, 0xEB, 0xCA, 0xAB, 0x87,
    0xC7, 0x69, 0xE5, 0x2E, 0xF4, 0xBD, 0x9E, 0x7D, 0x9C, 0x6E, 0x66, 0xC0, 0x6C, 0x52, 0xC3, 0x0B,
    0x23, 0xD2, 0xB6, 0x11, 0x85, 0x4A, 0x2B, 0x67, 0xE9, 0x2E, 0x14, 0xAB, 0x36, 0x9F, 0x74, 0x86,
    0x3C, 0xA2, 0x5D, 0x23, 0x8E, 0xDB, 0x6D, 0x88, 0x17, 0x41, 0xAC, 0xBC, 0x63, 0x6D, 0x71, 0x53,
    0xFB, 0xA6, 0xDD, 0x0B, 0x1E, 0x87, 0x6B, 0x61, 0x60, 0x86, 0x1A, 0x15, 0xD0, 0x9D, 0xD5, 0x92,
    0x5E, 0xEE, 0xA4, 0xDF, 0x78, 0xA3, 0x66, 0xEB, 0x09, 0x64, 0xC5, 0x53, 0xCA, 0xF4, 0x9A, 0xB0,
    0xAF, 0x16, 0xF9, 0x6E, 0x40, 0x01, 0x17, 0xAB, 0x0B, 0xEC, 0x26, 0x0F, 0x6E, 0xB8, 0x65, 0xCB,
    0xBF, 0x80, 0x9A, 0x01, 0x0D, 0x13, 0xAA, 0xBC, 0xD1, 0x7D, 0x36, 0x07, 0xB3, 0xFA, 0x91, 0xCA,
    0x4E, 0x80, 0xEE, 0x1C, 0x63, 0xAC, 0xEF, 0x63, 0x20, 0x72, 0xC0, 0xC5, 0x5A, 0x0D, 0xFF, 0x6B,
    0xB1, 0x80, 0x00, 0x04, 0xE4, 0x8E, 0xC0, 0x7A, 0x80, 0x2D, 0x3F, 0xBC, 0xD1, 0x23, 0x33, 0xC2,
    0xB4, 0x4C, 0x15, 0xAD, 0x2A, 0x91, 0xB3, 0x55, 0x50, 0xD0, 0x72, 0x57, 0xD2, 0x7B, 0x22, 0xF8,
    0x0B, 0x37, 0xC4, 0x67, 0xDC, 0x19, 0x33, 0x59, 0x4A, 0xAE, 0x71, 0xE7, 0x28, 0x5B, 0x59, 0xDA,
    0x02, 0x45, 0x40, 0xE8, 0x41, 0xB1, 0x5C, 0xF1, 0x9E, 0x4D, 0xA4, 0x04, 0x9C, 0x96, 0x37, 0x18,
    0x87, 0xDD, 0x7B, 0x22, 0xFA, 0x9B, 0xCB, 0xC6, 0x1E, 0x05, 0x05, 0x7B, 0x00, 0x20, 0x09, 0x7B,
    0xC2, 0x37, 0x7B, 0x6C, 0xB0, 0x8E, 0xA8, 0x39, 0x19, 0xDD, 0x72, 0xEE, 0x69, 0xA6, 0x81, 0x65,
    0x47, 0x89, 0xDD, 0xEC, 0xC0, 0x49, 0xDD, 0x5D, 0x49, 0xAB, 0x78, 0x89, 0x4E, 0x97, 0xD4, 0x8B,
    0x59, 0xCF, 0xAD, 0xD5, 0x63, 0x92, 0x8A, 0x29, 0x29, 0xB5, 0x23, 0x29, 0xFB, 0x98, 0xA4, 0x42,
    0x22, 0x9F, 0xED, 0x4A, 0x6A, 0xD2, 0x5E, 0x52, 0xDE, 0x38, 0x8D, 0xF4, 0xD8, 0x20, 0x8B, 0x44,
    0x72, 0xF9, 0xC4, 0xE8, 0x2B, 0x0D, 0x9E, 0x07, 0x3F, 0x97, 0x06, 0xD8, 0x0A, 0x3C, 0x38, 0x38,
    0x58, 0x4C, 0x71, 0x42, 0xEE, 0x95, 0xA6, 0x98, 0x74, 0xE4, 0x83, 0xAD, 0x00, 0x4F, 0x59, 0x5C,
    0x3D, 0x61, 0x88, 0xC3, 0x66, 0xDA, 0x4D, 0x91, 0xFB, 0x6F, 0xC4, 0xE0, 0xC1, 0x4E, 0x9B, 0x3F,
    0x34, 0x3B, 0x59, 0xEA, 0xE9, 0x87, 0x7A, 0x69, 0x40, 0x45, 0xEA, 0x5C, 0x29, 0x1B, 0x44, 0x36,
    0x08, 0x5D, 0x97, 0xCD, 0x3F, 0x45, 0x66, 0x91, 0xF4, 0x82, 0x44, 0x43, 0xA0, 0xB7, 0x41, 0xCF,
    0x0A, 0x17, 0xBC, 0x7A, 0x64, 0x79, 0x8D, 0xC2, 0xC2, 0xFE, 0x6D, 0x28, 0x97, 0xF2, 0xA5, 0xA0,
    0x4A, 0xCF, 0x5F, 0xA2, 0x36, 0x91, 0x8F, 0x13, 0x66, 0x66, 0xDF, 0xE9, 0xBC, 0x36, 0x17, 0x62,
    0x33, 0x4F, 0xEC, 0x5F, 0xC2, 0x5A, 0x20, 0xBD, 0x66, 0x31, 0xE2, 0x9E, 0xAD, 0x24, 0x04, 0x62,
    0xD4, 0xA5, 0xE9, 0x73, 0x8D, 0xA0, 0xC8, 0xAD, 0xEE, 0xF1, 0xB3, 0x57, 0xA5, 0x17, 0xB0, 0x77,
    0x5B, 0xDB, 0xA7, 0xFD, 0xD8, 0xC1, 0x60, 0xFF, 0x9D, 0x9D, 0x79, 0x5E, 0xEC, 0xAD, 0xBA, 0x1D,
    0x30, 0x8D, 0xE7, 0x77, 0x65, 0x09, 0x4E, 0x01, 0xA3, 0x26, 0xCA, 0x8B, 0x02, 0xF9, 0x85, 0xCD,
    0xC2, 0x67, 0x3A, 0x46, 0x73, 0xAD, 0x66, 0xFB, 0x60, 0x62, 0x96, 0x85, 0x63, 0x7C, 0xC4, 0x59,
    0xEE, 0xF3, 0x0B, 0x8A, 0xB4, 0x31, 0xA5, 0x87, 0x24, 0x99, 0xC3, 0x5F, 0x49, 0x6B, 0x93, 0x4F,
    0x3F, 0x92, 0x4E, 0x3F, 0xFD, 0xC9, 0xB7, 0x9E, 0x91, 0x36, 0x24, 0x6B, 0x20, 0x1C, 0x35, 0xCF,
    0xFB, 0xAB, 0x5F, 0x3B, 0x57, 0x25, 0x54, 0x7E, 0xD7, 0xFD, 0x0E, 0x56, 0x05, 0x41, 0x9F, 0x79,
    0x47, 0x93, 0x7D, 0x17, 0xB6, 0x7D, 0x3F, 0x73, 0x32, 0x71, 0x44, 0x8F, 0xCC, 0x86, 0xF0, 0x1B,
    0x9F, 0xEA, 0xD7, 0x66, 0x2E, 0xF6, 0xB5, 0xD5, 0x0A, 0x7F, 0x97, 0x58, 0x28, 0x4D, 0x96, 0x49,
    0x2A, 0x41, 0x14, 0xAF, 0x6F, 0x7A, 0xE6, 0xDB, 0xB5, 0x85, 0xDA, 0x15, 0x28, 0xBD, 0x85, 0x66,
    0x53, 0xB8, 0x7C, 0x10, 0x93, 0x02, 0x52, 0xED, 0x3A, 0x0E, 0x89, 0x22, 0x55, 0xCF, 0x8E, 0x4C,
    0xC1, 0xA5, 0x91, 0x69, 0x58, 0x22, 0xD3, 0x7D, 0x51, 0xCA, 0x8D, 0xA7, 0xA8, 0xBB, 0x16, 0x7B,
    0xCC, 0x4E, 0xF6, 0x25, 0xFE, 0x8A, 0x53, 0x08, 0x69, 0x0D, 0xE3, 0x2F, 0x02, 0xB4, 0x6F, 0x0E,
    0x09, 0x30, 0x0D, 0xE3, 0xEF, 0x72, 0x65, 0x17, 0x4D, 0x78, 0x64, 0xA9, 0x81, 0x43, 0xBF, 0x83,
    0x9D, 0x60, 0x79, 0x41, 0x61, 0xD6, 0x69, 0xEB, 0x49, 0xE0, 0xB0, 0xAA, 0x5F, 0x1B, 0xDC, 0x9F,
    0x46, 0x50, 0x4A, 0xB1, 0x43, 0xFA, 0xE7, 0x6F, 0x8B, 0xE9, 0x5C, 0x7A, 0xA8, 0x5B, 0x27, 0x8C,
    0x4E, 0xEC, 0x13, 0xA2, 0xB2, 0x24, 0x3D, 0xA9, 0x0F, 0xA5, 0xD2, 0x6A, 0x9C, 0xFC, 0x67, 0x43,
    0x23, 0x3D, 0x47, 0x1B, 0xE2, 0x49, 0x76, 0x52, 0x76, 0xA5, 0xAF, 0x18, 0x0A, 0x69, 0x9B, 0x5D,
    0x29, 0x50, 0x4A, 0x6D, 0x82, 0xCB, 0xAF, 0xDC, 0xB1, 0xE1, 0x0E, 0x95, 0x07, 0xAE, 0x9F, 0x19,
    0x8C, 0xF6, 0x8F, 0xC2, 0xF7, 0xD9, 0xEE, 0x7D, 0xE6, 0xB0, 0xB1, 0x63, 0x47, 0x58, 0x3B, 0x23,
    0x9F, 0x23, 0x28, 0x9E, 0xD0, 0x7D, 0xEE, 0xB8, 0x43, 0x3B, 0x3C, 0x82, 0x37, 0x94, 0x5E, 0x9A,
    0xD8, 0x83, 0xE4, 0x83, 0x74, 0xE1, 0xA2, 0x19, 0xA9, 0x1C, 0xA9, 0x33, 0x9A, 0xA5, 0x23, 0x97,
    0xB2, 0x45, 0xC9, 0x2C, 0x2F, 0xF5, 0xA3, 0xE4, 0x59, 0xF9, 0x52, 0x21, 0xE5, 0x62, 0x36, 0x6F,
    0x67, 0x7F, 0xE6, 0x89, 0xB0, 0x66, 0x60, 0xC3, 0x9A, 0x36, 0xB8, 0x91, 0xA0, 0x04, 0x4D, 0x50,
    0x9E, 0x66, 0x03, 0x5B, 0x93, 0xE9, 0x98, 0x8F, 0x79, 0xCF, 0xEE, 0x24, 0x68, 0x9A, 0xCA, 0x19,
    0xD4, 0xCD, 0x08, 0xA6, 0x48, 0x1C, 0x73, 0x49, 0xDB, 0x19, 0xE5, 0x2B, 0xE5, 0x98, 0xB3, 0x09,
    0xC7, 0x16, 0x36, 0xEA, 0x76, 0x96, 0xA0, 0xBA, 0x8B, 0xD9, 0x65, 0x6D, 0xA2, 0x51, 0xED, 0xDF,
    0x09, 0xEB, 0x22, 0x1F, 0x63, 0xC6, 0x8E, 0x94, 0x1F, 0xFB, 0xDE, 0x92, 0xFD, 0xD8, 0x2A, 0x02,
    0x68, 0xD2, 0x26, 0x25, 0x41, 0xEA, 0x36, 0xDF, 0x53, 0xA8, 0x01, 0xD9, 0x9C, 0x68, 0x96, 0xB4,
    0xA8, 0x16, 0xF3, 0x91, 0x1F, 0x50, 0x7A, 0x98, 0x0A, 0xF8, 0x3F, 0xBC, 0x8D, 0x82, 0xD0, 0x75,
    0x52, 0x5F, 0x33, 0x50, 0x37, 0xAC, 0xA8, 0x8B, 0x64, 0x16, 0x21, 0xCB, 0x07, 0xC5, 0x37, 0x46,
    0x4C, 0x70, 0x7F, 0x58, 0x02, 0x4C, 0x29, 0x05, 0xAE, 0x7C, 0x43, 0xF0, 0x05, 0x5E, 0xC5, 0x6A,
    0x6E, 0xF5, 0xB5, 0x2D, 0xDE, 0x7C, 0x21, 0xE9, 0x2F, 0x7E, 0x72, 0x33, 0x15, 0xAB, 0xA1, 0xBA,
    0x92, 0x36, 0x9B, 0x1F, 0xCD, 0xF5, 0x5F, 0x48, 0x6B, 0x5C, 0x0A, 0x6D, 0xB1, 0x1F, 0x4C, 0xCD,
    0x2E, 0x0F, 0x6A, 0x7D, 0x99, 0x48, 0x3F, 0xD6, 0x4A, 0x53, 0xEA, 0x6D, 0x95, 0xC8, 0x07, 0x4F,
    0xC3, 0x04, 0x1B, 0xF0, 0x8B, 0xE6, 0xE6, 0xE0, 0x37, 0x22, 0xF8, 0x25, 0x9D, 0x1D, 0x32, 0x54,
    0x77, 0x97, 0x4F, 0x9E, 0x3B, 0x87, 0xD8, 0x6F, 0xCF, 0x7E, 0x66, 0x66, 0xA5, 0xF1, 0x0B, 0xB5,
    0x99, 0xE6, 0xC5, 0x7F, 0x65, 0xF5, 0x1D, 0x70, 0xD8, 0x92, 0x14, 0x48, 0x36, 0xA3, 0xA8, 0xB8,
    0xFE, 0xF6, 0xA1, 0x24, 0xA9, 0xB3, 0xBD, 0xCB, 0xE8, 0x3D, 0x04, 0xBB, 0x4F, 0x29, 0xE2, 0x99,
    0x49, 0x1B, 0xAF, 0x43, 0x48, 0x3F, 0xF0, 0x09, 0xE5, 0x8E, 0x3A, 0x4E, 0xDC, 0x1F, 0x26, 0xD4,
    0xEF, 0x23, 0x5B, 0xFA, 0xFA, 0xCC, 0xF5, 0x1A, 0xDB, 0x22, 0xF6, 0x13, 0xFE, 0x0F, 0xCD, 0x5A,
    0x3D, 0xB0, 0xDD, 0x46, 0x15, 0x5E, 0x49, 0x8E, 0x15, 0xAC, 0x81, 0x4D, 0x11, 0x53, 0x98, 0xB1,
    0x95, 0x82, 0xCA, 0x01, 0xD4, 0x32, 0x8C, 0x9D, 0x15, 0x4E, 0x41, 0x91, 0xC2, 0x2E, 0x62, 0x66,
    0x18, 0x17, 0x50, 0x06, 0x37, 0x69, 0x52, 0xB8, 0x70, 0x90, 0x06, 0x0A, 0x8A, 0x14, 0x3C, 0x1A,
    0xDA, 0xB8, 0x78, 0x85, 0x7D, 0x9B, 0x50, 0x50, 0x98, 0x19, 0xC7, 0x12, 0xA6, 0x48, 0x41, 0x11,
    0x11, 0x60, 0x28, 0x28, 0xA2, 0x84, 0x98, 0x0C, 0xA1, 0xB0, 0x08, 0x0A, 0x91, 0x6D, 0x5D, 0x1D,
    0xBE, 0xEF, 0xAC, 0xEE, 0xF5, 0x7D, 0x89, 0x49, 0x3C, 0xE0, 0x3B, 0x7E, 0xEF, 0xBD, 0x3D, 0xBA,
    0x4F, 0x5A, 0xED, 0x9E, 0x3D, 0x7B, 0xCE, 0x77, 0x7E, 0xF6, 0x26, 0xA5, 0xEB, 0xF8, 0x9B, 0xB5,
    0x07, 0x73, 0x83, 0x1F, 0x5B, 0xA7, 0x75, 0xDA, 0x64, 0x4D, 0xD6, 0xBA, 0xD6, 0x3F, 0x59, 0xFD,
    0x1E, 0x3E, 0x63, 0xC2, 0x4B, 0xC6, 0xC4, 0xBD, 0x31, 0x09, 0x5A, 0x25, 0x65, 0x24, 0xD2, 0x59,
    0x91, 0x31, 0xC3, 0xD5, 0xDD, 0x79, 0xB7, 0xA9, 0xDE, 0x6D, 0x4D, 0x75, 0xA3, 0x35, 0x72, 0xC3,
    0x5F, 0xAB, 0xB7, 0x5A, 0x53, 0x7C, 0xF8, 0x4E, 0xED, 0x7C, 0xBF, 0x21, 0x46, 0x0B, 0x44, 0x1A,
    0x93, 0xDE, 0xF6, 0xE3, 0xB0, 0x85, 0xD2, 0x1A, 0x93, 0xCA, 0xD2, 0x98, 0x42, 0xC4, 0x18, 0x91,
    0x09, 0xB7, 0xFE, 0xD6, 0x9B, 0x48, 0x4C, 0x6E, 0xA2, 0x09, 0x2C, 0xDD, 0x23, 0x4F, 0xCB, 0xE2,
    0x92, 0xE1, 0x68, 0x9E, 0x98, 0xAA, 0xC6, 0x4D, 0xB7, 0x87, 0x04, 0xBC, 0x97, 0xC9, 0x74, 0xAE,
    0x44, 0x17, 0x69, 0x48, 0x3A, 0xFB, 0x0B, 0x4E, 0x6A, 0x0E, 0x5E, 0xE1, 0x02, 0x4D, 0x94, 0x9B,
    0xD6, 0x7E, 0xF0, 0xFE, 0x80, 0x47, 0x4B, 0x70, 0x3E, 0x26, 0xEC, 0x31, 0xA6, 0x9D, 0xED, 0x6C,
    0xAF, 0x6D, 0xB0, 0x1D, 0xEF, 0xA5, 0x78, 0xC6, 0x3E, 0xF6, 0x1F, 0x77, 0xFB, 0xA8, 0x34, 0x0D,
    0xDF, 0x3D, 0xBE, 0x6B, 0xCC, 0xA2, 0xCC, 0x46, 0x70, 0x57, 0x5B, 0x31, 0x89, 0xE0, 0x43, 0x69,
    0x97, 0xE0, 0xB8, 0x76, 0x23, 0x98, 0xEF, 0x0A, 0x70, 0xE5, 0x06, 0xBF, 0x24, 0x01, 0x27, 0x09,
    0xD7, 0x84, 0x4E, 0xE4, 0x3E, 0x10, 0x74, 0x31, 0x87, 0xE5, 0x23, 0x08, 0xDA, 0xF3, 0xEF, 0xA9,
    0x71, 0x24, 0x60, 0xA5, 0x5D, 0xDD, 0x39, 0x52, 0xDD, 0xD9, 0x59, 0xDD, 0xDF, 0xA0, 0xE7, 0xCB,
    0xAA, 0xBE, 0xDF, 0xAF, 0x99, 0x7F, 0xFE, 0xEB, 0xF3, 0x74, 0xCA, 0x21, 0xD8, 0x2E, 0xF2, 0xAB,
    0x1D, 0xED, 0x18, 0x60, 0xC5, 0x64, 0x0E, 0x12, 0x96, 0x01, 0xDC, 0x4B, 0x8D, 0xFB, 0x3D, 0x58,
    0x5E, 0x42, 0x13, 0xC4, 0xB5, 0x91, 0xB8, 0x21, 0x92, 0x4C, 0x5E, 0x5D, 0x72, 0xDF, 0x42, 0x8A,
    0x2F, 0x03, 0x63, 0x81, 0x60, 0xC3, 0xD2, 0x21, 0x2E, 0xED, 0x90, 0xDE, 0xAE, 0xFA, 0x79, 0x5F,
    0x1B, 0x53, 0x4D, 0x3A, 0xFF, 0x01, 0xF3, 0x04, 0xF6, 0x40, 0x8C, 0xBC, 0x25, 0xB9, 0xFC, 0x41,
    0xF2, 0xEA, 0x86, 0x98, 0x2C, 0x7F, 0x9D, 0x9B, 0x72, 0x9B, 0xAA, 0xA5, 0x12, 0xA9, 0x6E, 0xBE,
    0x88, 0x19, 0x97, 0x26, 0x98, 0x4C, 0xDC, 0x05, 0xB9, 0xCB, 0x6D, 0x5D, 0x8C, 0xD0, 0x3A, 0x28,
    0x46, 0xD4, 0x3E, 0x13, 0xCB, 0x32, 0xEC, 0x4E, 0xDA, 0xE9, 0x5A, 0xD0, 0x9D, 0xB0, 0x98, 0xAC,
    0xBB, 0x98, 0x62, 0xE1, 0xFD, 0x45, 0x4B, 0x7A, 0xC2, 0x0E, 0x07, 0x4C, 0x77, 0x32, 0x11, 0xF0,
    0x9F, 0x41, 0xA6, 0x51, 0x6B, 0x73, 0x91, 0xB8, 0x49, 0xEA, 0xB4, 0xB7, 0x75, 0x84, 0xEE, 0x85,
    0x31, 0x50, 0x9F, 0x71, 0x25, 0x47, 0x28, 0x1C, 0x95, 0xFA, 0xC8, 0x8E, 0xB2, 0x97, 0xDC, 0xED,
    0x33, 0x01, 0xD3, 0x7D, 0x11, 0xF7, 0x55, 0xC4, 0xBF, 0xE2, 0x15, 0xFE, 0x9B, 0x4A, 0x7F, 0xF0,
    0xE7, 0x67, 0xB4, 0xCB, 0x05, 0xD3, 0x19, 0x89, 0xC6, 0x68, 0x4A, 0x86, 0x04, 0x2A, 0x91, 0x76,
    0xAE, 0x71, 0xAD, 0xD4, 0x72, 0x43, 0x72, 0x5E, 0xD3, 0xDE, 0xB5, 0xBC, 0x8F, 0xE7, 0x23, 0xFB,
    0x99, 0x6F, 0x9A, 0x6E, 0x25, 0x7C, 0x08, 0x18, 0xA2, 0xF8, 0x04, 0xE1, 0xC6, 0xDD, 0x9F, 0x3C,
    0x06, 0xC6, 0xA0, 0xF4, 0xC9, 0x9D, 0x2A, 0x4F, 0xCB, 0xA4, 0x39, 0x59, 0xFC, 0xBE, 0xBB, 0x5A,
    0x0C, 0x7D, 0x7F, 0x71, 0xBC, 0xD8, 0x15, 0xC3, 0x09, 0x28, 0xD2, 0x89, 0x5F, 0xBD, 0xDC, 0x5D,
    0xB8, 0x78, 0x71, 0xEC, 0x9F, 0x79, 0xF2, 0xCB, 0x9D, 0xAD, 0x6D, 0xAD, 0xAB, 0xA9, 0x06, 0xBF,
    0xD5, 0x8B, 0x4B, 0x95, 0xF4, 0xF8, 0xC3, 0x07, 0x48, 0xD2, 0x4A, 0x83, 0xFD, 0x71, 0x3F, 0x19,
    0x5C, 0x38, 0xB8, 0x68, 0x70, 0x7F, 0xC1, 0xA2, 0xBA, 0x18, 0xE2, 0xFE, 0x21, 0xC4, 0x3E, 0xEC,
    0x69, 0xB4, 0x88, 0x8D, 0x36, 0xED, 0x79, 0x4E, 0xC3, 0x36, 0x2A, 0xBD, 0x69, 0xB3, 0x9F, 0x4A,
    0x6F, 0xC4, 0x6D, 0x2C, 0x32, 0x3F, 0xE9, 0x72, 0xE3, 0xC0, 0xBC, 0x89, 0x47, 0x93, 0xB6, 0xC4,
    0x81, 0x4A, 0xEA, 0x42, 0x0D, 0xC0, 0x2D, 0x8D, 0x83, 0xFC, 0x07, 0xDE, 0xCF, 0x96, 0xE6, 0x18,
    0x5E, 0x74, 0xE6, 0x5B, 0x82, 0x3E, 0xE4, 0x3B, 0x50, 0x80, 0xB9, 0x10, 0x8E, 0x16, 0xDA, 0xE5,
    0xEA, 0xA3, 0x66, 0x91, 0x1F, 0xDA, 0x85, 0x1D, 0x0D, 0x9F, 0xDF, 0xD2, 0x01, 0xA6, 0x3C, 0xC8,
    0x24, 0x03, 0xB8, 0x99, 0xDB, 0xCF, 0x06, 0xF9, 0x23, 0xD8, 0xA8, 0xEF, 0xB5, 0xAA, 0xE4, 0x66,
    0x2F, 0x16, 0xBB, 0x50, 0x74, 0x68, 0xB9, 0x78, 0x03, 0xAE, 0xC6, 0x82, 0x2A, 0x5F, 0x91, 0xC8,
    0x9A, 0xE8, 0xBF, 0xFA, 0xC0, 0x91, 0x58, 0x92, 0x90, 0xC4, 0xD8, 0x07, 0x23, 0x59, 0x5E, 0xD5,
    0xD8, 0xE5, 0xBA, 0x28, 0x1F, 0x33, 0x49, 0x99, 0x1A, 0x57, 0x16, 0x5D, 0x3C, 0x7C, 0x65, 0x90,
    0x4E, 0xC0, 0x46, 0x30, 0x60, 0x60, 0xFC, 0x26, 0x63, 0xB8, 0xF1, 0x6B, 0xCC, 0x9E, 0xBD, 0x3A,
    0x35, 0xBA, 0x67, 0x47, 0xF7, 0xC6, 0xB0, 0xDE, 0xAB, 0x03, 0xE0, 0xFF, 0x1B, 0xE6, 0x9A, 0x91,
    0x53, 0x93, 0x29, 0x6A, 0xC9, 0xB3, 0xAE, 0xC0, 0xF2, 0x5D, 0x17, 0x2F, 0xED, 0x18, 0x49, 0x82,
    0xD1, 0x00, 0x4E, 0xD0, 0x41, 0xD7, 0x56, 0x35, 0x9E, 0x9B, 0x2A, 0x58, 0x9A, 0xA3, 0x50, 0x42,
    0xFE, 0x84, 0x2D, 0x69, 0xD6, 0x99, 0xF0, 0x32, 0x70, 0x88, 0xDB, 0x05, 0x2C, 0x82, 0x09, 0x3D,
    0x0D, 0xB0, 0x6C, 0x61, 0x6A, 0x04, 0x4B, 0x50, 0x6C, 0x49, 0xDC, 0x11, 0x4C, 0xE3, 0x0E, 0x5D,
    0x40, 0x69, 0x59, 0x71, 0xE7, 0xF4, 0xED, 0xAA, 0x76, 0x54, 0x4B, 0x43, 0x5C, 0x98, 0x22, 0x50,
    0x4C, 0x09, 0x6A, 0x81, 0x85, 0xD8, 0xF3, 0xB6, 0xC0, 0x53, 0x2C, 0x1A, 0x38, 0x25, 0x0A, 0x27,
    0x13, 0x29, 0x47, 0x29, 0x72, 0x8E, 0x52, 0xE4, 0xE6, 0xE1, 0x71, 0xF2, 0x1B, 0x5A, 0xAE, 0x24,
    0x30, 0xA1, 0x68, 0x4A, 0x75, 0x94, 0xE4, 0x15, 0x8C, 0x82, 0xBF, 0x96, 0xA3, 0x64, 0x35, 0x47,
    0x41, 0x1F, 0x20, 0xF0, 0x48, 0xE7, 0x60, 0x95, 0x13, 0x50, 0x76, 0x91, 0x2E, 0xC3, 0xB8, 0xC7,
    0xCB, 0x4C, 0xB8, 0x26, 0x52, 0xFC, 0x2D, 0xD9, 0x0D, 0x0A, 0xAE, 0xDD, 0x38, 0xD2, 0xA1, 0xAA,
    0xE4, 0x64, 0x19, 0x11, 0xF2, 0x18, 0xD6, 0x45, 0xBD, 0x7F, 0x16, 0xEF, 0xB9, 0x65, 0x32, 0x02,
    0x9A, 0xCE, 0x58, 0xE5, 0x88, 0x6E, 0x90, 0xA3, 0x10, 0x4F, 0x24, 0x04, 0x8D, 0xA6, 0xF8, 0x5F,
    0xE4, 0xC7, 0xD2, 0x76, 0x88, 0x7F, 0xE8, 0x42, 0x8A, 0x51, 0x12, 0x5D, 0x55, 0xB2, 0xC2, 0x84,
    0x84, 0x6E, 0x00, 0x16, 0x95, 0x0D, 0xBE, 0x71, 0xB8, 0x60, 0x25, 0xA4, 0x1D, 0xDF, 0xB1, 0xC2,
    0x80, 0x40, 0x55, 0x2B, 0x6A, 0x31, 0x0A, 0xF3, 0x45, 0x1B, 0xA2, 0xD9, 0xDA, 0xF5, 0x45, 0xE7,
    0xBC, 0x23, 0x6A, 0x00, 0xCF, 0x79, 0x00, 0xA8, 0x56, 0xDC, 0x00, 0xCC, 0xF2, 0xE7, 0x9A, 0x87,
    0x1D, 0x2A, 0x7D, 0x28, 0x0A, 0x0B, 0x05, 0x1D, 0x8C, 0x09, 0xFA, 0x35, 0x26, 0x41, 0x06, 0x7A,
    0x5F, 0x65, 0xAA, 0xBE, 0xC6, 0x68, 0xCF, 0x50, 0x5D, 0x51, 0xA4, 0x34, 0x56, 0xE7, 0x64, 0xD5,
    0xCA, 0xED, 0x6D, 0x8A, 0x3D, 0xEB, 0x68, 0x4D, 0x4E, 0x69, 0xD1, 0xF2, 0x65, 0x58, 0x77, 0xA7,
    0x08, 0xD7, 0xD3, 0x59, 0x08, 0xFD, 0x1F, 0x29, 0x10, 0x89, 0x42, 0x58, 0xD2, 0x59, 0x5B, 0xDE,
    0xCC, 0xB1, 0xCC, 0x60, 0xEE, 0x5C, 0xAF, 0x18, 0x0D, 0x75, 0xDE, 0x54, 0x39, 0xD4, 0x19, 0x03,
    0x51, 0x7E, 0x06, 0xB3, 0x5F, 0xF8, 0xCC, 0xEA, 0xF5, 0xBC, 0x31, 0x23, 0x11, 0x8E, 0xCF, 0xCF,
    0xE5, 0xB1, 0xFD, 0xC2, 0xE1, 0xEE, 0xA1, 0x9C, 0xE3, 0x13, 0xE1, 0xAC, 0x3A, 0xB5, 0xF4, 0x16,
    0xE7, 0x3A, 0x92, 0xEF, 0xEE, 0x13, 0x0E, 0x6D, 0x43, 0xE8, 0x70, 0xAB, 0xD1, 0x9A, 0xD5, 0xE7,
    0x54, 0xEF, 0xEF, 0xB7, 0x5D, 0x9E, 0x67, 0xEC, 0x94, 0xF6, 0x5E, 0x27, 0x55, 0x1D, 0xAB, 0xF6,
    0x91, 0xDA, 0x4B, 0xB8, 0x80, 0xF7, 0xF2, 0xA3, 0xEB, 0x5C, 0xE9, 0x7C, 0x75, 0xF3, 0x95, 0x41,
    0xC5, 0x60, 0x34, 0x60, 0xD3, 0x50, 0x76, 0xBE, 0xDA, 0xA5, 0xBF, 0x66, 0xA3, 0xFC, 0xE9, 0x2C,
    0x18, 0x2A, 0x3A, 0x1F, 0x7C, 0x68, 0x14, 0xD2, 0x30, 0x46, 0xD5, 0x6B, 0x4C, 0xD8, 0xC6, 0x95,
    0xA3, 0xD7, 0xF3, 0xA8, 0xBC, 0x56, 0xF3, 0x55, 0xFC, 0x15, 0xDD, 0xF9, 0x11, 0xD0, 0xAF, 0xB7,
    0xC6, 0x74, 0xF4, 0x57, 0x37, 0xF8, 0x2B, 0xC2, 0xB9, 0xF7, 0x34, 0x5E, 0x65, 0x50, 0x29, 0x2D,
    0x97, 0x36, 0x70, 0x48, 0x44, 0x8E, 0x79, 0xCA, 0x30, 0x20, 0x32, 0x05, 0x21, 0xA8, 0xA2, 0xFC,
    0xD4, 0xD4, 0x35, 0x10, 0xD2, 0x4F, 0x2A, 0x5F, 0x7D, 0xC0, 0xD1, 0x18, 0x2D, 0x44, 0x65, 0x2A,
    0x7F, 0xAF, 0x08, 0x70, 0xD2, 0x85, 0x2A, 0xB1, 0x8A, 0x3C, 0x26, 0x2A, 0xE5, 0x1F, 0x71, 0x55,
    0x53, 0xBE, 0x1A, 0xC2, 0x76, 0xDE, 0xB1, 0x40, 0x00, 0xF8, 0x37, 0x9C, 0x36, 0x00, 0xC4, 0x3C,
    0xC3, 0xE1, 0x30, 0x3A, 0x63, 0xD1, 0x94, 0x7B, 0x73, 0xD1, 0xAB, 0x1C, 0x04, 0x8A, 0x01, 0xC7,
    0x3D, 0xAD, 0xF5, 0x8C, 0x68, 0xBB, 0xB3, 0xD8, 0xC1, 0xBD, 0x76, 0xA3, 0x35, 0x7B, 0x9E, 0xDF,
    0x3C, 0xFB, 0xFC, 0x27, 0xDF, 0x37, 0xEA, 0xA8, 0x01, 0xBF, 0xF1, 0xC4, 0xAC, 0x05, 0x6D, 0xF0,
    0xF3, 0x6F, 0x6B, 0x3E, 0x3A, 0x12, 0xC8, 0x15, 0x21, 0x72, 0x1E, 0x4D, 0x55, 0x1D, 0x34, 0x71,
    0xBE, 0xAD, 0xB9, 0xE0, 0x86, 0x1B, 0x84, 0x2E, 0xDD, 0xAA, 0xC5, 0x5D, 0xDA, 0x6C, 0x6D, 0x5D,
    0xB9, 0x77, 0x0E, 0x0C, 0x02, 0x12, 0xA8, 0x47, 0xA0, 0x31, 0x7B, 0x33, 0x07, 0xB8, 0x0B, 0x6A,
    0xD7, 0x9E, 0x16, 0x42, 0x31, 0x1F, 0xBC, 0xD5, 0x9F, 0x7A, 0xDF, 0x70, 0xC2, 0x44, 0x8D, 0x14,
    0x4A, 0xDE, 0xC1, 0x1E, 0x4A, 0x13, 0xB5, 0x66, 0x7B, 0xF3, 0x5D, 0xA7, 0x31, 0x21, 0xFD, 0x82,
    0x52, 0xBB, 0xF7, 0x47, 0x73, 0xCC, 0xBC, 0xB4, 0xB5, 0xB9, 0x5C, 0xBE, 0x34, 0xF2, 0x5B, 0x59,
    0xB7, 0x22, 0x5F, 0x6E, 0x6D, 0xAE, 0x43, 0x8B, 0x2B, 0x3E, 0x61, 0x1D, 0x94, 0xA2, 0x17, 0x69,
    0xAB, 0xB4, 0x67, 0xA4, 0x53, 0x8D, 0xA4, 0xE9, 0x44, 0x0A, 0x14, 0x01, 0x8D, 0xF8, 0x26, 0xA0,
    0x22, 0xDF, 0xA4, 0xD5, 0xB4, 0x13, 0xE9, 0xD3, 0x58, 0xA9, 0x55, 0x8A, 0x1C, 0x22, 0x9B, 0x16,
    0x50, 0x0E, 0x8E, 0xD6, 0x29, 0xAD, 0x95, 0xAE, 0x52, 0x64, 0x73, 0x70, 0xE7, 0x05, 0x22, 0x87,
    0x56, 0x0C, 0x08, 0x4D, 0x15, 0xC0, 0xE6, 0xF2, 0xC1, 0x9D, 0xB5, 0x8B, 0x39, 0x78, 0x19, 0x00,
    0x83, 0x08, 0x7F, 0x20, 0x61, 0xB0, 0x5E, 0x89, 0x92, 0x92, 0xA4, 0x21, 0xE9, 0xE6, 0xF8, 0xBF,
    0x7A, 0x7B, 0x02, 0xF9, 0xB3, 0x9C, 0x1E, 0xAB, 0xB7, 0xE4, 0xCD, 0xB1, 0x6A, 0xE4, 0x2E, 0x88,
    0xA3, 0x66, 0xA7, 0x24, 0x09, 0x49, 0xA4, 0x8A, 0xAE, 0xA4, 0x22, 0x71, 0x24, 0x4C, 0x9F, 0xBD,
    0x5F, 0x53, 0xB7, 0x11, 0x68, 0x14, 0xC6, 0x40, 0x8E, 0xF0, 0x36, 0xDC, 0x8B, 0x7A, 0x7C, 0xAC,
    0x27, 0xEF, 0x99, 0x19, 0x30, 0x8D, 0x2E, 0xCA, 0x7B, 0x03, 0xAB, 0xDE, 0x00, 0xA0, 0x89, 0x00,
    0xD5, 0xD1, 0x39, 0xD4, 0x88, 0x93, 0x21, 0x6F, 0xC2, 0x23, 0x90, 0xBB, 0x55, 0x4A, 0x14, 0x6F,
    0xFD, 0xE7, 0xCA, 0xD3, 0x4E, 0x3D, 0x06, 0x45, 0x5A, 0x3B, 0xC6, 0xBD, 0xB9, 0x95, 0x0F, 0x84,
    0xB5, 0x08, 0x8E, 0xE9, 0x11, 0x94, 0xA5, 0x14, 0x2D, 0x3E, 0xA8, 0x0E, 0x1C, 0xDE, 0x40, 0x49,
    0xCF, 0x55, 0xD6, 0xAF, 0xCB, 0x11, 0x8A, 0xA4, 0x7B, 0x62, 0xB1, 0x7D, 0xC1, 0xAD, 0x2B, 0x95,
    0x43, 0x72, 0x9B, 0x28, 0x9F, 0xF6, 0xDF, 0xB4, 0xDF, 0x24, 0xFF, 0xDA, 0xBE, 0xE2, 0x33, 0xD8,
    0x3D, 0x42, 0x48, 0x91, 0x2A, 0x57, 0x5F, 0x4D, 0xC6, 0x6F, 0xF1, 0xE9, 0xF1, 0x60, 0x77, 0x5F,
    0xF1, 0x99, 0xD6, 0x85, 0xBA, 0x47, 0x8D, 0x50, 0x7C, 0xB4, 0xD2, 0xFA, 0x90, 0xA8, 0xD8, 0x4F,
    0x7C, 0x7E, 0xC1, 0x3C, 0x6E, 0xB2, 0xDC, 0x99, 0x8A, 0x79, 0xF5, 0xC7, 0x48, 0xFB, 0xF1, 0x46,
    0xCC, 0x80, 0x43, 0x38, 0x65, 0xAF, 0x5D, 0xC9, 0x60, 0xF5, 0x4F, 0x8C, 0x8A, 0xCC, 0xDB, 0x02,
    0x52, 0x0F, 0xA8, 0x33, 0x36, 0x78, 0x93, 0x2B, 0xC8, 0x74, 0x05, 0x15, 0x5D, 0xE5, 0x3A, 0xEA,
    0x5A, 0xAF, 0xC0, 0xE9, 0x0A, 0x58, 0xAD, 0xE8, 0x82, 0x89, 0x2B, 0x88, 0x3A, 0xAE, 0xC0, 0x36,
    0x5C, 0x81, 0x2B, 0xB1, 0x82, 0xE6, 0x3A, 0x79, 0x7F, 0x67, 0x24, 0xFD, 0xB8, 0xE3, 0x0A, 0xA4,
    0xE1, 0x0A, 0xC8, 0x7E, 0x9E, 0x6E, 0xAC, 0x20, 0xD6, 0x15, 0xF8, 0x40, 0x2A, 0x7B, 0x8E, 0x2B,
    0x38, 0x34, 0x6B, 0x84, 0x26, 0x7E, 0x8C, 0xA6, 0x58, 0x4F, 0xC1, 0xAC, 0x25, 0x23, 0x46, 0xFE,
    0x9F, 0xE6, 0xAB, 0x2A, 0x9D, 0x39, 0x7E, 0x89, 0x38, 0xD2, 0xFD, 0x5F, 0xA4, 0xC3, 0x46, 0x22,
    0xEE, 0x90, 0xD6, 0x4D, 0xE7, 0xA4, 0x61, 0xA0, 0xC8, 0x1A, 0x1E, 0xC1, 0x9D, 0xF6, 0x92, 0x79,
    0xB3, 0x5E, 0x73, 0x94, 0xAE, 0x40, 0xCA, 0x6A, 0x50, 0xAE, 0x11, 0x6C, 0x69, 0x1E, 0x09, 0x43,
    0xA1, 0x9A, 0x33, 0xB5, 0xAC, 0x50, 0x8D, 0x79, 0x15, 0x8A, 0x74, 0x21, 0x68, 0x1F, 0x09, 0x2F,
    0xCB, 0x88, 0x85, 0x66, 0x0D, 0xC5, 0x35, 0x2A, 0x27, 0xAC, 0xF3, 0xDE, 0x23, 0xD9, 0xA8, 0x4F,
    0x65, 0xCB, 0xC1, 0xFD, 0xB3, 0xE5, 0x87, 0x50, 0x84, 0xF6, 0x21, 0xF8, 0xA7, 0x0A, 0xCC, 0x0F,
    0x42, 0x8F, 0xEF, 0xAC, 0xC3, 0x78, 0x25, 0x37, 0x73, 0x4D, 0x20, 0x4A, 0x92, 0xCE, 0x68, 0x58,
    0x57, 0xD1, 0xDE, 0xAA, 0x9B, 0xDF, 0x17, 0x74, 0x89, 0x49, 0xA2, 0x35, 0xB1, 0x32, 0x3F, 0x9D,
    0xFB, 0xE9, 0x1B, 0x35, 0xA2, 0xC7, 0xDD, 0x3D, 0x83, 0x7A, 0x6D, 0xF8, 0x9E, 0xA2, 0x7F, 0xCF,
    0x44, 0x65, 0x52, 0x4C, 0xCA, 0x09, 0x1C, 0x65, 0x24, 0xDF, 0x96, 0x9A, 0x01, 0x45, 0xC9, 0x82,
    0x64, 0x5E, 0x08, 0x12, 0x81, 0x82, 0x5B, 0x07, 0x22, 0xE6, 0x69, 0x10, 0x3C, 0x0D, 0x59, 0xEE,
    0x36, 0xAE, 0x67, 0xA6, 0x35, 0x68, 0xBA, 0xB5, 0x49, 0xAC, 0xE0, 0x81, 0x63, 0x97, 0x82, 0x9D,
    0x33, 0x95, 0xCC, 0x99, 0x59, 0xBE, 0x51, 0xB9, 0x4A, 0x35, 0x52, 0x9F, 0xEF, 0xD1, 0x70, 0x89,
    0xF0, 0xB0, 0xF1, 0xF9, 0x27, 0x7D, 0xEF, 0x3C, 0x73, 0xA4, 0xAA, 0x21, 0xC2, 0x34, 0x84, 0x81,
    0x26, 0x9D, 0x12, 0xD6, 0x28, 0x03, 0x90, 0xCE, 0x28, 0x41, 0x24, 0xD1, 0x92, 0x74, 0x9E, 0x48,
    0x93, 0x61, 0x66, 0xDF, 0x99, 0x0A, 0xD0, 0x84, 0x9A, 0x8C, 0x15, 0x88, 0x38, 0xD6, 0x55, 0x21,
    0x4E, 0xAC, 0x09, 0x28, 0x4B, 0x88, 0x7E, 0xEB, 0xF0, 0x84, 0x85, 0x70, 0x1E, 0x5B, 0x6C, 0x75,
    0xF2, 0x2B, 0xAA, 0x22, 0xEA, 0xC7, 0xA0, 0x91, 0xC5, 0x2D, 0xE8, 0xDB, 0x75, 0x9A, 0xEA, 0x57,
    0xCD, 0x53, 0xDB, 0x9C, 0xD7, 0xA3, 0x53, 0xA7, 0x25, 0xFB, 0x91, 0x9A, 0x84, 0xB5, 0x5E, 0xCB,
    0xDA, 0xD5, 0x93, 0xAD, 0xCD, 0xCB, 0xB3, 0x0A, 0x2D, 0xE1, 0x07, 0xF2, 0x53, 0x9E, 0x38, 0xBD,
    0xC1, 0x64, 0xF7, 0x59, 0xE0, 0xF8, 0xCB, 0xC1, 0x66, 0x5D, 0x6A, 0x4B, 0xC2, 0x7E, 0x42, 0xFD,
    0xAD, 0xAA, 0x37, 0x36, 0xD9, 0xFE, 0x6E, 0x45, 0x12, 0x9F, 0x7F, 0xB3, 0xCB, 0x0B, 0x5B, 0xE5,
    0x20, 0xBB, 0x1D, 0x68, 0x70, 0x2F, 0x6F, 0xCF, 0x6E, 0x0C, 0x16, 0x46, 0x68, 0xA2, 0xC3, 0xED,
    0x5F, 0x94, 0x1F, 0x4B, 0x1D, 0x10, 0x52, 0x0A, 0x32, 0x36, 0x1A, 0xD7, 0x04, 0xFA, 0x4C, 0x07,
    0xC4, 0x25, 0x9B, 0x5E, 0x9B, 0x16, 0x8B, 0x12, 0xD9, 0xE1, 0xA4, 0xA8, 0x90, 0x48, 0xF9, 0x45,
    0xD8, 0x5A, 0xA1, 0x89, 0x88, 0x76, 0x01, 0x30, 0x2D, 0x9D, 0xDA, 0x6A, 0x17, 0x33, 0x4D, 0x38,
    0xEC, 0x1D, 0x7C, 0x32, 0x71, 0x8B, 0xEF, 0x1D, 0x44, 0xC9, 0xB9, 0x1E, 0x21, 0xFF, 0x0E, 0x71,
    0x45, 0x5B, 0x3B, 0x5F, 0x59, 0x34, 0x5D, 0x06, 0xAB, 0x43, 0xC3, 0x65, 0xC0, 0x54, 0x23, 0x9B,
    0xB3, 0x35, 0x9E, 0x51, 0x58, 0xCE, 0x2B, 0xB4, 0x11, 0xEF, 0xCC, 0xEC, 0x46, 0xC9, 0xD3, 0x5B,
    0x90, 0x16, 0x7B, 0x38, 0x8E, 0x77, 0x76, 0x81, 0xD6, 0x0A, 0xD6, 0xC1, 0x63, 0xB2, 0xD4, 0xB2,
    0x07, 0x4B, 0x23, 0x1A, 0x56, 0x30, 0x4A, 0x58, 0x82, 0xB9, 0xAC, 0xC3, 0xAE, 0xB8, 0x8F, 0xBE,
    0xEB, 0x97, 0x31, 0x93, 0x8F, 0xCE, 0x9E, 0x9D, 0x8F, 0xE8, 0x96, 0xE6, 0x97, 0x14, 0x16, 0x13,
    0x16, 0xB8, 0xFC, 0x60, 0x03, 0xC0, 0x9F, 0x5F, 0xCF, 0xAE, 0x73, 0xC8, 0x0A, 0x37, 0x52, 0x4E,
    0xA4, 0xEA, 0xFC, 0x25, 0xB3, 0xD5, 0xC9, 0x43, 0x2D, 0x1B, 0xE9, 0x76, 0xD0, 0xCD, 0x13, 0x59,
    0x83, 0x65, 0x8C, 0x17, 0xCF, 0x98, 0x72, 0x9B, 0xF3, 0x3E, 0x81, 0x34, 0x28, 0x5C, 0x26, 0xF7,
    0xDC, 0x28, 0xAB, 0xF1, 0x0C, 0x7D, 0xAE, 0x86, 0xED, 0xA6, 0x1D, 0x6D, 0x49, 0xE2, 0x49, 0x6E,
    0xD2, 0x86, 0xB5, 0xA4, 0xC4, 0x17, 0xF9, 0x8F, 0xAA, 0x0B, 0xBD, 0xC2, 0x92, 0xC2, 0x83, 0xFF,
    0xE1, 0xE7, 0xA5, 0x70, 0xB4, 0x93, 0x1B, 0x5C, 0xC9, 0xED, 0x3B, 0xB4, 0x6B, 0x87, 0xCF, 0xFA,
    0x35, 0xE7, 0xE9, 0x6B, 0x13, 0xE9, 0xB2, 0xBB, 0xA3, 0xCB, 0xA7, 0xC7, 0xCD, 0x93, 0x1C, 0x62,
    0x91, 0xB3, 0x16, 0xFF, 0xC0, 0x7F, 0x04, 0xA0, 0xA2, 0x9C, 0x7C, 0xC2, 0x3E, 0x1F, 0x96, 0x7E,
    0xC3, 0x5C, 0xBD, 0x27, 0xB1, 0x45, 0xEE, 0x8B, 0xFB, 0xFF, 0x6B, 0x53, 0x67, 0x95, 0xB6, 0x5A,
    0x65, 0xBB, 0x4A, 0xA9, 0x8D, 0xC4, 0xF6, 0xCE, 0xEB, 0x86, 0xF9, 0xB5, 0x55, 0x49, 0x2E, 0xFD,
    0x89, 0x3B, 0xA1, 0x05, 0x72, 0x46, 0xA2, 0x9C, 0xC2, 0x59, 0xE6, 0x0E, 0xA1, 0x2F, 0xCF, 0x46,
    0x40, 0x1A, 0xE3, 0x3F, 0xE1, 0x1E, 0x36, 0x2A, 0x1B, 0x63, 0xF6, 0xC3, 0x6B, 0x3C, 0xCB, 0xE7,
    0x7E, 0xF0, 0x00, 0x45, 0x1D, 0xA4, 0x07, 0x55, 0x0C, 0xF7, 0x1D, 0x82, 0x0D, 0xC1, 0xAA, 0x46,
    0x78, 0x3D, 0xDF, 0xC4, 0x6A, 0x4E, 0x61, 0xA9, 0xAF, 0x49, 0xCD, 0xCC, 0x82, 0xB1, 0xB3, 0xF4,
    0x05, 0xCF, 0xF5, 0x46, 0x20, 0xC5, 0x03, 0x35, 0x2F, 0x13, 0xAD, 0x7B, 0x59, 0x5D, 0xD3, 0xA8,
    0xE8, 0xA9, 0xB1, 0x8C, 0xD9, 0x34, 0xAF, 0x64, 0xCA, 0xBD, 0x1B, 0x09, 0xC9, 0x26, 0xC1, 0x0F,
    0xB1, 0xFB, 0x39, 0xA9, 0xB3, 0xD1, 0x23, 0x65, 0xC1, 0xF3, 0x1C, 0x7E, 0x9F, 0xC1, 0x13, 0xFC,
    0xDB, 0x23, 0xDE, 0x48, 0x97, 0x21, 0x31, 0x4B, 0x11, 0xCB, 0x7F, 0x0D, 0xE1, 0x3E, 0xA6, 0xAD,
    0xA7, 0x01, 0x85, 0x42, 0x77, 0x3D, 0x1B, 0x9B, 0x86, 0x09, 0x71, 0xBE, 0xD5, 0xC9, 0x83, 0xCB,
    0x8A, 0x26, 0x5A, 0x0E, 0xE6, 0x29, 0xE7, 0x2D, 0xA0, 0xDA, 0x14, 0xC2, 0xC4, 0x9E, 0x32, 0x3F,
    0xD8, 0xEA, 0xBC, 0x8A, 0xA3, 0xED, 0xC0, 0x40, 0x7D, 0x98, 0xD5, 0x66, 0xD4, 0xF3, 0xEB, 0x60,
    0xAB, 0xEB, 0xD5, 0x30, 0x98, 0xAE, 0x39, 0x94, 0xE7, 0x18, 0x94, 0x9F, 0x66, 0x68, 0xCB, 0x23,
    0xC2, 0xD7, 0xC3, 0x7E, 0x0F, 0xA4, 0x6C, 0x6B, 0xA7, 0xED, 0x86, 0x1B, 0xE2, 0xD5, 0xFA, 0x10,
    0x9D, 0x31, 0xAB, 0x6C, 0xB4, 0xC3, 0x67, 0xCF, 0x3E, 0xAF, 0xA2, 0xA0, 0x91, 0x69, 0xDF, 0xB9,
    0x7F, 0xB2, 0x46, 0xDC, 0xE9, 0x74, 0xAE, 0x01, 0x2E, 0xDD, 0xEF, 0x1E, 0x0E, 0x2D, 0x39, 0x74,
    0xC8, 0x09, 0xBA, 0xEB, 0xB8, 0x7E, 0x38, 0x82, 0x7C, 0xDC, 0x81, 0x43, 0x64, 0xA5, 0x6D, 0x2A,
    0xA7, 0x36, 0x39, 0xF4, 0x58, 0x79, 0x8B, 0xF5, 0xFB, 0x0D, 0x5D, 0x34, 0x1E, 0xEB, 0x58, 0x27,
    0xE1, 0xBE, 0x60, 0xCD, 0x3E, 0xB1, 0xF2, 0x87, 0xC1, 0xC7, 0x77, 0xC2, 0x2B, 0xFA, 0x2D, 0x8E,
    0xCF, 0x6B, 0xF0, 0xCE, 0xAE, 0xB7, 0x08, 0x85, 0x2B, 0x61, 0x8D, 0x8D, 0xB3, 0x86, 0xF2, 0x57,
    0xB9, 0x57, 0x33, 0xBA, 0x80, 0xDD, 0x1E, 0xBD, 0xA5, 0xB1, 0x62, 0xCF, 0xAF, 0xD8, 0x1C, 0x35,
    0x0F, 0x6F, 0x8E, 0x83, 0x97, 0x7C, 0x94, 0x5D, 0x30, 0x1F, 0x42, 0x88, 0x33, 0x24, 0xAD, 0x29,
    0x83, 0xF2, 0x61, 0xAE, 0x21, 0x1A, 0x6D, 0x97, 0x2C, 0xB3, 0xDE, 0x4E, 0x99, 0x7E, 0xA9, 0x23,
    0xEC, 0x93, 0x75, 0xCA, 0xF5, 0xF0, 0xE4, 0x64, 0xBE, 0xBE, 0x82, 0x22, 0x1E, 0x9F, 0xF8, 0xA0,
    0x43, 0xC1, 0x77, 0x9D, 0x33, 0x9C, 0xDF, 0x31, 0xE7, 0x2F, 0x21, 0xEF, 0x12, 0xEA, 0x21, 0x75,
    0x80, 0x7A, 0x88, 0x28, 0x2D, 0x4F, 0xA6, 0x88, 0x29, 0x5C, 0x42, 0x18, 0x3E, 0xCD, 0x80, 0xF4,
    0xCD, 0x95, 0xB5, 0x15, 0xFE, 0x4B, 0x42, 0xCD, 0x6C, 0xF9, 0x96, 0x23, 0x2B, 0xE6, 0xA9, 0xD3,
    0x8A, 0x35, 0x91, 0x56, 0xD2, 0xCF, 0xE7, 0x22, 0x1A, 0x41, 0xF9, 0xAF, 0x45, 0xF1, 0xA8, 0x70,
    0x41, 0x41, 0xFA, 0xA3, 0x9D, 0xFB, 0x91, 0x1B, 0xCC, 0xAA, 0xA8, 0x58, 0x5A, 0xCC, 0xD0, 0xBA,
    0x86, 0xDC, 0x7E, 0x11, 0x38, 0xCD, 0x5C, 0xCD, 0xA7, 0x58, 0xD0, 0x5C, 0x90, 0x40, 0xF2, 0xF9,
    0x13, 0xEF, 0x21, 0xDC, 0x63, 0xE7, 0xA5, 0xD1, 0xC3, 0x28, 0x2D, 0x15, 0xC9, 0x9B, 0xF4, 0x69,
    0xF5, 0x99, 0xCF, 0x98, 0x6D, 0x31, 0x07, 0xBE, 0x39, 0x62, 0xB1, 0x78, 0xD8, 0x0C, 0x17, 0x34,
    0xEB, 0xDE, 0x1B, 0x2E, 0x3C, 0x02, 0x59, 0xFD, 0x07, 0xAD, 0x52, 0x3D, 0x92, 0xD5, 0x30, 0x0C,
    0x56, 0xE2, 0xB7, 0xA4, 0x48, 0xE1, 0x86, 0x8A, 0x19, 0x26, 0xFD, 0x16, 0xB8, 0x7D, 0x9D, 0x3C,
    0xC3, 0x01, 0x78, 0x05, 0xA7, 0x78, 0x5C, 0x80, 0xCE, 0x81, 0xBD, 0x00, 0x9C, 0x00, 0x8A, 0x2D,
    0x76, 0x1E, 0x57, 0x80, 0x89, 0xD9, 0xBD, 0x40, 0x80, 0x0B, 0x64, 0x78, 0x07, 0xC0, 0xB0, 0x29,
    0x5C, 0x38, 0x11, 0x52, 0x9C, 0x7D, 0xEC, 0xF6, 0x68, 0xA4, 0x58, 0x92, 0xF5, 0x63, 0x7D, 0xCA,
    0xFE, 0x70, 0xD9, 0x51, 0x3C, 0xF1, 0xFE, 0x20, 0xB6, 0xA8, 0x59, 0xC4, 0x3E, 0x67, 0x71, 0x44,
    0xE9, 0x4E, 0xD8, 0x77, 0xC5, 0x3E, 0x26, 0xCB, 0x26, 0x53, 0xFB, 0xF0, 0xD8, 0xE7, 0xBB, 0x7C,
    0x40, 0x97, 0x9D, 0x0F, 0x8F, 0x35, 0xA4, 0xE8, 0x75, 0x40, 0xEF, 0x80, 0x80, 0x5A, 0x1A, 0xBA,
    0x80, 0xFD, 0x19, 0xD4, 0xBD, 0x19, 0x4D, 0xD2, 0x49, 0xA5, 0x32, 0x56, 0xC1, 0xF4, 0x68, 0x37,
    0xD0, 0xB4, 0x38, 0x60, 0xC0, 0xA0, 0x43, 0x15, 0xF4, 0x80, 0xBE, 0x83, 0x2D, 0x14, 0x7D, 0x0D,
    0x92, 0x8D, 0x7E, 0x06, 0x57, 0x46, 0x20, 0x35, 0x02, 0x5D, 0x4C, 0x40, 0x47, 0x82, 0xEE, 0x96,
    0x2C, 0xF6, 0x04, 0x67, 0xF0, 0x98, 0xEB, 0x21, 0x98, 0x91, 0xBC, 0x49, 0x34, 0xE8, 0xE4, 0x06,
    0x95, 0x9A, 0xA1, 0x8C, 0xBA, 0xE7, 0xDA, 0xDE, 0x70, 0x0C, 0xDA, 0x04, 0x1B, 0xD8, 0x71, 0x8F,
    0xCF, 0x80, 0x3F, 0xD9, 0xFE, 0x43, 0x2D, 0xFE, 0x26, 0xAF, 0x83, 0xF3, 0x55, 0xC0, 0x56, 0x0F,
    0x0E, 0xF0, 0xEB, 0x04, 0x9D, 0x8A, 0xB0, 0x2D, 0x3C, 0x30, 0x29, 0xFA, 0xC7, 0x8C, 0x11, 0x43,
    0x92, 0xF9, 0xBE, 0xFF, 0xC4, 0x99, 0xD4, 0x2C, 0x5C, 0xCD, 0x1C, 0x3F, 0x66, 0x7E, 0x45, 0x1F,
    0xD5, 0x3D, 0xF3, 0xD3, 0x62, 0x9E, 0x18, 0x2C, 0x34, 0x23, 0x38, 0x1E, 0x87, 0x56, 0xEE, 0xF8,
    0x69, 0x09, 0xEA, 0x01, 0x8C, 0xFD, 0x52, 0x8E, 0xDD, 0x35, 0xD5, 0x89, 0x7E, 0xD0, 0x8B, 0x89,
    0x6E, 0x88, 0xC7, 0x7A, 0x33, 0x57, 0x51, 0xA6, 0xDD, 0x95, 0x13, 0xC0, 0x93, 0x77, 0xD2, 0xB2,
    0x21, 0x0F, 0xD8, 0x8B, 0x86, 0x34, 0x30, 0xC0, 0xA2, 0x75, 0x1F, 0x42, 0x99, 0x9F, 0x44, 0xD5,
    0xA8, 0xA6, 0x55, 0x8B, 0x3A, 0xDE, 0xF9, 0x4C, 0xC8, 0x5A, 0x3D, 0xE6, 0x54, 0x70, 0xBF, 0x42,
    0x4E, 0xE5, 0x2A, 0xDF, 0xD7, 0x69, 0x34, 0x3D, 0x9F, 0xF4, 0x04, 0x26, 0x42, 0x71, 0xA5, 0xA3,
    0x23, 0x4B, 0x72, 0xD1, 0x04, 0xA2, 0x6B, 0x22, 0xCB, 0x91, 0xDF, 0x66, 0x73, 0x4C, 0xC8, 0x58,
    0xD1, 0xDB, 0xA4, 0x8F, 0xD1, 0x78, 0x28, 0xA8, 0x4C, 0xFA, 0x56, 0x34, 0x35, 0x95, 0xAB, 0x4F,
    0xC7, 0x62, 0x6E, 0x96, 0xB8, 0x26, 0xC0, 0x92, 0xDB, 0xCA, 0x83, 0xD7, 0x7A, 0x6C, 0x34, 0x4B,
    0x8F, 0x85, 0x2C, 0x14, 0x16, 0xCE, 0xDF, 0x1F, 0x96, 0x15, 0xB9, 0x1B, 0x11, 0x5E, 0xC9, 0x45,
    0xE2, 0xB5, 0xA4, 0x65, 0x35, 0xB3, 0x0A, 0xF0, 0xB2, 0xD8, 0x2D, 0xC1, 0xAF, 0x39, 0x5B, 0x40,
    0xAC, 0x93, 0x54, 0x46, 0x1E, 0xDE, 0xCB, 0x97, 0x01, 0x65, 0x8F, 0x80, 0xCB, 0xE5, 0xB7, 0x12,
    0xB8, 0x81, 0x67, 0x40, 0xD6, 0x79, 0x13, 0x74, 0xAC, 0x26, 0xC5, 0x90, 0xEA, 0x11, 0x07, 0xC7,
    0xFF, 0xD7, 0xD3, 0xDC, 0xF6, 0xD1, 0xA5, 0x8C, 0x2B, 0x98, 0x70, 0x3E, 0xC3, 0x27, 0xEB, 0xA7,
    0xBC, 0x4E, 0x90, 0x62, 0xFF, 0xE7, 0xF2, 0x2F, 0xAD, 0x55, 0xBD, 0x8E, 0xDB, 0x46, 0x10, 0x1E,
    0x8A, 0xF1, 0xA9, 0x50, 0x41, 0xA4, 0x88, 0x0F, 0x88, 0x0B, 0xF5, 0x2E, 0xCC, 0x17, 0x08, 0xB4,
    0xEB, 0xF3, 0x03, 0xE4, 0x8A, 0xBB, 0xDA, 0xBD, 0xAF, 0xB0, 0x1F, 0xC0, 0x30, 0xD7, 0xF0, 0x0B,
    0x5C, 0x95, 0xDA, 0x45, 0x52, 0x84, 0x29, 0xDC, 0xA4, 0x0C, 0xB0, 0x44, 0x9E, 0x40, 0x40, 0x5E,
    0x80, 0x08, 0x52, 0x24, 0x76, 0x61, 0x16, 0x34, 0xCC, 0x33, 0x28, 0x8E, 0xBF, 0x6F, 0x96, 0x92,
    0x7F, 0x93, 0x20, 0x40, 0x04, 0xF1, 0x1B, 0x91, 0xB3, 0x9C, 0x99, 0xDD, 0xEF, 0x9B, 0x91, 0x48,
    0xFA, 0x14, 0x33, 0x64, 0x51, 0x45, 0x4A, 0x55, 0x2F, 0xAA, 0xDA, 0xE6, 0x80, 0xA1, 0x00, 0x74,
    0xA5, 0x9E, 0x68, 0xE3, 0xC6, 0xFC, 0x37, 0xA9, 0xFA, 0x55, 0x23, 0xB1, 0x2B, 0x82, 0x68, 0xBB,
    0x16, 0xD1, 0xED, 0x06, 0xD0, 0x7E, 0x23, 0x12, 0xDB, 0x5F, 0x00, 0x5D, 0x2F, 0xE2, 0xAE, 0x3A,
    0x00, 0x5E, 0x0F, 0x6B, 0xBD, 0x8A, 0xDB, 0x15, 0x03, 0x2C, 0x00, 0xBD, 0x44, 0xD5, 0x2D, 0x3C,
    0x93, 0xC8, 0xC3, 0xAF, 0x90, 0x70, 0x60, 0xD6, 0x07, 0xB8, 0x16, 0x75, 0x5D, 0x7B, 0xAE, 0x6B,
    0x3E, 0x84, 0xB0, 0xC2, 0x52, 0xF9, 0x18, 0x14, 0x01, 0x3E, 0x81, 0xF3, 0xB3, 0xE4, 0x75, 0x3A,
    0xBC, 0x0F, 0xA5, 0x7E, 0xFF, 0xFE, 0xBB, 0xB2, 0x40, 0x01, 0x78, 0x38, 0x0A, 0x6B, 0x41, 0xE5,
    0xBA, 0xC3, 0xA3, 0x17, 0x9D, 0xE4, 0x2A, 0x5E, 0x72, 0x2E, 0xC9, 0x77, 0x84, 0x14, 0x4A, 0xBB,
    0x04, 0xA2, 0x41, 0xE4, 0x6B, 0x7D, 0xFE, 0x34, 0xDD, 0xDE, 0xE4, 0x2F, 0x71, 0x0D, 0xD6, 0x44,
    0x38, 0xB0, 0xCB, 0x1B, 0xA1, 0x42, 0xB9, 0x5B, 0xC7, 0xAD, 0xAE, 0xBF, 0xE3, 0x2E, 0xE5, 0xE8,
    0x47, 0xC9, 0x6A, 0x91, 0x9B, 0x97, 0x88, 0x1D, 0xC4, 0x31, 0xC5, 0x36, 0x99, 0x2E, 0x99, 0x31,
    0x99, 0x29, 0x19, 0x9D, 0x4D, 0x93, 0x4C, 0x0B, 0x73, 0xAC, 0x55, 0xEF, 0x5E, 0xB1, 0x50, 0x1E,
    0x45, 0xD4, 0x67, 0x1A, 0x35, 0xE4, 0x9A, 0x6B, 0xE4, 0x92, 0xDB, 0xAC, 0x24, 0x57, 0x1F, 0x93,
    0x71, 0xC9, 0x14, 0xC9, 0x2C, 0x93, 0x59, 0x24, 0x23, 0xB3, 0x41, 0x4C, 0x9C, 0xF4, 0xA5, 0x30,
    0xC1, 0x64, 0xA8, 0x8D, 0x61, 0x6B, 0x68, 0xA7, 0x50, 0x0D, 0x52, 0xCD, 0xF9, 0xE8, 0xBE, 0xD0,
    0x3A, 0x4E, 0x48, 0x9A, 0xC5, 0xFE, 0xB0, 0x86, 0xDB, 0x23, 0x06, 0xE2, 0x28, 0x16, 0x9A, 0x28,
    0xFF, 0x8A, 0xF7, 0x02, 0xB1, 0xF6, 0xB1, 0x85, 0xC9, 0x34, 0x54, 0x9D, 0x51, 0xE2, 0x51, 0x58,
    0x44, 0x12, 0x71, 0xBD, 0x68, 0x03, 0xBB, 0x1E, 0x33, 0x6D, 0x41, 0x58, 0x31, 0x62, 0x07, 0xC5,
    0x28, 0xC5, 0x2E, 0x37, 0xBB, 0x9A, 0x96, 0x3A, 0xAC, 0x87, 0xF9, 0x48, 0xB4, 0xD9, 0xDB, 0x0B,
    0x7D, 0xF6, 0x5A, 0xAB, 0x37, 0x21, 0xD3, 0xF8, 0xBB, 0xC6, 0x2D, 0x79, 0x6D, 0xB8, 0xB7, 0x83,
    0xAD, 0xD4, 0x57, 0xE4, 0xD0, 0x29, 0xBF, 0xB0, 0x13, 0x44, 0x00, 0x5B, 0x22, 0x36, 0xA9, 0xB6,
    0x1C, 0xB4, 0x83, 0x2C, 0x47, 0xD6, 0xA8, 0xAC, 0x0F, 0xEC, 0x29, 0x29, 0xEF, 0xEC, 0xBA, 0xAE,
    0xA7, 0xD9, 0x0F, 0x2A, 0x05, 0xA9, 0xC2, 0x15, 0x5F, 0xA8, 0xE8, 0x63, 0x5C, 0x01, 0xD7, 0xAF,
    0x6A, 0x7A, 0xE2, 0x73, 0xFA, 0x17, 0x7D, 0x6D, 0x6D, 0x85, 0x67, 0x41, 0xAD, 0x06, 0x6D, 0xCE,
    0xCF, 0xCF, 0x3D, 0xC5, 0xEB, 0x11, 0x18, 0xCA, 0x5C, 0xB1, 0x1F, 0x4C, 0x4D, 0x20, 0xB6, 0x21,
    0x43, 0x60, 0xAB, 0x11, 0x13, 0x0B, 0xDF, 0xEB, 0x12, 0x2C, 0x59, 0x1D, 0x48, 0xB8, 0x4C, 0xB7,
    0x55, 0xE2, 0x2A, 0xB0, 0x3A, 0x9E, 0xA1, 0xEE, 0x8E, 0x1A, 0x46, 0x69, 0x21, 0xC2, 0xC4, 0xCD,
    0xC0, 0xCD, 0xD2, 0x75, 0x66, 0xF2, 0xAB, 0x2F, 0xC1, 0x4E, 0xCE, 0x43, 0x85, 0x34, 0x4C, 0x27,
    0x23, 0xD1, 0xD6, 0xDE, 0x31, 0x06, 0xBF, 0x35, 0x25, 0xC4, 0xC1, 0xF4, 0xD0, 0x9A, 0xEA, 0xA9,
    0x49, 0xC3, 0x3D, 0xBF, 0x2F, 0x95, 0xF8, 0xC4, 0xD6, 0x9F, 0x18, 0xFB, 0x7E, 0x56, 0x9D, 0x45,
    0x5B, 0x73, 0x25, 0xFA, 0xD7, 0x1F, 0x72, 0x61, 0x3F, 0xFF, 0xAC, 0xB4, 0x63, 0x28, 0xED, 0x2A,
    0xF1, 0x08, 0x16, 0xEB, 0x38, 0x73, 0xD9, 0xFC, 0x5F, 0x4A, 0x13, 0xF9, 0xC2, 0x70, 0xF3, 0x0E,
    0xB3, 0xF8, 0xA7, 0xD8, 0x70, 0x0B, 0xD4, 0x85, 0xA6, 0x2C, 0x23, 0xF9, 0xC2, 0xA1, 0x95, 0xFA,
    0x68, 0xD5, 0x8A, 0x1B, 0x37, 0x12, 0xA4, 0xEA, 0xB8, 0x3E, 0x1A, 0xA2, 0x11, 0x31, 0x9A, 0xAC,
    0xB3, 0x03, 0x7E, 0xB3, 0x2F, 0x12, 0x76, 0xAE, 0xD6, 0xE0, 0x86, 0x0D, 0xD5, 0x3B, 0x6D, 0x96,
    0xD0, 0xAC, 0x4E, 0xF7, 0x6D, 0x1A, 0x21, 0x66, 0x9A, 0x76, 0x64, 0xAB, 0x21, 0xE5, 0x54, 0x96,
    0x38, 0xFF, 0x51, 0x3D, 0x72, 0x4B, 0x0E, 0x1F, 0x17, 0x66, 0xC8, 0xF4, 0x8F, 0xBF, 0x19, 0xC0,
    0xF7, 0xD7, 0x18, 0xC0, 0x65, 0x8E, 0x01, 0x5C, 0xB2, 0xB8, 0x92, 0xB5, 0x11, 0xB6, 0xFB, 0x5F,
    0xB1, 0xDD, 0x3B, 0xDC, 0x40, 0x98, 0x4A, 0x0E, 0x60, 0xFD, 0x74, 0x00, 0xAF, 0x48, 0x89, 0x54,
    0xE1, 0x90, 0xD7, 0x0B, 0xC4, 0x79, 0xA6, 0x1F, 0x7E, 0xCE, 0x4C, 0x67, 0x17, 0xFA, 0x17, 0x2B,
    0x91, 0x9F, 0xF4, 0x39, 0xEF, 0x0B, 0x13, 0xF8, 0x0E, 0x21, 0x78, 0x7C, 0x6C, 0xB0, 0x96, 0x39,
    0x11, 0x03, 0xEC, 0xB0, 0x93, 0x56, 0xA6, 0x94, 0x26, 0xC9, 0xF3, 0x9A, 0x97, 0xDA, 0x1A, 0xDD,
    0x1F, 0xE0, 0x36, 0xE5, 0x7F, 0x97, 0x7E, 0x6B, 0x84, 0x81, 0xCF, 0x10, 0x66, 0xA9, 0x27, 0x98,
    0x91, 0x7A, 0x97, 0xFF, 0x0E, 0x70, 0x7C, 0x99, 0x1C, 0x81, 0x0E, 0x4F, 0x49, 0xFA, 0x32, 0x6C,
    0xD0, 0xC2, 0x6D, 0xC6, 0xFF, 0x21, 0xBC, 0xAB, 0x3E, 0xA3, 0xB0, 0x32, 0xEE, 0x29, 0x33, 0x46,
    0xAF, 0x9D, 0xF2, 0x1C, 0x7F, 0x26, 0xF4, 0x7B, 0x38, 0xDA, 0x59, 0x0F, 0x9A, 0x92, 0x76, 0x46,
    0xB4, 0x2F, 0x29, 0x32, 0xB7, 0x7B, 0xA3, 0x6D, 0xD5, 0xF5, 0xB1, 0x8B, 0x6D, 0xEF, 0xFE, 0x03,
    0xC8, 0xE7, 0xC1, 0xA4, 0x6E, 0x39, 0x4C, 0xAC, 0xA6, 0x5B, 0x93, 0x30, 0xB4, 0x18, 0x7B, 0xCE,
    0xB5, 0xE1, 0x00, 0xB8, 0xCD, 0xE8, 0x80, 0xB7, 0xDA, 0x8F, 0x30, 0xCC, 0x70, 0x6C, 0x78, 0x49,
    0xE1, 0x1E, 0xEB, 0x29, 0x4B, 0x1E, 0x66, 0x30, 0x31, 0xBF, 0x83, 0xB7, 0xA5, 0x91, 0xBF, 0x4E,
    0x03, 0x31, 0x0C, 0xC6, 0x3F, 0x9A, 0xE1, 0x86, 0x0A, 0xB2, 0x30, 0x22, 0x75, 0x65, 0xA8, 0x28,
    0x43, 0x87, 0x1B, 0xAE, 0xCA, 0x49, 0x3C, 0x10, 0x8C, 0x6C, 0x74, 0x63, 0x84, 0x47, 0x61, 0x04,
    0x81, 0x74, 0x2E, 0x7D, 0x01, 0xB7, 0x0C, 0x0C, 0x48, 0x90, 0x07, 0x40, 0x10, 0xA1, 0x4A, 0x04,
    0x71, 0x6D, 0xF0, 0x25, 0xAD, 0x84, 0xF8, 0x33, 0x20, 0x12, 0xDB, 0xFA, 0x29, 0xFE, 0x12, 0x5B,
    0x31, 0xB6, 0x91, 0xFF, 0xB6, 0xB5, 0x37, 0xBE, 0x72, 0x95, 0x35, 0x25, 0xB6, 0x21, 0x07, 0x28,
    0x00, 0x23, 0x36, 0x84, 0x61, 0x18, 0x87, 0x7C, 0x86, 0xFC, 0x10, 0x79, 0x81, 0x3C, 0x8F, 0xD6,
    0x47, 0x7E, 0xA0, 0xFD, 0xA9, 0xF1, 0xA8, 0x1C, 0x2A, 0x0B, 0xB9, 0xB7, 0x5A, 0xFB, 0x82, 0xFB,
    0xA1, 0x44, 0x2F, 0xBC, 0x97, 0x30, 0x6F, 0x59, 0x89, 0x01, 0x24, 0xE4, 0x7F, 0x0A, 0x6B, 0xA1,
    0x6C, 0xFB, 0x2C, 0xC0, 0x78, 0x1D, 0x50, 0xCD, 0x74, 0x2D, 0x45, 0x32, 0xD7, 0xF4, 0xF3, 0x65,
    0xFD, 0x54, 0xAD, 0x2D, 0x0F, 0xB4, 0xE4, 0x6C, 0x10, 0x24, 0x98, 0x70, 0x2C, 0xE1, 0xF4, 0xBF,
    0xD5, 0xDC, 0xB7, 0xFD, 0x52, 0x87, 0x45, 0xDD, 0x71, 0x1D, 0xB7, 0xE3, 0x0A, 0x37, 0x0B, 0x7C,
    0x81, 0x33, 0x91, 0xB5, 0xE0, 0x0C, 0x5E, 0x03, 0x82, 0xD8, 0x09, 0xBC, 0x86, 0xFB, 0x6C, 0x3D,
    0xBC, 0xA4, 0xD4, 0x43, 0x93, 0x2A, 0x35, 0xA0, 0xD3, 0xF3, 0x9B, 0x88, 0x5F, 0xBE, 0x74, 0x45,
    0x03, 0xA7, 0xC8, 0x38, 0x75, 0x1D, 0x58, 0x3D, 0xCF, 0x91, 0x85, 0x1A, 0x47, 0xBE, 0x40, 0x45,
    0x05, 0x2E, 0xA9, 0xC9, 0x47, 0x3F, 0x8B, 0x9A, 0x51, 0xB0, 0xEA, 0x61, 0x01, 0x25, 0x9A, 0xDE,
    0x5C, 0x34, 0x9C, 0x74, 0x7B, 0x51, 0x83, 0xE8, 0x2D, 0x71, 0xB4, 0xDF, 0x92, 0xA3, 0x0A, 0x56,
    0x7A, 0x60, 0x28, 0x37, 0xAA, 0x33, 0x3B, 0xF2, 0x68, 0x33, 0x85, 0x0E, 0xD1, 0x1C, 0xEB, 0x4C,
    0xB7, 0x57, 0x44, 0x77, 0xE8, 0x32, 0x4D, 0x1D, 0xD1, 0xCD, 0xB0, 0xCF, 0xC4, 0x96, 0x68, 0x4A,
    0xBB, 0x02, 0x4C, 0x34, 0x59, 0x01, 0x7F, 0x83, 0x09, 0xF5, 0x13, 0x4C, 0xA9, 0x9B, 0xE0, 0x66,
    0xB8, 0xB5, 0x04, 0x6C, 0x24, 0xB8, 0x47, 0x96, 0xE0, 0x11, 0x2A, 0x81, 0x07, 0x6C, 0x04, 0x07,
    0x1C, 0x34, 0x30, 0x92, 0x5E, 0xBB, 0x0D, 0x8C, 0x65, 0xB2, 0xBA, 0x81, 0x7B, 0xE9, 0x59, 0xB1,
    0x80, 0x8F, 0x83, 0x10, 0xB0, 0x0D, 0x14, 0xCC, 0xE3, 0x38, 0x20, 0xCD, 0xFC, 0x14, 0x3F, 0xB1,
    0x65, 0xD9, 0xA7, 0xEF, 0x3C, 0x9F, 0x72, 0x82, 0xCE, 0xF3, 0x72, 0x7E, 0xAA, 0x5E, 0x4D, 0x32,
    0x5E, 0xFE, 0x00, 0x9D, 0xCD, 0x21, 0x0E, 0x80, 0x30, 0x10, 0x44, 0xD1, 0xA1, 0x4D, 0x10, 0x18,
    0x3C, 0xA6, 0x47, 0xE8, 0x11, 0xCA, 0xCD, 0xE0, 0x28, 0x88, 0x1E, 0x0D, 0x89, 0x5C, 0x51, 0x51,
    0xB2, 0xCC, 0x12, 0x92, 0x62, 0xC1, 0x3C, 0xF3, 0xC5, 0x07, 0xD0, 0xCD, 0x00, 0x46, 0x41, 0xBF,
    0xC7, 0x8A, 0xA4, 0x44, 0x35, 0x14, 0xA7, 0xA7, 0x5B, 0xBD, 0x1E, 0x80, 0x57, 0xDC, 0x0C, 0x79,
    0xD1, 0x1A, 0x4A, 0x23, 0x19, 0x0C, 0x7F, 0xE0, 0x6D, 0xDA, 0xEC, 0x26, 0xBC, 0x45, 0xE1, 0x2D,
    0x0A, 0x6F, 0x06, 0x1E, 0xF8, 0x78, 0x93, 0x8C, 0x56, 0x3F, 0x71, 0x01, 0x5D, 0xD0, 0x31, 0x4E,
    0xC3, 0x30, 0x14, 0x06, 0xE0, 0x3F, 0x36, 0x52, 0x06, 0x50, 0xB3, 0xB1, 0x10, 0xD1, 0x0B, 0x44,
    0x6A, 0x87, 0x0C, 0x19, 0x2A, 0xE2, 0x23, 0xB0, 0x73, 0x04, 0x86, 0x66, 0xE8, 0x40, 0x27, 0x72,
    0x05, 0x24, 0x8E, 0x50, 0x06, 0xBA, 0x24, 0x43, 0x07, 0x86, 0x4A, 0xF1, 0x11, 0x72, 0x04, 0x0F,
    0x2C, 0x6C, 0x1E, 0x32, 0x04, 0x51, 0xF2, 0x78, 0x76, 0x08, 0x03, 0x5E, 0x3E, 0x5B, 0x7E, 0xB2,
    0xFE, 0xDF, 0x00, 0xA2, 0x12, 0x6E, 0xDD, 0x58, 0x4F, 0xB6, 0x19, 0xC9, 0x46, 0x56, 0x9E, 0x34,
    0xF1, 0x14, 0xE3, 0xC9, 0xFA, 0x3B, 0xA9, 0x53, 0xC7, 0x5C, 0xD5, 0x8E, 0x23, 0xBE, 0x48, 0x43,
    0xB6, 0x18, 0x9E, 0x0C, 0xCE, 0x21, 0x34, 0x2C, 0xAE, 0x1D, 0x86, 0x4E, 0xCC, 0xA5, 0xF9, 0x50,
    0x00, 0x51, 0xD7, 0x02, 0x62, 0xB8, 0x5D, 0x31, 0xD2, 0x22, 0x66, 0x22, 0x8B, 0x84, 0x39, 0x6E,
    0x5F, 0xDF, 0x5A, 0x08, 0x93, 0x93, 0xE5, 0x13, 0x36, 0x78, 0x70, 0xD4, 0x70, 0x93, 0x28, 0x90,
    0x39, 0xF2, 0x97, 0x03, 0xF5, 0x40, 0x43, 0x66, 0x5F, 0x95, 0x30, 0x52, 0x21, 0xE8, 0x61, 0x19,
    0x2C, 0x88, 0x2A, 0x1E, 0x08, 0xAA, 0xFD, 0x37, 0x23, 0x68, 0x50, 0x2E, 0xD3, 0xE3, 0xF3, 0x5D,
    0xE7, 0x82, 0x1A, 0x1E, 0x60, 0x23, 0xB7, 0xE7, 0x77, 0x7C, 0xFA, 0x03, 0x60, 0x9C, 0x09, 0xF7,
    0x80, 0xBF, 0x0C, 0x7D, 0x37, 0x59, 0xCE, 0xBC, 0x42, 0xC7, 0x38, 0x03, 0x14, 0x4C, 0x82, 0x85,
    0x12, 0x9D, 0x2B, 0x9D, 0x6B, 0x79, 0x42, 0x9D, 0x22, 0x2F, 0xD9, 0x62, 0xC9, 0x8F, 0x0A, 0x8B,
    0x74, 0x89, 0xF1, 0x8B, 0xFE, 0x9B, 0x46, 0xEF, 0xC0, 0x5A, 0x17, 0xD9, 0xC5, 0x15, 0xD1, 0x4E,
    0xD7, 0x49, 0xB4, 0x03, 0xEE, 0xB5, 0x8D, 0x43, 0xE2, 0xA5, 0xCC, 0x4C, 0x30, 0x83, 0xD0, 0x21,
    0x9A, 0x6E, 0xDD, 0xCB, 0x52, 0xEA, 0xB9, 0x0E, 0x5B, 0x0E, 0x69, 0x82, 0xE6, 0x93, 0x73, 0xFD,
    0xE5, 0x9C, 0x72, 0x4F, 0x3D, 0xA6, 0x5E, 0xBF, 0x3D, 0x7F, 0x00,
};

static const EpdGlyph lexenddeca_14_boldGlyphs[] = {
    { 0, 0, 149, 0, 0, 0, 0 }, // U+0020
    { 6, 22, 144, 1, 21, 33, 0 }, // !
    { 13, 9, 223, 1, 21, 30, 33 }, // "
    { 20, 21, 343, 1, 21, 105, 63 }, // #
    { 18, 26, 296, 0, 23, 117, 168 }, // $
    { 26, 22, 452, 1, 21, 143, 285 }, // %
    { 22, 22, 362, 1, 21, 121, 428 }, // &
    { 6, 9, 118, 1, 21, 14, 549 }, // '
    { 11, 27, 182, 1, 21, 75, 563 }, // (
    { 11, 27, 182, 0, 21, 75, 638 }, // )
    { 13, 12, 205, 0, 22, 39, 713 }, // *
    { 16, 15, 279, 1, 16, 60, 752 }, // +
    { 7, 10, 134, 1, 4, 18, 812 }, // ,
    { 11, 5, 209, 1, 11, 14, 830 }, // -
    { 6, 6, 120, 1, 5, 9, 844 }, // .
    { 17, 26, 278, 0, 21, 111, 853 }, // /
    { 18, 22, 315, 1, 21, 99, 964 }, // 0
    { 13, 21, 262, 2, 21, 69, 1063 }, // 1
    { 16, 21, 256, 0, 21, 84, 1132 }, // 2
    { 17, 22, 276, 0, 21, 94, 1216 }, // 3
    { 19, 21, 309, 0, 21, 100, 1310 }, // 4
    { 16, 22, 278, 0, 21, 88, 1410 }, // 5
    { 17, 21, 270, 0, 21, 90, 1498 }, // 6
    { 15, 21, 258, 1, 21, 79, 1588 }, // 7
    { 16, 22, 280, 1, 21, 88, 1667 }, // 8
    { 17, 21, 269, 0, 21, 90, 1755 }, // 9
    { 6, 17, 120, 1, 16, 26, 1845 }, // :
    { 7, 22, 136, 1, 16, 39, 1871 }, // ;
    { 14, 17, 245, 1, 16, 60, 1910 }, // <
    { 16, 11, 291, 1, 14, 44, 1970 }, // =
    { 14, 17, 246, 1, 16, 60, 2014 }, // >
    { 15, 22, 250, 0, 21, 83, 2074 }, // ?
    { 26, 26, 450, 1, 21, 169, 2157 }, // @
    { 22, 21, 324, -1, 21, 116, 2326 }, // A
    { 18, 21, 327, 2, 21, 95, 2442 }, // B
    { 19, 22, 324, 1, 21, 105, 2537 }, // C
    { 20, 21, 360, 2, 21, 105, 2642 }, // D
    { 16, 21, 301, 2, 21, 84, 2747 }, // E
    { 15, 21, 288, 2, 21, 79, 2831 }, // F
    { 21, 22, 365, 1, 21, 116, 2910 }, // G
    { 19, 21, 364, 2, 21, 100, 3026 }, // H
    { 13, 21, 259, 2, 21, 69, 3126 }, // I
    { 17, 22, 310, 1, 21, 94, 3195 }, // J
    { 20, 21, 345, 2, 21, 105, 3289 }, // K
    { 15, 21, 284, 2, 21, 79, 3394 }, // L
    { 22, 21, 410, 2, 21, 116, 3473 }, // M
    { 19, 21, 377, 2, 21, 100, 3589 }, // N
    { 22, 22, 379, 1, 21, 121, 3689 }, // O
    { 17, 21, 309, 2, 21, 90, 3810 }, // P
    { 22, 25, 379, 1, 21, 138, 3900 }, // Q
    { 18, 21, 328, 2, 21, 95, 4038 }, // R
    { 18, 22, 296, 0, 21, 99, 4133 }, // S
    { 19, 21, 306, 0, 21, 100, 4232 }, // T
    { 18, 22, 357, 2, 21, 99, 4332 }, // U
    { 21, 21, 332, 0, 21, 111, 4431 }, // V
    { 29, 21, 463, 0, 21, 153, 4542 }, // W
    { 22, 21, 329, -1, 21, 116, 4695 }, // X
    { 22, 21, 322, -1, 21, 116, 4811 }, // Y
    { 18, 21, 319, 1, 21, 95, 4927 }, // Z
    { 9, 27, 196, 2, 21, 61, 5022 }, // [
    { 17, 25, 273, 0, 21, 107, 5083 }, // <backslash>
    { 9, 27, 196, 1, 21, 61, 5190 }, // ]
    { 17, 12, 276, 0, 22, 51, 5251 }, // ^
    { 18, 5, 321, 1, -1, 23, 5302 }, // _
    { 8, 7, 233, 3, 24, 14, 5325 }, // `
    { 18, 17, 308, 0, 16, 77, 5339 }, // a
    { 17, 23, 307, 2, 22, 98, 5416 }, // b
    { 16, 17, 254, 0, 16, 68, 5514 }, // c
    { 18, 23, 305, 0, 22, 104, 5582 }, // d
    { 17, 17, 274, 0, 16, 73, 5686 }, // e
    { 12, 22, 183, 0, 22, 66, 5759 }, // f
    { 18, 23, 312, 0, 16, 104, 5825 }, // g
    { 15, 22, 296, 2, 22, 83, 5929 }, // h
    { 7, 24, 149, 1, 24, 42, 6012 }, // i
    { 10, 31, 147, -2, 24, 78, 6054 }, // j
    { 17, 22, 292, 2, 22, 94, 6132 }, // k
    { 5, 22, 142, 2, 22, 28, 6226 }, // l
    { 25, 16, 449, 2, 16, 100, 6254 }, // m
    { 15, 16, 296, 2, 16, 60, 6354 }, // n
    { 18, 17, 299, 0, 16, 77, 6414 }, // o
    { 17, 23, 308, 2, 16, 98, 6491 }, // p
    { 18, 23, 307, 0, 16, 104, 6589 }, // q
    { 11, 16, 212, 2, 16, 44, 6693 }, // r
    { 14, 17, 231, 0, 16, 60, 6737 }, // s
    { 12, 20, 186, 0, 20, 60, 6797 }, // t
    { 16, 17, 300, 1, 16, 68, 6857 }, // u
    { 18, 16, 282, 0, 16, 72, 6925 }, // v
    { 24, 16, 389, 0, 16, 96, 6997 }, // w
    { 18, 16, 283, 0, 16, 72, 7093 }, // x
    { 18, 23, 289, 0, 16, 104, 7165 }, // y
    { 14, 16, 257, 1, 16, 56, 7269 }, // z
    { 11, 28, 199, 1, 21, 77, 7325 }, // {
    { 5, 28, 148, 2, 22, 35, 7402 }, // |
    { 12, 28, 199, 0, 21, 84, 7437 }, // }
    { 16, 7, 260, 0, 12, 28, 7521 }, // ~
    { 0, 0, 149, 0, 0, 0, 0 }, // U+00A0
    { 6, 22, 144, 1, 16, 33, 0 }, // U+00A1
    { 15, 21, 263, 1, 21, 79, 33 }, // U+00A2
    { 19, 22, 298, 0, 21, 105, 112 }, // U+00A3
    { 16, 16, 261, 0, 17, 64, 217 }, // U+00A4
    { 22, 21, 322, -1, 21, 116, 281 }, // U+00A5
    { 5, 28, 151, 2, 22, 35, 397 }, // U+00A6
    { 16, 26, 268, 0, 21, 104, 432 }, // U+00A7
    { 13, 6, 233, 1, 24, 20, 536 }, // U+00A8
    { 23, 22, 369, 0, 21, 127, 556 }, // U+00A9
    { 11, 11, 182, 0, 22, 31, 683 }, // U+00AA
    { 16, 15, 262, 0, 15, 60, 714 }, // U+00AB
    { 18, 10, 313, 1, 13, 45, 774 }, // U+00AC
    { 0, 0, 0, 0, 0, 0, 819 }, // U+00AD
    { 15, 16, 237, 0, 22, 60, 819 }, // U+00AE
    { 11, 4, 198, 2, 22, 11, 879 }, // U+00AF
    { 11, 10, 248, 2, 21, 28, 890 }, // U+00B0
    { 16, 18, 299, 1, 17, 72, 918 }, // U+00B1
    { 9, 11, 170, 1, 23, 25, 990 }, // U+00B2
    { 9, 12, 166, 1, 23, 27, 1015 }, // U+00B3
    { 8, 7, 233, 3, 24, 14, 1042 }, // U+00B4
    { 15, 21, 298, 2, 16, 79, 1056 }, // U+00B5
    { 19, 21, 356, 1, 21, 100, 1135 }, // U+00B6
    { 6, 6, 120, 1, 13, 9, 1235 }, // U+00B7
    { 7, 9, 233, 4, 1, 16, 1244 }, // U+00B8
    { 7, 12, 136, 0, 24, 21, 1260 }, // U+00B9
    { 11, 10, 187, 0, 21, 28, 1281 }, // U+00BA
    { 16, 15, 264, 1, 15, 60, 1309 }, // U+00BB
    { 22, 23, 383, 1, 22, 127, 1369 }, // U+00BC
    { 23, 22, 386, 1, 22, 127, 1496 }, // U+00BD
    { 24, 22, 397, 0, 21, 132, 1623 }, // U+00BE
    { 15, 22, 250, 0, 16, 83, 1755 }, // U+00BF
    { 22, 28, 324, -1, 28, 154, 1838 }, // U+00C0
    { 22, 28, 324, -1, 28, 154, 1992 }, // U+00C1
    { 22, 27, 324, -1, 27, 149, 2146 }, // U+00C2
    { 22, 27, 324, -1, 27, 149, 2295 }, // U+00C3
    { 22, 27, 324, -1, 27, 149, 2444 }, // U+00C4
    { 22, 27, 324, -1, 27, 149, 2593 }, // U+00C5
    { 31, 21, 502, -1, 21, 163, 2742 }, // U+00C6
    { 19, 29, 324, 1, 21, 138, 2905 }, // U+00C7
    { 16, 28, 301, 2, 28, 112, 3043 }, // U+00C8
    { 16, 28, 301, 2, 28, 112, 3155 }, // U+00C9
    { 16, 27, 301, 2, 27, 108, 3267 }, // U+00CA
    { 16, 27, 301, 2, 27, 108, 3375 }, // U+00CB
    { 13, 28, 259, 2, 28, 91, 3483 }, // U+00CC
    { 13, 28, 259, 2, 28, 91, 3574 }, // U+00CD
    { 13, 27, 259, 2, 27, 88, 3665 }, // U+00CE
    { 13, 27, 259, 2, 27, 88, 3753 }, // U+00CF
    { 21, 21, 360, 1, 21, 111, 3841 }, // U+00D0
    { 19, 27, 377, 2, 27, 129, 3952 }, // U+00D1
    { 22, 29, 379, 1, 28, 160, 4081 }, // U+00D2
    { 22, 29, 379, 1, 28, 160, 4241 }, // U+00D3
    { 22, 28, 379, 1, 27, 154, 4401 }, // U+00D4
    { 22, 28, 379, 1, 27, 154, 4555 }, // U+00D5
    { 22, 28, 379, 1, 27, 154, 4709 }, // U+00D6
    { 14, 14, 248, 1, 15, 49, 4863 }, // U+00D7
    { 22, 23, 377, 1, 22, 127, 4912 }, // U+00D8
    { 18, 29, 357, 2, 28, 131, 5039 }, // U+00D9
    { 18, 29, 357, 2, 28, 131, 5170 }, // U+00DA
    { 18, 28, 357, 2, 27, 126, 5301 }, // U+00DB
    { 18, 28, 357, 2, 27, 126, 5427 }, // U+00DC
    { 22, 28, 322, -1, 28, 154, 5553 }, // U+00DD
    { 17, 21, 309, 2, 21, 90, 5707 }, // U+00DE
    { 19, 23, 311, 0, 22, 110, 5797 }, // U+00DF
    { 18, 25, 308, 0, 24, 113, 5907 }, // U+00E0
    { 18, 25, 308, 0, 24, 113, 6020 }, // U+00E1
    { 18, 24, 308, 0, 23, 108, 6133 }, // U+00E2
    { 18, 24, 308, 0, 23, 108, 6241 }, // U+00E3
    { 18, 25, 308, 0, 24, 113, 6349 }, // U+00E4
    { 18, 26, 308, 0, 25, 117, 6462 }, // U+00E5
    { 26, 17, 420, 0, 16, 111, 6579 }, // U+00E6
    { 16, 24, 254, 0, 16, 96, 6690 }, // U+00E7
    { 17, 25, 274, 0, 24, 107, 6786 }, // U+00E8
    { 17, 25, 274, 0, 24, 107, 6893 }, // U+00E9
    { 17, 24, 274, 0, 23, 102, 7000 }, // U+00EA
    { 17, 25, 274, 0, 24, 107, 7102 }, // U+00EB
    { 9, 24, 135, -1, 24, 54, 7209 }, // U+00EC
    { 8, 24, 135, 0, 24, 48, 7263 }, // U+00ED
    { 12, 23, 135, -2, 23, 69, 7311 }, // U+00EE
    { 13, 24, 135, -2, 24, 78, 7380 }, // U+00EF
    { 17, 23, 279, 0, 22, 98, 7458 }, // U+00F0
    { 15, 23, 296, 2, 23, 87, 7556 }, // U+00F1
    { 18, 25, 299, 0, 24, 113, 7643 }, // U+00F2
    { 18, 25, 299, 0, 24, 113, 7756 }, // U+00F3
    { 18, 24, 299, 0, 23, 108, 7869 }, // U+00F4
    { 18, 24, 299, 0, 23, 108, 7977 }, // U+00F5
    { 18, 25, 299, 0, 24, 113, 8085 }, // U+00F6
    { 16, 18, 279, 1, 17, 72, 8198 }, // U+00F7
    { 18, 19, 299, 0, 17, 86, 8270 }, // U+00F8
    { 16, 25, 300, 1, 24, 100, 8356 }, // U+00F9
    { 16, 25, 300, 1, 24, 100, 8456 }, // U+00FA
    { 16, 24, 300, 1, 23, 96, 8556 }, // U+00FB
    { 16, 25, 300, 1, 24, 100, 8652 }, // U+00FC
    { 18, 31, 289, 0, 24, 140, 8752 }, // U+00FD
    { 17, 29, 308, 2, 22, 124, 8892 }, // U+00FE
    { 18, 31, 289, 0, 24, 140, 9016 }, // U+00FF
    { 0, 0, 257, 0, 0, 0, 0 }, // U+2007
    { 0, 0, 121, 0, 0, 0, 0 }, // U+2008
    { 0, 0, 96, 0, 0, 0, 0 }, // U+2009
    { 0, 0, 48, 0, 0, 0, 0 }, // U+200A
    { 0, 0, 0, 0, 0, 0, 0 }, // U+200B
    { 0, 0, 0, 0, 0, 0, 0 }, // U+200C
    { 0, 0, 0, 0, 0, 0, 0 }, // U+200D
    { 0, 0, 0, 0, 0, 0, 0 }, // U+200E
    { 0, 0, 0, 0, 0, 0, 0 }, // U+200F
    { 11, 5, 209, 1, 11, 14, 0 }, // U+2010
    { 15, 5, 272, 1, 11, 19, 14 }, // U+2012
    { 15, 5, 278, 1, 11, 19, 33 }, // U+2013
    { 25, 5, 435, 1, 11, 32, 52 }, // U+2014
    { 25, 5, 430, 1, 11, 32, 84 }, // U+2015
    { 7, 10, 129, 1, 22, 18, 116 }, // U+2018
    { 7, 10, 129, 0, 22, 18, 134 }, // U+2019
    { 7, 10, 134, 1, 4, 18, 152 }, // U+201A
    { 13, 10, 236, 1, 22, 33, 170 }, // U+201C
    { 14, 10, 236, 0, 22, 35, 203 }, // U+201D
    { 13, 10, 239, 1, 4, 33, 238 }, // U+201E
    { 11, 17, 205, 1, 22, 47, 271 }, // U+2020
    { 11, 17, 198, 1, 22, 47, 318 }, // U+2021
    { 9, 9, 161, 1, 15, 21, 365 }, // U+2022
    { 20, 6, 344, 1, 5, 30, 386 }, // U+2026
    { 0, 0, 0, 0, 0, 0, 416 }, // U+202A
    { 0, 0, 0, 0, 0, 0, 416 }, // U+202B
    { 0, 0, 0, 0, 0, 0, 416 }, // U+202C
    { 0, 0, 0, 0, 0, 0, 416 }, // U+202D
    { 0, 0, 0, 0, 0, 0, 416 }, // U+202E
    { 38, 22, 630, 1, 21, 209, 416 }, // U+2030
    { 13, 9, 231, 1, 21, 30, 625 }, // U+2033
    { 9, 15, 147, 0, 15, 34, 655 }, // U+2039
    { 8, 15, 147, 1, 15, 30, 689 }, // U+203A
    { 19, 21, 283, -1, 21, 100, 719 }, // U+2044
    { 0, 0, 0, 0, 0, 0, 819 }, // U+2060
    { 0, 0, 0, 0, 0, 0, 819 }, // U+2061
    { 0, 0, 0, 0, 0, 0, 819 }, // U+2062
    { 0, 0, 0, 0, 0, 0, 819 }, // U+2063
    { 0, 0, 0, 0, 0, 0, 819 }, // U+2064
    { 0, 0, 0, 0, 0, 0, 819 }, // U+2066
    { 0, 0, 0, 0, 0, 0, 819 }, // U+2067
    { 0, 0, 0, 0, 0, 0, 819 }, // U+2068
    { 0, 0, 0, 0, 0, 0, 819 }, // U+2069
    { 0, 0, 0, 0, 0, 0, 819 }, // U+206A
    { 0, 0, 0, 0, 0, 0, 819 }, // U+206B
    { 0, 0, 0, 0, 0, 0, 819 }, // U+206C
    { 0, 0, 0, 0, 0, 0, 819 }, // U+206D
    { 0, 0, 0, 0, 0, 0, 819 }, // U+206E
    { 0, 0, 0, 0, 0, 0, 819 }, // U+206F
    { 19, 27, 324, 1, 24, 129, 0 }, // U+20A1
    { 17, 21, 288, 0, 21, 90, 129 }, // U+20A3
    { 19, 22, 297, 0, 21, 105, 219 }, // U+20A4
    { 25, 21, 399, 0, 21, 132, 324 }, // U+20A6
    { 21, 21, 366, 1, 21, 111, 456 }, // U+20A7
    { 30, 21, 471, 0, 21, 158, 567 }, // U+20A9
    { 14, 22, 255, 1, 21, 77, 725 }, // U+20AB
    { 19, 22, 317, 0, 21, 105, 802 }, // U+20AC
    { 23, 21, 358, 0, 21, 121, 907 }, // U+20AD
    { 21, 21, 364, 1, 21, 111, 1028 }, // U+20B1
    { 21, 28, 365, 1, 24, 147, 1139 }, // U+20B2
    { 19, 27, 324, 1, 24, 129, 1286 }, // U+20B5
    { 16, 22, 281, 1, 21, 88, 1415 }, // U+20B9
    { 18, 22, 292, 0, 21, 99, 1503 }, // U+20BA
    { 19, 24, 361, 2, 24, 114, 1602 }, // U+20BC
    { 19, 21, 331, 1, 21, 100, 1716 }, // U+20BD
    { 7, 19, 145, 1, 19, 34, 0 }, // U+2669
    { 11, 19, 211, 1, 19, 53, 34 }, // U+266A
    { 17, 22, 299, 1, 20, 94, 87 }, // U+266B
    { 17, 22, 299, 1, 20, 94, 181 }, // U+266C
    { 8, 19, 162, 1, 18, 38, 275 }, // U+266D
    { 9, 19, 167, 1, 12, 43, 313 }, // U+266E
    { 14, 25, 258, 1, 18, 88, 356 }, // U+266F
    { 33, 30, 593, 2, 25, 248, 444 }, // U+2764
    { 19, 24, 332, 0, 24, 114, 0 }, // U+FB01
    { 19, 22, 325, 0, 22, 105, 114 }, // U+FB02
    { 27, 30, 593, 5, 25, 203, 0 }, // U+1F44D
    { 31, 30, 593, 3, 25, 233, 203 }, // U+1F600
};

static const EpdUnicodeInterval lexenddeca_14_boldIntervals[] = {
    { 0x20, 0x7E, 0x0 },
    { 0xA0, 0xFF, 0x5F },
    { 0x2007, 0x2010, 0xBF },
    { 0x2012, 0x2015, 0xC9 },
    { 0x2018, 0x201A, 0xCD },
    { 0x201C, 0x201E, 0xD0 },
    { 0x2020, 0x2022, 0xD3 },
    { 0x2026, 0x2026, 0xD6 },
    { 0x202A, 0x202E, 0xD7 },
    { 0x2030, 0x2030, 0xDC },
    { 0x2033, 0x2033, 0xDD },
    { 0x2039, 0x203A, 0xDE },
    { 0x2044, 0x2044, 0xE0 },
    { 0x2060, 0x2064, 0xE1 },
    { 0x2066, 0x206F, 0xE6 },
    { 0x20A1, 0x20A1, 0xF0 },
    { 0x20A3, 0x20A4, 0xF1 },
    { 0x20A6, 0x20A7, 0xF3 },
    { 0x20A9, 0x20A9, 0xF5 },
    { 0x20AB, 0x20AD, 0xF6 },
    { 0x20B1, 0x20B2, 0xF9 },
    { 0x20B5, 0x20B5, 0xFB },
    { 0x20B9, 0x20BA, 0xFC },
    { 0x20BC, 0x20BD, 0xFE },
    { 0x2669, 0x266F, 0x100 },
    { 0x2764, 0x2764, 0x107 },
    { 0xFB01, 0xFB02, 0x108 },
    { 0x1F44D, 0x1F44D, 0x10A },
    { 0x1F600, 0x1F600, 0x10B },
};

static const EpdFontGroup lexenddeca_14_boldGroups[] = {
    { 0, 3422, 8330, 95, 0 },
    { 3422, 3083, 9993, 96, 95 },
    { 6505, 479, 900, 49, 191 },
    { 6984, 884, 1967, 16, 240 },
    { 7868, 375, 780, 8, 256 },
    { 8243, 89, 230, 2, 264 },
    { 8332, 287, 450, 2, 266 },
};

static const EpdKernClassEntry lexenddeca_14_boldKernLeftClasses[] = {
    { 0x0026, 1 }, // &
    { 0x0028, 2 }, // (
    { 0x002A, 3 }, // *
    { 0x002C, 4 }, // ,
    { 0x002E, 5 }, // .
    { 0x002F, 6 }, // /
    { 0x0030, 7 }, // 0
    { 0x0031, 8 }, // 1
    { 0x0032, 9 }, // 2
    { 0x0033, 10 }, // 3
    { 0x0034, 11 }, // 4
    { 0x0035, 12 }, // 5
    { 0x0037, 13 }, // 7
    { 0x0039, 7 }, // 9
    { 0x003C, 14 }, // <
    { 0x003E, 15 }, // >
    { 0x003F, 16 }, // ?
    { 0x0040, 17 }, // @
    { 0x0041, 18 }, // A
    { 0x0042, 19 }, // B
    { 0x0043, 20 }, // C
    { 0x0044, 21 }, // D
    { 0x0045, 22 }, // E
    { 0x0046, 23 }, // F
    { 0x0047, 24 }, // G
    { 0x0049, 25 }, // I
    { 0x004A, 26 }, // J
    { 0x004B, 27 }, // K
    { 0x004C, 28 }, // L
    { 0x004F, 21 }, // O
    { 0x0050, 29 }, // P
    { 0x0051, 30 }, // Q
    { 0x0052, 31 }, // R
    { 0x0053, 32 }, // S
    { 0x0054, 33 }, // T
    { 0x0055, 34 }, // U
    { 0x0056, 35 }, // V
    { 0x0057, 36 }, // W
    { 0x0058, 37 }, // X
    { 0x0059, 38 }, // Y
    { 0x005A, 39 }, // Z
    { 0x005B, 40 }, // [
    { 0x005C, 41 }, // <backslash>
    { 0x005F, 42 }, // _
    { 0x0061, 43 }, // a
    { 0x0062, 44 }, // b
    { 0x0063, 45 }, // c
    { 0x0064, 46 }, // d
    { 0x0065, 47 }, // e
    { 0x0066, 48 }, // f
    { 0x0067, 49 }, // g
    { 0x0068, 50 }, // h
    { 0x0069, 51 }, // i
    { 0x006A, 52 }, // j
    { 0x006B, 53 }, // k
    { 0x006C, 54 }, // l
    { 0x006D, 50 }, // m
    { 0x006E, 50 }, // n
    { 0x006F, 44 }, // o
    { 0x0070, 44 }, // p
    { 0x0071, 55 }, // q
    { 0x0072, 56 }, // r
    { 0x0073, 57 }, // s
    { 0x0074, 58 }, // t
    { 0x0075, 59 }, // u
    { 0x0076, 60 }, // v
    { 0x0077, 61 }, // w
    { 0x0078, 62 }, // x
    { 0x0079, 63 }, // y
    { 0x007A, 64 }, // z
    { 0x007B, 65 }, // {
    { 0x007D, 66 }, // }
    { 0x00A1, 67 }, // U+00A1
    { 0x00A3, 68 }, // U+00A3
    { 0x00B7, 69 }, // U+00B7
    { 0x00BF, 70 }, // U+00BF
    { 0x00C0, 18 }, // U+00C0
    { 0x00C1, 18 }, // U+00C1
    { 0x00C2, 18 }, // U+00C2
    { 0x00C3, 18 }, // U+00C3
    { 0x00C4, 18 }, // U+00C4
    { 0x00C5, 18 }, // U+00C5
    { 0x00C6, 22 }, // U+00C6
    { 0x00C8, 22 }, // U+00C8
    { 0x00C9, 22 }, // U+00C9
    { 0x00CA, 22 }, // U+00CA
    { 0x00CB, 22 }, // U+00CB
    { 0x00D0, 21 }, // U+00D0
    { 0x00D2, 21 }, // U+00D2
    { 0x00D3, 21 }, // U+00D3
    { 0x00D4, 21 }, // U+00D4
    { 0x00D5, 21 }, // U+00D5
    { 0x00D6, 21 }, // U+00D6
    { 0x00D8, 21 }, // U+00D8
    { 0x00D9, 34 }, // U+00D9
    { 0x00DA, 34 }, // U+00DA
    { 0x00DB, 34 }, // U+00DB
    { 0x00DC, 34 }, // U+00DC
    { 0x00DD, 38 }, // U+00DD
    { 0x00DE, 71 }, // U+00DE
    { 0x00DF, 72 }, // U+00DF
    { 0x00E0, 43 }, // U+00E0
    { 0x00E1, 43 }, // U+00E1
    { 0x00E2, 43 }, // U+00E2
    { 0x00E3, 43 }, // U+00E3
    { 0x00E4, 43 }, // U+00E4
    { 0x00E5, 43 }, // U+00E5
    { 0x00E7, 45 }, // U+00E7
    { 0x00E8, 47 }, // U+00E8
    { 0x00E9, 47 }, // U+00E9
    { 0x00EA, 47 }, // U+00EA
    { 0x00EB, 47 }, // U+00EB
    { 0x00EC, 51 }, // U+00EC
    { 0x00ED, 51 }, // U+00ED
    { 0x00EE, 51 }, // U+00EE
    { 0x00EF, 51 }, // U+00EF
    { 0x00F0, 73 }, // U+00F0
    { 0x00F1, 50 }, // U+00F1
    { 0x00F2, 44 }, // U+00F2
    { 0x00F3, 44 }, // U+00F3
    { 0x00F4, 44 }, // U+00F4
    { 0x00F5, 44 }, // U+00F5
    { 0x00F6, 44 }, // U+00F6
    { 0x00F8, 44 }, // U+00F8
    { 0x00F9, 59 }, // U+00F9
    { 0x00FA, 59 }, // U+00FA
    { 0x00FB, 59 }, // U+00FB
    { 0x00FC, 59 }, // U+00FC
    { 0x00FD, 63 }, // U+00FD
    { 0x00FE, 44 }, // U+00FE
    { 0x00FF, 63 }, // U+00FF
    { 0x2018, 74 }, // U+2018
    { 0x2019, 75 }, // U+2019
    { 0x201C, 76 }, // U+201C
    { 0x201D, 77 }, // U+201D
    { 0x2022, 78 }, // U+2022
    { 0xFB01, 51 }, // U+FB01
    { 0xFB02, 54 }, // U+FB02
};

static const EpdKernClassEntry lexenddeca_14_boldKernRightClasses[] = {
    { 0x0021, 1 }, // !
    { 0x0026, 2 }, // &
    { 0x0029, 3 }, // )
    { 0x002A, 4 }, // *
    { 0x002C, 5 }, // ,
    { 0x002D, 6 }, // -
    { 0x002E, 7 }, // .
    { 0x002F, 8 }, // /
    { 0x0030, 9 }, // 0
    { 0x0031, 10 }, // 1
    { 0x0032, 11 }, // 2
    { 0x0034, 12 }, // 4
    { 0x0036, 13 }, // 6
    { 0x0037, 14 }, // 7
    { 0x0038, 15 }, // 8
    { 0x003C, 16 }, // <
    { 0x003F, 17 }, // ?
    { 0x0040, 18 }, // @
    { 0x0041, 19 }, // A
    { 0x0043, 20 }, // C
    { 0x0047, 20 }, // G
    { 0x0049, 21 }, // I
    { 0x004A, 22 }, // J
    { 0x004F, 20 }, // O
    { 0x0051, 20 }, // Q
    { 0x0053, 23 }, // S
    { 0x0054, 24 }, // T
    { 0x0055, 25 }, // U
    { 0x0056, 26 }, // V
    { 0x0057, 27 }, // W
    { 0x0058, 28 }, // X
    { 0x0059, 29 }, // Y
    { 0x005A, 30 }, // Z
    { 0x005B, 31 }, // [
    { 0x005C, 32 }, // <backslash>
    { 0x005D, 33 }, // ]
    { 0x005F, 34 }, // _
    { 0x0061, 35 }, // a
    { 0x0062, 36 }, // b
    { 0x0063, 35 }, // c
    { 0x0064, 35 }, // d
    { 0x0065, 35 }, // e
    { 0x0066, 37 }, // f
    { 0x0067, 38 }, // g
    { 0x0068, 36 }, // h
    { 0x006A, 39 }, // j
    { 0x006B, 36 }, // k
    { 0x006C, 36 }, // l
    { 0x006D, 40 }, // m
    { 0x006E, 40 }, // n
    { 0x006F, 35 }, // o
    { 0x0070, 41 }, // p
    { 0x0071, 35 }, // q
    { 0x0072, 40 }, // r
    { 0x0073, 42 }, // s
    { 0x0074, 43 }, // t
    { 0x0075, 44 }, // u
    { 0x0076, 45 }, // v
    { 0x0077, 46 }, // w
    { 0x0078, 47 }, // x
    { 0x0079, 48 }, // y
    { 0x007A, 49 }, // z
    { 0x007B, 31 }, // {
    { 0x007D, 50 }, // }
    { 0x00A1, 51 }, // U+00A1
    { 0x00B7, 52 }, // U+00B7
    { 0x00BF, 53 }, // U+00BF
    { 0x00C0, 54 }, // U+00C0
    { 0x00C1, 54 }, // U+00C1
    { 0x00C2, 54 }, // U+00C2
    { 0x00C3, 54 }, // U+00C3
    { 0x00C4, 54 }, // U+00C4
    { 0x00C5, 54 }, // U+00C5
    { 0x00C6, 55 }, // U+00C6
    { 0x00C7, 20 }, // U+00C7
    { 0x00D2, 20 }, // U+00D2
    { 0x00D3, 20 }, // U+00D3
    { 0x00D4, 20 }, // U+00D4
    { 0x00D5, 20 }, // U+00D5
    { 0x00D6, 20 }, // U+00D6
    { 0x00D8, 20 }, // U+00D8
    { 0x00D9, 25 }, // U+00D9
    { 0x00DA, 25 }, // U+00DA
    { 0x00DB, 25 }, // U+00DB
    { 0x00DC, 25 }, // U+00DC
    { 0x00DD, 56 }, // U+00DD
    { 0x00DF, 57 }, // U+00DF
    { 0x00E0, 35 }, // U+00E0
    { 0x00E1, 35 }, // U+00E1
    { 0x00E2, 35 }, // U+00E2
    { 0x00E3, 35 }, // U+00E3
    { 0x00E4, 35 }, // U+00E4
    { 0x00E5, 35 }, // U+00E5
    { 0x00E7, 35 }, // U+00E7
    { 0x00E8, 35 }, // U+00E8
    { 0x00E9, 35 }, // U+00E9
    { 0x00EA, 35 }, // U+00EA
    { 0x00EB, 35 }, // U+00EB
    { 0x00F0, 58 }, // U+00F0
    { 0x00F1, 40 }, // U+00F1
    { 0x00F2, 35 }, // U+00F2
    { 0x00F3, 35 }, // U+00F3
    { 0x00F4, 35 }, // U+00F4
    { 0x00F5, 35 }, // U+00F5
    { 0x00F6, 35 }, // U+00F6
    { 0x00F8, 35 }, // U+00F8
    { 0x00F9, 44 }, // U+00F9
    { 0x00FA, 44 }, // U+00FA
    { 0x00FB, 44 }, // U+00FB
    { 0x00FC, 44 }, // U+00FC
    { 0x00FD, 48 }, // U+00FD
    { 0x00FE, 59 }, // U+00FE
    { 0x00FF, 48 }, // U+00FF
    { 0x2013, 6 }, // U+2013
    { 0x2014, 60 }, // U+2014
    { 0x2018, 61 }, // U+2018
    { 0x2019, 62 }, // U+2019
    { 0x201C, 63 }, // U+201C
    { 0x201D, 64 }, // U+201D
    { 0x2022, 65 }, // U+2022
    { 0xFB01, 37 }, // U+FB01
    { 0xFB02, 37 }, // U+FB02
};

static const int8_t lexenddeca_14_boldKernMatrix[] = {
       0,    0,   -7,    0,    0,    0,    0,    0,    0,    0,    0,    0,    0,    0,    0,    0,    0,    0,    0,    0,    0,    0,    0,  -26,    0,  -28,  -19,    0,  -23,    0,    0,    0,    0,    0,    0,    0,    0,    0,    0,    0,    0,    0,    0,    0,  -14,  -14,    0,  -14,    0,    0,    0,    0,    0,    0,    0,  -23,    0,   -5,    0,    0,    0,    0,    0,    0,    0,
       0,    0,    0,    0,    0,    0,    0,    0,    0,    0,    0,    0,    0,    0,    0,    0,    0,    0,    0,  -14,    0,  -19,    0,    0,    0,    0,    0,    0,    0,    0,    0,    0,    0,    0,  -12,    0,    0,  -11,   14,    0,   14,    0,    0,    0,    0,    0,    0,    0,    0,    0,    0,    0,    0,    0,    0,    0,    0,  -12,    7,    0,    0,    0,    0,    0,    0,
       0,    0,    0,    0,    0,    0,    0,    0,    0,    0,    0,    0,    0,    0,    0,    0,    0,    0,  -35,    0,    0,    0,    0,    0,    0,    0,    0,    0,    0,    0,    0,    0,    0,    0,    0,    0,    0,    0,    0,    0,    0,    0,    0,    0,    3,    0,    0,    0,    0,    0,    0,    0,    0,  -35,    0,    0,    0,  -12,    0,    0,    0,    0,    0,    0,    0,
       0,    0,    0,    0,    0,    0,    0,    0,    0,    0,    0,  -12,    0,    0,    0,    0,    0,    0,    0,   -9,    0,    0,    0,  -47,    0,  -56,  -37,    0,  -56,    0,    0,    0,    0,    0,    0,    0,    0,    0,    0,    0,    0,    0,    0,    0,  -37,  -19,    0,  -19,    0,    0,    0,    0,    0,    0,    0,  -56,    0,    0,    0,    0,    0,    0,    0,    0,    0,
       0,    0,    0,    0,    0,    0,    0,    0,    0,    0,    0,  -12,    0,    0,    0,    0,    0,    0,    0,   -9,    0,    0,    0,  -47,    0,  -47,  -37,    0,  -56,    0,    0,    0,    0,    0,    0,    0,    0,    0,    0,    0,    0,    0,    0,    0,  -37,  -19,    0,  -19,    0,    0,    0,    0,    0,    0,    0,  -56,    0,    0,    0,    0,    0,    0,    0,    0,    0,
       0,    0,    0,    0,    0,    0,    0,  -43,  -23,  -14,  -14,  -28,  -23,    0,    0,    0,    0,    0,  -47,  -19,    0,  -23,    0,    0,    0,    0,    0,    0,    0,    0,    0,    0,    0,    0,  -23,    0,    0,  -23,    0,    0,    0,  -14,    0,    0,    0,    0,   -3,    0,    0,    0,    0,    0,    0,  -47,    0,    0,   -6,  -15,    0,    0,    0,    0,    0,    0,    0,
       0,    0,    0,    0,    0,    0,    0,  -23,    0,    0,    0,    0,    0,    0,    0,    0,    0,    0,    0,    0,    0,    0,    0,    0,    0,    0,    0,    0,    0,    0,    0,    0,    0,    0,    0,    0,    0,    0,    0,    0,    0,    0,    0,    0,    0,    0,    0,    0,    0,    0,    0,    0,    0,    0,    0,    0,    0,    0,    0,    0,    0,    0,    0,    0,    0,
       0,    0,    0,    0,    0,    0,    0,    0,    0,    0,    0,    0,    0,    0,    0,  -19,    0,    0,    0,    0,    0,    0,    0,    0,    0,    0,    0,    0,    0,    0,    0,    0,    0,    0,    0,    0,    0,    0,    0,    0,    0,    0,    0,    0,    0,    0,    0,    0,    0,    0,    0,    0,    0,    0,    0,    0,    0,    0,    0,    0,    0,    0,    0,    0,    0,
       0,    0,    0,    0,    0,    0,    0,    0,    0,    0,    0,   -9,    0,    0,    0,    0,    0,    0,    0,    0,    0,    0,    0,    0,    0,    0,    0,    0,    0,    0,    0,    0,    0,    0,    0,    0,    0,    0,    0,    0,    0,    0,    0,    0,    0,    0,    0,    0,    0,    5,    0,    0,    0,    0,    0,    0,    0,    0,    0,    0,    0,    0,    0,    0,    0,
       0,    0,    0,    0,    0,    0,    0,  -12,    0,    0,    0,    0,    0,    0,    0,    0,    0,    0,    0,    0,    0,    0,    0,    0,    0,    0,    0,    0,    0,    0,    0,    0,    0,    0,    0,    0,    0,    0,    0,    0,    0,    0,    0,    0,    0,    0,    0,    0,    0,    0,    0,    0,    0,    0,    0,    0,    0,    0,    0,    0,    0,    0,    0,    0,    0,
       0,    0,    0,    0,    0,    0,    0,    0,    0,    0,   -9,    0,    0,   -9,    0,    0,    0,    0,    0,    0,    0,    0,    0,    0,    0,    0,    0,    0,    0,    0,    0,    0,    0,    0,    0,    0,    0,    0,    0,    0,    0,    0,    0,    0,    0,    0,    0,    0,    0,    0,    0,    0,    0,    0,    0,    0,    0,    0,    0,    0,    0,    0,    0,    0,    0,
       0,    0,    0,    0,    0,    0,    0,  -19,    0,    0,    0,    0,    0,    0,    0,    0,    0,    0,    0,    0,    0,    0,    0,    0,    0,    0,    0,    0,    0,    0,    0,    0,    0,    0,    0,    0,    0,    0,    0,    0,    0,    0,    0,    0,    0,    0,    0,    0,    0,    0,    0,    0,    0,    0,    0,    0,    0,    0,    0,    0,    0,    0,    0,    0,    0,
       0,    0,    0,    0,  -47,    0,  -37,  -56,    0,   -7,   -9,  -12,   -9,    0,   -9,  -23,    0,    0,    0,    0,    0,    0,    0,    0,    0,    0,    0,    0,    0,    0,    0,    0,    0,    0,    0,    0,    0,    0,    0,    0,    0,    0,    0,    0,    0,    0,    0,    0,    0,    0,    0,    0,    0,    0,    0,    0,    0,    0,    0,    0,    0,    0,    0,    0,    0,
       0,    0,    0,    0,    0,    0,    0,    0,    0,   -9,    0,    0,    0,    0,    0,    0,    0,    0,    0,    0,    0,    0,    0,    0,    0,    0,    0,    0,    0,    0,    0,    0,    0,    0,    0,    0,    0,    0,    0,    0,    0,    0,    0,    0,    0,    0,    0,    0,    0,    0,    0,    0,    0,    0,    0,    0,    0,    0,    0,    0,    0,    0,    0,    0,    0,
       0,    0,    0,    0,    0,    0,    0,    0,    0,  -28,  -14,    0,    0,  -23,    0,    0,    0,    0,    0,    0,    0,    0,    0,    0,    0,    0,    0,    0,    0,    0,    0,    0,    0,    0,    0,    0,    0,    0,    0,    0,    0,    0,    0,    0,    0,    0,    0,    0,    0,    0,    0,    0,    0,    0,    0,    0,    0,    0,    0,    0,    0,    0,    0,    0,    0,
       0,    0,    0,    0,    0,    0,    0,    0,    0,    0,    0,    0,    0,    0,    0,    0,    0,    0,  -19,    0,    0,  -35,    0,    0,    0,    0,    0,    0,    0,    0,    0,    0,    0,    0,    0,    0,    0,    0,    0,    0,    0,    0,    0,    0,    0,    0,    0,    0,    0,    0,    0,    0,    0,  -19,    0,    0,    0,   -7,    0,    0,    0,    0,    0,    0,    0,
       0,    0,    0,    0,    0,    0,    0,    0,    0,    0,    0,    0,    0,    0,    0,    0,    0,    0,    0,    0,    0,    0,    0,    0,    0,   -3,    0,    0,    0,    0,    0,    0,    0,    0,    0,    0,    0,    0,    0,    0,    0,    0,    0,    0,    0,    0,   -1,    0,    0,    0,    0,    0,    0,    0,    0,    0,    0,    0,    0,    0,    0,    0,    0,    0,    0,
       0,    0,    0,  -35,    0,  -23,    0,    0,    0,    0,    0,    0,    0,    0,    0,    0,    0,    0,    0,   -9,    0,    0,    0,  -23,   -9,  -35,  -19,    0,  -37,    0,    0,  -47,    0,    0,   -9,    0,   -9,   -5,    0,    0,    0,    0,   -2,   -5,  -23,  -21,    0,  -12,    0,    0,    0,    0,    0,    0,    0,  -37,   -9,   -9,    0,  -23,  -61,  -63,  -33,  -35,    0,
       0,    0,   -9,    0,    0,    0,    0,  -19,    0,    0,    0,    0,    0,    0,    0,    0,    0,    0,    0,    0,    0,    0,    0,   -7,    0,   -4,   -3,   -6,  -11,    0,    0,    0,    0,    0,    0,   -1,    0,   -2,    0,    0,    0,    0,    0,    0,    0,    0,   -1,    0,    0,    0,    0,    0,    0,    0,    0,  -11,    0,    0,   -1,    0,    0,    0,    0,    0,    0,
       0,    0,    9,    0,    0,    0,    0,    0,    0,    0,    0,    0,    0,    0,    0,    0,    0,    0,    0,    0,    0,    0,    0,    0,    0,    0,    0,    0,    0,    0,    0,    0,    0,    0,    0,    0,    0,    0,    0,    0,    0,    0,    0,    0,    0,    0,    0,    0,    0,    0,    0,    0,    0,    0,    0,    0,    0,    0,    0,    0,    0,   19,    0,   19,    0,
       0,    0,  -14,    0,    0,    0,   -9,  -19,    0,    0,    0,    0,    0,    0,    0,    0,    0,    0,   -9,    0,   -7,   -7,    0,  -14,    0,  -14,   -2,  -16,  -16,  -21,    0,  -23,    0,    0,    0,    0,    0,    0,    0,    0,    0,    0,    0,    0,    0,    0,   -5,    0,    0,  -12,    0,    0,    0,   -9,    0,  -16,    0,    0,    0,    0,    0,    0,    0,    0,    0,
       0,    0,    0,    0,    0,    0,    0,    0,    0,    0,    0,    0,    0,    0,    0,    0,    0,    0,    0,    0,    0,   -5,    0,    0,    0,    0,    0,    0,    0,    0,    0,    0,    0,    0,   -2,    0,    0,   -5,    0,    0,    0,    0,    0,   -5,   -7,    0,    0,   -5,    0,    0,    0,    0,    0,    0,    0,    0,    0,   -2,    0,    0,    0,    0,    0,    0,    0,
       0,    0,    0,    0,  -37,    0,  -37,    0,    0,    0,    0,    0,    0,    0,    0,    0,    0,    0,  -28,   -4,    0,  -56,   -2,    7,    0,    0,    0,   -2,    0,    0,    0,    0,    0,    0,   -7,    0,    0,   -5,    0,   -4,   -4,   -5,    0,   -7,   -2,    0,   -7,    0,   -2,    0,    0,    0,    0,  -28,  -51,    0,    0,   -7,    0,    0,    0,    0,    0,    0,    0,
       0,    0,    0,    0,    0,    0,    0,  -19,    0,    0,    0,    0,    0,    0,    0,    0,    0,    0,   -5,    0,   -5,    0,    0,  -12,    0,   -7,   -5,    0,  -11,    0,    0,  -23,    0,    0,    0,    0,    0,    0,    0,    0,    0,    0,    0,    0,    0,    0,    0,    0,    0,    0,    0,    0,    0,   -5,    0,  -11,    0,    0,    0,    0,    0,    0,    0,    0,    0,
       0,    0,    0,    0,    0,    0,    0,    0,    0,    0,    0,    0,    0,    0,    0,    0,    0,    0,    0,   -7,    0,    0,    0,    0,    0,    0,    0,    0,    0,    0,    0,    0,    0,    0,    0,    0,    0,    0,    0,    0,    0,    0,    0,    0,    0,    0,    0,    0,    0,    0,    0,    0,    0,    0,    0,    0,    0,    0,    0,    0,    0,    0,    0,    0,    0,
       0,    0,   19,    0,  -33,    0,  -23,  -23,    0,    0,    0,    0,    0,    0,    0,    0,    0,    0,  -35,  -14,    0,  -23,    0,    0,    0,    0,    0,    0,    0,    0,    0,    0,   14,    0,  -23,    0,  -23,  -23,    0,  -19,  -19,  -19,    0,  -23,  -19,   -9,    0,  -19,   -9,   19,    0,    0,    0,  -35,    0,    0,  -23,  -23,    0,    0,   28,   37,   28,   37,    0,
       0,    0,    0,    0,    0,  -42,    0,    0,    0,    0,    0,    0,    0,    0,    0,    0,    0,    0,    0,  -21,    0,  -14,   -5,    0,   -7,   -2,   -2,    0,    9,    0,    0,    0,    0,    0,  -21,    0,    0,    0,    0,   -4,   -4,   -2,   -1,   -6,  -19,  -19,    0,  -19,    0,    0,    0,    0,    0,    0,    0,    9,    0,  -21,    0,  -42,    0,    0,    0,    0,    0,
       0,    0,    0,  -35,    0,  -28,    0,    0,    0,    0,    0,    0,    0,    0,    0,    0,    0,    0,    0,   -9,    0,    0,    0,  -39,   -9,  -35,  -35,    0,  -56,    0,    0,  -47,    0,    0,   -9,    0,    0,    0,    0,    0,    0,    0,   -2,    0,  -11,   -2,    0,  -19,    9,    0,    0,    0,    0,    0,    0,  -56,    0,   -9,    0,  -28,  -56,  -47,  -56,  -47,    0,
       0,    0,    0,    0,  -60,    0,  -47,  -37,    0,    0,    0,    0,    0,    0,    0,    0,    0,    0,  -30,    0,    0,  -35,    0,    0,    0,    0,    4,   -7,    0,   -7,    0,  -23,    0,    0,   -5,    0,    4,   -5,    0,    0,    0,    0,    7,   -2,    5,    7,    0,    5,    0,    0,    0,    0,    0,  -30,    0,    0,    4,   -5,    0,    0,   14,   23,   14,   23,    0,
       0,    0,  -14,    0,    0,    0,   -9,  -19,    0,    0,    0,    0,    0,    0,    0,    0,    0,    0,   -9,    0,   -7,   -7,    0,  -14,    0,  -14,   -2,  -16,  -16,  -21,    0,  -23,    0,   -5,    0,    0,    0,    0,    0,    0,    0,    0,    0,    0,    0,    0,   -5,    0,    0,  -12,    0,    0,    0,   -9,    0,  -16,    0,    0,    0,    0,    0,    0,    0,    0,    0,
       0,    0,    0,    0,    0,  -28,    0,    0,    0,    0,    0,    0,    0,    0,    0,    0,    0,    0,    0,   -5,    0,  -14,    0,   -9,   -2,  -14,    0,    0,  -23,    0,    0,  -19,    0,    0,   -9,    0,    0,    0,    0,    0,    0,    0,    0,   -5,    0,    0,    0,    0,    0,    0,    0,    0,    0,    0,    0,  -23,    0,   -9,    0,  -28,    0,    0,    0,    0,    0,
       0,    0,    0,    0,    0,    0,    0,    0,    0,    0,    0,    0,    0,    0,    0,    0,    0,    0,    0,    0,    0,    0,    0,    0,    0,    0,    0,   -7,   -7,    0,    0,    0,    0,    0,    0,    0,    0,    0,    0,    0,    0,    0,    0,    0,    0,    0,    0,    0,    0,    0,    0,    0,    0,    0,    0,   -7,    0,    0,    0,    0,    0,    0,    0,    0,    0,
       0,  -26,    0,    0,  -47,  -47,  -47,  -28,    0,    0,    0,    0,    0,    0,    0,    0,    0,    0,  -23,  -14,    0,  -37,    0,   14,    0,    5,    5,    0,    5,    0,    0,    0,    0,    0,  -47,    0,    0,  -21,    0,  -28,   -9,  -47,    0,  -47,   -5,  -33,   -7,  -23,  -33,    0,    0,    0,    0,  -23,  -54,    5,    0,  -47,    0,  -47,    0,    0,    0,    0,    0,
       0,    0,    0,    0,    0,    0,    0,    0,    0,    0,    0,    0,    0,    0,    0,    0,    0,    0,   -9,    0,    0,   -5,   -5,    0,    0,    0,    0,   -5,   -5,    0,    0,    0,    0,    0,    0,    0,    0,    0,    0,    0,    0,    0,    0,    0,    0,    0,   -2,    0,    0,    0,    0,    0,    0,   -9,    0,   -5,    0,    0,    0,    0,    0,    0,    0,    0,    0,
       0,  -23,    0,    0,  -56,    0,  -47,  -37,    0,    0,    0,    0,    0,    0,    0,    0,    3,   -3,  -35,  -14,    0,  -47,   -5,    5,    0,    0,    0,    0,    0,    0,  -47,    0,    0,  -14,  -28,    0,    0,   -9,    0,   -9,   -6,   -7,    0,  -12,    0,    0,    0,    0,   -2,  -47,   -3,   -6,   -9,  -35,  -61,    0,    0,  -28,    0,  -47,    0,    0,    0,    0,   -4,
       0,  -14,    0,    0,  -37,    0,  -37,  -37,    0,    0,    0,    0,    0,    0,    0,    0,    0,    0,  -19,   -2,    0,  -37,   -5,    5,    0,    0,    0,    0,    0,    0,  -33,    0,    0,    0,  -12,    0,    0,   -9,    0,   -1,   -1,    0,    0,   -5,    0,    0,    0,    0,    0,  -33,    0,    0,    0,  -19,    0,    0,    0,  -12,    0,  -33,    0,    0,    0,    0,    0,
       0,    0,    0,    0,    0,    0,    0,    0,    0,    0,    0,    0,    0,    0,    0,    0,    0,    0,    0,  -16,    0,    0,   -7,    0,   -5,    0,    0,    0,    0,    0,  -37,    0,    0,    0,  -12,    0,    0,   -1,    0,    0,    0,    0,    0,   -5,  -12,   -8,    0,  -11,    0,  -37,    0,    0,    0,    0,    0,    0,    0,  -12,    0,  -37,    0,    0,    0,    0,    0,
       0,  -23,    0,    0,  -56,    0,  -56,  -56,    0,    0,    0,    0,    0,    0,    0,    0,    0,    0,  -37,  -16,    0,  -56,  -12,    5,   -5,    0,    0,    0,    0,    0,  -47,    0,    0,    0,  -37,    0,    0,  -37,    0,  -11,  -10,  -17,    0,   -9,   -5,   -5,   -9,   -5,   -5,  -47,    0,    0,    0,  -37,    0,    0,    0,  -37,    0,  -56,    0,    0,    0,    0,    0,
       0,    0,    0,    0,    0,    0,    0,    0,    0,    0,    0,    0,    0,    0,    0,    0,    0,    0,    0,   -2,    0,    0,    0,    0,    0,    0,    0,    0,    0,    0,    0,    0,    0,    0,   -2,    0,    0,    0,    0,    0,    0,    0,    0,   -2,   -2,    0,    0,    0,    0,    0,    0,    0,    0,    0,    0,    0,    0,   -2,    0,    0,    0,    0,    0,    0,    0,
       0,    0,    0,    0,    0,    0,    0,    0,    0,  -19,  -23,    0,    0,    0,    0,    0,    0,    0,  -23,    0,    0,  -51,    0,  -47,    0,  -47,  -33,  -37,  -56,    0,    0,    0,    0,    0,    0,    0,    0,    0,    0,    0,    0,    0,    0,    0,   -9,   -9,  -19,   -9,    0,    0,    0,    0,    0,    0,    0,    0,    0,    0,    0,    0,    0,    0,    0,    0,    0,
       0,    0,    0,    0,    0,    0,    0,    0,    0,    0,    0,    0,    0,    0,    0,    0,    0,    0,    0,  -23,    0,    0,    0,  -28,    0,  -19,  -19,    0,  -37,    0,    0,  -43,    0,    0,    0,    0,    0,    0,   28,    0,    0,    0,    0,    0,   -3,    0,    0,    0,    0,    0,    0,    0,    0,    0,    0,  -37,   -3,  -10,    0,    0,    0,    0,    0,    0,    0,
       0,    0,    0,    0,    0,    0,    0,    0,    0,    0,    0,    0,    0,    0,    0,    0,    0,    0,    0,    0,    0,    0,    0,    0,    0,  -14,    0,    0,    0,    0,    0,    0,    0,    0,    0,    0,    0,    0,    0,    0,    0,    0,    0,    0,  -10,    0,    0,    0,    0,    0,    0,    0,    0,    0,    0,    0,    0,  -16,    4,    0,    0,    0,    0,    0,    0,
       0,    0,    0,    0,    0,    0,    0,    0,    0,    0,    0,    0,    0,    0,    0,    0,    0,    0,    9,   -9,    0,    0,    0,  -30,   -5,  -13,   -5,    0,  -25,    0,    0,  -14,    0,    0,    0,    0,    0,    0,    0,    0,    0,    0,    0,   -5,   -6,   -3,    0,   -6,    0,    0,    0,    0,    0,    9,    0,  -25,    0,    0,    0,    0,    0,    0,    0,    0,    0,
       0,    0,  -12,    0,    0,    0,    0,  -23,    0,    0,    0,    0,    0,    0,    0,    0,    0,    0,    0,    0,    0,    0,    0,  -22,    0,  -11,   -7,   -7,  -18,   -5,    0,  -23,    0,    0,    0,    0,   -9,    0,    0,    0,    0,    0,    0,    0,   -7,   -9,   -9,   -9,   -5,  -12,    0,    0,    0,    0,    0,  -18,   -9,    0,    0,    0,    0,    0,    0,    0,    0,
       0,    0,    0,    0,    0,    0,    0,    0,    0,    0,    0,    0,    0,    0,    0,    0,    0,    0,    0,    0,    0,    0,    0,  -14,    0,   -7,   -5,   -2,  -16,    0,    0,    0,    0,    0,    0,    0,    0,    0,    0,    0,    2,    0,    0,    0,    0,    0,    0,   -7,    0,    0,    0,    0,    0,    0,    0,  -16,    0,    0,    0,    0,    0,   14,    0,   14,    0,
       0,    0,    0,    0,    0,    0,    0,    0,    0,    0,    0,    0,    0,    0,    0,    0,    0,    0,    0,    0,    0,    0,    0,    0,    0,    0,    0,    0,    0,    0,    0,    0,    0,    0,    0,    0,    0,    0,    0,    0,    0,    0,    0,    7,    0,    0,    0,    0,    0,    0,    0,    0,    0,    0,    0,    0,    0,    0,    0,    0,    0,    0,    0,    0,    0,
       0,    0,    0,    0,    0,    0,    0,    0,    0,    0,    0,    0,    0,    0,    0,    0,    0,    0,    0,    0,    0,    0,    0,  -21,    0,   -9,   -5,   -5,  -16,    0,    0,  -19,    0,    0,    0,    0,    0,   -2,    0,    0,    0,    0,    0,    0,   -5,   -5,   -1,   -5,    0,    0,    0,    0,    0,    0,    0,  -16,    0,    0,    0,    0,    0,    0,    0,    0,    0,
       0,    0,   14,   14,    0,    0,    0,   -9,    0,    0,    0,    0,    0,    0,    0,    0,    0,    0,   -9,    0,    0,    0,    0,   28,    0,   26,   23,   23,   23,   23,    0,    0,   19,    0,   -9,    0,    0,    0,    0,    0,    0,    0,    1,    0,    5,    1,    0,    0,    2,    0,    0,    0,    0,   -9,    0,   23,    0,   -9,    0,    0,   14,   19,   14,   19,    0,
       0,    0,    0,    0,   -2,    0,    0,    0,    0,    0,    0,    0,    0,    0,    0,    0,    0,    0,   -7,   -5,    0,    0,   -2,    0,    0,    0,    0,    0,   -7,    0,    0,  -14,    0,    0,    0,    0,    0,    0,    5,    0,    0,   -5,    0,   -4,    0,    0,    0,    0,    0,    0,    0,    0,    0,   -7,    0,   -7,    0,    0,    0,    0,    0,    0,    0,    0,    0,
       0,    0,    0,    0,    0,    0,    0,    0,    0,    0,    0,    0,    0,    0,    0,    0,    0,    0,    0,    0,    0,    0,    0,  -14,    0,  -14,    0,    0,  -12,    0,    0,  -19,    0,    0,    0,    0,    0,    0,    0,    0,    0,    0,    0,    0,    0,    0,    0,   -2,    0,    0,    0,    0,    0,    0,    0,  -12,    0,    0,    0,    0,    0,    0,    0,    0,    0,
       0,    0,    0,    0,    0,    0,    0,    0,    0,    0,    0,    0,    0,    0,    0,    0,    0,    0,    0,    0,    0,    0,    0,  -14,    0,    0,    0,    0,    0,    0,    0,    0,    0,    0,    0,    0,    0,    0,    0,    0,    0,    0,    0,    0,    0,    0,    0,    0,    0,    0,    0,    0,    0,    0,    0,    0,    0,    0,    0,    0,    0,    0,    0,    0,    0,
       0,    0,    0,    0,    0,    0,    0,    0,    0,    0,    0,    0,    0,    0,    0,    0,    0,    0,    0,    0,    0,    0,    0,  -14,   -5,    0,    0,    0,    0,    0,    0,    0,    0,    0,    0,    0,    0,    0,    2,    0,    0,    0,    0,    0,    0,    0,    0,    0,    0,    0,    0,    0,    0,    0,    0,    0,    0,    0,    0,    0,    0,    0,    0,    0,    0,
       0,    0,    0,    0,    0,    0,    0,    0,    0,    0,    0,    0,    0,    0,    0,    0,    0,    0,    0,   -5,    0,    0,    0,    0,    0,    0,    0,    0,   -9,    0,    0,  -19,    0,    0,  -10,   -2,    0,   -9,   -2,    0,    0,   -2,    0,   -2,    0,    0,    0,    0,    0,    0,    0,    0,    0,    0,    0,   -9,    0,  -10,   -2,    0,    0,    0,    0,    0,    0,
       0,    0,    0,    0,    0,    0,    0,    0,    0,    0,    0,    0,    0,    0,    0,    0,    0,    0,    0,   -9,    0,    0,    0,  -12,    0,  -14,   -9,    0,  -14,    0,    0,    0,    0,    0,   -5,    0,    0,   -5,   -7,    0,    0,    0,   -1,   -2,  -12,   -7,    0,   -7,    0,    0,    0,    0,    0,    0,    0,  -14,    0,   -5,    0,    0,    0,    0,    0,    0,    0,
       0,    0,   14,    0,    0,    0,    0,    0,    0,    0,    0,    0,    0,    0,    0,    0,    0,    0,    0,    0,    0,    0,    0,   -9,    0,   -8,    0,    0,   -7,    0,    0,   -3,    0,    0,    0,    0,    0,    0,    9,    0,    0,    0,    0,    0,    0,    0,    0,    0,    0,    0,    0,    0,    0,    0,    0,   -7,    0,    0,    0,    0,    0,    0,    0,    0,    0,
       0,    0,    0,    9,  -33,    0,  -53,   -9,    0,    0,    0,    0,    0,    0,    0,    0,    0,    0,  -14,    0,    0,    0,    0,   -5,    0,    0,    0,   -7,    0,    0,  -14,    0,    0,    0,  -10,    0,    0,   -7,   -5,    0,    0,    0,    9,    0,   23,   23,    0,    0,    0,  -14,    0,    0,    0,  -14,    0,    0,    0,  -10,    0,    0,    0,   23,    0,   23,    0,
       0,    0,    0,    0,    0,    0,    0,    0,    0,    0,    0,    0,    0,    0,    0,    0,    0,    0,    0,   -2,    0,    0,    0,  -21,    0,   -2,    0,   -2,   -9,    0,    0,    0,    0,    0,    0,    0,    0,    0,    0,    0,    0,    0,    0,    0,    0,    0,   -2,    0,    0,    0,    0,    0,    0,    0,    0,   -9,    0,    0,    0,    0,    0,    0,    0,    0,    0,
       0,    0,    0,    0,   -9,    0,    0,    0,    0,    0,    0,    0,    0,    0,    0,    0,    0,    0,    0,    0,    0,    0,    0,    0,    0,    0,    0,    0,    0,    0,    0,    0,    0,    0,   -2,    0,  -12,   -2,    0,    0,    0,    9,    0,    0,    0,    0,    0,    0,    0,    0,    0,    0,    0,    0,    0,    0,  -12,   -2,    0,    0,    0,    0,    0,    0,    0,
       0,    0,    0,    0,    0,    0,    0,    0,    0,    0,    0,    0,    0,    0,    0,    0,    0,    0,    0,    0,    0,    0,    0,  -14,    0,   -5,   -5,    0,   -7,    0,    0,    0,    0,    0,    0,    0,    0,   -5,    0,    0,    0,    0,    0,    0,    0,    0,    0,    0,    0,    0,    0,    0,    0,    0,    0,   -7,    0,    0,    0,    0,    0,    0,    0,    0,    0,
       0,  -14,    0,    3,  -19,    0,  -19,   -9,    0,    0,    0,    0,    0,    0,    0,    0,    2,    0,  -12,    0,    0,    0,    0,   -5,    0,    0,    0,  -12,   -5,   -9,   -9,    0,    0,  -10,   -7,    0,    0,   -5,    0,    0,    0,   -2,   23,    0,   23,    0,    0,    0,    0,   -9,    0,    0,   -6,  -12,    0,   -5,    0,   -9,    0,    0,    0,    0,    0,    0,    0,
       0,  -14,    0,    0,  -19,    0,  -19,   -9,    0,    0,    0,    0,    0,    0,    0,    0,    0,    0,   -2,    0,    0,    0,    0,   -5,    0,    0,    0,   -8,   -5,   -2,   -9,    0,    0,    0,   -7,    0,    0,   -7,    0,    0,    0,   -2,   23,    0,   19,    0,    0,    0,    0,   -9,    0,    0,    0,   -2,    0,   -5,    0,   -7,    0,    0,    0,    0,    0,    0,    0,
       0,   -1,    0,    0,    0,    0,    0,    0,    0,    0,    0,    0,    0,    0,    0,    0,    0,    0,    0,   -5,    0,    0,    0,   -7,   -2,    0,    0,    0,   -9,    0,  -19,   -3,    0,    0,  -14,    0,    0,    0,    0,    0,    0,   -2,    0,   -2,    0,    0,    0,    0,    0,  -19,    0,   -3,    0,    0,    0,   -9,    0,  -15,    0,    0,    0,    0,    0,    0,    0,
       0,  -14,    0,    0,    0,    0,  -19,   -9,    0,    0,    0,    0,    0,    0,    0,    0,    0,    0,  -12,    0,    0,    0,    0,   -5,    0,    0,    0,   -9,   -5,   -5,   -9,    0,    0,    0,   -5,    0,    0,   -7,    0,    0,    0,   -5,    0,    0,    0,    0,    0,    0,    0,   -9,    0,    0,    0,  -12,    0,   -5,    0,   -5,    0,    0,    0,    0,    0,    0,    0,
       0,    0,    0,    0,    0,    0,    0,    0,    0,    0,    0,    0,    0,    0,    0,    0,    0,    0,    0,    0,    0,    0,    0,   -5,    0,    0,    0,    0,   -5,    0,    0,  -19,    0,    0,   -5,    0,    0,    0,    0,    0,    0,    0,    0,    0,    0,    0,    0,    0,    0,    0,    0,    0,    0,    0,    0,   -5,    0,   -5,    0,    0,    0,    0,    0,    0,    0,
       0,    0,    0,    0,    0,    0,    0,    0,    0,  -19,  -23,    0,    0,    0,    0,    0,    0,    0,  -23,  -12,    0,  -47,    0,  -47,    0,  -47,  -33,  -37,  -56,    0,    0,    0,    0,    0,  -12,    0,    0,    0,    0,    0,    0,    0,    0,    0,   -9,   -9,  -19,   -9,    0,    0,    0,    0,    0,    0,    0,    0,    0,  -12,    0,    0,    0,    0,    0,    0,    0,
       0,    0,    0,    0,    0,    0,    0,    0,    0,  -19,  -23,    0,    0,    0,    0,    0,    0,    0,  -23,    0,    0,  -23,    0,  -47,    0,  -47,  -33,  -37,  -56,    0,    0,    0,    0,    0,    0,    0,    0,    0,    0,    0,    0,    0,    0,    0,   -9,   -9,  -19,   -9,    0,    0,    0,    0,    0,    0,    0,    0,    0,    0,    0,    0,    0,    0,    0,    0,    0,
       0,    0,    0,    0,    0,    0,    0,    0,    0,    0,    0,    0,    0,    0,    0,    0,    0,    0,    0,    0,    0,    0,    0,    0,    0,   -3,    0,    0,    0,    0,    0,    0,    0,    0,    0,    0,    0,    0,    0,    0,    0,    0,    0,    0,    0,    0,    0,    0,    0,    0,    0,    0,    0,    0,    0,    0,    0,    0,    0,    0,    0,    0,    0,    0,    0,
       0,    0,    0,    0,    0,    0,    0,    0,  -19,  -14,    0,  -14,    0,    0,    0,    0,    0,    0,    0,    0,    0,    0,    0,    0,    0,    0,    0,    0,    0,    0,    0,    0,    0,    0,    0,    0,    0,    0,    0,    0,    0,    0,    0,    0,    0,    0,    0,    0,    0,    0,    0,    0,    0,    0,    0,    0,    0,    0,    0,    0,    0,    0,    0,    0,    0,
       0,    0,    0,    0,    0,    0,    0,    0,    0,    0,    0,    0,    0,    0,    0,    0,    0,    0,    0,    0,    0,    0,    0,    0,    0,   -6,    0,    0,    0,    0,    0,    0,    0,    0,    0,    0,    0,    0,    0,    0,    0,    0,    0,    0,    0,    0,   -3,    0,    0,    0,    0,    0,    0,    0,    0,    0,    0,    5,    0,    0,    0,    0,    0,    0,    0,
       0,    0,    0,    0,    0,    0,    0,    0,    0,    0,    0,    0,    0,    0,    0,    0,    0,    0,    0,    0,    0,    0,    0,    0,    0,   -8,    0,    0,    0,    0,    0,    0,    0,    0,    0,    0,    0,    0,    0,    0,    0,    0,    0,    0,   -4,    0,    0,    0,    0,    0,    0,    0,    0,    0,    0,    0,    0,  -14,    0,    0,    0,    0,    0,    0,    0,
       5,    0,    0,   -2,  -60,    0,  -47,  -19,    0,    0,    0,    0,    0,    0,    0,    0,    0,    0,  -30,    0,    0,  -35,    0,    0,    0,    0,    4,   -7,    0,   -7,    0,   -9,    0,  -25,   -5,    0,    4,   -5,    0,    0,    0,    0,    7,   -2,    6,    7,   -1,    5,    0,    0,    9,   12,   -9,  -30,    0,    0,    4,   -5,    0,    0,   14,   23,   14,   23,    2,
       0,    0,  -12,   -9,    0,    0,    0,   -6,    0,    0,    0,    0,    0,    0,    0,    0,    0,    0,    0,    0,    0,    0,    0,  -22,    0,  -11,   -7,   -7,  -18,   -5,    0,   -2,    0,  -16,    0,    0,   -9,    0,    0,    0,    0,    0,    0,    0,   -8,   -9,  -11,   -9,   -5,  -12,    0,    5,    0,    0,    0,  -18,   -9,    0,    0,    0,    0,    0,    0,    0,    0,
       0,    0,  -14,   -7,    0,    0,   -9,  -14,    0,    0,    0,    0,    0,    0,    0,    0,    0,    0,   -9,    0,   -7,   -7,    0,  -14,    0,  -14,   -2,  -16,  -16,  -21,    0,  -23,    0,  -25,    0,    0,    0,    0,    0,    0,    0,    0,    0,    0,    0,    0,   -6,    0,    0,  -12,    0,    5,   -9,   -9,    0,  -16,    0,    0,    0,    0,    0,    0,    0,    0,    0,
       0,    0,    0,    0,    0,    0,    0,    0,    0,    0,    0,    0,    0,    0,    0,    0,    0,    0,  -63,    0,    0, -112,    0,    0,    0,    0,    0,    0,    0,    0,    0,    0,    0,    0,    0,    0,    0,  -19,    0,    0,    0,  -19,    0,    0,    0,    0,    0,    0,    0,    0,    0,    0,    0,  -63,    0,    0,    0,    0,    0,    0,    0,    0,    0,    0,    0,
       0,    0,    0,    0,    0,    0,    0,    0,    0,    0,    0,    0,    0,    0,    0,    0,    0,    0,  -28,    0,    0,  -56,    0,    0,    0,    0,    0,    0,    0,    0,    0,    0,    0,    0,  -19,    0,    0,  -23,    0,  -14,    0,    0,    0,    0,    0,    0,    0,    0,    0,    0,    0,    0,    0,  -28,    0,    0,    0,  -19,    0,    0,    0,    0,    0,    0,    0,
       0,    0,    0,    0,    0,    0,    0,    0,    0,    0,    0,    0,    0,    0,    0,    0,    0,    0,  -35,    0,    0,  -56,    0,    0,    0,    0,    0,    0,    0,    0,    0,    0,    0,    0,    0,    0,    0,  -19,    0,    0,    0,  -19,    0,    0,    0,    0,    0,    0,    0,    0,    0,    0,    0,  -35,    0,    0,    0,    0,    0,    0,    0,    0,    0,    0,    0,
       0,    0,    0,    0,    0,    0,    0,    0,    0,    0,    0,    0,    0,    0,    0,    0,    0,    0,  -35,    0,    0,  -47,    0,    0,    0,    0,    0,    0,    0,    0,    0,    0,    0,    0,  -19,    0,    0,  -23,    0,    0,    0,    0,    0,    0,    0,    0,    0,    0,    0,    0,    0,    0,    0,  -35,    0,    0,    0,  -19,    0,    0,    0,    0,    0,    0,    0,
       0,    0,    0,    0,    0,    0,    0,    0,    0,    0,    0,    0,    0,    0,    0,    0,    0,    0,    0,    0,    0,    0,    0,    0,    0,   -4,    0,    0,    0,    0,    0,    0,    0,    0,    0,    0,    0,    0,    0,    0,    0,    0,    0,    0,    0,    0,    0,    0,    0,    0,    0,    0,    0,    0,    0,    0,    0,    0,    0,    0,    0,    0,    0,    0,    0,
};

static const EpdLigaturePair lexenddeca_14_boldLigaturePairs[] = {
    { 0x00660069, 0xFB01 }, // f i -> U+FB01
    { 0x0066006C, 0xFB02 }, // f l -> U+FB02
};

static constexpr EpdFontData lexenddeca_14_bold = {
    lexenddeca_14_boldBitmaps,
    lexenddeca_14_boldGlyphs,
    lexenddeca_14_boldIntervals,
    29,
    36,
    30,
    -8,
    true,
    lexenddeca_14_boldGroups,
    7,
    nullptr,
    lexenddeca_14_boldKernLeftClasses,
    lexenddeca_14_boldKernRightClasses,
    lexenddeca_14_boldKernMatrix,
    138,
    122,
    78,
    65,
    lexenddeca_14_boldLigaturePairs,
    2,
};
