/**
 * generated by fontconvert.py
 * name: lexenddeca_12_bolditalic
 * size: 12
 * mode: 2-bit  compressed: true
 * Command used: fontconvert.py lexenddeca_12_bolditalic 12 ../builtinFonts/source/LexendDeca/LexendDeca-BoldItalic.ttf ../builtinFonts/source/NotoEmoji/NotoEmoji-Regular.ttf ../builtinFonts/source/NotoSymbols/NotoSansSymbols-Regular.ttf --exact-intervals --additional-intervals 0x0020,0x007E --additional-intervals 0x00A0,0x00FF --additional-intervals 0x2000,0x206F --additional-intervals 0x20A0,0x20CF --additional-intervals 0x2190,0x21FF --additional-intervals 0xFB00,0xFB06 --additional-intervals 0xFFFD,0xFFFD --additional-intervals 0x2669,0x266F --additional-intervals 0x2764,0x2764 --additional-intervals 0x1F600,0x1F600 --additional-intervals 0x1F44D,0x1F44D --font-include-intervals 1:0x2764,0x2764 --font-include-intervals 1:0x1F600,0x1F600 --font-include-intervals 1:0x1F44D,0x1F44D --font-include-intervals 2:0x2669,0x266F --2bit --compress --pnum --darken-aa
 */
#pragma once
#include "EpdFontData.h"

static const uint8_t lexenddeca_12_bolditalicBitmaps[7667] = {
    0x95, 0x58, 0x3D, 0xD3, 0xDE, 0x46, 0x15, 0xBD, 0x92, 0x3C, 0x16, 0x63, 0xCD, 0xB0, 0x14, 0x50,
    0x31, 0x44, 0x0D, 0x05, 0x0D, 0x88, 0x12, 0x66, 0x6C, 0x56, 0x4C, 0x8A, 0x30, 0x43, 0x11, 0x1A,
    0xEA, 0xB4, 0x0C, 0x4D, 0x5A, 0x8A, 0x4C, 0x24, 0x48, 0x41, 0x41, 0x11, 0xFF, 0x03, 0x52, 0x50,
    0x40, 0x95, 0x86, 0x82, 0xC2, 0x58, 0x1B, 0x52, 0xA4, 0x48, 0x11, 0x85, 0x96, 0x02, 0x25, 0x14,
    0x94, 0x5E, 0x63, 0x0D, 0x11, 0x89, 0xA4, 0xCB, 0x39, 0x77, 0xF5, 0x7C, 0xD8, 0x19, 0xBF, 0x93,
    0x3C, 0x7E, 0xB5, 0xAF, 0xDF, 0x47, 0xFB, 0x71, 0x3F, 0xCF, 0x3D, 0x77, 0x8B, 0xBD, 0xD8, 0x8A,
    0xB5, 0x5C, 0xAB, 0xC5, 0xCD, 0x2E, 0xE2, 0xDF, 0xE8, 0x82, 0x0B, 0x77, 0x84, 0x1F, 0x2F, 0xDA,
    0xAB, 0xFC, 0x55, 0xDC, 0xE3, 0xBD, 0xFE, 0x78, 0x6D, 0xDE, 0x5D, 0xFD, 0x1B, 0xD1, 0x57, 0xF1,
    0x75, 0x17, 0x1E, 0xB8, 0x20, 0xB2, 0x57, 0x51, 0xB2, 0xD5, 0x45, 0x29, 0x56, 0x37, 0x49, 0xB1,
    0x34, 0x41, 0x54, 0x75, 0xCD, 0x4F, 0xC3, 0x22, 0x4D, 0xD8, 0xB1, 0xCB, 0x3B, 0x9B, 0x48, 0xF7,
    0xE2, 0x2A, 0x32, 0x14, 0xF8, 0x0A, 0x2F, 0x7A, 0x8F, 0xA1, 0xE5, 0x90, 0x56, 0x55, 0xD1, 0xF7,
    0xE2, 0x62, 0xD7, 0x8A, 0x1B, 0x95, 0x07, 0xBB, 0x9E, 0x43, 0x2B, 0x92, 0xEB, 0x2C, 0x5C, 0x82,
    0xB5, 0x58, 0x96, 0xD9, 0x8A, 0xFD, 0xDE, 0x3D, 0x29, 0xB6, 0xD7, 0x6E, 0x49, 0xA1, 0xD8, 0xB3,
    0xD0, 0xBD, 0xC5, 0x34, 0x9D, 0x38, 0x65, 0x11, 0xA9, 0xEC, 0xCB, 0x47, 0xAB, 0xDC, 0x29, 0xDF,
    0x5F, 0xA5, 0xF9, 0xDD, 0x07, 0x8B, 0x74, 0xAA, 0x91, 0xEB, 0x47, 0xEE, 0xC4, 0xC9, 0x98, 0x26,
    0x4D, 0x52, 0xF0, 0xF8, 0x64, 0x38, 0x61, 0xC7, 0xDA, 0x50, 0x6C, 0x52, 0xEB, 0xE8, 0x16, 0xF1,
    0x6F, 0x4E, 0xCD, 0x24, 0x5D, 0x35, 0x0D, 0x41, 0x06, 0xF7, 0x21, 0x25, 0x80, 0x01, 0xA0, 0x88,
    0xBE, 0x1C, 0xB1, 0x70, 0xF7, 0x7F, 0xDF, 0xC5, 0xCD, 0xC3, 0xCB, 0xDA, 0x4B, 0xBE, 0x7B, 0x0D,
    0x52, 0x2E, 0xDD, 0x2B, 0x01, 0x5A, 0x3C, 0x84, 0x69, 0x7C, 0xD8, 0x6A, 0x18, 0x43, 0x76, 0xDF,
    0xE7, 0x2B, 0x8C, 0x22, 0xD5, 0x2C, 0xDD, 0x2A, 0xF5, 0x28, 0x35, 0xE4, 0x94, 0x01, 0x43, 0xA9,
    0xB0, 0x4A, 0x4D, 0xCD, 0xFC, 0x47, 0x34, 0x52, 0xC0, 0xAE, 0x1D, 0x8C, 0x2A, 0xDD, 0x88, 0x01,
    0x02, 0x63, 0xC6, 0xC2, 0x19, 0xAB, 0x0F, 0xFE, 0xDF, 0xDA, 0xF5, 0xC3, 0x6F, 0x30, 0x59, 0x5B,
    0xDD, 0xE1, 0x14, 0xBF, 0xCA, 0x30, 0x62, 0x43, 0x33, 0x61, 0x4D, 0x8B, 0x42, 0x29, 0x0D, 0x2E,
    0xD6, 0x53, 0x13, 0x7C, 0xEF, 0xE5, 0x75, 0x79, 0x00, 0xA5, 0x46, 0x58, 0x56, 0xFC, 0x2C, 0x1A,
    0x72, 0x95, 0x72, 0x85, 0x70, 0x02, 0x9D, 0x7C, 0xE0, 0x41, 0x43, 0x8F, 0xCD, 0x20, 0xE2, 0xE9,
    0xA7, 0xE5, 0x37, 0xF8, 0xDE, 0x4F, 0xD2, 0x2C, 0x52, 0x2D, 0x92, 0x8F, 0x66, 0x99, 0x3B, 0x62,
    0x0B, 0x26, 0xA9, 0xA3, 0xC0, 0x2C, 0xD8, 0xA5, 0xC0, 0xCF, 0x76, 0xFA, 0xB1, 0x3F, 0xB9, 0xF5,
    0xCC, 0xDD, 0xB1, 0xB8, 0x0B, 0xB0, 0x65, 0xB9, 0x49, 0x33, 0x8B, 0x1F, 0xE5, 0xAB, 0xC9, 0xBC,
    0x75, 0x9F, 0xD7, 0x3F, 0x71, 0x6F, 0xBF, 0x56, 0xEB, 0x56, 0xE8, 0x54, 0xEA, 0xE4, 0x75, 0xFD,
    0xDE, 0x83, 0x28, 0xB0, 0x27, 0x74, 0xBC, 0xFD, 0x96, 0x70, 0xB1, 0x20, 0x88, 0x68, 0x22, 0x44,
    0x0D, 0x15, 0x1B, 0xE1, 0xB1, 0xC0, 0x47, 0x10, 0x17, 0x32, 0x88, 0x89, 0x09, 0x27, 0x89, 0xFC,
    0x09, 0x5E, 0x9E, 0x18, 0xAB, 0x55, 0x2C, 0x26, 0x17, 0x3A, 0xF9, 0x15, 0xE6, 0xC7, 0x4E, 0xA7,
    0x81, 0x8B, 0x42, 0xD3, 0x77, 0x61, 0xE8, 0x5F, 0xE7, 0xB9, 0x10, 0x2C, 0x6D, 0x4D, 0x59, 0x0E,
    0xFB, 0x72, 0x17, 0x48, 0x2E, 0xD4, 0xF1, 0xFA, 0x25, 0xD4, 0xB7, 0x30, 0xA0, 0x42, 0xC7, 0xCB,
    0xDA, 0x5E, 0xDA, 0xA2, 0xF6, 0xFA, 0x25, 0x94, 0x15, 0x5A, 0xF2, 0x78, 0x99, 0x3E, 0x25, 0x22,
    0xC1, 0x23, 0x5C, 0x11, 0xFC, 0xC5, 0x5E, 0xEE, 0xD5, 0x92, 0xAB, 0x8B, 0x99, 0x36, 0x63, 0xA6,
    0x3E, 0xF0, 0xC9, 0xB5, 0x0B, 0xC5, 0x3E, 0xF4, 0xC5, 0x36, 0xF4, 0xD5, 0x3A, 0x04, 0xB7, 0x0C,
    0x53, 0x17, 0xA9, 0x29, 0x9E, 0xDE, 0x21, 0x1E, 0x72, 0x46, 0x31, 0x64, 0xEE, 0xD6, 0x42, 0x97,
    0x52, 0xE7, 0x52, 0x63, 0xF9, 0x36, 0x7C, 0x66, 0x86, 0x85, 0x90, 0x87, 0xE7, 0x10, 0x59, 0x74,
    0x5E, 0xA7, 0xDB, 0xA0, 0xAB, 0xDA, 0x8F, 0xDC, 0x86, 0x84, 0x0D, 0x96, 0x23, 0xD4, 0x0B, 0xD5,
    0xB9, 0xDA, 0xEA, 0xB9, 0x80, 0x85, 0xA4, 0xA5, 0x0E, 0x94, 0x12, 0x4B, 0x0A, 0x18, 0x0F, 0x2E,
    0xE4, 0x66, 0x19, 0xFE, 0x2C, 0x53, 0x00, 0x9A, 0x8D, 0x35, 0x3D, 0xD8, 0x16, 0x62, 0x28, 0x63,
    0x4C, 0x97, 0x6C, 0xA0, 0x38, 0xD8, 0x97, 0xD6, 0x72, 0x78, 0xBC, 0x69, 0x38, 0xC9, 0x0F, 0xBB,
    0x78, 0x38, 0x2C, 0x3A, 0xEC, 0x3F, 0x8C, 0xD0, 0x03, 0xEB, 0xA1, 0x85, 0x38, 0x88, 0x92, 0xEB,
    0x7D, 0x98, 0x23, 0x37, 0x13, 0xD3, 0x5A, 0x0D, 0x87, 0x61, 0x95, 0x94, 0x78, 0x15, 0x33, 0xBA,
    0x66, 0x7C, 0x77, 0x8F, 0x00, 0x1F, 0xFA, 0x4A, 0x84, 0x20, 0xB0, 0x65, 0x3D, 0x53, 0x41, 0xC6,
    0xB3, 0x0D, 0xCD, 0x11, 0xD9, 0xF4, 0xB7, 0xF6, 0x87, 0xDB, 0x6C, 0xF0, 0x90, 0xB0, 0xC3, 0x31,
    0xD0, 0x9D, 0xB6, 0xCE, 0x70, 0x4E, 0x9E, 0x70, 0x00, 0x2E, 0x40, 0x02, 0x03, 0x0A, 0xF2, 0xC9,
    0x9F, 0x25, 0xBC, 0x0D, 0x47, 0x35, 0xFD, 0x60, 0xD1, 0xE4, 0x6D, 0xCF, 0x25, 0x49, 0x48, 0x6B,
    0x50, 0xBE, 0xB3, 0x81, 0xDA, 0xF4, 0x15, 0xB6, 0x75, 0x09, 0x9D, 0x82, 0x47, 0xF2, 0x0F, 0xAD,
    0x07, 0x26, 0xF9, 0x60, 0xCF, 0xAF, 0x81, 0x87, 0xD8, 0x83, 0xC7, 0x37, 0x50, 0xA1, 0xC4, 0x9A,
    0x0A, 0x16, 0xE7, 0xE3, 0xD2, 0x83, 0x48, 0xEA, 0x7A, 0x13, 0x94, 0x06, 0x60, 0xFC, 0x51, 0x0C,
    0xC6, 0xCA, 0x71, 0x06, 0x32, 0xD1, 0x82, 0x88, 0x8E, 0xB0, 0xA3, 0xB1, 0x62, 0x60, 0x14, 0xE5,
    0x50, 0x93, 0x9B, 0x52, 0x27, 0x7D, 0x69, 0x2D, 0x4E, 0xFF, 0xF6, 0x7A, 0xCE, 0xB8, 0x2F, 0xBC,
    0x03, 0xFD, 0x26, 0xB7, 0xF8, 0xD8, 0x20, 0xFA, 0x7D, 0xE0, 0xD3, 0x44, 0x0F, 0xFB, 0x37, 0x47,
    0xFC, 0x64, 0x74, 0x58, 0xB5, 0x13, 0x09, 0xCD, 0x0E, 0x9C, 0x5B, 0xA7, 0xB9, 0xF3, 0xF5, 0x7C,
    0xEA, 0x46, 0x1D, 0x0B, 0xC2, 0x8F, 0xC9, 0x38, 0x5B, 0x54, 0x58, 0x82, 0x1C, 0x76, 0x90, 0x9F,
    0x15, 0x0B, 0x6B, 0x42, 0x7E, 0xFF, 0x1C, 0xE1, 0x72, 0xCE, 0xAC, 0xAF, 0x53, 0x43, 0xE4, 0x43,
    0x86, 0x89, 0x7F, 0x94, 0xCF, 0x7F, 0xCA, 0x89, 0x6A, 0x63, 0xD7, 0x12, 0xC5, 0x01, 0xFF, 0x47,
    0xDC, 0x8A, 0xFC, 0xE0, 0x80, 0x13, 0xE6, 0x72, 0xA5, 0x44, 0x52, 0x18, 0x10, 0x28, 0x41, 0xE8,
    0x81, 0x21, 0x0C, 0xC1, 0x2D, 0x24, 0x43, 0x8A, 0x94, 0x8E, 0xD1, 0x82, 0x17, 0x59, 0xA0, 0x43,
    0x62, 0x73, 0x3C, 0xA7, 0x33, 0xBA, 0x4B, 0xE8, 0xF6, 0x02, 0x23, 0x16, 0x4B, 0xDA, 0xB6, 0x52,
    0x86, 0xF7, 0xCA, 0xB2, 0x01, 0x68, 0x26, 0x30, 0xE3, 0xF7, 0xD5, 0x59, 0x1D, 0x75, 0x85, 0x8B,
    0xBE, 0x23, 0x09, 0x89, 0x59, 0x45, 0x6A, 0x04, 0x0F, 0x83, 0xC3, 0xFF, 0x4D, 0xE5, 0x05, 0xA8,
    0x76, 0x2B, 0x4F, 0xC1, 0x91, 0x0D, 0x33, 0xDE, 0x07, 0x33, 0x08, 0xF4, 0x90, 0xAC, 0x4D, 0x67,
    0x57, 0x44, 0xA9, 0x98, 0x6C, 0x56, 0xF7, 0xF6, 0xD5, 0xAB, 0x84, 0x08, 0x46, 0x2C, 0x05, 0xD4,
    0xFB, 0xB4, 0x6A, 0x89, 0x93, 0xA0, 0x77, 0xD3, 0x5A, 0xB5, 0x79, 0x90, 0xAF, 0x0F, 0x5D, 0x9B,
    0x45, 0x9C, 0xE5, 0xDA, 0x02, 0xF1, 0xB8, 0x3A, 0xA9, 0xDE, 0xD1, 0x9F, 0xE2, 0x97, 0x43, 0x01,
    0x9E, 0x6B, 0xA9, 0xAB, 0xA5, 0x8A, 0xDF, 0x95, 0x1F, 0x11, 0xDA, 0xEE, 0xCA, 0x3D, 0xF8, 0x6B,
    0xFC, 0xB3, 0xDC, 0x75, 0x51, 0x51, 0x1B, 0xEE, 0xC2, 0x04, 0xEF, 0x05, 0xB9, 0x5B, 0x31, 0xFE,
    0xE4, 0x5E, 0x8E, 0xA8, 0x38, 0x97, 0xAF, 0xA6, 0x97, 0x5B, 0x86, 0x4A, 0xD9, 0x03, 0x8B, 0x23,
    0xAB, 0x6F, 0xD2, 0xEC, 0x49, 0xD8, 0x04, 0x67, 0xCC, 0x46, 0xB7, 0x5B, 0xFA, 0x98, 0xED, 0x28,
    0x24, 0x86, 0x6C, 0xA7, 0xBB, 0x57, 0x58, 0x08, 0x88, 0xC4, 0x1A, 0x8C, 0x50, 0xF4, 0xB1, 0x23,
    0xCE, 0x78, 0xAB, 0xE6, 0x23, 0x0B, 0xF9, 0x84, 0x40, 0x41, 0x94, 0x23, 0xE8, 0x09, 0x29, 0x75,
    0x84, 0xDA, 0x08, 0x0C, 0xC0, 0x0C, 0x0F, 0xDB, 0xA5, 0xB0, 0xB2, 0xCC, 0x92, 0x5E, 0xAC, 0xA9,
    0xD0, 0xA0, 0xE0, 0x2D, 0x30, 0xA1, 0x5B, 0x4A, 0x4B, 0xA6, 0xC8, 0x61, 0xA6, 0x71, 0x50, 0x17,
    0xA6, 0x12, 0xB6, 0x1E, 0x61, 0x51, 0x1F, 0x20, 0x95, 0x27, 0x78, 0x75, 0x7C, 0x3B, 0xA4, 0x20,
    0xDF, 0xCD, 0x2D, 0xE6, 0x4B, 0xF3, 0x9B, 0x4E, 0xAC, 0xFA, 0x08, 0xE7, 0xB1, 0x23, 0x08, 0x7D,
    0x45, 0xA8, 0xB8, 0xF8, 0xA7, 0x31, 0xFD, 0x52, 0x38, 0x01, 0x4D, 0x5F, 0x13, 0xBF, 0xE5, 0x91,
    0x08, 0xB2, 0xF0, 0xDC, 0x95, 0xA2, 0x61, 0xFA, 0xAB, 0xBB, 0xD9, 0xC6, 0x64, 0x4E, 0xE2, 0x32,
    0x47, 0xA0, 0x1B, 0xD2, 0x2D, 0x42, 0x4E, 0x4F, 0x05, 0xEB, 0x88, 0xBC, 0xC4, 0x30, 0x73, 0x20,
    0xF2, 0xD6, 0xC4, 0x5E, 0xB8, 0x1A, 0xF6, 0x80, 0x20, 0xC1, 0x8F, 0xDF, 0x34, 0x80, 0xDA, 0xCE,
    0x32, 0xD3, 0x4A, 0x8B, 0xED, 0xAC, 0x7C, 0xB0, 0xE5, 0x8E, 0x67, 0xA3, 0xD5, 0x19, 0x03, 0xD5,
    0x91, 0xEA, 0x84, 0x06, 0x3C, 0x81, 0x80, 0x7B, 0x8A, 0x1C, 0x22, 0x02, 0xE1, 0xFF, 0x2A, 0x92,
    0xC3, 0xB1, 0x4F, 0xDA, 0x83, 0xA5, 0xE4, 0xA6, 0x7D, 0x08, 0x51, 0xA7, 0xBD, 0xC6, 0x64, 0x85,
    0x21, 0x1C, 0x78, 0x69, 0xB9, 0x54, 0x59, 0xF9, 0x84, 0xFA, 0xB4, 0x21, 0x0A, 0xC3, 0xD8, 0x04,
    0x04, 0xC1, 0x6D, 0xA9, 0x97, 0x8B, 0x0D, 0x9D, 0xCE, 0x1D, 0xB6, 0x83, 0xD3, 0x81, 0x3E, 0xB0,
    0x61, 0x13, 0x61, 0xC3, 0x6E, 0xF4, 0x7B, 0x6E, 0x27, 0xE8, 0xD9, 0x86, 0xD3, 0xC9, 0x86, 0x10,
    0x06, 0x83, 0x5B, 0x0A, 0x32, 0x20, 0x14, 0x07, 0x17, 0x0B, 0x5A, 0xAE, 0x64, 0x7C, 0x40, 0x4E,
    0x3F, 0x39, 0x4D, 0x52, 0x1A, 0xCA, 0x98, 0xAC, 0xA6, 0x34, 0x78, 0x0B, 0x0A, 0x14, 0xF0, 0x54,
    0x08, 0xA6, 0x80, 0x8F, 0x8E, 0xBC, 0x64, 0x40, 0x51, 0xC4, 0x2B, 0xA6, 0x18, 0x2D, 0xA9, 0x56,
    0x42, 0x29, 0x70, 0xBC, 0x28, 0x3D, 0x27, 0x18, 0x25, 0x5E, 0x36, 0x57, 0x0A, 0xD3, 0x80, 0x50,
    0xBA, 0xB1, 0xA2, 0xB1, 0x5B, 0x65, 0xF0, 0x89, 0x13, 0x22, 0x94, 0x0A, 0xEA, 0x6E, 0x03, 0xCB,
    0xC2, 0x51, 0xCC, 0x1B, 0xD3, 0x79, 0x3A, 0x05, 0x8F, 0x3F, 0x07, 0x8F, 0x41, 0x30, 0x01, 0x83,
    0xF8, 0xE7, 0xDE, 0x20, 0x2D, 0x63, 0x28, 0xFA, 0x04, 0x24, 0xC6, 0xC6, 0x8C, 0x8E, 0x4A, 0x4D,
    0xDD, 0xBB, 0xA9, 0x80, 0x79, 0x50, 0xC9, 0x1D, 0x29, 0x10, 0x18, 0x56, 0xB9, 0xE2, 0x88, 0x8A,
    0x19, 0xC5, 0x0A, 0x78, 0x1A, 0xF6, 0x83, 0xE1, 0x35, 0x8F, 0x95, 0xC4, 0x0A, 0x42, 0xF9, 0x11,
    0x56, 0x07, 0x0C, 0x83, 0x94, 0x06, 0x87, 0x1A, 0x16, 0x2A, 0xD3, 0x5D, 0xAD, 0x2C, 0x58, 0x69,
    0xD8, 0x13, 0x3B, 0xF9, 0x9C, 0xDF, 0x9F, 0x67, 0x02, 0xE8, 0x76, 0xC4, 0x0F, 0x4B, 0x53, 0xCB,
    0x3D, 0x48, 0x35, 0xA8, 0x51, 0x41, 0x5A, 0x88, 0x31, 0x94, 0x3C, 0x02, 0x0E, 0x69, 0x41, 0x28,
    0x90, 0xFF, 0x95, 0xC6, 0x81, 0x6E, 0xFD, 0x94, 0xCE, 0xFD, 0x44, 0x77, 0xB8, 0xF1, 0x89, 0x3E,
    0xD9, 0xA5, 0x7E, 0xAC, 0xEF, 0x32, 0x41, 0xF5, 0x45, 0x3A, 0xF1, 0x21, 0x73, 0x62, 0xFC, 0x36,
    0x88, 0x10, 0xAC, 0xE4, 0x28, 0x30, 0x85, 0x30, 0x90, 0xA0, 0xA1, 0x20, 0x08, 0x4E, 0x29, 0xB6,
    0x9C, 0x59, 0x8F, 0x33, 0x38, 0x8C, 0x25, 0x86, 0x58, 0x91, 0xBA, 0xB8, 0x05, 0x85, 0x14, 0x1D,
    0xC5, 0x67, 0x3B, 0xD0, 0xEC, 0x89, 0x22, 0x9B, 0x1E, 0xEB, 0xEF, 0xA7, 0x3A, 0xEA, 0x23, 0xD0,
    0xEA, 0x0E, 0x94, 0x07, 0x14, 0x10, 0xD9, 0x04, 0xB0, 0x47, 0x61, 0x82, 0x0A, 0x94, 0x11, 0xD4,
    0x08, 0xFC, 0xB6, 0xB7, 0x2A, 0x3F, 0xA4, 0x58, 0xBF, 0x20, 0xC0, 0x5C, 0xE8, 0xFD, 0x6E, 0x85,
    0xBD, 0xDD, 0x0A, 0x04, 0xA8, 0x56, 0xD8, 0xB1, 0x5C, 0x61, 0x81, 0x72, 0x85, 0x60, 0x15, 0x07,
    0xB7, 0x9C, 0xA2, 0x77, 0x98, 0xFC, 0x56, 0x3E, 0x2F, 0x7A, 0x41, 0x0F, 0x98, 0x57, 0x29, 0xC7,
    0x94, 0x62, 0x97, 0x70, 0x69, 0xB5, 0x14, 0x0A, 0x99, 0x37, 0x4E, 0x27, 0x62, 0xA5, 0xFC, 0xDA,
    0x9F, 0x0D, 0xB5, 0xEB, 0xFC, 0xFA, 0x32, 0x12, 0xE6, 0x94, 0xB0, 0xA1, 0x84, 0xFA, 0x08, 0x12,
    0x82, 0x59, 0xF9, 0xCD, 0x3F, 0x23, 0xE1, 0xCE, 0x22, 0xA2, 0x47, 0x33, 0x62, 0xC4, 0x58, 0xE4,
    0x02, 0x59, 0xDB, 0x05, 0x66, 0x7B, 0xC2, 0x6C, 0x4F, 0x98, 0xED, 0xE1, 0x1D, 0x66, 0x22, 0x56,
    0xB8, 0x19, 0x7C, 0xEE, 0x04, 0xB3, 0x47, 0xA7, 0x03, 0xE6, 0xC2, 0x5E, 0xC4, 0x86, 0x81, 0xD4,
    0x1C, 0x22, 0x0D, 0x3D, 0x1B, 0x82, 0xB6, 0x36, 0xCC, 0x9A, 0x18, 0xDC, 0x9B, 0x35, 0x57, 0x86,
    0x60, 0x60, 0x04, 0x3F, 0x36, 0x5E, 0xFF, 0x7D, 0x1C, 0xC4, 0xDA, 0xA1, 0xFF, 0x33, 0x09, 0x08,
    0x2E, 0xE4, 0x6D, 0x39, 0xE9, 0x1D, 0xF4, 0x93, 0xBA, 0x45, 0x60, 0x76, 0x13, 0x76, 0x19, 0x98,
    0xA8, 0x9E, 0xF6, 0x25, 0xA3, 0x80, 0xEC, 0x8B, 0x5C, 0xD1, 0x38, 0x4F, 0xB5, 0x3A, 0xD3, 0xED,
    0x8B, 0xE5, 0x5F, 0xA2, 0xDA, 0x72, 0x36, 0x43, 0x6E, 0x62, 0xEC, 0x67, 0xCE, 0x6E, 0xF0, 0xB2,
    0x10, 0xB6, 0x18, 0x97, 0x8E, 0xC0, 0x8C, 0x8D, 0x87, 0x6B, 0x78, 0x99, 0x08, 0x2F, 0xE3, 0x53,
    0xF0, 0x32, 0xB0, 0xAF, 0x53, 0xCB, 0xB8, 0xD8, 0x1D, 0x0D, 0x21, 0x33, 0x27, 0xE5, 0xA8, 0xD1,
    0x26, 0xE2, 0x48, 0xF4, 0x96, 0xA1, 0x13, 0xE6, 0xC3, 0x52, 0x20, 0xA1, 0x11, 0x45, 0xAC, 0x26,
    0xBA, 0x39, 0xD6, 0x05, 0x37, 0x5B, 0x0F, 0x84, 0x49, 0x16, 0x6F, 0xC8, 0x79, 0x8A, 0xC6, 0x84,
    0x4D, 0xA0, 0x63, 0x06, 0x8A, 0x62, 0xA4, 0xC3, 0x18, 0x76, 0xD2, 0xE3, 0xA8, 0x50, 0xA9, 0xF9,
    0xE8, 0x91, 0x9C, 0x6F, 0x65, 0x14, 0x10, 0xD0, 0xC9, 0x42, 0x58, 0x2F, 0x05, 0xF3, 0xCC, 0xAF,
    0x4C, 0xB4, 0x69, 0x58, 0xAD, 0x8B, 0xD2, 0x15, 0x8C, 0xB1, 0xF9, 0x58, 0x37, 0x18, 0xA8, 0x79,
    0xF2, 0x29, 0x1A, 0x06, 0xF8, 0xE9, 0xF1, 0xAE, 0xC4, 0x93, 0x29, 0xC1, 0x4A, 0x48, 0x10, 0xD3,
    0xA6, 0x5F, 0xC6, 0xA0, 0xA0, 0x9E, 0x31, 0x73, 0xCB, 0x58, 0x6B, 0xC7, 0x42, 0x82, 0x79, 0xF8,
    0xDE, 0x2F, 0x14, 0xC8, 0xAD, 0x74, 0xAB, 0xDB, 0x9D, 0xC9, 0xEB, 0xE3, 0xC9, 0xB9, 0xA2, 0x66,
    0xF5, 0xC1, 0x8A, 0xAF, 0xB7, 0xC8, 0x1B, 0x66, 0x49, 0xFE, 0x3E, 0x5A, 0xD5, 0x84, 0x64, 0xE2,
    0x9F, 0x70, 0xA6, 0xBE, 0x63, 0xD8, 0x4A, 0xCE, 0x86, 0x78, 0xC7, 0xA1, 0xEC, 0xF6, 0x16, 0x9E,
    0xD3, 0x91, 0x7A, 0x23, 0xB0, 0x91, 0x0C, 0x38, 0x0D, 0xEE, 0xAA, 0x36, 0xB8, 0xA6, 0x50, 0xA4,
    0x66, 0xCE, 0x64, 0x31, 0xD6, 0x61, 0xDD, 0xC0, 0x51, 0x7F, 0xA6, 0xA7, 0x0A, 0xF9, 0xF0, 0x9C,
    0x58, 0x48, 0x61, 0xC6, 0x72, 0x6D, 0xA4, 0x84, 0x43, 0xA0, 0x60, 0x62, 0x5A, 0x1F, 0x7B, 0xF1,
    0xAB, 0xE2, 0xF2, 0x15, 0x15, 0x18, 0x46, 0x2A, 0xD1, 0x26, 0x56, 0xCC, 0xA4, 0xB8, 0x30, 0x0E,
    0x76, 0x10, 0x54, 0x0F, 0x50, 0xC8, 0x7E, 0x67, 0x43, 0x6B, 0x09, 0x3A, 0x9B, 0x9F, 0x7A, 0x5A,
    0xB6, 0xB5, 0x0B, 0xFB, 0x76, 0x12, 0x59, 0xFB, 0x41, 0xEB, 0xDE, 0x9C, 0xDA, 0xB0, 0xA3, 0x13,
    0x53, 0xAA, 0xC3, 0xD5, 0x72, 0xEA, 0x9E, 0x03, 0x27, 0x34, 0xF1, 0xA0, 0xBF, 0xD5, 0xB9, 0x61,
    0xDE, 0x2D, 0x9C, 0xCF, 0x8D, 0x76, 0xDA, 0xA2, 0x99, 0x52, 0x56, 0x5C, 0x36, 0x2A, 0xBE, 0xF0,
    0xF1, 0xA0, 0xB0, 0x68, 0x34, 0x06, 0x74, 0x81, 0xC7, 0xEA, 0xD4, 0x55, 0x6C, 0xD4, 0xD2, 0x36,
    0xCC, 0x14, 0x78, 0xBA, 0x1A, 0xED, 0x1F, 0x11, 0x66, 0x71, 0xE8, 0xC1, 0xEE, 0xD4, 0x3E, 0x3B,
    0x9E, 0xED, 0x0E, 0x78, 0x23, 0x38, 0xCF, 0x2C, 0x10, 0x62, 0xE1, 0x55, 0xC0, 0x81, 0x2E, 0x42,
    0x10, 0x64, 0x4D, 0xDF, 0x71, 0x1E, 0xE4, 0xF1, 0x81, 0x01, 0x1A, 0xAC, 0x1A, 0x38, 0xD2, 0xA4,
    0xCE, 0x2E, 0x71, 0xE6, 0x44, 0xEC, 0x72, 0x36, 0x70, 0xE9, 0x73, 0x71, 0xD6, 0x25, 0x7B, 0x2D,
    0x71, 0xF7, 0x8E, 0x2C, 0xFB, 0x04, 0x72, 0xA5, 0xBE, 0x48, 0x06, 0x41, 0xDC, 0x9A, 0x39, 0x44,
    0x1B, 0x32, 0x4B, 0x34, 0x54, 0x9F, 0xB5, 0xB6, 0x6B, 0x8D, 0x23, 0x3F, 0xFD, 0xFB, 0x9B, 0x51,
    0x59, 0x06, 0x4F, 0x20, 0x9B, 0x69, 0xE6, 0x06, 0xC2, 0xDC, 0x82, 0xE2, 0xE9, 0x18, 0x8B, 0xC6,
    0xF1, 0x2F, 0x92, 0x9C, 0x8A, 0xF5, 0x10, 0xAC, 0x4C, 0x00, 0x7D, 0x93, 0x50, 0xDD, 0xBF, 0xD8,
    0x6D, 0xA7, 0x56, 0x0F, 0xB4, 0x65, 0x6E, 0xA8, 0x22, 0x12, 0x07, 0x46, 0xBA, 0x12, 0x8A, 0x68,
    0x12, 0x19, 0xEC, 0x53, 0x62, 0xA7, 0x26, 0x52, 0xB5, 0x33, 0xAD, 0x1A, 0x76, 0x91, 0xDA, 0x9A,
    0x48, 0x34, 0x70, 0xA8, 0x27, 0x4E, 0xB1, 0x3E, 0x9A, 0x87, 0x8D, 0xBF, 0x38, 0x44, 0x82, 0x15,
    0xAD, 0x3D, 0xEF, 0x13, 0x78, 0xED, 0x8C, 0x7D, 0x5D, 0xAC, 0x74, 0xF2, 0xD6, 0x02, 0xFD, 0x74,
    0xA7, 0x53, 0xB5, 0x1C, 0x17, 0x28, 0x46, 0xAF, 0x9F, 0x0D, 0x33, 0x78, 0x84, 0xAE, 0x4E, 0x0D,
    0x1B, 0xFD, 0x53, 0x99, 0x7F, 0x80, 0x4F, 0x53, 0x4E, 0x1A, 0x6D, 0x83, 0xA1, 0x08, 0x4F, 0xA0,
    0x2E, 0x27, 0xEE, 0xBB, 0x40, 0xE3, 0x37, 0xE3, 0xF9, 0x26, 0x63, 0x92, 0x17, 0x32, 0xB5, 0xCB,
    0x15, 0xB1, 0xF6, 0x19, 0x4C, 0x80, 0xDD, 0xDD, 0xD9, 0x96, 0xC9, 0x40, 0xB9, 0x51, 0x90, 0x6E,
    0x2A, 0x52, 0x99, 0x5C, 0xCB, 0xBD, 0x42, 0x22, 0x17, 0xA8, 0xE6, 0x25, 0xD0, 0xA9, 0xE2, 0xB3,
    0x90, 0x22, 0x5B, 0x17, 0x8A, 0xC0, 0x02, 0x9D, 0x99, 0xF8, 0xC8, 0x43, 0x63, 0x04, 0x88, 0xBC,
    0xF5, 0xD2, 0x09, 0xDE, 0xAC, 0xD9, 0xF9, 0x12, 0x4A, 0xB0, 0x38, 0xF1, 0x1F, 0x0A, 0xB1, 0x3E,
    0xDD, 0x4D, 0xF2, 0x2E, 0xA6, 0x7A, 0x96, 0x03, 0x5D, 0xD5, 0xE5, 0x73, 0x6D, 0xEE, 0x8F, 0x78,
    0x48, 0x7A, 0x94, 0xF4, 0xF3, 0x9A, 0xB0, 0xA1, 0x61, 0x44, 0x7C, 0xE3, 0xC6, 0x28, 0xDD, 0x48,
    0xE8, 0x56, 0xD0, 0xE3, 0xC2, 0x2A, 0xF7, 0x66, 0x84, 0x8E, 0x37, 0x26, 0xC4, 0x75, 0xA7, 0xCB,
    0xC1, 0xEA, 0xEA, 0x4F, 0x48, 0xE8, 0x3E, 0xBA, 0x54, 0x57, 0x5E, 0xCD, 0x20, 0x2C, 0x45, 0x7E,
    0xD9, 0x9E, 0x6F, 0xD4, 0xB0, 0x6D, 0xBE, 0x3F, 0x75, 0x3F, 0x76, 0x83, 0x1D, 0x8A, 0xB5, 0x9B,
    0xCC, 0xDA, 0x9F, 0x98, 0xBD, 0xCD, 0xE2, 0x4E, 0x5F, 0xDA, 0xAA, 0x15, 0x74, 0x6A, 0x73, 0xB3,
    0xD9, 0x9E, 0xAC, 0x0A, 0x23, 0xFF, 0x62, 0x67, 0x52, 0x2D, 0xCD, 0x44, 0x1F, 0xF8, 0x91, 0x2D,
    0x19, 0xAD, 0x4F, 0x3F, 0xE0, 0xAF, 0x89, 0xBB, 0x7D, 0x69, 0xCF, 0xD5, 0x84, 0x27, 0x4B, 0xB0,
    0xD8, 0x2C, 0xCD, 0xCC, 0xEA, 0x3A, 0x80, 0x5B, 0x20, 0xBE, 0xF1, 0xA0, 0x01, 0xED, 0x9B, 0xA8,
    0xE3, 0x40, 0xA2, 0xD9, 0x36, 0xA7, 0x1B, 0x1E, 0x25, 0x85, 0xB0, 0x6E, 0x54, 0xED, 0x6A, 0x76,
    0xB4, 0x5B, 0x46, 0x1F, 0x2E, 0x90, 0x81, 0xA1, 0x33, 0x9A, 0x82, 0x34, 0x29, 0x0F, 0x9E, 0x93,
    0xBA, 0xC1, 0xFF, 0xC0, 0x50, 0x89, 0x0F, 0x3C, 0x4D, 0x05, 0x2E, 0x7C, 0x40, 0xBA, 0x8F, 0xAD,
    0xFF, 0xE1, 0x22, 0x08, 0x44, 0x1C, 0x5B, 0x98, 0x9C, 0x8C, 0x7C, 0x90, 0x70, 0x3C, 0x3E, 0x32,
    0x31, 0x87, 0x74, 0x7D, 0x06, 0x1E, 0x7D, 0x62, 0x67, 0x57, 0x51, 0x70, 0x44, 0x02, 0x1C, 0x8A,
    0xF6, 0xC2, 0xD0, 0xCD, 0x6A, 0x59, 0xB5, 0xDF, 0x4A, 0x9C, 0x3A, 0x3E, 0x3F, 0x9E, 0x8E, 0x6B,
    0x14, 0xB6, 0xBF, 0x30, 0x69, 0x0D, 0x35, 0x32, 0xAC, 0xE7, 0xCD, 0xC2, 0x6E, 0x37, 0x0B, 0x19,
    0xB9, 0xFB, 0x68, 0x37, 0xD9, 0xBC, 0xA3, 0x85, 0x49, 0xB0, 0xF8, 0xE7, 0x72, 0x76, 0xBF, 0xA5,
    0x76, 0xEC, 0xC8, 0xB4, 0xA7, 0x1B, 0xDC, 0x7F, 0x78, 0x86, 0x5E, 0x81, 0x47, 0xE1, 0x4F, 0xBB,
    0xAD, 0x49, 0x9E, 0x01, 0x5D, 0x83, 0xCD, 0xC1, 0xDC, 0x3E, 0x4C, 0x14, 0xDF, 0x6E, 0x09, 0x97,
    0x01, 0x04, 0x07, 0xB4, 0x12, 0x24, 0x88, 0xCD, 0x29, 0x66, 0x8E, 0xCE, 0xA0, 0x1D, 0xB8, 0xF0,
    0x5F, 0xA8, 0xF6, 0xD9, 0x02, 0x31, 0x59, 0x70, 0x47, 0xBB, 0xB8, 0x60, 0x4A, 0xF1, 0x86, 0x2C,
    0xB5, 0x87, 0x7E, 0xFC, 0x86, 0x11, 0x24, 0x9F, 0xA9, 0xD1, 0xFC, 0x8D, 0x81, 0xFC, 0x5B, 0xB0,
    0xB9, 0x27, 0xFA, 0x01, 0xE4, 0xFA, 0x4C, 0xFF, 0x49, 0x16, 0xF7, 0x81, 0xF1, 0xA2, 0x37, 0x49,
    0x17, 0xD4, 0x91, 0x2E, 0x6C, 0xB4, 0x05, 0xE3, 0x8F, 0xF7, 0x31, 0x85, 0xB1, 0x9C, 0x96, 0x7D,
    0xEF, 0xBB, 0x84, 0x91, 0x7F, 0x30, 0xC3, 0xC8, 0x7A, 0x78, 0x6F, 0x43, 0x26, 0x72, 0xAE, 0xB5,
    0x76, 0xCF, 0xD0, 0x5A, 0x60, 0x91, 0x03, 0xDB, 0x15, 0x1F, 0xC9, 0x4D, 0x4D, 0xA2, 0x53, 0xD0,
    0x81, 0xD6, 0x31, 0x5A, 0xC3, 0xCD, 0x8A, 0xC9, 0x0B, 0x40, 0x3A, 0x19, 0x38, 0xA9, 0x07, 0xE9,
    0x38, 0x88, 0x55, 0x3C, 0xB8, 0x2A, 0xC1, 0xEB, 0xB8, 0x8B, 0xDD, 0xCF, 0x37, 0x1B, 0xF3, 0xE7,
    0x6E, 0x71, 0xD9, 0xF0, 0xF1, 0x4E, 0x6E, 0xB2, 0xFB, 0xB8, 0x0C, 0xF3, 0x09, 0x05, 0x0C, 0xD7,
    0xEE, 0xB8, 0xF9, 0x3C, 0x5D, 0x84, 0xAA, 0x1A, 0xF5, 0x4D, 0xB7, 0x0E, 0x2F, 0x58, 0xAC, 0x90,
    0x4E, 0x5B, 0xAD, 0x0D, 0x27, 0x98, 0xEA, 0x69, 0xAD, 0xD5, 0xAE, 0x60, 0x17, 0x9E, 0x09, 0x8A,
    0x90, 0xAF, 0x97, 0x32, 0x5D, 0x70, 0x91, 0xE5, 0xFD, 0xB7, 0x24, 0x95, 0xE4, 0xF3, 0xAD, 0xFA,
    0x4D, 0x7C, 0xC2, 0xAA, 0x79, 0x73, 0xC6, 0xC2, 0x9E, 0x92, 0xA7, 0xA5, 0xBC, 0x28, 0xE3, 0x86,
    0x81, 0xEC, 0x05, 0x62, 0x9C, 0x25, 0xF1, 0xC6, 0x1B, 0x6A, 0xC3, 0x13, 0xCF, 0xB4, 0xCA, 0xAE,
    0x36, 0x47, 0x84, 0x91, 0x03, 0x8F, 0xDC, 0xE4, 0x0F, 0xBC, 0x7D, 0x2C, 0xA2, 0xD3, 0xF7, 0xD8,
    0xC7, 0x8C, 0xFE, 0x65, 0xC4, 0x29, 0x64, 0xF9, 0x3F, 0xBD, 0x59, 0xBD, 0x93, 0xDD, 0x56, 0x15,
    0x3F, 0x92, 0x12, 0x2B, 0x58, 0x90, 0x9B, 0x02, 0x66, 0x18, 0x70, 0x50, 0x43, 0xC1, 0x30, 0x8C,
    0x2F, 0x05, 0x45, 0x8A, 0x9D, 0xBD, 0x1A, 0x5C, 0x50, 0xC0, 0x4C, 0xD2, 0x50, 0xD3, 0x50, 0x30,
    0x34, 0xA1, 0x48, 0x91, 0xC2, 0x8E, 0x94, 0xB8, 0x48, 0x41, 0x81, 0xFF, 0x83, 0xA4, 0x85, 0x26,
    0x14, 0x2E, 0xC2, 0x4C, 0x62, 0x5D, 0xEC, 0xC2, 0x85, 0x8B, 0xC8, 0xB8, 0x4C, 0xA3, 0x01, 0x37,
    0x0C, 0xC5, 0x2A, 0xB6, 0x26, 0x51, 0xC6, 0x92, 0x2E, 0xBF, 0xDF, 0xB9, 0x4F, 0xFB, 0x01, 0x24,
    0x8C, 0xED, 0xDD, 0xEC, 0x3C, 0xDD, 0xB7, 0xFB, 0x9E, 0x74, 0xBE, 0xCF, 0xEF, 0x7C, 0xAC, 0x38,
    0x91, 0x50, 0x49, 0x10, 0x59, 0x24, 0xFE, 0x24, 0xA3, 0xA4, 0xA3, 0x64, 0xA3, 0xE4, 0x83, 0x14,
    0x83, 0x18, 0x7D, 0x95, 0x83, 0xD8, 0x5E, 0x1C, 0x5E, 0x9D, 0xFC, 0xB0, 0xC1, 0x5D, 0x73, 0xBC,
    0x4A, 0x3C, 0xDB, 0x86, 0x3E, 0x0B, 0x61, 0x28, 0x42, 0xE8, 0xCC, 0xA7, 0xF7, 0x2A, 0xFB, 0x0F,
    0x2F, 0xEE, 0x56, 0xBC, 0xEA, 0xDB, 0x8D, 0xB8, 0x7F, 0xFD, 0x42, 0x5C, 0x08, 0x62, 0x43, 0xA8,
    0x8A, 0xB0, 0x4A, 0x12, 0x7A, 0x11, 0x70, 0x95, 0x9A, 0xDC, 0xDA, 0x51, 0x24, 0xC7, 0xA7, 0xA0,
    0x04, 0x19, 0x5C, 0x00, 0xCD, 0xB6, 0xEB, 0x84, 0x02, 0x1D, 0x3B, 0x4C, 0x08, 0x0D, 0xEF, 0xA8,
    0xF0, 0xAD, 0x3E, 0x75, 0xF8, 0x2D, 0xA5, 0xB6, 0xA1, 0x79, 0x57, 0x42, 0x08, 0x23, 0x44, 0x09,
    0x93, 0xBC, 0x76, 0x2E, 0x5C, 0x8B, 0xAA, 0xF4, 0x49, 0x97, 0x43, 0x32, 0x3C, 0x3D, 0x42, 0xC2,
    0x2E, 0x9B, 0x9D, 0x2F, 0x06, 0xEB, 0xCD, 0xE0, 0x1A, 0x33, 0xB6, 0x15, 0x3E, 0xAF, 0x20, 0x99,
    0xC7, 0x55, 0x3D, 0x2F, 0x17, 0xF4, 0x91, 0xB6, 0x97, 0xBA, 0x77, 0x83, 0x04, 0x6F, 0xF1, 0x8C,
    0x98, 0xB9, 0x98, 0xA5, 0x58, 0x2C, 0x0C, 0x12, 0xEA, 0x4E, 0x52, 0xCA, 0x21, 0x94, 0x54, 0x5A,
    0x5A, 0x00, 0x37, 0x52, 0x36, 0x1F, 0x0F, 0x71, 0x5E, 0x54, 0x4D, 0xD5, 0x17, 0xF7, 0xD1, 0x50,
    0x94, 0x39, 0x8A, 0x5A, 0x37, 0xD2, 0xAA, 0xA5, 0xF5, 0x95, 0xAC, 0x92, 0x2E, 0x92, 0xCD, 0xBB,
    0xD7, 0xF1, 0x9F, 0x43, 0x7B, 0xDB, 0x8E, 0x24, 0xE3, 0xAB, 0xDD, 0x9E, 0x96, 0x84, 0x36, 0x2B,
    0xC8, 0xC1, 0xAA, 0xCD, 0xBA, 0x0F, 0x48, 0xFB, 0x05, 0x1C, 0x1D, 0x45, 0x5A, 0x79, 0xC0, 0xC6,
    0x09, 0x6D, 0x91, 0x2D, 0x35, 0xE4, 0x1F, 0xF3, 0x19, 0x9A, 0x80, 0x8B, 0x09, 0x07, 0xF0, 0x6B,
    0x88, 0xDF, 0x46, 0xCB, 0x81, 0x1E, 0x44, 0x7F, 0x56, 0x6A, 0x2F, 0x65, 0xB7, 0x89, 0x6E, 0xE9,
    0x87, 0x73, 0x01, 0xF4, 0xCA, 0x37, 0xA7, 0xFA, 0xD6, 0xDC, 0xDE, 0x99, 0x5D, 0x06, 0x5D, 0xDB,
    0x49, 0xF5, 0xAD, 0xC0, 0xCF, 0x76, 0x09, 0xC8, 0x0F, 0x79, 0xD7, 0x76, 0x93, 0xB9, 0x14, 0x86,
    0xCB, 0x17, 0x4D, 0xE8, 0xF6, 0xF6, 0xDC, 0xDD, 0x66, 0xEF, 0x75, 0x57, 0xC9, 0xDE, 0x75, 0xB8,
    0x77, 0x6F, 0xA8, 0xDF, 0x92, 0xD7, 0x07, 0x17, 0xAA, 0x71, 0xB4, 0xE1, 0xCD, 0xE1, 0xFD, 0x7C,
    0xCD, 0xBA, 0xCB, 0x20, 0xD1, 0xC0, 0xFF, 0x6F, 0x88, 0xB9, 0x5F, 0x80, 0x44, 0x20, 0x9B, 0xFA,
    0x73, 0xAA, 0xD4, 0xD9, 0xE0, 0x6B, 0xEB, 0x3F, 0x34, 0x7E, 0x2E, 0x9B, 0xC5, 0x55, 0x10, 0xA5,
    0x6E, 0xE5, 0x19, 0x08, 0xFA, 0xA3, 0x04, 0xC1, 0x94, 0x0F, 0xC9, 0x62, 0xFA, 0x7C, 0x72, 0xBE,
    0x1C, 0x02, 0xE2, 0x6B, 0x16, 0x88, 0x26, 0xEE, 0xE6, 0x22, 0x65, 0x0F, 0x57, 0x0D, 0x2D, 0xE4,
    0x71, 0x55, 0xDA, 0x5C, 0xA0, 0x12, 0xA1, 0x0E, 0x61, 0x45, 0x3C, 0x20, 0x40, 0x68, 0x5E, 0xBD,
    0x20, 0x3D, 0x38, 0x4A, 0xF2, 0x8A, 0xD8, 0x49, 0x2D, 0x90, 0xDF, 0x2F, 0x1B, 0x23, 0x99, 0xDF,
    0x73, 0x7F, 0xF3, 0x2F, 0xD5, 0x0F, 0xFC, 0xF5, 0xBF, 0xFC, 0xDD, 0xFF, 0x39, 0xDC, 0xF2, 0xD7,
    0x3F, 0xBB, 0x53, 0x5D, 0x7E, 0x78, 0x20, 0xEE, 0x4D, 0xDA, 0x6C, 0x80, 0xDF, 0x19, 0xE6, 0x1E,
    0x2F, 0xF8, 0x39, 0x5B, 0x18, 0xF6, 0xCE, 0x36, 0x1F, 0xEC, 0xE4, 0x94, 0x9A, 0x12, 0x40, 0xCA,
    0x5F, 0xE2, 0x82, 0xF9, 0xE1, 0x5A, 0xFA, 0x16, 0x76, 0x5E, 0xE1, 0xA6, 0x05, 0x06, 0xA3, 0x0F,
    0x84, 0xD9, 0x44, 0xDF, 0xCA, 0xB3, 0xAF, 0xA8, 0x9B, 0x21, 0x24, 0x4C, 0x13, 0xFA, 0x9A, 0xFE,
    0xF8, 0x35, 0x6E, 0x07, 0xD9, 0xE6, 0xBC, 0x85, 0x71, 0x25, 0x05, 0x5B, 0x04, 0xE2, 0x3F, 0xA5,
    0x5D, 0xE5, 0xB7, 0x7F, 0x94, 0x73, 0x7F, 0x32, 0xE1, 0xFC, 0x92, 0x8D, 0x66, 0x39, 0xBF, 0xCA,
    0x95, 0xFD, 0xB9, 0x1D, 0xBE, 0x53, 0xC9, 0xEF, 0xB2, 0xD1, 0x4E, 0x6D, 0xF3, 0x12, 0x58, 0x25,
    0x21, 0x9B, 0xD3, 0x15, 0xD7, 0x92, 0xC3, 0xCB, 0xC5, 0x84, 0x0B, 0x2E, 0x37, 0x43, 0x31, 0x99,
    0xC1, 0x8C, 0xE5, 0x60, 0x06, 0x3B, 0xD6, 0xC3, 0xC6, 0xCF, 0x05, 0xDB, 0x21, 0x16, 0x19, 0x51,
    0x1A, 0x9D, 0x1A, 0x9C, 0xB0, 0x14, 0x73, 0x25, 0x78, 0x13, 0x34, 0x23, 0xC6, 0x16, 0xC7, 0xD0,
    0x36, 0x6D, 0x18, 0x42, 0x85, 0x0C, 0x0F, 0xA2, 0x47, 0x1D, 0xEE, 0xC2, 0xF2, 0xE1, 0xE6, 0x0A,
    0x6F, 0xDD, 0x82, 0x69, 0xDB, 0xAB, 0xB0, 0x6B, 0xD0, 0xE3, 0x67, 0x3C, 0x0A, 0xDA, 0xD5, 0x00,
    0x41, 0x56, 0x28, 0x9A, 0xF1, 0x38, 0x5F, 0x39, 0x5F, 0xFB, 0xBA, 0xF9, 0xA6, 0x64, 0x5D, 0xD1,
    0x94, 0xBD, 0x1D, 0xF3, 0xA1, 0xEE, 0x6F, 0x54, 0x45, 0x5F, 0xF7, 0x6D, 0x87, 0x64, 0xF4, 0x65,
    0x63, 0x1B, 0x57, 0x39, 0xF9, 0x16, 0x9E, 0x82, 0xB5, 0x1B, 0xF7, 0xB2, 0x7F, 0xC3, 0x30, 0x08,
    0x6E, 0xE0, 0xD3, 0x55, 0xCA, 0x51, 0x12, 0xFF, 0x75, 0x29, 0xFA, 0x16, 0x06, 0xAC, 0x2B, 0x26,
    0x71, 0xB6, 0xD8, 0x1E, 0x6C, 0x86, 0x74, 0x2D, 0x07, 0x86, 0x83, 0xD9, 0xC2, 0x01, 0x31, 0x7A,
    0x41, 0x90, 0x84, 0x0C, 0x19, 0x78, 0x22, 0x9B, 0x8A, 0x05, 0x16, 0x47, 0x0A, 0x3B, 0x9F, 0xCC,
    0x40, 0x8D, 0x04, 0x26, 0x92, 0x74, 0xCA, 0x09, 0x71, 0x30, 0x30, 0xC2, 0xC5, 0xE3, 0x08, 0x08,
    0x08, 0x98, 0x8C, 0x70, 0x67, 0x91, 0x7A, 0x1D, 0x31, 0xE0, 0xAD, 0x47, 0x9D, 0xAC, 0xC5, 0xC7,
    0x3E, 0x9B, 0xCB, 0x30, 0xC2, 0x8A, 0x01, 0xB8, 0x21, 0xB6, 0x41, 0x0A, 0x22, 0xB8, 0x1F, 0x93,
    0xBC, 0x30, 0xFC, 0x4A, 0x92, 0x07, 0x68, 0x94, 0xDD, 0xFB, 0x10, 0xB4, 0x49, 0x27, 0x10, 0x28,
    0x86, 0x8C, 0xCF, 0x42, 0x91, 0x45, 0xAC, 0xCF, 0x60, 0xEF, 0x0A, 0x47, 0x4E, 0x70, 0x28, 0x02,
    0xC8, 0x27, 0x1F, 0x82, 0x7C, 0x3E, 0xE1, 0x16, 0xFC, 0x09, 0xF2, 0x35, 0xEE, 0x93, 0x7D, 0x90,
    0x77, 0x33, 0xC3, 0x03, 0xE4, 0x11, 0x49, 0x01, 0x61, 0x9D, 0xCD, 0x66, 0x02, 0x35, 0x37, 0x32,
    0x87, 0x07, 0xA9, 0xAF, 0x3E, 0x1C, 0x20, 0x7D, 0x60, 0x30, 0x84, 0x99, 0x08, 0xEE, 0x21, 0xBD,
    0xF1, 0x0A, 0xD9, 0xD9, 0x96, 0x11, 0xE3, 0x0E, 0x6E, 0x10, 0x02, 0x59, 0xAF, 0x58, 0x96, 0xE2,
    0xD9, 0x82, 0x48, 0x3B, 0x46, 0x2C, 0xAB, 0xFD, 0x9E, 0xD4, 0x77, 0xE9, 0xF5, 0xA0, 0xD0, 0x5C,
    0x22, 0x50, 0x53, 0x05, 0x34, 0x21, 0xD4, 0xA4, 0x84, 0xAD, 0x6C, 0x83, 0x10, 0xC4, 0xF7, 0x06,
    0x60, 0x8A, 0x67, 0x05, 0xA1, 0xD9, 0xAC, 0x1B, 0x24, 0xD5, 0x8A, 0x88, 0x38, 0xD2, 0x35, 0xF0,
    0x0E, 0x90, 0x29, 0x10, 0xBE, 0x4C, 0x5B, 0xE0, 0xDB, 0x00, 0xF8, 0xA9, 0x3D, 0x78, 0x22, 0xFA,
    0x3A, 0xA0, 0xAC, 0x96, 0x94, 0x40, 0xD3, 0xDA, 0xA1, 0x24, 0x1C, 0xA2, 0xF4, 0x18, 0x0A, 0x9C,
    0x12, 0x53, 0xA1, 0x0C, 0xE4, 0xC0, 0x91, 0xAF, 0x14, 0xFE, 0xDA, 0x57, 0xC0, 0x97, 0x15, 0x27,
    0x27, 0x4B, 0x7B, 0x80, 0x0C, 0xFE, 0x5E, 0xD2, 0x9D, 0x39, 0xCB, 0x7C, 0xD2, 0xFA, 0x3A, 0x11,
    0x28, 0xC0, 0x72, 0x9F, 0x4A, 0x9F, 0x31, 0xCB, 0x12, 0x70, 0xA7, 0x89, 0x24, 0xED, 0x6D, 0xFE,
    0x46, 0xC8, 0xFF, 0x2A, 0x0C, 0x9B, 0xD1, 0xB0, 0xC5, 0x1D, 0x1C, 0xE6, 0x23, 0xFE, 0xA6, 0x19,
    0xB3, 0x9C, 0x19, 0x4B, 0xDE, 0x30, 0x28, 0xDB, 0xF8, 0x4E, 0xC8, 0xEB, 0xB5, 0x1A, 0x6A, 0x2D,
    0x22, 0xD2, 0x6B, 0x23, 0x14, 0xE2, 0x7B, 0xBE, 0x12, 0x29, 0x71, 0xDB, 0xA4, 0x05, 0x1D, 0x8C,
    0xB4, 0xAA, 0x08, 0x8B, 0x01, 0xF3, 0x28, 0x24, 0xFA, 0x0E, 0xA8, 0xA7, 0x8C, 0xA4, 0xA2, 0xAD,
    0x54, 0xAD, 0x9F, 0x82, 0x0A, 0x0B, 0xC1, 0x4C, 0x7D, 0x0A, 0xBE, 0x33, 0x51, 0xF9, 0x8E, 0x74,
    0x33, 0xAC, 0xD0, 0xB1, 0xA8, 0x16, 0x6C, 0x2C, 0x58, 0x08, 0x12, 0xC2, 0x6F, 0x16, 0xBA, 0x5A,
    0xCC, 0x22, 0xCF, 0x69, 0x26, 0x6A, 0x97, 0xC1, 0xC6, 0x8B, 0x09, 0xB9, 0x1D, 0xAD, 0xFE, 0x39,
    0xC8, 0x0B, 0xE2, 0x96, 0x74, 0x20, 0xD3, 0x49, 0xB4, 0xD0, 0x64, 0xAA, 0x53, 0x4D, 0x51, 0x4C,
    0xB5, 0x3D, 0xA7, 0x14, 0x58, 0x7E, 0x44, 0x15, 0x54, 0x39, 0xE5, 0x27, 0xD1, 0xFA, 0xDA, 0x8F,
    0xB5, 0xF8, 0x2E, 0x55, 0x6D, 0x69, 0x38, 0x5C, 0x6B, 0x16, 0x2F, 0x54, 0x14, 0x3C, 0xB9, 0xBB,
    0x4C, 0x2C, 0xFF, 0x1D, 0xBB, 0x1D, 0x74, 0x63, 0xDE, 0xF6, 0x91, 0x3E, 0xB1, 0x02, 0x95, 0xA5,
    0x83, 0x02, 0xA8, 0x91, 0xB4, 0x8B, 0x5A, 0xEE, 0xDD, 0xC8, 0x13, 0xB4, 0x13, 0x76, 0x64, 0xF7,
    0xE5, 0x74, 0xE9, 0xE3, 0xD3, 0x04, 0xBA, 0x9A, 0x47, 0xB3, 0xE4, 0xD5, 0xF5, 0x53, 0xA5, 0x5D,
    0xF4, 0x37, 0xA4, 0xFC, 0x04, 0x3D, 0xEB, 0x03, 0x14, 0x65, 0x3F, 0x9F, 0xAE, 0xDC, 0x30, 0x4B,
    0xB2, 0xC4, 0xA0, 0x57, 0xDC, 0x2C, 0x34, 0xAA, 0x84, 0x1E, 0x64, 0x0F, 0x0B, 0xFF, 0x25, 0xF4,
    0xE1, 0x21, 0xE1, 0x31, 0x76, 0x0D, 0x76, 0x77, 0xB9, 0x1D, 0x71, 0x86, 0x01, 0xC2, 0xDE, 0x2A,
    0x36, 0xAF, 0xB8, 0x96, 0xD8, 0x3E, 0xAB, 0x1F, 0x4B, 0xD2, 0xEE, 0xC0, 0xA3, 0x42, 0xD9, 0x95,
    0xD3, 0xA5, 0x8F, 0x1A, 0x88, 0x00, 0x05, 0x34, 0x8D, 0xF2, 0x7C, 0xD2, 0x9F, 0x2A, 0x6D, 0xDA,
    0xDA, 0xDD, 0x5B, 0x14, 0x83, 0xDC, 0xA5, 0xF1, 0x34, 0x69, 0xA7, 0xA4, 0x41, 0x27, 0x6A, 0xDA,
    0xFB, 0x4C, 0xF1, 0x61, 0x46, 0x00, 0xE5, 0xCC, 0x45, 0x10, 0x45, 0x9B, 0x34, 0x11, 0x24, 0xE0,
    0xC2, 0x01, 0x08, 0x60, 0x71, 0x34, 0xAE, 0x07, 0x65, 0x60, 0x0A, 0xD2, 0xD2, 0xBB, 0xEE, 0xBB,
    0xA4, 0x08, 0x72, 0xF5, 0x6E, 0xD4, 0xF0, 0x12, 0x13, 0x58, 0xEC, 0xDB, 0x9C, 0x58, 0xD4, 0x9F,
    0x34, 0xF8, 0x27, 0xBB, 0x51, 0x2A, 0x05, 0xAF, 0x05, 0xF5, 0x32, 0x9B, 0xE1, 0x6B, 0x1E, 0x5D,
    0x31, 0xE7, 0x00, 0xA4, 0xA9, 0x40, 0x4B, 0x31, 0x6A, 0x65, 0x36, 0x8F, 0x16, 0x1C, 0x0F, 0x03,
    0x98, 0x3F, 0x08, 0xEF, 0xF5, 0xE8, 0x6B, 0x0F, 0x7A, 0x8B, 0x8E, 0xB0, 0x73, 0x1D, 0x04, 0x41,
    0xA3, 0xCB, 0x03, 0x3D, 0x51, 0xED, 0xF3, 0xD0, 0xB4, 0x0D, 0xFC, 0x09, 0x9C, 0x20, 0x0A, 0xE6,
    0x8A, 0x48, 0xB4, 0xBE, 0x3B, 0xC4, 0x66, 0x79, 0x7D, 0x2B, 0x84, 0xBB, 0x3E, 0xFD, 0x08, 0x52,
    0x30, 0xCB, 0x5C, 0xAB, 0x67, 0x40, 0x8A, 0x99, 0x01, 0x29, 0xC5, 0x0C, 0x40, 0xC8, 0x67, 0x58,
    0x2B, 0x9F, 0x61, 0xAE, 0x82, 0x87, 0x99, 0x30, 0x3E, 0xD8, 0x01, 0x90, 0xD2, 0xF6, 0x6E, 0x41,
    0xA9, 0x23, 0x1A, 0x1E, 0x42, 0x0A, 0x18, 0xBD, 0x1A, 0x51, 0x83, 0x63, 0x12, 0xC3, 0x57, 0x4A,
    0x85, 0x65, 0xEA, 0x7F, 0x51, 0xCE, 0x9E, 0x6F, 0x4E, 0x46, 0x96, 0xBF, 0x06, 0xA2, 0x71, 0x6F,
    0xCE, 0x9E, 0xA5, 0xBD, 0x7D, 0xD2, 0xAB, 0xEB, 0xD9, 0xB3, 0x9C, 0x0D, 0x72, 0x76, 0x05, 0x7C,
    0x64, 0x0B, 0x1E, 0x4F, 0x27, 0xDB, 0x9C, 0x35, 0xCB, 0x2E, 0x47, 0x87, 0x8A, 0x2E, 0x7C, 0x6E,
    0x99, 0x12, 0xD0, 0x77, 0x56, 0xC0, 0x4E, 0x11, 0xE1, 0x86, 0x55, 0xEA, 0x21, 0x40, 0xB0, 0x99,
    0xE5, 0x1B, 0xF2, 0x63, 0x95, 0xE3, 0x39, 0x8A, 0xB2, 0x1F, 0xA9, 0xD4, 0x31, 0x23, 0x55, 0x94,
    0x40, 0x51, 0x5A, 0x88, 0x92, 0x3E, 0x82, 0x28, 0xE6, 0x36, 0x44, 0xD9, 0xA7, 0x28, 0x13, 0x44,
    0xB9, 0xD5, 0x43, 0x94, 0x83, 0x06, 0xA2, 0xAC, 0x27, 0x44, 0x29, 0x77, 0x44, 0x7A, 0x99, 0x28,
    0xCA, 0x0B, 0x72, 0x58, 0x95, 0xB4, 0x29, 0xD0, 0xBA, 0xA4, 0x85, 0x69, 0x57, 0x99, 0x14, 0x6B,
    0x1D, 0x88, 0x21, 0xCD, 0x91, 0xFC, 0xEC, 0x9B, 0x91, 0x9B, 0xA8, 0xEC, 0x2D, 0x92, 0x55, 0x98,
    0xAC, 0x18, 0x67, 0x60, 0x82, 0xC0, 0x76, 0x1C, 0x4D, 0xAB, 0x47, 0xFE, 0x41, 0xAB, 0x55, 0x74,
    0x64, 0xC3, 0x64, 0x33, 0x4B, 0x18, 0xEA, 0x49, 0xE5, 0x66, 0x22, 0x73, 0x6A, 0x5F, 0x37, 0x3E,
    0x0A, 0xCB, 0xB1, 0x44, 0x92, 0xA5, 0x16, 0xAC, 0x5D, 0xC5, 0x3A, 0x5B, 0xBE, 0xAC, 0x11, 0x2C,
    0x63, 0x5A, 0xC7, 0xB6, 0x42, 0x76, 0xA6, 0x2C, 0x59, 0xDC, 0xB4, 0xBA, 0x69, 0x79, 0xDB, 0xEA,
    0xDB, 0xD9, 0x6A, 0xF9, 0x65, 0x6D, 0x3B, 0x5A, 0x99, 0xB8, 0x72, 0x69, 0x76, 0x2B, 0x17, 0xA3,
    0x2B, 0x97, 0xE1, 0xC4, 0xCA, 0x65, 0x3D, 0xBE, 0x72, 0x51, 0xAC, 0x3F, 0xD6, 0x11, 0xB5, 0x5E,
    0xDB, 0xB1, 0xE3, 0x2B, 0x97, 0x24, 0x44, 0x00, 0xD6, 0x0B, 0x52, 0x32, 0xE6, 0x19, 0xE1, 0x23,
    0x9B, 0x31, 0x9D, 0xCA, 0xA7, 0x62, 0x35, 0x63, 0x06, 0xF8, 0xCD, 0x31, 0x9B, 0x95, 0x33, 0x42,
    0x72, 0x8C, 0xD3, 0x31, 0x74, 0x05, 0xAC, 0xEF, 0xCA, 0x48, 0xA4, 0xC8, 0x5A, 0x6A, 0x90, 0x12,
    0x2C, 0x24, 0x2D, 0x2E, 0x0C, 0xBB, 0xE9, 0x02, 0x44, 0x9F, 0x31, 0x7D, 0xE2, 0x69, 0x37, 0xD5,
    0xBE, 0x9D, 0x5A, 0xCC, 0xDA, 0xF5, 0xC4, 0x79, 0xD0, 0x0C, 0xD9, 0x52, 0x62, 0xB6, 0xB3, 0xA8,
    0x30, 0xEE, 0x6E, 0x31, 0xB9, 0xDB, 0x98, 0xBC, 0x3F, 0x0A, 0xBE, 0xBE, 0xB3, 0x2D, 0xD9, 0xE4,
    0xB5, 0x0D, 0x46, 0x53, 0x65, 0xC0, 0x28, 0x88, 0x98, 0x7E, 0xF8, 0x53, 0x4E, 0xDC, 0xCB, 0xED,
    0xEA, 0x15, 0x0C, 0x62, 0x90, 0x31, 0x03, 0x34, 0x01, 0x51, 0x54, 0x34, 0xAF, 0x93, 0x63, 0xAE,
    0xE3, 0xE3, 0xC4, 0xDE, 0x77, 0x62, 0xC5, 0x63, 0xD2, 0xEA, 0xBA, 0xE2, 0x57, 0x5B, 0xE7, 0x1E,
    0x73, 0x47, 0xB7, 0x13, 0x18, 0x6B, 0xB9, 0x96, 0xD8, 0x0D, 0x6F, 0xA7, 0xCE, 0xA8, 0x56, 0xEF,
    0x32, 0x90, 0x3F, 0x83, 0x9F, 0xCE, 0xAB, 0x86, 0xA7, 0xCC, 0x23, 0x5D, 0xAF, 0x70, 0x0A, 0x63,
    0x03, 0xC0, 0xC2, 0x5B, 0xFC, 0xBC, 0x3B, 0x7D, 0x1E, 0x18, 0xD2, 0xB7, 0xEC, 0xE0, 0x61, 0x9A,
    0x49, 0xFE, 0xF3, 0xE7, 0x94, 0x0C, 0xA6, 0x03, 0x9D, 0xE2, 0xDB, 0x27, 0x3C, 0x3E, 0xEB, 0xB7,
    0x20, 0xDE, 0x3F, 0x5D, 0x6E, 0xE5, 0x5A, 0x70, 0xEB, 0x1A, 0x76, 0x1B, 0x9E, 0x30, 0xA4, 0x08,
    0x58, 0x64, 0x77, 0x65, 0xFB, 0x62, 0xD4, 0xCF, 0xB9, 0x21, 0xE5, 0x72, 0xA8, 0x8F, 0x43, 0xBF,
    0x1B, 0x0B, 0x69, 0x6F, 0xE2, 0x93, 0xAA, 0xE5, 0xE7, 0x48, 0x87, 0xAB, 0xAC, 0x1C, 0x9F, 0x6B,
    0x04, 0x71, 0x3F, 0xD0, 0x82, 0x06, 0x27, 0xAB, 0xA5, 0x00, 0x4A, 0x24, 0x5C, 0x53, 0xC6, 0x56,
    0x97, 0xD7, 0x78, 0x51, 0x57, 0x88, 0xA5, 0x6E, 0x7B, 0x97, 0x98, 0xFF, 0x97, 0x77, 0x2B, 0x50,
    0x86, 0xBA, 0x6B, 0xA0, 0x48, 0xDC, 0xC5, 0xC5, 0xD1, 0xB2, 0x89, 0x7D, 0x4C, 0x39, 0xEF, 0xA2,
    0xF3, 0xFB, 0x47, 0xAA, 0xDB, 0x89, 0xE9, 0xCF, 0x3D, 0x2D, 0x30, 0x08, 0x1D, 0x51, 0x53, 0xF6,
    0xDC, 0x53, 0xB1, 0x7F, 0x53, 0x72, 0xDD, 0x6F, 0x24, 0xD6, 0x10, 0x58, 0x03, 0x01, 0x71, 0x2E,
    0x6C, 0xE5, 0xF2, 0xC5, 0x58, 0x43, 0xF2, 0x35, 0xD2, 0x3E, 0x2F, 0x4F, 0x4F, 0x93, 0xF3, 0x68,
    0x49, 0xDD, 0x5F, 0xED, 0xE4, 0xB5, 0xB4, 0x79, 0x6A, 0x7A, 0x75, 0x0E, 0xC4, 0x7B, 0x19, 0x6D,
    0x2D, 0x3C, 0xF1, 0x61, 0x71, 0x32, 0x23, 0x9F, 0x90, 0x66, 0x4F, 0xAB, 0xE6, 0x41, 0x3B, 0xF4,
    0xAF, 0x1D, 0x4D, 0xEE, 0x78, 0x21, 0x3E, 0x8A, 0x89, 0x1D, 0xF3, 0x89, 0x6D, 0xFE, 0xB6, 0x5D,
    0xAE, 0x63, 0x79, 0xCD, 0x2B, 0x84, 0x64, 0x12, 0x1A, 0x10, 0x39, 0xD4, 0xEF, 0x31, 0x1E, 0x0F,
    0x55, 0x1E, 0x7A, 0xFB, 0xF1, 0xF8, 0xA2, 0x56, 0xD2, 0xC7, 0x7A, 0xB6, 0xFC, 0xEB, 0x8C, 0xAE,
    0x1F, 0x4D, 0xBF, 0xFD, 0xE9, 0x28, 0xF2, 0xB8, 0xAC, 0xAF, 0x45, 0xE7, 0x10, 0x17, 0x92, 0xC0,
    0xF0, 0x1F, 0xE4, 0x22, 0x0C, 0x5B, 0xE0, 0x77, 0x60, 0x75, 0x4A, 0xBC, 0x5F, 0x4A, 0x6E, 0x43,
    0x67, 0xDB, 0x71, 0x5B, 0x98, 0x8F, 0x2C, 0x6E, 0xE8, 0xAD, 0x51, 0x74, 0x5A, 0xCE, 0x6B, 0xB8,
    0x75, 0x56, 0x88, 0xDF, 0x0D, 0x4A, 0x35, 0x22, 0x74, 0xD5, 0x0F, 0xF3, 0xB7, 0xFB, 0x23, 0x71,
    0x6A, 0xEE, 0x13, 0x26, 0x5C, 0x73, 0xBE, 0x16, 0x73, 0x01, 0xF4, 0x37, 0x47, 0x5B, 0xD6, 0x09,
    0x1D, 0xFC, 0x68, 0x7B, 0xD0, 0xED, 0x50, 0x0F, 0x30, 0x01, 0x3A, 0xEF, 0xBA, 0x43, 0x00, 0xD6,
    0xCD, 0xEF, 0x12, 0x37, 0xC3, 0xF2, 0xED, 0x63, 0xB9, 0xAD, 0x89, 0xE9, 0x51, 0x8F, 0x06, 0x3B,
    0x59, 0xCA, 0x35, 0xB5, 0x4D, 0x81, 0x84, 0x37, 0x13, 0x17, 0xDA, 0xA1, 0xB2, 0x43, 0xE8, 0x5A,
    0x8F, 0x9A, 0x5A, 0x59, 0x9D, 0x61, 0xB6, 0x9A, 0xC9, 0x55, 0x5B, 0x5D, 0xE9, 0x7C, 0xC7, 0x39,
    0xE8, 0x9C, 0x3C, 0x3D, 0x4D, 0x56, 0x4C, 0x03, 0xFC, 0xA9, 0xDF, 0x19, 0xE4, 0x07, 0x89, 0x7F,
    0x6A, 0x7A, 0xC5, 0xA7, 0x83, 0xFA, 0xC2, 0xC1, 0xB0, 0x7B, 0xB6, 0x7A, 0x6A, 0x7A, 0xEE, 0x2A,
    0xFC, 0x79, 0x07, 0xB5, 0xF7, 0xF7, 0x93, 0xBC, 0x91, 0xF7, 0x27, 0x31, 0xF2, 0x09, 0x68, 0x16,
    0x04, 0x9D, 0xDD, 0xEC, 0x58, 0x1E, 0xA9, 0x8B, 0x44, 0xEB, 0x8F, 0xED, 0x30, 0x44, 0x6E, 0x44,
    0xD3, 0xB0, 0x8F, 0x48, 0x62, 0xA7, 0xF4, 0x0C, 0x83, 0xED, 0x3D, 0x6E, 0x78, 0x16, 0xE6, 0x29,
    0x22, 0x74, 0x35, 0x2B, 0xFC, 0xE0, 0x08, 0xCA, 0x2B, 0x46, 0xCE, 0x7B, 0x0F, 0x70, 0x1C, 0x5C,
    0x05, 0x28, 0xAF, 0x6C, 0xAA, 0x66, 0x6E, 0x95, 0xB9, 0x5A, 0xD2, 0xFF, 0xD7, 0x5C, 0x69, 0xEF,
    0x1F, 0x36, 0xBB, 0x5F, 0x1E, 0x1E, 0x6C, 0x4D, 0x18, 0x5E, 0x47, 0xA1, 0xA5, 0x61, 0xAB, 0xE1,
    0x05, 0x94, 0x86, 0x42, 0xCE, 0xB7, 0x77, 0xE3, 0x6A, 0x81, 0x6D, 0x0B, 0x94, 0xAE, 0xFE, 0x5F,
    0x78, 0x3C, 0x31, 0xCD, 0x2F, 0x08, 0x8F, 0x27, 0xA6, 0xB7, 0xB9, 0xB3, 0xA5, 0x3B, 0xB3, 0xFE,
    0xE4, 0xFF, 0xBF, 0x9E, 0x54, 0xEF, 0xE7, 0x77, 0xB8, 0x1F, 0xFE, 0x0B, 0xF7, 0x1D, 0x92, 0xD7,
    0xF5, 0x80, 0x00, 0x4D, 0x55, 0x9C, 0x23, 0xA8, 0x32, 0x48, 0x66, 0xEE, 0xE7, 0x16, 0x98, 0x8A,
    0x63, 0x11, 0x4B, 0x66, 0x1F, 0xB7, 0x32, 0x21, 0xBA, 0x83, 0x9B, 0xCF, 0x62, 0xB7, 0x69, 0x60,
    0x7D, 0x6B, 0x0F, 0x91, 0x3F, 0x2E, 0xD6, 0xFC, 0x76, 0xC4, 0x46, 0x54, 0xDB, 0xCF, 0x77, 0x26,
    0x5D, 0x31, 0xEA, 0xD1, 0x00, 0x57, 0x02, 0x7B, 0x65, 0xFE, 0xD7, 0x62, 0x2B, 0xD7, 0x19, 0xFF,
    0x03, 0x00, 0x64, 0x63, 0x89, 0xCC, 0x77, 0x33, 0x99, 0x16, 0x6C, 0xF3, 0x00, 0x1E, 0x63, 0x50,
    0x12, 0xE5, 0xFE, 0x37, 0x8B, 0xC8, 0xFB, 0x12, 0x0A, 0xC7, 0x1F, 0x26, 0x2D, 0x20, 0x57, 0xF2,
    0x13, 0xC5, 0xE3, 0x34, 0x15, 0xFD, 0x37, 0x4D, 0x51, 0x31, 0x8E, 0xDC, 0x30, 0x0C, 0x1C, 0xDB,
    0x85, 0x0B, 0x15, 0xFC, 0x40, 0x00, 0xF5, 0x69, 0xF4, 0x04, 0x5D, 0xAA, 0x94, 0xF7, 0x84, 0xFB,
    0x44, 0x8A, 0xAB, 0x56, 0x46, 0xAE, 0x4C, 0x91, 0x7F, 0xA4, 0x4A, 0x71, 0xE5, 0x21, 0xD2, 0xED,
    0x16, 0x5B, 0xA4, 0x38, 0xE7, 0x05, 0x11, 0x90, 0x0F, 0x08, 0x1B, 0x17, 0x2A, 0x64, 0x33, 0xA4,
    0x73, 0x1B, 0x44, 0xA0, 0x48, 0x8A, 0xC0, 0x90, 0x9C, 0x91, 0xE7, 0x1C, 0x38, 0x47, 0x9E, 0x23,
    0x27, 0xCF, 0x9C, 0x82, 0xDC, 0xC8, 0x3C, 0x69, 0x7E, 0x7D, 0x4B, 0x64, 0xCE, 0xBB, 0x9F, 0x83,
    0xFA, 0xF4, 0x7F, 0x1E, 0x77, 0x8F, 0xC7, 0x61, 0xA1, 0xE4, 0xE1, 0x6F, 0x42, 0xF2, 0xC9, 0x4D,
    0x66, 0xB6, 0xC5, 0x16, 0x53, 0xC6, 0x4C, 0x29, 0xE2, 0x03, 0x4C, 0xA6, 0x42, 0xFF, 0xDE, 0xF7,
    0xC0, 0x57, 0x83, 0x61, 0x09, 0xA0, 0xE7, 0x06, 0x3F, 0x14, 0xF8, 0xF7, 0x05, 0xE1, 0x7B, 0xDB,
    0xAF, 0x7F, 0x58, 0xA0, 0xC7, 0xCC, 0xCD, 0x5E, 0x58, 0xCC, 0x94, 0x6D, 0xCC, 0x4F, 0xF6, 0x58,
    0x23, 0xE5, 0x47, 0x92, 0x5E, 0x8D, 0x2E, 0x4C, 0xD7, 0x3A, 0x3D, 0x6B, 0xFD, 0xDE, 0x00, 0x5F,
    0x00, 0x46, 0xC7, 0xE8, 0x37, 0x04, 0x2E, 0x91, 0xB3, 0x2C, 0x39, 0x56, 0x98, 0x05, 0x54, 0x5E,
    0xCD, 0xE6, 0xBD, 0xF5, 0xDB, 0x09, 0x21, 0x21, 0x4E, 0xC4, 0xD5, 0x72, 0x75, 0xBC, 0x08, 0xAA,
    0xDB, 0xE0, 0xB9, 0x78, 0x15, 0x64, 0x1E, 0x1A, 0x14, 0x28, 0x56, 0x24, 0xB1, 0xAB, 0xDF, 0xC2,
    0x16, 0x9A, 0xAF, 0x76, 0x76, 0x1F, 0xAB, 0x9B, 0xC2, 0xB9, 0x85, 0x14, 0x3F, 0xD5, 0x38, 0x1D,
    0xC6, 0x7C, 0xD0, 0x91, 0xD8, 0x74, 0x61, 0x4E, 0xC3, 0x2A, 0xD1, 0xF2, 0x4C, 0x4A, 0xC1, 0x7F,
    0xCE, 0x4E, 0xE7, 0x05, 0xCA, 0x71, 0x92, 0xF8, 0x8D, 0x7E, 0xB0, 0x4E, 0x8F, 0xEE, 0xD4, 0x34,
    0x06, 0xBE, 0x2D, 0x1A, 0xFD, 0xE6, 0x8F, 0x2B, 0x82, 0x80, 0xE2, 0x2D, 0xBF, 0xE3, 0x22, 0x04,
    0x3C, 0x9F, 0xB9, 0xCA, 0xE8, 0xE8, 0x5E, 0x7E, 0x37, 0x59, 0x7C, 0xB5, 0x2F, 0xC7, 0x0A, 0x9F,
    0x9A, 0xFB, 0x79, 0xAA, 0xC2, 0x72, 0x0D, 0x77, 0xE7, 0xD2, 0x37, 0x30, 0x13, 0x67, 0x21, 0x18,
    0x1B, 0x71, 0xB2, 0x33, 0x5C, 0xEE, 0x57, 0xD0, 0x65, 0xB3, 0xBF, 0x9A, 0x3B, 0x55, 0xFF, 0x50,
    0xBC, 0x29, 0x07, 0x4A, 0x4F, 0x94, 0xF0, 0x46, 0x06, 0xA2, 0x5B, 0x95, 0x98, 0x15, 0xC1, 0x93,
    0x2A, 0x20, 0x5E, 0x14, 0x11, 0x5D, 0xE4, 0x0B, 0xFA, 0x09, 0x5D, 0x32, 0xD9, 0x94, 0xA1, 0x0D,
    0x6B, 0xC7, 0xFD, 0x36, 0x56, 0x2A, 0x3E, 0x05, 0x05, 0x42, 0x81, 0x50, 0x28, 0x40, 0x4A, 0x49,
    0x80, 0x2A, 0x36, 0xD0, 0x2B, 0x13, 0xA3, 0x6C, 0x77, 0x69, 0xFD, 0xF4, 0x5A, 0x1F, 0xF6, 0xBA,
    0xD2, 0x73, 0xB3, 0x52, 0xBD, 0xC1, 0x5F, 0x8D, 0x86, 0xBD, 0x45, 0xB9, 0xB6, 0xF8, 0x03, 0x7D,
    0x54, 0x31, 0x72, 0xD4, 0x40, 0x10, 0x9C, 0xBB, 0x05, 0x2B, 0x50, 0xB0, 0x24, 0xC4, 0x0A, 0x88,
    0x41, 0x1F, 0x38, 0xD7, 0xEA, 0x47, 0x10, 0x12, 0x98, 0x92, 0x02, 0x1E, 0xC2, 0x0B, 0x70, 0xEA,
    0x4C, 0x6B, 0x5E, 0x20, 0xE3, 0x07, 0x70, 0xF8, 0x03, 0x5E, 0xAA, 0x14, 0xA8, 0x8A, 0x5D, 0x0D,
    0xDD, 0xA3, 0x3B, 0xBB, 0x0A, 0xAA, 0x50, 0xDD, 0xB6, 0xEE, 0x4E, 0xDA, 0x99, 0xE9, 0xEE, 0x99,
    0x15, 0xD9, 0x2E, 0x37, 0x00, 0x3C, 0xD6, 0xA8, 0x22, 0xB5, 0x6A, 0x94, 0x5E, 0xF5, 0xB8, 0x53,
    0x7C, 0x73, 0x7A, 0xFF, 0x28, 0xBE, 0x54, 0x9F, 0xA5, 0x99, 0xF1, 0x46, 0x48, 0x6F, 0x01, 0xC7,
    0x83, 0x48, 0x1F, 0x13, 0xE0, 0xF6, 0x08, 0xB8, 0x8F, 0x80, 0xDF, 0xDD, 0x2B, 0x09, 0xBA, 0x4F,
    0xD2, 0xAA, 0x2E, 0xE2, 0x55, 0xB3, 0x38, 0xD5, 0x04, 0x58, 0x45, 0xAA, 0x73, 0x82, 0xD3, 0x35,
    0x32, 0x07, 0x60, 0x10, 0xE4, 0xE8, 0x08, 0x22, 0xF8, 0xC8, 0x8E, 0xB0, 0x27, 0xB8, 0x95, 0xA0,
    0x3A, 0x6F, 0x51, 0x2A, 0x42, 0x4D, 0xF0, 0x19, 0x0F, 0x7A, 0x6C, 0xC7, 0x7E, 0x00, 0x63, 0x48,
    0x8B, 0x52, 0x50, 0xD5, 0x16, 0x9A, 0x2F, 0x17, 0x69, 0x10, 0x32, 0xA0, 0x90, 0xF1, 0x6E, 0xB2,
    0xC8, 0x5C, 0x08, 0x89, 0xBA, 0x22, 0x17, 0x7F, 0xA3, 0xD0, 0x21, 0x30, 0x7D, 0x11, 0xBC, 0x3E,
    0x7C, 0x41, 0x15, 0x33, 0xD6, 0xF2, 0xF1, 0x02, 0x31, 0x11, 0x2D, 0x44, 0xD0, 0x05, 0x4F, 0x09,
    0x08, 0x03, 0x49, 0xB2, 0x8C, 0x83, 0x8C, 0x45, 0xAC, 0x60, 0x06, 0xC0, 0x5E, 0xC3, 0x5B, 0xA6,
    0x1A, 0xBF, 0x6B, 0x42, 0x34, 0xE8, 0xE6, 0xD6, 0x96, 0xE4, 0x8B, 0x27, 0xE6, 0x0A, 0x58, 0x65,
    0x87, 0x52, 0xEA, 0x2C, 0xA0, 0xE3, 0x17, 0x96, 0xE8, 0x67, 0xC6, 0xF6, 0xC9, 0x4A, 0xC7, 0x1E,
    0x30, 0x47, 0xD1, 0x7B, 0x0A, 0xE1, 0x0C, 0xCA, 0x5E, 0x3B, 0x98, 0xA0, 0x69, 0x24, 0xD4, 0x08,
    0x43, 0xFA, 0x99, 0x04, 0x4C, 0xDD, 0x09, 0x25, 0xAF, 0x27, 0xE6, 0xCF, 0xF4, 0xC3, 0x44, 0x88,
    0x54, 0x88, 0x50, 0x65, 0x03, 0xBB, 0xF9, 0xC5, 0x65, 0x79, 0x8D, 0x94, 0xAE, 0x80, 0x47, 0xCB,
    0x1B, 0xE8, 0x4F, 0x6E, 0x75, 0x1A, 0xC7, 0xE8, 0xD6, 0x4A, 0xA3, 0x76, 0x6E, 0xF5, 0x1B, 0x1B,
    0x5E, 0x1B, 0x1D, 0xF6, 0x41, 0xFF, 0xFE, 0x71, 0x66, 0x85, 0x8D, 0xB2, 0xDA, 0xEC, 0x91, 0x5D,
    0x74, 0xF1, 0xA6, 0x7F, 0xAA, 0xA1, 0x87, 0xE8, 0x54, 0x99, 0xCA, 0x11, 0x61, 0x29, 0xB6, 0x63,
    0x4A, 0xF1, 0xA8, 0xA9, 0x99, 0x40, 0x8B, 0xBD, 0xB0, 0x58, 0x65, 0xE3, 0x38, 0x80, 0x60, 0x07,
    0x2E, 0x28, 0x45, 0xF1, 0x54, 0xA5, 0x7D, 0x58, 0x41, 0xA6, 0x08, 0xF5, 0xA2, 0x5A, 0xD2, 0xD1,
    0x5B, 0x88, 0x75, 0x5A, 0xA0, 0x40, 0x93, 0x47, 0x6B, 0x26, 0x48, 0x65, 0xFE, 0x85, 0x52, 0xE1,
    0x2F, 0x72, 0xB6, 0x06, 0xE0, 0x5F, 0x06, 0x96, 0xDF, 0x5C, 0xED, 0xD9, 0x54, 0xA7, 0x36, 0x1A,
    0x3E, 0x50, 0xDB, 0x45, 0xB6, 0x78, 0x81, 0x70, 0x81, 0x48, 0xD8, 0x5B, 0xE3, 0x05, 0xED, 0x02,
    0x1F, 0x81, 0x04, 0x48, 0x3A, 0x6C, 0xDD, 0x6B, 0x83, 0x30, 0xFB, 0xB5, 0x4F, 0xD6, 0x83, 0xD1,
    0xD0, 0xDA, 0x8E, 0xED, 0x36, 0x1A, 0xD6, 0xD6, 0x79, 0x7E, 0x41, 0x67, 0xC0, 0x4D, 0x98, 0x09,
    0x3E, 0xCD, 0x4C, 0x33, 0xD8, 0xA1, 0x6D, 0xAA, 0x56, 0x7A, 0xE2, 0x94, 0xA6, 0xEC, 0xB6, 0x4E,
    0x35, 0x97, 0xF3, 0xE6, 0xF2, 0x66, 0x75, 0x41, 0x36, 0xAA, 0x9C, 0xFA, 0xBC, 0x3B, 0x5B, 0xAD,
    0xF0, 0xD5, 0x9F, 0xAC, 0x26, 0x59, 0xC4, 0x69, 0xFE, 0xEB, 0xF2, 0xE9, 0xAA, 0xF8, 0xBD, 0xE6,
    0xA0, 0xA1, 0x47, 0x37, 0x91, 0x50, 0x6F, 0xE2, 0x14, 0x27, 0xA7, 0x5F, 0xDB, 0xE8, 0xCB, 0xE5,
    0x05, 0xA6, 0xF8, 0xC0, 0x29, 0x26, 0x4C, 0xBD, 0xCE, 0x7D, 0x84, 0xAC, 0x7D, 0x64, 0x05, 0x53,
    0x6A, 0x53, 0x9F, 0x70, 0x0F, 0xE5, 0x41, 0x63, 0xCB, 0xFA, 0xCE, 0x53, 0xCC, 0x21, 0xA7, 0x90,
    0x36, 0xC6, 0x96, 0xC2, 0x77, 0x4F, 0x79, 0x69, 0xB2, 0x78, 0x94, 0xB4, 0x1B, 0xD7, 0xE7, 0xBC,
    0xE7, 0xD3, 0xE3, 0xBA, 0xC5, 0xE9, 0xF1, 0xEE, 0x05, 0xF2, 0x5E, 0x3E, 0xE5, 0xB5, 0xD3, 0xE3,
    0x8A, 0x70, 0x03, 0x98, 0x20, 0x1A, 0xF2, 0xE2, 0xF4, 0x28, 0xBF, 0xFE, 0x39, 0x3D, 0xB6, 0xBC,
    0x4F, 0x29, 0xEC, 0x82, 0x60, 0xCB, 0x69, 0xCD, 0xD6, 0xE2, 0x1B, 0xCB, 0x23, 0x07, 0x8C, 0x2A,
    0x05, 0xF8, 0x18, 0xA0, 0x3B, 0x7D, 0xF0, 0x85, 0xDD, 0x43, 0xFF, 0x78, 0xB8, 0x0C, 0xEC, 0x50,
    0xC4, 0x44, 0xB8, 0x96, 0x6B, 0xDA, 0x64, 0x0C, 0xDF, 0x06, 0xE9, 0x7F, 0x44, 0xD3, 0x4D, 0x6F,
    0xE1, 0x6C, 0xD3, 0xB5, 0x90, 0xFD, 0x25, 0x42, 0xF2, 0x2C, 0xF2, 0x74, 0xB2, 0xEC, 0x97, 0x37,
    0x19, 0x63, 0x98, 0x7B, 0x3A, 0x34, 0xD5, 0x78, 0x5E, 0x53, 0x97, 0xBF, 0x34, 0xD9, 0xA1, 0x24,
    0x96, 0x6F, 0xBD, 0x62, 0xA7, 0x1B, 0x34, 0xF8, 0xA4, 0x93, 0x2B, 0x87, 0x70, 0xAC, 0xF3, 0x21,
    0x4C, 0x7E, 0xB9, 0x02, 0xCC, 0x37, 0x7D, 0xF4, 0x69, 0x1E, 0x63, 0x93, 0x92, 0x0E, 0xED, 0x11,
    0x10, 0x7E, 0x26, 0x34, 0xC3, 0xDD, 0x1D, 0xC6, 0x2F, 0x22, 0x6D, 0x8F, 0x8D, 0xC2, 0xC1, 0x44,
    0x93, 0x3A, 0x3B, 0xA1, 0xD6, 0xE7, 0x3E, 0x27, 0x49, 0xC2, 0x84, 0xBE, 0x0B, 0x88, 0x81, 0xB7,
    0x41, 0x7C, 0x1C, 0x30, 0x10, 0x6A, 0xA7, 0x1B, 0x06, 0xC0, 0xEB, 0x76, 0x0C, 0x6E, 0x24, 0xB0,
    0x21, 0x11, 0x50, 0xB2, 0xCB, 0xE7, 0xA3, 0x81, 0x82, 0xC9, 0x1F, 0x8D, 0x90, 0xB1, 0x4A, 0x03,
    0x41, 0x10, 0x86, 0xFF, 0xBB, 0x10, 0x52, 0xDC, 0xC2, 0x55, 0xBE, 0x85, 0x70, 0x0B, 0x16, 0x36,
    0x07, 0x7B, 0xBE, 0x41, 0xDE, 0x24, 0x88, 0x85, 0x57, 0x04, 0x93, 0x07, 0xB0, 0xC8, 0x43, 0xF8,
    0x00, 0x07, 0xB6, 0x42, 0x56, 0x02, 0x5A, 0x24, 0xEA, 0x82, 0x6D, 0x8A, 0x4D, 0x22, 0x58, 0x08,
    0x71, 0x8B, 0x88, 0x07, 0xB9, 0xDC, 0x3A, 0xBB, 0xC6, 0x14, 0x12, 0xC4, 0x99, 0x59, 0x3E, 0xE6,
    0x87, 0xF9, 0x77, 0x77, 0x00, 0xE8, 0x7D, 0xD9, 0xD4, 0x42, 0x0F, 0x95, 0x95, 0x17, 0x70, 0xA1,
    0x7D, 0xAD, 0x80, 0x0D, 0x60, 0x81, 0xF7, 0x3E, 0x16, 0x12, 0x73, 0x89, 0x99, 0xAF, 0x79, 0xBF,
    0xB9, 0x80, 0x98, 0x61, 0xA8, 0x60, 0x25, 0xBE, 0x27, 0xDA, 0x40, 0xC7, 0x20, 0xB1, 0x06, 0xF6,
    0xA5, 0xA0, 0xC9, 0x82, 0x0C, 0xFE, 0x38, 0x41, 0xD1, 0xD4, 0x89, 0x11, 0xBA, 0x47, 0x97, 0x0E,
    0xA5, 0x95, 0x62, 0x6B, 0xB3, 0xCF, 0x87, 0x7A, 0xEB, 0x7A, 0x5D, 0xC0, 0xFC, 0xCF, 0x67, 0xF0,
    0xEB, 0x77, 0xAF, 0x7A, 0xB9, 0x32, 0xB9, 0xCE, 0x75, 0x31, 0xD7, 0x36, 0xBB, 0x42, 0x46, 0x46,
    0xA6, 0xFB, 0x59, 0xD9, 0xAA, 0x4E, 0xCD, 0x4F, 0x76, 0xD7, 0xBE, 0x1F, 0xA4, 0x48, 0xC9, 0x22,
    0x90, 0x08, 0x14, 0x55, 0x14, 0x2C, 0xA3, 0xB0, 0x8E, 0x92, 0x32, 0xB2, 0x4A, 0x7C, 0x28, 0x7B,
    0xA2, 0xDE, 0x9C, 0xE8, 0xF5, 0x46, 0x1D, 0x75, 0x9C, 0xDE, 0xDB, 0xE9, 0xC8, 0x22, 0xA0, 0x45,
    0xE3, 0x07, 0xE4, 0xD0, 0x46, 0x68, 0x4B, 0xF4, 0x6C, 0x16, 0x5F, 0x26, 0xE1, 0xEA, 0x4E, 0x0B,
    0x16, 0x8F, 0x0B, 0x59, 0x9E, 0x33, 0xB6, 0xE1, 0x72, 0x7A, 0xCD, 0x58, 0xCE, 0xE5, 0xE3, 0x33,
    0x63, 0x9C, 0xCB, 0xFB, 0x91, 0xC7, 0x68, 0x8B, 0xAD, 0xB8, 0xF0, 0x18, 0x9F, 0x79, 0x3C, 0x1C,
    0x7B, 0x4C, 0x13, 0x8F, 0x32, 0xF6, 0x30, 0x2D, 0x87, 0x5B, 0x15, 0x4E, 0x08, 0xA3, 0x3E, 0x2A,
    0xC2, 0x13, 0x90, 0x12, 0x2A, 0x20, 0x26, 0x18, 0xA0, 0x31, 0xE1, 0x47, 0x92, 0xDE, 0x74, 0xC3,
    0x85, 0xDB, 0xF0, 0x21, 0xCF, 0x1D, 0x5A, 0xA7, 0xCA, 0x21, 0x58, 0x67, 0x7E, 0xEF, 0x29, 0x76,
    0xF1, 0x05, 0x35, 0xCC, 0xB1, 0x15, 0x02, 0x21, 0x10, 0x84, 0xE1, 0xF1, 0x0C, 0x2E, 0x20, 0xA0,
    0x04, 0x73, 0x93, 0x2B, 0x61, 0xED, 0x0C, 0x3A, 0x93, 0x12, 0xB0, 0x03, 0x4A, 0xD8, 0x80, 0x80,
    0x00, 0x6F, 0xDC, 0xF5, 0x71, 0xC9, 0x9F, 0xCC, 0x9B, 0x0F, 0x40, 0xAC, 0x08, 0x53, 0x14, 0x72,
    0x4A, 0x03, 0xE7, 0x91, 0xC1, 0x01, 0x6C, 0x04, 0x70, 0xFF, 0x5A, 0x84, 0xCA, 0x97, 0xB0, 0x11,
    0x89, 0x95, 0x08, 0xE3, 0x46, 0xC4, 0xBE, 0x9D, 0x88, 0x6A, 0xBB, 0x65, 0xE2, 0xF8, 0xA7, 0xED,
    0x13, 0x52, 0xC3, 0x80, 0x94, 0xD8, 0x3D, 0x8A, 0xE4, 0x31, 0xFE, 0x99, 0x9D, 0x2F, 0xC6, 0x7B,
    0x46, 0x2A, 0xC6, 0xBF, 0xB3, 0xDD, 0x5D, 0x56, 0x62, 0xF1, 0x1F, 0xE7, 0x5D, 0xEE, 0x97, 0xBC,
    0xF8, 0xDD, 0x79, 0x97, 0xEB, 0x25, 0x2F, 0xFE, 0xA1, 0xF8, 0x01, 0x55, 0x8E, 0xB1, 0x4A, 0x03,
    0x41, 0x10, 0x86, 0xFF, 0xBB, 0x2D, 0x44, 0x36, 0xB9, 0xB5, 0xB1, 0xD1, 0x40, 0x5E, 0x20, 0x90,
    0x14, 0x57, 0x58, 0x88, 0x9E, 0xE4, 0x1D, 0xAC, 0x7C, 0x04, 0x21, 0x3E, 0x80, 0xC5, 0x81, 0x2F,
    0xE0, 0x43, 0xD8, 0x58, 0x25, 0x45, 0x8A, 0x14, 0x42, 0x46, 0x02, 0x5A, 0xD8, 0xEC, 0x23, 0x6C,
    0x61, 0xE3, 0x55, 0x57, 0xA4, 0x48, 0x20, 0xC9, 0x38, 0xB3, 0x97, 0x08, 0x0E, 0xEC, 0xF7, 0x2F,
    0xFF, 0xCE, 0xCE, 0xFC, 0x00, 0x4E, 0xA0, 0xB5, 0x55, 0xA4, 0x5F, 0x91, 0x8B, 0x86, 0x85, 0xD0,
    0x3C, 0x45, 0x0E, 0x95, 0xCE, 0xA8, 0x7F, 0x69, 0xF5, 0x31, 0xB8, 0xB9, 0x87, 0x2B, 0xDC, 0xCB,
    0x03, 0x3A, 0xE8, 0x21, 0xBF, 0x9D, 0x09, 0x07, 0xFC, 0x0C, 0x37, 0x5E, 0x06, 0xA0, 0x5B, 0xDD,
    0x09, 0xAF, 0x90, 0x09, 0x77, 0x68, 0x07, 0xD8, 0xCF, 0xEA, 0x2D, 0xE0, 0xD8, 0x54, 0x2B, 0x71,
    0x2C, 0x5A, 0x7F, 0x34, 0x3F, 0xF7, 0xBC, 0x84, 0x1D, 0xD7, 0xA7, 0xA3, 0xA2, 0x0D, 0x42, 0xBA,
    0x76, 0x37, 0x04, 0xF4, 0x99, 0x4B, 0xFC, 0xAF, 0x79, 0x74, 0x6C, 0x48, 0x36, 0x22, 0x8F, 0x72,
    0x2B, 0x90, 0x78, 0x20, 0x09, 0x38, 0xD2, 0x74, 0x17, 0xC8, 0xB4, 0x4B, 0xD3, 0x68, 0x1B, 0x72,
    0x15, 0x83, 0x49, 0x1A, 0x30, 0x33, 0x65, 0x30, 0x35, 0x36, 0x09, 0x79, 0x15, 0x90, 0x97, 0x8F,
    0x53, 0x10, 0xC5, 0xB9, 0xE4, 0xF7, 0xF2, 0x0A, 0x9C, 0x95, 0x14, 0x3E, 0x98, 0xBF, 0xDF, 0x69,
    0xB2, 0x06, 0xCE, 0x17, 0x65, 0x7E, 0xCD, 0xCC, 0x43, 0xF4, 0xBA, 0xCC, 0x5B, 0x8B, 0xCC, 0xAC,
    0xD2, 0xBA, 0x23, 0xFB, 0xFA, 0x3B, 0x99, 0x2F, 0x9B, 0xE3, 0x69, 0xB2, 0x1C, 0x92, 0xED, 0x73,
    0x36, 0xF5, 0x0B,
};

static const EpdGlyph lexenddeca_12_bolditalicGlyphs[] = {
    { 0, 0, 128, 0, 0, 0, 0 }, // U+0020
    { 8, 18, 124, 2, 18, 36, 0 }, // !
    { 12, 7, 191, 3, 18, 21, 36 }, // "
    { 19, 18, 294, 1, 18, 86, 57 }, // #
    { 17, 23, 254, 1, 20, 98, 143 }, // $
    { 22, 18, 387, 3, 18, 99, 241 }, // %
    { 18, 18, 310, 2, 18, 81, 340 }, // &
    { 7, 7, 101, 3, 18, 13, 421 }, // '
    { 11, 23, 156, 2, 18, 64, 434 }, // (
    { 12, 23, 156, -1, 18, 69, 498 }, // )
    { 12, 10, 176, 2, 18, 30, 567 }, // *
    { 14, 13, 239, 2, 14, 46, 597 }, // +
    { 7, 8, 115, 0, 3, 14, 643 }, // ,
    { 10, 4, 179, 2, 9, 10, 657 }, // -
    { 5, 4, 103, 1, 4, 5, 667 }, // .
    { 20, 22, 238, -1, 18, 110, 672 }, // /
    { 16, 18, 270, 2, 18, 72, 782 }, // 0
    { 12, 18, 224, 2, 18, 54, 854 }, // 1
    { 15, 18, 219, 1, 18, 68, 908 }, // 2
    { 16, 18, 236, 1, 18, 72, 976 }, // 3
    { 17, 18, 265, 1, 18, 77, 1048 }, // 4
    { 16, 18, 238, 1, 18, 72, 1125 }, // 5
    { 14, 18, 232, 2, 18, 63, 1197 }, // 6
    { 15, 18, 221, 2, 18, 68, 1260 }, // 7
    { 16, 18, 240, 1, 18, 72, 1328 }, // 8
    { 15, 18, 231, 2, 18, 68, 1400 }, // 9
    { 7, 14, 103, 1, 14, 25, 1468 }, // :
    { 9, 19, 116, 0, 14, 43, 1493 }, // ;
    { 13, 14, 210, 2, 13, 46, 1536 }, // <
    { 15, 8, 249, 2, 11, 30, 1582 }, // =
    { 13, 14, 210, 1, 13, 46, 1612 }, // >
    { 13, 18, 214, 3, 18, 59, 1658 }, // ?
    { 25, 22, 386, 1, 18, 138, 1717 }, // @
    { 19, 18, 278, -1, 18, 86, 1855 }, // A
    { 17, 18, 280, 2, 18, 77, 1941 }, // B
    { 18, 18, 278, 2, 18, 81, 2018 }, // C
    { 19, 18, 309, 2, 18, 86, 2099 }, // D
    { 16, 18, 258, 2, 18, 72, 2185 }, // E
    { 16, 18, 247, 2, 18, 72, 2257 }, // F
    { 19, 18, 313, 2, 18, 86, 2329 }, // G
    { 19, 18, 312, 2, 18, 86, 2415 }, // H
    { 15, 18, 222, 1, 18, 68, 2501 }, // I
    { 18, 18, 266, 1, 18, 81, 2569 }, // J
    { 20, 18, 296, 2, 18, 90, 2650 }, // K
    { 13, 18, 244, 2, 18, 59, 2740 }, // L
    { 22, 18, 351, 2, 18, 99, 2799 }, // M
    { 20, 18, 323, 2, 18, 90, 2898 }, // N
    { 20, 18, 325, 2, 18, 90, 2988 }, // O
    { 16, 18, 265, 2, 18, 72, 3078 }, // P
    { 20, 21, 325, 2, 18, 105, 3150 }, // Q
    { 17, 18, 281, 2, 18, 77, 3255 }, // R
    { 17, 18, 254, 1, 18, 77, 3332 }, // S
    { 17, 18, 262, 3, 18, 77, 3409 }, // T
    { 18, 18, 306, 3, 18, 81, 3486 }, // U
    { 19, 18, 285, 3, 18, 86, 3567 }, // V
    { 26, 18, 397, 3, 18, 117, 3653 }, // W
    { 22, 18, 282, -1, 18, 99, 3770 }, // X
    { 18, 18, 276, 3, 18, 81, 3869 }, // Y
    { 18, 18, 273, 1, 18, 81, 3950 }, // Z
    { 12, 23, 168, 1, 18, 69, 4031 }, // [
    { 10, 21, 234, 4, 18, 53, 4100 }, // <backslash>
    { 12, 23, 168, 0, 18, 69, 4153 }, // ]
    { 15, 9, 237, 2, 18, 34, 4222 }, // ^
    { 16, 3, 275, 0, -2, 12, 4256 }, // _
    { 7, 5, 200, 6, 20, 9, 4268 }, // `
    { 17, 13, 264, 1, 13, 56, 4277 }, // a
    { 17, 19, 263, 1, 19, 81, 4333 }, // b
    { 14, 13, 218, 2, 13, 46, 4414 }, // c
    { 17, 19, 262, 2, 19, 81, 4460 }, // d
    { 14, 13, 234, 2, 13, 46, 4541 }, // e
    { 12, 19, 157, 2, 19, 57, 4587 }, // f
    { 17, 19, 268, 1, 13, 81, 4644 }, // g
    { 16, 18, 254, 1, 18, 72, 4725 }, // h
    { 9, 20, 128, 2, 20, 45, 4797 }, // i
    { 13, 25, 126, -2, 20, 82, 4842 }, // j
    { 18, 19, 250, 1, 19, 86, 4924 }, // k
    { 9, 19, 122, 1, 19, 43, 5010 }, // l
    { 24, 13, 385, 1, 13, 78, 5053 }, // m
    { 16, 13, 254, 1, 13, 52, 5131 }, // n
    { 15, 13, 256, 2, 13, 49, 5183 }, // o
    { 18, 19, 264, 0, 13, 86, 5232 }, // p
    { 16, 19, 263, 2, 13, 76, 5318 }, // q
    { 13, 13, 182, 1, 13, 43, 5394 }, // r
    { 14, 13, 198, 0, 13, 46, 5437 }, // s
    { 11, 17, 159, 2, 17, 47, 5483 }, // t
    { 15, 13, 257, 2, 13, 49, 5530 }, // u
    { 16, 13, 242, 2, 13, 52, 5579 }, // v
    { 22, 13, 334, 2, 13, 72, 5631 }, // w
    { 18, 13, 242, 0, 13, 59, 5703 }, // x
    { 17, 19, 248, 2, 13, 81, 5762 }, // y
    { 14, 13, 220, 1, 13, 46, 5843 }, // z
    { 12, 23, 171, 1, 18, 69, 5889 }, // {
    { 9, 23, 127, 1, 18, 52, 5958 }, // |
    { 12, 23, 171, 0, 18, 69, 6010 }, // }
    { 15, 5, 223, 1, 10, 19, 6079 }, // ~
    { 0, 0, 128, 0, 0, 0, 0 }, // U+00A0
    { 9, 18, 124, 0, 13, 41, 0 }, // U+00A1
    { 15, 18, 225, 2, 18, 68, 41 }, // U+00A2
    { 17, 18, 255, 1, 18, 77, 109 }, // U+00A3
    { 15, 14, 224, 1, 15, 53, 186 }, // U+00A4
    { 18, 18, 276, 3, 18, 81, 239 }, // U+00A5
    { 9, 24, 130, 1, 19, 54, 320 }, // U+00A6
    { 17, 22, 230, 0, 18, 94, 374 }, // U+00A7
    { 11, 4, 200, 4, 20, 11, 468 }, // U+00A8
    { 20, 19, 316, 2, 18, 95, 479 }, // U+00A9
    { 10, 9, 156, 3, 18, 23, 574 }, // U+00AA
    { 15, 12, 225, 1, 12, 45, 597 }, // U+00AB
    { 16, 8, 268, 2, 10, 32, 642 }, // U+00AC
    { 0, 0, 0, 0, 0, 0, 674 }, // U+00AD
    { 14, 13, 203, 2, 19, 46, 674 }, // U+00AE
    { 10, 3, 170, 5, 19, 8, 720 }, // U+00AF
    { 9, 8, 213, 5, 18, 18, 728 }, // U+00B0
    { 16, 15, 256, 1, 15, 60, 746 }, // U+00B1
    { 9, 10, 146, 3, 20, 23, 806 }, // U+00B2
    { 8, 10, 142, 3, 20, 20, 829 }, // U+00B3
    { 7, 5, 200, 6, 20, 9, 849 }, // U+00B4
    { 16, 17, 256, 1, 13, 68, 858 }, // U+00B5
    { 18, 18, 305, 3, 18, 81, 926 }, // U+00B6
    { 6, 5, 103, 2, 11, 8, 1007 }, // U+00B7
    { 7, 7, 200, 2, 1, 13, 1015 }, // U+00B8
    { 6, 10, 116, 4, 20, 15, 1028 }, // U+00B9
    { 10, 8, 160, 3, 18, 20, 1043 }, // U+00BA
    { 15, 12, 226, 1, 13, 45, 1063 }, // U+00BB
    { 19, 19, 328, 2, 19, 91, 1108 }, // U+00BC
    { 19, 19, 331, 2, 19, 91, 1199 }, // U+00BD
    { 20, 18, 340, 2, 18, 90, 1290 }, // U+00BE
    { 13, 18, 214, 0, 13, 59, 1380 }, // U+00BF
    { 19, 24, 278, -1, 24, 114, 1439 }, // U+00C0
    { 19, 24, 278, -1, 24, 114, 1553 }, // U+00C1
    { 19, 23, 278, -1, 23, 110, 1667 }, // U+00C2
    { 19, 23, 278, -1, 23, 110, 1777 }, // U+00C3
    { 20, 23, 278, -1, 23, 115, 1887 }, // U+00C4
    { 19, 23, 278, -1, 23, 110, 2002 }, // U+00C5
    { 30, 18, 430, -1, 18, 135, 2112 }, // U+00C6
    { 18, 24, 278, 2, 18, 108, 2247 }, // U+00C7
    { 16, 24, 258, 2, 24, 96, 2355 }, // U+00C8
    { 16, 24, 258, 2, 24, 96, 2451 }, // U+00C9
    { 16, 23, 258, 2, 23, 92, 2547 }, // U+00CA
    { 16, 23, 258, 2, 23, 92, 2639 }, // U+00CB
    { 15, 24, 222, 1, 24, 90, 2731 }, // U+00CC
    { 15, 24, 222, 1, 24, 90, 2821 }, // U+00CD
    { 15, 23, 222, 1, 23, 87, 2911 }, // U+00CE
    { 16, 23, 222, 1, 23, 92, 2998 }, // U+00CF
    { 19, 18, 309, 2, 18, 86, 3090 }, // U+00D0
    { 20, 23, 323, 2, 23, 115, 3176 }, // U+00D1
    { 20, 24, 325, 2, 24, 120, 3291 }, // U+00D2
    { 20, 24, 325, 2, 24, 120, 3411 }, // U+00D3
    { 20, 23, 325, 2, 23, 115, 3531 }, // U+00D4
    { 20, 23, 325, 2, 23, 115, 3646 }, // U+00D5
    { 20, 23, 325, 2, 23, 115, 3761 }, // U+00D6
    { 14, 11, 213, 1, 12, 39, 3876 }, // U+00D7
    { 20, 20, 323, 2, 19, 100, 3915 }, // U+00D8
    { 18, 24, 306, 3, 24, 108, 4015 }, // U+00D9
    { 18, 24, 306, 3, 24, 108, 4123 }, // U+00DA
    { 18, 23, 306, 3, 23, 104, 4231 }, // U+00DB
    { 18, 23, 306, 3, 23, 104, 4335 }, // U+00DC
    { 18, 24, 276, 3, 24, 108, 4439 }, // U+00DD
    { 16, 18, 265, 2, 18, 72, 4547 }, // U+00DE
    { 16, 19, 267, 2, 19, 76, 4619 }, // U+00DF
    { 17, 21, 264, 1, 21, 90, 4695 }, // U+00E0
    { 17, 21, 264, 1, 21, 90, 4785 }, // U+00E1
    { 17, 20, 264, 1, 20, 85, 4875 }, // U+00E2
    { 17, 20, 264, 1, 20, 85, 4960 }, // U+00E3
    { 17, 21, 264, 1, 21, 90, 5045 }, // U+00E4
    { 17, 22, 264, 1, 22, 94, 5135 }, // U+00E5
    { 23, 13, 360, 1, 13, 75, 5229 }, // U+00E6
    { 15, 19, 218, 1, 13, 72, 5304 }, // U+00E7
    { 14, 21, 234, 2, 21, 74, 5376 }, // U+00E8
    { 14, 21, 234, 2, 21, 74, 5450 }, // U+00E9
    { 14, 20, 234, 2, 20, 70, 5524 }, // U+00EA
    { 15, 21, 234, 2, 21, 79, 5594 }, // U+00EB
    { 9, 21, 116, 1, 21, 48, 5673 }, // U+00EC
    { 10, 21, 116, 1, 21, 53, 5721 }, // U+00ED
    { 11, 20, 116, 1, 20, 55, 5774 }, // U+00EE
    { 12, 21, 116, 1, 21, 63, 5829 }, // U+00EF
    { 16, 19, 239, 1, 19, 76, 5892 }, // U+00F0
    { 16, 20, 254, 1, 20, 80, 5968 }, // U+00F1
    { 15, 21, 256, 2, 21, 79, 6048 }, // U+00F2
    { 15, 21, 256, 2, 21, 79, 6127 }, // U+00F3
    { 15, 20, 256, 2, 20, 75, 6206 }, // U+00F4
    { 15, 20, 256, 2, 20, 75, 6281 }, // U+00F5
    { 15, 21, 256, 2, 21, 79, 6356 }, // U+00F6
    { 14, 14, 239, 2, 14, 49, 6435 }, // U+00F7
    { 17, 15, 256, 1, 14, 64, 6484 }, // U+00F8
    { 15, 21, 257, 2, 21, 79, 6548 }, // U+00F9
    { 15, 21, 257, 2, 21, 79, 6627 }, // U+00FA
    { 15, 20, 257, 2, 20, 75, 6706 }, // U+00FB
    { 15, 21, 257, 2, 21, 79, 6781 }, // U+00FC
    { 16, 27, 248, 2, 21, 108, 6860 }, // U+00FD
    { 18, 25, 264, 0, 19, 113, 6968 }, // U+00FE
    { 16, 27, 248, 2, 21, 108, 7081 }, // U+00FF
    { 0, 0, 220, 0, 0, 0, 0 }, // U+2007
    { 0, 0, 104, 0, 0, 0, 0 }, // U+2008
    { 0, 0, 82, 0, 0, 0, 0 }, // U+2009
    { 0, 0, 41, 0, 0, 0, 0 }, // U+200A
    { 0, 0, 0, 0, 0, 0, 0 }, // U+200B
    { 0, 0, 0, 0, 0, 0, 0 }, // U+200C
    { 0, 0, 0, 0, 0, 0, 0 }, // U+200D
    { 0, 0, 0, 0, 0, 0, 0 }, // U+200E
    { 0, 0, 0, 0, 0, 0, 0 }, // U+200F
    { 10, 4, 179, 2, 9, 10, 0 }, // U+2010
    { 14, 3, 233, 2, 9, 11, 10 }, // U+2012
    { 14, 3, 238, 2, 9, 11, 21 }, // U+2013
    { 22, 3, 373, 2, 9, 17, 32 }, // U+2014
    { 22, 3, 369, 2, 9, 17, 49 }, // U+2015
    { 7, 8, 110, 3, 19, 14, 66 }, // U+2018
    { 7, 8, 110, 3, 19, 14, 80 }, // U+2019
    { 7, 8, 115, 0, 3, 14, 94 }, // U+201A
    { 13, 9, 202, 3, 19, 30, 108 }, // U+201C
    { 12, 8, 202, 3, 19, 24, 138 }, // U+201D
    { 12, 8, 205, 0, 3, 24, 162 }, // U+201E
    { 10, 14, 176, 3, 18, 35, 186 }, // U+2020
    { 11, 15, 170, 2, 19, 42, 221 }, // U+2021
    { 8, 7, 138, 2, 12, 14, 263 }, // U+2022
    { 17, 4, 294, 1, 4, 17, 277 }, // U+2026
    { 0, 0, 0, 0, 0, 0, 294 }, // U+202A
    { 0, 0, 0, 0, 0, 0, 294 }, // U+202B
    { 0, 0, 0, 0, 0, 0, 294 }, // U+202C
    { 0, 0, 0, 0, 0, 0, 294 }, // U+202D
    { 0, 0, 0, 0, 0, 0, 294 }, // U+202E
    { 31, 18, 540, 3, 18, 140, 294 }, // U+2030
    { 12, 7, 198, 3, 18, 21, 434 }, // U+2033
    { 9, 12, 126, 1, 12, 27, 455 }, // U+2039
    { 8, 12, 126, 1, 13, 24, 482 }, // U+203A
    { 20, 18, 242, -1, 18, 90, 506 }, // U+2044
    { 0, 0, 0, 0, 0, 0, 596 }, // U+2060
    { 0, 0, 0, 0, 0, 0, 596 }, // U+2061
    { 0, 0, 0, 0, 0, 0, 596 }, // U+2062
    { 0, 0, 0, 0, 0, 0, 596 }, // U+2063
    { 0, 0, 0, 0, 0, 0, 596 }, // U+2064
    { 0, 0, 0, 0, 0, 0, 596 }, // U+2066
    { 0, 0, 0, 0, 0, 0, 596 }, // U+2067
    { 0, 0, 0, 0, 0, 0, 596 }, // U+2068
    { 0, 0, 0, 0, 0, 0, 596 }, // U+2069
    { 0, 0, 0, 0, 0, 0, 596 }, // U+206A
    { 0, 0, 0, 0, 0, 0, 596 }, // U+206B
    { 0, 0, 0, 0, 0, 0, 596 }, // U+206C
    { 0, 0, 0, 0, 0, 0, 596 }, // U+206D
    { 0, 0, 0, 0, 0, 0, 596 }, // U+206E
    { 0, 0, 0, 0, 0, 0, 596 }, // U+206F
    { 18, 24, 278, 2, 21, 108, 0 }, // U+20A1
    { 17, 18, 247, 1, 18, 77, 108 }, // U+20A3
    { 16, 18, 254, 1, 18, 72, 185 }, // U+20A4
    { 22, 18, 342, 1, 18, 99, 257 }, // U+20A6
    { 19, 18, 314, 3, 18, 86, 356 }, // U+20A7
    { 28, 18, 404, 1, 18, 126, 442 }, // U+20A9
    { 15, 18, 218, 1, 18, 68, 568 }, // U+20AB
    { 19, 18, 272, 1, 18, 86, 636 }, // U+20AC
    { 21, 18, 306, 2, 18, 95, 722 }, // U+20AD
    { 19, 18, 312, 3, 18, 86, 817 }, // U+20B1
    { 19, 25, 313, 2, 21, 119, 903 }, // U+20B2
    { 18, 23, 278, 2, 20, 104, 1022 }, // U+20B5
    { 15, 17, 241, 3, 17, 64, 1126 }, // U+20B9
    { 16, 18, 250, 1, 18, 72, 1190 }, // U+20BA
    { 18, 21, 310, 2, 21, 95, 1262 }, // U+20BC
    { 19, 18, 284, 1, 18, 86, 1357 }, // U+20BD
    { 6, 17, 124, 1, 17, 26, 0 }, // U+2669
    { 9, 17, 180, 1, 17, 39, 26 }, // U+266A
    { 14, 18, 256, 1, 17, 63, 65 }, // U+266B
    { 14, 18, 256, 1, 17, 63, 128 }, // U+266C
    { 7, 16, 139, 1, 15, 28, 191 }, // U+266D
    { 7, 17, 143, 1, 11, 30, 219 }, // U+266E
    { 12, 21, 221, 1, 15, 63, 249 }, // U+266F
    { 28, 27, 508, 2, 22, 189, 312 }, // U+2764
    { 18, 20, 285, 2, 20, 90, 0 }, // U+FB01
    { 18, 19, 279, 2, 19, 86, 90 }, // U+FB02
    { 24, 27, 508, 4, 22, 162, 0 }, // U+1F44D
    { 26, 27, 508, 3, 22, 176, 162 }, // U+1F600
};

static const EpdUnicodeInterval lexenddeca_12_bolditalicIntervals[] = {
    { 0x20, 0x7E, 0x0 },
    { 0xA0, 0xFF, 0x5F },
    { 0x2007, 0x2010, 0xBF },
    { 0x2012, 0x2015, 0xC9 },
    { 0x2018, 0x201A, 0xCD },
    { 0x201C, 0x201E, 0xD0 },
    { 0x2020, 0x2022, 0xD3 },
    { 0x2026, 0x2026, 0xD6 },
    { 0x202A, 0x202E, 0xD7 },
    { 0x2030, 0x2030, 0xDC },
    { 0x2033, 0x2033, 0xDD },
    { 0x2039, 0x203A, 0xDE },
    { 0x2044, 0x2044, 0xE0 },
    { 0x2060, 0x2064, 0xE1 },
    { 0x2066, 0x206F, 0xE6 },
    { 0x20A1, 0x20A1, 0xF0 },
    { 0x20A3, 0x20A4, 0xF1 },
    { 0x20A6, 0x20A7, 0xF3 },
    { 0x20A9, 0x20A9, 0xF5 },
    { 0x20AB, 0x20AD, 0xF6 },
    { 0x20B1, 0x20B2, 0xF9 },
    { 0x20B5, 0x20B5, 0xFB },
    { 0x20B9, 0x20BA, 0xFC },
    { 0x20BC, 0x20BD, 0xFE },
    { 0x2669, 0x266F, 0x100 },
    { 0x2764, 0x2764, 0x107 },
    { 0xFB01, 0xFB02, 0x108 },
    { 0x1F44D, 0x1F44D, 0x10A },
    { 0x1F600, 0x1F600, 0x10B },
};

static const EpdFontGroup lexenddeca_12_bolditalicGroups[] = {
    { 0, 3113, 6635, 95, 0 },
    { 3113, 2686, 7709, 96, 95 },
    { 5799, 408, 640, 49, 191 },
    { 6207, 780, 1541, 16, 240 },
    { 6987, 311, 547, 8, 256 },
    { 7298, 121, 195, 2, 264 },
    { 7419, 248, 351, 2, 266 },
};

static const EpdKernClassEntry lexenddeca_12_bolditalicKernLeftClasses[] = {
    { 0x0026, 1 }, // &
    { 0x0028, 2 }, // (
    { 0x002A, 3 }, // *
    { 0x002C, 4 }, // ,
    { 0x002E, 5 }, // .
    { 0x002F, 6 }, // /
    { 0x0030, 7 }, // 0
    { 0x0031, 8 }, // 1
    { 0x0032, 9 }, // 2
    { 0x0033, 10 }, // 3
    { 0x0034, 11 }, // 4
    { 0x0035, 12 }, // 5
    { 0x0037, 13 }, // 7
    { 0x0039, 7 }, // 9
    { 0x003C, 14 }, // <
    { 0x003E, 15 }, // >
    { 0x003F, 16 }, // ?
    { 0x0040, 17 }, // @
    { 0x0041, 18 }, // A
    { 0x0042, 19 }, // B
    { 0x0043, 20 }, // C
    { 0x0044, 21 }, // D
    { 0x0045, 22 }, // E
    { 0x0046, 23 }, // F
    { 0x0047, 24 }, // G
    { 0x0049, 25 }, // I
    { 0x004A, 26 }, // J
    { 0x004B, 27 }, // K
    { 0x004C, 28 }, // L
    { 0x004F, 21 }, // O
    { 0x0050, 29 }, // P
    { 0x0051, 30 }, // Q
    { 0x0052, 31 }, // R
    { 0x0053, 32 }, // S
    { 0x0054, 33 }, // T
    { 0x0055, 34 }, // U
    { 0x0056, 35 }, // V
    { 0x0057, 36 }, // W
    { 0x0058, 37 }, // X
    { 0x0059, 38 }, // Y
    { 0x005A, 39 }, // Z
    { 0x005B, 40 }, // [
    { 0x005C, 41 }, // <backslash>
    { 0x005F, 42 }, // _
    { 0x0061, 43 }, // a
    { 0x0062, 44 }, // b
    { 0x0063, 45 }, // c
    { 0x0064, 46 }, // d
    { 0x0065, 47 }, // e
    { 0x0066, 48 }, // f
    { 0x0067, 49 }, // g
    { 0x0068, 50 }, // h
    { 0x0069, 51 }, // i
    { 0x006A, 52 }, // j
    { 0x006B, 53 }, // k
    { 0x006C, 54 }, // l
    { 0x006D, 50 }, // m
    { 0x006E, 50 }, // n
    { 0x006F, 44 }, // o
    { 0x0070, 44 }, // p
    { 0x0071, 55 }, // q
    { 0x0072, 56 }, // r
    { 0x0073, 57 }, // s
    { 0x0074, 58 }, // t
    { 0x0075, 59 }, // u
    { 0x0076, 60 }, // v
    { 0x0077, 61 }, // w
    { 0x0078, 62 }, // x
    { 0x0079, 63 }, // y
    { 0x007A, 64 }, // z
    { 0x007B, 65 }, // {
    { 0x007D, 66 }, // }
    { 0x00A1, 67 }, // U+00A1
    { 0x00A3, 68 }, // U+00A3
    { 0x00B7, 69 }, // U+00B7
    { 0x00BF, 70 }, // U+00BF
    { 0x00C0, 18 }, // U+00C0
    { 0x00C1, 18 }, // U+00C1
    { 0x00C2, 18 }, // U+00C2
    { 0x00C3, 18 }, // U+00C3
    { 0x00C4, 18 }, // U+00C4
    { 0x00C5, 18 }, // U+00C5
    { 0x00C6, 22 }, // U+00C6
    { 0x00C8, 22 }, // U+00C8
    { 0x00C9, 22 }, // U+00C9
    { 0x00CA, 22 }, // U+00CA
    { 0x00CB, 22 }, // U+00CB
    { 0x00D0, 21 }, // U+00D0
    { 0x00D2, 21 }, // U+00D2
    { 0x00D3, 21 }, // U+00D3
    { 0x00D4, 21 }, // U+00D4
    { 0x00D5, 21 }, // U+00D5
    { 0x00D6, 21 }, // U+00D6
    { 0x00D8, 21 }, // U+00D8
    { 0x00D9, 34 }, // U+00D9
    { 0x00DA, 34 }, // U+00DA
    { 0x00DB, 34 }, // U+00DB
    { 0x00DC, 34 }, // U+00DC
    { 0x00DD, 38 }, // U+00DD
    { 0x00DE, 71 }, // U+00DE
    { 0x00DF, 72 }, // U+00DF
    { 0x00E0, 43 }, // U+00E0
    { 0x00E1, 43 }, // U+00E1
    { 0x00E2, 43 }, // U+00E2
    { 0x00E3, 43 }, // U+00E3
    { 0x00E4, 43 }, // U+00E4
    { 0x00E5, 43 }, // U+00E5
    { 0x00E7, 45 }, // U+00E7
    { 0x00E8, 47 }, // U+00E8
    { 0x00E9, 47 }, // U+00E9
    { 0x00EA, 47 }, // U+00EA
    { 0x00EB, 47 }, // U+00EB
    { 0x00EC, 51 }, // U+00EC
    { 0x00ED, 51 }, // U+00ED
    { 0x00EE, 51 }, // U+00EE
    { 0x00EF, 51 }, // U+00EF
    { 0x00F0, 73 }, // U+00F0
    { 0x00F1, 50 }, // U+00F1
    { 0x00F2, 44 }, // U+00F2
    { 0x00F3, 44 }, // U+00F3
    { 0x00F4, 44 }, // U+00F4
    { 0x00F5, 44 }, // U+00F5
    { 0x00F6, 44 }, // U+00F6
    { 0x00F8, 44 }, // U+00F8
    { 0x00F9, 59 }, // U+00F9
    { 0x00FA, 59 }, // U+00FA
    { 0x00FB, 59 }, // U+00FB
    { 0x00FC, 59 }, // U+00FC
    { 0x00FD, 63 }, // U+00FD
    { 0x00FE, 44 }, // U+00FE
    { 0x00FF, 63 }, // U+00FF
    { 0x2018, 74 }, // U+2018
    { 0x2019, 75 }, // U+2019
    { 0x201C, 76 }, // U+201C
    { 0x201D, 77 }, // U+201D
    { 0x2022, 78 }, // U+2022
    { 0xFB01, 51 }, // U+FB01
    { 0xFB02, 54 }, // U+FB02
};

static const EpdKernClassEntry lexenddeca_12_bolditalicKernRightClasses[] = {
    { 0x0021, 1 }, // !
    { 0x0026, 2 }, // &
    { 0x0029, 3 }, // )
    { 0x002A, 4 }, // *
    { 0x002C, 5 }, // ,
    { 0x002D, 6 }, // -
    { 0x002E, 7 }, // .
    { 0x002F, 8 }, // /
    { 0x0030, 9 }, // 0
    { 0x0031, 10 }, // 1
    { 0x0032, 11 }, // 2
    { 0x0034, 12 }, // 4
    { 0x0036, 13 }, // 6
    { 0x0037, 14 }, // 7
    { 0x0038, 15 }, // 8
    { 0x003C, 16 }, // <
    { 0x003F, 17 }, // ?
    { 0x0040, 18 }, // @
    { 0x0041, 19 }, // A
    { 0x0043, 20 }, // C
    { 0x0047, 20 }, // G
    { 0x0049, 21 }, // I
    { 0x004A, 22 }, // J
    { 0x004F, 20 }, // O
    { 0x0051, 20 }, // Q
    { 0x0053, 23 }, // S
    { 0x0054, 24 }, // T
    { 0x0055, 25 }, // U
    { 0x0056, 26 }, // V
    { 0x0057, 27 }, // W
    { 0x0058, 28 }, // X
    { 0x0059, 29 }, // Y
    { 0x005A, 30 }, // Z
    { 0x005B, 31 }, // [
    { 0x005C, 32 }, // <backslash>
    { 0x005D, 33 }, // ]
    { 0x005F, 34 }, // _
    { 0x0061, 35 }, // a
    { 0x0062, 36 }, // b
    { 0x0063, 35 }, // c
    { 0x0064, 35 }, // d
    { 0x0065, 35 }, // e
    { 0x0066, 37 }, // f
    { 0x0067, 38 }, // g
    { 0x0068, 36 }, // h
    { 0x006A, 39 }, // j
    { 0x006B, 36 }, // k
    { 0x006C, 36 }, // l
    { 0x006D, 40 }, // m
    { 0x006E, 40 }, // n
    { 0x006F, 35 }, // o
    { 0x0070, 41 }, // p
    { 0x0071, 35 }, // q
    { 0x0072, 40 }, // r
    { 0x0073, 42 }, // s
    { 0x0074, 43 }, // t
    { 0x0075, 44 }, // u
    { 0x0076, 45 }, // v
    { 0x0077, 46 }, // w
    { 0x0078, 47 }, // x
    { 0x0079, 48 }, // y
    { 0x007A, 49 }, // z
    { 0x007B, 31 }, // {
    { 0x007D, 50 }, // }
    { 0x00A1, 51 }, // U+00A1
    { 0x00B7, 52 }, // U+00B7
    { 0x00BF, 53 }, // U+00BF
    { 0x00C0, 54 }, // U+00C0
    { 0x00C1, 54 }, // U+00C1
    { 0x00C2, 54 }, // U+00C2
    { 0x00C3, 54 }, // U+00C3
    { 0x00C4, 54 }, // U+00C4
    { 0x00C5, 54 }, // U+00C5
    { 0x00C6, 55 }, // U+00C6
    { 0x00C7, 20 }, // U+00C7
    { 0x00D2, 20 }, // U+00D2
    { 0x00D3, 20 }, // U+00D3
    { 0x00D4, 20 }, // U+00D4
    { 0x00D5, 20 }, // U+00D5
    { 0x00D6, 20 }, // U+00D6
    { 0x00D8, 20 }, // U+00D8
    { 0x00D9, 25 }, // U+00D9
    { 0x00DA, 25 }, // U+00DA
    { 0x00DB, 25 }, // U+00DB
    { 0x00DC, 25 }, // U+00DC
    { 0x00DD, 56 }, // U+00DD
    { 0x00DF, 57 }, // U+00DF
    { 0x00E0, 35 }, // U+00E0
    { 0x00E1, 35 }, // U+00E1
    { 0x00E2, 35 }, // U+00E2
    { 0x00E3, 35 }, // U+00E3
    { 0x00E4, 35 }, // U+00E4
    { 0x00E5, 35 }, // U+00E5
    { 0x00E7, 35 }, // U+00E7
    { 0x00E8, 35 }, // U+00E8
    { 0x00E9, 35 }, // U+00E9
    { 0x00EA, 35 }, // U+00EA
    { 0x00EB, 35 }, // U+00EB
    { 0x00F0, 58 }, // U+00F0
    { 0x00F1, 40 }, // U+00F1
    { 0x00F2, 35 }, // U+00F2
    { 0x00F3, 35 }, // U+00F3
    { 0x00F4, 35 }, // U+00F4
    { 0x00F5, 35 }, // U+00F5
    { 0x00F6, 35 }, // U+00F6
    { 0x00F8, 35 }, // U+00F8
    { 0x00F9, 44 }, // U+00F9
    { 0x00FA, 44 }, // U+00FA
    { 0x00FB, 44 }, // U+00FB
    { 0x00FC, 44 }, // U+00FC
    { 0x00FD, 48 }, // U+00FD
    { 0x00FE, 59 }, // U+00FE
    { 0x00FF, 48 }, // U+00FF
    { 0x2013, 6 }, // U+2013
    { 0x2014, 60 }, // U+2014
    { 0x2018, 61 }, // U+2018
    { 0x2019, 62 }, // U+2019
    { 0x201C, 63 }, // U+201C
    { 0x201D, 64 }, // U+201D
    { 0x2022, 65 }, // U+2022
    { 0xFB01, 37 }, // U+FB01
    { 0xFB02, 37 }, // U+FB02
};

static const int8_t lexenddeca_12_bolditalicKernMatrix[] = {
       0,    0,   -6,    0,    0,    0,    0,    0,    0,    0,    0,    0,    0,    0,    0,    0,    0,    0,    0,    0,    0,    0,    0,  -22,    0,  -24,  -16,    0,  -20,    0,    0,    0,    0,    0,    0,    0,    0,    0,    0,    0,    0,    0,    0,    0,  -12,  -12,    0,  -12,    0,    0,    0,    0,    0,    0,    0,  -20,    0,   -4,    0,    0,    0,    0,    0,    0,    0,
       0,    0,    0,    0,    0,    0,    0,    0,    0,    0,    0,    0,    0,    0,    0,    0,    0,    0,    0,  -12,    0,  -16,    0,    0,    0,    0,    0,    0,    0,    0,    0,    0,    0,    0,  -10,    0,    0,  -10,   12,    0,   12,    0,    0,    0,    0,    0,    0,    0,    0,    0,    0,    0,    0,    0,    0,    0,    0,  -10,    6,    0,    0,    0,    0,    0,    0,
       0,    0,    0,    0,    0,    0,    0,    0,    0,    0,    0,    0,    0,    0,    0,    0,    0,    0,  -30,    0,    0,    0,    0,    0,    0,    0,    0,    0,    0,    0,    0,    0,    0,    0,    0,    0,    0,    0,    0,    0,    0,    0,    0,    0,    2,    0,    0,    0,    0,    0,    0,    0,    0,  -30,    0,    0,    0,  -10,    0,    0,    0,    0,    0,    0,    0,
       0,    0,    0,    0,    0,    0,    0,    0,    0,    0,    0,  -10,    0,    0,    0,    0,    0,    0,    0,   -8,    0,    0,    0,  -40,    0,  -48,  -32,    0,  -48,    0,    0,    0,    0,    0,    0,    0,    0,    0,    0,    0,    0,    0,    0,    0,  -32,  -16,    0,  -16,    0,    0,    0,    0,    0,    0,    0,  -48,    0,    0,    0,    0,    0,    0,    0,    0,    0,
       0,    0,    0,    0,    0,    0,    0,    0,    0,    0,    0,  -10,    0,    0,    0,    0,    0,    0,    0,   -8,    0,    0,    0,  -40,    0,  -40,  -32,    0,  -48,    0,    0,    0,    0,    0,    0,    0,    0,    0,    0,    0,    0,    0,    0,    0,  -32,  -16,    0,  -16,    0,    0,    0,    0,    0,    0,    0,  -48,    0,    0,    0,    0,    0,    0,    0,    0,    0,
       0,    0,    0,    0,    0,    0,    0,  -37,  -20,  -12,  -12,  -24,  -20,    0,    0,    0,    0,    0,  -40,  -16,    0,  -20,    0,    0,    0,    0,    0,    0,    0,    0,    0,    0,    0,    0,  -20,    0,    0,  -20,    0,    0,    0,  -12,    0,    0,    0,    0,   -2,    0,    0,    0,    0,    0,    0,  -40,    0,    0,   -5,  -13,    0,    0,    0,    0,    0,    0,    0,
       0,    0,    0,    0,    0,    0,    0,  -20,    0,    0,    0,    0,    0,    0,    0,    0,    0,    0,    0,    0,    0,    0,    0,    0,    0,    0,    0,    0,    0,    0,    0,    0,    0,    0,    0,    0,    0,    0,    0,    0,    0,    0,    0,    0,    0,    0,    0,    0,    0,    0,    0,    0,    0,    0,    0,    0,    0,    0,    0,    0,    0,    0,    0,    0,    0,
       0,    0,    0,    0,    0,    0,    0,    0,    0,    0,    0,    0,    0,    0,    0,  -16,    0,    0,    0,    0,    0,    0,    0,    0,    0,    0,    0,    0,    0,    0,    0,    0,    0,    0,    0,    0,    0,    0,    0,    0,    0,    0,    0,    0,    0,    0,    0,    0,    0,    0,    0,    0,    0,    0,    0,    0,    0,    0,    0,    0,    0,    0,    0,    0,    0,
       0,    0,    0,    0,    0,    0,    0,    0,    0,    0,    0,   -8,    0,    0,    0,    0,    0,    0,    0,    0,    0,    0,    0,    0,    0,    0,    0,    0,    0,    0,    0,    0,    0,    0,    0,    0,    0,    0,    0,    0,    0,    0,    0,    0,    0,    0,    0,    0,    0,    4,    0,    0,    0,    0,    0,    0,    0,    0,    0,    0,    0,    0,    0,    0,    0,
       0,    0,    0,    0,    0,    0,    0,  -10,    0,    0,    0,    0,    0,    0,    0,    0,    0,    0,    0,    0,    0,    0,    0,    0,    0,    0,    0,    0,    0,    0,    0,    0,    0,    0,    0,    0,    0,    0,    0,    0,    0,    0,    0,    0,    0,    0,    0,    0,    0,    0,    0,    0,    0,    0,    0,    0,    0,    0,    0,    0,    0,    0,    0,    0,    0,
       0,    0,    0,    0,    0,    0,    0,    0,    0,    0,   -8,    0,    0,   -8,    0,    0,    0,    0,    0,    0,    0,    0,    0,    0,    0,    0,    0,    0,    0,    0,    0,    0,    0,    0,    0,    0,    0,    0,    0,    0,    0,    0,    0,    0,    0,    0,    0,    0,    0,    0,    0,    0,    0,    0,    0,    0,    0,    0,    0,    0,    0,    0,    0,    0,    0,
       0,    0,    0,    0,    0,    0,    0,  -16,    0,    0,    0,    0,    0,    0,    0,    0,    0,    0,    0,    0,    0,    0,    0,    0,    0,    0,    0,    0,    0,    0,    0,    0,    0,    0,    0,    0,    0,    0,    0,    0,    0,    0,    0,    0,    0,    0,    0,    0,    0,    0,    0,    0,    0,    0,    0,    0,    0,    0,    0,    0,    0,    0,    0,    0,    0,
       0,    0,    0,    0,  -40,    0,  -32,  -48,    0,   -6,   -8,  -10,   -8,    0,   -8,  -20,    0,    0,    0,    0,    0,    0,    0,    0,    0,    0,    0,    0,    0,    0,    0,    0,    0,    0,    0,    0,    0,    0,    0,    0,    0,    0,    0,    0,    0,    0,    0,    0,    0,    0,    0,    0,    0,    0,    0,    0,    0,    0,    0,    0,    0,    0,    0,    0,    0,
       0,    0,    0,    0,    0,    0,    0,    0,    0,   -8,    0,    0,    0,    0,    0,    0,    0,    0,    0,    0,    0,    0,    0,    0,    0,    0,    0,    0,    0,    0,    0,    0,    0,    0,    0,    0,    0,    0,    0,    0,    0,    0,    0,    0,    0,    0,    0,    0,    0,    0,    0,    0,    0,    0,    0,    0,    0,    0,    0,    0,    0,    0,    0,    0,    0,
       0,    0,    0,    0,    0,    0,    0,    0,    0,  -24,  -12,    0,    0,  -20,    0,    0,    0,    0,    0,    0,    0,    0,    0,    0,    0,    0,    0,    0,    0,    0,    0,    0,    0,    0,    0,    0,    0,    0,    0,    0,    0,    0,    0,    0,    0,    0,    0,    0,    0,    0,    0,    0,    0,    0,    0,    0,    0,    0,    0,    0,    0,    0,    0,    0,    0,
       0,    0,    0,    0,    0,    0,    0,    0,    0,    0,    0,    0,    0,    0,    0,    0,    0,    0,  -16,    0,    0,  -30,    0,    0,    0,    0,    0,    0,    0,    0,    0,    0,    0,    0,    0,    0,    0,    0,    0,    0,    0,    0,    0,    0,    0,    0,    0,    0,    0,    0,    0,    0,    0,  -16,    0,    0,    0,   -6,    0,    0,    0,    0,    0,    0,    0,
       0,    0,    0,    0,    0,    0,    0,    0,    0,    0,    0,    0,    0,    0,    0,    0,    0,    0,    0,    0,    0,    0,    0,    0,    0,   -2,    0,    0,    0,    0,    0,    0,    0,    0,    0,    0,    0,    0,    0,    0,    0,    0,    0,    0,    0,    0,   -1,    0,    0,    0,    0,    0,    0,    0,    0,    0,    0,    0,    0,    0,    0,    0,    0,    0,    0,
       0,    0,    0,  -30,    0,  -20,    0,    0,    0,    0,    0,    0,    0,    0,    0,    0,    0,    0,    0,   -8,    0,    0,    0,  -20,   -8,  -30,  -16,    0,  -32,    0,    0,  -40,    0,    0,   -8,    0,   -8,   -4,    0,    0,    0,    0,   -2,   -4,  -20,  -18,    0,  -10,    0,    0,    0,    0,    0,    0,    0,  -32,   -8,   -8,    0,  -20,  -52,  -54,  -28,  -30,    0,
       0,    0,   -8,    0,    0,    0,    0,  -16,    0,    0,    0,    0,    0,    0,    0,    0,    0,    0,    0,    0,    0,    0,    0,   -6,    0,   -3,   -2,   -5,   -9,    0,    0,    0,    0,    0,    0,   -1,    0,   -2,    0,    0,    0,    0,    0,    0,    0,    0,   -1,    0,    0,    0,    0,    0,    0,    0,    0,   -9,    0,    0,   -1,    0,    0,    0,    0,    0,    0,
       0,    0,    8,    0,    0,    0,    0,    0,    0,    0,    0,    0,    0,    0,    0,    0,    0,    0,    0,    0,    0,    0,    0,    0,    0,    0,    0,    0,    0,    0,    0,    0,    0,    0,    0,    0,    0,    0,    0,    0,    0,    0,    0,    0,    0,    0,    0,    0,    0,    0,    0,    0,    0,    0,    0,    0,    0,    0,    0,    0,    0,   16,    0,   16,    0,
       0,    0,  -12,    0,    0,    0,   -8,  -16,    0,    0,    0,    0,    0,    0,    0,    0,    0,    0,   -8,    0,   -6,   -6,    0,  -12,    0,  -12,   -2,  -14,  -14,  -18,    0,  -20,    0,    0,    0,    0,    0,    0,    0,    0,    0,    0,    0,    0,    0,    0,   -4,    0,    0,  -10,    0,    0,    0,   -8,    0,  -14,    0,    0,    0,    0,    0,    0,    0,    0,    0,
       0,    0,    0,    0,    0,    0,    0,    0,    0,    0,    0,    0,    0,    0,    0,    0,    0,    0,    0,    0,    0,   -4,    0,    0,    0,    0,    0,    0,    0,    0,    0,    0,    0,    0,   -2,    0,    0,   -4,    0,    0,    0,    0,    0,   -4,   -6,    0,    0,   -4,    0,    0,    0,    0,    0,    0,    0,    0,    0,   -2,    0,    0,    0,    0,    0,    0,    0,
       0,    0,    0,    0,  -32,    0,  -32,    0,    0,    0,    0,    0,    0,    0,    0,    0,    0,    0,  -24,   -4,    0,  -48,   -2,    6,    0,    0,    0,   -2,    0,    0,    0,    0,    0,    0,   -6,    0,    0,   -4,    0,   -4,   -4,   -4,    0,   -6,   -2,    0,   -6,    0,   -2,    0,    0,    0,    0,  -24,  -44,    0,    0,   -6,    0,    0,    0,    0,    0,    0,    0,
       0,    0,    0,    0,    0,    0,    0,  -16,    0,    0,    0,    0,    0,    0,    0,    0,    0,    0,   -4,    0,   -4,    0,    0,  -10,    0,   -6,   -4,    0,  -10,    0,    0,  -20,    0,    0,    0,    0,    0,    0,    0,    0,    0,    0,    0,    0,    0,    0,    0,    0,    0,    0,    0,    0,    0,   -4,    0,  -10,    0,    0,    0,    0,    0,    0,    0,    0,    0,
       0,    0,    0,    0,    0,    0,    0,    0,    0,    0,    0,    0,    0,    0,    0,    0,    0,    0,    0,   -6,    0,    0,    0,    0,    0,    0,    0,    0,    0,    0,    0,    0,    0,    0,    0,    0,    0,    0,    0,    0,    0,    0,    0,    0,    0,    0,    0,    0,    0,    0,    0,    0,    0,    0,    0,    0,    0,    0,    0,    0,    0,    0,    0,    0,    0,
       0,    0,   16,    0,  -28,    0,  -20,  -20,    0,    0,    0,    0,    0,    0,    0,    0,    0,    0,  -30,  -12,    0,  -20,    0,    0,    0,    0,    0,    0,    0,    0,    0,    0,   12,    0,  -20,    0,  -20,  -20,    0,  -16,  -16,  -16,    0,  -20,  -16,   -8,    0,  -16,   -8,   16,    0,    0,    0,  -30,    0,    0,  -20,  -20,    0,    0,   24,   32,   24,   32,    0,
       0,    0,    0,    0,    0,  -36,    0,    0,    0,    0,    0,    0,    0,    0,    0,    0,    0,    0,    0,  -18,    0,  -12,   -4,    0,   -6,   -2,   -2,    0,    8,    0,    0,    0,    0,    0,  -18,    0,    0,    0,    0,   -3,   -3,   -2,   -1,   -5,  -16,  -16,    0,  -16,    0,    0,    0,    0,    0,    0,    0,    8,    0,  -18,    0,  -36,    0,    0,    0,    0,    0,
       0,    0,    0,  -30,    0,  -24,    0,    0,    0,    0,    0,    0,    0,    0,    0,    0,    0,    0,    0,   -8,    0,    0,    0,  -34,   -8,  -30,  -30,    0,  -48,    0,    0,  -40,    0,    0,   -8,    0,    0,    0,    0,    0,    0,    0,   -2,    0,  -10,   -2,    0,  -16,    8,    0,    0,    0,    0,    0,    0,  -48,    0,   -8,    0,  -24,  -48,  -40,  -48,  -40,    0,
       0,    0,    0,    0,  -52,    0,  -40,  -32,    0,    0,    0,    0,    0,    0,    0,    0,    0,    0,  -26,    0,    0,  -30,    0,    0,    0,    0,    3,   -6,    0,   -6,    0,  -20,    0,    0,   -4,    0,    3,   -4,    0,    0,    0,    0,    6,   -2,    4,    6,    0,    4,    0,    0,    0,    0,    0,  -26,    0,    0,    3,   -4,    0,    0,   12,   20,   12,   20,    0,
       0,    0,  -12,    0,    0,    0,   -8,  -16,    0,    0,    0,    0,    0,    0,    0,    0,    0,    0,   -8,    0,   -6,   -6,    0,  -12,    0,  -12,   -2,  -14,  -14,  -18,    0,  -20,    0,   -4,    0,    0,    0,    0,    0,    0,    0,    0,    0,    0,    0,    0,   -4,    0,    0,  -10,    0,    0,    0,   -8,    0,  -14,    0,    0,    0,    0,    0,    0,    0,    0,    0,
       0,    0,    0,    0,    0,  -24,    0,    0,    0,    0,    0,    0,    0,    0,    0,    0,    0,    0,    0,   -4,    0,  -12,    0,   -8,   -2,  -12,    0,    0,  -20,    0,    0,  -16,    0,    0,   -8,    0,    0,    0,    0,    0,    0,    0,    0,   -4,    0,    0,    0,    0,    0,    0,    0,    0,    0,    0,    0,  -20,    0,   -8,    0,  -24,    0,    0,    0,    0,    0,
       0,    0,    0,    0,    0,    0,    0,    0,    0,    0,    0,    0,    0,    0,    0,    0,    0,    0,    0,    0,    0,    0,    0,    0,    0,    0,    0,   -6,   -6,    0,    0,    0,    0,    0,    0,    0,    0,    0,    0,    0,    0,    0,    0,    0,    0,    0,    0,    0,    0,    0,    0,    0,    0,    0,    0,   -6,    0,    0,    0,    0,    0,    0,    0,    0,    0,
       0,  -22,    0,    0,  -40,  -40,  -40,  -24,    0,    0,    0,    0,    0,    0,    0,    0,    0,    0,  -20,  -12,    0,  -32,    0,   12,    0,    4,    4,    0,    4,    0,    0,    0,    0,    0,  -40,    0,    0,  -18,    0,  -24,   -8,  -40,    0,  -40,   -4,  -28,   -6,  -20,  -28,    0,    0,    0,    0,  -20,  -46,    4,    0,  -40,    0,  -40,    0,    0,    0,    0,    0,
       0,    0,    0,    0,    0,    0,    0,    0,    0,    0,    0,    0,    0,    0,    0,    0,    0,    0,   -8,    0,    0,   -4,   -4,    0,    0,    0,    0,   -4,   -4,    0,    0,    0,    0,    0,    0,    0,    0,    0,    0,    0,    0,    0,    0,    0,    0,    0,   -2,    0,    0,    0,    0,    0,    0,   -8,    0,   -4,    0,    0,    0,    0,    0,    0,    0,    0,    0,
       0,  -20,    0,    0,  -48,    0,  -40,  -32,    0,    0,    0,    0,    0,    0,    0,    0,    3,   -2,  -30,  -12,    0,  -40,   -4,    4,    0,    0,    0,    0,    0,    0,  -40,    0,    0,  -12,  -24,    0,    0,   -8,    0,   -8,   -5,   -6,    0,  -10,    0,    0,    0,    0,   -2,  -40,   -2,   -5,   -8,  -30,  -52,    0,    0,  -24,    0,  -40,    0,    0,    0,    0,   -3,
       0,  -12,    0,    0,  -32,    0,  -32,  -32,    0,    0,    0,    0,    0,    0,    0,    0,    0,    0,  -16,   -2,    0,  -32,   -4,    4,    0,    0,    0,    0,    0,    0,  -28,    0,    0,    0,  -10,    0,    0,   -8,    0,   -1,   -1,    0,    0,   -4,    0,    0,    0,    0,    0,  -28,    0,    0,    0,  -16,    0,    0,    0,  -10,    0,  -28,    0,    0,    0,    0,    0,
       0,    0,    0,    0,    0,    0,    0,    0,    0,    0,    0,    0,    0,    0,    0,    0,    0,    0,    0,  -14,    0,    0,   -6,    0,   -4,    0,    0,    0,    0,    0,  -32,    0,    0,    0,  -10,    0,    0,   -1,    0,    0,    0,    0,    0,   -4,  -10,   -7,    0,  -10,    0,  -32,    0,    0,    0,    0,    0,    0,    0,  -10,    0,  -32,    0,    0,    0,    0,    0,
       0,  -20,    0,    0,  -48,    0,  -48,  -48,    0,    0,    0,    0,    0,    0,    0,    0,    0,    0,  -32,  -14,    0,  -48,  -10,    4,   -4,    0,    0,    0,    0,    0,  -40,    0,    0,    0,  -32,    0,    0,  -32,    0,   -9,   -8,  -14,    0,   -8,   -4,   -4,   -8,   -4,   -4,  -40,    0,    0,    0,  -32,    0,    0,    0,  -32,    0,  -48,    0,    0,    0,    0,    0,
       0,    0,    0,    0,    0,    0,    0,    0,    0,    0,    0,    0,    0,    0,    0,    0,    0,    0,    0,   -2,    0,    0,    0,    0,    0,    0,    0,    0,    0,    0,    0,    0,    0,    0,   -2,    0,    0,    0,    0,    0,    0,    0,    0,   -2,   -2,    0,    0,    0,    0,    0,    0,    0,    0,    0,    0,    0,    0,   -2,    0,    0,    0,    0,    0,    0,    0,
       0,    0,    0,    0,    0,    0,    0,    0,    0,  -16,  -20,    0,    0,    0,    0,    0,    0,    0,  -20,    0,    0,  -44,    0,  -40,    0,  -40,  -28,  -32,  -48,    0,    0,    0,    0,    0,    0,    0,    0,    0,    0,    0,    0,    0,    0,    0,   -8,   -8,  -16,   -8,    0,    0,    0,    0,    0,    0,    0,    0,    0,    0,    0,    0,    0,    0,    0,    0,    0,
       0,    0,    0,    0,    0,    0,    0,    0,    0,    0,    0,    0,    0,    0,    0,    0,    0,    0,    0,  -20,    0,    0,    0,  -24,    0,  -16,  -16,    0,  -32,    0,    0,  -37,    0,    0,    0,    0,    0,    0,   24,    0,    0,    0,    0,    0,   -3,    0,    0,    0,    0,    0,    0,    0,    0,    0,    0,  -32,   -2,   -9,    0,    0,    0,    0,    0,    0,    0,
       0,    0,    0,    0,    0,    0,    0,    0,    0,    0,    0,    0,    0,    0,    0,    0,    0,    0,    0,    0,    0,    0,    0,    0,    0,  -12,    0,    0,    0,    0,    0,    0,    0,    0,    0,    0,    0,    0,    0,    0,    0,    0,    0,    0,   -8,    0,    0,    0,    0,    0,    0,    0,    0,    0,    0,    0,    0,  -14,    3,    0,    0,    0,    0,    0,    0,
       0,    0,    0,    0,    0,    0,    0,    0,    0,    0,    0,    0,    0,    0,    0,    0,    0,    0,    8,   -8,    0,    0,    0,  -26,   -4,  -11,   -4,    0,  -21,    0,    0,  -12,    0,    0,    0,    0,    0,    0,    0,    0,    0,    0,    0,   -4,   -5,   -2,    0,   -5,    0,    0,    0,    0,    0,    8,    0,  -21,    0,    0,    0,    0,    0,    0,    0,    0,    0,
       0,    0,  -10,    0,    0,    0,    0,  -20,    0,    0,    0,    0,    0,    0,    0,    0,    0,    0,    0,    0,    0,    0,    0,  -19,    0,   -9,   -6,   -6,  -16,   -4,    0,  -20,    0,    0,    0,    0,   -8,    0,    0,    0,    0,    0,    0,    0,   -6,   -8,   -8,   -8,   -4,  -10,    0,    0,    0,    0,    0,  -16,   -8,    0,    0,    0,    0,    0,    0,    0,    0,
       0,    0,    0,    0,    0,    0,    0,    0,    0,    0,    0,    0,    0,    0,    0,    0,    0,    0,    0,    0,    0,    0,    0,  -12,    0,   -6,   -4,   -2,  -14,    0,    0,    0,    0,    0,    0,    0,    0,    0,    0,    0,    2,    0,    0,    0,    0,    0,    0,   -6,    0,    0,    0,    0,    0,    0,    0,  -14,    0,    0,    0,    0,    0,   12,    0,   12,    0,
       0,    0,    0,    0,    0,    0,    0,    0,    0,    0,    0,    0,    0,    0,    0,    0,    0,    0,    0,    0,    0,    0,    0,    0,    0,    0,    0,    0,    0,    0,    0,    0,    0,    0,    0,    0,    0,    0,    0,    0,    0,    0,    0,    6,    0,    0,    0,    0,    0,    0,    0,    0,    0,    0,    0,    0,    0,    0,    0,    0,    0,    0,    0,    0,    0,
       0,    0,    0,    0,    0,    0,    0,    0,    0,    0,    0,    0,    0,    0,    0,    0,    0,    0,    0,    0,    0,    0,    0,  -18,    0,   -8,   -4,   -4,  -14,    0,    0,  -16,    0,    0,    0,    0,    0,   -2,    0,    0,    0,    0,    0,    0,   -4,   -4,   -1,   -4,    0,    0,    0,    0,    0,    0,    0,  -14,    0,    0,    0,    0,    0,    0,    0,    0,    0,
       0,    0,   12,   12,    0,    0,    0,   -8,    0,    0,    0,    0,    0,    0,    0,    0,    0,    0,   -8,    0,    0,    0,    0,   24,    0,   22,   20,   20,   20,   20,    0,    0,   16,    0,   -8,    0,    0,    0,    0,    0,    0,    0,    1,    0,    4,    1,    0,    0,    2,    0,    0,    0,    0,   -8,    0,   20,    0,   -8,    0,    0,   12,   16,   12,   16,    0,
       0,    0,    0,    0,   -2,    0,    0,    0,    0,    0,    0,    0,    0,    0,    0,    0,    0,    0,   -6,   -4,    0,    0,   -2,    0,    0,    0,    0,    0,   -6,    0,    0,  -12,    0,    0,    0,    0,    0,    0,    4,    0,    0,   -4,    0,   -3,    0,    0,    0,    0,    0,    0,    0,    0,    0,   -6,    0,   -6,    0,    0,    0,    0,    0,    0,    0,    0,    0,
       0,    0,    0,    0,    0,    0,    0,    0,    0,    0,    0,    0,    0,    0,    0,    0,    0,    0,    0,    0,    0,    0,    0,  -12,    0,  -12,    0,    0,  -10,    0,    0,  -16,    0,    0,    0,    0,    0,    0,    0,    0,    0,    0,    0,    0,    0,    0,    0,   -2,    0,    0,    0,    0,    0,    0,    0,  -10,    0,    0,    0,    0,    0,    0,    0,    0,    0,
       0,    0,    0,    0,    0,    0,    0,    0,    0,    0,    0,    0,    0,    0,    0,    0,    0,    0,    0,    0,    0,    0,    0,  -12,    0,    0,    0,    0,    0,    0,    0,    0,    0,    0,    0,    0,    0,    0,    0,    0,    0,    0,    0,    0,    0,    0,    0,    0,    0,    0,    0,    0,    0,    0,    0,    0,    0,    0,    0,    0,    0,    0,    0,    0,    0,
       0,    0,    0,    0,    0,    0,    0,    0,    0,    0,    0,    0,    0,    0,    0,    0,    0,    0,    0,    0,    0,    0,    0,  -12,   -4,    0,    0,    0,    0,    0,    0,    0,    0,    0,    0,    0,    0,    0,    2,    0,    0,    0,    0,    0,    0,    0,    0,    0,    0,    0,    0,    0,    0,    0,    0,    0,    0,    0,    0,    0,    0,    0,    0,    0,    0,
       0,    0,    0,    0,    0,    0,    0,    0,    0,    0,    0,    0,    0,    0,    0,    0,    0,    0,    0,   -4,    0,    0,    0,    0,    0,    0,    0,    0,   -8,    0,    0,  -16,    0,    0,   -9,   -2,    0,   -8,   -2,    0,    0,   -2,    0,   -2,    0,    0,    0,    0,    0,    0,    0,    0,    0,    0,    0,   -8,    0,   -9,   -2,    0,    0,    0,    0,    0,    0,
       0,    0,    0,    0,    0,    0,    0,    0,    0,    0,    0,    0,    0,    0,    0,    0,    0,    0,    0,   -8,    0,    0,    0,  -10,    0,  -12,   -8,    0,  -12,    0,    0,    0,    0,    0,   -4,    0,    0,   -4,   -6,    0,    0,    0,   -1,   -2,  -10,   -6,    0,   -6,    0,    0,    0,    0,    0,    0,    0,  -12,    0,   -4,    0,    0,    0,    0,    0,    0,    0,
       0,    0,   12,    0,    0,    0,    0,    0,    0,    0,    0,    0,    0,    0,    0,    0,    0,    0,    0,    0,    0,    0,    0,   -8,    0,   -7,    0,    0,   -6,    0,    0,   -2,    0,    0,    0,    0,    0,    0,    8,    0,    0,    0,    0,    0,    0,    0,    0,    0,    0,    0,    0,    0,    0,    0,    0,   -6,    0,    0,    0,    0,    0,    0,    0,    0,    0,
       0,    0,    0,    8,  -28,    0,  -46,   -8,    0,    0,    0,    0,    0,    0,    0,    0,    0,    0,  -12,    0,    0,    0,    0,   -4,    0,    0,    0,   -6,    0,    0,  -12,    0,    0,    0,   -9,    0,    0,   -6,   -4,    0,    0,    0,    8,    0,   20,   20,    0,    0,    0,  -12,    0,    0,    0,  -12,    0,    0,    0,   -9,    0,    0,    0,   20,    0,   20,    0,
       0,    0,    0,    0,    0,    0,    0,    0,    0,    0,    0,    0,    0,    0,    0,    0,    0,    0,    0,   -2,    0,    0,    0,  -18,    0,   -2,    0,   -2,   -8,    0,    0,    0,    0,    0,    0,    0,    0,    0,    0,    0,    0,    0,    0,    0,    0,    0,   -2,    0,    0,    0,    0,    0,    0,    0,    0,   -8,    0,    0,    0,    0,    0,    0,    0,    0,    0,
       0,    0,    0,    0,   -8,    0,    0,    0,    0,    0,    0,    0,    0,    0,    0,    0,    0,    0,    0,    0,    0,    0,    0,    0,    0,    0,    0,    0,    0,    0,    0,    0,    0,    0,   -2,    0,  -10,   -2,    0,    0,    0,    8,    0,    0,    0,    0,    0,    0,    0,    0,    0,    0,    0,    0,    0,    0,  -10,   -2,    0,    0,    0,    0,    0,    0,    0,
       0,    0,    0,    0,    0,    0,    0,    0,    0,    0,    0,    0,    0,    0,    0,    0,    0,    0,    0,    0,    0,    0,    0,  -12,    0,   -4,   -4,    0,   -6,    0,    0,    0,    0,    0,    0,    0,    0,   -4,    0,    0,    0,    0,    0,    0,    0,    0,    0,    0,    0,    0,    0,    0,    0,    0,    0,   -6,    0,    0,    0,    0,    0,    0,    0,    0,    0,
       0,  -12,    0,    2,  -16,    0,  -16,   -8,    0,    0,    0,    0,    0,    0,    0,    0,    2,    0,  -10,    0,    0,    0,    0,   -4,    0,    0,    0,  -10,   -4,   -8,   -8,    0,    0,   -8,   -6,    0,    0,   -4,    0,    0,    0,   -2,   20,    0,   20,    0,    0,    0,    0,   -8,    0,    0,   -5,  -10,    0,   -4,    0,   -8,    0,    0,    0,    0,    0,    0,    0,
       0,  -12,    0,    0,  -16,    0,  -16,   -8,    0,    0,    0,    0,    0,    0,    0,    0,    0,    0,   -2,    0,    0,    0,    0,   -4,    0,    0,    0,   -7,   -4,   -2,   -8,    0,    0,    0,   -6,    0,    0,   -6,    0,    0,    0,   -2,   20,    0,   16,    0,    0,    0,    0,   -8,    0,    0,    0,   -2,    0,   -4,    0,   -6,    0,    0,    0,    0,    0,    0,    0,
       0,   -1,    0,    0,    0,    0,    0,    0,    0,    0,    0,    0,    0,    0,    0,    0,    0,    0,    0,   -4,    0,    0,    0,   -6,   -2,    0,    0,    0,   -8,    0,  -16,   -2,    0,    0,  -12,    0,    0,    0,    0,    0,    0,   -2,    0,   -2,    0,    0,    0,    0,    0,  -16,    0,   -2,    0,    0,    0,   -8,    0,  -13,    0,    0,    0,    0,    0,    0,    0,
       0,  -12,    0,    0,    0,    0,  -16,   -8,    0,    0,    0,    0,    0,    0,    0,    0,    0,    0,  -10,    0,    0,    0,    0,   -4,    0,    0,    0,   -8,   -4,   -4,   -8,    0,    0,    0,   -4,    0,    0,   -6,    0,    0,    0,   -4,    0,    0,    0,    0,    0,    0,    0,   -8,    0,    0,    0,  -10,    0,   -4,    0,   -4,    0,    0,    0,    0,    0,    0,    0,
       0,    0,    0,    0,    0,    0,    0,    0,    0,    0,    0,    0,    0,    0,    0,    0,    0,    0,    0,    0,    0,    0,    0,   -4,    0,    0,    0,    0,   -4,    0,    0,  -16,    0,    0,   -4,    0,    0,    0,    0,    0,    0,    0,    0,    0,    0,    0,    0,    0,    0,    0,    0,    0,    0,    0,    0,   -4,    0,   -4,    0,    0,    0,    0,    0,    0,    0,
       0,    0,    0,    0,    0,    0,    0,    0,    0,  -16,  -20,    0,    0,    0,    0,    0,    0,    0,  -20,  -10,    0,  -40,    0,  -40,    0,  -40,  -28,  -32,  -48,    0,    0,    0,    0,    0,  -10,    0,    0,    0,    0,    0,    0,    0,    0,    0,   -8,   -8,  -16,   -8,    0,    0,    0,    0,    0,    0,    0,    0,    0,  -10,    0,    0,    0,    0,    0,    0,    0,
       0,    0,    0,    0,    0,    0,    0,    0,    0,  -16,  -20,    0,    0,    0,    0,    0,    0,    0,  -20,    0,    0,  -20,    0,  -40,    0,  -40,  -28,  -32,  -48,    0,    0,    0,    0,    0,    0,    0,    0,    0,    0,    0,    0,    0,    0,    0,   -8,   -8,  -16,   -8,    0,    0,    0,    0,    0,    0,    0,    0,    0,    0,    0,    0,    0,    0,    0,    0,    0,
       0,    0,    0,    0,    0,    0,    0,    0,    0,    0,    0,    0,    0,    0,    0,    0,    0,    0,    0,    0,    0,    0,    0,    0,    0,   -2,    0,    0,    0,    0,    0,    0,    0,    0,    0,    0,    0,    0,    0,    0,    0,    0,    0,    0,    0,    0,    0,    0,    0,    0,    0,    0,    0,    0,    0,    0,    0,    0,    0,    0,    0,    0,    0,    0,    0,
       0,    0,    0,    0,    0,    0,    0,    0,  -16,  -12,    0,  -12,    0,    0,    0,    0,    0,    0,    0,    0,    0,    0,    0,    0,    0,    0,    0,    0,    0,    0,    0,    0,    0,    0,    0,    0,    0,    0,    0,    0,    0,    0,    0,    0,    0,    0,    0,    0,    0,    0,    0,    0,    0,    0,    0,    0,    0,    0,    0,    0,    0,    0,    0,    0,    0,
       0,    0,    0,    0,    0,    0,    0,    0,    0,    0,    0,    0,    0,    0,    0,    0,    0,    0,    0,    0,    0,    0,    0,    0,    0,   -5,    0,    0,    0,    0,    0,    0,    0,    0,    0,    0,    0,    0,    0,    0,    0,    0,    0,    0,    0,    0,   -2,    0,    0,    0,    0,    0,    0,    0,    0,    0,    0,    4,    0,    0,    0,    0,    0,    0,    0,
       0,    0,    0,    0,    0,    0,    0,    0,    0,    0,    0,    0,    0,    0,    0,    0,    0,    0,    0,    0,    0,    0,    0,    0,    0,   -7,    0,    0,    0,    0,    0,    0,    0,    0,    0,    0,    0,    0,    0,    0,    0,    0,    0,    0,   -4,    0,    0,    0,    0,    0,    0,    0,    0,    0,    0,    0,    0,  -12,    0,    0,    0,    0,    0,    0,    0,
       4,    0,    0,   -2,  -52,    0,  -40,  -16,    0,    0,    0,    0,    0,    0,    0,    0,    0,    0,  -26,    0,    0,  -30,    0,    0,    0,    0,    3,   -6,    0,   -6,    0,   -8,    0,  -22,   -4,    0,    3,   -4,    0,    0,    0,    0,    6,   -2,    5,    6,   -1,    4,    0,    0,    8,   10,   -8,  -26,    0,    0,    3,   -4,    0,    0,   12,   20,   12,   20,    2,
       0,    0,  -10,   -8,    0,    0,    0,   -5,    0,    0,    0,    0,    0,    0,    0,    0,    0,    0,    0,    0,    0,    0,    0,  -19,    0,   -9,   -6,   -6,  -16,   -4,    0,   -2,    0,  -14,    0,    0,   -8,    0,    0,    0,    0,    0,    0,    0,   -7,   -8,   -9,   -8,   -4,  -10,    0,    4,    0,    0,    0,  -16,   -8,    0,    0,    0,    0,    0,    0,    0,    0,
       0,    0,  -12,   -6,    0,    0,   -8,  -12,    0,    0,    0,    0,    0,    0,    0,    0,    0,    0,   -8,    0,   -6,   -6,    0,  -12,    0,  -12,   -2,  -14,  -14,  -18,    0,  -20,    0,  -22,    0,    0,    0,    0,    0,    0,    0,    0,    0,    0,    0,    0,   -5,    0,    0,  -10,    0,    4,   -8,   -8,    0,  -14,    0,    0,    0,    0,    0,    0,    0,    0,    0,
       0,    0,    0,    0,    0,    0,    0,    0,    0,    0,    0,    0,    0,    0,    0,    0,    0,    0,  -54,    0,    0,  -96,    0,    0,    0,    0,    0,    0,    0,    0,    0,    0,    0,    0,    0,    0,    0,  -16,    0,    0,    0,  -16,    0,    0,    0,    0,    0,    0,    0,    0,    0,    0,    0,  -54,    0,    0,    0,    0,    0,    0,    0,    0,    0,    0,    0,
       0,    0,    0,    0,    0,    0,    0,    0,    0,    0,    0,    0,    0,    0,    0,    0,    0,    0,  -24,    0,    0,  -48,    0,    0,    0,    0,    0,    0,    0,    0,    0,    0,    0,    0,  -16,    0,    0,  -20,    0,  -12,    0,    0,    0,    0,    0,    0,    0,    0,    0,    0,    0,    0,    0,  -24,    0,    0,    0,  -16,    0,    0,    0,    0,    0,    0,    0,
       0,    0,    0,    0,    0,    0,    0,    0,    0,    0,    0,    0,    0,    0,    0,    0,    0,    0,  -30,    0,    0,  -48,    0,    0,    0,    0,    0,    0,    0,    0,    0,    0,    0,    0,    0,    0,    0,  -16,    0,    0,    0,  -16,    0,    0,    0,    0,    0,    0,    0,    0,    0,    0,    0,  -30,    0,    0,    0,    0,    0,    0,    0,    0,    0,    0,    0,
       0,    0,    0,    0,    0,    0,    0,    0,    0,    0,    0,    0,    0,    0,    0,    0,    0,    0,  -30,    0,    0,  -40,    0,    0,    0,    0,    0,    0,    0,    0,    0,    0,    0,    0,  -16,    0,    0,  -20,    0,    0,    0,    0,    0,    0,    0,    0,    0,    0,    0,    0,    0,    0,    0,  -30,    0,    0,    0,  -16,    0,    0,    0,    0,    0,    0,    0,
       0,    0,    0,    0,    0,    0,    0,    0,    0,    0,    0,    0,    0,    0,    0,    0,    0,    0,    0,    0,    0,    0,    0,    0,    0,   -3,    0,    0,    0,    0,    0,    0,    0,    0,    0,    0,    0,    0,    0,    0,    0,    0,    0,    0,    0,    0,    0,    0,    0,    0,    0,    0,    0,    0,    0,    0,    0,    0,    0,    0,    0,    0,    0,    0,    0,
};

static const EpdLigaturePair lexenddeca_12_bolditalicLigaturePairs[] = {
    { 0x00660069, 0xFB01 }, // f i -> U+FB01
    { 0x0066006C, 0xFB02 }, // f l -> U+FB02
};

static constexpr EpdFontData lexenddeca_12_bolditalic = {
    lexenddeca_12_bolditalicBitmaps,
    lexenddeca_12_bolditalicGlyphs,
    lexenddeca_12_bolditalicIntervals,
    29,
    31,
    25,
    -7,
    true,
    lexenddeca_12_bolditalicGroups,
    7,
    nullptr,
    lexenddeca_12_bolditalicKernLeftClasses,
    lexenddeca_12_bolditalicKernRightClasses,
    lexenddeca_12_bolditalicKernMatrix,
    138,
    122,
    78,
    65,
    lexenddeca_12_bolditalicLigaturePairs,
    2,
};
