/**
 * generated by fontconvert.py
 * name: lexenddeca_16_bolditalic
 * size: 16
 * mode: 2-bit  compressed: true
 * Command used: fontconvert.py lexenddeca_16_bolditalic 16 ../builtinFonts/source/LexendDeca/LexendDeca-BoldItalic.ttf ../builtinFonts/source/NotoEmoji/NotoEmoji-Regular.ttf ../builtinFonts/source/NotoSymbols/NotoSansSymbols-Regular.ttf --exact-intervals --additional-intervals 0x0020,0x007E --additional-intervals 0x00A0,0x00FF --additional-intervals 0x2000,0x206F --additional-intervals 0x20A0,0x20CF --additional-intervals 0x2190,0x21FF --additional-intervals 0xFB00,0xFB06 --additional-intervals 0xFFFD,0xFFFD --additional-intervals 0x2669,0x266F --additional-intervals 0x2764,0x2764 --additional-intervals 0x1F600,0x1F600 --additional-intervals 0x1F44D,0x1F44D --font-include-intervals 1:0x2764,0x2764 --font-include-intervals 1:0x1F600,0x1F600 --font-include-intervals 1:0x1F44D,0x1F44D --font-include-intervals 2:0x2669,0x266F --2bit --compress --pnum --darken-aa
 */
#pragma once
#include "EpdFontData.h"

static const uint8_t lexenddeca_16_bolditalicBitmaps[11011] = {
    0xB5, 0x5A, 0xBD, 0xB3, 0xE4, 0x46, 0x11, 0x9F, 0x95, 0x6C, 0x54, 0x94, 0x02, 0x39, 0x21, 0xF1,
    0x51, 0x25, 0x87, 0x94, 0x0B, 0x4A, 0xA9, 0x03, 0xCA, 0x23, 0x43, 0xE0, 0xD0, 0x04, 0xCE, 0x49,
    0xC8, 0x2F, 0x25, 0x42, 0x32, 0x17, 0x10, 0x38, 0xB0, 0xFF, 0x04, 0x02, 0xE7, 0x38, 0x24, 0xF0,
    0x59, 0x3A, 0x3B, 0x20, 0x70, 0xE0, 0x85, 0x84, 0xD0, 0xB2, 0x21, 0x3F, 0x01, 0xAA, 0x3A, 0x5D,
    0x79, 0xA4, 0xA1, 0x7F, 0xBF, 0xEE, 0xD1, 0xEE, 0xFB, 0xF0, 0x07, 0x01, 0xAF, 0xDE, 0x6B, 0xED,
    0xDB, 0x95, 0x66, 0xFA, 0xBB, 0x7F, 0xDD, 0xB3, 0xCE, 0xAF, 0xAE, 0x5B, 0xDC, 0x30, 0xBB, 0x28,
    0xBF, 0x13, 0x7F, 0xC7, 0x13, 0x7E, 0xFB, 0x2C, 0xB6, 0x59, 0x74, 0xF9, 0xEE, 0xF2, 0xCD, 0xE5,
    0xC1, 0xE5, 0xAB, 0xD3, 0x9F, 0x72, 0x76, 0xCD, 0xEA, 0xF4, 0xB9, 0x4E, 0x5E, 0xF7, 0xAE, 0x88,
    0xD5, 0x56, 0xED, 0x55, 0xA8, 0x42, 0xB3, 0x54, 0xAB, 0x9F, 0x9B, 0xD9, 0x9F, 0xFD, 0xD4, 0x8D,
    0x7E, 0x1C, 0xDA, 0xAE, 0x8F, 0x6E, 0x70, 0x9B, 0x3C, 0x57, 0xAD, 0x25, 0x2E, 0x72, 0x4B, 0x90,
    0x8B, 0x9F, 0x2B, 0x2C, 0xE8, 0xA7, 0x66, 0x96, 0xCB, 0x30, 0x7A, 0xB9, 0x0C, 0x51, 0x7E, 0x5A,
    0x07, 0x1A, 0x9D, 0x5D, 0x4E, 0xA0, 0xBB, 0xEC, 0xBA, 0xE5, 0x11, 0x8B, 0x04, 0x61, 0x88, 0x6B,
    0x61, 0x91, 0x66, 0xB6, 0xB5, 0x6A, 0x59, 0xCB, 0xE3, 0xCE, 0xF1, 0xD6, 0xA5, 0xC3, 0xA5, 0x77,
    0x79, 0x14, 0x81, 0x9C, 0x2B, 0xF6, 0x0C, 0x8B, 0x94, 0xC1, 0xD6, 0x2A, 0xC0, 0x50, 0xAD, 0x0C,
    0x61, 0xB9, 0xF1, 0x42, 0x7D, 0x8F, 0x1B, 0x23, 0x78, 0x1C, 0x74, 0x85, 0x28, 0x1A, 0xAA, 0x84,
    0x2E, 0x5C, 0x7B, 0x72, 0xC3, 0x1A, 0xE4, 0xD6, 0x38, 0x87, 0xC2, 0x81, 0x3A, 0x70, 0xBC, 0x92,
    0xEE, 0xFA, 0xD0, 0x4C, 0x9E, 0x02, 0x96, 0x81, 0x3C, 0xE0, 0x05, 0xCB, 0x0F, 0x22, 0x54, 0xEF,
    0x2B, 0x51, 0xED, 0x04, 0x5A, 0x05, 0x5F, 0xEF, 0x5C, 0x32, 0x90, 0x2E, 0xAE, 0x16, 0x7A, 0xE6,
    0x86, 0x72, 0xFB, 0x43, 0xD9, 0xC9, 0xB9, 0x8C, 0x1C, 0xAA, 0x09, 0xF2, 0x85, 0x5C, 0x82, 0xFE,
    0xEA, 0x84, 0xBD, 0xFC, 0x5C, 0x50, 0x5F, 0x63, 0xB5, 0xC4, 0x56, 0x24, 0x6B, 0xA6, 0xA1, 0x17,
    0xF5, 0x88, 0xF6, 0xFB, 0x5A, 0x98, 0x1D, 0x63, 0xDB, 0x4D, 0xAE, 0x1B, 0xA3, 0x13, 0x31, 0xBA,
    0x27, 0x11, 0xB2, 0x77, 0x9F, 0x06, 0x08, 0xED, 0xE3, 0x02, 0xBD, 0xD7, 0xF1, 0x3C, 0x88, 0xD0,
    0xB9, 0x68, 0xA7, 0x1D, 0x26, 0xA8, 0xA9, 0x00, 0xDB, 0xF5, 0x5A, 0xE9, 0xF2, 0xFE, 0x2B, 0x2E,
    0x2F, 0xCF, 0x0A, 0x57, 0x2E, 0xBE, 0x11, 0x45, 0x83, 0x2E, 0x66, 0x3B, 0x98, 0x88, 0xE2, 0x1D,
    0xB2, 0x7C, 0x7C, 0x37, 0x40, 0xC3, 0x43, 0x9C, 0xB1, 0xBC, 0x17, 0x5E, 0x20, 0x37, 0xD4, 0x2B,
    0x7A, 0x82, 0xAE, 0x61, 0x58, 0xC8, 0x37, 0xD2, 0xB0, 0x93, 0xCB, 0x4C, 0xC8, 0xF3, 0xC7, 0xB2,
    0x71, 0xEC, 0x5F, 0x01, 0x6D, 0x1D, 0x5F, 0x53, 0xF1, 0x23, 0x15, 0x26, 0xCC, 0xC9, 0x8D, 0xEB,
    0x8B, 0x6F, 0x17, 0x71, 0x80, 0x83, 0x6D, 0x55, 0x7C, 0xB8, 0x36, 0x41, 0x14, 0x3A, 0xFB, 0x45,
    0x34, 0x34, 0x79, 0xE1, 0x20, 0x8E, 0x70, 0xC6, 0xE8, 0xFC, 0xDE, 0x0E, 0xB1, 0x6F, 0x60, 0xF1,
    0x33, 0x0C, 0x15, 0x67, 0x6C, 0x22, 0x92, 0x34, 0x71, 0xE9, 0xB6, 0x42, 0x54, 0xBD, 0x8B, 0xB6,
    0xC5, 0x77, 0xC4, 0x6F, 0xC4, 0xF1, 0x44, 0x33, 0xAE, 0x13, 0x96, 0xC1, 0x63, 0x26, 0xDB, 0xD5,
    0x22, 0xF9, 0xB0, 0xC8, 0x7E, 0x93, 0x6C, 0xDF, 0xBA, 0x46, 0x98, 0x17, 0x0F, 0x47, 0x44, 0xE4,
    0xC2, 0x0D, 0xC4, 0xAA, 0xF0, 0x27, 0x6F, 0x37, 0x50, 0x1D, 0x3C, 0x6E, 0x81, 0x76, 0x1C, 0xA2,
    0xE0, 0xC6, 0x1F, 0xDF, 0xC7, 0xE7, 0x50, 0xE2, 0xA6, 0xCF, 0x95, 0x5C, 0x43, 0xB6, 0x80, 0x7C,
    0xAF, 0x5B, 0x28, 0x39, 0xF9, 0x3F, 0xC7, 0x4D, 0x5C, 0xBC, 0xE7, 0x46, 0x27, 0xDE, 0x74, 0x7B,
    0xA5, 0xDB, 0x7F, 0x8B, 0x7E, 0x2E, 0x71, 0x0B, 0x06, 0x4F, 0x5C, 0x1C, 0x81, 0xE8, 0x20, 0x24,
    0x37, 0x96, 0x8F, 0x44, 0xBB, 0xB2, 0x6C, 0xEB, 0x3C, 0x78, 0x96, 0x3B, 0xAB, 0xDE, 0xB6, 0x3D,
    0xBD, 0xCD, 0x7D, 0xB3, 0x47, 0xEB, 0x2B, 0xC5, 0x3F, 0xFE, 0xBD, 0x88, 0xB2, 0x42, 0x05, 0xCF,
    0x13, 0x73, 0xC3, 0xA3, 0x1A, 0xA8, 0x57, 0x94, 0xDB, 0xD4, 0x9F, 0x8D, 0x2F, 0xF8, 0x27, 0x0E,
    0x9A, 0x72, 0x3F, 0xC2, 0x83, 0x60, 0x9E, 0x91, 0xC4, 0x38, 0xCA, 0x2F, 0x64, 0xA7, 0x7B, 0x8B,
    0x1F, 0x21, 0xEA, 0xE2, 0x41, 0x1C, 0x83, 0xBC, 0x5E, 0x9C, 0x32, 0x40, 0x6D, 0x19, 0x11, 0x29,
    0x4F, 0x1B, 0x38, 0x2E, 0xF9, 0x8B, 0x65, 0xA2, 0xCB, 0xE4, 0x1D, 0x31, 0x8F, 0x04, 0x57, 0xEF,
    0x5E, 0xA3, 0xBF, 0xF4, 0xB2, 0xAC, 0x98, 0x35, 0x22, 0xA0, 0x18, 0x5A, 0xE5, 0xDC, 0xAC, 0x3E,
    0x78, 0xA4, 0x19, 0x06, 0xAA, 0x3A, 0x0C, 0x96, 0x70, 0x8C, 0x69, 0x5E, 0xBC, 0x26, 0x2B, 0xA8,
    0xC7, 0x51, 0x3B, 0x2E, 0xF9, 0x57, 0xBA, 0xB1, 0xB6, 0x1B, 0x19, 0x4C, 0x8E, 0x41, 0x76, 0xEB,
    0x46, 0x28, 0xD2, 0xA9, 0xB1, 0x13, 0xD3, 0xE9, 0xC6, 0x4C, 0x6F, 0x2C, 0x6C, 0xCF, 0x1B, 0x37,
    0x76, 0x76, 0xE3, 0xF9, 0x1E, 0xE6, 0xB6, 0x6B, 0xE6, 0xEC, 0x46, 0x84, 0x78, 0x8B, 0x3B, 0x61,
    0xF3, 0x86, 0xF9, 0x62, 0x38, 0x12, 0x9F, 0xBC, 0xBD, 0xD4, 0xB1, 0x2F, 0x63, 0x5F, 0xC4, 0x5E,
    0xF6, 0x11, 0x07, 0x91, 0x6D, 0x72, 0x7A, 0xBC, 0xAC, 0x2D, 0xDC, 0x0B, 0xED, 0x60, 0xE9, 0x56,
    0x64, 0x15, 0x7E, 0x98, 0xA3, 0x48, 0x77, 0x50, 0x71, 0x04, 0xA1, 0x12, 0x81, 0x83, 0xF8, 0xFF,
    0xAC, 0x26, 0x62, 0x96, 0x69, 0x91, 0x65, 0x36, 0x88, 0x10, 0x99, 0x7F, 0x55, 0x04, 0x09, 0xEB,
    0x93, 0x30, 0x50, 0xCB, 0x1F, 0x72, 0x19, 0x5D, 0x02, 0x75, 0x41, 0xFE, 0x26, 0xBA, 0x25, 0x5C,
    0xED, 0x4C, 0xF1, 0x73, 0x73, 0xB9, 0xE4, 0x76, 0x65, 0x8A, 0x8F, 0x9D, 0xF9, 0x4B, 0x04, 0xD9,
    0x65, 0x9F, 0x0D, 0x09, 0x50, 0x93, 0xE0, 0x83, 0xBD, 0x85, 0x4C, 0x08, 0x2E, 0x59, 0x9A, 0x82,
    0x8A, 0x9C, 0xDB, 0x49, 0x52, 0x90, 0x90, 0x5E, 0xEC, 0xD1, 0x40, 0x85, 0x2F, 0xA8, 0x49, 0x34,
    0xF2, 0x47, 0xC7, 0x50, 0xA4, 0x03, 0x3B, 0x61, 0x86, 0x1E, 0x4D, 0x97, 0x76, 0x5D, 0x80, 0xBD,
    0x66, 0x4D, 0xAE, 0x33, 0x82, 0x7E, 0x82, 0xDA, 0xCE, 0x10, 0x71, 0xF4, 0xEA, 0x7B, 0x49, 0x4E,
    0x79, 0xDD, 0xF0, 0xB5, 0xA7, 0xCC, 0x8D, 0xCA, 0xAC, 0x46, 0x2C, 0xF7, 0x8B, 0x49, 0xF0, 0x21,
    0x34, 0x32, 0x26, 0xBD, 0xE4, 0xCC, 0xE8, 0x79, 0xDB, 0x85, 0x8B, 0x81, 0xE1, 0x38, 0x13, 0x5E,
    0x97, 0x52, 0xFE, 0xA4, 0x0E, 0x4A, 0xD2, 0x9C, 0xA9, 0xD2, 0x33, 0xB7, 0xEA, 0xC1, 0xD0, 0xCE,
    0xB4, 0x85, 0x4D, 0x9A, 0xBD, 0x55, 0xCD, 0x72, 0x9B, 0x46, 0x13, 0x62, 0xA0, 0x67, 0x04, 0xA6,
    0x45, 0x16, 0x41, 0xAB, 0x1B, 0x4B, 0x72, 0x83, 0x6A, 0x67, 0xF1, 0x58, 0x55, 0xE7, 0xB2, 0x72,
    0x11, 0xDF, 0x11, 0xAE, 0xEA, 0x2D, 0x3B, 0x4A, 0x1A, 0x69, 0xCB, 0x2A, 0xA7, 0xB5, 0x8E, 0xBB,
    0xB3, 0xAC, 0xC5, 0x8B, 0x53, 0x2A, 0xAD, 0xB7, 0x83, 0xFD, 0x9C, 0x2C, 0x16, 0xD4, 0x46, 0xC5,
    0xFB, 0x95, 0x36, 0xA4, 0xEA, 0xE4, 0x9E, 0x3E, 0x3E, 0x3C, 0xA5, 0xD2, 0x53, 0xC6, 0xD6, 0xF2,
    0x2C, 0x1C, 0xBE, 0xFE, 0x06, 0xB8, 0x7D, 0x89, 0x39, 0x26, 0xE9, 0x04, 0xEA, 0x6B, 0x41, 0xF3,
    0x09, 0x31, 0x57, 0x3D, 0x2F, 0x84, 0x73, 0x7F, 0xD4, 0x61, 0x6E, 0x12, 0xB8, 0x39, 0x96, 0x7E,
    0xA8, 0xCE, 0x46, 0x3E, 0xF9, 0x3C, 0x23, 0x01, 0x96, 0x65, 0xE4, 0x91, 0xE7, 0x66, 0x65, 0xFE,
    0x5F, 0xB9, 0x77, 0x0B, 0xAE, 0x47, 0x18, 0x7A, 0xAA, 0xA4, 0xFA, 0xCC, 0xF2, 0x50, 0x37, 0x0B,
    0xAF, 0x5E, 0x89, 0x3C, 0xDE, 0x81, 0x88, 0xF1, 0xB7, 0x52, 0x8D, 0xDF, 0x36, 0xB0, 0x74, 0x05,
    0xF3, 0xE5, 0x94, 0xA0, 0x7B, 0xAE, 0xC2, 0x6C, 0x24, 0x88, 0xAD, 0x80, 0xE2, 0x10, 0xB4, 0xAC,
    0x6B, 0x5C, 0xD3, 0x21, 0x14, 0x19, 0xEC, 0x89, 0xB5, 0xC3, 0x19, 0x4F, 0xFA, 0x61, 0x6B, 0x7C,
    0x33, 0x7D, 0xD0, 0x6B, 0xF4, 0xC3, 0xB3, 0xC5, 0x3A, 0x23, 0x9D, 0xFA, 0x56, 0xFD, 0x50, 0x58,
    0xCA, 0x5D, 0x43, 0x7B, 0x1D, 0xF4, 0x20, 0x1E, 0x2F, 0xC5, 0x52, 0x2A, 0x64, 0x26, 0x31, 0x0D,
    0x52, 0xCB, 0xBF, 0x67, 0x40, 0x30, 0x8B, 0x4E, 0xC6, 0x7E, 0x0F, 0x79, 0xCF, 0x75, 0xFC, 0x85,
    0xE4, 0x62, 0x44, 0xB1, 0x07, 0x4A, 0x13, 0x29, 0x87, 0x79, 0x58, 0xA4, 0x46, 0x5C, 0x44, 0xAD,
    0xB1, 0x66, 0x41, 0xD5, 0x32, 0x8C, 0x4F, 0x28, 0xB8, 0x15, 0xB4, 0x2E, 0x06, 0x1B, 0x21, 0xE5,
    0xCC, 0x18, 0x81, 0xEA, 0x16, 0xA8, 0x6E, 0x95, 0xA5, 0x3C, 0x0A, 0x7F, 0x87, 0x45, 0x65, 0x65,
    0xC9, 0x0D, 0x13, 0xAD, 0x55, 0xA7, 0x7D, 0xA1, 0xAB, 0x90, 0x6A, 0xB7, 0x46, 0x42, 0x8A, 0x45,
    0x8A, 0x4F, 0xE1, 0x86, 0x25, 0x25, 0xC4, 0x17, 0x45, 0xC1, 0x40, 0x8D, 0xA2, 0xC1, 0x1C, 0xD4,
    0xB9, 0x3F, 0xBB, 0xBB, 0x3F, 0x06, 0x1C, 0x03, 0xF4, 0x26, 0xBB, 0x23, 0x7D, 0x9F, 0xC4, 0x0B,
    0x17, 0xFE, 0x4F, 0x38, 0x29, 0x9E, 0xF7, 0x72, 0xEB, 0xBE, 0xE1, 0x47, 0xAA, 0x45, 0x8E, 0x52,
    0xD1, 0x96, 0x44, 0x39, 0x52, 0x2D, 0xF0, 0x0E, 0x8B, 0xB9, 0x94, 0xF1, 0x9F, 0xEB, 0x16, 0x4C,
    0xAC, 0x8C, 0xE2, 0x1E, 0xFE, 0x33, 0x42, 0x31, 0x3D, 0x1D, 0xA9, 0x80, 0xCB, 0x37, 0xF0, 0x60,
    0xAF, 0x50, 0x84, 0x81, 0x37, 0x41, 0xA0, 0x8D, 0xE1, 0x3A, 0x5A, 0x20, 0x16, 0x31, 0x09, 0xED,
    0x6A, 0x64, 0x88, 0x5C, 0xC1, 0xDF, 0x06, 0x12, 0x10, 0x39, 0x80, 0x1F, 0x71, 0xBD, 0xC5, 0x5D,
    0x7D, 0xA4, 0x21, 0x9F, 0xC8, 0xE8, 0x3E, 0xC4, 0x27, 0x9B, 0x3B, 0xD4, 0xB7, 0x32, 0x5D, 0xD1,
    0x13, 0x27, 0xC7, 0x34, 0x8B, 0x8D, 0x9D, 0x71, 0x23, 0x10, 0x46, 0x36, 0x67, 0x25, 0x5D, 0x94,
    0x5D, 0xBC, 0x70, 0x44, 0x4E, 0xD4, 0x35, 0x31, 0xE9, 0x6B, 0x2A, 0xA8, 0xBC, 0x49, 0xB0, 0x15,
    0x43, 0xAD, 0xA9, 0x36, 0xFA, 0xB5, 0x8E, 0xD5, 0xB9, 0x8C, 0x45, 0x0B, 0xF7, 0x85, 0x83, 0x76,
    0x90, 0x1A, 0x6E, 0x35, 0xA2, 0xB2, 0x33, 0x81, 0x62, 0x2D, 0x43, 0xBB, 0xC0, 0x94, 0x48, 0x4B,
    0xBC, 0x7B, 0xD3, 0x27, 0xCA, 0x49, 0x3F, 0xFB, 0x93, 0xD6, 0x39, 0xCD, 0x0A, 0xC4, 0x6A, 0xF0,
    0xF0, 0x26, 0xBE, 0x7F, 0x32, 0xC4, 0x81, 0x52, 0x91, 0x6F, 0xBA, 0x4A, 0x35, 0x97, 0xE1, 0xD5,
    0xF7, 0x37, 0x61, 0xAF, 0x8B, 0xC3, 0xF8, 0xD8, 0x7D, 0x8C, 0xFB, 0xC7, 0xC7, 0xA7, 0xC0, 0x04,
    0xFC, 0x51, 0x3E, 0x37, 0xBB, 0x84, 0x45, 0x28, 0xA7, 0x6E, 0x29, 0x76, 0x17, 0xAA, 0x31, 0x4E,
    0x65, 0x38, 0x2D, 0xCD, 0x3B, 0x88, 0x81, 0x7C, 0xF6, 0x12, 0x01, 0xCD, 0x22, 0x60, 0x98, 0x45,
    0xAC, 0x1A, 0x7F, 0x97, 0xC7, 0x3F, 0x88, 0x02, 0xDD, 0x63, 0x28, 0xFC, 0xCB, 0xCD, 0x3D, 0xE6,
    0xF6, 0x8B, 0x7B, 0xEC, 0x20, 0xE7, 0x28, 0xD7, 0x66, 0x42, 0x25, 0xFD, 0xD8, 0x34, 0xDF, 0xD9,
    0xD5, 0x1B, 0xBA, 0x11, 0xF4, 0xE0, 0x7E, 0xCA, 0x20, 0x6E, 0x8B, 0xCD, 0x52, 0x1E, 0x45, 0x1E,
    0xA2, 0x16, 0xE5, 0xF2, 0x30, 0x9E, 0x66, 0x65, 0x4D, 0x98, 0x34, 0x01, 0x6D, 0x60, 0x2A, 0xCF,
    0xE0, 0x39, 0x96, 0x3E, 0x24, 0x21, 0x03, 0x21, 0x06, 0x3A, 0xC9, 0x8C, 0x65, 0x06, 0x2D, 0x88,
    0x63, 0xBC, 0x2A, 0xBE, 0x5D, 0x6A, 0x10, 0x1A, 0x3A, 0x88, 0x62, 0x7A, 0x42, 0x50, 0x64, 0x8F,
    0x26, 0x20, 0x7D, 0xD4, 0x1B, 0x2B, 0xE5, 0x5E, 0x11, 0x17, 0x22, 0x8E, 0x64, 0x7B, 0x66, 0xAB,
    0xAB, 0x84, 0x39, 0x1B, 0x1D, 0x94, 0xCE, 0xA7, 0x4B, 0x73, 0x76, 0xE6, 0xEF, 0x58, 0xA0, 0x3F,
    0x43, 0xA1, 0x61, 0x16, 0xA3, 0x8C, 0x51, 0xA9, 0x44, 0xA0, 0xF0, 0x22, 0xD9, 0x52, 0x3E, 0x3A,
    0x97, 0xB8, 0x61, 0x54, 0xE0, 0x20, 0x3B, 0x0A, 0x94, 0xD0, 0x2A, 0xD1, 0xF0, 0xD9, 0x0B, 0x9B,
    0x67, 0x2B, 0x8D, 0x90, 0xFA, 0xB9, 0xB6, 0x2A, 0x23, 0x97, 0xD3, 0x6E, 0x84, 0xA5, 0x3A, 0x4A,
    0xDA, 0x11, 0x84, 0x2D, 0xEB, 0x8B, 0x98, 0x84, 0xAB, 0x0A, 0x5C, 0xAD, 0x3C, 0x5B, 0xC2, 0xEB,
    0xD6, 0x03, 0xF3, 0xDF, 0xA4, 0x21, 0xA9, 0xF7, 0x43, 0x84, 0x5D, 0x49, 0x08, 0x20, 0x0B, 0x57,
    0x4C, 0xCA, 0x66, 0x23, 0xB5, 0x90, 0xDA, 0x47, 0x3E, 0x7E, 0xEE, 0x92, 0x52, 0x4C, 0x1F, 0xA6,
    0x52, 0x6D, 0x14, 0x01, 0xEF, 0x4E, 0x43, 0x64, 0xA8, 0xD6, 0x68, 0x1B, 0x67, 0x79, 0xB2, 0x87,
    0x92, 0xA8, 0x1C, 0x34, 0x17, 0x7D, 0xC6, 0x0C, 0xD0, 0xE7, 0xBC, 0xB4, 0x39, 0xAB, 0x33, 0x13,
    0x75, 0x15, 0x15, 0xE4, 0xEF, 0xCC, 0xD8, 0x1D, 0xF8, 0x90, 0xAC, 0xBB, 0x28, 0x7C, 0x99, 0xB5,
    0x96, 0x2A, 0x6A, 0xB0, 0xE2, 0xB8, 0x5E, 0xB3, 0xB2, 0xA6, 0xE0, 0x98, 0x2E, 0xDA, 0x33, 0xD3,
    0x8D, 0x64, 0x6E, 0x34, 0xE8, 0x19, 0xE7, 0x0B, 0x68, 0xA4, 0xF3, 0x65, 0xD4, 0x29, 0x93, 0xB2,
    0xB5, 0x94, 0x17, 0x3A, 0x19, 0x4E, 0x54, 0x7A, 0x5D, 0xC6, 0xEB, 0xC3, 0xAB, 0x66, 0xA3, 0x17,
    0x2F, 0x99, 0x94, 0x93, 0x9B, 0x3C, 0x5C, 0x38, 0xE9, 0xBF, 0x8D, 0x93, 0xF9, 0x0E, 0x27, 0x13,
    0xE9, 0x59, 0x53, 0xFD, 0x7D, 0x9C, 0x5C, 0xE1, 0x18, 0xAB, 0xFD, 0xE1, 0x0A, 0xD3, 0xCA, 0x7A,
    0x9B, 0xBA, 0xCF, 0x64, 0x36, 0xAD, 0xE9, 0x69, 0x83, 0x55, 0xDD, 0xB6, 0x9B, 0xE1, 0x3E, 0xC5,
    0x58, 0xA1, 0xD3, 0xB9, 0xED, 0x3E, 0xC2, 0x75, 0x87, 0x4E, 0x2E, 0x02, 0xB0, 0xC6, 0x7D, 0x00,
    0x02, 0xDD, 0xE0, 0x38, 0x4D, 0x18, 0xD8, 0x72, 0x75, 0xB4, 0xB6, 0xB8, 0xCF, 0x03, 0x69, 0x4E,
    0x68, 0xA2, 0x8A, 0xCB, 0xE7, 0x6A, 0x20, 0x36, 0xEA, 0x96, 0xBF, 0x9B, 0xC0, 0xAA, 0x2C, 0xAB,
    0xC2, 0x07, 0x3C, 0x41, 0x33, 0x11, 0x0A, 0xF4, 0x42, 0xD8, 0xEC, 0x18, 0xB4, 0xE6, 0x37, 0x54,
    0x4D, 0x75, 0x5C, 0xB2, 0x78, 0x04, 0x97, 0x79, 0x67, 0x0A, 0xB2, 0xE3, 0x02, 0x0D, 0xC9, 0x7A,
    0x74, 0x9F, 0x85, 0x8F, 0x0E, 0x44, 0xDD, 0x74, 0x47, 0xBD, 0x40, 0x4D, 0x71, 0xBA, 0xCD, 0x8A,
    0xF2, 0xA0, 0x6E, 0xD4, 0xC1, 0xAE, 0x83, 0x85, 0xFA, 0x6C, 0x38, 0x0B, 0x46, 0x22, 0xA2, 0x30,
    0x40, 0x72, 0x21, 0x94, 0xAE, 0x35, 0xBB, 0x54, 0x17, 0xB2, 0x27, 0x9B, 0xB0, 0x33, 0xB5, 0x49,
    0x02, 0x23, 0x9B, 0x90, 0xC3, 0x56, 0x77, 0xFA, 0x86, 0xBE, 0x63, 0x6F, 0x29, 0x55, 0x37, 0xBA,
    0xCF, 0x47, 0xC6, 0x83, 0xE6, 0x46, 0x7B, 0x67, 0x4C, 0xDC, 0xF1, 0xD6, 0xA2, 0x6F, 0x50, 0x4A,
    0xA6, 0x41, 0x23, 0x74, 0x4D, 0xB8, 0x51, 0xBB, 0xFE, 0x9A, 0x63, 0x91, 0xCC, 0x0A, 0x4B, 0x60,
    0x33, 0xEC, 0xE1, 0x1F, 0x3D, 0x2E, 0x03, 0xF2, 0xDF, 0x9A, 0x91, 0xA5, 0x05, 0xCE, 0x21, 0xDA,
    0xF4, 0x78, 0x20, 0xFE, 0x2B, 0x12, 0x66, 0x3C, 0x23, 0x43, 0x47, 0x3D, 0x0A, 0x97, 0x4B, 0xAE,
    0x03, 0x17, 0x9B, 0x97, 0xE4, 0x1A, 0xA4, 0x65, 0x7C, 0xA4, 0xA9, 0x84, 0x4B, 0xA2, 0x25, 0x5A,
    0xA9, 0x27, 0x20, 0x79, 0x8E, 0x5B, 0xA8, 0x30, 0xA4, 0x8D, 0x06, 0xB1, 0x6F, 0x1E, 0x32, 0xC1,
    0x3A, 0x7C, 0x42, 0xC1, 0xDF, 0x85, 0xAC, 0x09, 0xEF, 0x30, 0x9A, 0x0E, 0xC8, 0x68, 0xB8, 0xF1,
    0x96, 0xAD, 0xFA, 0x03, 0x0C, 0xDE, 0xB4, 0xD5, 0x7E, 0x03, 0x27, 0x30, 0x6A, 0xFD, 0xA5, 0x5D,
    0x69, 0x88, 0x06, 0xA8, 0x0D, 0xC2, 0x17, 0x88, 0x5F, 0x47, 0x2D, 0x4C, 0x9E, 0x68, 0x4E, 0x92,
    0x1B, 0xAF, 0x92, 0x82, 0xE1, 0x60, 0x92, 0xDE, 0xF5, 0x3A, 0x13, 0x49, 0xC8, 0xB5, 0x8B, 0x81,
    0xF3, 0x92, 0xC8, 0xEB, 0x53, 0x06, 0x52, 0x1E, 0xDF, 0x13, 0x6C, 0xB0, 0xF0, 0x1A, 0xD8, 0x2A,
    0xBE, 0x19, 0xE7, 0x01, 0x3E, 0x9F, 0xB3, 0x7A, 0x41, 0x45, 0xAD, 0x7A, 0xFD, 0x0E, 0xAB, 0x0B,
    0x97, 0xBF, 0x39, 0xB1, 0xD9, 0x50, 0xA1, 0x9A, 0xA0, 0x72, 0xE9, 0x55, 0xD9, 0xCB, 0xD5, 0xF7,
    0xB5, 0x01, 0xC6, 0x07, 0xC0, 0x6E, 0x1B, 0x95, 0xE3, 0xA3, 0x5D, 0x7A, 0x76, 0x9E, 0x80, 0x1E,
    0xD2, 0x13, 0xC4, 0x09, 0x0E, 0xCD, 0x89, 0xCC, 0x88, 0xD6, 0x52, 0x2F, 0x21, 0x57, 0x7C, 0xCA,
    0x44, 0xFD, 0xB9, 0x5C, 0x24, 0x43, 0xBF, 0x1B, 0xFF, 0x82, 0x0C, 0xFD, 0x28, 0xFE, 0x1D, 0x97,
    0x5F, 0xC4, 0xAF, 0x39, 0x1D, 0x60, 0xE3, 0x8F, 0x19, 0x00, 0x40, 0xBD, 0x2C, 0x1E, 0x34, 0x51,
    0x07, 0x70, 0x59, 0x61, 0xC2, 0x13, 0x18, 0xF6, 0x74, 0xAB, 0x85, 0x2C, 0x22, 0x3B, 0xAE, 0x66,
    0xA9, 0x1F, 0xB0, 0x92, 0x10, 0x0E, 0xB3, 0xB3, 0x83, 0x47, 0x35, 0x8C, 0x6C, 0xAB, 0x24, 0x52,
    0xD8, 0xDE, 0x18, 0xB0, 0x3B, 0x60, 0xFA, 0x58, 0xB1, 0x4C, 0x8C, 0xD0, 0x3D, 0x3A, 0xED, 0x70,
    0x7D, 0x41, 0x79, 0x93, 0xCB, 0x40, 0xE1, 0x7B, 0x78, 0x84, 0xF0, 0x83, 0xFF, 0xE4, 0x6E, 0xE6,
    0x28, 0xC1, 0xD7, 0x18, 0xA2, 0x20, 0xF8, 0xCE, 0xB5, 0xA5, 0x6B, 0xEB, 0x45, 0xA3, 0x4B, 0x89,
    0xCA, 0x32, 0x95, 0xEC, 0xB2, 0x58, 0x25, 0x59, 0x9C, 0x75, 0x4A, 0x97, 0xFC, 0x7D, 0x26, 0x73,
    0x68, 0xA8, 0x90, 0x32, 0xA3, 0x81, 0x80, 0x13, 0x41, 0x80, 0xF4, 0xC1, 0xA8, 0xEB, 0xAA, 0x3E,
    0xED, 0x8F, 0x52, 0x16, 0x4C, 0xF9, 0x9B, 0x43, 0xD3, 0xFF, 0x39, 0x7F, 0xFF, 0x5F, 0x54, 0xF5,
    0x33, 0xAA, 0xEA, 0x14, 0xA9, 0xAA, 0x32, 0xFE, 0x1A, 0xAA, 0x2A, 0xE1, 0xA3, 0xDD, 0x9E, 0x6B,
    0x9E, 0xFA, 0x6B, 0xBC, 0x57, 0x55, 0x36, 0x48, 0xE5, 0xCC, 0x56, 0xE3, 0x3A, 0xE5, 0x21, 0x97,
    0x69, 0x13, 0xE9, 0xE6, 0x0B, 0x04, 0x6F, 0x8E, 0x2A, 0xDD, 0x5B, 0x65, 0xBC, 0xA0, 0xA8, 0x85,
    0x28, 0x6A, 0x85, 0x3F, 0x88, 0xAF, 0xCA, 0x47, 0xA0, 0xA2, 0x61, 0x75, 0xC8, 0x29, 0x03, 0xA2,
    0x1A, 0xF3, 0x43, 0x99, 0x9B, 0x95, 0x44, 0xDD, 0x15, 0xA1, 0x82, 0xC0, 0x20, 0xF2, 0xD9, 0x60,
    0x07, 0xC1, 0xCA, 0xEA, 0x6E, 0x03, 0x7D, 0xAF, 0xD3, 0x9E, 0x66, 0x47, 0xBB, 0xD8, 0xC4, 0xC3,
    0xB0, 0x18, 0x59, 0x51, 0x89, 0xA3, 0x86, 0x7D, 0xE2, 0x67, 0xCB, 0x34, 0x3A, 0x5E, 0xA7, 0x7F,
    0xBE, 0x60, 0x83, 0x07, 0x1B, 0x1F, 0x77, 0x06, 0xB5, 0xAD, 0x39, 0x80, 0x98, 0x0F, 0xB0, 0x4E,
    0x8F, 0x95, 0x73, 0xC6, 0x69, 0xB5, 0x6A, 0x14, 0xB4, 0xE2, 0x6A, 0x9D, 0x4D, 0x38, 0x21, 0x62,
    0x45, 0xD3, 0xDB, 0x43, 0x4D, 0x42, 0x06, 0x9A, 0x5F, 0x6E, 0x50, 0x9B, 0x1E, 0xDC, 0xCA, 0xEC,
    0xF7, 0xE7, 0xF7, 0xEA, 0xAE, 0x0F, 0xDD, 0xF5, 0x9E, 0x2B, 0x1F, 0x62, 0x96, 0xBC, 0x09, 0x3A,
    0x66, 0x97, 0x52, 0x08, 0x8B, 0x70, 0x60, 0x1A, 0x59, 0x0B, 0x26, 0x11, 0xAD, 0x9F, 0x5A, 0x3E,
    0x59, 0x7F, 0x67, 0xD6, 0xD0, 0xA9, 0x66, 0xED, 0xD4, 0xD2, 0xA9, 0x95, 0xD3, 0x5F, 0x0D, 0xBE,
    0x3A, 0x56, 0x70, 0x66, 0x31, 0x47, 0xC1, 0x61, 0x08, 0x0F, 0x9C, 0x91, 0x1D, 0x63, 0x74, 0x8D,
    0x21, 0x1D, 0x02, 0xE9, 0x20, 0xC7, 0x3D, 0x84, 0x74, 0x8A, 0xB9, 0x3D, 0x61, 0x85, 0x67, 0x97,
    0xC4, 0x3A, 0x3D, 0xD7, 0x88, 0xDB, 0xB3, 0x61, 0x65, 0x66, 0x9D, 0x8A, 0x23, 0x63, 0x79, 0xC1,
    0xF4, 0xD2, 0xEA, 0xB4, 0x8D, 0x40, 0xE9, 0x09, 0xE1, 0xF1, 0xA7, 0xB2, 0x5C, 0x16, 0x3F, 0x8B,
    0x28, 0xD7, 0x5F, 0x6C, 0x57, 0x07, 0x00, 0x73, 0x6A, 0xF1, 0x98, 0x00, 0x61, 0x53, 0xE8, 0xD3,
    0xEF, 0x57, 0xBA, 0x5A, 0x0E, 0xAC, 0x9C, 0x51, 0x28, 0xD5, 0xBD, 0x7E, 0x28, 0x3B, 0xCA, 0x8B,
    0x8A, 0x49, 0x0E, 0xB0, 0x88, 0x3E, 0xE6, 0x93, 0x9B, 0xC9, 0x6B, 0xF1, 0x17, 0x91, 0xBD, 0x09,
    0x99, 0x58, 0x9A, 0x00, 0x43, 0xE4, 0xCB, 0x98, 0xB3, 0x4B, 0x66, 0x53, 0x79, 0x21, 0x72, 0x6B,
    0xA3, 0xE1, 0x9F, 0xC5, 0x8A, 0x5D, 0x5E, 0xF7, 0x9F, 0xF8, 0x30, 0xB0, 0x95, 0xF9, 0x34, 0xDA,
    0x88, 0xE0, 0xF7, 0x3A, 0x6D, 0x8A, 0x91, 0x83, 0x39, 0xD9, 0x77, 0x73, 0x56, 0x3D, 0xD1, 0xB7,
    0xB0, 0x82, 0x21, 0x7C, 0xE8, 0x11, 0x13, 0x12, 0x1B, 0x5E, 0x8C, 0x2A, 0x42, 0xAA, 0x01, 0x9C,
    0x98, 0xE8, 0xE0, 0xA8, 0xA2, 0xA3, 0xB7, 0xF2, 0xD4, 0xD9, 0x75, 0x1B, 0x3E, 0x99, 0x59, 0x77,
    0xB3, 0xB8, 0xE4, 0x5A, 0x2D, 0x83, 0xB6, 0x0D, 0xDD, 0xE6, 0xAD, 0xE7, 0xD2, 0xB6, 0xA0, 0x56,
    0x95, 0x81, 0x13, 0x1B, 0xAC, 0xEA, 0x08, 0x36, 0xD7, 0xC0, 0x90, 0xEB, 0x6A, 0x5D, 0x6F, 0xB0,
    0x48, 0xD7, 0xF7, 0xF5, 0x44, 0x85, 0xE3, 0x92, 0x96, 0x8F, 0x7D, 0xC1, 0xE7, 0x2B, 0x29, 0x71,
    0x13, 0x15, 0x9E, 0xAB, 0x29, 0xD6, 0x13, 0xE7, 0x78, 0x60, 0x27, 0x28, 0x9B, 0x90, 0xA5, 0xB1,
    0xC2, 0x0A, 0x4C, 0xE0, 0x37, 0xCF, 0x0E, 0xB9, 0x46, 0xD5, 0x99, 0x2A, 0x1B, 0xB9, 0x8E, 0xFA,
    0x6F, 0x07, 0x2F, 0x9C, 0x09, 0x94, 0xBE, 0xE6, 0x30, 0xC9, 0x0E, 0x33, 0xB4, 0x9E, 0xEB, 0xF1,
    0xC6, 0x6C, 0xBA, 0xB1, 0xD1, 0xC3, 0xF7, 0x02, 0xD0, 0x77, 0x83, 0x47, 0x73, 0x9F, 0x82, 0x5A,
    0xA5, 0xF5, 0x55, 0x7C, 0xAB, 0x19, 0x1C, 0x31, 0x53, 0x72, 0xA7, 0xA8, 0x26, 0x98, 0x9C, 0xB3,
    0x96, 0x4C, 0x35, 0x6B, 0xC8, 0x68, 0x36, 0xAB, 0xDC, 0x78, 0x9B, 0x00, 0x87, 0xA9, 0xCD, 0xDA,
    0xC1, 0xB6, 0xB9, 0x1A, 0x23, 0x2A, 0xD5, 0x01, 0x12, 0x09, 0x81, 0x5B, 0xA3, 0x64, 0x33, 0xCF,
    0xA5, 0xBD, 0x39, 0xB6, 0x63, 0xA0, 0x0F, 0x53, 0x42, 0x8C, 0xDC, 0x0B, 0x24, 0x53, 0xD2, 0xDB,
    0xD0, 0xEC, 0x72, 0x54, 0x40, 0xCC, 0xC0, 0xC6, 0x9B, 0xE3, 0x70, 0x0E, 0xEC, 0x49, 0x38, 0x52,
    0x6B, 0x74, 0x1E, 0x1A, 0xAE, 0x49, 0xA7, 0xD8, 0x7E, 0xD1, 0xCD, 0xAE, 0x8F, 0x45, 0x90, 0x83,
    0xD8, 0x48, 0x5B, 0xAD, 0x2B, 0xA2, 0xB3, 0xA1, 0xF4, 0xA8, 0x03, 0x3B, 0xF0, 0xC4, 0xC1, 0xD8,
    0xAC, 0x3C, 0xA7, 0x87, 0xEA, 0xF4, 0xA0, 0x4D, 0xAE, 0x73, 0xE6, 0x88, 0x9E, 0x5C, 0xF3, 0xC1,
    0x81, 0x99, 0x83, 0xB2, 0x43, 0x6A, 0xCF, 0xAC, 0x62, 0x0F, 0x36, 0x57, 0x47, 0x3F, 0xE9, 0xF8,
    0x67, 0xD0, 0xE9, 0xB8, 0x6E, 0xA8, 0x6B, 0x64, 0x36, 0x1D, 0xD7, 0xB5, 0xDD, 0x65, 0x4A, 0xBE,
    0xDB, 0xDE, 0xBA, 0x64, 0xC7, 0xEE, 0x7A, 0xA5, 0x80, 0x1A, 0x06, 0x7A, 0xA6, 0xB9, 0x31, 0x7B,
    0xD0, 0xB9, 0x9D, 0x4E, 0xB1, 0x38, 0x84, 0xF0, 0x0B, 0xCA, 0xD6, 0xC4, 0xC2, 0x85, 0x83, 0x3F,
    0x11, 0x09, 0x8D, 0x7D, 0x10, 0xC9, 0xAA, 0x8D, 0x69, 0x7D, 0x1C, 0x2E, 0xB4, 0x8F, 0x5A, 0xD2,
    0x24, 0x26, 0xCF, 0x1C, 0xBE, 0xED, 0xDA, 0x23, 0x3B, 0xF7, 0x63, 0x58, 0xE7, 0x6F, 0x0C, 0xD8,
    0x3D, 0xB5, 0x8A, 0x0A, 0x26, 0x0A, 0x9C, 0xE2, 0x40, 0x33, 0xE2, 0xFC, 0x35, 0x1B, 0x63, 0xAC,
    0xCD, 0xDA, 0x26, 0x3B, 0x61, 0xC6, 0x11, 0x78, 0xEE, 0x4B, 0x8A, 0xAC, 0xB4, 0xC2, 0x09, 0xFD,
    0x5E, 0x58, 0xCE, 0x9D, 0xAD, 0xD8, 0x15, 0x91, 0x53, 0x6C, 0x1D, 0x94, 0xE8, 0x39, 0x8B, 0x52,
    0x3D, 0xF8, 0x18, 0xAE, 0xE8, 0x55, 0xCB, 0x71, 0x8A, 0x9F, 0xB0, 0x86, 0x3D, 0x8D, 0xAB, 0xCB,
    0x0E, 0x58, 0x63, 0x07, 0x21, 0x2D, 0x8B, 0x74, 0xAF, 0x3D, 0xBC, 0xD2, 0x6A, 0x23, 0x45, 0x6D,
    0x00, 0x63, 0xA2, 0x10, 0x89, 0x2D, 0xE1, 0x56, 0x5A, 0x11, 0x24, 0xCD, 0xF8, 0x8E, 0x4D, 0x38,
    0x66, 0x43, 0x56, 0xDD, 0xD7, 0xF0, 0xE4, 0xE1, 0x4B, 0xDD, 0x72, 0xD0, 0x89, 0x5C, 0xCF, 0x9E,
    0x08, 0x69, 0x64, 0xCE, 0xF5, 0xF4, 0xF0, 0xDC, 0xB5, 0x12, 0xA9, 0x3F, 0x34, 0xF4, 0x7F, 0xD3,
    0xE5, 0x45, 0xE0, 0x57, 0x30, 0xF7, 0x0F, 0x3A, 0x34, 0x69, 0x2C, 0x64, 0x83, 0xCD, 0xB7, 0x3B,
    0x43, 0x26, 0xDF, 0x4B, 0x58, 0xB8, 0xC9, 0x57, 0x86, 0x0F, 0x6E, 0x5B, 0xA1, 0xFB, 0x66, 0x2B,
    0xF8, 0xFB, 0xAC, 0x30, 0xDC, 0x6F, 0x85, 0x38, 0xB0, 0xA9, 0x62, 0x8C, 0x5A, 0xDE, 0x6F, 0x39,
    0xE0, 0x31, 0x79, 0xA5, 0x8C, 0x62, 0xC5, 0xA5, 0x96, 0xD2, 0xB2, 0xB0, 0x74, 0xF2, 0x79, 0x12,
    0x95, 0x97, 0xE2, 0xEF, 0xED, 0x47, 0x37, 0xE5, 0xE5, 0xBC, 0x69, 0xC1, 0x84, 0x1B, 0x99, 0xAE,
    0x9B, 0x78, 0xA4, 0x51, 0x31, 0x50, 0xD0, 0x75, 0x0A, 0x70, 0x5D, 0xDA, 0x14, 0x13, 0x5E, 0x91,
    0xC7, 0x71, 0x98, 0x77, 0x27, 0x1E, 0x2C, 0x26, 0x18, 0x5E, 0x0A, 0xA3, 0xEF, 0x9C, 0x73, 0x3A,
    0x9D, 0x5C, 0xE7, 0x14, 0x48, 0x85, 0xEB, 0x48, 0xE1, 0x19, 0x53, 0x0E, 0xCF, 0x38, 0x17, 0x68,
    0xDD, 0x47, 0x9B, 0x7A, 0x6D, 0xA4, 0x30, 0x0B, 0x4E, 0x97, 0x24, 0x0C, 0x6B, 0x74, 0xED, 0xC8,
    0xC0, 0x35, 0x04, 0xE8, 0x87, 0x94, 0x69, 0x15, 0xF1, 0x89, 0x3A, 0x9E, 0x62, 0xFB, 0xAD, 0x49,
    0x15, 0xFA, 0xC4, 0x8D, 0xCB, 0xA9, 0x38, 0xCE, 0x76, 0x7C, 0xD4, 0x3C, 0xC8, 0xA1, 0xBF, 0x1E,
    0x9A, 0xBD, 0xFA, 0xC1, 0x5D, 0x0F, 0x19, 0xA6, 0xA3, 0x3F, 0x64, 0x52, 0x7C, 0x02, 0x65, 0x7F,
    0x11, 0x97, 0xE3, 0xC8, 0x41, 0xC8, 0xE2, 0x37, 0x30, 0x86, 0x73, 0xE9, 0x3A, 0x10, 0x63, 0xC0,
    0x6B, 0x03, 0x4C, 0xB1, 0x22, 0x35, 0x2C, 0xC2, 0xAD, 0xC7, 0x51, 0x87, 0x34, 0xC2, 0x2B, 0x08,
    0x60, 0xAB, 0xE7, 0x29, 0x87, 0x90, 0x11, 0x70, 0x56, 0x90, 0xE9, 0x6A, 0x00, 0x01, 0x18, 0x61,
    0xBA, 0x40, 0x61, 0xCE, 0x08, 0xD3, 0x40, 0xBE, 0x67, 0x63, 0x65, 0x47, 0xAD, 0x38, 0x03, 0xE7,
    0x31, 0x78, 0xAD, 0xA8, 0x82, 0xA3, 0x77, 0xBF, 0x28, 0xDF, 0xE5, 0xAA, 0xA5, 0x09, 0xC9, 0x87,
    0x87, 0xD7, 0xD3, 0xCD, 0x21, 0xB7, 0x59, 0x53, 0xDD, 0xF6, 0x72, 0xFE, 0x87, 0x0C, 0x77, 0xEB,
    0x0C, 0xF0, 0x86, 0x35, 0x9B, 0x70, 0xEF, 0xA9, 0x75, 0xC9, 0x26, 0xB0, 0xE7, 0x50, 0x90, 0x1F,
    0xBF, 0x9F, 0xBE, 0xD7, 0xF0, 0x3D, 0x63, 0xA7, 0x24, 0x70, 0x6F, 0xF0, 0x3D, 0x95, 0x91, 0xE1,
    0xF7, 0x88, 0xE0, 0xEC, 0x2D, 0xB2, 0xD4, 0xB1, 0x26, 0xC0, 0x41, 0x4B, 0x1D, 0xE1, 0x26, 0xCA,
    0x91, 0x7F, 0xE4, 0xD7, 0x1E, 0xA2, 0x82, 0x40, 0xCE, 0x1E, 0xD8, 0x6A, 0x2F, 0xA8, 0xA1, 0x48,
    0xAB, 0x92, 0x28, 0xE6, 0x9C, 0xCD, 0x17, 0xE1, 0xEB, 0xCB, 0x1F, 0x80, 0x25, 0x1E, 0x99, 0xF0,
    0xAD, 0xE9, 0x3B, 0x34, 0xBC, 0xDD, 0xD4, 0xF0, 0xD5, 0xA3, 0xC8, 0x6F, 0xFD, 0x83, 0x9D, 0x19,
    0x6E, 0x8E, 0xDA, 0x73, 0x7C, 0x6D, 0x79, 0x47, 0xE3, 0x71, 0xEA, 0x24, 0x69, 0x09, 0x0B, 0x98,
    0xA6, 0x0C, 0xB3, 0xA2, 0xCF, 0x61, 0x56, 0x28, 0xA8, 0x57, 0x49, 0xB8, 0x13, 0x43, 0x16, 0x38,
    0x99, 0x09, 0x20, 0x9E, 0x79, 0xD3, 0x89, 0xC7, 0xC3, 0xEC, 0xB2, 0x79, 0x93, 0x1E, 0x11, 0xA3,
    0x5D, 0xEC, 0x3B, 0x7C, 0xC8, 0x49, 0x35, 0x7B, 0x1D, 0xED, 0x7C, 0xCA, 0x48, 0x7E, 0x46, 0x30,
    0xB3, 0xE4, 0x37, 0x9D, 0xB3, 0x80, 0x73, 0x96, 0xF7, 0x38, 0x27, 0xFC, 0x12, 0xE7, 0x48, 0xDF,
    0xE9, 0x9C, 0x3C, 0x8E, 0x2A, 0x6D, 0x34, 0x89, 0x59, 0x9E, 0x2E, 0xBF, 0x23, 0xBB, 0x46, 0x86,
    0xA0, 0x47, 0x40, 0x72, 0x88, 0x86, 0xB4, 0x16, 0x25, 0xD1, 0xD4, 0x1B, 0xCE, 0x54, 0x03, 0x4E,
    0x55, 0x57, 0x9F, 0x46, 0x25, 0x9C, 0xF2, 0xA1, 0x1A, 0x2C, 0x76, 0xA0, 0x5A, 0x07, 0x78, 0x69,
    0xB3, 0xDF, 0xEE, 0xF4, 0x3C, 0x8E, 0xB8, 0x0C, 0x26, 0x0F, 0x1C, 0x00, 0xE8, 0x18, 0x00, 0x2C,
    0xAC, 0x8E, 0xD5, 0xF3, 0x44, 0xD3, 0x62, 0x64, 0x03, 0xF5, 0x4C, 0x34, 0x9F, 0xD8, 0xBE, 0xD7,
    0x2A, 0x53, 0xD8, 0x68, 0x6F, 0xE0, 0x40, 0xA4, 0xDE, 0x8F, 0x73, 0xD4, 0xED, 0xF2, 0x9D, 0x81,
    0xE6, 0xD6, 0xC1, 0xE7, 0xF1, 0x25, 0x82, 0x2C, 0x7E, 0x69, 0xF5, 0xB4, 0xBF, 0xCA, 0xE4, 0xEE,
    0xA8, 0xA7, 0x8D, 0x66, 0xF2, 0xFD, 0x5B, 0x33, 0x39, 0xCF, 0xC1, 0xBE, 0xA1, 0x9E, 0xEA, 0x19,
    0xDF, 0x74, 0xAB, 0x80, 0x5C, 0x06, 0x74, 0xFD, 0x15, 0x6D, 0x0D, 0x6A, 0x9D, 0x24, 0xF9, 0xC8,
    0x0D, 0x9F, 0x23, 0xCB, 0x0D, 0x6C, 0x6B, 0x83, 0x76, 0x43, 0x85, 0xF6, 0xB7, 0xD3, 0x4B, 0x57,
    0xC7, 0x7A, 0x3A, 0xA1, 0x0A, 0x49, 0xBC, 0xE6, 0x18, 0x7D, 0xDD, 0x07, 0xFA, 0x64, 0xD5, 0x7F,
    0x32, 0x17, 0xEA, 0x29, 0x71, 0xA6, 0x67, 0x0F, 0xEF, 0x30, 0x0C, 0x7E, 0x42, 0x98, 0xA1, 0xA7,
    0x59, 0xB9, 0x0D, 0x1A, 0xF9, 0x45, 0x28, 0xED, 0x4C, 0x5D, 0xDE, 0x4B, 0x8E, 0xAE, 0x17, 0x69,
    0xF2, 0x06, 0xCE, 0x01, 0x4C, 0xCA, 0x9E, 0x93, 0x13, 0x09, 0xB7, 0x3F, 0xDE, 0x4C, 0x16, 0x1C,
    0x28, 0xB1, 0x82, 0x8C, 0x72, 0xAB, 0x24, 0xEE, 0xD8, 0x6A, 0xFD, 0xF9, 0x56, 0x74, 0x75, 0xA9,
    0x26, 0x57, 0x80, 0x0D, 0x01, 0xBA, 0xA1, 0xAC, 0x5E, 0x3C, 0x3A, 0xC0, 0xA3, 0x57, 0x78, 0xF4,
    0xE2, 0x79, 0xB2, 0x9C, 0x3C, 0x9A, 0x87, 0xCA, 0x13, 0xE2, 0xFD, 0x4C, 0x8F, 0x46, 0x74, 0x8E,
    0xF0, 0x16, 0x82, 0x2B, 0x36, 0xD1, 0x02, 0x9D, 0x9F, 0x41, 0xE2, 0x5F, 0x6A, 0xCB, 0x16, 0xAD,
    0x59, 0xD3, 0xB8, 0xAF, 0x03, 0x67, 0xC2, 0x9B, 0x8E, 0xD5, 0x60, 0x25, 0xCC, 0x10, 0xC0, 0x03,
    0xB8, 0x2C, 0x62, 0xC5, 0x41, 0x89, 0xE7, 0xF1, 0x6A, 0x37, 0xA5, 0xB3, 0xA6, 0x8C, 0xDD, 0xC5,
    0x29, 0x5E, 0x00, 0xBB, 0x82, 0xFC, 0x94, 0x08, 0xCF, 0xC9, 0x28, 0xF5, 0xA6, 0xB6, 0x41, 0x17,
    0xFB, 0x36, 0x99, 0x3F, 0x21, 0x63, 0xA0, 0x1B, 0x64, 0x42, 0xC0, 0x64, 0x6F, 0x14, 0x39, 0x31,
    0x58, 0xAB, 0x82, 0x8F, 0xEF, 0x02, 0x21, 0x0D, 0xF1, 0x3D, 0xE1, 0x73, 0x8B, 0xC3, 0x53, 0xB0,
    0xBB, 0x77, 0xFC, 0xC2, 0x48, 0xF0, 0x4C, 0xC7, 0x8B, 0xE7, 0xB0, 0x63, 0xF6, 0xFC, 0x8A, 0xC0,
    0xD8, 0x28, 0x9A, 0xAE, 0x69, 0x43, 0x2A, 0x34, 0xDF, 0xF4, 0x0B, 0x3D, 0x03, 0x0E, 0xB1, 0x1D,
    0x0A, 0x98, 0xA0, 0xCA, 0x58, 0xF2, 0x3C, 0xE5, 0x2D, 0x0D, 0xF6, 0x90, 0x0C, 0xAE, 0x27, 0xAA,
    0x4E, 0xC5, 0xE8, 0xB6, 0xAB, 0xA6, 0xC4, 0xC6, 0x39, 0x3A, 0xB1, 0x41, 0x9A, 0x78, 0x46, 0xC4,
    0xFC, 0x15, 0x7D, 0x7C, 0xD4, 0x6F, 0xB0, 0xA0, 0x9D, 0xDF, 0xAC, 0xE7, 0x2D, 0xD9, 0x17, 0x43,
    0xB7, 0x1B, 0xAA, 0x53, 0xA3, 0x01, 0x64, 0xDF, 0x75, 0x39, 0xB1, 0xC7, 0xCF, 0xC9, 0xF8, 0x9B,
    0x64, 0xF8, 0x3D, 0xF2, 0xFB, 0x54, 0xC7, 0x27, 0x8B, 0xD3, 0x2F, 0x9D, 0x38, 0x97, 0xD8, 0x69,
    0x0D, 0x57, 0x6B, 0xDF, 0x97, 0x42, 0x58, 0x4B, 0x8D, 0x0D, 0xBD, 0xFB, 0xD4, 0xAB, 0x58, 0xF4,
    0x37, 0x97, 0x96, 0xDD, 0x2A, 0x90, 0x8B, 0x96, 0xD1, 0x56, 0x1E, 0xE8, 0xE8, 0x29, 0x8A, 0xF6,
    0x7F, 0x3C, 0xD3, 0xB8, 0xFA, 0xC2, 0xCA, 0x64, 0x8D, 0x99, 0x4E, 0xB3, 0x83, 0x75, 0x65, 0xFC,
    0x82, 0x5B, 0x93, 0xBE, 0xC2, 0xA1, 0xB3, 0xBF, 0x4E, 0x07, 0x37, 0xEE, 0x23, 0x9E, 0xAE, 0xEA,
    0x14, 0x33, 0x70, 0x62, 0x4E, 0x07, 0xDF, 0xF5, 0x0B, 0x75, 0xB0, 0x43, 0xFA, 0x6B, 0x16, 0x8B,
    0x8D, 0xF1, 0x28, 0xD9, 0x43, 0x1A, 0xEB, 0x5C, 0xFD, 0x9D, 0xD8, 0xD9, 0x68, 0x9C, 0x68, 0xBC,
    0x4C, 0x9C, 0x93, 0xB2, 0xB4, 0xE1, 0xDB, 0x1E, 0xC5, 0xC8, 0x96, 0x4C, 0xCB, 0x96, 0x55, 0xAE,
    0x54, 0xB6, 0xAC, 0x72, 0x59, 0xC5, 0x4B, 0x45, 0xCF, 0x2A, 0x9E, 0x15, 0xBD, 0xEF, 0x7A, 0xD4,
    0x95, 0xBD, 0xA3, 0xE7, 0xE0, 0x80, 0xC0, 0x47, 0x55, 0x52, 0x7E, 0xEB, 0x2F, 0x09, 0x58, 0x6E,
    0x3A, 0x80, 0xE2, 0x37, 0x64, 0x00, 0x58, 0x87, 0x85, 0x73, 0x08, 0x02, 0x13, 0x6B, 0xB5, 0x86,
    0xF3, 0x95, 0x70, 0x23, 0x85, 0xC2, 0x92, 0x38, 0x45, 0xE0, 0x13, 0xF2, 0xD1, 0x6F, 0xF5, 0xFB,
    0x6A, 0x95, 0x54, 0xD0, 0xAD, 0x99, 0xEA, 0x34, 0xFB, 0xEA, 0xBB, 0x4F, 0xF0, 0x65, 0xB2, 0x56,
    0x54, 0xF7, 0x5F, 0xD5, 0x5B, 0xBD, 0xB3, 0xDC, 0xD4, 0x15, 0xBF, 0x92, 0x08, 0x72, 0xAC, 0x99,
    0x28, 0x45, 0x98, 0x64, 0x06, 0x32, 0xA2, 0xA0, 0x24, 0xA3, 0x86, 0x82, 0xCC, 0x80, 0xAF, 0x9E,
    0x5D, 0xA4, 0xA0, 0xA1, 0x08, 0x75, 0xF2, 0x1F, 0x38, 0x45, 0x8A, 0x14, 0x04, 0x89, 0x71, 0xE1,
    0x82, 0xC2, 0xFE, 0x0F, 0x42, 0x41, 0x95, 0x06, 0x8A, 0x14, 0x14, 0xCE, 0x48, 0x84, 0x82, 0x56,
    0x43, 0x8A, 0x14, 0x29, 0x50, 0x32, 0xF4, 0x16, 0x89, 0x32, 0xC8, 0x20, 0xE9, 0xE4, 0xFC, 0x7E,
    0xE7, 0x6A, 0x77, 0xDF, 0x03, 0x37, 0x99, 0xD8, 0x7E, 0xBC, 0xB7, 0x3E, 0xDA, 0xB7, 0x2B, 0xDD,
    0x7B, 0xBE, 0x3F, 0xAF, 0x5D, 0xD1, 0xBB, 0x7A, 0x74, 0x62, 0x2F, 0x7D, 0x5F, 0xB9, 0xC3, 0xCF,
    0xE6, 0xA2, 0xD5, 0x25, 0x7C, 0xA5, 0x8B, 0xCB, 0xF9, 0x2A, 0x16, 0x57, 0x2E, 0xCE, 0xCF, 0x78,
    0xD5, 0x93, 0x6B, 0xF7, 0x47, 0x9D, 0xCB, 0x27, 0x80, 0x31, 0x80, 0x48, 0xA4, 0x72, 0xB9, 0xE8,
    0x37, 0xAD, 0xC8, 0x14, 0x8B, 0xC8, 0x90, 0xCA, 0xFD, 0xBA, 0xC9, 0xA5, 0xBC, 0xAA, 0x2B, 0x78,
    0xE7, 0xFC, 0x74, 0x4D, 0xC1, 0xF8, 0xAA, 0xD3, 0xFD, 0xDF, 0x04, 0xB8, 0xA7, 0x60, 0x5E, 0x5E,
    0x72, 0x7E, 0xDB, 0x74, 0x07, 0x91, 0xCD, 0x15, 0xFA, 0x98, 0xCB, 0x44, 0x16, 0x2C, 0xD7, 0x5F,
    0xDC, 0x42, 0x37, 0x69, 0x67, 0x85, 0x7A, 0x57, 0xE3, 0xB0, 0x4D, 0xEF, 0xB0, 0x4F, 0xE7, 0x12,
    0x3C, 0xAB, 0x9B, 0xBF, 0xAD, 0xB7, 0xE7, 0x2B, 0x6E, 0x2C, 0xE6, 0x0B, 0x30, 0xE1, 0x8D, 0x29,
    0xA1, 0x6E, 0x80, 0x05, 0x94, 0x38, 0x77, 0x01, 0x4E, 0xBC, 0x1F, 0x5B, 0x65, 0xB2, 0x55, 0x1F,
    0xBA, 0x5A, 0x80, 0x0B, 0xE0, 0x06, 0x04, 0x65, 0x75, 0xD7, 0xAA, 0x9B, 0x72, 0x77, 0xE7, 0xD7,
    0x0F, 0x5D, 0x54, 0xB9, 0x7B, 0x2E, 0xEB, 0xB0, 0xFA, 0xA8, 0xC4, 0xCB, 0x8C, 0xB5, 0x07, 0xFC,
    0x59, 0x25, 0x72, 0x4B, 0x5C, 0xBA, 0x45, 0x52, 0x65, 0x4B, 0x24, 0xBA, 0x43, 0xA2, 0xA4, 0x6D,
    0xF9, 0x06, 0x26, 0xAD, 0x5C, 0xCD, 0x09, 0xEE, 0xF3, 0xF7, 0xBF, 0x5E, 0x5D, 0xE1, 0xDC, 0xE8,
    0x9E, 0xC2, 0x9A, 0xB5, 0x62, 0xE2, 0x57, 0xAF, 0xF4, 0xC8, 0x54, 0x88, 0xE2, 0x3D, 0xE4, 0xD2,
    0x64, 0xD2, 0xA5, 0xD2, 0xD9, 0x9F, 0x35, 0x98, 0x33, 0x8A, 0xA2, 0x2A, 0x5F, 0x83, 0x47, 0x35,
    0x89, 0xD1, 0xF5, 0xC8, 0x19, 0xD0, 0x91, 0x53, 0x3C, 0xCF, 0x2A, 0xA5, 0x27, 0x04, 0x77, 0xA0,
    0x89, 0x44, 0x0A, 0x01, 0xC4, 0x45, 0x76, 0x3B, 0x57, 0x92, 0x65, 0x25, 0x59, 0xE0, 0x0D, 0x92,
    0x71, 0x19, 0x10, 0x06, 0x43, 0x0F, 0x6A, 0x50, 0xAA, 0x1A, 0x4C, 0x2A, 0x43, 0x68, 0x10, 0x34,
    0x61, 0x80, 0x06, 0x9D, 0xFF, 0x51, 0x2A, 0x53, 0xC8, 0xD0, 0xE5, 0xE7, 0x1F, 0xF5, 0xE7, 0x1F,
    0x75, 0xEE, 0x69, 0xC1, 0x26, 0x1E, 0x78, 0xA8, 0xB0, 0x75, 0x9D, 0x24, 0xE0, 0x7A, 0x26, 0x94,
    0xE2, 0x73, 0x0E, 0x4B, 0x10, 0xD7, 0x8E, 0xC8, 0xAC, 0x26, 0xC6, 0x41, 0x51, 0x85, 0x54, 0x9C,
    0x7C, 0xA9, 0x52, 0x89, 0xA5, 0x29, 0xC1, 0x96, 0x2A, 0x03, 0xEC, 0x14, 0xDF, 0x44, 0xD6, 0x9B,
    0x0B, 0x17, 0xD3, 0xF5, 0x85, 0xF7, 0x1B, 0x73, 0x62, 0x32, 0x4A, 0x89, 0xEE, 0xB8, 0x90, 0xAA,
    0x4D, 0x17, 0x2B, 0xCC, 0x1F, 0xA4, 0x8A, 0x02, 0xE5, 0x11, 0x16, 0xCE, 0x84, 0x0C, 0x6C, 0x37,
    0x35, 0x8D, 0xA2, 0x2F, 0xBA, 0x7A, 0xAC, 0x47, 0xB1, 0xDF, 0x41, 0x7A, 0xE9, 0xEA, 0x0A, 0x46,
    0x13, 0xB5, 0xC6, 0x36, 0xEE, 0xA0, 0x68, 0x3C, 0xBB, 0x98, 0x96, 0xEA, 0x32, 0x5E, 0xBF, 0xF6,
    0x8D, 0x5B, 0x5C, 0x3B, 0xE4, 0x5D, 0x3C, 0x66, 0xB2, 0xA4, 0x7D, 0xDA, 0x7B, 0x59, 0x12, 0xFD,
    0x5B, 0x17, 0x4F, 0xC6, 0xE2, 0x4C, 0xFA, 0x77, 0x93, 0xB1, 0x54, 0x6E, 0xB9, 0x64, 0xF4, 0x89,
    0x12, 0x9A, 0x0C, 0xD7, 0x52, 0xBD, 0xA4, 0xDD, 0xB5, 0x54, 0xAE, 0x37, 0x59, 0x77, 0x4D, 0x49,
    0xE8, 0xF2, 0xC6, 0x2B, 0xDA, 0x9D, 0x77, 0x5E, 0x49, 0xE9, 0xFF, 0xEC, 0x8A, 0xA6, 0xD8, 0xE2,
    0xD9, 0xE5, 0xCA, 0xF5, 0x6C, 0x70, 0x89, 0x52, 0x58, 0x37, 0xCA, 0xBE, 0xBB, 0xD8, 0x1C, 0x34,
    0xF4, 0xA4, 0xF3, 0x01, 0xE0, 0xD6, 0x56, 0x2A, 0x65, 0xE0, 0xE7, 0xFC, 0xA7, 0xE2, 0xDA, 0xB3,
    0xCD, 0x49, 0xBC, 0x3A, 0x79, 0x6D, 0x71, 0xA0, 0xB2, 0xD5, 0x7F, 0xFE, 0xEB, 0xD9, 0x7D, 0x8F,
    0x76, 0xD5, 0xB9, 0xDE, 0xA5, 0x93, 0xAE, 0x57, 0xCC, 0x2A, 0xB1, 0x7A, 0xF4, 0x63, 0x24, 0x1D,
    0x94, 0x4E, 0x11, 0x2C, 0x16, 0x95, 0x86, 0x9F, 0x54, 0x80, 0xE5, 0x52, 0xC2, 0x27, 0xE8, 0x9F,
    0xD9, 0x96, 0x82, 0xDF, 0xCA, 0xF7, 0x48, 0x1A, 0x65, 0x62, 0xAB, 0xBF, 0xEE, 0x25, 0xFD, 0x05,
    0x1F, 0xA5, 0x21, 0xAC, 0x60, 0x37, 0x02, 0x3B, 0x0D, 0xAA, 0x4E, 0xF5, 0xCB, 0x4C, 0xA6, 0xEB,
    0x45, 0xDB, 0x2B, 0x0C, 0x4E, 0xC0, 0xBF, 0x07, 0x2D, 0xAA, 0xE6, 0x9B, 0xAA, 0x42, 0x3A, 0xB8,
    0xB2, 0xCA, 0xEF, 0x48, 0xDE, 0x95, 0xB9, 0xDC, 0xEE, 0x5E, 0x29, 0x7E, 0x75, 0xAB, 0xBB, 0x57,
    0x4A, 0xD2, 0x7D, 0xE8, 0xD7, 0xB4, 0x9B, 0xFD, 0xBD, 0xBC, 0x99, 0xAF, 0xBD, 0x55, 0xB8, 0x7B,
    0xBF, 0xF7, 0xAF, 0x2A, 0x97, 0x22, 0xC5, 0x72, 0x28, 0x06, 0xC8, 0x50, 0x85, 0xD0, 0x4E, 0x14,
    0x10, 0xF0, 0xA9, 0xA8, 0x04, 0xB5, 0x32, 0x4D, 0x57, 0x26, 0x63, 0x06, 0x65, 0x4C, 0xD7, 0xAA,
    0xA0, 0xF4, 0xFA, 0xF1, 0xCA, 0x1D, 0x0B, 0x95, 0x25, 0xB4, 0xC1, 0xB9, 0xAB, 0xEF, 0xED, 0x38,
    0x95, 0x54, 0x53, 0x78, 0x06, 0x55, 0x5E, 0xA8, 0x95, 0x00, 0x6C, 0xB0, 0xA9, 0x35, 0x13, 0xD3,
    0x44, 0x68, 0x14, 0x40, 0x04, 0x0D, 0x8B, 0xA9, 0x66, 0x6F, 0x04, 0x7B, 0x00, 0x2B, 0x06, 0x70,
    0x62, 0x00, 0x23, 0x7A, 0xA1, 0x92, 0x97, 0x43, 0x24, 0x8B, 0xAA, 0x45, 0xFE, 0xE5, 0x12, 0xDF,
    0x5A, 0x5C, 0xA6, 0x86, 0xD1, 0xAB, 0xA3, 0xC8, 0xD5, 0x46, 0x64, 0xAC, 0xF9, 0x7A, 0xE6, 0x0D,
    0xF5, 0x20, 0x73, 0x22, 0x53, 0xAA, 0xA6, 0x5E, 0xF6, 0xEA, 0x9B, 0x53, 0x69, 0x52, 0x19, 0xA3,
    0x7C, 0x7C, 0xAA, 0x18, 0xBD, 0xF4, 0xAD, 0x6A, 0x3E, 0xB9, 0xE8, 0xAE, 0xEA, 0x2E, 0xD8, 0x55,
    0x1D, 0x45, 0x3D, 0x43, 0x21, 0x5E, 0x36, 0x64, 0x75, 0xA3, 0x1A, 0x72, 0x54, 0x7B, 0x83, 0xA2,
    0xC3, 0x2F, 0x35, 0x6A, 0xB0, 0x2A, 0x34, 0xFD, 0x4A, 0x05, 0x1B, 0x41, 0xC0, 0xFA, 0x60, 0x47,
    0xDB, 0x69, 0x68, 0x3B, 0x55, 0x0E, 0x08, 0xF9, 0xA4, 0x90, 0x3C, 0x0C, 0xD9, 0x83, 0x5F, 0x1F,
    0xA9, 0x35, 0xD1, 0xC1, 0x11, 0x4E, 0x70, 0x1D, 0x6A, 0xC8, 0xA5, 0xCC, 0xBA, 0x8F, 0x79, 0x0B,
    0xB2, 0x08, 0xDB, 0xC2, 0x89, 0x11, 0xD2, 0xCC, 0xDD, 0x33, 0x16, 0x60, 0x8C, 0x55, 0xE0, 0xC1,
    0x4C, 0x26, 0xCE, 0x39, 0xF8, 0x32, 0xA9, 0x74, 0xFA, 0x56, 0xC9, 0x51, 0x6D, 0x33, 0x08, 0x36,
    0x19, 0x7C, 0x5B, 0x3A, 0x85, 0xD7, 0xD5, 0xDE, 0xC0, 0xF2, 0xCE, 0x03, 0x36, 0x05, 0x61, 0x22,
    0xD0, 0x3F, 0xC5, 0x12, 0x2E, 0x4D, 0xF5, 0x13, 0xA6, 0xBB, 0xC0, 0x5B, 0x78, 0x83, 0x33, 0x24,
    0xE7, 0x27, 0xB8, 0x34, 0xD5, 0xE5, 0x05, 0xA8, 0x00, 0x49, 0x01, 0x7C, 0xBA, 0x2F, 0xF5, 0xD2,
    0x4E, 0xFA, 0x51, 0xA7, 0x1E, 0x77, 0x56, 0x9B, 0x5C, 0x4A, 0x89, 0x55, 0x45, 0xB3, 0xB5, 0x9D,
    0xDB, 0xC6, 0x3D, 0x13, 0x4B, 0xB9, 0xD5, 0xAB, 0x5F, 0x7E, 0xBC, 0x24, 0x4B, 0x3A, 0x67, 0x53,
    0x3E, 0xE2, 0x57, 0x95, 0xAA, 0x55, 0x0E, 0xEA, 0x66, 0x9B, 0xFF, 0x87, 0xF8, 0x4E, 0xEA, 0x33,
    0x69, 0x6F, 0xAF, 0x5E, 0xE6, 0x52, 0x43, 0x9D, 0xEE, 0xFA, 0xA2, 0xBA, 0x2C, 0x8D, 0x9F, 0xE0,
    0x5F, 0xBC, 0xDB, 0x85, 0x92, 0xD0, 0xD3, 0x9C, 0x76, 0x03, 0x2A, 0x4E, 0xAC, 0x0B, 0xF6, 0x63,
    0xE6, 0xE4, 0xC7, 0x52, 0x85, 0xDC, 0x69, 0x68, 0x4E, 0x5D, 0xA2, 0xFC, 0x4A, 0xC9, 0x51, 0xC4,
    0x5B, 0xD7, 0xAA, 0x62, 0x8C, 0x54, 0x2C, 0xBD, 0x60, 0x9B, 0xFB, 0x23, 0x2D, 0x46, 0xD1, 0x01,
    0xAF, 0x55, 0x33, 0xA0, 0x78, 0x25, 0xE4, 0xA9, 0x24, 0x77, 0xD9, 0xCA, 0x4B, 0x09, 0x61, 0xD4,
    0x8D, 0xAA, 0xBB, 0xAE, 0x70, 0x46, 0x85, 0x84, 0x58, 0xDB, 0x0A, 0xE6, 0x16, 0xF3, 0xD6, 0x91,
    0xE1, 0x40, 0x3A, 0x75, 0x9F, 0xAA, 0x03, 0x55, 0xAB, 0x4B, 0x67, 0x6B, 0xBC, 0xAE, 0x08, 0x98,
    0xF9, 0x17, 0xE0, 0xDC, 0x50, 0x0A, 0x49, 0xC0, 0x05, 0x7E, 0x40, 0x0D, 0x09, 0x3B, 0xE7, 0x74,
    0xE3, 0xF4, 0x75, 0x8F, 0x08, 0xCF, 0x58, 0x88, 0x67, 0x41, 0x47, 0xA0, 0xC6, 0x30, 0x00, 0xCF,
    0x5A, 0x57, 0xD2, 0x2F, 0xAE, 0x94, 0x1A, 0x23, 0xF4, 0x61, 0x15, 0x94, 0x06, 0x76, 0x38, 0x4E,
    0x7D, 0x18, 0x6E, 0x03, 0x7A, 0xDE, 0x80, 0xC8, 0xC4, 0xF0, 0x4C, 0x60, 0xF3, 0xB4, 0x58, 0x17,
    0xFF, 0xF1, 0x3D, 0x5B, 0x18, 0xFE, 0x72, 0xC0, 0x45, 0xF1, 0x8C, 0xDF, 0xC7, 0x97, 0x0E, 0x3C,
    0xC1, 0xDD, 0xEA, 0xEC, 0x79, 0xF7, 0x80, 0x85, 0xF4, 0x3B, 0xC3, 0x61, 0xC4, 0x56, 0x2A, 0x5F,
    0xE4, 0x10, 0xB5, 0xE2, 0x30, 0xE0, 0x62, 0xA6, 0xFE, 0xFA, 0xB7, 0xF2, 0xB3, 0xED, 0x4F, 0xF8,
    0x99, 0x6E, 0xC9, 0x09, 0x3F, 0x55, 0xC8, 0x07, 0x7E, 0xAA, 0x06, 0xD3, 0x31, 0x05, 0x7E, 0x82,
    0x0D, 0xCC, 0x70, 0xD2, 0x69, 0x77, 0x88, 0x0C, 0xC7, 0x8C, 0xC6, 0x34, 0xAC, 0xE2, 0x7C, 0x9C,
    0x2D, 0xC0, 0xA9, 0x9A, 0x31, 0xBD, 0x83, 0x8F, 0xE9, 0x10, 0x43, 0x1B, 0xB5, 0xD9, 0xCF, 0x43,
    0x80, 0xB7, 0xC7, 0x67, 0xF7, 0x81, 0x3E, 0x1E, 0xAB, 0xA7, 0x57, 0x66, 0x5A, 0x8C, 0xF3, 0x42,
    0x3F, 0x47, 0x47, 0xB7, 0xBB, 0x48, 0xFC, 0x70, 0xFD, 0x64, 0x31, 0x53, 0x6D, 0x0E, 0x59, 0x44,
    0x64, 0x46, 0x9C, 0x76, 0x17, 0xC2, 0xBC, 0xB9, 0xF1, 0x42, 0xCC, 0xC5, 0xD1, 0xDA, 0x09, 0xB9,
    0xA6, 0x45, 0xDA, 0x94, 0x49, 0x47, 0xBE, 0x51, 0xEE, 0x0B, 0xF1, 0x1C, 0x21, 0xD1, 0x76, 0xD0,
    0xCD, 0x61, 0x00, 0x60, 0x77, 0xA5, 0xEB, 0x2B, 0xE3, 0xD4, 0x61, 0x98, 0x5F, 0x29, 0xE9, 0x63,
    0x3C, 0x9D, 0x05, 0xDC, 0xC4, 0x02, 0xFF, 0x55, 0x2E, 0xF0, 0x59, 0x05, 0xAD, 0x3D, 0xDF, 0x10,
    0x3B, 0xF2, 0x0D, 0xAC, 0x21, 0xA5, 0xCE, 0xBD, 0x7B, 0xC8, 0xDA, 0x22, 0x4B, 0x4C, 0x85, 0x5C,
    0xB4, 0x40, 0xD3, 0xB8, 0xCB, 0x8B, 0x39, 0xF9, 0x9C, 0x11, 0xE7, 0x9A, 0x99, 0x9B, 0xDC, 0x06,
    0x72, 0xBF, 0x73, 0x7F, 0xBA, 0xB4, 0x38, 0x67, 0xA3, 0x07, 0xD2, 0x9A, 0xA1, 0x56, 0xDC, 0x5F,
    0xC8, 0x75, 0x22, 0x9F, 0x2C, 0x94, 0xC1, 0xB7, 0xFF, 0x18, 0x05, 0x81, 0x84, 0x40, 0x43, 0x20,
    0xC2, 0xA8, 0xD8, 0xD3, 0x33, 0xA3, 0x23, 0x10, 0x12, 0x28, 0x09, 0xA4, 0x18, 0x2D, 0x81, 0x98,
    0x40, 0x4D, 0x20, 0x27, 0xD0, 0x13, 0x08, 0x0A, 0x14, 0x19, 0x49, 0xCE, 0x68, 0x72, 0x46, 0x94,
    0x33, 0xAA, 0x9C, 0x91, 0xE5, 0x8E, 0xB2, 0x08, 0x49, 0x9D, 0x06, 0xBA, 0x0E, 0x6B, 0x7F, 0x7C,
    0xEE, 0x82, 0x67, 0xD5, 0xB7, 0x47, 0xEB, 0x77, 0x90, 0x30, 0x78, 0x45, 0x47, 0xC7, 0xB6, 0xDB,
    0x74, 0xF1, 0x09, 0xA0, 0xBF, 0x41, 0xF8, 0xCE, 0xC8, 0x24, 0xB6, 0xE7, 0xB7, 0xD5, 0x5E, 0x1F,
    0x5C, 0x12, 0xCB, 0x0E, 0xE4, 0xBA, 0x9D, 0xE2, 0x50, 0xC8, 0xD9, 0xBB, 0x5C, 0x8C, 0x27, 0x76,
    0x1B, 0x6D, 0x5E, 0x51, 0x0D, 0x22, 0x8A, 0xF7, 0x07, 0x15, 0xD9, 0xF7, 0xC3, 0xBB, 0x42, 0x2C,
    0x53, 0x41, 0x91, 0xE5, 0x43, 0x3A, 0xCA, 0xAC, 0x63, 0xB3, 0x82, 0xA0, 0x16, 0x3E, 0xAD, 0x6C,
    0x68, 0xED, 0x69, 0xBF, 0x3A, 0xB2, 0xCD, 0xB6, 0xEF, 0xC3, 0xBA, 0x26, 0x47, 0x26, 0x34, 0xF6,
    0xAE, 0x38, 0xBC, 0xD3, 0xF4, 0x2B, 0x61, 0x99, 0x18, 0x89, 0xE5, 0x8A, 0x8B, 0x15, 0x1A, 0x7C,
    0x07, 0x9A, 0x52, 0xBE, 0xD3, 0x75, 0xF9, 0xF8, 0xCC, 0x32, 0xE8, 0x01, 0xCD, 0x3F, 0xDC, 0xC6,
    0xCC, 0x2A, 0x24, 0x4A, 0x9A, 0x25, 0x6C, 0x55, 0xAB, 0x11, 0x53, 0x59, 0xA8, 0x4F, 0x37, 0x47,
    0xB1, 0xAC, 0xC7, 0x52, 0xAD, 0x26, 0x49, 0xE6, 0xC5, 0x03, 0xB4, 0x4F, 0xEC, 0x5B, 0xBD, 0x5F,
    0x43, 0x80, 0x0C, 0xD9, 0x4C, 0x01, 0x30, 0xF5, 0x55, 0xFC, 0x0C, 0x23, 0xAB, 0xA1, 0x15, 0x15,
    0x3C, 0x11, 0xF1, 0xB1, 0x74, 0x3B, 0x46, 0x00, 0xD7, 0x1A, 0x51, 0x0D, 0xE9, 0xAE, 0x8E, 0x1B,
    0x87, 0x58, 0xF4, 0xDB, 0xD0, 0x34, 0x38, 0xA8, 0x57, 0x2A, 0x27, 0x28, 0x45, 0x17, 0x9C, 0x41,
    0xC9, 0x5A, 0xCC, 0x93, 0x91, 0x9E, 0x0C, 0xAB, 0x09, 0x5B, 0x83, 0xA3, 0x49, 0x83, 0x70, 0xA0,
    0x53, 0xE9, 0x03, 0xBB, 0x27, 0x42, 0xE3, 0xE7, 0x0E, 0x53, 0x2E, 0x66, 0x05, 0x6D, 0x28, 0x6B,
    0xB7, 0x23, 0x2C, 0x78, 0x4F, 0x49, 0xE8, 0x0F, 0x70, 0x08, 0xD0, 0xD1, 0xC5, 0x02, 0xDD, 0x65,
    0x2F, 0xB8, 0x03, 0xE6, 0x09, 0xC9, 0x4E, 0x2E, 0x96, 0xB4, 0x97, 0x09, 0xF3, 0xDA, 0xD6, 0x0E,
    0x6D, 0x10, 0x08, 0xE3, 0x9F, 0x90, 0xCC, 0xCF, 0xF4, 0xF7, 0xB2, 0xE2, 0x5C, 0x76, 0x9A, 0xB2,
    0xA9, 0x6F, 0x68, 0x91, 0xC6, 0x8D, 0xD8, 0x54, 0x06, 0x4B, 0xE9, 0x60, 0x34, 0xAC, 0x1C, 0x2F,
    0x29, 0xE6, 0x19, 0x6F, 0x1D, 0x76, 0xC5, 0xAF, 0xAD, 0xA3, 0x02, 0x43, 0x28, 0x4F, 0x31, 0xF6,
    0xD8, 0xBB, 0x0E, 0xAD, 0xAF, 0xD1, 0x49, 0x00, 0x83, 0x61, 0x48, 0x04, 0x63, 0x8B, 0x23, 0x47,
    0xD0, 0x00, 0x9F, 0x2A, 0x20, 0x65, 0x2D, 0x19, 0xA0, 0x54, 0x6C, 0xA7, 0xA9, 0x1F, 0x73, 0x35,
    0x1F, 0xDC, 0xE6, 0xE9, 0x16, 0xD0, 0xD8, 0x2A, 0x98, 0x26, 0x33, 0x40, 0xA2, 0x46, 0xBB, 0xFB,
    0xB9, 0x7B, 0xD2, 0xA8, 0xA5, 0x4C, 0xED, 0x75, 0x99, 0x98, 0x59, 0xE6, 0x56, 0x8E, 0x2E, 0xEE,
    0xE3, 0xEE, 0xC9, 0x62, 0x15, 0x2F, 0x9A, 0x05, 0x67, 0x1B, 0xFA, 0x59, 0xE8, 0xC1, 0x15, 0x6B,
    0x81, 0xDE, 0x94, 0x66, 0xDA, 0xD9, 0x98, 0x8D, 0x4F, 0x16, 0x35, 0xD5, 0xBF, 0x07, 0x21, 0x88,
    0x75, 0x2E, 0xE8, 0x61, 0xE8, 0x3C, 0x86, 0xE6, 0x89, 0xEA, 0x7B, 0xD4, 0xF2, 0xA2, 0x2A, 0x5B,
    0x39, 0x6A, 0x74, 0x03, 0x5C, 0x52, 0x16, 0xC4, 0x5A, 0x4C, 0x34, 0xBA, 0x48, 0x95, 0xB2, 0xD1,
    0x01, 0x0D, 0xF5, 0x6C, 0xA3, 0x52, 0x57, 0x73, 0xBE, 0x73, 0xE5, 0x46, 0xCC, 0x6A, 0x86, 0xA1,
    0x48, 0x11, 0x00, 0x13, 0xB8, 0x9E, 0x35, 0x24, 0x64, 0xEF, 0x7F, 0xED, 0x59, 0x86, 0xA1, 0x12,
    0xE2, 0xA5, 0xEF, 0x36, 0x9A, 0xDA, 0x7F, 0xCC, 0x4B, 0xF2, 0xE3, 0xD0, 0x25, 0xCB, 0x87, 0xB6,
    0x79, 0x48, 0xCE, 0xC7, 0xF2, 0x7B, 0xA2, 0xED, 0xB4, 0x23, 0x73, 0x09, 0x7D, 0xA2, 0x46, 0x85,
    0xA8, 0xA5, 0x34, 0x1B, 0x12, 0x7A, 0x19, 0x40, 0x87, 0x2E, 0xC5, 0x0E, 0x05, 0x7A, 0x03, 0x1D,
    0xD2, 0x49, 0xA5, 0x48, 0xB5, 0x67, 0xE3, 0xE5, 0x0F, 0x48, 0xBF, 0x12, 0xB9, 0x23, 0x9F, 0xA0,
    0xB6, 0xBB, 0x21, 0x7F, 0x07, 0x61, 0xD7, 0xE5, 0xEB, 0x0D, 0x84, 0x21, 0x78, 0x67, 0xC2, 0xB8,
    0x9F, 0x0B, 0x7B, 0x38, 0x4A, 0x58, 0x89, 0x12, 0x07, 0x1F, 0xA0, 0xE2, 0xD6, 0x9B, 0x67, 0x48,
    0x20, 0x51, 0xA2, 0xFD, 0xCC, 0xC8, 0x6C, 0xBD, 0x00, 0xA0, 0xF8, 0xD3, 0x9D, 0x3E, 0x8B, 0xF2,
    0x73, 0x08, 0xF6, 0xBC, 0x3C, 0x6B, 0x99, 0x9D, 0x7B, 0xF3, 0x9B, 0x94, 0x59, 0xEF, 0x12, 0xD2,
    0x09, 0x3D, 0xD6, 0x90, 0xA1, 0x1D, 0x24, 0xA6, 0x91, 0xFB, 0xAC, 0x05, 0xD6, 0x5A, 0x9B, 0xB2,
    0x31, 0x03, 0x33, 0x45, 0xF0, 0x46, 0x23, 0x63, 0x39, 0xBD, 0xC0, 0x68, 0xF5, 0x82, 0xD0, 0xAD,
    0xE2, 0xC2, 0x45, 0xE9, 0x40, 0x08, 0x57, 0xF5, 0x41, 0x0C, 0x57, 0x89, 0xD5, 0x9B, 0xAE, 0x07,
    0xBD, 0xE9, 0x8B, 0xE0, 0xAE, 0xD0, 0xB6, 0x34, 0x89, 0x85, 0x3E, 0x27, 0xB6, 0xB5, 0x62, 0xE2,
    0xF3, 0x80, 0xE2, 0x55, 0xC2, 0x48, 0x4E, 0xB3, 0xD3, 0x40, 0x58, 0x88, 0x81, 0x93, 0xFB, 0x2E,
    0x12, 0x96, 0x9B, 0x8C, 0xDA, 0xCD, 0x9D, 0xE4, 0xD4, 0x73, 0x8B, 0x20, 0x90, 0x36, 0x59, 0xF5,
    0x1D, 0xA4, 0xA8, 0x45, 0x1B, 0x57, 0x57, 0xFC, 0xAB, 0xD5, 0xAE, 0x62, 0x09, 0xB9, 0x95, 0x07,
    0x1F, 0x6D, 0x0F, 0xAD, 0xA8, 0x2E, 0x3D, 0x61, 0xE9, 0x98, 0xB2, 0xDA, 0x58, 0x0A, 0xF3, 0x81,
    0xD6, 0xCC, 0x98, 0x99, 0x83, 0xFB, 0x91, 0x8D, 0xC2, 0xA2, 0x2F, 0xFA, 0xEF, 0x1C, 0x61, 0x2F,
    0xA1, 0xCF, 0xA7, 0x0F, 0xEA, 0x92, 0x6C, 0xBA, 0xDE, 0x81, 0x03, 0x46, 0x0D, 0x41, 0x4C, 0x6B,
    0xF3, 0x9C, 0xB4, 0xB6, 0xC6, 0xE6, 0x15, 0x05, 0x1D, 0xFE, 0x82, 0xCD, 0xC6, 0x52, 0x5D, 0x52,
    0x93, 0xF7, 0x6A, 0x9E, 0xC9, 0x4E, 0xEF, 0x5D, 0x74, 0x59, 0xB6, 0xEB, 0xB3, 0x0B, 0x99, 0x48,
    0x24, 0x87, 0xA1, 0x8D, 0xFA, 0xEF, 0x80, 0x51, 0x2D, 0x77, 0x51, 0xA4, 0x29, 0x3A, 0xAD, 0x8C,
    0x4A, 0xB9, 0x7A, 0xC7, 0x31, 0x95, 0x2E, 0x9B, 0x31, 0x77, 0x42, 0x2F, 0x1B, 0x97, 0xB6, 0x91,
    0xB1, 0xD8, 0xD0, 0xE4, 0x1F, 0xCB, 0x35, 0x9B, 0x22, 0x19, 0xCA, 0xB5, 0xEC, 0x95, 0x01, 0xE5,
    0xD6, 0x6A, 0x74, 0xE8, 0x4A, 0xAB, 0x42, 0x40, 0x68, 0x8D, 0x78, 0x30, 0x21, 0xED, 0xE5, 0x3E,
    0xA1, 0xB3, 0x6D, 0x94, 0xA3, 0x83, 0x7A, 0xDF, 0x06, 0x27, 0x31, 0x2B, 0xA2, 0x2B, 0x07, 0xD9,
    0x58, 0x97, 0x68, 0xB5, 0x74, 0xAA, 0x3B, 0xF4, 0x5A, 0x42, 0x5A, 0xF6, 0x74, 0x77, 0x61, 0x14,
    0x64, 0x05, 0x5E, 0xA7, 0xC2, 0x47, 0x94, 0xF4, 0x33, 0xC2, 0x24, 0x20, 0xDA, 0xB2, 0x08, 0x47,
    0x2D, 0xA1, 0xE2, 0x0E, 0xEE, 0x0D, 0x68, 0x67, 0x4B, 0x5F, 0xB2, 0xB0, 0x55, 0x01, 0xC6, 0x84,
    0x26, 0x45, 0x7D, 0x5C, 0xA5, 0x77, 0x28, 0x2A, 0x11, 0xBF, 0x14, 0x6A, 0x40, 0x55, 0x39, 0xAA,
    0x14, 0x6C, 0x46, 0x37, 0x85, 0xAC, 0xD1, 0x86, 0x5B, 0x21, 0x4C, 0xDD, 0x94, 0x10, 0x9E, 0x3E,
    0x20, 0xD2, 0xD6, 0x25, 0x9A, 0x4E, 0xBA, 0x44, 0x70, 0x19, 0x59, 0xE3, 0x2E, 0x2F, 0xE6, 0xAC,
    0xC2, 0x52, 0xBA, 0x05, 0x6F, 0x5D, 0xA2, 0xBF, 0xC1, 0x2B, 0xBC, 0x6C, 0x45, 0xCC, 0xA5, 0xC4,
    0xB9, 0xAE, 0xD0, 0x1E, 0x62, 0x82, 0x1F, 0xCB, 0x5F, 0x58, 0xDA, 0x7E, 0x4C, 0x78, 0x03, 0xD3,
    0xBE, 0xD5, 0xAD, 0x97, 0x97, 0xDB, 0xB1, 0x11, 0x60, 0x3C, 0xA7, 0x0F, 0x36, 0x48, 0x9F, 0xF4,
    0xEA, 0x05, 0x57, 0x05, 0x1F, 0xA2, 0x8E, 0xED, 0xE2, 0xB0, 0xB6, 0xA1, 0xAD, 0x9D, 0x0C, 0x6B,
    0x47, 0x0E, 0x6B, 0x99, 0xA7, 0x23, 0x51, 0xF4, 0xB4, 0xAA, 0x82, 0xFB, 0xE6, 0xA1, 0x72, 0xB6,
    0x0D, 0x1B, 0x77, 0x6E, 0x4C, 0xBB, 0x43, 0xAB, 0x56, 0xB6, 0x6F, 0x8C, 0x69, 0x4F, 0x86, 0xB5,
    0x0F, 0xFB, 0xBC, 0xA5, 0x21, 0xB7, 0x87, 0xB6, 0x91, 0xC1, 0x86, 0xB0, 0x8B, 0xA5, 0xCF, 0x00,
    0xBB, 0xE4, 0xE4, 0x95, 0x85, 0x84, 0x92, 0x9E, 0x61, 0x0B, 0x83, 0x9B, 0x9C, 0x4E, 0x22, 0xE7,
    0xA3, 0x05, 0x39, 0xF6, 0xB0, 0xA9, 0x31, 0x08, 0xC3, 0x4C, 0x52, 0xEF, 0xC9, 0xD0, 0x6A, 0x28,
    0xB1, 0x48, 0xCD, 0x19, 0xE0, 0xAC, 0x24, 0x28, 0x8B, 0x16, 0x65, 0x69, 0x3E, 0x2B, 0x28, 0x47,
    0xF5, 0x96, 0x6D, 0xD7, 0xCA, 0x2D, 0x8C, 0xB3, 0x6E, 0xC0, 0x1F, 0xA5, 0x98, 0x8B, 0x39, 0xD9,
    0x98, 0xC5, 0x71, 0x58, 0x8E, 0x1C, 0x5D, 0x30, 0x89, 0xDA, 0x38, 0x7C, 0xF4, 0xF3, 0x0B, 0x1A,
    0x43, 0xA6, 0x5A, 0x46, 0xFF, 0x85, 0x52, 0x50, 0xFF, 0x1B, 0x23, 0xC6, 0xB1, 0xFD, 0xFC, 0xA8,
    0x4D, 0xCD, 0xA1, 0x6A, 0xDB, 0xF1, 0x12, 0x77, 0x60, 0x6E, 0xA8, 0x36, 0x8F, 0x1E, 0x2D, 0x96,
    0x4F, 0x95, 0xF7, 0x85, 0x8A, 0xA7, 0x61, 0x78, 0x69, 0xD8, 0xE1, 0x51, 0x6F, 0xA9, 0x18, 0x81,
    0xFD, 0xCA, 0x87, 0x92, 0x5E, 0x53, 0xA9, 0x43, 0x5F, 0x6D, 0x42, 0x87, 0xAD, 0xE6, 0x6C, 0x03,
    0x03, 0xB0, 0x85, 0xA9, 0xED, 0x82, 0xDA, 0x0B, 0x51, 0x64, 0x4B, 0x83, 0x76, 0x8D, 0xA1, 0xB8,
    0xCC, 0x64, 0x3B, 0x56, 0xBC, 0xFB, 0x0F, 0x6B, 0x37, 0x87, 0xAA, 0x38, 0x94, 0xAF, 0x19, 0xA1,
    0x75, 0x57, 0xCA, 0xFE, 0x3C, 0x82, 0x8F, 0x19, 0xC3, 0x1F, 0xB9, 0x43, 0xB7, 0xC7, 0x06, 0xEF,
    0x35, 0xCB, 0x27, 0xB9, 0x8F, 0x88, 0xBA, 0x70, 0x40, 0x70, 0xD7, 0xFD, 0xFA, 0xBC, 0x19, 0x3C,
    0x01, 0x1E, 0x96, 0xC3, 0x5B, 0x10, 0x26, 0xC6, 0x2B, 0xD6, 0x7E, 0x4E, 0x66, 0xC4, 0xA0, 0xF8,
    0x83, 0xA2, 0x79, 0xE2, 0xB8, 0x89, 0x63, 0xEE, 0x70, 0x8B, 0xF1, 0xFF, 0x16, 0xC7, 0x32, 0xBF,
    0xE0, 0x27, 0x98, 0x56, 0x45, 0x73, 0x3C, 0x3F, 0x71, 0x0C, 0x5D, 0xE8, 0x48, 0xF7, 0x07, 0x07,
    0x54, 0xDC, 0x66, 0xDA, 0xF9, 0xD9, 0x70, 0x38, 0x21, 0x61, 0xAE, 0xE7, 0x22, 0xB2, 0x8F, 0x17,
    0xDB, 0x76, 0x8B, 0xD0, 0x35, 0xD2, 0xAF, 0x3E, 0x43, 0x56, 0xC2, 0xF4, 0x2F, 0xF8, 0x2E, 0x26,
    0x45, 0x67, 0x22, 0x67, 0x4A, 0xC4, 0x73, 0x58, 0xB1, 0x1D, 0x6C, 0x56, 0xC6, 0xC4, 0x12, 0x03,
    0xD7, 0x90, 0xCD, 0x31, 0x57, 0xE2, 0x35, 0xB3, 0x6B, 0x8F, 0xE4, 0x6F, 0x30, 0x7F, 0x25, 0x6B,
    0xF4, 0xA1, 0x3E, 0x6C, 0x3E, 0x8E, 0x6D, 0x64, 0x3B, 0x9B, 0x73, 0x47, 0x58, 0x50, 0xAE, 0x09,
    0x70, 0xC2, 0x81, 0x84, 0x7A, 0xDB, 0x5B, 0xAB, 0x39, 0x30, 0xA8, 0xD9, 0x9D, 0xC5, 0x51, 0x0E,
    0x2C, 0x98, 0x4B, 0x5F, 0x57, 0xBA, 0xEA, 0xF7, 0x4F, 0x06, 0x76, 0x1C, 0x81, 0x1B, 0x98, 0xDC,
    0xF3, 0xFA, 0x7C, 0xCC, 0x0D, 0xE8, 0x0F, 0xC1, 0x28, 0xB6, 0x86, 0x41, 0x24, 0x57, 0xB6, 0x79,
    0xDE, 0xB0, 0x77, 0x6F, 0x39, 0x01, 0xE4, 0x70, 0xB5, 0xE4, 0x40, 0xA0, 0xDF, 0x93, 0xAE, 0x50,
    0x03, 0x1D, 0x6A, 0x56, 0xE6, 0x5D, 0x6C, 0xF5, 0x32, 0x3A, 0xC4, 0xF4, 0x77, 0xCF, 0x1F, 0xC2,
    0x93, 0xA1, 0x5B, 0xB1, 0xBD, 0x1C, 0xD0, 0x6D, 0x34, 0x96, 0xE2, 0x38, 0x47, 0xA1, 0x89, 0xE8,
    0x04, 0x8A, 0x09, 0xC6, 0x9A, 0x20, 0xA0, 0x4B, 0xA4, 0xEE, 0x9D, 0x47, 0x17, 0x63, 0x6D, 0x64,
    0x4C, 0x37, 0xB7, 0x63, 0x8D, 0xF5, 0x83, 0xDD, 0xA1, 0xB2, 0x07, 0x52, 0x1E, 0xC6, 0x89, 0x3C,
    0x53, 0xF6, 0x82, 0x7B, 0x0C, 0x68, 0xBC, 0x0E, 0xE7, 0xB9, 0xBA, 0xB0, 0xB9, 0xB0, 0x25, 0x02,
    0x65, 0x9B, 0xB2, 0xC9, 0xC5, 0x55, 0x74, 0xCE, 0x17, 0x3C, 0x5A, 0x6E, 0xD0, 0x37, 0xDA, 0xF9,
    0xAE, 0xF3, 0x0D, 0xA6, 0x74, 0x48, 0x87, 0xC7, 0x85, 0xC6, 0xCB, 0x8E, 0xC7, 0x0F, 0x1A, 0x94,
    0x46, 0x2A, 0x09, 0x64, 0xBB, 0xD6, 0xBC, 0xEF, 0xF8, 0xA1, 0xBE, 0xAA, 0x70, 0x38, 0x6B, 0x3F,
    0x9F, 0x15, 0x0E, 0x67, 0xED, 0xE7, 0xB3, 0xC2, 0xB9, 0xAE, 0x71, 0xEF, 0x11, 0xB8, 0xDF, 0x60,
    0x26, 0xAC, 0x37, 0xA1, 0x25, 0xD3, 0xC1, 0x19, 0x34, 0xEE, 0x7F, 0x5F, 0x30, 0xAA, 0x4C, 0xA1,
    0x05, 0x4D, 0x19, 0xF5, 0x13, 0x5F, 0x69, 0xE6, 0xD6, 0xF8, 0xEE, 0x4A, 0x68, 0x56, 0x84, 0x95,
    0xA9, 0x4D, 0xF6, 0xAF, 0xC2, 0x29, 0x14, 0x9B, 0x6C, 0xD9, 0x74, 0x8B, 0xE3, 0x2D, 0xD4, 0x93,
    0xE5, 0x12, 0xDA, 0x6A, 0xB3, 0xD9, 0x1B, 0xB8, 0x04, 0x63, 0x30, 0xE7, 0x11, 0xCC, 0x64, 0xCC,
    0x47, 0x3F, 0x69, 0xAE, 0xA0, 0xBF, 0x9A, 0x22, 0x8C, 0xF5, 0x50, 0x0F, 0x65, 0x55, 0x56, 0xFF,
    0xFF, 0xBD, 0xAE, 0x1C, 0xC6, 0x22, 0xF5, 0xFC, 0x94, 0xE3, 0xF9, 0x2A, 0x36, 0xA1, 0xE2, 0x90,
    0x66, 0xAA, 0x5F, 0xBB, 0xAB, 0x4F, 0x45, 0xAD, 0xFA, 0xBC, 0x22, 0x8C, 0x77, 0x16, 0xB8, 0xA5,
    0x25, 0x95, 0xB7, 0x85, 0x27, 0x40, 0x16, 0x54, 0x86, 0x0B, 0x9C, 0x16, 0x8F, 0xD4, 0x40, 0xEC,
    0x04, 0xED, 0xC0, 0x33, 0x3C, 0x7E, 0xCD, 0xD8, 0xD6, 0xE3, 0xF1, 0x41, 0x4E, 0x99, 0xD0, 0x3B,
    0x3F, 0xF5, 0x09, 0x13, 0x4F, 0x9D, 0x6D, 0x2D, 0x2B, 0x4F, 0x38, 0x83, 0x85, 0xF9, 0xD8, 0x87,
    0xD9, 0xF9, 0x0A, 0x3B, 0x62, 0x3E, 0x1E, 0xCB, 0xFB, 0x32, 0x1D, 0x26, 0x54, 0x06, 0x07, 0x8F,
    0x43, 0x3F, 0x38, 0x54, 0x94, 0xF1, 0xE8, 0x0F, 0x52, 0xB0, 0x25, 0xCC, 0x12, 0x81, 0xE1, 0x8C,
    0x0F, 0x95, 0xFE, 0xF2, 0xD4, 0x93, 0xCF, 0x84, 0x13, 0xF8, 0x50, 0xF3, 0x3C, 0x69, 0xCB, 0x73,
    0x47, 0x2D, 0xCF, 0x1D, 0x9D, 0xA6, 0x3B, 0x79, 0x7F, 0xF0, 0x8C, 0x9B, 0x0B, 0x0D, 0x53, 0x9B,
    0x1D, 0xFD, 0xE4, 0x60, 0x19, 0x1B, 0xBB, 0x8A, 0xBD, 0x75, 0x48, 0x85, 0x6D, 0x40, 0x25, 0x05,
    0xDE, 0x55, 0x0A, 0xA8, 0x98, 0x47, 0x2A, 0xE8, 0x91, 0x57, 0xC2, 0xC6, 0x37, 0x05, 0xC5, 0x5A,
    0xCF, 0xCC, 0xC0, 0xE3, 0x60, 0x32, 0xB0, 0x8C, 0x8E, 0x96, 0x11, 0x5B, 0xE3, 0xE0, 0xC4, 0x5D,
    0xB1, 0x9D, 0xEF, 0x9B, 0xD0, 0xC1, 0x65, 0x76, 0x63, 0xCD, 0x88, 0xE6, 0x14, 0x8B, 0x47, 0x89,
    0xC6, 0x2F, 0xED, 0x18, 0x4E, 0x08, 0xB1, 0x2D, 0xCB, 0xEE, 0xF7, 0x55, 0x9A, 0x73, 0xAA, 0x75,
    0x42, 0x63, 0x07, 0x19, 0x1E, 0x13, 0x37, 0x7C, 0x8F, 0x2A, 0xEA, 0x2B, 0xEA, 0xA8, 0x62, 0x30,
    0x21, 0xCE, 0x0D, 0x65, 0xF5, 0x18, 0x31, 0x88, 0x24, 0xDA, 0x6C, 0xB8, 0x8E, 0x6D, 0xCC, 0xF0,
    0x60, 0x7A, 0xD9, 0x0A, 0x8F, 0x1E, 0x4F, 0xF1, 0xC5, 0x06, 0x65, 0x6B, 0x8A, 0x63, 0xC7, 0x03,
    0x79, 0x00, 0x76, 0x57, 0x5F, 0x58, 0x85, 0x22, 0xE5, 0x88, 0x95, 0xF3, 0x76, 0x6C, 0x6D, 0xDE,
    0xC7, 0xCF, 0x9B, 0x23, 0x66, 0x8E, 0xA8, 0x39, 0xE2, 0x16, 0x72, 0x8E, 0x72, 0xEF, 0x79, 0x6C,
    0x2E, 0xE0, 0xB7, 0x23, 0xC8, 0x2C, 0x9C, 0xD1, 0x55, 0x8E, 0x80, 0x11, 0xB7, 0x3A, 0x8E, 0xA9,
    0x8C, 0xC4, 0x23, 0x38, 0xC1, 0x35, 0x3D, 0x84, 0x71, 0x66, 0xF5, 0xA1, 0xF7, 0xE5, 0x78, 0x1E,
    0xCA, 0xA8, 0xE7, 0x1A, 0xEF, 0x74, 0x1C, 0x5A, 0x59, 0x2D, 0xEA, 0xC2, 0x29, 0x54, 0x26, 0x39,
    0x09, 0x56, 0xC7, 0xA9, 0x5F, 0xF2, 0x2F, 0xD9, 0x14, 0x6E, 0xF9, 0xBF, 0x14, 0xAE, 0xFE, 0x96,
    0x74, 0xC5, 0xAA, 0x99, 0x53, 0x55, 0xE0, 0x14, 0x1D, 0x12, 0xB8, 0x96, 0x6E, 0xC1, 0xDC, 0x6A,
    0x98, 0x7A, 0x21, 0x47, 0x43, 0x99, 0xE9, 0x5F, 0xC3, 0x79, 0xE5, 0x2B, 0xA7, 0x7C, 0x64, 0xD3,
    0xDB, 0xCE, 0x6F, 0xF4, 0x8E, 0xDD, 0xAF, 0x50, 0xCD, 0xB1, 0x11, 0xB9, 0x27, 0xF7, 0x19, 0xCF,
    0xA6, 0xF1, 0xF8, 0x27, 0x1C, 0x01, 0x3D, 0x00, 0x1C, 0xC0, 0x0C, 0xF7, 0x3E, 0x79, 0x9E, 0x63,
    0x83, 0xF5, 0xC3, 0xF8, 0xE1, 0xA8, 0x14, 0x0B, 0x38, 0x00, 0x5A, 0x3E, 0x62, 0x5A, 0xA7, 0xE5,
    0x1E, 0x4F, 0xF0, 0x49, 0x83, 0x38, 0x56, 0x95, 0xF2, 0x25, 0x1A, 0xF7, 0x37, 0xE4, 0x80, 0xC7,
    0x8B, 0xFB, 0xF8, 0x98, 0x15, 0xAF, 0xF5, 0xCC, 0x86, 0xDD, 0x2B, 0xEC, 0x25, 0xC6, 0xA3, 0x44,
    0x23, 0x7A, 0x7D, 0x17, 0x52, 0xCD, 0x43, 0x5B, 0xD0, 0x85, 0x4D, 0x53, 0xC3, 0x7C, 0x28, 0x46,
    0xF7, 0x74, 0x68, 0x05, 0x3C, 0x1E, 0x6E, 0xA4, 0x8B, 0x6A, 0x0C, 0xF3, 0x85, 0x72, 0xC5, 0x41,
    0x6B, 0x74, 0x4B, 0xCB, 0xB9, 0xD4, 0x18, 0xDE, 0x9F, 0x3A, 0xF0, 0x47, 0x2F, 0x14, 0xF7, 0x0A,
    0xB5, 0x73, 0x39, 0x76, 0x1F, 0x6A, 0x9B, 0xFD, 0x0C, 0x87, 0x61, 0xBF, 0x3B, 0x1C, 0x80, 0x47,
    0x03, 0x35, 0x93, 0xC6, 0x2F, 0xC1, 0xEC, 0x54, 0xD7, 0xCB, 0x8D, 0x91, 0x62, 0x73, 0x6C, 0x17,
    0x44, 0x54, 0xED, 0x84, 0xED, 0xCC, 0xD7, 0x58, 0x03, 0xDD, 0xA1, 0xCD, 0xB3, 0x9A, 0xB4, 0xC1,
    0x9C, 0x8D, 0x5A, 0xAD, 0xDF, 0x6D, 0x07, 0x66, 0xEC, 0xBC, 0x49, 0x7D, 0xD2, 0x53, 0xB0, 0xF3,
    0xA4, 0xBC, 0x25, 0x0E, 0xA5, 0xCB, 0xF1, 0x14, 0x71, 0x68, 0x41, 0x8C, 0x27, 0xA3, 0x0D, 0x9E,
    0xD7, 0x09, 0x30, 0x3D, 0x19, 0xFE, 0x9E, 0x1B, 0x01, 0xDB, 0x7F, 0x14, 0x58, 0xA0, 0xF9, 0xE5,
    0x86, 0xA4, 0xFE, 0x38, 0x79, 0xC6, 0xB4, 0xEA, 0x8C, 0x4D, 0xDB, 0x3D, 0xC2, 0xED, 0x10, 0xDE,
    0x70, 0x06, 0x26, 0x7E, 0x8A, 0x78, 0xBE, 0x16, 0xC5, 0x01, 0x4A, 0x8C, 0x81, 0x39, 0x91, 0x72,
    0xB7, 0x61, 0x27, 0x35, 0x9C, 0xF4, 0xC8, 0xA4, 0xE5, 0xB4, 0x0E, 0xD9, 0xF9, 0xF9, 0x6D, 0x8F,
    0x98, 0x97, 0x27, 0x84, 0xFA, 0x53, 0x9F, 0x97, 0x21, 0x8B, 0x05, 0x86, 0xCB, 0xDE, 0x3E, 0xB7,
    0xEE, 0xB9, 0x35, 0xCF, 0xF3, 0xE6, 0xC2, 0xD9, 0xB6, 0xCB, 0x29, 0x8B, 0xFF, 0x02, 0x75, 0x52,
    0x31, 0xAE, 0xDD, 0x20, 0x10, 0x9C, 0x67, 0x2B, 0xB2, 0x14, 0x0A, 0x8E, 0xE0, 0x0B, 0x44, 0xA2,
    0x49, 0x91, 0x0E, 0x4B, 0xFF, 0x0A, 0xB9, 0x0F, 0x56, 0xCE, 0x94, 0x1E, 0xA2, 0x5C, 0xC0, 0x52,
    0x2E, 0xE0, 0x23, 0x50, 0xB8, 0xA0, 0xB0, 0xD9, 0xCC, 0x82, 0x7F, 0xF4, 0x9E, 0xF4, 0x63, 0x58,
    0xB3, 0x82, 0x61, 0x67, 0x77, 0x16, 0x2F, 0xB2, 0x04, 0x11, 0x44, 0x9A, 0x34, 0xAB, 0xF0, 0x74,
    0x12, 0x37, 0x65, 0x8D, 0xFA, 0xA3, 0xC9, 0xA2, 0xBF, 0x7E, 0xF0, 0xEF, 0x34, 0xC5, 0x77, 0xC8,
    0xA2, 0x7B, 0xEF, 0x00, 0x5D, 0xC3, 0xBD, 0xC6, 0x97, 0xB5, 0xFE, 0xE7, 0xBC, 0x42, 0x5E, 0xD6,
    0x0B, 0x30, 0x40, 0x58, 0x87, 0x0A, 0x73, 0xC0, 0xEE, 0x70, 0x1B, 0x7C, 0x86, 0x3F, 0xDB, 0x2C,
    0xBA, 0x33, 0x9C, 0x30, 0x02, 0xDB, 0xE6, 0x24, 0x78, 0xD4, 0xB6, 0x73, 0xC0, 0xEF, 0x90, 0x05,
    0xDF, 0x80, 0xC7, 0xA9, 0xFB, 0xA6, 0xCD, 0x91, 0x00, 0x51, 0xC0, 0x54, 0xE0, 0x76, 0xC4, 0x06,
    0x20, 0xC5, 0x67, 0x25, 0x89, 0x18, 0xE4, 0xAD, 0xF2, 0xC8, 0x66, 0x06, 0x76, 0x09, 0x2E, 0xF9,
    0x44, 0xBA, 0xB0, 0x93, 0x2A, 0x2A, 0x6B, 0x2C, 0xF4, 0x42, 0xC6, 0x9C, 0x99, 0x47, 0xFB, 0x86,
    0x73, 0x3A, 0x8C, 0xD8, 0xCB, 0x8A, 0xAB, 0x56, 0xE6, 0x3A, 0x89, 0xA9, 0x43, 0x1D, 0xCF, 0xE1,
    0x1C, 0x8B, 0x39, 0x6C, 0xF6, 0x7B, 0x48, 0x94, 0x8C, 0x34, 0x3F, 0x99, 0xC8, 0x58, 0x26, 0x62,
    0x0D, 0x71, 0xBC, 0x53, 0x47, 0x62, 0x1F, 0xD2, 0xB1, 0x4A, 0xEA, 0x88, 0x8D, 0x37, 0x16, 0xEE,
    0x00, 0xBC, 0x5A, 0x66, 0x6A, 0x34, 0xE5, 0xEF, 0x6A, 0xAB, 0xD8, 0xDA, 0x89, 0x65, 0x90, 0xC4,
    0x82, 0x56, 0xDA, 0xA2, 0x85, 0x69, 0x95, 0x5A, 0x23, 0x6C, 0xA5, 0x51, 0x39, 0x7C, 0xFA, 0xDE,
    0x1D, 0x7B, 0x02, 0xF3, 0x49, 0x81, 0x24, 0xD3, 0x76, 0xDA, 0x36, 0x33, 0xCE, 0x53, 0xDC, 0xD5,
    0x3F, 0x35, 0xFF, 0xA3, 0xB8, 0x0F, 0xD5, 0x37, 0x39, 0xD9, 0xBD, 0xEC, 0x51, 0xE7, 0x16, 0xB4,
    0xFF, 0xB0, 0x05, 0x26, 0xEB, 0x70, 0x85, 0xE3, 0xF0, 0xA7, 0x2F, 0x3A, 0xC2, 0x11, 0x0E, 0x9F,
    0x29, 0x5D, 0x76, 0x89, 0x63, 0xED, 0xE5, 0xE4, 0xA6, 0x18, 0x9B, 0x0B, 0xD9, 0xD5, 0x35, 0x37,
    0x19, 0xBF, 0xF9, 0x90, 0x55, 0x73, 0xE7, 0xE7, 0xB7, 0xB8, 0x32, 0xDB, 0xE6, 0x26, 0x59, 0x43,
    0xBB, 0x05, 0xCA, 0x88, 0x0E, 0x45, 0xFC, 0x25, 0x9A, 0x5A, 0xDB, 0xFD, 0x7D, 0xB5, 0x4A, 0x15,
    0x2B, 0xE4, 0xED, 0xEE, 0xCC, 0x04, 0xF7, 0xEE, 0x4E, 0x95, 0x04, 0x71, 0x6B, 0xFC, 0x2C, 0xC4,
    0x48, 0x69, 0xFC, 0x94, 0xC4, 0xC9, 0xA5, 0xFC, 0x9A, 0x96, 0xFF, 0x53, 0xC9, 0xCF, 0x88, 0x92,
    0xE4, 0x47, 0xF5, 0x5B, 0xAF, 0x5D, 0x86, 0x4A, 0xFE, 0x05, 0xE6, 0x62, 0x93, 0x2E, 0xE5, 0x87,
    0x2B, 0xDA, 0x2F, 0xF2, 0x93, 0x79, 0x7F, 0x88, 0x3D, 0xC8, 0x4F, 0x69, 0x12, 0x5F, 0x2B, 0x85,
    0x29, 0x4D, 0xAD, 0x20, 0x2B, 0x65, 0x6A, 0x9A, 0x53, 0x9C, 0xA9, 0x6A, 0x99, 0x7C, 0x1F, 0x75,
    0x3E, 0xC9, 0x79, 0xCC, 0xC5, 0x67, 0x97, 0xFD, 0xA6, 0xEF, 0xC2, 0xB3, 0xDB, 0x61, 0xA5, 0xE6,
    0x60, 0x09, 0x8F, 0x84, 0xE9, 0xC0, 0x5C, 0xD8, 0x14, 0x06, 0xA4, 0xE4, 0x0C, 0xC0, 0xFE, 0xBB,
    0x53, 0x1D, 0x46, 0xD1, 0xD0, 0xCC, 0x2B, 0x02, 0x5F, 0x81, 0x2F, 0xFA, 0xCC, 0xDB, 0x5B, 0x5E,
    0xD1, 0xFB, 0xD8, 0xA1, 0x74, 0x24, 0x8D, 0xFD, 0x6E, 0xE6, 0xF3, 0xC5, 0xD4, 0x55, 0x40, 0x6C,
    0xCF, 0x55, 0xE1, 0x4D, 0x93, 0xB6, 0x67, 0x6F, 0x8D, 0xBB, 0xBE, 0x5D, 0xDB, 0xB1, 0xB7, 0xC0,
    0x74, 0x4D, 0x9B, 0x68, 0x5A, 0xEA, 0xD3, 0xE5, 0x1B, 0xF1, 0xD1, 0xE5, 0xA1, 0x37, 0xE5, 0xBE,
    0x3C, 0x97, 0xA7, 0xCB, 0xAF, 0xE1, 0x5F, 0x2F, 0xFF, 0x05, 0x8D, 0x56, 0x4D, 0xAE, 0xE6, 0x34,
    0x10, 0xEC, 0x24, 0x82, 0x20, 0x45, 0xC2, 0x0B, 0x96, 0x2C, 0x7C, 0x02, 0x94, 0x13, 0x30, 0xFE,
    0x80, 0x05, 0x87, 0x98, 0x43, 0xC0, 0x05, 0x20, 0x81, 0x0D, 0xCB, 0xE1, 0x28, 0xB3, 0x64, 0xF1,
    0x84, 0xC3, 0x9A, 0x4D, 0x8E, 0x10, 0x09, 0x76, 0xB3, 0xC0, 0x48, 0x11, 0x0A, 0x3C, 0x27, 0x4D,
    0x57, 0x39, 0x79, 0xF3, 0x0D, 0x7F, 0x22, 0xFA, 0x54, 0xC9, 0x4B, 0x6C, 0x77, 0xB9, 0xBB, 0xCA,
    0xFD, 0x44, 0x44, 0xAA, 0xD1, 0x40, 0x9A, 0x05, 0xD8, 0x4D, 0x22, 0xB5, 0xEA, 0x4D, 0x64, 0x50,
    0x5D, 0xA4, 0x51, 0xD5, 0x4D, 0xBC, 0x61, 0x96, 0x68, 0x98, 0x2A, 0x3D, 0x3E, 0xD5, 0xA9, 0xD1,
    0xE4, 0x5E, 0x88, 0xD3, 0xA9, 0x17, 0xFB, 0x28, 0x1F, 0x8A, 0x84, 0x5D, 0x36, 0xC3, 0x5C, 0x25,
    0x9B, 0xB9, 0x35, 0xB3, 0x48, 0xDC, 0xB0, 0x56, 0x5C, 0xBD, 0xE0, 0xF9, 0x19, 0x30, 0x3F, 0x18,
    0x0E, 0xC7, 0x2A, 0x2F, 0x25, 0x68, 0xEA, 0x36, 0xE9, 0xB9, 0xB0, 0x33, 0xDC, 0x19, 0x2A, 0x8B,
    0x18, 0xDA, 0xE4, 0x47, 0x8B, 0x2A, 0x4D, 0x02, 0xA3, 0x76, 0x22, 0x3B, 0x72, 0x94, 0xCE, 0x3E,
    0xAF, 0x9C, 0x90, 0x4E, 0xF4, 0x44, 0x2C, 0xB4, 0x48, 0x9F, 0x31, 0x26, 0x14, 0xDC, 0x80, 0xC3,
    0x0A, 0x8C, 0xD7, 0xCA, 0xF7, 0xB8, 0x49, 0xC5, 0xC5, 0x6A, 0x45, 0x80, 0x86, 0x18, 0x54, 0xFF,
    0x82, 0x83, 0x1E, 0x86, 0x0E, 0x8F, 0x17, 0x1E, 0x64, 0x22, 0x55, 0x44, 0x04, 0xCF, 0x5C, 0x59,
    0x80, 0x09, 0x69, 0x33, 0xB4, 0x6D, 0x1C, 0xE0, 0xF9, 0x95, 0x91, 0x77, 0x3B, 0x06, 0x7A, 0xF2,
    0xE9, 0xC9, 0xA7, 0x5F, 0x19, 0xEB, 0x4A, 0xAD, 0xED, 0xD4, 0xF1, 0x2B, 0xD1, 0x71, 0x01, 0xA0,
    0x6D, 0xD6, 0x91, 0x79, 0x8F, 0x14, 0xBC, 0x8D, 0x64, 0xA0, 0x1E, 0xB7, 0xEF, 0x58, 0x84, 0x0C,
    0x6E, 0x16, 0xE5, 0xD9, 0x47, 0x11, 0x7B, 0x91, 0x96, 0xE3, 0xB5, 0x44, 0x72, 0xC6, 0xA7, 0xE7,
    0x7D, 0x62, 0x26, 0xBC, 0x05, 0x41, 0x2E, 0x7A, 0xCB, 0x52, 0x58, 0xB1, 0xAD, 0x55, 0x86, 0x84,
    0xBB, 0x55, 0x94, 0xF7, 0x5D, 0x34, 0x71, 0x79, 0x31, 0x56, 0x08, 0x30, 0x62, 0x8A, 0xBE, 0xD2,
    0xC9, 0x5E, 0x21, 0x92, 0x5D, 0xF6, 0x79, 0xD6, 0xDF, 0xEC, 0x5E, 0xE9, 0x14, 0x0F, 0x8B, 0x67,
    0x59, 0x0B, 0xE0, 0x69, 0x79, 0xEB, 0x91, 0x82, 0x46, 0x47, 0x87, 0x84, 0x35, 0x7A, 0xEB, 0x70,
    0x6F, 0xD5, 0x1E, 0x99, 0x08, 0x9B, 0xB2, 0x17, 0x7A, 0x20, 0x8B, 0xEC, 0x0D, 0xB9, 0xA4, 0x86,
    0x85, 0x0A, 0xA8, 0x01, 0xF0, 0x20, 0x07, 0x5B, 0x2A, 0x32, 0x0D, 0x91, 0xE9, 0xD1, 0xD4, 0x1A,
    0x29, 0x5D, 0x6A, 0x5D, 0x0A, 0x13, 0x0C, 0xD1, 0xC3, 0xA2, 0x7B, 0xA8, 0x10, 0xCC, 0x1A, 0xE6,
    0xA2, 0x65, 0x45, 0x3B, 0x4E, 0x72, 0x7A, 0x45, 0xBC, 0xAA, 0xE5, 0x59, 0x88, 0x37, 0xE4, 0xF1,
    0x37, 0x91, 0x34, 0x3A, 0x96, 0x41, 0x45, 0x0A, 0xF6, 0xED, 0x7C, 0x88, 0x09, 0x0F, 0xF8, 0x2D,
    0xF6, 0x50, 0x5F, 0xBF, 0x46, 0x67, 0x9B, 0x62, 0x0F, 0x4E, 0x67, 0xDB, 0x25, 0x29, 0x2D, 0x16,
    0xAE, 0xD2, 0xD9, 0xC4, 0xED, 0x51, 0xA4, 0x79, 0xD0, 0x14, 0x2E, 0xE6, 0x8A, 0x3F, 0xCB, 0x65,
    0x4B, 0xFD, 0xA4, 0xE1, 0x0F, 0x2C, 0xAF, 0x8F, 0xB9, 0x7F, 0x84, 0x84, 0x8C, 0xBE, 0xA7, 0xE2,
    0xA2, 0x79, 0x0B, 0xFC, 0xED, 0x61, 0x76, 0xAC, 0x6F, 0x44, 0x8C, 0x22, 0x01, 0x4B, 0x6E, 0xA2,
    0x87, 0x04, 0x79, 0xE1, 0x36, 0x4E, 0xE5, 0x6E, 0xE7, 0x06, 0x42, 0xB2, 0x87, 0xA2, 0x50, 0x8A,
    0x0D, 0x2F, 0x2E, 0x64, 0x85, 0x4E, 0xF4, 0x14, 0xB6, 0x44, 0x9B, 0xDC, 0x65, 0x2C, 0x11, 0x94,
    0x7C, 0x4A, 0x51, 0xBF, 0x31, 0x4A, 0xAD, 0x62, 0xA1, 0x6E, 0x07, 0x3A, 0x62, 0xA7, 0x48, 0x67,
    0xCB, 0xF4, 0x36, 0xF4, 0x91, 0xE8, 0x2F, 0xC0, 0xB7, 0xE4, 0xE9, 0x0A, 0x7C, 0x3F, 0x10, 0xA3,
    0x92, 0xB6, 0xC8, 0xFB, 0x50, 0x7A, 0xCD, 0x79, 0xFD, 0xE5, 0xBF, 0xF5, 0xF4, 0x81, 0xD3, 0x9F,
    0xCD, 0xE2, 0x81, 0x9C, 0xA1, 0x0C, 0x7A, 0x79, 0xA4, 0xF0, 0x6E, 0x6F, 0x98, 0xB3, 0x20, 0x74,
    0xC1, 0xF9, 0xC7, 0xEB, 0xF7, 0xD8, 0x9B, 0xA9, 0xAC, 0x7A, 0x79, 0x1A, 0xFB, 0x0C, 0xEF, 0x89,
    0x27, 0xD1, 0xCF, 0x90, 0x1D, 0xA6, 0x6B, 0xC1, 0xCD, 0x23, 0xC4, 0x26, 0x71, 0x47, 0xF9, 0x1B,
    0x48, 0x30, 0x26, 0x58, 0xC6, 0x6E, 0x03, 0xA8, 0xE8, 0xAF, 0xA4, 0x6E, 0x2E, 0x58, 0x84, 0x07,
    0xC5, 0xED, 0xDA, 0x00, 0x19, 0x40, 0x94, 0x2C, 0x29, 0x37, 0x41, 0x0F, 0xBE, 0xC2, 0xEC, 0x4E,
    0x3F, 0xA1, 0xA9, 0xB5, 0x06, 0x29, 0x93, 0x20, 0x56, 0xB1, 0xA4, 0xC5, 0x4C, 0x11, 0x86, 0x83,
    0x2A, 0xB4, 0x23, 0x13, 0x1C, 0x4E, 0x8B, 0xB6, 0xC5, 0xA1, 0xDC, 0xC6, 0xFF, 0x70, 0x43, 0x51,
    0x93, 0x89, 0xAB, 0xBE, 0xDC, 0x10, 0x21, 0xBD, 0x9D, 0x6E, 0xB8, 0xBD, 0xF6, 0xC4, 0x46, 0x4F,
    0xCC, 0xF0, 0xC4, 0x7F, 0xB8, 0xE1, 0xDF, 0x8E, 0x4C, 0x0C, 0xBE, 0x71, 0x30, 0xB1, 0x17, 0x9E,
    0x43, 0xE7, 0xF6, 0x17, 0x2E, 0x9D, 0x59, 0xA9, 0x83, 0xDC, 0xF6, 0x5A, 0x8F, 0x3C, 0x98, 0x51,
    0xD2, 0xD6, 0x9A, 0x58, 0xA7, 0xAD, 0xB2, 0x4D, 0xA2, 0x17, 0x84, 0xBD, 0x06, 0x66, 0x30, 0xB2,
    0xBE, 0x60, 0x18, 0x81, 0x47, 0xDC, 0x20, 0x23, 0xF4, 0x88, 0x3E, 0xC7, 0xEC, 0xA6, 0xB0, 0x0D,
    0x87, 0x1B, 0x61, 0x97, 0x17, 0xCF, 0x75, 0xE9, 0xE9, 0x12, 0xC7, 0xE5, 0xCB, 0x5E, 0xCA, 0x11,
    0x6B, 0x9B, 0x21, 0xC7, 0x07, 0x12, 0xCC, 0x77, 0xB8, 0xC9, 0xDD, 0x15, 0xE6, 0x3B, 0x9C, 0x4A,
    0xDB, 0xB8, 0x67, 0x7E, 0x35, 0x1E, 0x76, 0x34, 0x32, 0x47, 0x47, 0xCB, 0xEF, 0xA2, 0x22, 0xD4,
    0x0D, 0x7B, 0xD9, 0x5E, 0xA1, 0x14, 0xB9, 0x2E, 0x1D, 0x2D, 0xA1, 0x8B, 0x11, 0x57, 0x74, 0x4A,
    0xE3, 0x8F, 0x1E, 0x97, 0xD1, 0xE3, 0x86, 0xDD, 0x4D, 0x9F, 0x5B, 0xD1, 0x5E, 0xFC, 0xF8, 0x8F,
    0x1D, 0x2D, 0xF2, 0x9C, 0xEF, 0xF4, 0x77, 0xD0, 0x61, 0x19, 0xAA, 0x82, 0x47, 0xE9, 0x1F, 0xBA,
    0x73, 0x12, 0x21, 0x9C, 0xB0, 0x62, 0x50, 0x3E, 0x2B, 0x13, 0xD0, 0xE1, 0x08, 0x16, 0x1C, 0x32,
    0x64, 0xBF, 0x9B, 0x84, 0xE7, 0x85, 0xC3, 0xD8, 0x0E, 0xB9, 0x69, 0x8A, 0xC9, 0x60, 0x06, 0xBC,
    0xA3, 0xE6, 0xAE, 0x33, 0x96, 0x91, 0xE8, 0xFD, 0x91, 0x67, 0x33, 0x0F, 0x66, 0xE8, 0xA1, 0x82,
    0xB7, 0x3D, 0xC0, 0xB4, 0xE6, 0x95, 0x8D, 0x62, 0x3C, 0xA7, 0xC5, 0xF5, 0x1D, 0x1B, 0x96, 0xBE,
    0xB7, 0xF9, 0x8F, 0xBB, 0x7C, 0x10, 0xB1, 0x3E, 0x25, 0x00, 0x4F, 0x30, 0xE4, 0xA0, 0x53, 0xBB,
    0x18, 0xB8, 0xFD, 0x3D, 0x1D, 0x51, 0xDE, 0xE7, 0x9A, 0xB0, 0xEB, 0xA9, 0x43, 0xE5, 0xBA, 0x92,
    0x6F, 0xEE, 0x5B, 0xEA, 0xF1, 0xFA, 0xF7, 0xE2, 0x42, 0x07, 0xAC, 0xB9, 0x20, 0xB7, 0x53, 0xB1,
    0x93, 0x17, 0x65, 0xF9, 0xB3, 0xCD, 0x7D, 0x19, 0xE1, 0x9D, 0x2F, 0xFA, 0xC3, 0xB4, 0xFF, 0xE0,
    0x0D, 0x97, 0x07, 0x87, 0xD3, 0x3F, 0x7B, 0x53, 0xDC, 0xB4, 0xE1, 0xB0, 0xFE, 0x61, 0x85, 0xBA,
    0xBE, 0x4E, 0x21, 0xB7, 0xFA, 0x71, 0x0A, 0x5B, 0xA7, 0x4D, 0x1A, 0x56, 0xC3, 0x05, 0x8E, 0x6E,
    0x67, 0x3B, 0x4E, 0x8F, 0xDA, 0x94, 0x05, 0xD5, 0x9B, 0xB2, 0x32, 0x0E, 0x68, 0x43, 0x34, 0x30,
    0x1E, 0x9E, 0xB4, 0xDE, 0xD5, 0xB7, 0x9F, 0x2C, 0x73, 0xFE, 0x97, 0x91, 0x2F, 0x3C, 0xAC, 0xCA,
    0x74, 0xF0, 0x0E, 0xCB, 0x84, 0xA7, 0xDF, 0x56, 0x59, 0xCE, 0x02, 0x99, 0x0F, 0x97, 0x66, 0xF5,
    0xE6, 0x9F, 0xEC, 0xF1, 0x6D, 0xC9, 0x16, 0x82, 0x9E, 0x3D, 0x9C, 0x82, 0xB8, 0x3B, 0xD4, 0x46,
    0x9E, 0x1E, 0xB7, 0xAB, 0x24, 0xF2, 0x27, 0xAD, 0x93, 0xBD, 0x6E, 0xD4, 0x40, 0x14, 0x85, 0x8F,
    0x67, 0x89, 0x5C, 0x8C, 0x64, 0xF7, 0x80, 0xE4, 0x17, 0x08, 0x71, 0xBB, 0x48, 0x8E, 0xC6, 0x3D,
    0x0D, 0x6F, 0x00, 0x0F, 0xB1, 0x05, 0x45, 0x14, 0x9B, 0x50, 0x22, 0xF1, 0x0A, 0x34, 0x54, 0x54,
    0x29, 0x2C, 0xC5, 0x45, 0x58, 0x0F, 0xA2, 0xA0, 0xA0, 0x60, 0x1E, 0x61, 0xD9, 0x2D, 0x28, 0x40,
    0xEC, 0x08, 0xB9, 0x30, 0xCA, 0xDA, 0xC3, 0xF1, 0x4F, 0x22, 0x11, 0x89, 0x95, 0x90, 0x98, 0xBD,
    0x67, 0xF6, 0xB3, 0xEF, 0xF5, 0xDC, 0x9D, 0xF1, 0x59, 0x1C, 0x20, 0xDC, 0xF7, 0x11, 0xDB, 0xA8,
    0x53, 0x6D, 0xB6, 0x53, 0x75, 0x9C, 0xE3, 0x00, 0xE0, 0xBD, 0x49, 0x29, 0x65, 0x28, 0x4B, 0xED,
    0xA8, 0x96, 0x52, 0x14, 0x93, 0xA1, 0x4C, 0x47, 0xF9, 0xFD, 0x37, 0x46, 0x05, 0x10, 0xDB, 0xFB,
    0x88, 0x3A, 0x40, 0xB1, 0x34, 0xE3, 0x23, 0xAA, 0x06, 0xB8, 0xEA, 0xCD, 0xF0, 0x4A, 0xAA, 0x62,
    0xA2, 0x72, 0x3B, 0x84, 0xEE, 0x57, 0x82, 0xB0, 0x43, 0xD2, 0x77, 0x4A, 0xFA, 0x96, 0xFF, 0x3C,
    0xC9, 0x4B, 0xEF, 0x09, 0xB2, 0x86, 0x8B, 0xB8, 0x46, 0x75, 0x9E, 0xB3, 0x6C, 0xEA, 0x4C, 0xD6,
    0x60, 0x09, 0xB5, 0xC2, 0xAD, 0xF1, 0xF7, 0xE6, 0x27, 0x5C, 0x2A, 0xE6, 0xBD, 0x7B, 0x43, 0xA2,
    0xE3, 0x65, 0x97, 0x32, 0x91, 0xFF, 0x87, 0xE6, 0x4F, 0x81, 0x62, 0x4F, 0xDC, 0x41, 0xE1, 0x70,
    0xE1, 0xF4, 0x52, 0xEA, 0x4B, 0x5F, 0x17, 0x8C, 0x30, 0x2F, 0x62, 0x14, 0xEF, 0x50, 0x59, 0x9C,
    0xA6, 0x58, 0x00, 0xFC, 0xD5, 0xA5, 0x30, 0x65, 0x6C, 0x2A, 0x37, 0xC4, 0xC6, 0x2C, 0x67, 0xA6,
    0xBC, 0x15, 0xD2, 0x94, 0xD5, 0x90, 0xBD, 0x32, 0xD5, 0x0B, 0x53, 0xCC, 0x0C, 0x18, 0x82, 0x2F,
    0xCF, 0xE7, 0xE9, 0xCB, 0x51, 0xA9, 0x7C, 0x0E, 0x2B, 0x5F, 0x53, 0x0E, 0x36, 0xEE, 0xF0, 0xD3,
    0xD5, 0x70, 0x2E, 0xF7, 0xDD, 0xB7, 0x5C, 0x75, 0x32, 0xCF, 0xAC, 0xCC, 0x4F, 0xA9, 0xC7, 0x14,
    0x6B, 0xCE, 0xC6, 0xBA, 0x5E, 0x55, 0x8B, 0x2B, 0x67, 0x3C, 0xD6, 0x46, 0xEE, 0x65, 0x9E, 0x35,
    0x63, 0xED, 0x62, 0xA8, 0x13, 0x29, 0x68, 0x8F, 0x41, 0xFD, 0x9E, 0xBD, 0xB7, 0x9C, 0xEE, 0xBE,
    0xE1, 0x14, 0x73, 0x75, 0xC1, 0x47, 0xE0, 0xB5, 0x0F, 0x97, 0x08, 0xD7, 0x1F, 0x2D, 0x7C, 0x3B,
    0x8F, 0xB5, 0x12, 0x9A, 0x87, 0x6C, 0xE7, 0x47, 0x2B, 0x27, 0xB4, 0xC3, 0x83, 0xF3, 0xF9, 0xE1,
    0xC5, 0x27, 0xA1, 0xBF, 0xE6, 0x09, 0x49, 0x3D, 0x12, 0x7A, 0xA3, 0x9F, 0x91, 0x22, 0x29, 0xF4,
    0x5A, 0x9F, 0x93, 0x02, 0xD2, 0x6A, 0xB5, 0x9F, 0x16, 0x13, 0x7D, 0x31, 0xF3, 0x89, 0xD6, 0x3A,
    0x99, 0x68, 0xA3, 0x0F, 0xAF, 0x29, 0x0F, 0x27, 0xDA, 0x42, 0xDA, 0x91, 0x3A, 0xCC, 0x26, 0xDA,
    0xC1, 0x9B, 0x88, 0xA6, 0xAD, 0x07, 0x7A, 0xCF, 0x6D, 0x25, 0x03, 0x7D, 0xD0, 0xF4, 0xF7, 0x40,
    0x9F, 0xB9, 0x37, 0xBF, 0xE9, 0xA9, 0xED, 0xF7, 0x3B, 0x50, 0xDD, 0xBF, 0xE9, 0x13, 0x12, 0x0F,
    0x9D, 0x23, 0x22, 0xF5, 0x7F, 0x1E, 0x16, 0x7E, 0x0F, 0xE4, 0xF1, 0x68, 0xBE, 0x5D, 0x20, 0xEB,
    0xD1, 0x12, 0xC7, 0x81, 0xD4, 0x23, 0x85, 0xAF, 0xE2, 0xC9, 0x26, 0xE2, 0x47, 0x79, 0xED, 0x98,
    0xEA, 0xC6, 0x3B, 0x51, 0xFA, 0xA7, 0x81, 0x7F, 0x03, 0x4D, 0xCE, 0xB1, 0x0D, 0x83, 0x30, 0x14,
    0x84, 0xE1, 0x53, 0x28, 0x52, 0x50, 0xD0, 0xA7, 0x61, 0x04, 0x46, 0x30, 0x9B, 0x39, 0xC9, 0x24,
    0xD9, 0x04, 0x46, 0x60, 0x04, 0x8F, 0xE0, 0xC2, 0x05, 0x85, 0xC9, 0xE5, 0xDD, 0x33, 0x4A, 0x22,
    0xFD, 0x3A, 0x3D, 0x09, 0x04, 0x1F, 0x00, 0xF4, 0x3B, 0x10, 0x53, 0xA8, 0xE8, 0x58, 0x6D, 0x07,
    0xDB, 0x1D, 0x81, 0x65, 0x4A, 0x88, 0x4C, 0xF6, 0x02, 0xCB, 0xAC, 0xD5, 0x09, 0x6E, 0x56, 0x20,
    0x1F, 0x5C, 0x6D, 0x9F, 0x5C, 0x23, 0x79, 0xE1, 0xBA, 0x90, 0x1D, 0xEF, 0x1D, 0xED, 0x1B, 0xF3,
    0x95, 0xB0, 0x7A, 0x6F, 0x78, 0xFB, 0x1E, 0x3A, 0x86, 0xAA, 0x63, 0xAC, 0x3A, 0xA6, 0xAA, 0xC3,
    0xFE, 0x33, 0xF9, 0xAA, 0xA2, 0x62, 0x46, 0xC8, 0x58, 0xB2, 0x0E, 0xA9, 0x6E, 0x2F, 0x57, 0x15,
    0x57, 0x65, 0xA9, 0xF4, 0x8C, 0xC9, 0xD6, 0x54, 0x46, 0x52, 0x9B, 0x77, 0x7A, 0xBE, 0x2A, 0xF3,
    0xB8, 0x6A, 0x76, 0xD5, 0x8F, 0xD4, 0x54, 0xEA, 0xF0, 0x5C, 0x32, 0x3A, 0xA9, 0x75, 0x7A, 0xFE,
    0x48, 0xD1, 0x49, 0xAD, 0x0F, 0x55, 0x92, 0x41, 0x4A, 0xC3, 0x40, 0x14, 0x86, 0xFF, 0x64, 0xD0,
    0x0A, 0x91, 0x76, 0xA3, 0x2E, 0x44, 0x9A, 0xBD, 0x14, 0x7A, 0x81, 0x6A, 0xA2, 0x5E, 0x41, 0xCF,
    0xE1, 0x26, 0x4B, 0x25, 0x39, 0x82, 0x1B, 0x8F, 0x20, 0x48, 0x37, 0xE6, 0x00, 0x4A, 0xE6, 0x08,
    0x59, 0xB9, 0x0E, 0xD8, 0x8D, 0x6E, 0x7C, 0x42, 0x84, 0xB4, 0x94, 0x3E, 0xDF, 0x9B, 0x89, 0x88,
    0xC3, 0x24, 0xDF, 0xCB, 0x30, 0x79, 0xF3, 0xFF, 0x7F, 0x02, 0x00, 0x7B, 0xF0, 0x83, 0x0B, 0xCF,
    0xB7, 0xDA, 0x21, 0xA8, 0xA9, 0x67, 0xF9, 0x8F, 0xA1, 0xF5, 0x34, 0xBF, 0x2C, 0x3C, 0x47, 0xF0,
    0xFB, 0x4F, 0xD0, 0xB8, 0x6D, 0x6D, 0x68, 0xF7, 0x75, 0xD9, 0x86, 0x9F, 0x6C, 0x81, 0x53, 0x98,
    0xCD, 0xBD, 0xEC, 0x20, 0x44, 0x05, 0x4A, 0xE9, 0x26, 0x2F, 0xA0, 0x3C, 0x7E, 0xB2, 0x4A, 0xCA,
    0x37, 0x29, 0x06, 0xAF, 0x15, 0x65, 0xDA, 0x90, 0x79, 0xAD, 0x8C, 0x5A, 0x8C, 0x95, 0xB1, 0xC5,
    0x50, 0x99, 0x7B, 0x86, 0x5F, 0x0D, 0x6E, 0x33, 0x6D, 0xCC, 0xDC, 0x09, 0x77, 0xB0, 0x9A, 0x2B,
    0xB5, 0xE5, 0xC4, 0xD1, 0xE2, 0x48, 0x29, 0x3A, 0xDC, 0x33, 0xF8, 0xFD, 0x39, 0xE7, 0x14, 0x01,
    0x33, 0x25, 0xDC, 0x8A, 0xF0, 0x81, 0x38, 0xCD, 0x53, 0x63, 0x8D, 0x30, 0x5A, 0x9E, 0x7F, 0x47,
    0xA9, 0xEC, 0xAA, 0x98, 0xD9, 0x19, 0xB8, 0x3A, 0x7B, 0x74, 0x7E, 0x2F, 0x7D, 0x1C, 0xA1, 0x1C,
    0xE3, 0x8A, 0x7C, 0x11, 0x54, 0x1A, 0x4D, 0xD8, 0xF9, 0x0B, 0x23, 0x0D, 0x6C, 0xEA, 0x2C, 0xCB,
    0x18, 0x58, 0xF4, 0x09, 0x90, 0x1C, 0xE1, 0x8A, 0x19, 0x5C, 0x67, 0x60, 0xAC, 0x26, 0x7D, 0x48,
    0x13, 0xF4, 0xA9, 0xCD, 0xFA, 0xC2, 0x66, 0x88, 0x0B, 0x4C, 0x53, 0xCD, 0x37, 0xB1, 0x3A, 0x1B,
    0x42, 0x52, 0xAB, 0x5D, 0xA2, 0x7E, 0x85, 0x1A, 0xC4, 0xA9, 0xCE, 0xB2, 0xE9, 0x3F, 0xD6, 0x5F,
    0x41, 0x7D, 0x41, 0x34, 0x5A, 0xA6, 0x38, 0x60, 0x50, 0xB9, 0x7B, 0xC8, 0xBC, 0xBA, 0x40, 0x93,
    0x79, 0x85, 0x41, 0x3D, 0x8B, 0xF8, 0x63, 0x5E, 0x6D, 0x8C, 0x9D, 0x48, 0xB8, 0x12, 0xAF, 0x29,
    0x86, 0xD0, 0x82, 0x22, 0x51, 0x98, 0x74, 0x21, 0xDB, 0xB1, 0xC6, 0xB2, 0x08, 0x5E, 0x44, 0xB3,
    0xE8, 0x9F, 0xCA, 0xBF, 0x20, 0x7D, 0x6F, 0x9C, 0x40, 0xF1, 0x1C, 0xBB, 0x3E, 0xE2, 0xC5, 0xB4,
    0x12, 0xCC, 0xDA, 0xA5, 0x71, 0x87, 0x6B, 0xF7, 0xA3, 0x6C, 0x33, 0x2F, 0xBD, 0x82, 0xAD, 0x07,
    0xBD, 0xFF, 0x00,
};

static const EpdGlyph lexenddeca_16_bolditalicGlyphs[] = {
    { 0, 0, 171, 0, 0, 0, 0 }, // U+0020
    { 11, 23, 165, 2, 23, 64, 0 }, // !
    { 16, 9, 254, 4, 23, 36, 64 }, // "
    { 25, 23, 391, 2, 23, 144, 100 }, // #
    { 23, 29, 338, 1, 26, 167, 244 }, // $
    { 28, 24, 516, 4, 24, 168, 411 }, // %
    { 24, 23, 414, 2, 23, 138, 579 }, // &
    { 9, 9, 134, 4, 23, 21, 717 }, // '
    { 15, 30, 208, 2, 23, 113, 738 }, // (
    { 15, 30, 208, -1, 23, 113, 851 }, // )
    { 15, 14, 235, 3, 25, 53, 964 }, // *
    { 18, 16, 318, 3, 17, 72, 1017 }, // +
    { 9, 11, 153, 0, 4, 25, 1089 }, // ,
    { 13, 5, 239, 3, 12, 17, 1114 }, // -
    { 7, 6, 137, 1, 6, 11, 1131 }, // .
    { 25, 28, 317, -1, 23, 175, 1142 }, // /
    { 21, 23, 360, 3, 23, 121, 1317 }, // 0
    { 16, 23, 299, 2, 23, 92, 1438 }, // 1
    { 20, 23, 292, 1, 23, 115, 1530 }, // 2
    { 21, 23, 315, 1, 23, 121, 1645 }, // 3
    { 21, 23, 353, 2, 23, 121, 1766 }, // 4
    { 21, 23, 318, 1, 23, 121, 1887 }, // 5
    { 19, 23, 309, 2, 23, 110, 2008 }, // 6
    { 20, 23, 295, 2, 23, 115, 2118 }, // 7
    { 20, 23, 319, 2, 23, 115, 2233 }, // 8
    { 19, 23, 308, 3, 23, 110, 2348 }, // 9
    { 10, 19, 137, 1, 19, 48, 2458 }, // :
    { 11, 26, 155, 0, 19, 72, 2506 }, // ;
    { 17, 18, 280, 2, 18, 77, 2578 }, // <
    { 20, 11, 332, 2, 15, 55, 2655 }, // =
    { 17, 18, 280, 2, 18, 77, 2710 }, // >
    { 16, 23, 286, 4, 23, 92, 2787 }, // ?
    { 32, 29, 515, 2, 23, 232, 2879 }, // @
    { 24, 23, 370, -1, 23, 138, 3111 }, // A
    { 23, 23, 374, 2, 23, 133, 3249 }, // B
    { 24, 23, 370, 3, 23, 138, 3382 }, // C
    { 25, 23, 412, 2, 23, 144, 3520 }, // D
    { 22, 23, 344, 2, 23, 127, 3664 }, // E
    { 22, 23, 330, 2, 23, 127, 3791 }, // F
    { 24, 23, 417, 3, 23, 138, 3918 }, // G
    { 26, 23, 415, 2, 23, 150, 4056 }, // H
    { 19, 23, 296, 2, 23, 110, 4206 }, // I
    { 23, 23, 355, 2, 23, 133, 4316 }, // J
    { 27, 23, 394, 2, 23, 156, 4449 }, // K
    { 18, 23, 325, 2, 23, 104, 4605 }, // L
    { 29, 23, 468, 2, 23, 167, 4709 }, // M
    { 27, 23, 430, 2, 23, 156, 4876 }, // N
    { 25, 23, 433, 3, 23, 144, 5032 }, // O
    { 22, 23, 353, 2, 23, 127, 5176 }, // P
    { 25, 27, 433, 3, 23, 169, 5303 }, // Q
    { 23, 23, 374, 2, 23, 133, 5472 }, // R
    { 23, 23, 338, 1, 23, 133, 5605 }, // S
    { 22, 23, 349, 4, 23, 127, 5738 }, // T
    { 24, 23, 408, 4, 23, 138, 5865 }, // U
    { 24, 23, 380, 4, 23, 138, 6003 }, // V
    { 34, 23, 530, 4, 23, 196, 6141 }, // W
    { 29, 23, 376, -1, 23, 167, 6337 }, // X
    { 24, 23, 367, 4, 23, 138, 6504 }, // Y
    { 24, 23, 364, 1, 23, 138, 6642 }, // Z
    { 17, 30, 224, 1, 23, 128, 6780 }, // [
    { 14, 27, 311, 5, 23, 95, 6908 }, // <backslash>
    { 16, 30, 224, 0, 23, 120, 7003 }, // ]
    { 20, 12, 316, 2, 24, 60, 7123 }, // ^
    { 21, 4, 366, 0, -2, 21, 7183 }, // _
    { 9, 7, 267, 8, 26, 16, 7204 }, // `
    { 21, 18, 351, 2, 18, 95, 7220 }, // a
    { 21, 25, 351, 2, 25, 132, 7315 }, // b
    { 19, 18, 291, 2, 18, 86, 7447 }, // c
    { 23, 25, 349, 2, 25, 144, 7533 }, // d
    { 19, 18, 312, 2, 18, 86, 7677 }, // e
    { 16, 25, 210, 3, 25, 100, 7763 }, // f
    { 23, 25, 357, 1, 18, 144, 7863 }, // g
    { 20, 25, 339, 2, 25, 125, 8007 }, // h
    { 12, 26, 170, 2, 26, 78, 8132 }, // i
    { 16, 33, 169, -2, 26, 132, 8210 }, // j
    { 23, 25, 334, 2, 25, 144, 8342 }, // k
    { 11, 25, 162, 2, 25, 69, 8486 }, // l
    { 31, 18, 513, 2, 18, 140, 8555 }, // m
    { 20, 18, 339, 2, 18, 90, 8695 }, // n
    { 20, 18, 342, 2, 18, 90, 8785 }, // o
    { 23, 25, 351, 0, 18, 144, 8875 }, // p
    { 21, 25, 351, 2, 18, 132, 9019 }, // q
    { 17, 18, 243, 2, 18, 77, 9151 }, // r
    { 18, 18, 264, 1, 18, 81, 9228 }, // s
    { 13, 23, 212, 3, 23, 75, 9309 }, // t
    { 20, 18, 342, 3, 18, 90, 9384 }, // u
    { 21, 18, 323, 3, 18, 95, 9474 }, // v
    { 28, 18, 445, 3, 18, 126, 9569 }, // w
    { 23, 18, 323, 0, 18, 104, 9695 }, // x
    { 21, 25, 331, 3, 18, 132, 9799 }, // y
    { 19, 18, 293, 1, 18, 86, 9931 }, // z
    { 16, 30, 228, 2, 23, 120, 10017 }, // {
    { 12, 31, 170, 1, 25, 93, 10137 }, // |
    { 15, 30, 228, 0, 23, 113, 10230 }, // }
    { 18, 6, 298, 2, 13, 27, 10343 }, // ~
    { 0, 0, 171, 0, 0, 0, 0 }, // U+00A0
    { 10, 24, 165, 1, 18, 60, 0 }, // U+00A1
    { 19, 23, 300, 3, 23, 110, 60 }, // U+00A2
    { 22, 24, 340, 1, 23, 132, 170 }, // U+00A3
    { 19, 17, 299, 2, 19, 81, 302 }, // U+00A4
    { 24, 23, 367, 4, 23, 138, 383 }, // U+00A5
    { 12, 31, 173, 1, 24, 93, 521 }, // U+00A6
    { 22, 28, 307, 0, 23, 154, 614 }, // U+00A7
    { 14, 6, 267, 6, 26, 21, 768 }, // U+00A8
    { 26, 23, 422, 2, 23, 150, 789 }, // U+00A9
    { 13, 11, 209, 4, 23, 36, 939 }, // U+00AA
    { 20, 15, 300, 1, 16, 75, 975 }, // U+00AB
    { 21, 11, 357, 3, 14, 58, 1050 }, // U+00AC
    { 0, 0, 0, 0, 0, 0, 1108 }, // U+00AD
    { 18, 16, 270, 3, 24, 72, 1108 }, // U+00AE
    { 13, 3, 226, 6, 24, 10, 1180 }, // U+00AF
    { 13, 10, 284, 6, 23, 33, 1190 }, // U+00B0
    { 20, 19, 342, 2, 19, 95, 1223 }, // U+00B1
    { 12, 13, 194, 4, 26, 39, 1318 }, // U+00B2
    { 11, 13, 190, 4, 26, 36, 1357 }, // U+00B3
    { 9, 7, 267, 8, 26, 16, 1393 }, // U+00B4
    { 22, 24, 341, 1, 18, 132, 1409 }, // U+00B5
    { 23, 23, 407, 4, 23, 133, 1541 }, // U+00B6
    { 7, 7, 137, 3, 15, 13, 1674 }, // U+00B7
    { 8, 9, 267, 3, 1, 18, 1687 }, // U+00B8
    { 8, 13, 155, 5, 27, 26, 1705 }, // U+00B9
    { 12, 10, 213, 4, 23, 30, 1731 }, // U+00BA
    { 19, 15, 301, 1, 16, 72, 1761 }, // U+00BB
    { 26, 24, 438, 2, 24, 156, 1833 }, // U+00BC
    { 26, 24, 441, 2, 24, 156, 1989 }, // U+00BD
    { 26, 24, 453, 3, 24, 156, 2145 }, // U+00BE
    { 17, 24, 286, 0, 18, 102, 2301 }, // U+00BF
    { 24, 31, 370, -1, 31, 186, 2403 }, // U+00C0
    { 24, 31, 370, -1, 31, 186, 2589 }, // U+00C1
    { 24, 30, 370, -1, 30, 180, 2775 }, // U+00C2
    { 25, 31, 370, -1, 31, 194, 2955 }, // U+00C3
    { 25, 31, 370, -1, 31, 194, 3149 }, // U+00C4
    { 24, 31, 370, -1, 31, 186, 3343 }, // U+00C5
    { 40, 23, 573, -1, 23, 230, 3529 }, // U+00C6
    { 24, 31, 370, 3, 23, 186, 3759 }, // U+00C7
    { 22, 31, 344, 2, 31, 171, 3945 }, // U+00C8
    { 22, 31, 344, 2, 31, 171, 4116 }, // U+00C9
    { 22, 30, 344, 2, 30, 165, 4287 }, // U+00CA
    { 22, 31, 344, 2, 31, 171, 4452 }, // U+00CB
    { 19, 31, 296, 2, 31, 148, 4623 }, // U+00CC
    { 19, 31, 296, 2, 31, 148, 4771 }, // U+00CD
    { 19, 30, 296, 2, 30, 143, 4919 }, // U+00CE
    { 20, 31, 296, 2, 31, 155, 5062 }, // U+00CF
    { 25, 23, 412, 2, 23, 144, 5217 }, // U+00D0
    { 27, 31, 430, 2, 31, 210, 5361 }, // U+00D1
    { 25, 31, 433, 3, 31, 194, 5571 }, // U+00D2
    { 25, 31, 433, 3, 31, 194, 5765 }, // U+00D3
    { 25, 30, 433, 3, 30, 188, 5959 }, // U+00D4
    { 25, 31, 433, 3, 31, 194, 6147 }, // U+00D5
    { 25, 31, 433, 3, 31, 194, 6341 }, // U+00D6
    { 18, 15, 284, 2, 17, 68, 6535 }, // U+00D7
    { 27, 25, 430, 2, 24, 169, 6603 }, // U+00D8
    { 24, 31, 408, 4, 31, 186, 6772 }, // U+00D9
    { 24, 31, 408, 4, 31, 186, 6958 }, // U+00DA
    { 24, 30, 408, 4, 30, 180, 7144 }, // U+00DB
    { 24, 31, 408, 4, 31, 186, 7324 }, // U+00DC
    { 24, 31, 367, 4, 31, 186, 7510 }, // U+00DD
    { 21, 23, 353, 2, 23, 121, 7696 }, // U+00DE
    { 20, 24, 356, 3, 24, 120, 7817 }, // U+00DF
    { 21, 27, 351, 2, 27, 142, 7937 }, // U+00E0
    { 21, 27, 351, 2, 27, 142, 8079 }, // U+00E1
    { 21, 27, 351, 2, 27, 142, 8221 }, // U+00E2
    { 21, 26, 351, 2, 26, 137, 8363 }, // U+00E3
    { 21, 27, 351, 2, 27, 142, 8500 }, // U+00E4
    { 21, 29, 351, 2, 29, 153, 8642 }, // U+00E5
    { 30, 18, 480, 1, 18, 135, 8795 }, // U+00E6
    { 19, 26, 291, 2, 18, 124, 8930 }, // U+00E7
    { 19, 27, 312, 2, 27, 129, 9054 }, // U+00E8
    { 19, 27, 312, 2, 27, 129, 9183 }, // U+00E9
    { 19, 27, 312, 2, 27, 129, 9312 }, // U+00EA
    { 20, 27, 312, 2, 27, 135, 9441 }, // U+00EB
    { 11, 27, 154, 2, 27, 75, 9576 }, // U+00EC
    { 12, 27, 154, 2, 27, 81, 9651 }, // U+00ED
    { 14, 27, 154, 2, 27, 95, 9732 }, // U+00EE
    { 15, 27, 154, 2, 27, 102, 9827 }, // U+00EF
    { 20, 25, 318, 2, 25, 125, 9929 }, // U+00F0
    { 21, 26, 339, 2, 26, 137, 10054 }, // U+00F1
    { 20, 27, 342, 2, 27, 135, 10191 }, // U+00F2
    { 20, 27, 342, 2, 27, 135, 10326 }, // U+00F3
    { 20, 27, 342, 2, 27, 135, 10461 }, // U+00F4
    { 20, 26, 342, 2, 26, 130, 10596 }, // U+00F5
    { 21, 27, 342, 2, 27, 142, 10726 }, // U+00F6
    { 19, 19, 318, 2, 18, 91, 10868 }, // U+00F7
    { 22, 20, 342, 1, 19, 110, 10959 }, // U+00F8
    { 20, 27, 342, 3, 27, 135, 11069 }, // U+00F9
    { 20, 27, 342, 3, 27, 135, 11204 }, // U+00FA
    { 20, 27, 342, 3, 27, 135, 11339 }, // U+00FB
    { 20, 27, 342, 3, 27, 135, 11474 }, // U+00FC
    { 21, 34, 331, 3, 27, 179, 11609 }, // U+00FD
    { 23, 32, 351, 0, 25, 184, 11788 }, // U+00FE
    { 21, 34, 331, 3, 27, 179, 11972 }, // U+00FF
    { 0, 0, 293, 0, 0, 0, 0 }, // U+2007
    { 0, 0, 139, 0, 0, 0, 0 }, // U+2008
    { 0, 0, 109, 0, 0, 0, 0 }, // U+2009
    { 0, 0, 54, 0, 0, 0, 0 }, // U+200A
    { 0, 0, 0, 0, 0, 0, 0 }, // U+200B
    { 0, 0, 0, 0, 0, 0, 0 }, // U+200C
    { 0, 0, 0, 0, 0, 0, 0 }, // U+200D
    { 0, 0, 0, 0, 0, 0, 0 }, // U+200E
    { 0, 0, 0, 0, 0, 0, 0 }, // U+200F
    { 13, 5, 239, 3, 12, 17, 0 }, // U+2010
    { 17, 5, 311, 3, 12, 22, 17 }, // U+2012
    { 18, 5, 317, 3, 12, 23, 39 }, // U+2013
    { 29, 5, 498, 3, 12, 37, 62 }, // U+2014
    { 29, 5, 492, 3, 12, 37, 99 }, // U+2015
    { 9, 11, 147, 4, 25, 25, 136 }, // U+2018
    { 9, 11, 147, 4, 25, 25, 161 }, // U+2019
    { 9, 11, 153, 0, 4, 25, 186 }, // U+201A
    { 17, 12, 270, 4, 25, 51, 211 }, // U+201C
    { 16, 11, 269, 4, 25, 44, 262 }, // U+201D
    { 16, 11, 273, 0, 4, 44, 306 }, // U+201E
    { 14, 17, 235, 4, 24, 60, 350 }, // U+2020
    { 14, 19, 227, 3, 25, 67, 410 }, // U+2021
    { 10, 9, 185, 3, 16, 23, 477 }, // U+2022
    { 23, 6, 392, 1, 6, 35, 500 }, // U+2026
    { 0, 0, 0, 0, 0, 0, 535 }, // U+202A
    { 0, 0, 0, 0, 0, 0, 535 }, // U+202B
    { 0, 0, 0, 0, 0, 0, 535 }, // U+202C
    { 0, 0, 0, 0, 0, 0, 535 }, // U+202D
    { 0, 0, 0, 0, 0, 0, 535 }, // U+202E
    { 41, 23, 720, 4, 23, 236, 535 }, // U+2030
    { 16, 9, 264, 4, 23, 36, 771 }, // U+2033
    { 11, 15, 168, 1, 16, 42, 807 }, // U+2039
    { 11, 15, 169, 1, 16, 42, 849 }, // U+203A
    { 26, 23, 323, -1, 23, 150, 891 }, // U+2044
    { 0, 0, 0, 0, 0, 0, 1041 }, // U+2060
    { 0, 0, 0, 0, 0, 0, 1041 }, // U+2061
    { 0, 0, 0, 0, 0, 0, 1041 }, // U+2062
    { 0, 0, 0, 0, 0, 0, 1041 }, // U+2063
    { 0, 0, 0, 0, 0, 0, 1041 }, // U+2064
    { 0, 0, 0, 0, 0, 0, 1041 }, // U+2066
    { 0, 0, 0, 0, 0, 0, 1041 }, // U+2067
    { 0, 0, 0, 0, 0, 0, 1041 }, // U+2068
    { 0, 0, 0, 0, 0, 0, 1041 }, // U+2069
    { 0, 0, 0, 0, 0, 0, 1041 }, // U+206A
    { 0, 0, 0, 0, 0, 0, 1041 }, // U+206B
    { 0, 0, 0, 0, 0, 0, 1041 }, // U+206C
    { 0, 0, 0, 0, 0, 0, 1041 }, // U+206D
    { 0, 0, 0, 0, 0, 0, 1041 }, // U+206E
    { 0, 0, 0, 0, 0, 0, 1041 }, // U+206F
    { 24, 29, 370, 3, 26, 174, 0 }, // U+20A1
    { 23, 23, 330, 1, 23, 133, 174 }, // U+20A3
    { 22, 24, 339, 1, 23, 132, 307 }, // U+20A4
    { 29, 23, 455, 2, 23, 167, 439 }, // U+20A6
    { 24, 23, 418, 4, 23, 138, 606 }, // U+20A7
    { 36, 23, 538, 2, 23, 207, 744 }, // U+20A9
    { 21, 23, 291, 1, 23, 121, 951 }, // U+20AB
    { 24, 23, 362, 2, 23, 138, 1072 }, // U+20AC
    { 27, 23, 408, 3, 23, 156, 1210 }, // U+20AD
    { 24, 23, 415, 4, 23, 138, 1366 }, // U+20B1
    { 24, 31, 417, 3, 26, 186, 1504 }, // U+20B2
    { 24, 29, 370, 3, 26, 174, 1690 }, // U+20B5
    { 20, 23, 321, 4, 23, 115, 1864 }, // U+20B9
    { 20, 23, 333, 2, 23, 115, 1979 }, // U+20BA
    { 24, 27, 413, 2, 27, 162, 2094 }, // U+20BC
    { 24, 23, 378, 2, 23, 138, 2256 }, // U+20BD
    { 8, 22, 165, 1, 22, 44, 0 }, // U+2669
    { 13, 22, 240, 1, 22, 72, 44 }, // U+266A
    { 19, 25, 342, 1, 23, 119, 116 }, // U+266B
    { 19, 25, 342, 1, 23, 119, 235 }, // U+266C
    { 9, 21, 185, 1, 20, 48, 354 }, // U+266D
    { 10, 21, 190, 1, 14, 53, 402 }, // U+266E
    { 16, 28, 295, 1, 20, 112, 455 }, // U+266F
    { 38, 35, 677, 2, 29, 333, 567 }, // U+2764
    { 24, 26, 380, 3, 26, 156, 0 }, // U+FB01
    { 23, 25, 372, 3, 25, 144, 156 }, // U+FB02
    { 32, 35, 677, 5, 29, 280, 0 }, // U+1F44D
    { 34, 35, 677, 4, 29, 298, 280 }, // U+1F600
};

static const EpdUnicodeInterval lexenddeca_16_bolditalicIntervals[] = {
    { 0x20, 0x7E, 0x0 },
    { 0xA0, 0xFF, 0x5F },
    { 0x2007, 0x2010, 0xBF },
    { 0x2012, 0x2015, 0xC9 },
    { 0x2018, 0x201A, 0xCD },
    { 0x201C, 0x201E, 0xD0 },
    { 0x2020, 0x2022, 0xD3 },
    { 0x2026, 0x2026, 0xD6 },
    { 0x202A, 0x202E, 0xD7 },
    { 0x2030, 0x2030, 0xDC },
    { 0x2033, 0x2033, 0xDD },
    { 0x2039, 0x203A, 0xDE },
    { 0x2044, 0x2044, 0xE0 },
    { 0x2060, 0x2064, 0xE1 },
    { 0x2066, 0x206F, 0xE6 },
    { 0x20A1, 0x20A1, 0xF0 },
    { 0x20A3, 0x20A4, 0xF1 },
    { 0x20A6, 0x20A7, 0xF3 },
    { 0x20A9, 0x20A9, 0xF5 },
    { 0x20AB, 0x20AD, 0xF6 },
    { 0x20B1, 0x20B2, 0xF9 },
    { 0x20B5, 0x20B5, 0xFB },
    { 0x20B9, 0x20BA, 0xFC },
    { 0x20BC, 0x20BD, 0xFE },
    { 0x2669, 0x266F, 0x100 },
    { 0x2764, 0x2764, 0x107 },
    { 0xFB01, 0xFB02, 0x108 },
    { 0x1F44D, 0x1F44D, 0x10A },
    { 0x1F600, 0x1F600, 0x10B },
};

static const EpdFontGroup lexenddeca_16_bolditalicGroups[] = {
    { 0, 4451, 11004, 95, 0 },
    { 4451, 3963, 12912, 96, 95 },
    { 8414, 540, 1144, 49, 191 },
    { 8954, 1085, 2450, 16, 240 },
    { 10039, 466, 970, 8, 256 },
    { 10505, 156, 306, 2, 264 },
    { 10661, 350, 595, 2, 266 },
};

static const EpdKernClassEntry lexenddeca_16_bolditalicKernLeftClasses[] = {
    { 0x0026, 1 }, // &
    { 0x0028, 2 }, // (
    { 0x002A, 3 }, // *
    { 0x002C, 4 }, // ,
    { 0x002E, 5 }, // .
    { 0x002F, 6 }, // /
    { 0x0030, 7 }, // 0
    { 0x0031, 8 }, // 1
    { 0x0032, 9 }, // 2
    { 0x0033, 10 }, // 3
    { 0x0034, 11 }, // 4
    { 0x0035, 12 }, // 5
    { 0x0037, 13 }, // 7
    { 0x0039, 7 }, // 9
    { 0x003C, 14 }, // <
    { 0x003E, 15 }, // >
    { 0x003F, 16 }, // ?
    { 0x0040, 17 }, // @
    { 0x0041, 18 }, // A
    { 0x0042, 19 }, // B
    { 0x0043, 20 }, // C
    { 0x0044, 21 }, // D
    { 0x0045, 22 }, // E
    { 0x0046, 23 }, // F
    { 0x0047, 24 }, // G
    { 0x0049, 25 }, // I
    { 0x004A, 26 }, // J
    { 0x004B, 27 }, // K
    { 0x004C, 28 }, // L
    { 0x004F, 21 }, // O
    { 0x0050, 29 }, // P
    { 0x0051, 30 }, // Q
    { 0x0052, 31 }, // R
    { 0x0053, 32 }, // S
    { 0x0054, 33 }, // T
    { 0x0055, 34 }, // U
    { 0x0056, 35 }, // V
    { 0x0057, 36 }, // W
    { 0x0058, 37 }, // X
    { 0x0059, 38 }, // Y
    { 0x005A, 39 }, // Z
    { 0x005B, 40 }, // [
    { 0x005C, 41 }, // <backslash>
    { 0x005F, 42 }, // _
    { 0x0061, 43 }, // a
    { 0x0062, 44 }, // b
    { 0x0063, 45 }, // c
    { 0x0064, 46 }, // d
    { 0x0065, 47 }, // e
    { 0x0066, 48 }, // f
    { 0x0067, 49 }, // g
    { 0x0068, 50 }, // h
    { 0x0069, 51 }, // i
    { 0x006A, 52 }, // j
    { 0x006B, 53 }, // k
    { 0x006C, 54 }, // l
    { 0x006D, 50 }, // m
    { 0x006E, 50 }, // n
    { 0x006F, 44 }, // o
    { 0x0070, 44 }, // p
    { 0x0071, 55 }, // q
    { 0x0072, 56 }, // r
    { 0x0073, 57 }, // s
    { 0x0074, 58 }, // t
    { 0x0075, 59 }, // u
    { 0x0076, 60 }, // v
    { 0x0077, 61 }, // w
    { 0x0078, 62 }, // x
    { 0x0079, 63 }, // y
    { 0x007A, 64 }, // z
    { 0x007B, 65 }, // {
    { 0x007D, 66 }, // }
    { 0x00A1, 67 }, // U+00A1
    { 0x00A3, 68 }, // U+00A3
    { 0x00B7, 69 }, // U+00B7
    { 0x00BF, 70 }, // U+00BF
    { 0x00C0, 18 }, // U+00C0
    { 0x00C1, 18 }, // U+00C1
    { 0x00C2, 18 }, // U+00C2
    { 0x00C3, 18 }, // U+00C3
    { 0x00C4, 18 }, // U+00C4
    { 0x00C5, 18 }, // U+00C5
    { 0x00C6, 22 }, // U+00C6
    { 0x00C8, 22 }, // U+00C8
    { 0x00C9, 22 }, // U+00C9
    { 0x00CA, 22 }, // U+00CA
    { 0x00CB, 22 }, // U+00CB
    { 0x00D0, 21 }, // U+00D0
    { 0x00D2, 21 }, // U+00D2
    { 0x00D3, 21 }, // U+00D3
    { 0x00D4, 21 }, // U+00D4
    { 0x00D5, 21 }, // U+00D5
    { 0x00D6, 21 }, // U+00D6
    { 0x00D8, 21 }, // U+00D8
    { 0x00D9, 34 }, // U+00D9
    { 0x00DA, 34 }, // U+00DA
    { 0x00DB, 34 }, // U+00DB
    { 0x00DC, 34 }, // U+00DC
    { 0x00DD, 38 }, // U+00DD
    { 0x00DE, 71 }, // U+00DE
    { 0x00DF, 72 }, // U+00DF
    { 0x00E0, 43 }, // U+00E0
    { 0x00E1, 43 }, // U+00E1
    { 0x00E2, 43 }, // U+00E2
    { 0x00E3, 43 }, // U+00E3
    { 0x00E4, 43 }, // U+00E4
    { 0x00E5, 43 }, // U+00E5
    { 0x00E7, 45 }, // U+00E7
    { 0x00E8, 47 }, // U+00E8
    { 0x00E9, 47 }, // U+00E9
    { 0x00EA, 47 }, // U+00EA
    { 0x00EB, 47 }, // U+00EB
    { 0x00EC, 51 }, // U+00EC
    { 0x00ED, 51 }, // U+00ED
    { 0x00EE, 51 }, // U+00EE
    { 0x00EF, 51 }, // U+00EF
    { 0x00F0, 73 }, // U+00F0
    { 0x00F1, 50 }, // U+00F1
    { 0x00F2, 44 }, // U+00F2
    { 0x00F3, 44 }, // U+00F3
    { 0x00F4, 44 }, // U+00F4
    { 0x00F5, 44 }, // U+00F5
    { 0x00F6, 44 }, // U+00F6
    { 0x00F8, 44 }, // U+00F8
    { 0x00F9, 59 }, // U+00F9
    { 0x00FA, 59 }, // U+00FA
    { 0x00FB, 59 }, // U+00FB
    { 0x00FC, 59 }, // U+00FC
    { 0x00FD, 63 }, // U+00FD
    { 0x00FE, 44 }, // U+00FE
    { 0x00FF, 63 }, // U+00FF
    { 0x2018, 74 }, // U+2018
    { 0x2019, 75 }, // U+2019
    { 0x201C, 76 }, // U+201C
    { 0x201D, 77 }, // U+201D
    { 0x2022, 78 }, // U+2022
    { 0xFB01, 51 }, // U+FB01
    { 0xFB02, 54 }, // U+FB02
};

static const EpdKernClassEntry lexenddeca_16_bolditalicKernRightClasses[] = {
    { 0x0021, 1 }, // !
    { 0x0026, 2 }, // &
    { 0x0029, 3 }, // )
    { 0x002A, 4 }, // *
    { 0x002C, 5 }, // ,
    { 0x002D, 6 }, // -
    { 0x002E, 7 }, // .
    { 0x002F, 8 }, // /
    { 0x0030, 9 }, // 0
    { 0x0031, 10 }, // 1
    { 0x0032, 11 }, // 2
    { 0x0034, 12 }, // 4
    { 0x0036, 13 }, // 6
    { 0x0037, 14 }, // 7
    { 0x0038, 15 }, // 8
    { 0x003C, 16 }, // <
    { 0x003F, 17 }, // ?
    { 0x0040, 18 }, // @
    { 0x0041, 19 }, // A
    { 0x0043, 20 }, // C
    { 0x0047, 20 }, // G
    { 0x0049, 21 }, // I
    { 0x004A, 22 }, // J
    { 0x004F, 20 }, // O
    { 0x0051, 20 }, // Q
    { 0x0053, 23 }, // S
    { 0x0054, 24 }, // T
    { 0x0055, 25 }, // U
    { 0x0056, 26 }, // V
    { 0x0057, 27 }, // W
    { 0x0058, 28 }, // X
    { 0x0059, 29 }, // Y
    { 0x005A, 30 }, // Z
    { 0x005B, 31 }, // [
    { 0x005C, 32 }, // <backslash>
    { 0x005D, 33 }, // ]
    { 0x005F, 34 }, // _
    { 0x0061, 35 }, // a
    { 0x0062, 36 }, // b
    { 0x0063, 35 }, // c
    { 0x0064, 35 }, // d
    { 0x0065, 35 }, // e
    { 0x0066, 37 }, // f
    { 0x0067, 38 }, // g
    { 0x0068, 36 }, // h
    { 0x006A, 39 }, // j
    { 0x006B, 36 }, // k
    { 0x006C, 36 }, // l
    { 0x006D, 40 }, // m
    { 0x006E, 40 }, // n
    { 0x006F, 35 }, // o
    { 0x0070, 41 }, // p
    { 0x0071, 35 }, // q
    { 0x0072, 40 }, // r
    { 0x0073, 42 }, // s
    { 0x0074, 43 }, // t
    { 0x0075, 44 }, // u
    { 0x0076, 45 }, // v
    { 0x0077, 46 }, // w
    { 0x0078, 47 }, // x
    { 0x0079, 48 }, // y
    { 0x007A, 49 }, // z
    { 0x007B, 31 }, // {
    { 0x007D, 50 }, // }
    { 0x00A1, 51 }, // U+00A1
    { 0x00B7, 52 }, // U+00B7
    { 0x00BF, 53 }, // U+00BF
    { 0x00C0, 54 }, // U+00C0
    { 0x00C1, 54 }, // U+00C1
    { 0x00C2, 54 }, // U+00C2
    { 0x00C3, 54 }, // U+00C3
    { 0x00C4, 54 }, // U+00C4
    { 0x00C5, 54 }, // U+00C5
    { 0x00C6, 55 }, // U+00C6
    { 0x00C7, 20 }, // U+00C7
    { 0x00D2, 20 }, // U+00D2
    { 0x00D3, 20 }, // U+00D3
    { 0x00D4, 20 }, // U+00D4
    { 0x00D5, 20 }, // U+00D5
    { 0x00D6, 20 }, // U+00D6
    { 0x00D8, 20 }, // U+00D8
    { 0x00D9, 25 }, // U+00D9
    { 0x00DA, 25 }, // U+00DA
    { 0x00DB, 25 }, // U+00DB
    { 0x00DC, 25 }, // U+00DC
    { 0x00DD, 56 }, // U+00DD
    { 0x00DF, 57 }, // U+00DF
    { 0x00E0, 35 }, // U+00E0
    { 0x00E1, 35 }, // U+00E1
    { 0x00E2, 35 }, // U+00E2
    { 0x00E3, 35 }, // U+00E3
    { 0x00E4, 35 }, // U+00E4
    { 0x00E5, 35 }, // U+00E5
    { 0x00E7, 35 }, // U+00E7
    { 0x00E8, 35 }, // U+00E8
    { 0x00E9, 35 }, // U+00E9
    { 0x00EA, 35 }, // U+00EA
    { 0x00EB, 35 }, // U+00EB
    { 0x00F0, 58 }, // U+00F0
    { 0x00F1, 40 }, // U+00F1
    { 0x00F2, 35 }, // U+00F2
    { 0x00F3, 35 }, // U+00F3
    { 0x00F4, 35 }, // U+00F4
    { 0x00F5, 35 }, // U+00F5
    { 0x00F6, 35 }, // U+00F6
    { 0x00F8, 35 }, // U+00F8
    { 0x00F9, 44 }, // U+00F9
    { 0x00FA, 44 }, // U+00FA
    { 0x00FB, 44 }, // U+00FB
    { 0x00FC, 44 }, // U+00FC
    { 0x00FD, 48 }, // U+00FD
    { 0x00FE, 59 }, // U+00FE
    { 0x00FF, 48 }, // U+00FF
    { 0x2013, 6 }, // U+2013
    { 0x2014, 60 }, // U+2014
    { 0x2018, 61 }, // U+2018
    { 0x2019, 62 }, // U+2019
    { 0x201C, 63 }, // U+201C
    { 0x201D, 64 }, // U+201D
    { 0x2022, 65 }, // U+2022
    { 0xFB01, 37 }, // U+FB01
    { 0xFB02, 37 }, // U+FB02
};

static const int8_t lexenddeca_16_bolditalicKernMatrix[] = {
       0,    0,   -8,    0,    0,    0,    0,    0,    0,    0,    0,    0,    0,    0,    0,    0,    0,    0,    0,    0,    0,    0,    0,  -29,    0,  -32,  -21,    0,  -27,    0,    0,    0,    0,    0,    0,    0,    0,    0,    0,    0,    0,    0,    0,    0,  -16,  -16,    0,  -16,    0,    0,    0,    0,    0,    0,    0,  -27,    0,   -5,    0,    0,    0,    0,    0,    0,    0,
       0,    0,    0,    0,    0,    0,    0,    0,    0,    0,    0,    0,    0,    0,    0,    0,    0,    0,    0,  -16,    0,  -21,    0,    0,    0,    0,    0,    0,    0,    0,    0,    0,    0,    0,  -13,    0,    0,  -13,   16,    0,   16,    0,    0,    0,    0,    0,    0,    0,    0,    0,    0,    0,    0,    0,    0,    0,    0,  -13,    8,    0,    0,    0,    0,    0,    0,
       0,    0,    0,    0,    0,    0,    0,    0,    0,    0,    0,    0,    0,    0,    0,    0,    0,    0,  -40,    0,    0,    0,    0,    0,    0,    0,    0,    0,    0,    0,    0,    0,    0,    0,    0,    0,    0,    0,    0,    0,    0,    0,    0,    0,    3,    0,    0,    0,    0,    0,    0,    0,    0,  -40,    0,    0,    0,  -13,    0,    0,    0,    0,    0,    0,    0,
       0,    0,    0,    0,    0,    0,    0,    0,    0,    0,    0,  -13,    0,    0,    0,    0,    0,    0,    0,  -11,    0,    0,    0,  -53,    0,  -64,  -43,    0,  -64,    0,    0,    0,    0,    0,    0,    0,    0,    0,    0,    0,    0,    0,    0,    0,  -43,  -21,    0,  -21,    0,    0,    0,    0,    0,    0,    0,  -64,    0,    0,    0,    0,    0,    0,    0,    0,    0,
       0,    0,    0,    0,    0,    0,    0,    0,    0,    0,    0,  -13,    0,    0,    0,    0,    0,    0,    0,  -11,    0,    0,    0,  -53,    0,  -53,  -43,    0,  -64,    0,    0,    0,    0,    0,    0,    0,    0,    0,    0,    0,    0,    0,    0,    0,  -43,  -21,    0,  -21,    0,    0,    0,    0,    0,    0,    0,  -64,    0,    0,    0,    0,    0,    0,    0,    0,    0,
       0,    0,    0,    0,    0,    0,    0,  -49,  -27,  -16,  -16,  -32,  -27,    0,    0,    0,    0,    0,  -53,  -21,    0,  -27,    0,    0,    0,    0,    0,    0,    0,    0,    0,    0,    0,    0,  -27,    0,    0,  -27,    0,    0,    0,  -16,    0,    0,   -1,    0,   -3,    0,    0,    0,    0,    0,    0,  -53,    0,    0,   -6,  -17,    0,    0,    0,    0,    0,    0,    0,
       0,    0,    0,    0,    0,    0,    0,  -27,    0,    0,    0,    0,    0,    0,    0,    0,    0,    0,    0,    0,    0,    0,    0,    0,    0,    0,    0,    0,    0,    0,    0,    0,    0,    0,    0,    0,    0,    0,    0,    0,    0,    0,    0,    0,    0,    0,    0,    0,    0,    0,    0,    0,    0,    0,    0,    0,    0,    0,    0,    0,    0,    0,    0,    0,    0,
       0,    0,    0,    0,    0,    0,    0,    0,    0,    0,    0,    0,    0,    0,    0,  -21,    0,    0,    0,    0,    0,    0,    0,    0,    0,    0,    0,    0,    0,    0,    0,    0,    0,    0,    0,    0,    0,    0,    0,    0,    0,    0,    0,    0,    0,    0,    0,    0,    0,    0,    0,    0,    0,    0,    0,    0,    0,    0,    0,    0,    0,    0,    0,    0,    0,
       0,    0,    0,    0,    0,    0,    0,    0,    0,    0,    0,  -11,    0,    0,    0,    0,    0,    0,    0,    0,    0,    0,    0,    0,    0,    0,    0,    0,    0,    0,    0,    0,    0,    0,    0,    0,    0,    0,    0,    0,    0,    0,    0,    0,    0,    0,    0,    0,    0,    5,    0,    0,    0,    0,    0,    0,    0,    0,    0,    0,    0,    0,    0,    0,    0,
       0,    0,    0,    0,    0,    0,    0,  -13,    0,    0,    0,    0,    0,    0,    0,    0,    0,    0,    0,    0,    0,    0,    0,    0,    0,    0,    0,    0,    0,    0,    0,    0,    0,    0,    0,    0,    0,    0,    0,    0,    0,    0,    0,    0,    0,    0,    0,    0,    0,    0,    0,    0,    0,    0,    0,    0,    0,    0,    0,    0,    0,    0,    0,    0,    0,
       0,    0,    0,    0,    0,    0,    0,    0,    0,    0,  -11,    0,    0,  -11,    0,    0,    0,    0,    0,    0,    0,    0,    0,    0,    0,    0,    0,    0,    0,    0,    0,    0,    0,    0,    0,    0,    0,    0,    0,    0,    0,    0,    0,    0,    0,    0,    0,    0,    0,    0,    0,    0,    0,    0,    0,    0,    0,    0,    0,    0,    0,    0,    0,    0,    0,
       0,    0,    0,    0,    0,    0,    0,  -21,    0,    0,    0,    0,    0,    0,    0,    0,    0,    0,    0,    0,    0,    0,    0,    0,    0,    0,    0,    0,    0,    0,    0,    0,    0,    0,    0,    0,    0,    0,    0,    0,    0,    0,    0,    0,    0,    0,    0,    0,    0,    0,    0,    0,    0,    0,    0,    0,    0,    0,    0,    0,    0,    0,    0,    0,    0,
       0,    0,    0,    0,  -53,    0,  -43,  -64,    0,   -8,  -11,  -13,  -11,    0,  -11,  -27,    0,    0,    0,    0,    0,    0,    0,    0,    0,    0,    0,    0,    0,    0,    0,    0,    0,    0,    0,    0,    0,    0,    0,    0,    0,    0,    0,    0,    0,    0,    0,    0,    0,    0,    0,    0,    0,    0,    0,    0,    0,    0,    0,    0,    0,    0,    0,    0,    0,
       0,    0,    0,    0,    0,    0,    0,    0,    0,  -11,    0,    0,    0,    0,    0,    0,    0,    0,    0,    0,    0,    0,    0,    0,    0,    0,    0,    0,    0,    0,    0,    0,    0,    0,    0,    0,    0,    0,    0,    0,    0,    0,    0,    0,    0,    0,    0,    0,    0,    0,    0,    0,    0,    0,    0,    0,    0,    0,    0,    0,    0,    0,    0,    0,    0,
       0,    0,    0,    0,    0,    0,    0,    0,    0,  -32,  -16,    0,    0,  -27,    0,    0,    0,    0,    0,    0,    0,    0,    0,    0,    0,    0,    0,    0,    0,    0,    0,    0,    0,    0,    0,    0,    0,    0,    0,    0,    0,    0,    0,    0,    0,    0,    0,    0,    0,    0,    0,    0,    0,    0,    0,    0,    0,    0,    0,    0,    0,    0,    0,    0,    0,
       0,    0,    0,    0,    0,    0,    0,    0,    0,    0,    0,    0,    0,    0,    0,    0,    0,    0,  -21,    0,    0,  -40,    0,    0,    0,    0,    0,    0,    0,    0,    0,    0,    0,    0,    0,    0,    0,    0,    0,    0,    0,    0,    0,    0,    0,    0,    0,    0,    0,    0,    0,    0,    0,  -21,    0,    0,    0,   -8,    0,    0,    0,    0,    0,    0,    0,
       0,    0,    0,    0,    0,    0,    0,    0,    0,    0,    0,    0,    0,    0,    0,    0,    0,    0,    0,    0,    0,    0,    0,    0,    0,   -3,    0,    0,    0,    0,    0,    0,    0,    0,    0,    0,    0,    0,    0,    0,    0,    0,    0,    0,    0,    0,   -2,    0,    0,    0,    0,    0,    0,    0,    0,    0,    0,    0,    0,    0,    0,    0,    0,    0,    0,
       0,    0,    0,  -40,    0,  -27,    0,    0,    0,    0,    0,    0,    0,    0,    0,    0,    0,    0,    0,  -11,    0,    0,    0,  -27,  -11,  -40,  -21,    0,  -43,    0,    0,  -53,    0,    0,  -11,    0,  -11,   -5,    0,    0,    0,    0,   -3,   -5,  -27,  -24,    0,  -13,    0,    0,    0,    0,    0,    0,    0,  -43,  -11,  -11,    0,  -27,  -69,  -72,  -37,  -40,    0,
       0,    0,  -11,    0,    0,    0,    0,  -21,    0,    0,    0,    0,    0,    0,    0,    0,    0,    0,    0,    0,    0,    0,    0,   -8,    0,   -4,   -3,   -6,  -12,    0,    0,    0,    0,    0,   -1,   -2,    0,   -3,    0,    0,    0,    0,    0,    0,    0,    0,   -2,    0,    0,    0,    0,    0,    0,    0,    0,  -12,    0,   -1,   -2,    0,    0,    0,    0,    0,    0,
       0,    0,   11,    0,    0,    0,    0,    0,    0,    0,    0,    0,    0,    0,    0,    0,    0,    0,    0,    0,    0,    0,    0,    0,    0,    0,    0,    0,    0,    0,    0,    0,    0,    0,    0,    0,    0,    0,    0,    0,    0,    0,    0,    0,    0,    0,    0,    0,    0,    0,    0,    0,    0,    0,    0,    0,    0,    0,    0,    0,    0,   21,    0,   21,    0,
       0,    0,  -16,    0,    0,    0,  -11,  -21,    0,    0,    0,    0,    0,    0,    0,    0,    0,    0,  -11,    0,   -8,   -8,    0,  -16,    0,  -16,   -3,  -19,  -19,  -24,    0,  -27,    0,    0,    0,    0,    0,    0,    0,    0,    0,    0,    0,    0,    0,    0,   -5,    0,   -1,  -13,    0,    0,    0,  -11,    0,  -19,    0,    0,    0,    0,    0,    0,    0,    0,    0,
       0,    0,    0,    0,    0,    0,    0,    0,    0,    0,    0,    0,    0,    0,    0,    0,    0,    0,    0,    0,    0,   -5,    0,    0,    0,    0,    0,    0,    0,    0,    0,    0,    0,    0,   -3,    0,    0,   -5,    0,    0,    0,    0,    0,   -5,   -8,    0,    0,   -5,    0,    0,    0,    0,    0,    0,    0,    0,    0,   -3,    0,    0,    0,    0,    0,    0,    0,
       0,    0,    0,    0,  -43,    0,  -43,    0,    0,    0,    0,    0,    0,    0,    0,    0,    0,    0,  -32,   -5,    0,  -64,   -3,    8,    0,    0,    0,   -3,    0,    0,    0,    0,    0,    0,   -8,    0,    0,   -5,    0,   -5,   -5,   -5,    0,   -8,   -3,    0,   -8,    0,   -3,    0,    0,    0,    0,  -32,  -58,    0,    0,   -8,    0,    0,    0,    0,    0,    0,    0,
       0,    0,    0,    0,    0,    0,    0,  -21,    0,    0,    0,    0,    0,    0,    0,    0,    0,    0,   -5,    0,   -5,    0,    0,  -13,    0,   -8,   -5,    0,  -13,    0,    0,  -27,    0,    0,    0,    0,    0,    0,    0,    0,    0,    0,    0,    0,    0,    0,    0,    0,    0,    0,    0,    0,    0,   -5,    0,  -13,    0,    0,    0,    0,    0,    0,    0,    0,    0,
       0,    0,    0,    0,    0,    0,    0,    0,    0,    0,    0,    0,    0,    0,    0,    0,    0,    0,    0,   -8,    0,    0,    0,    0,    0,    0,    0,    0,    0,    0,    0,    0,    0,    0,    0,    0,    0,    0,    0,    0,    0,    0,    0,    0,    0,    0,    0,    0,    0,    0,    0,    0,    0,    0,    0,    0,    0,    0,    0,    0,    0,    0,    0,    0,    0,
       0,    0,   21,    0,  -37,    0,  -27,  -27,    0,    0,    0,    0,    0,    0,    0,    0,    0,    0,  -40,  -16,    0,  -27,    0,    0,    0,    0,    0,    0,    0,    0,    0,    0,   16,    0,  -27,    0,  -27,  -27,    0,  -21,  -21,  -21,    0,  -27,  -21,  -11,    0,  -21,  -11,   21,    0,    0,    0,  -40,    0,    0,  -27,  -27,    0,    0,   32,   43,   32,   43,    0,
       0,    0,    0,    0,    0,  -48,    0,    0,    0,    0,    0,    0,    0,    0,    0,    0,    0,    0,    0,  -24,    0,  -16,   -5,    0,   -8,   -3,   -3,    0,   11,    0,    0,    0,    0,    0,  -24,    0,    0,    0,    0,   -4,   -4,   -2,   -2,   -6,  -21,  -21,    0,  -21,    0,    0,    0,    0,    0,    0,    0,   11,    0,  -24,    0,  -48,    0,    0,    0,    0,    0,
       0,    0,    0,  -40,    0,  -32,    0,    0,    0,    0,    0,    0,    0,    0,    0,    0,    0,    0,    0,  -11,    0,    0,    0,  -45,  -11,  -40,  -40,    0,  -64,    0,    0,  -53,    0,    0,  -11,    0,    0,    0,    0,    0,    0,    0,   -3,    0,  -13,   -3,    0,  -21,   11,    0,    0,    0,    0,    0,    0,  -64,    0,  -11,    0,  -32,  -64,  -53,  -64,  -53,    0,
       0,    0,    0,    0,  -69,    0,  -53,  -43,    0,    0,    0,    0,    0,    0,    0,    0,    0,    0,  -35,    0,    0,  -40,    0,    0,    0,    0,    4,   -8,    0,   -8,    0,  -27,    0,    0,   -5,    0,    4,   -5,    0,    0,    0,    0,    8,   -3,    5,    8,    0,    5,    0,    0,    0,    0,    0,  -35,    0,    0,    4,   -5,    0,    0,   16,   27,   16,   27,    0,
       0,    0,  -16,    0,    0,    0,  -11,  -21,    0,    0,    0,    0,    0,    0,    0,    0,    0,    0,  -11,    0,   -8,   -8,    0,  -16,    0,  -16,   -3,  -19,  -19,  -24,    0,  -27,    0,   -5,    0,    0,    0,    0,    0,    0,    0,    0,    0,    0,    0,    0,   -5,    0,   -1,  -13,    0,    0,    0,  -11,    0,  -19,    0,    0,    0,    0,    0,    0,    0,    0,    0,
       0,    0,    0,    0,    0,  -32,    0,    0,    0,    0,    0,    0,    0,    0,    0,    0,    0,    0,    0,   -5,    0,  -16,    0,  -11,   -3,  -16,   -1,    0,  -27,    0,    0,  -21,    0,    0,  -11,    0,    0,    0,    0,    0,    0,    0,    0,   -5,    0,    0,    0,    0,    0,    0,    0,    0,    0,    0,    0,  -27,    0,  -11,    0,  -32,    0,    0,    0,    0,    0,
       0,    0,    0,    0,    0,    0,    0,    0,    0,    0,    0,    0,    0,    0,    0,    0,    0,    0,    0,    0,    0,    0,    0,    0,    0,    0,    0,   -8,   -8,    0,    0,    0,    0,    0,    0,    0,    0,    0,    0,    0,    0,    0,    0,    0,    0,    0,    0,    0,    0,    0,    0,    0,    0,    0,    0,   -8,    0,    0,    0,    0,    0,    0,    0,    0,    0,
       0,  -29,    0,    0,  -53,  -53,  -53,  -32,    0,    0,    0,    0,    0,    0,    0,    0,    0,    0,  -27,  -16,    0,  -43,    0,   16,    0,    5,    5,    0,    5,    0,    0,    0,    0,    0,  -53,    0,    0,  -24,    0,  -32,  -11,  -53,    0,  -53,   -5,  -37,   -8,  -27,  -37,    0,    0,    0,    0,  -27,  -62,    5,    0,  -53,    0,  -53,    0,    0,    0,    0,    0,
       0,    0,    0,    0,    0,    0,    0,    0,    0,    0,    0,    0,    0,    0,    0,    0,    0,    0,  -11,    0,    0,   -5,   -5,    0,    0,    0,    0,   -5,   -5,    0,    0,    0,    0,    0,    0,    0,    0,    0,    0,    0,    0,    0,    0,    0,    0,    0,   -3,    0,    0,    0,    0,    0,    0,  -11,    0,   -5,    0,    0,    0,    0,    0,    0,    0,    0,    0,
       0,  -27,    0,    0,  -64,    0,  -53,  -43,    0,    0,    0,    0,    0,    0,    0,    0,    4,   -3,  -40,  -16,    0,  -53,   -5,    5,    0,    0,    0,    0,    0,    0,  -53,    0,    0,  -15,  -32,    0,    0,  -11,    0,  -11,   -7,   -8,    0,  -13,    0,    0,    0,    0,   -3,  -53,   -3,   -6,  -11,  -40,  -70,    0,    0,  -32,    0,  -53,    0,    0,    0,    0,   -4,
       0,  -16,    0,    0,  -43,    0,  -43,  -43,    0,    0,    0,    0,    0,    0,    0,    0,    0,    0,  -21,   -3,    0,  -43,   -5,    5,    0,    0,    0,    0,    0,    0,  -37,    0,    0,    0,  -13,    0,    0,  -11,    0,   -2,   -2,    0,    0,   -5,    0,    0,    0,    0,    0,  -37,    0,    0,    0,  -21,    0,    0,    0,  -13,    0,  -37,    0,    0,    0,    0,    0,
       0,    0,    0,    0,    0,    0,    0,    0,    0,    0,    0,    0,    0,    0,    0,    0,    0,    0,    0,  -19,    0,    0,   -8,    0,   -5,    0,    0,    0,    0,    0,  -43,    0,    0,    0,  -13,    0,    0,   -1,    0,    0,    0,    0,    0,   -5,  -14,   -9,    0,  -13,    0,  -43,    0,    0,    0,    0,    0,    0,    0,  -13,    0,  -43,    0,    0,    0,    0,    0,
       0,  -27,    0,    0,  -64,    0,  -64,  -64,    0,    0,    0,    0,    0,    0,    0,    0,    0,    0,  -43,  -19,    0,  -64,  -13,    5,   -5,    0,    0,    0,    0,    0,  -53,    0,    0,    0,  -43,    0,    0,  -43,    0,  -12,  -11,  -19,    0,  -11,   -5,   -5,  -11,   -5,   -5,  -53,    0,    0,    0,  -43,    0,    0,    0,  -43,    0,  -64,    0,    0,    0,    0,    0,
       0,    0,    0,    0,    0,    0,    0,    0,    0,    0,    0,    0,    0,    0,    0,    0,    0,    0,    0,   -3,    0,    0,    0,    0,    0,    0,    0,    0,    0,    0,    0,    0,    0,    0,   -3,    0,    0,    0,    0,    0,    0,    0,    0,   -3,   -3,    0,    0,    0,    0,    0,    0,    0,    0,    0,    0,    0,    0,   -3,    0,    0,    0,    0,    0,    0,    0,
       0,    0,    0,    0,    0,    0,    0,    0,    0,  -21,  -27,    0,    0,    0,    0,    0,    0,    0,  -27,    0,    0,  -59,    0,  -53,    0,  -53,  -37,  -43,  -64,    0,    0,    0,    0,    0,    0,    0,    0,    0,    0,    0,    0,    0,    0,    0,  -11,  -11,  -21,  -11,    0,    0,    0,    0,    0,    0,    0,    0,    0,    0,    0,    0,    0,    0,    0,    0,    0,
       0,    0,    0,    0,    0,    0,    0,    0,    0,    0,    0,    0,    0,    0,    0,    0,    0,    0,    0,  -27,    0,    0,    0,  -32,    0,  -21,  -21,    0,  -43,    0,    0,  -49,    0,    0,    0,    0,    0,    0,   32,    0,    0,    0,    0,    0,   -4,    0,   -1,    0,    0,    0,    0,    0,    0,    0,    0,  -43,   -3,  -12,    0,    0,    0,    0,    0,    0,    0,
       0,    0,    0,    0,    0,    0,    0,    0,    0,    0,    0,    0,    0,    0,    0,    0,    0,    0,    0,    0,    0,    0,    0,    0,    0,  -15,    0,    0,    0,    0,    0,    0,    0,    0,    0,    0,    0,    0,    0,    0,    0,    0,    0,    0,  -11,    0,    0,    0,    0,    0,    0,    0,    0,    0,    0,    0,    0,  -18,    4,    0,    0,    0,    0,    0,    0,
       0,    0,    0,    0,    0,    0,    0,    0,    0,    0,    0,    0,    0,    0,    0,    0,    0,    0,   11,  -11,    0,    0,    0,  -35,   -5,  -15,   -5,    0,  -28,    0,    0,  -16,    0,    0,    0,    0,    0,    0,    0,    0,    0,    0,    0,   -5,   -6,   -3,    0,   -6,    0,    0,    0,    0,    0,   11,    0,  -28,    0,    0,    0,    0,    0,    0,    0,    0,    0,
       0,    0,  -13,    0,    0,    0,    0,  -27,    0,    0,    0,    0,    0,    0,    0,    0,    0,    0,    0,    0,    0,    0,    0,  -26,    0,  -12,   -8,   -9,  -21,   -5,    0,  -27,    0,    0,    0,    0,  -11,    0,    0,    0,    0,    0,    0,    0,   -8,  -11,  -11,  -11,   -5,  -13,    0,    0,    0,    0,    0,  -21,  -11,    0,    0,    0,    0,    0,    0,    0,    0,
       0,    0,    0,    0,    0,    0,    0,    0,    0,    0,    0,    0,    0,    0,    0,    0,    0,    0,    0,    0,    0,    0,    0,  -16,    0,   -8,   -5,   -3,  -19,    0,    0,    0,    0,    0,    0,    0,    0,    0,    0,    0,    3,    0,    0,    0,    0,    0,    0,   -8,    0,    0,    0,    0,    0,    0,    0,  -19,    0,    0,    0,    0,    0,   16,    0,   16,    0,
       0,    0,    0,    0,    0,    0,    0,    0,    0,    0,    0,    0,    0,    0,    0,    0,    0,    0,    0,    0,    0,    0,    0,    0,    0,    0,    0,    0,    0,    0,    0,    0,    0,    0,    0,    0,    0,    0,    0,    0,    0,    0,    0,    9,    0,    0,    0,    0,    0,    0,    0,    0,    0,    0,    0,    0,    0,    0,    0,    0,    0,    0,    0,    0,    0,
       0,    0,    0,    0,    0,    0,    0,    0,    0,    0,    0,    0,    0,    0,    0,    0,    0,    0,    0,    0,    0,    0,    0,  -24,    0,  -11,   -5,   -5,  -19,    0,    0,  -21,    0,    0,    0,    0,    0,   -3,    0,    0,    0,    0,    0,    0,   -5,   -5,   -2,   -5,    0,    0,    0,    0,    0,    0,    0,  -19,    0,    0,    0,    0,    0,    0,    0,    0,    0,
       0,    0,   16,   16,    0,    0,    0,  -11,    0,    0,    0,    0,    0,    0,    0,    0,    0,    0,  -11,    0,    0,    0,    0,   32,    0,   29,   27,   27,   27,   27,    0,    0,   21,    0,  -11,    0,    0,    0,    0,    0,    0,    0,    2,    0,    5,    1,    0,    0,    2,    0,    0,    0,    0,  -11,    0,   27,    0,  -11,    0,    0,   16,   21,   16,   21,    0,
       0,    0,    0,    0,   -3,    0,    0,    0,    0,    0,    0,    0,    0,    0,    0,    0,    0,    0,   -8,   -5,    0,    0,   -3,    0,    0,    0,    0,    0,   -8,    0,    0,  -16,    0,    0,    0,    0,    0,    0,    5,    0,    0,   -5,    0,   -4,    0,    0,    0,    0,    0,    0,    0,    0,    0,   -8,    0,   -8,    0,    0,    0,    0,    0,    0,    0,    0,    0,
       0,    0,    0,    0,    0,    0,    0,    0,    0,    0,    0,    0,    0,    0,    0,    0,    0,    0,    0,    0,    0,    0,    0,  -16,    0,  -16,    0,    0,  -13,    0,    0,  -21,    0,    0,    0,    0,    0,    0,    0,    0,    0,    0,    0,    0,    0,    0,    0,   -3,    0,    0,    0,    0,    0,    0,    0,  -13,    0,    0,    0,    0,    0,    0,    0,    0,    0,
       0,    0,    0,    0,    0,    0,    0,    0,    0,    0,    0,    0,    0,    0,    0,    0,    0,    0,    0,    0,    0,    0,    0,  -16,    0,    0,    0,    0,    0,    0,    0,    0,    0,    0,    0,    0,    0,    0,    0,    0,    0,    0,    0,    0,    0,    0,    0,    0,    0,    0,    0,    0,    0,    0,    0,    0,    0,    0,    0,    0,    0,    0,    0,    0,    0,
       0,    0,    0,    0,    0,    0,    0,    0,    0,    0,    0,    0,    0,    0,    0,    0,    0,    0,    0,    0,    0,    0,    0,  -16,   -5,    0,    0,    0,    0,    0,    0,    0,    0,    0,    0,    0,    0,    0,    3,    0,    0,    0,    0,    0,    0,    0,    0,    0,    0,    0,    0,    0,    0,    0,    0,    0,    0,    0,    0,    0,    0,    0,    0,    0,    0,
       0,    0,    0,    0,    0,    0,    0,    0,    0,    0,    0,    0,    0,    0,    0,    0,    0,    0,    0,   -5,    0,    0,    0,    0,    0,    0,    0,    0,  -11,    0,    0,  -21,    0,    0,  -12,   -3,    0,  -11,   -3,    0,    0,   -3,    0,   -3,    0,    0,    0,    0,    0,    0,    0,    0,    0,    0,    0,  -11,    0,  -12,   -3,    0,    0,    0,    0,    0,    0,
       0,    0,    0,    0,    0,    0,    0,    0,    0,    0,    0,    0,    0,    0,    0,    0,    0,    0,    0,  -11,    0,    0,    0,  -13,    0,  -16,  -11,    0,  -16,    0,    0,    0,    0,    0,   -5,    0,    0,   -5,   -7,    0,    0,    0,   -2,   -3,  -13,   -8,    0,   -8,    0,    0,    0,    0,    0,    0,    0,  -16,    0,   -5,    0,    0,    0,    0,    0,    0,    0,
       0,    0,   16,    0,    0,    0,    0,    0,    0,    0,    0,    0,    0,    0,    0,    0,    0,    0,    0,    0,    0,    0,    0,  -11,    0,   -9,    0,    0,   -8,    0,    0,   -3,    0,    1,    0,    0,    0,    0,   11,    0,    0,    0,    0,    0,    0,    0,    0,    0,    0,    0,    0,    0,    0,    0,    0,   -8,    0,    0,    0,    0,    0,    0,    0,    0,    0,
       0,    0,    0,   11,  -37,    0,  -61,  -11,    0,    0,    0,    0,    0,    0,    0,    0,    0,    0,  -16,    0,    0,    0,    0,   -5,    0,    0,    0,   -8,    0,    0,  -16,    0,    0,    0,  -12,    0,    0,   -8,   -5,    0,    0,    0,   11,    0,   27,   27,    0,    0,    0,  -16,    0,    0,    0,  -16,    0,    0,    0,  -12,    0,    0,    0,   27,    0,   27,    0,
       0,    0,    0,    0,    0,    0,    0,    0,    0,    0,    0,    0,    0,    0,    0,    0,    0,    0,    0,   -3,    0,    0,    0,  -24,    0,   -3,    0,   -3,  -11,    0,    0,    0,    0,    0,    0,    0,    0,    0,    0,    0,    0,    0,    0,    0,    0,    0,   -3,    0,    0,    0,    0,    0,    0,    0,    0,  -11,    0,    0,    0,    0,    0,    0,    0,    0,    0,
       0,    0,    0,    0,  -11,    0,    0,    0,    0,    0,    0,    0,    0,    0,    0,    0,    0,    0,    0,    0,    0,    0,    0,    0,    0,    0,    0,    0,    0,    0,    0,    0,    0,    0,   -3,    0,  -13,   -3,    0,    0,    0,   11,    0,    0,    0,    0,    0,    0,    0,    0,    0,    0,    0,    0,    0,    0,  -13,   -3,    0,    0,    0,    0,    0,    0,    0,
       0,    0,    0,    0,    0,    0,    0,    0,    0,    0,    0,    0,    0,    0,    0,    0,    0,    0,    0,    0,    0,    0,    0,  -16,    0,   -5,   -5,    0,   -8,    0,    0,    0,    0,    0,    0,    0,    0,   -5,    0,    0,    0,    0,    0,    0,    0,    0,    0,    0,    0,    0,    0,    0,    0,    0,    0,   -8,    0,    0,    0,    0,    0,    0,    0,    0,    0,
       0,  -16,    0,    3,  -21,    0,  -21,  -11,    0,    0,    0,    0,    0,    0,    0,    0,    2,    0,  -13,    0,    0,    0,    0,   -5,    0,    0,    0,  -14,   -5,  -11,  -11,   -1,    0,  -11,   -8,    0,    0,   -5,    0,    0,    0,   -3,   27,    0,   27,    0,    0,    0,    0,  -11,    0,    0,   -6,  -13,    0,   -5,    0,  -10,    0,    0,    0,    0,    0,    0,    0,
       0,  -16,    0,    0,  -21,    0,  -21,  -11,    0,    0,    0,    0,    0,    0,    0,    0,    0,    0,   -3,    0,    0,    0,    0,   -5,    0,    0,    0,   -9,   -5,   -3,  -11,    0,    0,    0,   -8,    0,    0,   -8,    0,    0,    0,   -3,   27,    0,   21,    0,    0,    0,    0,  -11,    0,    0,    0,   -3,    0,   -5,    0,   -8,    0,    0,    0,    0,    0,    0,    0,
       0,   -2,    0,    0,    0,    0,    0,   -1,    0,    0,    0,    0,    0,    0,    0,    0,    0,    0,    0,   -5,    0,    0,    0,   -8,   -3,    0,    0,    0,  -11,    0,  -21,   -3,    0,    0,  -16,    0,    0,    0,    0,    0,    0,   -3,    0,   -3,    0,    0,    0,    0,    0,  -21,    0,   -3,    0,    0,    0,  -11,    0,  -18,    0,    0,    0,    0,    0,    0,    0,
       0,  -16,    0,    0,    0,    0,  -21,  -11,    0,    0,    0,    0,    0,    0,    0,    0,    0,    0,  -13,    0,    0,    0,    0,   -5,    0,    0,    0,  -11,   -5,   -5,  -11,    0,    0,    0,   -5,    0,    0,   -8,    0,    0,    0,   -5,    0,    0,    0,    0,    0,    0,    0,  -11,    0,    0,    0,  -13,    0,   -5,    0,   -5,    0,    0,    0,    0,    0,    0,    0,
       0,    0,    0,    0,    0,    0,    0,    0,    0,    0,    0,    0,    0,    0,    0,    0,    0,    0,    0,    0,    0,    0,    0,   -5,    0,    0,    0,    0,   -5,    0,    0,  -21,    0,    0,   -5,    0,    0,    0,    0,    0,    0,    0,    0,    0,    0,    0,    0,    0,    0,    0,    0,    0,    0,    0,    0,   -5,    0,   -5,    0,    0,    0,    0,    0,    0,    0,
       0,    0,    0,    0,    0,    0,    0,    0,    0,  -21,  -27,    0,    0,    0,    0,    0,    0,    0,  -27,  -13,    0,  -53,    0,  -53,    0,  -53,  -37,  -43,  -64,    0,    0,    0,    0,    0,  -13,    0,    0,    0,    0,    0,    0,    0,    0,    0,  -11,  -11,  -21,  -11,    0,    0,    0,    0,    0,    0,    0,    0,    0,  -13,    0,    0,    0,    0,    0,    0,    0,
       0,    0,    0,    0,    0,    0,    0,    0,    0,  -21,  -27,    0,    0,    0,    0,    0,    0,    0,  -27,    0,    0,  -27,    0,  -53,    0,  -53,  -37,  -43,  -64,    0,    0,    0,    0,    0,    0,    0,    0,    0,    0,    0,    0,    0,    0,    0,  -11,  -11,  -21,  -11,    0,    0,    0,    0,    0,    0,    0,    0,    0,    0,    0,    0,    0,    0,    0,    0,    0,
       0,    0,    0,    0,    0,    0,    0,    0,    0,    0,    0,    0,    0,    0,    0,    0,    0,    0,    0,    0,    0,    0,    0,    0,    0,   -3,    0,    0,    0,    0,    0,    0,    0,    0,    0,    0,    0,    0,    0,    0,    0,    0,    0,    0,    0,    0,    0,    0,    0,    0,    0,    0,    0,    0,    0,    0,    0,    0,    0,    0,    0,    0,    0,    0,    0,
       0,    0,    0,    0,    0,    0,    0,    0,  -21,  -16,    0,  -16,    0,    0,    0,    0,    0,    0,    0,    0,    0,    0,    0,    0,    0,    0,    0,    0,    0,    0,    0,    0,    0,    0,    0,    0,    0,    0,    0,    0,    0,    0,    0,    0,    0,    0,    0,    0,    0,    0,    0,    0,    0,    0,    0,    0,    0,    0,    0,    0,    0,    0,    0,    0,    0,
       0,    0,    0,    0,    0,    0,    0,    0,    0,    0,    0,    0,    0,    0,    0,    0,    0,    0,    0,    0,    0,    0,    0,    0,    0,   -6,    0,    0,    0,    0,    0,    0,    0,    0,    0,    0,    0,    0,    0,    0,    0,    0,    0,    0,    0,    0,   -3,    0,    0,    0,    0,    0,    0,    0,    0,    0,    0,    5,    0,    0,    0,    0,    0,    0,    0,
       0,    0,    0,    0,    0,    0,    0,    0,    0,    0,    0,    0,    0,    0,    0,    0,    0,    0,    0,    0,    0,    0,    0,    0,    0,   -9,    0,    0,    0,    0,    0,    0,    0,    0,    0,    0,    0,    0,    0,    0,    0,    0,    0,    0,   -5,    0,    0,    0,    0,    0,    0,    0,    0,    0,    0,    0,    0,  -16,    0,    0,    0,    0,    0,    0,    0,
       5,    0,    0,   -3,  -69,    0,  -53,  -21,    0,    0,    0,    0,    0,    0,    0,    0,    0,    0,  -35,    0,    0,  -40,    0,    0,    0,    0,    4,   -8,    0,   -8,    0,  -11,    0,  -29,   -5,    0,    4,   -5,    0,    0,    0,    0,    8,   -3,    7,    8,   -2,    5,    0,    0,   11,   13,  -11,  -35,    0,    0,    4,   -5,    0,    0,   16,   27,   16,   27,    2,
       0,    0,  -13,  -11,    0,    0,    0,   -6,    0,    0,    0,    0,    0,    0,    0,    0,    0,    0,    0,    0,    0,    0,    0,  -26,    0,  -12,   -8,   -9,  -21,   -5,    0,   -3,    0,  -18,    0,    0,  -11,    0,    0,    0,    0,    0,    0,    0,  -10,  -11,  -12,  -11,   -5,  -13,    0,    5,    0,    0,    0,  -21,  -11,    0,    0,    0,    0,    0,    0,    0,    0,
       0,    0,  -16,   -8,    0,    0,  -11,  -15,    0,    0,    0,    0,    0,    0,    0,    0,    0,    0,  -11,    0,   -8,   -8,    0,  -16,    0,  -16,   -3,  -19,  -19,  -24,    0,  -27,    0,  -29,    0,    0,    0,    0,    0,    0,    0,    0,    0,    0,    0,    0,   -7,    0,   -1,  -13,    0,    5,  -11,  -11,    0,  -19,    0,    0,    0,    0,    0,    0,    0,    0,    0,
       0,    0,    0,    0,    0,    0,    0,    0,    0,    0,    0,    0,    0,    0,    0,    0,    0,    0,  -72,    0,    0, -128,    0,    0,    0,    0,    0,    0,    0,    0,    0,    0,    0,    0,    0,    0,    0,  -21,    0,    0,    0,  -21,    0,    0,    0,    0,    0,    0,    0,    0,    0,    0,    0,  -72,    0,    0,    0,    0,    0,    0,    0,    0,    0,    0,    0,
       0,    0,    0,    0,    0,    0,    0,    0,    0,    0,    0,    0,    0,    0,    0,    0,    0,    0,  -32,    0,    0,  -64,    0,    0,    0,    0,    0,    0,    0,    0,    0,    0,    0,    0,  -21,    0,    0,  -27,    0,  -16,    0,    0,    0,    0,    0,    0,    0,    0,    0,    0,    0,    0,    0,  -32,    0,    0,    0,  -21,    0,    0,    0,    0,    0,    0,    0,
       0,    0,    0,    0,    0,    0,    0,    0,    0,    0,    0,    0,    0,    0,    0,    0,    0,    0,  -40,    0,    0,  -64,    0,    0,    0,    0,    0,    0,    0,    0,    0,    0,    0,    0,    0,    0,    0,  -21,    0,    0,    0,  -21,    0,    0,    0,    0,    0,    0,    0,    0,    0,    0,    0,  -40,    0,    0,    0,    0,    0,    0,    0,    0,    0,    0,    0,
       0,    0,    0,    0,    0,    0,    0,    0,    0,    0,    0,    0,    0,    0,    0,    0,    0,    0,  -40,    0,    0,  -53,    0,    0,    0,    0,    0,    0,    0,    0,    0,    0,    0,    0,  -21,    0,    0,  -27,    0,    0,    0,    0,    0,    0,    0,    0,    0,    0,    0,    0,    0,    0,    0,  -40,    0,    0,    0,  -21,    0,    0,    0,    0,    0,    0,    0,
       0,    0,    0,    0,    0,    0,    0,    0,    0,    0,    0,    0,    0,    0,    0,    0,    0,    0,    0,    0,    0,    0,    0,    0,    0,   -4,    0,    0,    0,    0,    0,    0,    0,    0,    0,    0,    0,    0,    0,    0,    0,    0,    0,    0,    0,    0,    0,    0,    0,    0,    0,    0,    0,    0,    0,    0,    0,    0,    0,    0,    0,    0,    0,    0,    0,
};

static const EpdLigaturePair lexenddeca_16_bolditalicLigaturePairs[] = {
    { 0x00660069, 0xFB01 }, // f i -> U+FB01
    { 0x0066006C, 0xFB02 }, // f l -> U+FB02
};

static constexpr EpdFontData lexenddeca_16_bolditalic = {
    lexenddeca_16_bolditalicBitmaps,
    lexenddeca_16_bolditalicGlyphs,
    lexenddeca_16_bolditalicIntervals,
    29,
    42,
    34,
    -9,
    true,
    lexenddeca_16_bolditalicGroups,
    7,
    nullptr,
    lexenddeca_16_bolditalicKernLeftClasses,
    lexenddeca_16_bolditalicKernRightClasses,
    lexenddeca_16_bolditalicKernMatrix,
    138,
    122,
    78,
    65,
    lexenddeca_16_bolditalicLigaturePairs,
    2,
};
