/**
 * generated by fontconvert.py
 * name: lexenddeca_14_regular
 * size: 14
 * mode: 2-bit  compressed: true
 * Command used: fontconvert.py lexenddeca_14_regular 14 ../builtinFonts/source/LexendDeca/LexendDeca-Regular.ttf ../builtinFonts/source/NotoEmoji/NotoEmoji-Regular.ttf ../builtinFonts/source/NotoSymbols/NotoSansSymbols-Regular.ttf --exact-intervals --additional-intervals 0x0020,0x007E --additional-intervals 0x00A0,0x00FF --additional-intervals 0x2000,0x206F --additional-intervals 0x20A0,0x20CF --additional-intervals 0x2190,0x21FF --additional-intervals 0xFB00,0xFB06 --additional-intervals 0xFFFD,0xFFFD --additional-intervals 0x2669,0x266F --additional-intervals 0x2764,0x2764 --additional-intervals 0x1F600,0x1F600 --additional-intervals 0x1F44D,0x1F44D --font-include-intervals 1:0x2764,0x2764 --font-include-intervals 1:0x1F600,0x1F600 --font-include-intervals 1:0x1F44D,0x1F44D --font-include-intervals 2:0x2669,0x266F --2bit --compress --pnum --darken-aa
 */
#pragma once
#include "EpdFontData.h"

static const uint8_t lexenddeca_14_regularBitmaps[8314] = {
    0xAD, 0x59, 0x3B, 0x93, 0xDC, 0xC6, 0x11, 0xEE, 0x05, 0xC8, 0x83, 0x44, 0x48, 0x05, 0x06, 0xBE,
    0xC0, 0xA4, 0xAA, 0x90, 0x38, 0xB0, 0x4F, 0x96, 0x91, 0x38, 0x70, 0x20, 0x73, 0x60, 0x27, 0x0E,
    0xCD, 0xE0, 0x4E, 0x89, 0x03, 0x3B, 0x70, 0x20, 0x51, 0xC1, 0xE9, 0x07, 0x88, 0x02, 0xAA, 0x14,
    0x2A, 0xB9, 0xC4, 0xF9, 0x05, 0x67, 0x17, 0xB5, 0x0A, 0xCE, 0x3F, 0x80, 0x5C, 0x40, 0x52, 0xA0,
    0xD0, 0xB0, 0x14, 0x3A, 0x41, 0x95, 0x29, 0x3F, 0x2E, 0xE1, 0xC8, 0x84, 0xCA, 0x20, 0x05, 0x60,
    0xFC, 0x7D, 0x3D, 0xD8, 0xDB, 0x23, 0xC5, 0x97, 0x4D, 0xEF, 0x62, 0x1A, 0x0B, 0x60, 0x30, 0xD3,
    0xD3, 0x8F, 0xAF, 0xBB, 0x67, 0x77, 0xC4, 0x3C, 0xE2, 0x7B, 0x45, 0x7E, 0x24, 0xAF, 0x89, 0xFF,
    0x18, 0xA9, 0x72, 0x97, 0x17, 0x72, 0x4E, 0x76, 0x82, 0xC3, 0x22, 0xB2, 0xAB, 0xC8, 0xDE, 0x8A,
    0x9B, 0x9B, 0x71, 0x3D, 0xC4, 0x75, 0x97, 0x94, 0x36, 0xD1, 0x5E, 0x5B, 0xE5, 0x56, 0x2E, 0x49,
    0x9D, 0xD4, 0x24, 0xA5, 0x24, 0x65, 0x9A, 0x4B, 0x5A, 0x66, 0x92, 0x38, 0xE7, 0x7A, 0x92, 0x41,
    0x89, 0x8E, 0x8D, 0xE3, 0xBA, 0xC8, 0x7B, 0x72, 0x53, 0xE4, 0x96, 0x0C, 0x82, 0xF3, 0x20, 0x3B,
    0xD3, 0x72, 0x3A, 0x34, 0xE8, 0x62, 0x95, 0x2C, 0xBA, 0xC0, 0x4A, 0x60, 0xC3, 0x99, 0x84, 0x36,
    0x6C, 0x41, 0xA2, 0x56, 0x64, 0xD1, 0x89, 0x04, 0xBD, 0xC8, 0xE5, 0x51, 0xC4, 0xB9, 0x26, 0x74,
    0xAE, 0x4B, 0xEE, 0xBB, 0x21, 0xFD, 0xE4, 0xDE, 0x90, 0x7D, 0xD2, 0xBF, 0x83, 0x26, 0xE9, 0xE7,
    0xBD, 0x24, 0xF7, 0x7B, 0x89, 0x5D, 0x2F, 0x81, 0x73, 0xA5, 0x64, 0xCE, 0xE2, 0x62, 0x90, 0xF8,
    0x8B, 0x51, 0xE2, 0x66, 0x7A, 0x29, 0x6E, 0x56, 0x06, 0xE7, 0xE2, 0x2F, 0x9F, 0x0F, 0x19, 0xD8,
    0x8B, 0x31, 0x21, 0xC6, 0x02, 0xFF, 0x18, 0x3F, 0x6E, 0xD0, 0x6A, 0x09, 0x6E, 0x8B, 0xBC, 0x29,
    0xE9, 0x24, 0x0B, 0xF0, 0x5C, 0xE5, 0xE0, 0xE1, 0x26, 0x16, 0xD6, 0x08, 0x16, 0x9D, 0xD6, 0xD2,
    0x47, 0xB5, 0x11, 0x52, 0x30, 0x31, 0xC4, 0x1F, 0x63, 0x0D, 0xD7, 0x93, 0xF7, 0x2D, 0x64, 0xE5,
    0xD0, 0x45, 0x92, 0x31, 0xFD, 0x78, 0x94, 0xC5, 0x81, 0x89, 0x31, 0xB7, 0xDC, 0x4A, 0xEE, 0x34,
    0x18, 0x25, 0xD3, 0x65, 0x5C, 0xC1, 0xB2, 0xE2, 0x86, 0x34, 0xAD, 0x49, 0x21, 0x6C, 0xDC, 0xBF,
    0x25, 0xE9, 0x2F, 0x5A, 0x4C, 0x94, 0xB8, 0x9A, 0xBD, 0x9C, 0x4A, 0xF4, 0x22, 0xD6, 0xBA, 0xC2,
    0x39, 0x75, 0x2D, 0x07, 0xC6, 0x1C, 0xEE, 0x67, 0x98, 0x6E, 0x94, 0x77, 0x49, 0xF0, 0x74, 0x62,
    0xAF, 0x4A, 0x09, 0xA6, 0x09, 0x1D, 0x67, 0x76, 0x90, 0x8E, 0xF9, 0x74, 0x08, 0x0E, 0x8D, 0xB8,
    0xD0, 0x56, 0x62, 0x3E, 0x6B, 0x2B, 0x8C, 0x50, 0x57, 0x12, 0xB9, 0xBA, 0xC8, 0x17, 0x4E, 0x4C,
    0xB3, 0x70, 0x65, 0x3A, 0x1D, 0xBB, 0x36, 0x72, 0xEE, 0x4E, 0x27, 0x95, 0x0B, 0xC1, 0x6B, 0x2E,
    0xB2, 0x23, 0x85, 0xAC, 0xC0, 0x0A, 0xB5, 0xD1, 0x89, 0xE5, 0xB8, 0x0B, 0x8C, 0x98, 0x4B, 0x51,
    0x63, 0xAA, 0x10, 0xE2, 0xB4, 0xD0, 0xAD, 0x98, 0x12, 0x4C, 0x43, 0x79, 0xE8, 0x49, 0xDD, 0x9D,
    0x3D, 0x70, 0xA7, 0xA0, 0xBD, 0xB0, 0x0F, 0x7A, 0xA2, 0x7F, 0x48, 0xAE, 0x71, 0x5D, 0x73, 0x9C,
    0x05, 0x4C, 0x88, 0xDA, 0xE7, 0x95, 0xE5, 0x80, 0x58, 0x86, 0xBE, 0x00, 0x4B, 0xA1, 0xD9, 0x08,
    0x64, 0x17, 0xB7, 0x12, 0xAD, 0x0F, 0xFC, 0xC6, 0x1D, 0xDC, 0xC7, 0x53, 0xF4, 0xA9, 0xD8, 0x1F,
    0x6F, 0xE1, 0x5D, 0x8C, 0x80, 0x71, 0x30, 0x9A, 0x7C, 0x4F, 0x20, 0x8E, 0x57, 0xDE, 0x3D, 0x34,
    0x95, 0x8D, 0x5D, 0x13, 0x38, 0xAA, 0xDA, 0xBC, 0x67, 0x5F, 0x78, 0xF7, 0x22, 0xC5, 0x84, 0xCF,
    0x79, 0xAC, 0x0C, 0x43, 0x3C, 0xDC, 0xAE, 0x1D, 0x9F, 0xDC, 0xA0, 0x3D, 0xAA, 0x4D, 0xAA, 0xCE,
    0xBE, 0xDD, 0xE7, 0x3C, 0xE6, 0x31, 0x4D, 0xDA, 0xC6, 0x6D, 0x04, 0xBB, 0x36, 0xF2, 0x3A, 0x25,
    0x0D, 0x51, 0xEA, 0xF1, 0x90, 0x6B, 0x08, 0xAD, 0x45, 0x85, 0x40, 0xDB, 0x84, 0x12, 0xC9, 0xBD,
    0x0E, 0x94, 0x95, 0x2A, 0x12, 0x59, 0xF9, 0xC7, 0x8B, 0xF9, 0x71, 0x34, 0x3F, 0x4E, 0xE7, 0xC7,
    0xEF, 0x3D, 0xFD, 0xB1, 0x5C, 0xBE, 0x2D, 0x0B, 0xE7, 0xA0, 0x49, 0x57, 0x27, 0xFD, 0x7E, 0x9B,
    0xD5, 0x91, 0x35, 0x79, 0xD8, 0x1B, 0x58, 0x17, 0xC4, 0x38, 0x60, 0x86, 0x91, 0x6D, 0x9A, 0xDB,
    0x7C, 0xAD, 0xCF, 0x8C, 0x04, 0x83, 0x29, 0xC3, 0x3E, 0x6D, 0x13, 0x1B, 0x4F, 0xEA, 0x36, 0xA5,
    0x54, 0x90, 0x3F, 0x35, 0xFF, 0x9A, 0x04, 0x13, 0x4D, 0xBD, 0x98, 0xC4, 0x4C, 0xF2, 0xE3, 0x49,
    0x4D, 0xEB, 0x69, 0x07, 0x2C, 0xD2, 0x1F, 0x92, 0xB5, 0xF0, 0xB2, 0x91, 0x9E, 0x9E, 0x67, 0x5F,
    0x57, 0xB5, 0x29, 0xD3, 0xA6, 0x80, 0x2B, 0xBD, 0xE2, 0xE5, 0xDA, 0xA8, 0xC2, 0xA5, 0x28, 0xD5,
    0x12, 0x68, 0x10, 0x09, 0x6D, 0xB4, 0x55, 0xAB, 0x85, 0xC2, 0x24, 0xC6, 0xAD, 0x54, 0x7D, 0x47,
    0x7D, 0xDF, 0xC2, 0x23, 0xED, 0x85, 0xE5, 0xF2, 0x20, 0xC5, 0x19, 0xAD, 0xB9, 0xB0, 0xA4, 0x17,
    0x61, 0x4E, 0x5A, 0x4C, 0x62, 0xFD, 0x70, 0x55, 0x4F, 0x51, 0xE4, 0xF0, 0xDA, 0x5A, 0x0E, 0xF9,
    0x36, 0x85, 0x16, 0x76, 0xEC, 0x74, 0x0E, 0xE7, 0x0C, 0xD7, 0xA6, 0x4E, 0x6C, 0x3A, 0x55, 0x35,
    0xBC, 0x1B, 0x76, 0xDF, 0x7B, 0x53, 0x90, 0x00, 0x63, 0x29, 0x53, 0x70, 0x04, 0xEA, 0x13, 0x64,
    0x41, 0xCF, 0xF1, 0xEE, 0x73, 0x87, 0xDC, 0xFE, 0x09, 0xA4, 0x42, 0x97, 0x60, 0x00, 0x89, 0x3A,
    0xDA, 0x60, 0x0B, 0x62, 0x4E, 0x8E, 0x4F, 0x4A, 0x82, 0x53, 0x9D, 0x92, 0x5C, 0x58, 0x1E, 0xDF,
    0x2F, 0xE7, 0xA1, 0xBE, 0x4D, 0xB6, 0x96, 0xCB, 0x12, 0x02, 0x69, 0xD8, 0xD2, 0x93, 0x65, 0x49,
    0x3D, 0xAA, 0x25, 0x80, 0x07, 0xF3, 0xF6, 0x01, 0x16, 0x3B, 0x72, 0xC1, 0x79, 0xF2, 0xA5, 0xAB,
    0xCF, 0x49, 0xD6, 0xF8, 0x95, 0x45, 0x73, 0x8B, 0xED, 0xEB, 0x98, 0x13, 0xBE, 0x5A, 0x17, 0xE8,
    0x93, 0xA2, 0x6F, 0x40, 0x10, 0x38, 0x37, 0x4F, 0x90, 0xD5, 0x7E, 0x20, 0x08, 0x0F, 0xA0, 0xA1,
    0x72, 0x89, 0xBE, 0x02, 0x7A, 0x41, 0x17, 0x60, 0x2D, 0xC7, 0xB8, 0xB5, 0xA9, 0x33, 0x38, 0x7E,
    0x6C, 0xE1, 0xB8, 0x16, 0x5E, 0xD3, 0xA1, 0xE9, 0x6F, 0x28, 0xC6, 0x9A, 0x06, 0x56, 0x0D, 0xFD,
    0x47, 0x0E, 0x42, 0xAD, 0x3A, 0xD9, 0x01, 0xAF, 0x98, 0xA7, 0x45, 0xB3, 0x3B, 0xCB, 0xE3, 0x87,
    0xEC, 0x96, 0x00, 0x03, 0x3B, 0x09, 0x06, 0x2F, 0x5F, 0xB2, 0x47, 0x98, 0x4C, 0x6B, 0x75, 0x73,
    0xFA, 0x2F, 0xF9, 0x38, 0xDB, 0x25, 0x26, 0x76, 0x20, 0x1A, 0x2C, 0x88, 0xB8, 0xE4, 0xFF, 0x3E,
    0xF9, 0x49, 0x5A, 0x93, 0xC7, 0xB0, 0x57, 0xD8, 0x6C, 0x99, 0xB4, 0xE9, 0xED, 0xA2, 0x86, 0x1D,
    0xE7, 0x21, 0x78, 0x48, 0xC8, 0x2F, 0xFC, 0xAC, 0xC0, 0xE0, 0x15, 0x46, 0x60, 0xE3, 0x6F, 0xDC,
    0x53, 0x03, 0x60, 0x3F, 0x2A, 0x5C, 0x36, 0x3E, 0x90, 0x47, 0x94, 0x6D, 0xBF, 0x6F, 0xE1, 0x03,
    0x3D, 0xEC, 0xDA, 0xDB, 0x37, 0xA4, 0x61, 0x72, 0x9C, 0xEB, 0x70, 0x48, 0xBB, 0x8C, 0x51, 0xC7,
    0x86, 0x84, 0xF6, 0xE2, 0xCE, 0x19, 0xA1, 0x71, 0x3D, 0xD3, 0xCC, 0x6C, 0xEF, 0xD7, 0xF3, 0xA0,
    0x1F, 0x9F, 0xF9, 0x9C, 0xBD, 0x9F, 0xE5, 0x40, 0x03, 0x18, 0xF7, 0xF9, 0x87, 0xFA, 0xBC, 0x08,
    0x31, 0x40, 0xDA, 0x4D, 0xD2, 0xC4, 0x08, 0x7C, 0xC5, 0x0C, 0x3B, 0xE7, 0xF4, 0x6D, 0xB5, 0xEF,
    0x6C, 0x50, 0x0B, 0x4B, 0x30, 0x69, 0x41, 0xAB, 0xCF, 0xBD, 0xD5, 0x65, 0xC4, 0x0A, 0x5A, 0xB6,
    0x21, 0x17, 0x6E, 0x96, 0xF4, 0x8B, 0xB2, 0xBD, 0xB7, 0x77, 0xB5, 0x02, 0xD7, 0x6C, 0x7B, 0xF8,
    0xBD, 0x9E, 0x67, 0x7D, 0x8F, 0xCD, 0xF3, 0x83, 0x57, 0x69, 0x2B, 0x0C, 0x03, 0xB4, 0x8E, 0x94,
    0x2A, 0x20, 0x30, 0xD1, 0x3F, 0x70, 0xE6, 0x83, 0xA2, 0xC3, 0xD0, 0xB9, 0x4E, 0xC1, 0xF5, 0xBF,
    0xCC, 0x81, 0xB2, 0x83, 0x53, 0x77, 0x35, 0xB7, 0xE1, 0xAE, 0x50, 0xE7, 0xCB, 0x6A, 0x7D, 0xF1,
    0xAC, 0x5A, 0xF4, 0x5C, 0x30, 0x68, 0xE2, 0x7D, 0xD3, 0x79, 0xA1, 0x65, 0xE2, 0xDB, 0x46, 0x30,
    0xDE, 0xA3, 0x8B, 0xD9, 0xA4, 0x55, 0x70, 0x8B, 0xE3, 0x7F, 0xF2, 0xB4, 0xEF, 0xC8, 0x4D, 0xA8,
    0xC8, 0x2A, 0x19, 0xFD, 0xD4, 0x2F, 0x3A, 0x2B, 0x09, 0x8D, 0x88, 0xAD, 0x51, 0x1B, 0x0C, 0x6F,
    0x85, 0x6D, 0x52, 0x67, 0x6E, 0x15, 0xDA, 0x0C, 0x2B, 0x1B, 0x03, 0x6B, 0x16, 0x63, 0x38, 0x04,
    0xF6, 0x7A, 0xD8, 0x2F, 0x70, 0xBA, 0x19, 0x59, 0x9E, 0x86, 0x18, 0x51, 0x31, 0x6C, 0x87, 0xA4,
    0x0D, 0xFA, 0xB0, 0x81, 0x3B, 0x86, 0x1D, 0xD3, 0x0E, 0x60, 0x58, 0x52, 0x0E, 0x51, 0x57, 0xF4,
    0x85, 0xDC, 0x0C, 0xDD, 0x37, 0x98, 0xE8, 0x3A, 0x44, 0x80, 0x69, 0x8D, 0x7C, 0x17, 0x5F, 0x95,
    0xCD, 0xDA, 0x19, 0x21, 0x5C, 0xB8, 0x8F, 0xA5, 0x9B, 0x4F, 0x8C, 0x8E, 0x88, 0x10, 0x94, 0xBA,
    0x2C, 0xAA, 0xDB, 0xFA, 0x74, 0x87, 0xC4, 0xF1, 0x05, 0xDE, 0x56, 0x01, 0x2A, 0x16, 0x44, 0xDF,
    0x50, 0x1C, 0x7F, 0x25, 0xF9, 0x94, 0xE2, 0xFB, 0x64, 0xE0, 0x52, 0x35, 0x62, 0x39, 0xA2, 0x79,
    0x41, 0x9B, 0x37, 0xE5, 0x82, 0x58, 0xC0, 0xC5, 0x12, 0x52, 0x5D, 0x0B, 0x19, 0x46, 0x16, 0xF3,
    0x86, 0x1D, 0x1C, 0x84, 0x90, 0x4B, 0x9B, 0xA4, 0xC5, 0xED, 0x2C, 0x7F, 0xAF, 0x10, 0xD7, 0x90,
    0xF4, 0x62, 0x96, 0x15, 0x73, 0xA1, 0x60, 0xA4, 0x28, 0x27, 0x12, 0xFD, 0xC5, 0x7B, 0x51, 0xCF,
    0x2E, 0x2D, 0x49, 0x47, 0xC2, 0x07, 0xB0, 0x23, 0x3C, 0x2D, 0x72, 0x8D, 0xAD, 0x6B, 0xC2, 0x4B,
    0x3E, 0x70, 0x6E, 0x9A, 0x07, 0x75, 0xEE, 0x00, 0x73, 0x2D, 0x73, 0x26, 0x0D, 0x83, 0x9A, 0x4C,
    0x49, 0xF1, 0xB4, 0xF1, 0x08, 0x88, 0x01, 0x4A, 0x86, 0x39, 0x6D, 0x43, 0x35, 0xA6, 0x8E, 0xEB,
    0xB3, 0x87, 0xD5, 0x26, 0x8F, 0x90, 0xF5, 0x03, 0xBA, 0xB6, 0x1A, 0x12, 0xA1, 0x39, 0xA4, 0x2D,
    0x65, 0x7E, 0x95, 0x1C, 0x94, 0x50, 0x43, 0x55, 0x6E, 0x43, 0x7A, 0xCB, 0xA3, 0xCD, 0xB2, 0x06,
    0x2E, 0x4B, 0x39, 0x75, 0x4C, 0x8F, 0xB2, 0xC6, 0x10, 0xD6, 0x0C, 0x9D, 0xCC, 0x10, 0x1A, 0x4E,
    0x49, 0x7F, 0x4A, 0xF4, 0x92, 0x4F, 0x63, 0x12, 0x60, 0x04, 0x67, 0x35, 0xB2, 0xE5, 0xCA, 0xF5,
    0xB2, 0x54, 0x06, 0x25, 0x41, 0xEA, 0x60, 0x1D, 0x21, 0xCC, 0x72, 0x79, 0x68, 0x66, 0x2B, 0x7C,
    0xA0, 0x39, 0xB7, 0x69, 0x8F, 0x7A, 0x2E, 0x9B, 0x28, 0x63, 0x14, 0xEC, 0x96, 0x87, 0xCF, 0x30,
    0x66, 0xA9, 0x80, 0xCA, 0xB6, 0xB7, 0x97, 0x3F, 0x76, 0xDC, 0xB9, 0x89, 0x5C, 0xA3, 0x0E, 0x12,
    0x62, 0x2B, 0x65, 0x05, 0x53, 0x70, 0x27, 0x58, 0x04, 0x54, 0x00, 0xDB, 0x60, 0xA4, 0xAA, 0xBD,
    0x5C, 0xBD, 0x16, 0xBC, 0xB4, 0xBD, 0xE0, 0xA1, 0x88, 0x60, 0xB9, 0xC4, 0x6F, 0x08, 0x7A, 0xA6,
    0x85, 0x52, 0x0D, 0x78, 0x1A, 0x24, 0x00, 0x96, 0x3D, 0xA1, 0x0B, 0x4E, 0x9D, 0x6A, 0x04, 0x74,
    0x3E, 0x70, 0x96, 0x84, 0x90, 0x51, 0xBC, 0x4E, 0x68, 0xD2, 0x5B, 0x34, 0x90, 0xA4, 0x79, 0x16,
    0x42, 0xAD, 0x9E, 0x21, 0x7B, 0x7B, 0xBF, 0x6E, 0x9E, 0xF5, 0x5D, 0xE8, 0x04, 0x1C, 0xE0, 0xF8,
    0x68, 0x3A, 0x84, 0x73, 0x3F, 0xE3, 0xE1, 0x5F, 0x21, 0xEB, 0x88, 0x92, 0xA2, 0x40, 0xE4, 0xC9,
    0x85, 0xE3, 0x13, 0xF1, 0xC1, 0xE7, 0xBF, 0x26, 0xE7, 0x48, 0x5E, 0x23, 0x74, 0x15, 0x39, 0xF2,
    0x0A, 0x5A, 0x00, 0xC6, 0x54, 0x44, 0xB4, 0x1B, 0xA9, 0x5C, 0xA0, 0x8A, 0x0D, 0x79, 0x07, 0xF6,
    0x49, 0x48, 0xCF, 0x42, 0x32, 0x62, 0x28, 0x60, 0xA3, 0x79, 0x2A, 0xD3, 0x13, 0xA3, 0x39, 0x86,
    0x51, 0xC1, 0xF6, 0x73, 0xE6, 0x6D, 0xAC, 0x66, 0xB1, 0x05, 0xFB, 0x65, 0xED, 0xFA, 0xB5, 0x90,
    0xEE, 0xBA, 0x50, 0x5B, 0xAB, 0xCA, 0xF5, 0xC8, 0x89, 0xDD, 0x79, 0x8A, 0x89, 0x3C, 0x73, 0x03,
    0x0A, 0xAC, 0x1B, 0xC7, 0xBC, 0xA4, 0x5E, 0x69, 0xD4, 0x87, 0xC1, 0x3F, 0x4A, 0x23, 0xD0, 0x0E,
    0x16, 0x92, 0x1B, 0x96, 0x0E, 0x39, 0x72, 0xB7, 0x14, 0x14, 0xB0, 0x50, 0xE5, 0xC6, 0xD4, 0x15,
    0x7A, 0x26, 0x2D, 0x22, 0xA2, 0x89, 0xEE, 0xF6, 0xA0, 0x21, 0x8C, 0x1C, 0xAB, 0x86, 0x8A, 0x41,
    0xC1, 0x6F, 0xAE, 0xA5, 0x9E, 0x37, 0xE8, 0xA7, 0xD0, 0x1F, 0x00, 0x2E, 0x0F, 0x31, 0x39, 0xDC,
    0xB5, 0x26, 0xB1, 0x24, 0x3D, 0x09, 0x73, 0x8B, 0x2B, 0x8E, 0xBF, 0x10, 0x75, 0x3B, 0xCC, 0x07,
    0x12, 0x77, 0x20, 0xC1, 0x40, 0xDF, 0x76, 0x24, 0xE6, 0x7D, 0x90, 0xF4, 0x0B, 0x90, 0xF8, 0x2E,
    0x48, 0x38, 0xD1, 0xE9, 0x1D, 0x49, 0x41, 0x92, 0x91, 0x24, 0x1E, 0x1C, 0x80, 0xCA, 0x07, 0x0A,
    0xD1, 0xB4, 0x65, 0x22, 0x2B, 0x56, 0xF7, 0x07, 0x68, 0x10, 0x56, 0x8F, 0x23, 0x6D, 0x55, 0xE4,
    0xB5, 0x22, 0xA6, 0x86, 0xF2, 0xCA, 0x07, 0x69, 0x65, 0x72, 0xA5, 0xB0, 0x55, 0x6D, 0x68, 0x5E,
    0xA8, 0x7F, 0x19, 0xCD, 0x3C, 0x19, 0xD4, 0x26, 0x86, 0xB9, 0x68, 0x50, 0x34, 0xEB, 0x58, 0x19,
    0x12, 0xE7, 0x15, 0xCF, 0xB4, 0x54, 0x5C, 0xDB, 0x09, 0x20, 0xCD, 0xF8, 0x34, 0xAA, 0x05, 0x9E,
    0x91, 0x63, 0x9F, 0x5A, 0x68, 0x1A, 0x3D, 0xA7, 0xD2, 0x40, 0xE9, 0x19, 0x39, 0x1A, 0x45, 0x9B,
    0xBD, 0xFC, 0xC9, 0xA8, 0xF0, 0x7F, 0x5B, 0x57, 0xA0, 0xEB, 0x62, 0xA2, 0x61, 0xCA, 0xAC, 0xE5,
    0xBA, 0x92, 0xAF, 0xB8, 0xAE, 0x90, 0xC9, 0xD6, 0xB4, 0x70, 0x67, 0xD7, 0xC5, 0x4A, 0xD6, 0x79,
    0xFB, 0xC7, 0xAA, 0xC5, 0x27, 0x3D, 0xF8, 0xD8, 0x39, 0x8A, 0xAF, 0xC1, 0xBB, 0x9E, 0x71, 0x76,
    0x8E, 0x49, 0x1A, 0x8E, 0x2A, 0x0D, 0x38, 0xA7, 0x84, 0x97, 0x8B, 0x69, 0x06, 0x79, 0x8E, 0xE9,
    0x5F, 0xDB, 0xA3, 0xAF, 0x79, 0xF7, 0x49, 0xE8, 0x16, 0xF1, 0xA9, 0x5B, 0xF8, 0xC8, 0xE6, 0xC3,
    0x56, 0x39, 0xA7, 0x6E, 0xF7, 0xD6, 0x15, 0x7B, 0x9F, 0xDC, 0xBB, 0x3C, 0x22, 0x40, 0x0E, 0xD0,
    0xCA, 0x3B, 0x4C, 0x4C, 0x52, 0x26, 0xC0, 0x3D, 0xD9, 0xED, 0x36, 0x15, 0xBB, 0x54, 0xCC, 0xD1,
    0x28, 0xB1, 0xE9, 0x25, 0x80, 0x23, 0x03, 0x65, 0xD1, 0x04, 0x43, 0x36, 0x1D, 0x6F, 0x2A, 0xF6,
    0xC5, 0x55, 0x59, 0x2E, 0x97, 0x47, 0xEB, 0x52, 0x6E, 0x59, 0x9D, 0xDC, 0xD0, 0xD4, 0xF4, 0x39,
    0xDB, 0x5B, 0xC0, 0x0A, 0x8A, 0x3C, 0xA9, 0x9F, 0x87, 0x14, 0x1C, 0x8B, 0xF5, 0x32, 0xD2, 0x5B,
    0xA4, 0x40, 0x69, 0x8F, 0xCA, 0x3E, 0xA6, 0x04, 0x03, 0xD5, 0x4A, 0xE6, 0x66, 0xC1, 0xD0, 0xB9,
    0xAF, 0xF9, 0xB4, 0x6D, 0x6D, 0xA7, 0x2D, 0x75, 0xE5, 0xAB, 0xE4, 0xA8, 0x63, 0x92, 0xEA, 0x0B,
    0xDF, 0xC0, 0x17, 0xAB, 0x93, 0x66, 0x73, 0x6E, 0x4E, 0xC0, 0xCD, 0xA9, 0x81, 0x64, 0xDC, 0x8F,
    0x90, 0xE4, 0xCF, 0x54, 0x73, 0xF2, 0x2F, 0x5A, 0x74, 0x74, 0x97, 0xCA, 0x0E, 0xD5, 0x08, 0x02,
    0xA7, 0xF9, 0x90, 0xAF, 0x5D, 0xFD, 0xDC, 0xC5, 0x3A, 0x01, 0x02, 0x5D, 0xC7, 0x23, 0x1F, 0x9D,
    0x2A, 0x15, 0x85, 0x46, 0x9C, 0x86, 0xBA, 0x1F, 0xC8, 0x53, 0x55, 0x82, 0x01, 0x84, 0x31, 0x64,
    0x3C, 0xF4, 0x7E, 0xA4, 0xB5, 0xDC, 0xAE, 0xE8, 0x81, 0xB1, 0x31, 0x79, 0x0B, 0xFF, 0x6D, 0x99,
    0x3F, 0x0E, 0xF1, 0xDD, 0x5E, 0xB9, 0x04, 0x23, 0x1C, 0xA4, 0x4A, 0xEB, 0x51, 0x91, 0x2B, 0x2B,
    0x57, 0x5A, 0xFF, 0x14, 0x3C, 0x84, 0x09, 0xA6, 0x61, 0x94, 0x4C, 0x07, 0xCD, 0x5D, 0x25, 0x19,
    0x78, 0x08, 0x8D, 0x88, 0x35, 0xA1, 0xAE, 0x9A, 0x09, 0x5B, 0xD8, 0x6A, 0xFE, 0xB6, 0x83, 0x5C,
    0xEA, 0x08, 0xE0, 0x8B, 0x8A, 0xCC, 0xD2, 0xE0, 0xE9, 0x31, 0x10, 0x55, 0x81, 0xDA, 0x20, 0x67,
    0xAA, 0xCA, 0x04, 0x2D, 0xFD, 0x3B, 0xEB, 0x0F, 0x9F, 0x7F, 0xD6, 0x73, 0x5E, 0x17, 0xFA, 0xE8,
    0xC8, 0x9A, 0xFE, 0x0E, 0x41, 0xFD, 0x33, 0xC8, 0xA5, 0xFA, 0xF9, 0xC8, 0xA5, 0x39, 0xEF, 0x77,
    0x60, 0x3E, 0x6B, 0xE1, 0x84, 0x89, 0xC2, 0xDB, 0x70, 0x0D, 0xEE, 0x7A, 0x84, 0x5F, 0x51, 0xC7,
    0x7B, 0x16, 0xB3, 0x21, 0xF7, 0x19, 0x98, 0xEB, 0xF1, 0x0D, 0xBC, 0xCB, 0x80, 0xC0, 0x9C, 0x50,
    0xC7, 0x8B, 0x7D, 0xC6, 0x58, 0xCE, 0x75, 0x90, 0xDF, 0x95, 0x79, 0x36, 0x72, 0x09, 0xA6, 0xCB,
    0x74, 0x14, 0x75, 0x33, 0xC9, 0xA5, 0xE5, 0x47, 0x1C, 0x21, 0x9C, 0x65, 0xE0, 0x93, 0x71, 0xAF,
    0x0E, 0xDE, 0x0F, 0xA6, 0xF5, 0x43, 0x06, 0x28, 0xB5, 0x00, 0xEF, 0x5A, 0x0F, 0xBE, 0x94, 0xB6,
    0x3E, 0x74, 0x38, 0xD6, 0x8E, 0x33, 0xB9, 0xF6, 0xA1, 0xD3, 0x74, 0xFC, 0x59, 0xBF, 0xEC, 0x7D,
    0x6D, 0xF9, 0xE6, 0x1A, 0xC0, 0xD6, 0x5B, 0x28, 0xCD, 0xA6, 0xCC, 0x66, 0xDD, 0xC9, 0x9A, 0x4F,
    0x2D, 0x88, 0x1D, 0xD2, 0xB9, 0x43, 0x74, 0xB6, 0xC3, 0xB0, 0xEE, 0x20, 0x73, 0x87, 0x7A, 0xEE,
    0x60, 0xE7, 0x0E, 0x80, 0x20, 0xF0, 0x8A, 0x04, 0xAB, 0xE4, 0x4E, 0xC7, 0x73, 0x1C, 0x7E, 0x90,
    0x9D, 0xA5, 0x22, 0xC2, 0x5A, 0x7C, 0x83, 0x37, 0x32, 0xF0, 0xA0, 0x45, 0x1F, 0x24, 0xB9, 0x60,
    0x49, 0x1F, 0xF6, 0x50, 0x78, 0x6C, 0xE9, 0x51, 0x0D, 0x77, 0xF7, 0x4A, 0x48, 0x70, 0x9B, 0xD8,
    0x7F, 0x0D, 0xFA, 0x38, 0xA8, 0x9C, 0x2F, 0x85, 0x5D, 0xFB, 0x02, 0x21, 0xB8, 0x4E, 0xED, 0x82,
    0xE2, 0x7E, 0xF5, 0x60, 0x37, 0x70, 0xC3, 0x88, 0x3C, 0x65, 0xCC, 0xBA, 0x7D, 0xD8, 0x73, 0x38,
    0x56, 0xB2, 0xD0, 0x7D, 0x16, 0x88, 0xE1, 0xD6, 0xDC, 0xF4, 0xBA, 0x00, 0xF8, 0xC1, 0xA8, 0xC6,
    0x74, 0xAA, 0xC6, 0xD8, 0x4D, 0x23, 0x40, 0x79, 0x14, 0x94, 0x8D, 0x37, 0x66, 0x89, 0x7C, 0xAB,
    0x5D, 0x38, 0x92, 0x01, 0x79, 0x33, 0x35, 0xE5, 0xBA, 0x7D, 0x8B, 0xA4, 0xBD, 0x77, 0x60, 0x95,
    0x7B, 0x8B, 0x83, 0x6F, 0x23, 0xCF, 0xBC, 0x76, 0x70, 0x33, 0x57, 0xC7, 0x9D, 0xBB, 0x5F, 0xB5,
    0x13, 0xFA, 0x0F, 0xF4, 0x20, 0xEE, 0xE1, 0x5C, 0x3E, 0xD4, 0xBD, 0xA1, 0x98, 0xDB, 0x13, 0x5D,
    0x86, 0x1A, 0x3B, 0x24, 0xFC, 0xA8, 0x8A, 0xCE, 0xCE, 0xB5, 0xF2, 0x1A, 0x41, 0x0E, 0x11, 0x35,
    0xC9, 0x54, 0x59, 0xEE, 0x25, 0xE9, 0x3E, 0x90, 0x6E, 0x8E, 0x10, 0xF7, 0xB4, 0xCB, 0x83, 0xED,
    0xD5, 0x83, 0x15, 0x2A, 0xC6, 0x15, 0xC6, 0x9E, 0x32, 0x9B, 0x4E, 0x18, 0x7B, 0x82, 0x40, 0x27,
    0x6E, 0x03, 0xE1, 0xCD, 0xD5, 0xBA, 0xAD, 0x08, 0xD0, 0x40, 0x2F, 0x64, 0x02, 0x53, 0x7A, 0x6F,
    0x7F, 0x8A, 0x98, 0xC1, 0xBB, 0x7E, 0xA5, 0x63, 0xCF, 0x7B, 0x57, 0xA7, 0xFC, 0xE5, 0xAC, 0xF1,
    0x83, 0x61, 0xDA, 0x7B, 0x63, 0x58, 0x83, 0xF7, 0xB8, 0xE1, 0x8F, 0xBB, 0x94, 0xE0, 0xEF, 0x98,
    0xFC, 0x01, 0x76, 0x26, 0xAF, 0xD6, 0x4B, 0xD0, 0x94, 0x05, 0xD8, 0x84, 0xF7, 0x0E, 0x23, 0xD6,
    0x59, 0x3C, 0xF0, 0x1C, 0x47, 0xE5, 0x9A, 0xD3, 0x3B, 0x4F, 0x38, 0xE4, 0xF2, 0xC1, 0x36, 0xCA,
    0x40, 0x03, 0x2E, 0x5C, 0xD6, 0xA7, 0xCE, 0xD4, 0x81, 0xC3, 0x4A, 0x98, 0xAB, 0x17, 0x98, 0xDD,
    0xAC, 0x1B, 0xEE, 0x55, 0xC0, 0x15, 0x67, 0x10, 0xAC, 0x20, 0x25, 0x07, 0x2E, 0x0A, 0xA9, 0x50,
    0xB0, 0x9C, 0xD7, 0x9C, 0x62, 0xB5, 0x80, 0x60, 0xA3, 0x26, 0xE6, 0x96, 0x36, 0x39, 0x2C, 0xE5,
    0xD5, 0x7F, 0x3C, 0x59, 0xBB, 0xC5, 0x24, 0xD0, 0x56, 0x09, 0xC3, 0xAA, 0x1D, 0xBC, 0x00, 0xD5,
    0x77, 0x33, 0xF8, 0xD6, 0x3E, 0xAD, 0x7D, 0x1F, 0xD6, 0xC9, 0xEF, 0x77, 0xC4, 0x27, 0x28, 0xAB,
    0x27, 0x7E, 0xE5, 0x30, 0x1C, 0x50, 0x47, 0x0F, 0xE2, 0xF7, 0x0D, 0xAE, 0x06, 0xFD, 0x93, 0xBF,
    0x61, 0x1F, 0x75, 0x95, 0x2D, 0xEA, 0x9F, 0x3E, 0x9E, 0x7F, 0x39, 0x7F, 0x15, 0x4E, 0x02, 0x5E,
    0x5D, 0x8E, 0xA1, 0x65, 0x00, 0xFA, 0x0C, 0x70, 0x25, 0x98, 0xA2, 0xE8, 0xA6, 0x34, 0xCF, 0x30,
    0xA2, 0x09, 0xC0, 0x33, 0xC4, 0xBD, 0x0C, 0x88, 0xFC, 0xE8, 0xCB, 0x52, 0xB6, 0x66, 0x08, 0xBB,
    0x31, 0x3C, 0xEA, 0xB3, 0xBB, 0x75, 0x20, 0x1F, 0x42, 0x2E, 0x70, 0x90, 0x06, 0x92, 0x41, 0xB8,
    0x77, 0x5F, 0x56, 0xD3, 0xAF, 0x60, 0xF7, 0x06, 0xC8, 0x3E, 0x22, 0x21, 0x58, 0xC0, 0xEE, 0x81,
    0x17, 0xFF, 0x23, 0xDD, 0x7D, 0x4E, 0xA9, 0xCB, 0xA5, 0x23, 0xDD, 0x67, 0x82, 0xA5, 0xB4, 0x69,
    0x97, 0x76, 0xDC, 0x53, 0xAA, 0xBC, 0x7F, 0xD3, 0xD6, 0x8B, 0xB9, 0x55, 0xB3, 0xCD, 0xC3, 0xDF,
    0xA3, 0x81, 0xFE, 0x14, 0xAA, 0x3F, 0x79, 0x9F, 0xDC, 0xDD, 0x3A, 0xDC, 0xF8, 0xF5, 0xD7, 0xF4,
    0xEB, 0xE8, 0xAC, 0x5F, 0x8F, 0x6B, 0xBF, 0x9E, 0xCE, 0xFA, 0xF5, 0xB4, 0xF1, 0xEB, 0x01, 0x63,
    0x3C, 0x4A, 0x23, 0xD4, 0xD4, 0xE3, 0xF0, 0x68, 0xDC, 0x8C, 0xAB, 0x6D, 0xF5, 0x10, 0x1E, 0x45,
    0xDC, 0x4F, 0x70, 0x3D, 0xF1, 0x68, 0x9C, 0xE1, 0xE1, 0xE1, 0xF6, 0xE6, 0xEE, 0x85, 0x83, 0xA1,
    0x68, 0x46, 0x30, 0x3D, 0xD5, 0x8E, 0xE0, 0xC8, 0xDB, 0xC3, 0xE3, 0x0F, 0x59, 0xE6, 0x09, 0xD2,
    0x79, 0x37, 0x16, 0xF9, 0xCD, 0x95, 0x5C, 0xAC, 0x74, 0x77, 0x37, 0xE3, 0xFE, 0x62, 0x27, 0xFB,
    0x23, 0xD3, 0x19, 0x31, 0x3F, 0x04, 0x06, 0xFF, 0x6E, 0x44, 0x2D, 0xC5, 0xE0, 0x0C, 0x53, 0xDE,
    0xDD, 0xBC, 0xBF, 0x3D, 0x5E, 0x2D, 0x5C, 0x8F, 0x63, 0x67, 0x3A, 0x7A, 0xD2, 0x34, 0xEB, 0x63,
    0x17, 0xB2, 0x45, 0x16, 0xD2, 0x3E, 0xAD, 0xA1, 0xE0, 0x6E, 0x99, 0x49, 0xA1, 0x72, 0x6E, 0x8B,
    0xBF, 0xB9, 0x36, 0x73, 0xDF, 0xB4, 0xB1, 0xFB, 0xA0, 0xE5, 0xDC, 0x0A, 0xF7, 0x08, 0x5B, 0x05,
    0xB7, 0x39, 0x61, 0x17, 0xB5, 0xE6, 0x37, 0x4C, 0xB6, 0xF4, 0xDF, 0xA6, 0x2E, 0x66, 0xFE, 0xC5,
    0x68, 0x35, 0x70, 0xE3, 0x76, 0xD2, 0xED, 0x2E, 0x85, 0xA5, 0xD1, 0xE7, 0x2B, 0x3E, 0x5B, 0xF5,
    0x3B, 0x9D, 0x48, 0x4F, 0xB4, 0x6E, 0x90, 0x5D, 0x76, 0x0B, 0x7A, 0x46, 0xC3, 0xD0, 0x66, 0x65,
    0x54, 0x47, 0x96, 0x7F, 0x19, 0xC5, 0x6D, 0xD2, 0xA4, 0xF8, 0x15, 0xB7, 0xC6, 0xA6, 0x75, 0x68,
    0x8B, 0x3E, 0x2B, 0xC3, 0x6E, 0x60, 0x4D, 0xD1, 0xF7, 0x2B, 0x8C, 0x3A, 0x59, 0x03, 0x35, 0x39,
    0xCB, 0x1D, 0xC1, 0xA2, 0x61, 0xD4, 0x32, 0x35, 0x87, 0x37, 0x25, 0x21, 0x2B, 0x65, 0xB4, 0xDC,
    0xE6, 0xE8, 0xDC, 0xD6, 0xB4, 0x91, 0x8D, 0xFB, 0xA4, 0x0D, 0x46, 0x84, 0x7F, 0x57, 0x78, 0x86,
    0xD2, 0xDE, 0xEF, 0xA9, 0xEB, 0xFB, 0xD4, 0x56, 0x81, 0x00, 0x92, 0x35, 0x31, 0x32, 0x17, 0x26,
    0x2E, 0x88, 0x6F, 0xD3, 0x1E, 0x58, 0xCC, 0x2B, 0xDD, 0x37, 0x2A, 0xB9, 0x95, 0x80, 0x97, 0x19,
    0xAD, 0xB1, 0x72, 0xCB, 0xDD, 0x04, 0xC6, 0x42, 0x20, 0x01, 0x73, 0x38, 0xFE, 0x6D, 0x31, 0x25,
    0x3E, 0x6B, 0x63, 0xAA, 0xC6, 0x7C, 0x8D, 0x09, 0x46, 0x3A, 0xAD, 0x23, 0xAA, 0x96, 0x12, 0x3E,
    0x31, 0xE3, 0xF2, 0xF9, 0x82, 0x2F, 0xC3, 0xD3, 0xD3, 0xBD, 0x25, 0x0A, 0x62, 0x7B, 0x6F, 0x0F,
    0xA1, 0x14, 0xC7, 0xF6, 0x1B, 0xE3, 0xFC, 0xEF, 0x91, 0xFF, 0x1F, 0x67, 0xD2, 0x0D, 0x0C, 0xAB,
    0x05, 0x03, 0x7C, 0xE5, 0x64, 0xE9, 0xBB, 0xF1, 0x0F, 0xAF, 0x48, 0x77, 0x48, 0xC0, 0xE2, 0x8A,
    0x7F, 0x0A, 0xFA, 0xBF, 0x06, 0xE7, 0x1F, 0x03, 0x13, 0x86, 0xB7, 0x99, 0x7A, 0x4A, 0xD5, 0xEA,
    0xCE, 0xED, 0xF0, 0x60, 0x87, 0x9B, 0xA7, 0xFF, 0x3F, 0xB5, 0x9A, 0x20, 0xFD, 0x71, 0xC7, 0x3C,
    0xF6, 0x73, 0xE5, 0xA2, 0x32, 0x8A, 0x9E, 0xCC, 0x5B, 0x31, 0xD6, 0x43, 0xC7, 0xA0, 0x26, 0x6F,
    0x8E, 0xB8, 0xE0, 0xAC, 0x27, 0x37, 0x7E, 0xB2, 0x33, 0x7D, 0x16, 0x4C, 0x80, 0x25, 0x53, 0x6E,
    0x7F, 0xC2, 0x7F, 0x0D, 0xB7, 0x50, 0x7F, 0xFF, 0xB2, 0xE6, 0x96, 0x1B, 0x02, 0x8B, 0xFC, 0x46,
    0x7E, 0x2B, 0xFF, 0x01, 0xCD, 0x5A, 0xBF, 0x8F, 0xE5, 0xD4, 0x15, 0x3E, 0xB6, 0x77, 0xC7, 0x61,
    0x1C, 0xE1, 0x95, 0x02, 0x4A, 0x60, 0x43, 0x4C, 0x41, 0x01, 0x9B, 0xB0, 0x4E, 0x99, 0x48, 0xB3,
    0x73, 0x4D, 0x52, 0xA4, 0xA0, 0x60, 0x8A, 0x1D, 0x9A, 0x14, 0x69, 0x28, 0x08, 0x91, 0x32, 0xCD,
    0x16, 0x14, 0x30, 0x36, 0xA4, 0xA0, 0xA0, 0x60, 0x90, 0xA2, 0x34, 0x14, 0x99, 0x62, 0x14, 0xC1,
    0xA4, 0x18, 0x4A, 0x22, 0xCD, 0xBC, 0x6B, 0x91, 0x3F, 0x00, 0x2B, 0x88, 0x2A, 0x45, 0x1C, 0xB1,
    0x22, 0x12, 0x14, 0x63, 0x12, 0x47, 0x31, 0x3B, 0xD7, 0xBE, 0xF9, 0xBE, 0x6B, 0xBF, 0x99, 0xD9,
    0xB0, 0x59, 0x56, 0xF0, 0xD8, 0xDD, 0xF7, 0x7C, 0x8F, 0xE7, 0xD9, 0xD7, 0xE7, 0x9C, 0x7B, 0xEE,
    0xF9, 0xED, 0xB9, 0x28, 0x3A, 0xB3, 0x99, 0x96, 0xC7, 0x84, 0x9F, 0xEF, 0xC8, 0x25, 0x7C, 0x57,
    0xDD, 0x57, 0x49, 0x7E, 0xDD, 0x57, 0x96, 0x33, 0x91, 0xB8, 0x1C, 0x87, 0xEE, 0x25, 0xB0, 0xB6,
    0x88, 0xAD, 0xAD, 0xD5, 0x7B, 0xAF, 0xD4, 0x79, 0xFC, 0x52, 0x31, 0x8B, 0x0B, 0x31, 0xA7, 0x46,
    0x8F, 0xA1, 0x31, 0xD4, 0x6B, 0x2F, 0x97, 0xA9, 0xFD, 0x5B, 0x13, 0x59, 0x5B, 0xF9, 0xD6, 0x8A,
    0xA4, 0xF5, 0x09, 0x1E, 0x6F, 0x06, 0xA4, 0x89, 0x6D, 0x45, 0x72, 0xDB, 0x8B, 0xD8, 0x27, 0x3A,
    0xF1, 0x8C, 0x9C, 0x13, 0xBF, 0x03, 0x37, 0x01, 0x2E, 0x8B, 0xEF, 0x00, 0x7F, 0x2A, 0x6B, 0x4B,
    0x82, 0x4A, 0x2E, 0xD8, 0xDD, 0x42, 0xC8, 0x12, 0x2E, 0xDE, 0x00, 0xCC, 0xC4, 0xE1, 0x8C, 0x38,
    0xD9, 0x96, 0xC9, 0xEF, 0xC0, 0xA8, 0xC8, 0xD2, 0x0E, 0xAE, 0x7A, 0xF2, 0x90, 0x44, 0x45, 0xAE,
    0x0F, 0x2B, 0x22, 0x8B, 0xAF, 0x59, 0x89, 0x2B, 0x05, 0x46, 0xD2, 0x6C, 0x1C, 0xF8, 0xBB, 0xD5,
    0x78, 0xD6, 0x96, 0xA4, 0x93, 0x2E, 0x3F, 0x99, 0x9D, 0xC1, 0x53, 0xCF, 0xE1, 0xC1, 0x1D, 0x55,
    0x4A, 0xD8, 0x26, 0xB5, 0xC4, 0x4D, 0xDC, 0x48, 0x5A, 0x06, 0x46, 0x54, 0xE1, 0x0D, 0x82, 0xF5,
    0xE8, 0x9F, 0x18, 0x10, 0xFE, 0x33, 0x58, 0x8C, 0x0F, 0x1B, 0x91, 0x08, 0x5C, 0x42, 0x38, 0x20,
    0x79, 0x3F, 0x6E, 0x0A, 0x58, 0xC8, 0x46, 0xB0, 0x6E, 0xD7, 0xF1, 0x7B, 0xB8, 0xEE, 0xDA, 0x73,
    0x76, 0x77, 0xBA, 0x46, 0xF0, 0xA6, 0x39, 0xF9, 0xF0, 0x92, 0x39, 0xFD, 0x1B, 0x62, 0xF3, 0xED,
    0x00, 0xF4, 0x60, 0xBC, 0x4E, 0xB3, 0xA4, 0xF4, 0x24, 0xA1, 0x14, 0x2B, 0x8C, 0x9E, 0x64, 0x3B,
    0x49, 0x81, 0x52, 0xBD, 0x61, 0x2B, 0x2D, 0x1B, 0xCD, 0x4C, 0x82, 0x46, 0x67, 0x41, 0xA3, 0xBA,
    0xA8, 0xC6, 0xF5, 0x32, 0x74, 0xA2, 0x07, 0x49, 0xC9, 0x9D, 0xEC, 0xBF, 0x8B, 0xA1, 0xB2, 0x94,
    0x0B, 0xCD, 0x62, 0xE0, 0x15, 0x5D, 0xCB, 0x03, 0x7E, 0xA1, 0x9F, 0x6C, 0xF4, 0x53, 0x6D, 0x1E,
    0x35, 0x67, 0x24, 0x13, 0x8F, 0x62, 0x86, 0x38, 0x7A, 0xF2, 0xFC, 0x31, 0xD6, 0x15, 0x74, 0x12,
    0x35, 0x20, 0x79, 0x16, 0x9B, 0x94, 0x7A, 0xB6, 0xD9, 0x94, 0x55, 0xD0, 0x4D, 0x65, 0x3F, 0xA9,
    0xDF, 0x8E, 0xB3, 0x0E, 0xD2, 0x8F, 0x8A, 0x76, 0x15, 0xB0, 0x6C, 0x5F, 0x14, 0x09, 0x27, 0xE8,
    0xAE, 0x97, 0xFB, 0xAA, 0x38, 0x17, 0x17, 0x2F, 0xC4, 0xD7, 0xDA, 0x38, 0x53, 0x81, 0x35, 0x4A,
    0x92, 0x42, 0x57, 0x07, 0x12, 0xD5, 0x44, 0xEB, 0x0F, 0xD9, 0x46, 0x4D, 0x2D, 0x20, 0x87, 0x5C,
    0x0B, 0x3E, 0x67, 0x9C, 0x4E, 0x4A, 0xF4, 0x9F, 0x26, 0xB5, 0x8D, 0x8A, 0x9A, 0x83, 0xA0, 0xD9,
    0x0F, 0x08, 0x37, 0xC3, 0x46, 0xED, 0x35, 0xC9, 0x51, 0xE3, 0xBF, 0xBE, 0x26, 0x6B, 0xBE, 0x48,
    0x17, 0x97, 0x41, 0x93, 0x66, 0x51, 0x9D, 0x43, 0x26, 0xD8, 0x19, 0x68, 0xCE, 0x2C, 0x6C, 0x44,
    0xFD, 0xB4, 0xC3, 0x2A, 0x8D, 0xF0, 0xBA, 0xDF, 0xA6, 0x05, 0xE6, 0x15, 0x54, 0x02, 0x4D, 0xBD,
    0x38, 0x01, 0x32, 0xEA, 0xE2, 0x0D, 0xC1, 0x72, 0x21, 0xE7, 0xB7, 0xC5, 0xA3, 0xE0, 0xAF, 0x6E,
    0x14, 0x49, 0xFE, 0x7E, 0x75, 0x49, 0x7D, 0xDA, 0xAC, 0xAC, 0x5C, 0x69, 0x56, 0x54, 0xD3, 0xAE,
    0xA8, 0xAA, 0x5D, 0x59, 0xA9, 0x9B, 0x8B, 0x2B, 0xFF, 0x6C, 0xE2, 0xDF, 0x9E, 0x2F, 0xC3, 0x6B,
    0x1A, 0x1B, 0x0B, 0x71, 0x2D, 0x71, 0x7F, 0x0B, 0x1C, 0xEB, 0xEB, 0xD4, 0xE0, 0xC4, 0x8A, 0xDA,
    0x28, 0xF7, 0x21, 0x8A, 0xA0, 0xC2, 0xB1, 0x1F, 0x41, 0xEC, 0x45, 0x3C, 0x88, 0xB7, 0xE6, 0x28,
    0x1C, 0x9B, 0xC3, 0x34, 0xC0, 0x55, 0x37, 0x8D, 0xF6, 0x7F, 0xEF, 0xF1, 0x03, 0x29, 0xB5, 0xF3,
    0x39, 0xFC, 0xED, 0x6F, 0xA5, 0x46, 0xF7, 0x57, 0x56, 0x61, 0xBB, 0x26, 0x68, 0xA8, 0xC6, 0xF9,
    0xA0, 0xEC, 0xD9, 0x35, 0x65, 0x52, 0xE3, 0x37, 0x71, 0x95, 0x98, 0x7B, 0x67, 0x92, 0xCA, 0xAA,
    0xEA, 0x55, 0xEB, 0x65, 0x52, 0x04, 0x75, 0xD2, 0xE4, 0xC5, 0x0B, 0x78, 0xF2, 0xB2, 0x9C, 0xCD,
    0x8C, 0x93, 0xD1, 0xCD, 0x47, 0x8F, 0x31, 0x40, 0xB6, 0x58, 0x47, 0x69, 0x3F, 0xB2, 0x25, 0xC5,
    0x36, 0xD8, 0xD7, 0x4A, 0x73, 0x1F, 0xB4, 0x54, 0x4E, 0xC6, 0x9B, 0x64, 0xE7, 0xC1, 0xDD, 0xDD,
    0x22, 0xE0, 0x8C, 0xD8, 0x3A, 0x4B, 0xBA, 0xA6, 0xCB, 0xDC, 0x56, 0x09, 0x84, 0xFD, 0x79, 0xA0,
    0x08, 0x52, 0x82, 0x88, 0xC0, 0x23, 0x80, 0x82, 0xDD, 0x1A, 0x80, 0xB9, 0xD3, 0x7B, 0xE5, 0xD0,
    0x94, 0x30, 0x8B, 0x25, 0xCD, 0x54, 0x1D, 0x34, 0x7E, 0xB3, 0x51, 0x63, 0x17, 0xDC, 0x06, 0xE6,
    0xA5, 0x2A, 0xBF, 0x5D, 0x86, 0xA7, 0xBE, 0xCE, 0x97, 0xC4, 0x30, 0x93, 0xBD, 0x72, 0x33, 0xAC,
    0x0F, 0x9C, 0x3A, 0xAD, 0x86, 0xB5, 0x3A, 0x04, 0xB3, 0x99, 0xB7, 0x23, 0x8F, 0x78, 0x85, 0xEC,
    0x87, 0x95, 0xE4, 0x01, 0xAC, 0xFC, 0x25, 0x2C, 0xBD, 0xA2, 0x21, 0xA9, 0x2C, 0xE8, 0x92, 0x12,
    0x5A, 0x07, 0x9C, 0x07, 0x92, 0xC2, 0x4B, 0x6D, 0xE2, 0x3E, 0xF6, 0x13, 0xAE, 0x2A, 0x93, 0x49,
    0x4D, 0x81, 0x7B, 0x07, 0xE2, 0xC1, 0x74, 0x42, 0xA8, 0xF5, 0xB7, 0x4A, 0x6E, 0x58, 0x50, 0xD2,
    0x2B, 0x01, 0xCE, 0x1C, 0x34, 0x84, 0x98, 0x02, 0x88, 0x29, 0x80, 0xE3, 0x9E, 0x2A, 0xF8, 0x5E,
    0x7A, 0xAE, 0x7D, 0x0A, 0xD2, 0xE3, 0xA4, 0x26, 0x04, 0x8C, 0xEA, 0x78, 0x9F, 0x0B, 0x51, 0x2B,
    0x9C, 0x32, 0x83, 0xB7, 0x9C, 0x41, 0x3B, 0x88, 0x05, 0x0A, 0x44, 0x2C, 0x2B, 0x24, 0x04, 0x78,
    0xFA, 0x73, 0xC2, 0x49, 0x4B, 0x18, 0x9E, 0xE6, 0x24, 0x23, 0xDC, 0x3C, 0xC5, 0x49, 0x4B, 0x18,
    0x9E, 0xE6, 0x24, 0x7B, 0x16, 0x70, 0x33, 0xA4, 0xF3, 0x32, 0xF1, 0x21, 0xB1, 0xC4, 0x91, 0xC3,
    0x02, 0xE3, 0xC1, 0x94, 0x94, 0x53, 0xE4, 0x80, 0xCC, 0xD2, 0x37, 0xC3, 0xBA, 0x2A, 0x2E, 0x39,
    0xB6, 0x5C, 0x0F, 0xE0, 0x59, 0xE8, 0xF4, 0x05, 0x51, 0x86, 0x13, 0x52, 0xC3, 0x09, 0x7E, 0xE3,
    0x26, 0x38, 0x99, 0x24, 0xB4, 0x48, 0xB9, 0xB7, 0x77, 0x9E, 0x7A, 0xD5, 0xB9, 0xEA, 0x55, 0x72,
    0xA2, 0x0C, 0x57, 0xA3, 0xDA, 0xA8, 0x5E, 0x16, 0x8F, 0xDE, 0xD8, 0xC9, 0x44, 0x53, 0x26, 0x9E,
    0xE3, 0x24, 0x38, 0xA4, 0x4C, 0xE2, 0xD7, 0x28, 0x93, 0x74, 0x63, 0x8B, 0x4E, 0xDB, 0x42, 0xD0,
    0x30, 0xAD, 0x9A, 0x58, 0x62, 0xA7, 0x7F, 0xF1, 0x69, 0x11, 0xC0, 0x4F, 0x4B, 0x82, 0x11, 0x63,
    0x71, 0xFE, 0xB4, 0x4B, 0x4B, 0xA7, 0x62, 0x58, 0x5A, 0xC1, 0xA1, 0x56, 0x12, 0xF5, 0x63, 0x48,
    0x52, 0x53, 0x48, 0x81, 0xAB, 0x90, 0x3C, 0x0B, 0x2B, 0x55, 0xA5, 0x35, 0x22, 0x41, 0x11, 0xD1,
    0x39, 0x32, 0x42, 0xF1, 0xE3, 0x15, 0xF3, 0xB8, 0xE4, 0xE4, 0x23, 0x9A, 0x22, 0x0B, 0xCB, 0x39,
    0xD9, 0x0B, 0x04, 0xF4, 0x60, 0x42, 0xFF, 0xEF, 0x8F, 0x91, 0x00, 0x0E, 0x3A, 0x3C, 0x22, 0x1F,
    0x1F, 0x12, 0x30, 0x4E, 0xA4, 0xEF, 0x72, 0xC5, 0x59, 0x4F, 0x62, 0x96, 0x72, 0x02, 0xDD, 0x9E,
    0xF1, 0x84, 0xF6, 0x42, 0xCB, 0xA9, 0x08, 0x6A, 0xB8, 0xDA, 0x10, 0xD6, 0x0B, 0x7A, 0xD0, 0x75,
    0xDF, 0x80, 0x41, 0xCF, 0xA8, 0x29, 0x5C, 0x90, 0x0F, 0xEE, 0xBC, 0xE4, 0x40, 0xEA, 0x91, 0x9A,
    0xD4, 0x72, 0xDB, 0xD9, 0xE0, 0xFE, 0x38, 0xCC, 0xF1, 0x27, 0x90, 0xC9, 0xBD, 0x72, 0xE5, 0x76,
    0x73, 0xE0, 0xD7, 0x2B, 0x0C, 0x50, 0xC4, 0xA2, 0x81, 0xEF, 0xB1, 0xA5, 0xAD, 0xDB, 0xCD, 0x41,
    0x52, 0x74, 0x8C, 0xFE, 0x66, 0x02, 0x71, 0xD1, 0xDD, 0x91, 0x5D, 0x18, 0xD1, 0xBF, 0x5B, 0x4D,
    0xC0, 0x3F, 0x2A, 0x8F, 0x89, 0xDF, 0x0E, 0x75, 0x5C, 0xDA, 0xDD, 0xDD, 0x76, 0xA9, 0x02, 0x6C,
    0xD2, 0x65, 0x6A, 0x3C, 0xD9, 0x0F, 0xD6, 0xD7, 0xE6, 0xCA, 0x39, 0x66, 0x44, 0x20, 0x38, 0x9E,
    0xD2, 0x3D, 0x77, 0x52, 0xA9, 0x3B, 0xF5, 0x29, 0x53, 0x34, 0xBF, 0x63, 0x9E, 0x02, 0x1A, 0xEE,
    0x04, 0xFB, 0xE6, 0x3D, 0x55, 0xB8, 0x53, 0xEE, 0x72, 0x38, 0xE6, 0x4C, 0x38, 0x05, 0xC3, 0xAE,
    0xC6, 0x09, 0xFC, 0xA4, 0x63, 0xEC, 0xC4, 0x03, 0x70, 0xD1, 0xEE, 0xA4, 0xC5, 0x9D, 0x44, 0x76,
    0xB3, 0x49, 0x31, 0x10, 0x24, 0x11, 0x8D, 0x8E, 0xC0, 0x7F, 0x0F, 0x93, 0x87, 0x43, 0x08, 0x32,
    0x55, 0x3A, 0x3F, 0x27, 0x53, 0x0E, 0xA9, 0xE7, 0x49, 0xE3, 0xF8, 0x97, 0x03, 0x63, 0x72, 0xE9,
    0x38, 0xE0, 0x64, 0x3E, 0x26, 0xD1, 0xC0, 0xC4, 0x8F, 0xF2, 0x20, 0xD2, 0x0C, 0x6B, 0xE1, 0x5E,
    0xFF, 0x89, 0x33, 0x3B, 0xB7, 0x05, 0xC4, 0x98, 0xCC, 0x53, 0x07, 0xF7, 0x33, 0x38, 0xD6, 0x86,
    0x87, 0x27, 0x1A, 0x94, 0x7F, 0xCA, 0xAB, 0x6F, 0x8F, 0x4A, 0xB2, 0xBB, 0xBB, 0x45, 0x71, 0xB9,
    0x01, 0x21, 0xAA, 0x29, 0x89, 0xBD, 0x6E, 0x20, 0x75, 0x3B, 0x1E, 0x37, 0xBA, 0x3F, 0x89, 0x7C,
    0x3E, 0x44, 0x1E, 0x11, 0xA6, 0xD1, 0x2E, 0x2F, 0x54, 0x70, 0x0B, 0x3F, 0x96, 0xAF, 0x8F, 0x56,
    0x82, 0xF5, 0x68, 0xE6, 0x6F, 0x30, 0xC6, 0xEA, 0x7B, 0x5F, 0x1B, 0x1D, 0xC4, 0x60, 0x89, 0x3A,
    0x5D, 0x70, 0x20, 0xD5, 0xFB, 0xDA, 0xE8, 0xDC, 0x33, 0x2A, 0x54, 0x27, 0x4B, 0xB0, 0x04, 0xB7,
    0x1C, 0x10, 0xC1, 0x75, 0x1C, 0x7F, 0x1C, 0xB6, 0x91, 0x3B, 0xDC, 0xE2, 0x31, 0x3E, 0x42, 0x01,
    0x2D, 0x61, 0xBF, 0x33, 0x0F, 0xD1, 0xB1, 0x97, 0xB0, 0x58, 0x00, 0xC2, 0x80, 0xF9, 0x8B, 0xE4,
    0x7B, 0xD5, 0xF3, 0x7E, 0xF9, 0xD5, 0xB1, 0x25, 0x4F, 0xB4, 0xF0, 0x5B, 0x38, 0xF0, 0x87, 0x13,
    0xE9, 0x8E, 0x42, 0x6A, 0x6E, 0xCD, 0x05, 0xFB, 0x26, 0xD5, 0xF5, 0xD6, 0x8E, 0xF1, 0x11, 0x1C,
    0xCB, 0xBB, 0x6F, 0xD1, 0xC4, 0x99, 0xB5, 0xC2, 0x4C, 0x24, 0xFE, 0x78, 0xCF, 0x32, 0xAB, 0x50,
    0x0D, 0x83, 0x7F, 0xCB, 0x14, 0xC4, 0x00, 0x78, 0x04, 0xD2, 0x6F, 0x7C, 0x0C, 0xA0, 0x61, 0x25,
    0x83, 0x03, 0x34, 0x9C, 0x9E, 0x37, 0x78, 0xD7, 0x27, 0x08, 0x90, 0xD6, 0xB3, 0xDE, 0x2A, 0x3D,
    0x5D, 0x13, 0x1F, 0xCB, 0xCD, 0x9E, 0x98, 0xA1, 0xD2, 0xD1, 0xD6, 0x3B, 0xDC, 0x38, 0x18, 0xD2,
    0x26, 0x15, 0xFE, 0xD9, 0xE5, 0x62, 0xD4, 0x71, 0xD4, 0xB1, 0xDE, 0x36, 0xEC, 0x36, 0x68, 0x5D,
    0xFE, 0xA3, 0x1A, 0x82, 0x8E, 0x00, 0x15, 0x6B, 0xBB, 0x6A, 0xF9, 0x97, 0x42, 0xD6, 0xA3, 0xE2,
    0x1A, 0x20, 0x6A, 0x01, 0x7C, 0x03, 0x20, 0x96, 0x40, 0xFD, 0x06, 0x20, 0x79, 0x1F, 0x20, 0xFA,
    0x17, 0x40, 0x30, 0x00, 0x20, 0xF6, 0x03, 0xE4, 0x04, 0x29, 0x41, 0x4C, 0xC0, 0x14, 0xC0, 0x51,
    0x74, 0x95, 0x29, 0x9C, 0x9B, 0x23, 0xAE, 0x2B, 0x77, 0xE9, 0x38, 0x1D, 0x10, 0x4F, 0x33, 0x1E,
    0xA5, 0x63, 0x01, 0x45, 0xAF, 0x16, 0xD8, 0x3F, 0x80, 0xDD, 0xB8, 0xE3, 0x81, 0x62, 0x92, 0x55,
    0x64, 0x49, 0x0F, 0x4A, 0x67, 0xA4, 0x9D, 0xE7, 0x19, 0x93, 0x1E, 0x95, 0xCD, 0x9C, 0xFF, 0xD1,
    0x27, 0x30, 0x1B, 0x93, 0x13, 0xFA, 0x24, 0x0B, 0x3F, 0x24, 0x28, 0x3E, 0x91, 0xE1, 0x20, 0x49,
    0xA4, 0x5B, 0x6A, 0xE1, 0x6E, 0xE8, 0x97, 0x46, 0xC7, 0x34, 0x2F, 0xA0, 0xEE, 0x1F, 0xB9, 0x70,
    0x8C, 0x86, 0x8D, 0xF3, 0x68, 0x0E, 0x8E, 0x3E, 0xF8, 0xAA, 0xDC, 0x5D, 0x7C, 0x3A, 0x97, 0xCB,
    0x8C, 0x0C, 0x32, 0x3E, 0xE2, 0xF5, 0x58, 0x9E, 0xBF, 0xAB, 0x38, 0xF4, 0xAF, 0x3E, 0xEE, 0x22,
    0x18, 0x79, 0x48, 0x35, 0xCB, 0x9D, 0xC7, 0xFC, 0xED, 0xBB, 0x8A, 0x43, 0x16, 0x6B, 0xE0, 0xE1,
    0x2F, 0xFD, 0x31, 0x3C, 0x95, 0x8F, 0xDC, 0x25, 0xDA, 0x28, 0x3F, 0x92, 0x1F, 0x80, 0x86, 0x16,
    0xF5, 0x32, 0x8C, 0xF9, 0x1F, 0xED, 0x98, 0x92, 0x60, 0x1E, 0x13, 0x85, 0x10, 0xB6, 0x9D, 0xBC,
    0xDF, 0x21, 0x01, 0x1F, 0x50, 0x62, 0xAC, 0x22, 0x90, 0x7D, 0xC3, 0x3D, 0x73, 0x9F, 0xE3, 0x7E,
    0xD5, 0x71, 0xDF, 0x3B, 0xEE, 0xBB, 0x13, 0xEE, 0x53, 0xC7, 0xBD, 0x72, 0xDC, 0xF7, 0xE4, 0x3E,
    0xE8, 0xC8, 0x7D, 0x54, 0x93, 0x7B, 0x94, 0x98, 0xE0, 0x1E, 0xA6, 0x5D, 0xCC, 0x58, 0x35, 0x65,
    0x9A, 0x45, 0x51, 0x96, 0x23, 0x77, 0x06, 0xF7, 0x7B, 0xA5, 0x30, 0x34, 0x38, 0xEE, 0xCD, 0x09,
    0xF7, 0xB1, 0xE3, 0x3E, 0x75, 0x1D, 0x1A, 0xE5, 0xB8, 0xFF, 0xE6, 0xC8, 0xFD, 0x3D, 0x32, 0x8F,
    0xF0, 0xAA, 0x3B, 0xAE, 0x01, 0x1E, 0x9F, 0xD6, 0xF5, 0x4B, 0xD6, 0xF2, 0x9A, 0x9B, 0xF0, 0x55,
    0x40, 0x4E, 0x02, 0x10, 0xAB, 0x2A, 0x15, 0xD2, 0x8C, 0x2C, 0xE9, 0xE0, 0x5B, 0x22, 0x8B, 0x44,
    0xC6, 0x77, 0x91, 0x3D, 0xB5, 0xC5, 0x7C, 0x3B, 0x97, 0xE6, 0x0D, 0x2F, 0x9F, 0xD7, 0xE2, 0xCF,
    0x58, 0x11, 0x64, 0x77, 0x86, 0x17, 0x97, 0xE6, 0x24, 0x94, 0x86, 0x86, 0x48, 0xE5, 0xCA, 0xDC,
    0x05, 0xDE, 0x66, 0x36, 0x0E, 0x22, 0x6A, 0x12, 0xEB, 0x3E, 0x07, 0xF6, 0xA3, 0x3B, 0xC3, 0xC6,
    0x58, 0x6D, 0x3A, 0x35, 0x61, 0x44, 0x08, 0x98, 0x20, 0xFB, 0xD5, 0x74, 0xEF, 0xCB, 0x36, 0x13,
    0xC5, 0xCA, 0xA9, 0x4E, 0xE1, 0x2D, 0x80, 0x0B, 0x9F, 0xCB, 0x72, 0x3E, 0x73, 0x2D, 0x54, 0x97,
    0xE9, 0xAC, 0xFF, 0xA2, 0x43, 0x78, 0x43, 0xFA, 0xEE, 0x52, 0xF8, 0x69, 0x20, 0xA7, 0x97, 0xF3,
    0xDD, 0x94, 0x09, 0x61, 0xDE, 0xF0, 0xB9, 0x4C, 0x49, 0xBC, 0x67, 0xDC, 0x46, 0xB3, 0x03, 0x8C,
    0x35, 0x7B, 0xF6, 0xE7, 0x86, 0x7B, 0x6F, 0x58, 0xDF, 0x4F, 0xE0, 0x57, 0x88, 0xAB, 0x62, 0x6B,
    0xA4, 0x85, 0xB6, 0x86, 0x9C, 0xCE, 0xD7, 0xB0, 0x94, 0xB0, 0x0E, 0x07, 0x36, 0x10, 0x50, 0x56,
    0xD7, 0x58, 0x2E, 0x5B, 0x09, 0x37, 0x06, 0x7F, 0xAF, 0x31, 0xE5, 0x43, 0xCB, 0xC9, 0x9A, 0xE9,
    0xC8, 0x59, 0x0C, 0x3A, 0x00, 0xD7, 0x0D, 0x80, 0x04, 0x23, 0x5E, 0x6C, 0x4F, 0xE2, 0xD6, 0xF7,
    0xB7, 0x2E, 0xFB, 0xD6, 0xF4, 0xCC, 0x0B, 0xD2, 0x76, 0xA3, 0x57, 0x45, 0xD0, 0x6B, 0xF1, 0xE0,
    0x03, 0x84, 0x5E, 0xE2, 0x60, 0x1A, 0xEE, 0x37, 0xCA, 0xFA, 0x5E, 0x21, 0x09, 0x4B, 0x06, 0xDD,
    0xA3, 0xA4, 0xEF, 0x3D, 0xDB, 0xF6, 0x0E, 0x3F, 0x33, 0x73, 0x0F, 0xF2, 0x66, 0xBB, 0x85, 0x7D,
    0x80, 0x44, 0x16, 0x8B, 0x3F, 0xA2, 0x6E, 0xB0, 0x0E, 0x81, 0x12, 0xB5, 0x51, 0xB1, 0x50, 0xDC,
    0x17, 0x83, 0x42, 0xEC, 0x5F, 0x4B, 0xEF, 0xC8, 0x66, 0x5E, 0x33, 0x2C, 0x96, 0xEF, 0x67, 0x96,
    0xA1, 0x10, 0xD0, 0x4D, 0xDC, 0xF5, 0x70, 0x96, 0x73, 0xDE, 0x62, 0xF1, 0xB3, 0xE7, 0x94, 0x40,
    0x2E, 0x2B, 0x97, 0x30, 0x2E, 0x8A, 0xAC, 0xB2, 0xD1, 0x85, 0x7D, 0xF0, 0xB2, 0xC5, 0xD1, 0xF8,
    0xF5, 0x96, 0xFF, 0x16, 0x8D, 0xC8, 0xA4, 0xE3, 0xAB, 0x03, 0x1A, 0x6A, 0xFE, 0xBA, 0x1E, 0x22,
    0x23, 0x0F, 0x49, 0xDA, 0x38, 0x5B, 0x41, 0x8E, 0x09, 0xCB, 0xBE, 0x7F, 0xE3, 0x83, 0xF5, 0x9C,
    0xE6, 0x6C, 0xC7, 0x62, 0x81, 0x27, 0x5D, 0xB8, 0x8E, 0x58, 0x3F, 0xB6, 0x5D, 0x8D, 0x6B, 0x28,
    0xE1, 0x94, 0x1B, 0x04, 0x30, 0xFD, 0xC6, 0x60, 0x3F, 0x81, 0x81, 0xB0, 0x11, 0xDB, 0xE3, 0xB9,
    0x82, 0x7D, 0x28, 0x59, 0x63, 0x47, 0x55, 0xC6, 0x8E, 0xB1, 0x73, 0x0E, 0x65, 0xD2, 0xA6, 0x0D,
    0x58, 0xA7, 0xF3, 0x90, 0x5E, 0xAE, 0x6F, 0x96, 0xCE, 0xC6, 0xA4, 0x07, 0xE5, 0x68, 0x58, 0xC5,
    0x83, 0x6E, 0x42, 0xC6, 0x64, 0x8D, 0x59, 0x31, 0x6B, 0xD7, 0x62, 0xCC, 0xD6, 0x98, 0x60, 0x52,
    0x3D, 0xD3, 0x66, 0xAA, 0x47, 0x27, 0x93, 0xA0, 0x39, 0xB2, 0x93, 0xCF, 0x0E, 0x97, 0xD7, 0x9C,
    0x6C, 0xCD, 0xF9, 0xAB, 0xD7, 0xD3, 0xCE, 0x82, 0x16, 0xE2, 0x31, 0xC3, 0xFA, 0xD3, 0x06, 0x6B,
    0x72, 0xA3, 0x3F, 0xA1, 0x0D, 0xAB, 0xF2, 0x40, 0x7B, 0x8F, 0xB4, 0x6B, 0xD1, 0x43, 0xE6, 0x5A,
    0xD2, 0x5C, 0x07, 0x7B, 0x7B, 0x91, 0x19, 0xEB, 0xC7, 0x8B, 0xB2, 0x58, 0xFC, 0x14, 0x24, 0x1B,
    0x84, 0xC0, 0xE3, 0xB5, 0x49, 0xB6, 0x50, 0xDC, 0xDB, 0xCB, 0xF4, 0x6B, 0x25, 0x87, 0xEB, 0x51,
    0xAC, 0x9D, 0x59, 0x28, 0xEF, 0xF7, 0x48, 0x92, 0xA9, 0x3A, 0xEA, 0xE4, 0x1D, 0xE7, 0x0E, 0xD7,
    0x82, 0xE6, 0x66, 0x5F, 0x41, 0xAD, 0x1A, 0xB7, 0x79, 0x79, 0xC9, 0x91, 0x3F, 0x9B, 0xC5, 0xE5,
    0xCD, 0xBE, 0x1E, 0x2A, 0x44, 0x9B, 0x25, 0x87, 0xD5, 0xAA, 0x3F, 0xDF, 0xD0, 0xCB, 0x4E, 0x53,
    0x6E, 0xF9, 0x78, 0xC0, 0xDB, 0xCA, 0x5F, 0x69, 0xF5, 0xAB, 0x9D, 0xFA, 0x99, 0x7B, 0x81, 0xF3,
    0xA5, 0x90, 0xB8, 0x56, 0x05, 0x3B, 0xE8, 0xF6, 0xA3, 0x0A, 0xBE, 0xBE, 0x81, 0xC8, 0xB2, 0xC0,
    0xEA, 0xCC, 0x7B, 0xFA, 0xA9, 0x12, 0x7F, 0xD7, 0x21, 0xCB, 0xC6, 0x6B, 0x1A, 0x6A, 0x8D, 0xA5,
    0xC1, 0xFD, 0x1F, 0x40, 0x47, 0x0D, 0x74, 0x74, 0x3E, 0x66, 0x42, 0xB1, 0x86, 0x8D, 0x2A, 0x93,
    0x3A, 0x1E, 0xA6, 0x37, 0x4F, 0xEC, 0xCE, 0xD1, 0x81, 0xBC, 0xB8, 0x8C, 0x2D, 0xF8, 0xBD, 0x04,
    0x87, 0xA8, 0xC4, 0xDE, 0x35, 0xC7, 0x3B, 0x73, 0x79, 0x79, 0x47, 0x4C, 0x3E, 0xC8, 0xC0, 0xB7,
    0x26, 0x75, 0x5E, 0xDA, 0xF1, 0x9D, 0x43, 0x65, 0xC6, 0x51, 0x7F, 0xD1, 0xB8, 0xA9, 0x49, 0x3C,
    0xB8, 0xC3, 0x6D, 0xCF, 0xB0, 0xED, 0x75, 0xD2, 0x26, 0x2D, 0x95, 0x43, 0x8F, 0x9E, 0x63, 0xC6,
    0x9E, 0xD7, 0x34, 0x34, 0xB6, 0x7D, 0xC8, 0xE1, 0x61, 0x60, 0x8E, 0x86, 0xE6, 0x18, 0x38, 0x73,
    0x1C, 0x26, 0x8F, 0x74, 0x13, 0x93, 0x58, 0x04, 0xFE, 0xFF, 0x67, 0x12, 0x8B, 0xC0, 0x7D, 0x31,
    0xCC, 0xC4, 0xBE, 0x57, 0xF8, 0x47, 0x16, 0x69, 0x48, 0xBF, 0x58, 0xBE, 0x6F, 0x66, 0x6E, 0x8B,
    0xC0, 0xCF, 0x86, 0x3D, 0x5B, 0x4C, 0x49, 0x7D, 0xFC, 0xF6, 0xCB, 0x55, 0xDA, 0x30, 0xD5, 0xF9,
    0x18, 0x6B, 0x9B, 0xA9, 0xEB, 0xE6, 0xE6, 0x55, 0xE3, 0x73, 0x0F, 0xEE, 0xFC, 0x10, 0xF4, 0x0D,
    0xE8, 0x77, 0x23, 0xFD, 0x04, 0xF4, 0x73, 0xD0, 0x37, 0xB3, 0x1E, 0x2A, 0xDA, 0xC7, 0x75, 0xDE,
    0xA7, 0x85, 0x9E, 0x69, 0xD0, 0x37, 0xA0, 0xDF, 0x84, 0x06, 0x11, 0xC4, 0x25, 0x3F, 0x33, 0xD0,
    0x7F, 0x74, 0x1E, 0x89, 0x1E, 0x1E, 0x1B, 0x7C, 0xBE, 0x9D, 0xF4, 0xEB, 0xA4, 0xDF, 0x0F, 0xD3,
    0xF2, 0x32, 0xBE, 0x5F, 0xFC, 0xA2, 0x81, 0x10, 0x51, 0xA3, 0xC6, 0xA8, 0x35, 0x52, 0x8C, 0xFC,
    0x23, 0x5B, 0xA7, 0xF6, 0xA8, 0x8E, 0xEC, 0xAB, 0xB5, 0x0B, 0x17, 0x4C, 0x17, 0x99, 0xAA, 0x52,
    0xAF, 0x58, 0x2F, 0x9D, 0x54, 0x6C, 0x8B, 0xC1, 0xEF, 0x8A, 0x34, 0x94, 0x77, 0x28, 0xAA, 0xA3,
    0xF2, 0x85, 0x85, 0xE2, 0xF6, 0x8B, 0x47, 0xA1, 0xBA, 0xB8, 0xFB, 0x29, 0x2C, 0x16, 0xB3, 0x3C,
    0x39, 0xB7, 0x58, 0xDE, 0x9D, 0xF0, 0x5D, 0xB4, 0x0C, 0xFA, 0xB1, 0x0F, 0x3B, 0x86, 0xC7, 0x93,
    0xCF, 0x3A, 0x82, 0x77, 0xA6, 0xB9, 0x4A, 0xAC, 0x53, 0xB3, 0x16, 0xE5, 0x5B, 0x7D, 0x46, 0xED,
    0xC6, 0x47, 0x4D, 0xC7, 0x7E, 0x59, 0xD0, 0x85, 0x0D, 0xFC, 0x3C, 0xDF, 0x97, 0x0C, 0xEE, 0xBF,
    0x17, 0xDC, 0xBB, 0xC3, 0x3C, 0x63, 0x52, 0x4C, 0xA4, 0x2E, 0x0D, 0x20, 0x8D, 0xD0, 0xCC, 0x5F,
    0xEF, 0xF0, 0x6D, 0xD4, 0xF8, 0x82, 0xC5, 0x69, 0x5D, 0x72, 0xDC, 0x31, 0x56, 0xD3, 0x5B, 0x4E,
    0x73, 0xA3, 0xB1, 0xB4, 0x2D, 0x50, 0x49, 0x57, 0x5C, 0xDB, 0x7F, 0x6F, 0x34, 0xB6, 0x08, 0x3B,
    0xD8, 0x33, 0x83, 0x0A, 0x5F, 0xE8, 0xF7, 0xD3, 0x30, 0xA0, 0x67, 0x60, 0x8B, 0xC6, 0x96, 0x51,
    0x6B, 0x07, 0x5D, 0xC3, 0xEB, 0x95, 0x46, 0x41, 0x2F, 0xA1, 0x71, 0x37, 0xC2, 0xEB, 0xDE, 0xAA,
    0x3E, 0x03, 0x95, 0xF6, 0x06, 0xD8, 0x82, 0x3F, 0x30, 0x4D, 0xED, 0xC9, 0xD2, 0xE9, 0x9C, 0xEC,
    0x8E, 0x48, 0xE2, 0xBF, 0xAD, 0x52, 0xB1, 0x8E, 0xD4, 0x30, 0x10, 0x7D, 0x1B, 0x83, 0x22, 0x91,
    0xC2, 0x5B, 0xD1, 0xBA, 0xA1, 0xA2, 0xC9, 0x0F, 0xEC, 0xED, 0x58, 0x34, 0x14, 0x14, 0x77, 0x1D,
    0x2D, 0x25, 0xE2, 0x1F, 0xEE, 0x12, 0x74, 0x1F, 0x00, 0x9F, 0x40, 0xC1, 0x67, 0x2C, 0x1B, 0x5F,
    0x45, 0x1B, 0xC4, 0x0F, 0x18, 0x89, 0x1E, 0xB3, 0x97, 0xC2, 0x48, 0x4E, 0x86, 0x71, 0xB2, 0xCB,
    0x5D, 0x81, 0xA8, 0x90, 0x26, 0xF6, 0x8B, 0x3D, 0x6F, 0x66, 0xFC, 0x66, 0x3A, 0x76, 0xDD, 0x6C,
    0x00, 0x1A, 0x66, 0xDB, 0x31, 0xB7, 0xF9, 0xC3, 0x5F, 0xFE, 0x65, 0x67, 0x4E, 0xF7, 0x57, 0xE0,
    0x5F, 0xE7, 0x80, 0x72, 0xC6, 0x6D, 0xB1, 0xC3, 0x04, 0x89, 0xE2, 0x6A, 0x6B, 0x5A, 0xEA, 0xEB,
    0x50, 0x05, 0x15, 0xAA, 0x9E, 0xDA, 0x33, 0xF1, 0x78, 0x08, 0x72, 0xD4, 0x1B, 0x5F, 0xF9, 0xD2,
    0x69, 0x47, 0xD8, 0x9C, 0x88, 0x1B, 0x73, 0x93, 0xB6, 0xCA, 0xEF, 0x2A, 0x37, 0x69, 0xCF, 0xEF,
    0x62, 0xF7, 0x39, 0xD5, 0xCF, 0xA2, 0x79, 0x1B, 0xE9, 0xEB, 0x58, 0x1F, 0xB8, 0x0A, 0x9D, 0x0A,
    0x54, 0xF5, 0x3B, 0xBA, 0x1E, 0xCE, 0x54, 0x3F, 0x47, 0x7A, 0x05, 0xBA, 0x19, 0x41, 0x5F, 0x18,
    0xC6, 0x33, 0x2A, 0x4F, 0x28, 0x25, 0xA2, 0x76, 0x97, 0xA0, 0x22, 0x62, 0x53, 0xF8, 0x53, 0x59,
    0x48, 0x77, 0xD6, 0x71, 0x64, 0x8E, 0x6F, 0xA6, 0x8F, 0xF7, 0x0F, 0xEF, 0x2C, 0x66, 0x77, 0x61,
    0x2F, 0xF6, 0xF2, 0x97, 0x65, 0xF6, 0x62, 0x82, 0x1F, 0x9F, 0xB0, 0x80, 0x3F, 0x0E, 0x62, 0xB8,
    0x00, 0x2C, 0xCC, 0x80, 0x66, 0x04, 0xF3, 0xD1, 0x3A, 0x06, 0x25, 0x29, 0x69, 0xCE, 0x2E, 0x65,
    0xA7, 0xEE, 0xFC, 0x30, 0xF2, 0xF9, 0xED, 0xD8, 0xE8, 0x6F, 0xE9, 0xC1, 0xCA, 0xAE, 0x8B, 0xEF,
    0xC0, 0xEB, 0x7C, 0x69, 0xA6, 0x39, 0xAF, 0x78, 0x75, 0x56, 0x0D, 0x19, 0xEC, 0xB4, 0x5B, 0x88,
    0xA9, 0x12, 0x89, 0x32, 0x88, 0xF2, 0x2E, 0x7B, 0x04, 0x7B, 0x1C, 0xAF, 0x16, 0xD1, 0x2F, 0xF5,
    0xF5, 0xB0, 0x24, 0xE1, 0x72, 0xC9, 0xA6, 0x47, 0x2D, 0xAA, 0x48, 0x84, 0xD5, 0x7B, 0x7A, 0xC1,
    0x6D, 0x93, 0xFD, 0xAE, 0xF4, 0x8F, 0x7E, 0xCA, 0xCC, 0x54, 0xAB, 0x9F, 0x03, 0x89, 0xDE, 0xC3,
    0xB6, 0x38, 0x04, 0x03, 0x94, 0x7E, 0x5B, 0xDC, 0x06, 0x6D, 0x45, 0xB6, 0x0C, 0x8C, 0x05, 0x59,
    0x52, 0x87, 0x50, 0x0B, 0x09, 0xE6, 0xB9, 0x8F, 0x94, 0xCB, 0xD3, 0x32, 0x32, 0x49, 0x48, 0x50,
    0x8C, 0x7A, 0xC9, 0xB7, 0xC6, 0x0A, 0x78, 0x5A, 0x7C, 0x68, 0xCA, 0xB0, 0x2F, 0xC3, 0x27, 0xE9,
    0x8C, 0x94, 0x54, 0xB9, 0x41, 0xB7, 0x41, 0xCF, 0x0E, 0x17, 0x88, 0xD2, 0x76, 0x6F, 0xA4, 0x25,
    0x7B, 0x09, 0x9A, 0x1F, 0x55, 0x0C, 0x59, 0xDF, 0x27, 0x32, 0x20, 0x0D, 0xEA, 0x56, 0xF7, 0x2A,
    0xA8, 0x58, 0x06, 0x2D, 0x83, 0x72, 0x25, 0x67, 0xEB, 0xCC, 0x7A, 0x94, 0x27, 0xAF, 0xCE, 0x0B,
    0x1D, 0x1B, 0x37, 0x6B, 0x0C, 0x15, 0xF2, 0xD3, 0xDC, 0x7F, 0xBA, 0xFC, 0x0D, 0x85, 0x95, 0x31,
    0x6F, 0xE4, 0x44, 0x14, 0xC7, 0x9F, 0x6D, 0xEE, 0x56, 0xB0, 0x85, 0x29, 0x40, 0x27, 0x1D, 0x42,
    0xEE, 0x37, 0x42, 0xFE, 0x04, 0xA7, 0xF1, 0x55, 0x57, 0x92, 0x22, 0x5B, 0x51, 0xA4, 0x45, 0xBA,
    0x22, 0x9F, 0x00, 0xAD, 0x25, 0x4A, 0x9A, 0x54, 0xD4, 0x27, 0x94, 0x02, 0xB9, 0xB9, 0x2F, 0x70,
    0xBB, 0x36, 0x5C, 0x41, 0x41, 0x81, 0x29, 0x42, 0xBD, 0x05, 0x48, 0x70, 0x4D, 0x8C, 0x58, 0xA4,
    0x09, 0x1A, 0xCF, 0xE3, 0xFF, 0x7F, 0xDE, 0x4D, 0x72, 0x14, 0x21, 0xDA, 0xF9, 0x8D, 0x3D, 0xF3,
    0xFC, 0xE6, 0xCD, 0x9B, 0xFF, 0xBC, 0x88, 0xC8, 0xFB, 0xC2, 0xBF, 0x27, 0xEF, 0x90, 0xAF, 0x4A,
    0x60, 0xE1, 0x9D, 0xC8, 0x4C, 0x75, 0x2D, 0x52, 0xAA, 0x06, 0x11, 0x55, 0xF5, 0x92, 0xEA, 0xA7,
    0x5F, 0xED, 0x64, 0x16, 0xCA, 0x59, 0x2F, 0xF9, 0xE0, 0xF2, 0x4E, 0xF2, 0xFE, 0x55, 0x51, 0x49,
    0xD1, 0x05, 0x98, 0x97, 0xDF, 0x0F, 0x5F, 0x80, 0x5F, 0x0E, 0x30, 0x2F, 0x7F, 0xFC, 0x79, 0x07,
    0xFE, 0xF4, 0x7A, 0x10, 0x29, 0xAE, 0x9E, 0xF5, 0x22, 0xB9, 0xC2, 0x5C, 0xF2, 0xB1, 0xA8, 0xE1,
    0x18, 0xE6, 0x9D, 0x64, 0x1A, 0xE7, 0x03, 0xA8, 0xBA, 0x93, 0x39, 0x08, 0x9F, 0xAF, 0x35, 0xE2,
    0xAB, 0x67, 0xBF, 0x55, 0x22, 0xF4, 0x2E, 0xF2, 0x31, 0xCD, 0x45, 0xE6, 0x72, 0xF3, 0xF7, 0x5E,
    0xD3, 0x7C, 0x9B, 0x23, 0x24, 0x6B, 0x6F, 0xF0, 0x4C, 0xAF, 0xFF, 0x6D, 0xAA, 0x5B, 0xB4, 0xC1,
    0xDA, 0xE5, 0xF2, 0x98, 0x63, 0x67, 0x97, 0xDC, 0xC4, 0xD4, 0x4E, 0x2F, 0xDF, 0xB6, 0x97, 0x64,
    0x83, 0x15, 0x0B, 0xC4, 0x21, 0x2B, 0x1D, 0x61, 0xF3, 0xD4, 0x4B, 0x12, 0x90, 0x95, 0xD4, 0x63,
    0x32, 0xC3, 0xB0, 0xA4, 0x06, 0xBE, 0x3A, 0xD5, 0x8E, 0xE8, 0x65, 0xA1, 0x4D, 0x2D, 0x8F, 0x5B,
    0xC0, 0x5E, 0x0D, 0xE2, 0x18, 0xA4, 0x61, 0x23, 0xE6, 0x73, 0xCE, 0x09, 0xED, 0x8A, 0xAF, 0x55,
    0xB1, 0x97, 0x87, 0x17, 0x92, 0x9E, 0x8B, 0x3C, 0x96, 0x0C, 0xBE, 0x5C, 0x95, 0x05, 0xA3, 0x4E,
    0xAC, 0x8D, 0x3D, 0x79, 0x35, 0x90, 0x7F, 0x05, 0x72, 0x88, 0x60, 0x0B, 0x27, 0x1A, 0xD4, 0x38,
    0x3D, 0x67, 0x43, 0xE6, 0x39, 0x9B, 0x8C, 0xA4, 0xB4, 0x46, 0x77, 0x45, 0xE6, 0x4A, 0xCE, 0x8C,
    0xA9, 0x51, 0x26, 0xBA, 0x2A, 0x69, 0x9A, 0x8A, 0x49, 0xF7, 0x96, 0x79, 0xC9, 0x62, 0xA3, 0x35,
    0x76, 0x58, 0x76, 0x47, 0xB1, 0x79, 0xF9, 0x3B, 0x43, 0x1D, 0x0D, 0x8F, 0xAE, 0x97, 0x67, 0xBF,
    0x62, 0xC2, 0x75, 0xB4, 0xAB, 0x81, 0xC8, 0x2F, 0x76, 0x92, 0x5D, 0x9F, 0xEC, 0x73, 0x72, 0x3F,
    0x16, 0x76, 0x5C, 0x0B, 0x2C, 0xC9, 0x7E, 0x05, 0x47, 0xEC, 0x5B, 0x88, 0x85, 0x7D, 0x84, 0x74,
    0x90, 0x26, 0x64, 0x39, 0xDF, 0x4A, 0x5B, 0xA7, 0x41, 0xA0, 0x05, 0xED, 0x90, 0x95, 0x6C, 0x97,
    0x68, 0x8F, 0x58, 0x33, 0x9F, 0xEA, 0x80, 0x41, 0x67, 0x7B, 0xD6, 0x9B, 0x7E, 0x11, 0x4F, 0x7F,
    0x19, 0xCF, 0xDE, 0xC0, 0x55, 0xD1, 0x8D, 0x0E, 0x29, 0x75, 0x65, 0xBD, 0xE1, 0x22, 0x6E, 0xC5,
    0x1F, 0xF4, 0x83, 0x74, 0x45, 0xE6, 0x3E, 0x48, 0x81, 0xC3, 0x94, 0x3C, 0xF0, 0x07, 0x11, 0x41,
    0x66, 0xEC, 0x67, 0xC3, 0x3E, 0xCA, 0xAD, 0xA4, 0x03, 0x63, 0x79, 0x31, 0x9D, 0x2C, 0x9B, 0xE3,
    0x19, 0xA0, 0x1D, 0xC5, 0x2A, 0xF9, 0xC6, 0x23, 0x8F, 0x1E, 0xAF, 0x5E, 0xDA, 0x99, 0x97, 0x11,
    0xF3, 0x21, 0x41, 0x43, 0xBF, 0xC9, 0xA6, 0xF1, 0x22, 0xE2, 0x52, 0x6C, 0x2F, 0x6C, 0xA7, 0xCB,
    0xE5, 0x89, 0x30, 0x49, 0x6C, 0x90, 0x29, 0x06, 0x13, 0x9E, 0xF8, 0x9C, 0x72, 0x29, 0xAF, 0x3F,
    0xAB, 0xB0, 0x4B, 0x8C, 0x33, 0xA0, 0x94, 0x51, 0x3C, 0xFF, 0xA7, 0xC1, 0x16, 0xA8, 0x46, 0xC3,
    0x47, 0x7F, 0x2F, 0x01, 0x86, 0x75, 0x3B, 0xF6, 0x3C, 0x36, 0x7B, 0x63, 0x89, 0x96, 0xC3, 0x2E,
    0xE1, 0xEE, 0x5E, 0xD6, 0xBC, 0x99, 0x1D, 0x8D, 0xB0, 0xEB, 0xE4, 0x58, 0x04, 0x6B, 0x2D, 0x2A,
    0xA4, 0x32, 0x51, 0x26, 0x74, 0x16, 0xC8, 0x62, 0x20, 0x57, 0x1D, 0x88, 0x61, 0x10, 0xC3, 0x20,
    0x86, 0xE1, 0x12, 0xC3, 0xE2, 0x46, 0xB5, 0xDD, 0x1D, 0xB8, 0xC3, 0xE7, 0x3F, 0xD0, 0x26, 0xA6,
    0x91, 0x96, 0x50, 0x0C, 0xE9, 0xBA, 0x5B, 0x6F, 0x73, 0xBB, 0x16, 0xD9, 0x48, 0x8A, 0xAD, 0xC5,
    0x98, 0x28, 0xA8, 0x94, 0x45, 0x22, 0xE5, 0xF1, 0xA4, 0x10, 0x54, 0xE7, 0x62, 0xD3, 0x9A, 0x8C,
    0xE2, 0x23, 0x8F, 0xBC, 0xBB, 0x71, 0x79, 0x3A, 0xBD, 0x1E, 0xC1, 0xE1, 0x1F, 0xB4, 0xAB, 0x27,
    0x63, 0xAB, 0x2A, 0xE3, 0xC9, 0xFE, 0x6A, 0xDD, 0x0F, 0x91, 0x0F, 0x8C, 0xE1, 0x0E, 0xF5, 0x9C,
    0x07, 0x6C, 0x19, 0x6F, 0x79, 0xFD, 0x50, 0x53, 0x58, 0x4D, 0xC6, 0x00, 0xE1, 0x14, 0x28, 0x44,
    0xB8, 0xA9, 0x1D, 0x2D, 0x5D, 0x15, 0x4C, 0x84, 0xC1, 0x24, 0x18, 0xEC, 0x76, 0xC6, 0xA6, 0xC1,
    0x33, 0xC3, 0x98, 0xB8, 0x32, 0xD2, 0xBE, 0x95, 0xB2, 0x0F, 0x94, 0xA8, 0x0F, 0x48, 0xFF, 0x4C,
    0x43, 0xE1, 0x79, 0x98, 0x3A, 0xD8, 0xED, 0x67, 0x01, 0x63, 0x95, 0xD8, 0x9F, 0xCA, 0x5B, 0xF1,
    0x4C, 0x5C, 0xDF, 0x4C, 0xAA, 0xD5, 0x95, 0x60, 0xD1, 0xF1, 0x0E, 0xE9, 0x76, 0x3E, 0xAE, 0xCB,
    0xBE, 0x18, 0xD6, 0x59, 0xE5, 0xBA, 0x35, 0x03, 0x5B, 0x33, 0xAE, 0x35, 0xC3, 0x5A, 0x33, 0xAA,
    0xC3, 0x93, 0xC1, 0x26, 0x5C, 0x4D, 0xD0, 0x98, 0x9F, 0xC9, 0x3C, 0x8E, 0xA5, 0xDD, 0xC9, 0x9E,
    0x4E, 0x2B, 0xD3, 0xE8, 0x7E, 0x35, 0x03, 0x92, 0xB9, 0x68, 0x9A, 0x73, 0x04, 0x3A, 0xB0, 0x2D,
    0xDA, 0xF8, 0xC2, 0x44, 0xF4, 0x20, 0x1E, 0xC3, 0x76, 0xB0, 0xF6, 0x10, 0x79, 0x4B, 0x47, 0x68,
    0x13, 0x67, 0xAA, 0xAC, 0xC1, 0x35, 0x8E, 0x9D, 0xA9, 0xE1, 0x35, 0x62, 0x51, 0xC4, 0x4E, 0x21,
    0x79, 0x61, 0x79, 0xC2, 0x41, 0x23, 0x10, 0x2B, 0xC3, 0xF2, 0xF9, 0xA1, 0xAE, 0xDD, 0xC5, 0x13,
    0x4B, 0x3E, 0xE1, 0xA9, 0x79, 0x58, 0xE6, 0xF1, 0x01, 0xFC, 0x44, 0x54, 0xC1, 0x4F, 0x4C, 0xA3,
    0x77, 0x26, 0x78, 0x2F, 0x89, 0x77, 0x37, 0x2C, 0x0C, 0x1B, 0x6C, 0x53, 0x36, 0xB3, 0x48, 0x07,
    0x9E, 0x40, 0x01, 0x6D, 0x99, 0xDA, 0x0F, 0x6D, 0xB9, 0x63, 0x96, 0x66, 0x7F, 0xC0, 0x8C, 0x13,
    0x2B, 0xDD, 0x4E, 0x62, 0xE3, 0x7F, 0x0C, 0x29, 0xFE, 0xF4, 0x5A, 0xB9, 0xEF, 0xBC, 0xEB, 0xDC,
    0x53, 0x5F, 0x74, 0x2E, 0xF1, 0x79, 0x7F, 0x0F, 0x2E, 0x00, 0x04, 0xF1, 0x3F, 0x90, 0x06, 0x15,
    0x1D, 0x6B, 0x8C, 0x26, 0xE8, 0xCA, 0x04, 0x8D, 0x04, 0x16, 0x5B, 0x2B, 0x52, 0x14, 0xC4, 0x70,
    0x78, 0xCA, 0x89, 0xB2, 0xB7, 0x02, 0xEF, 0xF6, 0x45, 0x8A, 0x82, 0x5E, 0xEE, 0xEF, 0xAD, 0xE3,
    0x35, 0x35, 0x1C, 0xC5, 0x7A, 0x3F, 0x76, 0x8B, 0x7F, 0x01, 0xA5, 0x91, 0xBF, 0x4E, 0x03, 0x31,
    0x0C, 0xC6, 0x3F, 0x9A, 0xE1, 0x86, 0x0A, 0xB2, 0x30, 0x22, 0x75, 0x65, 0xA8, 0x28, 0x43, 0x87,
    0x1B, 0xAE, 0xCA, 0x49, 0x3C, 0x10, 0x8C, 0x6C, 0x74, 0x63, 0x84, 0x47, 0x61, 0x04, 0x81, 0x74,
    0x2E, 0x7D, 0x01, 0xB7, 0x0C, 0x0C, 0x48, 0x90, 0x07, 0x40, 0x10, 0xA1, 0x4A, 0x04, 0x71, 0x6D,
    0xF0, 0x25, 0xAD, 0x84, 0xF8, 0x33, 0x20, 0x12, 0xDB, 0xFA, 0x29, 0xFE, 0x12, 0x5B, 0x31, 0xB6,
    0x91, 0xFF, 0xB6, 0xB5, 0x37, 0xBE, 0x72, 0x95, 0x35, 0x25, 0xB6, 0x21, 0x07, 0x28, 0x00, 0x23,
    0x36, 0x84, 0x61, 0x18, 0x87, 0x7C, 0x86, 0xFC, 0x10, 0x79, 0x81, 0x3C, 0x8F, 0xD6, 0x47, 0x7E,
    0xA0, 0xFD, 0xA9, 0xF1, 0xA8, 0x1C, 0x2A, 0x0B, 0xB9, 0xB7, 0x5A, 0xFB, 0x82, 0xFB, 0xA1, 0x44,
    0x2F, 0xBC, 0x97, 0x30, 0x6F, 0x59, 0x89, 0x01, 0x24, 0xE4, 0x7F, 0x0A, 0x6B, 0xA1, 0x6C, 0xFB,
    0x2C, 0xC0, 0x78, 0x1D, 0x50, 0xCD, 0x74, 0x2D, 0x45, 0x32, 0xD7, 0xF4, 0xF3, 0x65, 0xFD, 0x54,
    0xAD, 0x2D, 0x0F, 0xB4, 0xE4, 0x6C, 0x10, 0x24, 0x98, 0x70, 0x2C, 0xE1, 0xF4, 0xBF, 0xD5, 0xDC,
    0xB7, 0xFD, 0x52, 0x87, 0x45, 0xDD, 0x71, 0x1D, 0xB7, 0xE3, 0x0A, 0x37, 0x0B, 0x7C, 0x81, 0x33,
    0x91, 0xB5, 0xE0, 0x0C, 0x5E, 0x03, 0x82, 0xD8, 0x09, 0xBC, 0x86, 0xFB, 0x6C, 0x3D, 0xBC, 0xA4,
    0xD4, 0x43, 0x93, 0x2A, 0x35, 0xA0, 0xD3, 0xF3, 0x9B, 0x88, 0x5F, 0xBE, 0x74, 0x45, 0x03, 0xA7,
    0xC8, 0x38, 0x75, 0x1D, 0x58, 0x3D, 0xCF, 0x91, 0x85, 0x1A, 0x47, 0xBE, 0x40, 0x45, 0x05, 0x2E,
    0xA9, 0xC9, 0x47, 0x3F, 0x8B, 0x9A, 0x51, 0xB0, 0xEA, 0x61, 0x01, 0x25, 0x9A, 0xDE, 0x5C, 0x34,
    0x9C, 0x74, 0x7B, 0x51, 0x83, 0xE8, 0x2D, 0x71, 0xB4, 0xDF, 0x92, 0xA3, 0x0A, 0x56, 0x7A, 0x60,
    0x28, 0x37, 0xAA, 0x33, 0x3B, 0xF2, 0x68, 0x33, 0x85, 0x0E, 0xD1, 0x1C, 0xEB, 0x4C, 0xB7, 0x57,
    0x44, 0x77, 0xE8, 0x32, 0x4D, 0x1D, 0xD1, 0xCD, 0xB0, 0xCF, 0xC4, 0x96, 0x68, 0x4A, 0xBB, 0x02,
    0x4C, 0x34, 0x59, 0x01, 0x7F, 0x83, 0x09, 0xF5, 0x13, 0x4C, 0xA9, 0x9B, 0xE0, 0x66, 0xB8, 0xB5,
    0x04, 0x6C, 0x24, 0xB8, 0x47, 0x96, 0xE0, 0x11, 0x2A, 0x81, 0x07, 0x6C, 0x04, 0x07, 0x1C, 0x34,
    0x30, 0x92, 0x5E, 0xBB, 0x0D, 0x8C, 0x65, 0xB2, 0xBA, 0x81, 0x7B, 0xE9, 0x59, 0xB1, 0x80, 0x8F,
    0x83, 0x10, 0xB0, 0x0D, 0x14, 0xCC, 0xE3, 0x38, 0x20, 0xCD, 0xFC, 0x14, 0x3F, 0xB1, 0x65, 0xD9,
    0xA7, 0xEF, 0x3C, 0x9F, 0x72, 0x82, 0xCE, 0xF3, 0x72, 0x7E, 0xAA, 0x5E, 0x4D, 0x32, 0x5E, 0xFE,
    0x00, 0x63, 0x60, 0x60, 0x90, 0x64, 0x60, 0x90, 0x6A, 0xA8, 0x77, 0x60, 0xF8, 0xFF, 0x61, 0x7F,
    0x03, 0xD3, 0xFF, 0x0F, 0xF5, 0x0E, 0xCC, 0x3F, 0x17, 0xB0, 0x30, 0xB0, 0x7F, 0x60, 0x60, 0x80,
    0x13, 0xA2, 0x0C, 0xFF, 0xFF, 0x3F, 0xB0, 0x87, 0x10, 0xFB, 0xFF, 0x5F, 0xB0, 0x07, 0x89, 0x91,
    0x4D, 0x00, 0x6D, 0xCB, 0x04, 0x59, 0x06, 0xB4, 0x6B, 0x3F, 0xD0, 0xAA, 0xFD, 0x40, 0x41, 0x38,
    0x06, 0xDA, 0x00, 0xC6, 0x40, 0x4B, 0x50, 0xC4, 0x89, 0xC1, 0x00, 0x5D, 0xD0, 0x31, 0x4E, 0xC3,
    0x30, 0x14, 0x06, 0xE0, 0x3F, 0x36, 0x52, 0x06, 0x50, 0xB3, 0xB1, 0x10, 0xD1, 0x0B, 0x44, 0x6A,
    0x87, 0x0C, 0x19, 0x2A, 0xE2, 0x23, 0xB0, 0x73, 0x04, 0x86, 0x66, 0xE8, 0x40, 0x27, 0x72, 0x05,
    0x24, 0x8E, 0x50, 0x06, 0xBA, 0x24, 0x43, 0x07, 0x86, 0x4A, 0xF1, 0x11, 0x72, 0x04, 0x0F, 0x2C,
    0x6C, 0x1E, 0x32, 0x04, 0x51, 0xF2, 0x78, 0x76, 0x08, 0x03, 0x5E, 0x3E, 0x5B, 0x7E, 0xB2, 0xFE,
    0xDF, 0x00, 0xA2, 0x12, 0x6E, 0xDD, 0x58, 0x4F, 0xB6, 0x19, 0xC9, 0x46, 0x56, 0x9E, 0x34, 0xF1,
    0x14, 0xE3, 0xC9, 0xFA, 0x3B, 0xA9, 0x53, 0xC7, 0x5C, 0xD5, 0x8E, 0x23, 0xBE, 0x48, 0x43, 0xB6,
    0x18, 0x9E, 0x0C, 0xCE, 0x21, 0x34, 0x2C, 0xAE, 0x1D, 0x86, 0x4E, 0xCC, 0xA5, 0xF9, 0x50, 0x00,
    0x51, 0xD7, 0x02, 0x62, 0xB8, 0x5D, 0x31, 0xD2, 0x22, 0x66, 0x22, 0x8B, 0x84, 0x39, 0x6E, 0x5F,
    0xDF, 0x5A, 0x08, 0x93, 0x93, 0xE5, 0x13, 0x36, 0x78, 0x70, 0xD4, 0x70, 0x93, 0x28, 0x90, 0x39,
    0xF2, 0x97, 0x03, 0xF5, 0x40, 0x43, 0x66, 0x5F, 0x95, 0x30, 0x52, 0x21, 0xE8, 0x61, 0x19, 0x2C,
    0x88, 0x2A, 0x1E, 0x08, 0xAA, 0xFD, 0x37, 0x23, 0x68, 0x50, 0x2E, 0xD3, 0xE3, 0xF3, 0x5D, 0xE7,
    0x82, 0x1A, 0x1E, 0x60, 0x23, 0xB7, 0xE7, 0x77, 0x7C, 0xFA, 0x03, 0x60, 0x9C, 0x09, 0xF7, 0x80,
    0xBF, 0x0C, 0x7D, 0x37, 0x59, 0xCE, 0xBC, 0x42, 0xC7, 0x38, 0x03, 0x14, 0x4C, 0x82, 0x85, 0x12,
    0x9D, 0x2B, 0x9D, 0x6B, 0x79, 0x42, 0x9D, 0x22, 0x2F, 0xD9, 0x62, 0xC9, 0x8F, 0x0A, 0x8B, 0x74,
    0x89, 0xF1, 0x8B, 0xFE, 0x9B, 0x46, 0xEF, 0xC0, 0x5A, 0x17, 0xD9, 0xC5, 0x15, 0xD1, 0x4E, 0xD7,
    0x49, 0xB4, 0x03, 0xEE, 0xB5, 0x8D, 0x43, 0xE2, 0xA5, 0xCC, 0x4C, 0x30, 0x83, 0xD0, 0x21, 0x9A,
    0x6E, 0xDD, 0xCB, 0x52, 0xEA, 0xB9, 0x0E, 0x5B, 0x0E, 0x69, 0x82, 0xE6, 0x93, 0x73, 0xFD, 0xE5,
    0x9C, 0x72, 0x4F, 0x3D, 0xA6, 0x5E, 0xBF, 0x3D, 0x7F, 0x00,
};

static const EpdGlyph lexenddeca_14_regularGlyphs[] = {
    { 0, 0, 131, 0, 0, 0, 0 }, // U+0020
    { 5, 22, 110, 1, 21, 28, 0 }, // !
    { 11, 9, 192, 1, 21, 25, 28 }, // "
    { 19, 21, 316, 0, 21, 100, 53 }, // #
    { 16, 26, 291, 1, 23, 104, 153 }, // $
    { 23, 22, 392, 1, 21, 127, 257 }, // %
    { 20, 22, 345, 1, 21, 110, 384 }, // &
    { 5, 9, 96, 1, 21, 12, 494 }, // '
    { 10, 27, 171, 1, 21, 68, 506 }, // (
    { 10, 27, 171, 0, 21, 68, 574 }, // )
    { 11, 11, 181, 0, 21, 31, 642 }, // *
    { 15, 15, 276, 1, 16, 57, 673 }, // +
    { 6, 10, 125, 1, 4, 15, 730 }, // ,
    { 9, 4, 184, 1, 10, 9, 745 }, // -
    { 5, 6, 106, 1, 5, 8, 754 }, // .
    { 16, 25, 260, 0, 21, 100, 762 }, // /
    { 16, 22, 283, 1, 21, 88, 862 }, // 0
    { 11, 21, 233, 2, 21, 58, 950 }, // 1
    { 15, 21, 256, 1, 21, 79, 1008 }, // 2
    { 15, 22, 247, 0, 21, 83, 1087 }, // 3
    { 17, 21, 289, 0, 21, 90, 1170 }, // 4
    { 14, 22, 265, 1, 21, 77, 1260 }, // 5
    { 15, 21, 260, 1, 21, 79, 1337 }, // 6
    { 14, 21, 253, 1, 21, 74, 1416 }, // 7
    { 15, 22, 270, 1, 21, 83, 1490 }, // 8
    { 16, 21, 257, 0, 21, 84, 1573 }, // 9
    { 5, 18, 106, 1, 17, 23, 1657 }, // :
    { 6, 23, 122, 1, 17, 35, 1680 }, // ;
    { 13, 15, 245, 1, 15, 49, 1715 }, // <
    { 15, 9, 264, 1, 13, 34, 1764 }, // =
    { 13, 15, 245, 1, 15, 49, 1798 }, // >
    { 14, 22, 239, 0, 21, 77, 1847 }, // ?
    { 26, 26, 450, 1, 21, 169, 1924 }, // @
    { 20, 21, 327, 0, 21, 105, 2093 }, // A
    { 17, 21, 318, 2, 21, 90, 2198 }, // B
    { 18, 22, 317, 1, 21, 99, 2288 }, // C
    { 19, 21, 349, 2, 21, 100, 2387 }, // D
    { 14, 21, 287, 2, 21, 74, 2487 }, // E
    { 15, 21, 281, 2, 21, 79, 2561 }, // F
    { 21, 22, 358, 1, 21, 116, 2640 }, // G
    { 18, 21, 355, 2, 21, 95, 2756 }, // H
    { 10, 21, 223, 2, 21, 53, 2851 }, // I
    { 17, 22, 300, 1, 21, 94, 2904 }, // J
    { 19, 21, 342, 2, 21, 100, 2998 }, // K
    { 14, 21, 280, 2, 21, 74, 3098 }, // L
    { 21, 21, 403, 2, 21, 111, 3172 }, // M
    { 19, 21, 370, 2, 21, 100, 3283 }, // N
    { 21, 22, 365, 1, 21, 116, 3383 }, // O
    { 16, 21, 296, 2, 21, 84, 3499 }, // P
    { 21, 25, 365, 1, 21, 132, 3583 }, // Q
    { 17, 22, 324, 2, 21, 94, 3715 }, // R
    { 16, 22, 291, 1, 21, 88, 3809 }, // S
    { 15, 21, 269, 1, 21, 79, 3897 }, // T
    { 18, 22, 345, 2, 21, 99, 3976 }, // U
    { 21, 21, 334, 0, 21, 111, 4075 }, // V
    { 29, 21, 465, 0, 21, 153, 4186 }, // W
    { 20, 21, 320, 0, 21, 105, 4339 }, // X
    { 19, 21, 308, 0, 21, 100, 4444 }, // Y
    { 17, 21, 308, 1, 21, 90, 4544 }, // Z
    { 8, 27, 188, 2, 21, 54, 4634 }, // [
    { 15, 25, 260, 1, 21, 94, 4688 }, // <backslash>
    { 9, 27, 188, 1, 21, 61, 4782 }, // ]
    { 17, 12, 270, 0, 22, 51, 4843 }, // ^
    { 18, 3, 322, 1, -2, 14, 4894 }, // _
    { 7, 6, 233, 4, 23, 11, 4908 }, // `
    { 16, 17, 295, 1, 16, 68, 4919 }, // a
    { 16, 23, 294, 2, 22, 92, 4987 }, // b
    { 14, 17, 250, 1, 16, 60, 5079 }, // c
    { 16, 23, 296, 1, 22, 92, 5139 }, // d
    { 15, 17, 274, 1, 16, 64, 5231 }, // e
    { 11, 22, 183, 1, 22, 61, 5295 }, // f
    { 16, 23, 303, 1, 16, 92, 5356 }, // g
    { 14, 22, 278, 2, 22, 77, 5448 }, // h
    { 5, 23, 130, 2, 23, 29, 5525 }, // i
    { 8, 29, 124, -1, 23, 58, 5554 }, // j
    { 15, 22, 265, 2, 22, 83, 5612 }, // k
    { 4, 22, 117, 2, 22, 22, 5695 }, // l
    { 23, 16, 430, 2, 16, 92, 5717 }, // m
    { 14, 16, 278, 2, 16, 56, 5809 }, // n
    { 16, 17, 287, 1, 16, 68, 5865 }, // o
    { 16, 23, 295, 2, 16, 92, 5933 }, // p
    { 16, 23, 294, 1, 16, 92, 6025 }, // q
    { 10, 16, 188, 2, 16, 40, 6117 }, // r
    { 12, 17, 224, 1, 16, 51, 6157 }, // s
    { 11, 20, 179, 0, 20, 55, 6208 }, // t
    { 14, 17, 282, 2, 16, 60, 6263 }, // u
    { 17, 16, 267, 0, 16, 68, 6323 }, // v
    { 23, 16, 373, 0, 16, 92, 6391 }, // w
    { 16, 16, 262, 0, 16, 64, 6483 }, // x
    { 17, 23, 271, 0, 16, 98, 6547 }, // y
    { 12, 16, 226, 1, 16, 48, 6645 }, // z
    { 11, 27, 192, 1, 21, 75, 6693 }, // {
    { 4, 28, 108, 1, 22, 28, 6768 }, // |
    { 11, 27, 192, 0, 21, 75, 6796 }, // }
    { 13, 5, 238, 1, 11, 17, 6871 }, // ~
    { 0, 0, 131, 0, 0, 0, 0 }, // U+00A0
    { 5, 21, 110, 1, 16, 27, 0 }, // U+00A1
    { 14, 21, 250, 1, 21, 74, 27 }, // U+00A2
    { 18, 22, 285, 0, 21, 99, 101 }, // U+00A3
    { 14, 14, 257, 1, 16, 49, 200 }, // U+00A4
    { 19, 21, 308, 0, 21, 100, 249 }, // U+00A5
    { 3, 28, 112, 2, 22, 21, 349 }, // U+00A6
    { 15, 25, 256, 1, 21, 94, 370 }, // U+00A7
    { 11, 5, 233, 2, 23, 14, 464 }, // U+00A8
    { 21, 22, 367, 1, 21, 116, 478 }, // U+00A9
    { 10, 11, 170, 0, 22, 28, 594 }, // U+00AA
    { 14, 13, 227, 0, 14, 46, 622 }, // U+00AB
    { 18, 9, 313, 1, 12, 41, 668 }, // U+00AC
    { 0, 0, 0, 0, 0, 0, 709 }, // U+00AD
    { 15, 14, 237, 0, 21, 53, 709 }, // U+00AE
    { 9, 3, 198, 3, 21, 7, 762 }, // U+00AF
    { 10, 10, 248, 3, 21, 25, 769 }, // U+00B0
    { 15, 17, 272, 1, 16, 64, 794 }, // U+00B1
    { 8, 11, 161, 1, 23, 22, 858 }, // U+00B2
    { 8, 12, 160, 1, 23, 24, 880 }, // U+00B3
    { 7, 6, 233, 4, 23, 11, 904 }, // U+00B4
    { 14, 21, 274, 2, 16, 74, 915 }, // U+00B5
    { 17, 21, 332, 1, 21, 90, 989 }, // U+00B6
    { 5, 6, 106, 1, 13, 8, 1079 }, // U+00B7
    { 7, 9, 233, 4, 1, 16, 1087 }, // U+00B8
    { 5, 12, 131, 1, 24, 15, 1103 }, // U+00B9
    { 10, 10, 165, 0, 21, 25, 1118 }, // U+00BA
    { 13, 13, 229, 1, 14, 43, 1143 }, // U+00BB
    { 21, 23, 370, 1, 22, 121, 1186 }, // U+00BC
    { 21, 22, 366, 1, 22, 116, 1307 }, // U+00BD
    { 22, 22, 369, 0, 21, 121, 1423 }, // U+00BE
    { 14, 22, 239, 0, 16, 77, 1544 }, // U+00BF
    { 20, 27, 327, 0, 27, 135, 1621 }, // U+00C0
    { 20, 27, 327, 0, 27, 135, 1756 }, // U+00C1
    { 20, 26, 327, 0, 26, 130, 1891 }, // U+00C2
    { 20, 26, 327, 0, 26, 130, 2021 }, // U+00C3
    { 20, 26, 327, 0, 26, 130, 2151 }, // U+00C4
    { 20, 26, 327, 0, 26, 130, 2281 }, // U+00C5
    { 27, 21, 452, 0, 21, 142, 2411 }, // U+00C6
    { 18, 29, 317, 1, 21, 131, 2553 }, // U+00C7
    { 14, 27, 287, 2, 27, 95, 2684 }, // U+00C8
    { 14, 27, 287, 2, 27, 95, 2779 }, // U+00C9
    { 14, 26, 287, 2, 26, 91, 2874 }, // U+00CA
    { 14, 26, 287, 2, 26, 91, 2965 }, // U+00CB
    { 10, 27, 223, 2, 27, 68, 3056 }, // U+00CC
    { 10, 27, 223, 2, 27, 68, 3124 }, // U+00CD
    { 10, 26, 223, 2, 26, 65, 3192 }, // U+00CE
    { 11, 26, 223, 1, 26, 72, 3257 }, // U+00CF
    { 20, 21, 349, 1, 21, 105, 3329 }, // U+00D0
    { 19, 26, 370, 2, 26, 124, 3434 }, // U+00D1
    { 21, 28, 365, 1, 27, 147, 3558 }, // U+00D2
    { 21, 28, 365, 1, 27, 147, 3705 }, // U+00D3
    { 21, 27, 365, 1, 26, 142, 3852 }, // U+00D4
    { 21, 27, 365, 1, 26, 142, 3994 }, // U+00D5
    { 21, 27, 365, 1, 26, 142, 4136 }, // U+00D6
    { 13, 13, 226, 1, 15, 43, 4278 }, // U+00D7
    { 21, 23, 359, 1, 22, 121, 4321 }, // U+00D8
    { 18, 28, 345, 2, 27, 126, 4442 }, // U+00D9
    { 18, 28, 345, 2, 27, 126, 4568 }, // U+00DA
    { 18, 27, 345, 2, 26, 122, 4694 }, // U+00DB
    { 18, 27, 345, 2, 26, 122, 4816 }, // U+00DC
    { 19, 27, 308, 0, 27, 129, 4938 }, // U+00DD
    { 16, 21, 296, 2, 21, 84, 5067 }, // U+00DE
    { 18, 23, 310, 1, 22, 104, 5151 }, // U+00DF
    { 16, 24, 295, 1, 23, 96, 5255 }, // U+00E0
    { 16, 24, 295, 1, 23, 96, 5351 }, // U+00E1
    { 16, 23, 295, 1, 22, 92, 5447 }, // U+00E2
    { 16, 23, 295, 1, 22, 92, 5539 }, // U+00E3
    { 16, 24, 295, 1, 23, 96, 5631 }, // U+00E4
    { 16, 25, 295, 1, 24, 100, 5727 }, // U+00E5
    { 25, 17, 420, 1, 16, 107, 5827 }, // U+00E6
    { 14, 24, 250, 1, 16, 84, 5934 }, // U+00E7
    { 15, 24, 274, 1, 23, 90, 6018 }, // U+00E8
    { 15, 24, 274, 1, 23, 90, 6108 }, // U+00E9
    { 15, 23, 274, 1, 22, 87, 6198 }, // U+00EA
    { 15, 24, 274, 1, 23, 90, 6285 }, // U+00EB
    { 7, 23, 113, -1, 23, 41, 6375 }, // U+00EC
    { 7, 23, 113, 0, 23, 41, 6416 }, // U+00ED
    { 11, 22, 113, -2, 22, 61, 6457 }, // U+00EE
    { 11, 23, 113, -2, 23, 64, 6518 }, // U+00EF
    { 15, 23, 268, 1, 22, 87, 6582 }, // U+00F0
    { 14, 22, 278, 2, 22, 77, 6669 }, // U+00F1
    { 16, 24, 287, 1, 23, 96, 6746 }, // U+00F2
    { 16, 24, 287, 1, 23, 96, 6842 }, // U+00F3
    { 16, 23, 287, 1, 22, 92, 6938 }, // U+00F4
    { 16, 23, 287, 1, 22, 92, 7030 }, // U+00F5
    { 16, 24, 287, 1, 23, 96, 7122 }, // U+00F6
    { 15, 15, 279, 1, 15, 57, 7218 }, // U+00F7
    { 16, 18, 287, 1, 16, 72, 7275 }, // U+00F8
    { 14, 24, 282, 2, 23, 84, 7347 }, // U+00F9
    { 14, 24, 282, 2, 23, 84, 7431 }, // U+00FA
    { 14, 23, 282, 2, 22, 81, 7515 }, // U+00FB
    { 14, 24, 282, 2, 23, 84, 7596 }, // U+00FC
    { 17, 30, 271, 0, 23, 128, 7680 }, // U+00FD
    { 16, 29, 295, 2, 22, 116, 7808 }, // U+00FE
    { 17, 30, 271, 0, 23, 128, 7924 }, // U+00FF
    { 0, 0, 257, 0, 0, 0, 0 }, // U+2007
    { 0, 0, 121, 0, 0, 0, 0 }, // U+2008
    { 0, 0, 96, 0, 0, 0, 0 }, // U+2009
    { 0, 0, 48, 0, 0, 0, 0 }, // U+200A
    { 0, 0, 0, 0, 0, 0, 0 }, // U+200B
    { 0, 0, 0, 0, 0, 0, 0 }, // U+200C
    { 0, 0, 0, 0, 0, 0, 0 }, // U+200D
    { 0, 0, 0, 0, 0, 0, 0 }, // U+200E
    { 0, 0, 0, 0, 0, 0, 0 }, // U+200F
    { 9, 4, 184, 1, 10, 9, 0 }, // U+2010
    { 13, 4, 240, 1, 10, 13, 9 }, // U+2012
    { 13, 4, 240, 1, 10, 13, 22 }, // U+2013
    { 23, 4, 405, 1, 10, 23, 35 }, // U+2014
    { 23, 4, 405, 1, 10, 23, 58 }, // U+2015
    { 6, 9, 112, 1, 23, 14, 81 }, // U+2018
    { 6, 9, 112, 0, 22, 14, 95 }, // U+2019
    { 6, 10, 125, 1, 4, 15, 109 }, // U+201A
    { 12, 9, 209, 1, 23, 27, 124 }, // U+201C
    { 12, 9, 208, 0, 22, 27, 151 }, // U+201D
    { 13, 10, 230, 1, 4, 33, 178 }, // U+201E
    { 11, 16, 205, 1, 22, 44, 211 }, // U+2020
    { 10, 17, 189, 1, 22, 43, 255 }, // U+2021
    { 9, 9, 161, 1, 15, 21, 298 }, // U+2022
    { 16, 6, 282, 1, 5, 24, 319 }, // U+2026
    { 0, 0, 0, 0, 0, 0, 343 }, // U+202A
    { 0, 0, 0, 0, 0, 0, 343 }, // U+202B
    { 0, 0, 0, 0, 0, 0, 343 }, // U+202C
    { 0, 0, 0, 0, 0, 0, 343 }, // U+202D
    { 0, 0, 0, 0, 0, 0, 343 }, // U+202E
    { 33, 22, 555, 1, 21, 182, 343 }, // U+2030
    { 11, 9, 192, 1, 21, 25, 525 }, // U+2033
    { 7, 13, 127, 0, 14, 23, 550 }, // U+2039
    { 7, 13, 128, 1, 14, 23, 573 }, // U+203A
    { 18, 21, 283, 0, 21, 95, 596 }, // U+2044
    { 0, 0, 0, 0, 0, 0, 691 }, // U+2060
    { 0, 0, 0, 0, 0, 0, 691 }, // U+2061
    { 0, 0, 0, 0, 0, 0, 691 }, // U+2062
    { 0, 0, 0, 0, 0, 0, 691 }, // U+2063
    { 0, 0, 0, 0, 0, 0, 691 }, // U+2064
    { 0, 0, 0, 0, 0, 0, 691 }, // U+2066
    { 0, 0, 0, 0, 0, 0, 691 }, // U+2067
    { 0, 0, 0, 0, 0, 0, 691 }, // U+2068
    { 0, 0, 0, 0, 0, 0, 691 }, // U+2069
    { 0, 0, 0, 0, 0, 0, 691 }, // U+206A
    { 0, 0, 0, 0, 0, 0, 691 }, // U+206B
    { 0, 0, 0, 0, 0, 0, 691 }, // U+206C
    { 0, 0, 0, 0, 0, 0, 691 }, // U+206D
    { 0, 0, 0, 0, 0, 0, 691 }, // U+206E
    { 0, 0, 0, 0, 0, 0, 691 }, // U+206F
    { 21, 29, 317, 0, 24, 153, 0 }, // U+20A1
    { 16, 21, 281, 1, 21, 84, 153 }, // U+20A3
    { 18, 22, 285, 0, 21, 99, 237 }, // U+20A4
    { 23, 21, 371, 0, 21, 121, 336 }, // U+20A6
    { 20, 21, 369, 2, 21, 105, 457 }, // U+20A7
    { 29, 21, 465, 0, 21, 153, 562 }, // U+20A9
    { 13, 21, 229, 1, 21, 69, 715 }, // U+20AB
    { 18, 22, 302, 0, 21, 99, 784 }, // U+20AC
    { 22, 21, 354, 0, 21, 116, 883 }, // U+20AD
    { 20, 21, 371, 2, 21, 105, 999 }, // U+20B1
    { 21, 28, 358, 1, 24, 147, 1104 }, // U+20B2
    { 18, 26, 317, 1, 23, 117, 1251 }, // U+20B5
    { 14, 22, 252, 1, 21, 77, 1368 }, // U+20B9
    { 17, 22, 284, 0, 21, 94, 1445 }, // U+20BA
    { 18, 24, 355, 2, 24, 108, 1539 }, // U+20BC
    { 18, 21, 339, 2, 21, 95, 1647 }, // U+20BD
    { 7, 19, 145, 1, 19, 34, 0 }, // U+2669
    { 11, 19, 211, 1, 19, 53, 34 }, // U+266A
    { 17, 22, 299, 1, 20, 94, 87 }, // U+266B
    { 17, 22, 299, 1, 20, 94, 181 }, // U+266C
    { 8, 19, 162, 1, 18, 38, 275 }, // U+266D
    { 9, 19, 167, 1, 12, 43, 313 }, // U+266E
    { 14, 25, 258, 1, 18, 88, 356 }, // U+266F
    { 33, 30, 593, 2, 25, 248, 444 }, // U+2764
    { 17, 23, 313, 1, 23, 98, 0 }, // U+FB01
    { 16, 22, 301, 1, 22, 88, 98 }, // U+FB02
    { 27, 30, 593, 5, 25, 203, 0 }, // U+1F44D
    { 31, 30, 593, 3, 25, 233, 203 }, // U+1F600
};

static const EpdUnicodeInterval lexenddeca_14_regularIntervals[] = {
    { 0x20, 0x7E, 0x0 },
    { 0xA0, 0xFF, 0x5F },
    { 0x2007, 0x2010, 0xBF },
    { 0x2012, 0x2015, 0xC9 },
    { 0x2018, 0x201A, 0xCD },
    { 0x201C, 0x201E, 0xD0 },
    { 0x2020, 0x2022, 0xD3 },
    { 0x2026, 0x2026, 0xD6 },
    { 0x202A, 0x202E, 0xD7 },
    { 0x2030, 0x2030, 0xDC },
    { 0x2033, 0x2033, 0xDD },
    { 0x2039, 0x203A, 0xDE },
    { 0x2044, 0x2044, 0xE0 },
    { 0x2060, 0x2064, 0xE1 },
    { 0x2066, 0x206F, 0xE6 },
    { 0x20A1, 0x20A1, 0xF0 },
    { 0x20A3, 0x20A4, 0xF1 },
    { 0x20A6, 0x20A7, 0xF3 },
    { 0x20A9, 0x20A9, 0xF5 },
    { 0x20AB, 0x20AD, 0xF6 },
    { 0x20B1, 0x20B2, 0xF9 },
    { 0x20B5, 0x20B5, 0xFB },
    { 0x20B9, 0x20BA, 0xFC },
    { 0x20BC, 0x20BD, 0xFE },
    { 0x2669, 0x266F, 0x100 },
    { 0x2764, 0x2764, 0x107 },
    { 0xFB01, 0xFB02, 0x108 },
    { 0x1F44D, 0x1F44D, 0x10A },
    { 0x1F600, 0x1F600, 0x10B },
};

static const EpdFontGroup lexenddeca_14_regularGroups[] = {
    { 0, 3332, 7515, 95, 0 },
    { 3332, 2864, 8767, 96, 95 },
    { 6196, 425, 774, 49, 191 },
    { 6621, 957, 1913, 16, 240 },
    { 7578, 375, 780, 8, 256 },
    { 7953, 74, 203, 2, 264 },
    { 8027, 287, 450, 2, 266 },
};

static const EpdKernClassEntry lexenddeca_14_regularKernLeftClasses[] = {
    { 0x0026, 1 }, // &
    { 0x0028, 2 }, // (
    { 0x002A, 3 }, // *
    { 0x002C, 4 }, // ,
    { 0x002E, 5 }, // .
    { 0x002F, 6 }, // /
    { 0x0030, 7 }, // 0
    { 0x0031, 8 }, // 1
    { 0x0032, 9 }, // 2
    { 0x0033, 10 }, // 3
    { 0x0034, 11 }, // 4
    { 0x0035, 12 }, // 5
    { 0x0037, 13 }, // 7
    { 0x0039, 7 }, // 9
    { 0x003C, 14 }, // <
    { 0x003E, 15 }, // >
    { 0x003F, 16 }, // ?
    { 0x0040, 17 }, // @
    { 0x0041, 18 }, // A
    { 0x0042, 19 }, // B
    { 0x0043, 20 }, // C
    { 0x0044, 21 }, // D
    { 0x0045, 22 }, // E
    { 0x0046, 23 }, // F
    { 0x0047, 24 }, // G
    { 0x0049, 25 }, // I
    { 0x004A, 26 }, // J
    { 0x004B, 27 }, // K
    { 0x004C, 28 }, // L
    { 0x004F, 21 }, // O
    { 0x0050, 29 }, // P
    { 0x0051, 30 }, // Q
    { 0x0052, 31 }, // R
    { 0x0053, 32 }, // S
    { 0x0054, 33 }, // T
    { 0x0055, 34 }, // U
    { 0x0056, 35 }, // V
    { 0x0057, 36 }, // W
    { 0x0058, 37 }, // X
    { 0x0059, 38 }, // Y
    { 0x005A, 39 }, // Z
    { 0x005B, 40 }, // [
    { 0x005C, 41 }, // <backslash>
    { 0x005F, 42 }, // _
    { 0x0061, 43 }, // a
    { 0x0062, 44 }, // b
    { 0x0063, 45 }, // c
    { 0x0064, 46 }, // d
    { 0x0065, 47 }, // e
    { 0x0066, 48 }, // f
    { 0x0067, 49 }, // g
    { 0x0068, 50 }, // h
    { 0x0069, 51 }, // i
    { 0x006A, 52 }, // j
    { 0x006B, 53 }, // k
    { 0x006C, 54 }, // l
    { 0x006D, 50 }, // m
    { 0x006E, 50 }, // n
    { 0x006F, 44 }, // o
    { 0x0070, 44 }, // p
    { 0x0071, 55 }, // q
    { 0x0072, 56 }, // r
    { 0x0073, 57 }, // s
    { 0x0074, 58 }, // t
    { 0x0075, 59 }, // u
    { 0x0076, 60 }, // v
    { 0x0077, 61 }, // w
    { 0x0078, 62 }, // x
    { 0x0079, 63 }, // y
    { 0x007A, 64 }, // z
    { 0x007B, 65 }, // {
    { 0x007D, 66 }, // }
    { 0x00A1, 67 }, // U+00A1
    { 0x00A3, 68 }, // U+00A3
    { 0x00B7, 69 }, // U+00B7
    { 0x00BF, 70 }, // U+00BF
    { 0x00C0, 18 }, // U+00C0
    { 0x00C1, 18 }, // U+00C1
    { 0x00C2, 18 }, // U+00C2
    { 0x00C3, 18 }, // U+00C3
    { 0x00C4, 18 }, // U+00C4
    { 0x00C5, 18 }, // U+00C5
    { 0x00C6, 22 }, // U+00C6
    { 0x00C8, 22 }, // U+00C8
    { 0x00C9, 22 }, // U+00C9
    { 0x00CA, 22 }, // U+00CA
    { 0x00CB, 22 }, // U+00CB
    { 0x00D0, 21 }, // U+00D0
    { 0x00D2, 21 }, // U+00D2
    { 0x00D3, 21 }, // U+00D3
    { 0x00D4, 21 }, // U+00D4
    { 0x00D5, 21 }, // U+00D5
    { 0x00D6, 21 }, // U+00D6
    { 0x00D8, 21 }, // U+00D8
    { 0x00D9, 34 }, // U+00D9
    { 0x00DA, 34 }, // U+00DA
    { 0x00DB, 34 }, // U+00DB
    { 0x00DC, 34 }, // U+00DC
    { 0x00DD, 38 }, // U+00DD
    { 0x00DE, 71 }, // U+00DE
    { 0x00DF, 72 }, // U+00DF
    { 0x00E0, 43 }, // U+00E0
    { 0x00E1, 43 }, // U+00E1
    { 0x00E2, 43 }, // U+00E2
    { 0x00E3, 43 }, // U+00E3
    { 0x00E4, 43 }, // U+00E4
    { 0x00E5, 43 }, // U+00E5
    { 0x00E7, 45 }, // U+00E7
    { 0x00E8, 47 }, // U+00E8
    { 0x00E9, 47 }, // U+00E9
    { 0x00EA, 47 }, // U+00EA
    { 0x00EB, 47 }, // U+00EB
    { 0x00EC, 51 }, // U+00EC
    { 0x00ED, 51 }, // U+00ED
    { 0x00EE, 51 }, // U+00EE
    { 0x00EF, 51 }, // U+00EF
    { 0x00F0, 73 }, // U+00F0
    { 0x00F1, 50 }, // U+00F1
    { 0x00F2, 44 }, // U+00F2
    { 0x00F3, 44 }, // U+00F3
    { 0x00F4, 44 }, // U+00F4
    { 0x00F5, 44 }, // U+00F5
    { 0x00F6, 44 }, // U+00F6
    { 0x00F8, 44 }, // U+00F8
    { 0x00F9, 59 }, // U+00F9
    { 0x00FA, 59 }, // U+00FA
    { 0x00FB, 59 }, // U+00FB
    { 0x00FC, 59 }, // U+00FC
    { 0x00FD, 63 }, // U+00FD
    { 0x00FE, 44 }, // U+00FE
    { 0x00FF, 63 }, // U+00FF
    { 0x2018, 74 }, // U+2018
    { 0x2019, 75 }, // U+2019
    { 0x201C, 76 }, // U+201C
    { 0x201D, 77 }, // U+201D
    { 0x2022, 78 }, // U+2022
    { 0xFB01, 51 }, // U+FB01
    { 0xFB02, 54 }, // U+FB02
};

static const EpdKernClassEntry lexenddeca_14_regularKernRightClasses[] = {
    { 0x0021, 1 }, // !
    { 0x0026, 2 }, // &
    { 0x0029, 3 }, // )
    { 0x002A, 4 }, // *
    { 0x002C, 5 }, // ,
    { 0x002D, 6 }, // -
    { 0x002E, 7 }, // .
    { 0x002F, 8 }, // /
    { 0x0030, 9 }, // 0
    { 0x0031, 10 }, // 1
    { 0x0032, 11 }, // 2
    { 0x0034, 12 }, // 4
    { 0x0036, 13 }, // 6
    { 0x0037, 14 }, // 7
    { 0x0038, 15 }, // 8
    { 0x003C, 16 }, // <
    { 0x003F, 17 }, // ?
    { 0x0040, 18 }, // @
    { 0x0041, 19 }, // A
    { 0x0043, 20 }, // C
    { 0x0047, 20 }, // G
    { 0x0049, 21 }, // I
    { 0x004A, 22 }, // J
    { 0x004F, 20 }, // O
    { 0x0051, 20 }, // Q
    { 0x0053, 23 }, // S
    { 0x0054, 24 }, // T
    { 0x0055, 25 }, // U
    { 0x0056, 26 }, // V
    { 0x0057, 27 }, // W
    { 0x0058, 28 }, // X
    { 0x0059, 29 }, // Y
    { 0x005A, 30 }, // Z
    { 0x005B, 31 }, // [
    { 0x005C, 32 }, // <backslash>
    { 0x005D, 33 }, // ]
    { 0x005F, 34 }, // _
    { 0x0061, 35 }, // a
    { 0x0062, 36 }, // b
    { 0x0063, 35 }, // c
    { 0x0064, 35 }, // d
    { 0x0065, 35 }, // e
    { 0x0066, 37 }, // f
    { 0x0067, 38 }, // g
    { 0x0068, 36 }, // h
    { 0x006A, 39 }, // j
    { 0x006B, 36 }, // k
    { 0x006C, 36 }, // l
    { 0x006D, 40 }, // m
    { 0x006E, 40 }, // n
    { 0x006F, 35 }, // o
    { 0x0070, 41 }, // p
    { 0x0071, 35 }, // q
    { 0x0072, 40 }, // r
    { 0x0073, 42 }, // s
    { 0x0074, 43 }, // t
    { 0x0075, 44 }, // u
    { 0x0076, 45 }, // v
    { 0x0077, 46 }, // w
    { 0x0078, 47 }, // x
    { 0x0079, 48 }, // y
    { 0x007A, 49 }, // z
    { 0x007B, 31 }, // {
    { 0x007D, 50 }, // }
    { 0x00A1, 51 }, // U+00A1
    { 0x00B7, 52 }, // U+00B7
    { 0x00BF, 53 }, // U+00BF
    { 0x00C0, 54 }, // U+00C0
    { 0x00C1, 54 }, // U+00C1
    { 0x00C2, 54 }, // U+00C2
    { 0x00C3, 54 }, // U+00C3
    { 0x00C4, 54 }, // U+00C4
    { 0x00C5, 54 }, // U+00C5
    { 0x00C6, 55 }, // U+00C6
    { 0x00C7, 20 }, // U+00C7
    { 0x00D2, 20 }, // U+00D2
    { 0x00D3, 20 }, // U+00D3
    { 0x00D4, 20 }, // U+00D4
    { 0x00D5, 20 }, // U+00D5
    { 0x00D6, 20 }, // U+00D6
    { 0x00D8, 20 }, // U+00D8
    { 0x00D9, 25 }, // U+00D9
    { 0x00DA, 25 }, // U+00DA
    { 0x00DB, 25 }, // U+00DB
    { 0x00DC, 25 }, // U+00DC
    { 0x00DD, 56 }, // U+00DD
    { 0x00DF, 57 }, // U+00DF
    { 0x00E0, 35 }, // U+00E0
    { 0x00E1, 35 }, // U+00E1
    { 0x00E2, 35 }, // U+00E2
    { 0x00E3, 35 }, // U+00E3
    { 0x00E4, 35 }, // U+00E4
    { 0x00E5, 35 }, // U+00E5
    { 0x00E7, 35 }, // U+00E7
    { 0x00E8, 35 }, // U+00E8
    { 0x00E9, 35 }, // U+00E9
    { 0x00EA, 35 }, // U+00EA
    { 0x00EB, 35 }, // U+00EB
    { 0x00F0, 58 }, // U+00F0
    { 0x00F1, 40 }, // U+00F1
    { 0x00F2, 35 }, // U+00F2
    { 0x00F3, 35 }, // U+00F3
    { 0x00F4, 35 }, // U+00F4
    { 0x00F5, 35 }, // U+00F5
    { 0x00F6, 35 }, // U+00F6
    { 0x00F8, 35 }, // U+00F8
    { 0x00F9, 44 }, // U+00F9
    { 0x00FA, 44 }, // U+00FA
    { 0x00FB, 44 }, // U+00FB
    { 0x00FC, 44 }, // U+00FC
    { 0x00FD, 48 }, // U+00FD
    { 0x00FE, 59 }, // U+00FE
    { 0x00FF, 48 }, // U+00FF
    { 0x2013, 6 }, // U+2013
    { 0x2014, 60 }, // U+2014
    { 0x2018, 61 }, // U+2018
    { 0x2019, 62 }, // U+2019
    { 0x201C, 63 }, // U+201C
    { 0x201D, 64 }, // U+201D
    { 0x2022, 65 }, // U+2022
    { 0xFB01, 37 }, // U+FB01
    { 0xFB02, 37 }, // U+FB02
};

static const int8_t lexenddeca_14_regularKernMatrix[] = {
       0,    0,   -7,    0,    0,    0,    0,    0,    0,    0,    0,    0,    0,    0,    0,    0,    0,    0,    0,    0,    0,    0,    0,  -26,    0,  -28,  -19,    0,  -23,    0,    0,    0,    0,    0,    0,    0,    0,    0,    0,    0,    0,    0,    0,    0,  -14,  -14,    0,  -14,    0,    0,    0,    0,    0,    0,    0,  -23,    0,   -5,    0,    0,    0,    0,    0,    0,    0,
       0,    0,    0,    0,    0,    0,    0,    0,    0,    0,    0,    0,    0,    0,    0,    0,    0,    0,    0,  -14,    0,  -19,    0,    0,    0,    0,    0,    0,    0,    0,    0,    0,    0,    0,  -12,    0,    0,  -11,   14,    0,   14,    0,    0,    0,    0,    0,    0,    0,    0,    0,    0,    0,    0,    0,    0,    0,    0,  -12,    7,    0,    0,    0,    0,    0,    0,
       0,    0,    0,    0,    0,    0,    0,    0,    0,    0,    0,    0,    0,    0,    0,    0,    0,    0,  -35,    0,    0,    0,    0,    0,    0,    0,    0,    0,    0,    0,    0,    0,    0,    0,    0,    0,    0,    0,    0,    0,    0,    0,    0,    0,    3,    0,    0,    0,    0,    0,    0,    0,    0,  -35,    0,    0,    0,  -12,    0,    0,    0,    0,    0,    0,    0,
       0,    0,    0,    0,    0,    0,    0,    0,    0,    0,    0,  -12,    0,    0,    0,    0,    0,    0,    0,   -9,    0,    0,    0,  -47,    0,  -56,  -37,    0,  -56,    0,    0,    0,    0,    0,    0,    0,    0,    0,    0,    0,    0,    0,    0,    0,  -37,  -19,    0,  -19,    0,    0,    0,    0,    0,    0,    0,  -56,    0,    0,    0,    0,    0,    0,    0,    0,    0,
       0,    0,    0,    0,    0,    0,    0,    0,    0,    0,    0,  -12,    0,    0,    0,    0,    0,    0,    0,   -9,    0,    0,    0,  -47,    0,  -47,  -37,    0,  -56,    0,    0,    0,    0,    0,    0,    0,    0,    0,    0,    0,    0,    0,    0,    0,  -37,  -19,    0,  -19,    0,    0,    0,    0,    0,    0,    0,  -56,    0,    0,    0,    0,    0,    0,    0,    0,    0,
       0,    0,    0,    0,    0,    0,    0,  -43,  -23,  -14,  -14,  -28,  -23,    0,    0,    0,    0,    0,  -47,  -19,    0,  -23,    0,    0,    0,    0,    0,    0,    0,    0,    0,    0,    0,    0,  -23,    0,    0,  -23,    0,    0,    0,  -14,    0,    0,    0,    0,   -3,    0,    0,    0,    0,    0,    0,  -47,    0,    0,   -6,  -15,    0,    0,    0,    0,    0,    0,    0,
       0,    0,    0,    0,    0,    0,    0,  -23,    0,    0,    0,    0,    0,    0,    0,    0,    0,    0,    0,    0,    0,    0,    0,    0,    0,    0,    0,    0,    0,    0,    0,    0,    0,    0,    0,    0,    0,    0,    0,    0,    0,    0,    0,    0,    0,    0,    0,    0,    0,    0,    0,    0,    0,    0,    0,    0,    0,    0,    0,    0,    0,    0,    0,    0,    0,
       0,    0,    0,    0,    0,    0,    0,    0,    0,    0,    0,    0,    0,    0,    0,  -19,    0,    0,    0,    0,    0,    0,    0,    0,    0,    0,    0,    0,    0,    0,    0,    0,    0,    0,    0,    0,    0,    0,    0,    0,    0,    0,    0,    0,    0,    0,    0,    0,    0,    0,    0,    0,    0,    0,    0,    0,    0,    0,    0,    0,    0,    0,    0,    0,    0,
       0,    0,    0,    0,    0,    0,    0,    0,    0,    0,    0,   -9,    0,    0,    0,    0,    0,    0,    0,    0,    0,    0,    0,    0,    0,    0,    0,    0,    0,    0,    0,    0,    0,    0,    0,    0,    0,    0,    0,    0,    0,    0,    0,    0,    0,    0,    0,    0,    0,    5,    0,    0,    0,    0,    0,    0,    0,    0,    0,    0,    0,    0,    0,    0,    0,
       0,    0,    0,    0,    0,    0,    0,  -12,    0,    0,    0,    0,    0,    0,    0,    0,    0,    0,    0,    0,    0,    0,    0,    0,    0,    0,    0,    0,    0,    0,    0,    0,    0,    0,    0,    0,    0,    0,    0,    0,    0,    0,    0,    0,    0,    0,    0,    0,    0,    0,    0,    0,    0,    0,    0,    0,    0,    0,    0,    0,    0,    0,    0,    0,    0,
       0,    0,    0,    0,    0,    0,    0,    0,    0,    0,   -9,    0,    0,   -9,    0,    0,    0,    0,    0,    0,    0,    0,    0,    0,    0,    0,    0,    0,    0,    0,    0,    0,    0,    0,    0,    0,    0,    0,    0,    0,    0,    0,    0,    0,    0,    0,    0,    0,    0,    0,    0,    0,    0,    0,    0,    0,    0,    0,    0,    0,    0,    0,    0,    0,    0,
       0,    0,    0,    0,    0,    0,    0,  -19,    0,    0,    0,    0,    0,    0,    0,    0,    0,    0,    0,    0,    0,    0,    0,    0,    0,    0,    0,    0,    0,    0,    0,    0,    0,    0,    0,    0,    0,    0,    0,    0,    0,    0,    0,    0,    0,    0,    0,    0,    0,    0,    0,    0,    0,    0,    0,    0,    0,    0,    0,    0,    0,    0,    0,    0,    0,
       0,    0,    0,    0,  -47,    0,  -37,  -56,    0,   -7,   -9,  -12,   -9,    0,   -9,  -23,    0,    0,    0,    0,    0,    0,    0,    0,    0,    0,    0,    0,    0,    0,    0,    0,    0,    0,    0,    0,    0,    0,    0,    0,    0,    0,    0,    0,    0,    0,    0,    0,    0,    0,    0,    0,    0,    0,    0,    0,    0,    0,    0,    0,    0,    0,    0,    0,    0,
       0,    0,    0,    0,    0,    0,    0,    0,    0,   -9,    0,    0,    0,    0,    0,    0,    0,    0,    0,    0,    0,    0,    0,    0,    0,    0,    0,    0,    0,    0,    0,    0,    0,    0,    0,    0,    0,    0,    0,    0,    0,    0,    0,    0,    0,    0,    0,    0,    0,    0,    0,    0,    0,    0,    0,    0,    0,    0,    0,    0,    0,    0,    0,    0,    0,
       0,    0,    0,    0,    0,    0,    0,    0,    0,  -28,  -14,    0,    0,  -23,    0,    0,    0,    0,    0,    0,    0,    0,    0,    0,    0,    0,    0,    0,    0,    0,    0,    0,    0,    0,    0,    0,    0,    0,    0,    0,    0,    0,    0,    0,    0,    0,    0,    0,    0,    0,    0,    0,    0,    0,    0,    0,    0,    0,    0,    0,    0,    0,    0,    0,    0,
       0,    0,    0,    0,    0,    0,    0,    0,    0,    0,    0,    0,    0,    0,    0,    0,    0,    0,  -19,    0,    0,  -35,    0,    0,    0,    0,    0,    0,    0,    0,    0,    0,    0,    0,    0,    0,    0,    0,    0,    0,    0,    0,    0,    0,    0,    0,    0,    0,    0,    0,    0,    0,    0,  -19,    0,    0,    0,   -7,    0,    0,    0,    0,    0,    0,    0,
       0,    0,    0,    0,    0,    0,    0,    0,    0,    0,    0,    0,    0,    0,    0,    0,    0,    0,    0,    0,    0,    0,    0,    0,    0,   -3,    0,    0,    0,    0,    0,    0,    0,    0,    0,    0,    0,    0,    0,    0,    0,    0,    0,    0,    0,    0,   -1,    0,    0,    0,    0,    0,    0,    0,    0,    0,    0,    0,    0,    0,    0,    0,    0,    0,    0,
       0,    0,    0,  -35,    0,  -23,    0,    0,    0,    0,    0,    0,    0,    0,    0,    0,    0,    0,    0,   -9,    0,    0,    0,  -23,   -9,  -35,  -19,    0,  -37,    0,    0,  -47,    0,    0,   -9,    0,   -9,   -5,    0,    0,    0,    0,   -2,   -5,  -23,  -21,    0,  -12,    0,    0,    0,    0,    0,    0,    0,  -37,   -9,   -9,    0,  -23,  -61,  -63,  -33,  -35,    0,
       0,    0,   -9,    0,    0,    0,    0,  -19,    0,    0,    0,    0,    0,    0,    0,    0,    0,    0,    0,    0,    0,    0,    0,   -7,    0,   -4,   -3,   -6,  -11,    0,    0,    0,    0,    0,    0,   -1,    0,   -2,    0,    0,    0,    0,    0,    0,    0,    0,   -1,    0,    0,    0,    0,    0,    0,    0,    0,  -11,    0,    0,   -1,    0,    0,    0,    0,    0,    0,
       0,    0,    9,    0,    0,    0,    0,    0,    0,    0,    0,    0,    0,    0,    0,    0,    0,    0,    0,    0,    0,    0,    0,    0,    0,    0,    0,    0,    0,    0,    0,    0,    0,    0,    0,    0,    0,    0,    0,    0,    0,    0,    0,    0,    0,    0,    0,    0,    0,    0,    0,    0,    0,    0,    0,    0,    0,    0,    0,    0,    0,   19,    0,   19,    0,
       0,    0,  -14,    0,    0,    0,   -9,  -19,    0,    0,    0,    0,    0,    0,    0,    0,    0,    0,   -9,    0,   -7,   -7,    0,  -14,    0,  -14,   -2,  -16,  -16,  -21,    0,  -23,    0,    0,    0,    0,    0,    0,    0,    0,    0,    0,    0,    0,    0,    0,   -5,    0,    0,  -12,    0,    0,    0,   -9,    0,  -16,    0,    0,    0,    0,    0,    0,    0,    0,    0,
       0,    0,    0,    0,    0,    0,    0,    0,    0,    0,    0,    0,    0,    0,    0,    0,    0,    0,    0,    0,    0,   -5,    0,    0,    0,    0,    0,    0,    0,    0,    0,    0,    0,    0,   -2,    0,    0,   -5,    0,    0,    0,    0,    0,   -5,   -7,    0,    0,   -5,    0,    0,    0,    0,    0,    0,    0,    0,    0,   -2,    0,    0,    0,    0,    0,    0,    0,
       0,    0,    0,    0,  -37,    0,  -37,    0,    0,    0,    0,    0,    0,    0,    0,    0,    0,    0,  -28,   -4,    0,  -56,   -2,    7,    0,    0,    0,   -2,    0,    0,    0,    0,    0,    0,   -7,    0,    0,   -5,    0,   -4,   -4,   -5,    0,   -7,   -2,    0,   -7,    0,   -2,    0,    0,    0,    0,  -28,  -56,    0,    0,   -7,    0,    0,    0,    0,    0,    0,    0,
       0,    0,    0,    0,    0,    0,    0,  -19,    0,    0,    0,    0,    0,    0,    0,    0,    0,    0,   -5,    0,   -5,    0,    0,  -12,    0,   -7,   -5,    0,  -11,    0,    0,  -23,    0,    0,    0,    0,    0,    0,    0,    0,    0,    0,    0,    0,    0,    0,    0,    0,    0,    0,    0,    0,    0,   -5,    0,  -11,    0,    0,    0,    0,    0,    0,    0,    0,    0,
       0,    0,    0,    0,    0,    0,    0,    0,    0,    0,    0,    0,    0,    0,    0,    0,    0,    0,    0,   -7,    0,    0,    0,    0,    0,    0,    0,    0,    0,    0,    0,    0,    0,    0,    0,    0,    0,    0,    0,    0,    0,    0,    0,    0,    0,    0,    0,    0,    0,    0,    0,    0,    0,    0,    0,    0,    0,    0,    0,    0,    0,    0,    0,    0,    0,
       0,    0,   19,    0,  -33,    0,  -23,  -23,    0,    0,    0,    0,    0,    0,    0,    0,    0,    0,  -35,  -14,    0,  -23,    0,    0,    0,    0,    0,    0,    0,    0,    0,    0,   14,    0,  -23,    0,  -23,  -23,    0,  -19,  -19,  -19,    0,  -23,  -19,   -9,    0,  -19,   -9,   19,    0,    0,    0,  -35,    0,    0,  -23,  -23,    0,    0,   28,   37,   28,   37,    0,
       0,    0,    0,    0,    0,  -42,    0,    0,    0,    0,    0,    0,    0,    0,    0,    0,    0,    0,    0,  -21,    0,  -14,   -5,    0,   -7,   -2,   -2,    0,    9,    0,    0,    0,    0,    0,  -21,    0,    0,    0,    0,   -4,   -4,   -2,   -1,   -6,  -19,  -19,    0,  -19,    0,    0,    0,    0,    0,    0,    0,    9,    0,  -21,    0,  -42,    0,    0,    0,    0,    0,
       0,    0,    0,  -35,    0,  -28,    0,    0,    0,    0,    0,    0,    0,    0,    0,    0,    0,    0,    0,   -9,    0,    0,    0,  -39,   -9,  -35,  -35,    0,  -56,    0,    0,  -47,    0,    0,   -9,    0,    0,    0,    0,    0,    0,    0,   -2,    0,  -11,   -2,    0,  -19,    9,    0,    0,    0,    0,    0,    0,  -56,    0,   -9,    0,  -28,  -56,  -47,  -56,  -47,    0,
       0,    0,    0,    0,  -60,    0,  -47,  -37,    0,    0,    0,    0,    0,    0,    0,    0,    0,    0,  -30,    0,    0,  -35,    0,    0,    0,    0,    4,   -7,    0,   -7,    0,  -23,    0,    0,   -5,    0,    4,   -5,    0,    0,    0,    0,    7,   -2,    5,    7,    0,    5,    0,    0,    0,    0,    0,  -30,    0,    0,    4,   -5,    0,    0,   14,   23,   14,   23,    0,
       0,    0,  -14,    0,    0,    0,   -9,  -19,    0,    0,    0,    0,    0,    0,    0,    0,    0,    0,   -9,    0,   -7,   -7,    0,  -14,    0,  -14,   -2,  -16,  -16,  -21,    0,  -23,    0,   -5,    0,    0,    0,    0,    0,    0,    0,    0,    0,    0,    0,    0,   -5,    0,    0,  -12,    0,    0,    0,   -9,    0,  -16,    0,    0,    0,    0,    0,    0,    0,    0,    0,
       0,    0,    0,    0,    0,  -28,    0,    0,    0,    0,    0,    0,    0,    0,    0,    0,    0,    0,    0,   -5,    0,  -14,    0,   -9,   -2,  -14,    0,    0,  -23,    0,    0,  -19,    0,    0,   -9,    0,    0,    0,    0,    0,    0,    0,    0,   -5,    0,    0,    0,    0,    0,    0,    0,    0,    0,    0,    0,  -23,    0,   -9,    0,  -28,    0,    0,    0,    0,    0,
       0,    0,    0,    0,    0,    0,    0,    0,    0,    0,    0,    0,    0,    0,    0,    0,    0,    0,    0,    0,    0,    0,    0,    0,    0,    0,    0,   -7,   -7,    0,    0,    0,    0,    0,    0,    0,    0,    0,    0,    0,    0,    0,    0,    0,    0,    0,    0,    0,    0,    0,    0,    0,    0,    0,    0,   -7,    0,    0,    0,    0,    0,    0,    0,    0,    0,
       0,  -26,    0,    0,  -47,  -47,  -47,  -28,    0,    0,    0,    0,    0,    0,    0,    0,    0,    0,  -23,  -14,    0,  -37,    0,   14,    0,    5,    5,    0,    5,    0,    0,    0,    0,    0,  -47,    0,    0,  -21,    0,  -28,   -9,  -47,    0,  -47,   -5,  -33,   -7,  -23,  -33,    0,    0,    0,    0,  -23,  -51,    5,    0,  -47,    0,  -47,    0,    0,    0,    0,    0,
       0,    0,    0,    0,    0,    0,    0,    0,    0,    0,    0,    0,    0,    0,    0,    0,    0,    0,   -9,    0,    0,   -5,   -5,    0,    0,    0,    0,   -5,   -5,    0,    0,    0,    0,    0,    0,    0,    0,    0,    0,    0,    0,    0,    0,    0,    0,    0,   -2,    0,    0,    0,    0,    0,    0,   -9,    0,   -5,    0,    0,    0,    0,    0,    0,    0,    0,    0,
       0,  -23,    0,    0,  -56,    0,  -47,  -37,    0,    0,    0,    0,    0,    0,    0,    0,    3,   -3,  -35,  -14,    0,  -47,   -5,    5,    0,    0,    0,    0,    0,    0,  -47,    0,    0,  -14,  -28,    0,    0,   -9,    0,   -9,   -6,   -7,    0,  -12,    0,    0,    0,    0,   -2,  -47,   -3,   -6,   -9,  -35,  -56,    0,    0,  -28,    0,  -47,    0,    0,    0,    0,   -4,
       0,  -14,    0,    0,  -37,    0,  -37,  -37,    0,    0,    0,    0,    0,    0,    0,    0,    0,    0,  -19,   -2,    0,  -37,   -5,    5,    0,    0,    0,    0,    0,    0,  -33,    0,    0,    0,  -12,    0,    0,   -9,    0,   -1,   -1,    0,    0,   -5,    0,    0,    0,    0,    0,  -33,    0,    0,    0,  -19,    0,    0,    0,  -12,    0,  -33,    0,    0,    0,    0,    0,
       0,    0,    0,    0,    0,    0,    0,    0,    0,    0,    0,    0,    0,    0,    0,    0,    0,    0,    0,  -16,    0,    0,   -7,    0,   -5,    0,    0,    0,    0,    0,  -37,    0,    0,    0,  -12,    0,    0,   -1,    0,    0,    0,    0,    0,   -5,  -12,   -8,    0,  -11,    0,  -37,    0,    0,    0,    0,    0,    0,    0,  -12,    0,  -37,    0,    0,    0,    0,    0,
       0,  -23,    0,    0,  -56,    0,  -56,  -56,    0,    0,    0,    0,    0,    0,    0,    0,    0,    0,  -37,  -16,    0,  -56,  -12,    5,   -5,    0,    0,    0,    0,    0,  -47,    0,    0,    0,  -37,    0,    0,  -37,    0,  -11,  -10,  -17,    0,   -9,   -5,   -5,   -9,   -5,   -5,  -47,    0,    0,    0,  -37,    0,    0,    0,  -37,    0,  -56,    0,    0,    0,    0,    0,
       0,    0,    0,    0,    0,    0,    0,    0,    0,    0,    0,    0,    0,    0,    0,    0,    0,    0,    0,   -2,    0,    0,    0,    0,    0,    0,    0,    0,    0,    0,    0,    0,    0,    0,   -2,    0,    0,    0,    0,    0,    0,    0,    0,   -2,   -2,    0,    0,    0,    0,    0,    0,    0,    0,    0,    0,    0,    0,   -2,    0,    0,    0,    0,    0,    0,    0,
       0,    0,    0,    0,    0,    0,    0,    0,    0,  -19,  -23,    0,    0,    0,    0,    0,    0,    0,  -23,    0,    0,  -51,    0,  -47,    0,  -47,  -33,  -37,  -56,    0,    0,    0,    0,    0,    0,    0,    0,    0,    0,    0,    0,    0,    0,    0,   -9,   -9,  -19,   -9,    0,    0,    0,    0,    0,    0,    0,    0,    0,    0,    0,    0,    0,    0,    0,    0,    0,
       0,    0,    0,    0,    0,    0,    0,    0,    0,    0,    0,    0,    0,    0,    0,    0,    0,    0,    0,  -23,    0,    0,    0,  -28,    0,  -19,  -19,    0,  -37,    0,    0,  -43,    0,    0,    0,    0,    0,    0,   28,    0,    0,    0,    0,    0,   -3,    0,    0,    0,    0,    0,    0,    0,    0,    0,    0,  -37,   -3,  -10,    0,    0,    0,    0,    0,    0,    0,
       0,    0,    0,    0,    0,    0,    0,    0,    0,    0,    0,    0,    0,    0,    0,    0,    0,    0,    0,    0,    0,    0,    0,    0,    0,  -14,    0,    0,    0,    0,    0,    0,    0,    0,    0,    0,    0,    0,    0,    0,    0,    0,    0,    0,  -10,    0,    0,    0,    0,    0,    0,    0,    0,    0,    0,    0,    0,  -16,    4,    0,    0,    0,    0,    0,    0,
       0,    0,    0,    0,    0,    0,    0,    0,    0,    0,    0,    0,    0,    0,    0,    0,    0,    0,    9,   -9,    0,    0,    0,  -30,   -5,  -13,   -5,    0,  -25,    0,    0,  -14,    0,    0,    0,    0,    0,    0,    0,    0,    0,    0,    0,   -5,   -6,   -3,    0,   -6,    0,    0,    0,    0,    0,    9,    0,  -25,    0,    0,    0,    0,    0,    0,    0,    0,    0,
       0,    0,  -12,    0,    0,    0,    0,  -23,    0,    0,    0,    0,    0,    0,    0,    0,    0,    0,    0,    0,    0,    0,    0,  -22,    0,  -11,   -7,   -7,  -18,   -5,    0,  -23,    0,    0,    0,    0,   -9,    0,    0,    0,    0,    0,    0,    0,   -7,   -9,   -9,   -9,   -5,  -12,    0,    0,    0,    0,    0,  -18,   -9,    0,    0,    0,    0,    0,    0,    0,    0,
       0,    0,    0,    0,    0,    0,    0,    0,    0,    0,    0,    0,    0,    0,    0,    0,    0,    0,    0,    0,    0,    0,    0,  -14,    0,   -7,   -5,   -2,  -16,    0,    0,    0,    0,    0,    0,    0,    0,    0,    0,    0,    2,    0,    0,    0,    0,    0,    0,   -7,    0,    0,    0,    0,    0,    0,    0,  -16,    0,    0,    0,    0,    0,   14,    0,   14,    0,
       0,    0,    0,    0,    0,    0,    0,    0,    0,    0,    0,    0,    0,    0,    0,    0,    0,    0,    0,    0,    0,    0,    0,    0,    0,    0,    0,    0,    0,    0,    0,    0,    0,    0,    0,    0,    0,    0,    0,    0,    0,    0,    0,    7,    0,    0,    0,    0,    0,    0,    0,    0,    0,    0,    0,    0,    0,    0,    0,    0,    0,    0,    0,    0,    0,
       0,    0,    0,    0,    0,    0,    0,    0,    0,    0,    0,    0,    0,    0,    0,    0,    0,    0,    0,    0,    0,    0,    0,  -21,    0,   -9,   -5,   -5,  -16,    0,    0,  -19,    0,    0,    0,    0,    0,   -2,    0,    0,    0,    0,    0,    0,   -5,   -5,   -1,   -5,    0,    0,    0,    0,    0,    0,    0,  -16,    0,    0,    0,    0,    0,    0,    0,    0,    0,
       0,    0,   14,   14,    0,    0,    0,   -9,    0,    0,    0,    0,    0,    0,    0,    0,    0,    0,   -9,    0,    0,    0,    0,   28,    0,   26,   23,   23,   23,   23,    0,    0,   19,    0,   -9,    0,    0,    0,    0,    0,    0,    0,    1,    0,    5,    1,    0,    0,    2,    0,    0,    0,    0,   -9,    0,   23,    0,   -9,    0,    0,   14,   19,   14,   19,    0,
       0,    0,    0,    0,   -2,    0,    0,    0,    0,    0,    0,    0,    0,    0,    0,    0,    0,    0,   -7,   -5,    0,    0,   -2,    0,    0,    0,    0,    0,   -7,    0,    0,  -14,    0,    0,    0,    0,    0,    0,    5,    0,    0,   -5,    0,   -4,    0,    0,    0,    0,    0,    0,    0,    0,    0,   -7,    0,   -7,    0,    0,    0,    0,    0,    0,    0,    0,    0,
       0,    0,    0,    0,    0,    0,    0,    0,    0,    0,    0,    0,    0,    0,    0,    0,    0,    0,    0,    0,    0,    0,    0,  -14,    0,  -14,    0,    0,  -12,    0,    0,  -19,    0,    0,    0,    0,    0,    0,    0,    0,    0,    0,    0,    0,    0,    0,    0,   -2,    0,    0,    0,    0,    0,    0,    0,  -12,    0,    0,    0,    0,    0,    0,    0,    0,    0,
       0,    0,    0,    0,    0,    0,    0,    0,    0,    0,    0,    0,    0,    0,    0,    0,    0,    0,    0,    0,    0,    0,    0,  -14,    0,    0,    0,    0,    0,    0,    0,    0,    0,    0,    0,    0,    0,    0,    0,    0,    0,    0,    0,    0,    0,    0,    0,    0,    0,    0,    0,    0,    0,    0,    0,    0,    0,    0,    0,    0,    0,    0,    0,    0,    0,
       0,    0,    0,    0,    0,    0,    0,    0,    0,    0,    0,    0,    0,    0,    0,    0,    0,    0,    0,    0,    0,    0,    0,  -14,   -5,    0,    0,    0,    0,    0,    0,    0,    0,    0,    0,    0,    0,    0,    2,    0,    0,    0,    0,    0,    0,    0,    0,    0,    0,    0,    0,    0,    0,    0,    0,    0,    0,    0,    0,    0,    0,    0,    0,    0,    0,
       0,    0,    0,    0,    0,    0,    0,    0,    0,    0,    0,    0,    0,    0,    0,    0,    0,    0,    0,   -5,    0,    0,    0,    0,    0,    0,    0,    0,   -9,    0,    0,  -19,    0,    0,  -10,   -2,    0,   -9,   -2,    0,    0,   -2,    0,   -2,    0,    0,    0,    0,    0,    0,    0,    0,    0,    0,    0,   -9,    0,  -10,   -2,    0,    0,    0,    0,    0,    0,
       0,    0,    0,    0,    0,    0,    0,    0,    0,    0,    0,    0,    0,    0,    0,    0,    0,    0,    0,   -9,    0,    0,    0,  -12,    0,  -14,   -9,    0,  -14,    0,    0,    0,    0,    0,   -5,    0,    0,   -5,   -7,    0,    0,    0,   -1,   -2,  -12,   -7,    0,   -7,    0,    0,    0,    0,    0,    0,    0,  -14,    0,   -5,    0,    0,    0,    0,    0,    0,    0,
       0,    0,   14,    0,    0,    0,    0,    0,    0,    0,    0,    0,    0,    0,    0,    0,    0,    0,    0,    0,    0,    0,    0,   -9,    0,   -8,    0,    0,   -7,    0,    0,   -3,    0,    0,    0,    0,    0,    0,    9,    0,    0,    0,    0,    0,    0,    0,    0,    0,    0,    0,    0,    0,    0,    0,    0,   -7,    0,    0,    0,    0,    0,    0,    0,    0,    0,
       0,    0,    0,    9,  -33,    0,  -53,   -9,    0,    0,    0,    0,    0,    0,    0,    0,    0,    0,  -14,    0,    0,    0,    0,   -5,    0,    0,    0,   -7,    0,    0,  -14,    0,    0,    0,  -10,    0,    0,   -7,   -5,    0,    0,    0,    9,    0,   23,   23,    0,    0,    0,  -14,    0,    0,    0,  -14,    0,    0,    0,  -10,    0,    0,    0,   23,    0,   23,    0,
       0,    0,    0,    0,    0,    0,    0,    0,    0,    0,    0,    0,    0,    0,    0,    0,    0,    0,    0,   -2,    0,    0,    0,  -21,    0,   -2,    0,   -2,   -9,    0,    0,    0,    0,    0,    0,    0,    0,    0,    0,    0,    0,    0,    0,    0,    0,    0,   -2,    0,    0,    0,    0,    0,    0,    0,    0,   -9,    0,    0,    0,    0,    0,    0,    0,    0,    0,
       0,    0,    0,    0,   -9,    0,    0,    0,    0,    0,    0,    0,    0,    0,    0,    0,    0,    0,    0,    0,    0,    0,    0,    0,    0,    0,    0,    0,    0,    0,    0,    0,    0,    0,   -2,    0,  -12,   -2,    0,    0,    0,    9,    0,    0,    0,    0,    0,    0,    0,    0,    0,    0,    0,    0,    0,    0,  -12,   -2,    0,    0,    0,    0,    0,    0,    0,
       0,    0,    0,    0,    0,    0,    0,    0,    0,    0,    0,    0,    0,    0,    0,    0,    0,    0,    0,    0,    0,    0,    0,  -14,    0,   -5,   -5,    0,   -7,    0,    0,    0,    0,    0,    0,    0,    0,   -5,    0,    0,    0,    0,    0,    0,    0,    0,    0,    0,    0,    0,    0,    0,    0,    0,    0,   -7,    0,    0,    0,    0,    0,    0,    0,    0,    0,
       0,  -14,    0,    3,  -19,    0,  -19,   -9,    0,    0,    0,    0,    0,    0,    0,    0,    2,    0,  -12,    0,    0,    0,    0,   -5,    0,    0,    0,  -12,   -5,   -9,   -9,    0,    0,  -10,   -7,    0,    0,   -5,    0,    0,    0,   -2,   23,    0,   23,    0,    0,    0,    0,   -9,    0,    0,   -6,  -12,    0,   -5,    0,   -9,    0,    0,    0,    0,    0,    0,    0,
       0,  -14,    0,    0,  -19,    0,  -19,   -9,    0,    0,    0,    0,    0,    0,    0,    0,    0,    0,   -2,    0,    0,    0,    0,   -5,    0,    0,    0,   -8,   -5,   -2,   -9,    0,    0,    0,   -7,    0,    0,   -7,    0,    0,    0,   -2,   23,    0,   19,    0,    0,    0,    0,   -9,    0,    0,    0,   -2,    0,   -5,    0,   -7,    0,    0,    0,    0,    0,    0,    0,
       0,   -1,    0,    0,    0,    0,    0,    0,    0,    0,    0,    0,    0,    0,    0,    0,    0,    0,    0,   -5,    0,    0,    0,   -7,   -2,    0,    0,    0,   -9,    0,  -19,   -3,    0,    0,  -14,    0,    0,    0,    0,    0,    0,   -2,    0,   -2,    0,    0,    0,    0,    0,  -19,    0,   -3,    0,    0,    0,   -9,    0,  -15,    0,    0,    0,    0,    0,    0,    0,
       0,  -14,    0,    0,    0,    0,  -19,   -9,    0,    0,    0,    0,    0,    0,    0,    0,    0,    0,  -12,    0,    0,    0,    0,   -5,    0,    0,    0,   -9,   -5,   -5,   -9,    0,    0,    0,   -5,    0,    0,   -7,    0,    0,    0,   -5,    0,    0,    0,    0,    0,    0,    0,   -9,    0,    0,    0,  -12,    0,   -5,    0,   -5,    0,    0,    0,    0,    0,    0,    0,
       0,    0,    0,    0,    0,    0,    0,    0,    0,    0,    0,    0,    0,    0,    0,    0,    0,    0,    0,    0,    0,    0,    0,   -5,    0,    0,    0,    0,   -5,    0,    0,  -19,    0,    0,   -5,    0,    0,    0,    0,    0,    0,    0,    0,    0,    0,    0,    0,    0,    0,    0,    0,    0,    0,    0,    0,   -5,    0,   -5,    0,    0,    0,    0,    0,    0,    0,
       0,    0,    0,    0,    0,    0,    0,    0,    0,  -19,  -23,    0,    0,    0,    0,    0,    0,    0,  -23,  -12,    0,  -47,    0,  -47,    0,  -47,  -33,  -37,  -56,    0,    0,    0,    0,    0,  -12,    0,    0,    0,    0,    0,    0,    0,    0,    0,   -9,   -9,  -19,   -9,    0,    0,    0,    0,    0,    0,    0,    0,    0,  -12,    0,    0,    0,    0,    0,    0,    0,
       0,    0,    0,    0,    0,    0,    0,    0,    0,  -19,  -23,    0,    0,    0,    0,    0,    0,    0,  -23,    0,    0,  -23,    0,  -47,    0,  -47,  -33,  -37,  -56,    0,    0,    0,    0,    0,    0,    0,    0,    0,    0,    0,    0,    0,    0,    0,   -9,   -9,  -19,   -9,    0,    0,    0,    0,    0,    0,    0,    0,    0,    0,    0,    0,    0,    0,    0,    0,    0,
       0,    0,    0,    0,    0,    0,    0,    0,    0,    0,    0,    0,    0,    0,    0,    0,    0,    0,    0,    0,    0,    0,    0,    0,    0,   -3,    0,    0,    0,    0,    0,    0,    0,    0,    0,    0,    0,    0,    0,    0,    0,    0,    0,    0,    0,    0,    0,    0,    0,    0,    0,    0,    0,    0,    0,    0,    0,    0,    0,    0,    0,    0,    0,    0,    0,
       0,    0,    0,    0,    0,    0,    0,    0,  -19,  -14,    0,  -14,    0,    0,    0,    0,    0,    0,    0,    0,    0,    0,    0,    0,    0,    0,    0,    0,    0,    0,    0,    0,    0,    0,    0,    0,    0,    0,    0,    0,    0,    0,    0,    0,    0,    0,    0,    0,    0,    0,    0,    0,    0,    0,    0,    0,    0,    0,    0,    0,    0,    0,    0,    0,    0,
       0,    0,    0,    0,    0,    0,    0,    0,    0,    0,    0,    0,    0,    0,    0,    0,    0,    0,    0,    0,    0,    0,    0,    0,    0,   -6,    0,    0,    0,    0,    0,    0,    0,    0,    0,    0,    0,    0,    0,    0,    0,    0,    0,    0,    0,    0,   -3,    0,    0,    0,    0,    0,    0,    0,    0,    0,    0,    5,    0,    0,    0,    0,    0,    0,    0,
       0,    0,    0,    0,    0,    0,    0,    0,    0,    0,    0,    0,    0,    0,    0,    0,    0,    0,    0,    0,    0,    0,    0,    0,    0,   -8,    0,    0,    0,    0,    0,    0,    0,    0,    0,    0,    0,    0,    0,    0,    0,    0,    0,    0,   -4,    0,    0,    0,    0,    0,    0,    0,    0,    0,    0,    0,    0,  -14,    0,    0,    0,    0,    0,    0,    0,
       5,    0,    0,   -2,  -60,    0,  -47,  -19,    0,    0,    0,    0,    0,    0,    0,    0,    0,    0,  -30,    0,    0,  -35,    0,    0,    0,    0,    4,   -7,    0,   -7,    0,   -9,    0,  -25,   -5,    0,    4,   -5,    0,    0,    0,    0,    7,   -2,    6,    7,   -1,    5,    0,    0,    9,   12,   -9,  -30,    0,    0,    4,   -5,    0,    0,   14,   23,   14,   23,    2,
       0,    0,  -12,   -9,    0,    0,    0,   -6,    0,    0,    0,    0,    0,    0,    0,    0,    0,    0,    0,    0,    0,    0,    0,  -22,    0,  -11,   -7,   -7,  -18,   -5,    0,   -2,    0,  -16,    0,    0,   -9,    0,    0,    0,    0,    0,    0,    0,   -8,   -9,  -11,   -9,   -5,  -12,    0,    5,    0,    0,    0,  -18,   -9,    0,    0,    0,    0,    0,    0,    0,    0,
       0,    0,  -14,   -7,    0,    0,   -9,  -14,    0,    0,    0,    0,    0,    0,    0,    0,    0,    0,   -9,    0,   -7,   -7,    0,  -14,    0,  -14,   -2,  -16,  -16,  -21,    0,  -23,    0,  -25,    0,    0,    0,    0,    0,    0,    0,    0,    0,    0,    0,    0,   -6,    0,    0,  -12,    0,    5,   -9,   -9,    0,  -16,    0,    0,    0,    0,    0,    0,    0,    0,    0,
       0,    0,    0,    0,    0,    0,    0,    0,    0,    0,    0,    0,    0,    0,    0,    0,    0,    0,  -63,    0,    0, -112,    0,    0,    0,    0,    0,    0,    0,    0,    0,    0,    0,    0,    0,    0,    0,  -19,    0,    0,    0,  -19,    0,    0,    0,    0,    0,    0,    0,    0,    0,    0,    0,  -63,    0,    0,    0,    0,    0,    0,    0,    0,    0,    0,    0,
       0,    0,    0,    0,    0,    0,    0,    0,    0,    0,    0,    0,    0,    0,    0,    0,    0,    0,  -28,    0,    0,  -56,    0,    0,    0,    0,    0,    0,    0,    0,    0,    0,    0,    0,  -19,    0,    0,  -23,    0,  -14,    0,    0,    0,    0,    0,    0,    0,    0,    0,    0,    0,    0,    0,  -28,    0,    0,    0,  -19,    0,    0,    0,    0,    0,    0,    0,
       0,    0,    0,    0,    0,    0,    0,    0,    0,    0,    0,    0,    0,    0,    0,    0,    0,    0,  -35,    0,    0,  -56,    0,    0,    0,    0,    0,    0,    0,    0,    0,    0,    0,    0,    0,    0,    0,  -19,    0,    0,    0,  -19,    0,    0,    0,    0,    0,    0,    0,    0,    0,    0,    0,  -35,    0,    0,    0,    0,    0,    0,    0,    0,    0,    0,    0,
       0,    0,    0,    0,    0,    0,    0,    0,    0,    0,    0,    0,    0,    0,    0,    0,    0,    0,  -35,    0,    0,  -47,    0,    0,    0,    0,    0,    0,    0,    0,    0,    0,    0,    0,  -19,    0,    0,  -23,    0,    0,    0,    0,    0,    0,    0,    0,    0,    0,    0,    0,    0,    0,    0,  -35,    0,    0,    0,  -19,    0,    0,    0,    0,    0,    0,    0,
       0,    0,    0,    0,    0,    0,    0,    0,    0,    0,    0,    0,    0,    0,    0,    0,    0,    0,    0,    0,    0,    0,    0,    0,    0,   -4,    0,    0,    0,    0,    0,    0,    0,    0,    0,    0,    0,    0,    0,    0,    0,    0,    0,    0,    0,    0,    0,    0,    0,    0,    0,    0,    0,    0,    0,    0,    0,    0,    0,    0,    0,    0,    0,    0,    0,
};

static const EpdLigaturePair lexenddeca_14_regularLigaturePairs[] = {
    { 0x00660069, 0xFB01 }, // f i -> U+FB01
    { 0x0066006C, 0xFB02 }, // f l -> U+FB02
};

static constexpr EpdFontData lexenddeca_14_regular = {
    lexenddeca_14_regularBitmaps,
    lexenddeca_14_regularGlyphs,
    lexenddeca_14_regularIntervals,
    29,
    36,
    30,
    -8,
    true,
    lexenddeca_14_regularGroups,
    7,
    nullptr,
    lexenddeca_14_regularKernLeftClasses,
    lexenddeca_14_regularKernRightClasses,
    lexenddeca_14_regularKernMatrix,
    138,
    122,
    78,
    65,
    lexenddeca_14_regularLigaturePairs,
    2,
};
