/**
 * generated by fontconvert.py
 * name: lexenddeca_16_bold
 * size: 16
 * mode: 2-bit  compressed: true
 * Command used: fontconvert.py lexenddeca_16_bold 16 ../builtinFonts/source/LexendDeca/LexendDeca-Bold.ttf ../builtinFonts/source/NotoEmoji/NotoEmoji-Regular.ttf ../builtinFonts/source/NotoSymbols/NotoSansSymbols-Regular.ttf --exact-intervals --additional-intervals 0x0020,0x007E --additional-intervals 0x00A0,0x00FF --additional-intervals 0x2000,0x206F --additional-intervals 0x20A0,0x20CF --additional-intervals 0x2190,0x21FF --additional-intervals 0xFB00,0xFB06 --additional-intervals 0xFFFD,0xFFFD --additional-intervals 0x2669,0x266F --additional-intervals 0x2764,0x2764 --additional-intervals 0x1F600,0x1F600 --additional-intervals 0x1F44D,0x1F44D --font-include-intervals 1:0x2764,0x2764 --font-include-intervals 1:0x1F600,0x1F600 --font-include-intervals 1:0x1F44D,0x1F44D --font-include-intervals 2:0x2669,0x266F --2bit --compress --pnum --darken-aa
 */
#pragma once
#include "EpdFontData.h"

static const uint8_t lexenddeca_16_boldBitmaps[9993] = {
    0xB5, 0x5A, 0x3B, 0x93, 0xE4, 0xD4, 0x15, 0xBE, 0xDD, 0xCD, 0x6E, 0x63, 0x54, 0xB6, 0x48, 0xA6,
    0x4C, 0x99, 0x40, 0x0E, 0x1C, 0xF9, 0x51, 0x4A, 0x1C, 0xFB, 0xAA, 0x48, 0x1C, 0x32, 0xC1, 0x34,
    0x84, 0xCE, 0xD7, 0x81, 0xFF, 0x81, 0xA5, 0xB2, 0xFF, 0xC0, 0x66, 0x0E, 0x1C, 0xD8, 0x81, 0xCB,
    0x05, 0x43, 0xB0, 0x7F, 0xC0, 0x20, 0x01, 0x01, 0x21, 0xB2, 0x29, 0x22, 0x02, 0x84, 0x1F, 0x65,
    0x97, 0x09, 0x46, 0xB6, 0x05, 0x68, 0x59, 0x49, 0xD7, 0xDF, 0xF7, 0xDD, 0x2B, 0x75, 0x4F, 0xCF,
    0x0C, 0xCC, 0x6E, 0x41, 0xCF, 0xE8, 0xDC, 0x6E, 0xE9, 0x3E, 0xCF, 0x3D, 0xE7, 0x3B, 0x8F, 0xAB,
    0xB2, 0x75, 0xE1, 0xAF, 0xD4, 0x5F, 0xDE, 0xE6, 0x8D, 0x6D, 0x6C, 0x8D, 0xBF, 0xCA, 0x56, 0xDF,
    0x29, 0x0C, 0x3E, 0xCF, 0x64, 0x79, 0xE3, 0x6B, 0xD8, 0xFA, 0x8E, 0x39, 0x39, 0x3B, 0x39, 0xB5,
    0x5D, 0xDE, 0xDA, 0xB6, 0x6C, 0x70, 0xD5, 0xB6, 0x29, 0xAB, 0xBC, 0x72, 0x05, 0xAE, 0xAC, 0x2C,
    0x9C, 0x29, 0x8D, 0x33, 0xF7, 0xCC, 0xAB, 0xC6, 0xAC, 0xCE, 0x56, 0x3B, 0x63, 0xA2, 0x61, 0xE3,
    0x8C, 0x89, 0x03, 0xDD, 0x4E, 0xA0, 0x7D, 0x34, 0x9A, 0xD8, 0xE1, 0xD3, 0x88, 0xB6, 0x57, 0x68,
    0x63, 0x6C, 0x93, 0x76, 0xC6, 0xE4, 0x4D, 0xDA, 0x1A, 0x83, 0x21, 0x40, 0x5D, 0x05, 0x7A, 0xE2,
    0xDE, 0xCF, 0x3F, 0xC9, 0x4A, 0xD6, 0xA9, 0xAE, 0x52, 0x0C, 0xE1, 0x2A, 0x43, 0x5A, 0x80, 0xAE,
    0x40, 0xB7, 0xD3, 0xDA, 0x65, 0x26, 0x1A, 0x39, 0xB8, 0x31, 0x77, 0x32, 0x90, 0xB4, 0x0A, 0x64,
    0xED, 0xFE, 0x85, 0x2F, 0x68, 0x66, 0xD0, 0xB6, 0xDF, 0x80, 0x4C, 0x11, 0xC8, 0x18, 0xBB, 0x07,
    0x1F, 0x0E, 0xB1, 0x4B, 0xDE, 0xC4, 0x5C, 0x92, 0xEA, 0xD9, 0xD8, 0xFD, 0xAE, 0xE2, 0x6C, 0x2B,
    0x83, 0xA7, 0xA3, 0x61, 0xBD, 0xCA, 0x60, 0xBC, 0xCE, 0x24, 0xCE, 0x0D, 0x98, 0x9D, 0xC3, 0x92,
    0x6C, 0xE9, 0xD6, 0xC6, 0x26, 0x6E, 0x5B, 0xDB, 0xD8, 0xC5, 0xBD, 0x4D, 0xA6, 0x94, 0x5D, 0x59,
    0x90, 0x81, 0x2B, 0x6A, 0xD7, 0x6A, 0x96, 0xB2, 0xAE, 0x29, 0x39, 0x8D, 0xDC, 0xCC, 0x04, 0x1F,
    0x4E, 0xD5, 0xEC, 0x32, 0x0C, 0xD3, 0x62, 0x5A, 0x05, 0xEA, 0x0D, 0x5C, 0x86, 0xB1, 0x8F, 0x26,
    0x13, 0x8F, 0x68, 0xF1, 0x96, 0x33, 0x69, 0x8F, 0x12, 0xEC, 0x15, 0x2F, 0x50, 0xBA, 0x5A, 0xBF,
    0x59, 0x9D, 0xCF, 0xB5, 0x42, 0xD4, 0x67, 0x75, 0xB6, 0x67, 0x75, 0xF6, 0x67, 0xDB, 0xA8, 0x61,
    0xFF, 0xAE, 0x2E, 0x27, 0x8D, 0xF4, 0x2B, 0xC7, 0x16, 0x1B, 0x34, 0xC0, 0x84, 0xD0, 0x7B, 0x34,
    0xD8, 0xC6, 0x98, 0xA4, 0x8F, 0x3B, 0xF2, 0xDA, 0xB6, 0x71, 0x9B, 0x70, 0x84, 0x3A, 0xEE, 0x50,
    0xA2, 0x61, 0xDC, 0xA7, 0x0D, 0x27, 0x13, 0x8D, 0x79, 0xCD, 0xC9, 0xA8, 0x5D, 0xD2, 0xE3, 0x11,
    0x27, 0xC8, 0x26, 0x43, 0x58, 0x04, 0x97, 0xF5, 0x0B, 0x0E, 0xEB, 0xEB, 0x70, 0x78, 0xAC, 0x07,
    0x15, 0xC4, 0xA7, 0xB9, 0x28, 0xBB, 0xB8, 0x61, 0xD1, 0x6E, 0xC5, 0x81, 0x56, 0x6D, 0x6D, 0xEF,
    0x8B, 0x51, 0x85, 0xD3, 0x6E, 0x6D, 0xF7, 0x9D, 0x7C, 0xFF, 0xF7, 0x26, 0x9D, 0xDC, 0x80, 0xD1,
    0x6C, 0x6F, 0x1D, 0xDA, 0xE4, 0x94, 0x93, 0x06, 0x85, 0x46, 0xC2, 0x0D, 0x16, 0xE8, 0x24, 0xE7,
    0x9C, 0x5C, 0x96, 0x73, 0x8A, 0x5E, 0x90, 0xB6, 0x2C, 0x34, 0x5B, 0x47, 0x06, 0xA4, 0xAE, 0x4F,
    0xC4, 0x6C, 0x8E, 0x70, 0x72, 0x66, 0x3B, 0x0B, 0x0E, 0xD9, 0x26, 0x87, 0x04, 0x97, 0x45, 0x09,
    0xB9, 0x35, 0x26, 0x33, 0xEB, 0x16, 0x92, 0x6A, 0xEC, 0x64, 0x5C, 0xB7, 0x76, 0xF5, 0x16, 0x3C,
    0x70, 0x26, 0x19, 0xB9, 0x50, 0x0E, 0xD1, 0x62, 0xEE, 0xFC, 0xC7, 0xDA, 0xD0, 0xBF, 0x9B, 0x7F,
    0xE6, 0x9C, 0x9C, 0x49, 0x07, 0xD6, 0x44, 0xFD, 0x8D, 0x2B, 0xD6, 0x7C, 0xDC, 0xB3, 0x9F, 0xB8,
    0x37, 0x6B, 0x2E, 0x7A, 0x05, 0x75, 0x28, 0xC8, 0xB4, 0x72, 0xC0, 0x4C, 0x30, 0x37, 0xD4, 0xA9,
    0xD9, 0x45, 0xDE, 0xB1, 0x77, 0x34, 0x06, 0x83, 0xE3, 0x49, 0xFF, 0x6E, 0xFE, 0xF7, 0x3F, 0x47,
    0x3E, 0xE5, 0xF0, 0x1D, 0xEA, 0x6F, 0x5C, 0x15, 0xB9, 0x02, 0x3D, 0xB0, 0x9F, 0x86, 0x7D, 0xF2,
    0x43, 0x65, 0x4D, 0x6B, 0xF3, 0xCD, 0xE4, 0xAD, 0x22, 0xFD, 0xDD, 0xBB, 0x35, 0xF8, 0xDD, 0x42,
    0x0A, 0xEB, 0x15, 0xA4, 0xF6, 0x2E, 0x04, 0x0F, 0xBF, 0x1B, 0x7B, 0x71, 0xD1, 0x24, 0x2F, 0xBE,
    0x53, 0x3D, 0x9D, 0x54, 0x19, 0xEB, 0x4A, 0x25, 0xEE, 0xBE, 0x82, 0xC6, 0xD1, 0x78, 0x3D, 0xC9,
    0xC1, 0xB8, 0xBA, 0xBC, 0x4C, 0x74, 0xEF, 0xC6, 0x16, 0x66, 0x3B, 0x52, 0x18, 0xD2, 0x16, 0x7B,
    0x35, 0xA4, 0x03, 0xF4, 0x7F, 0xD8, 0xF4, 0x71, 0x9B, 0xD7, 0x36, 0x7B, 0x4E, 0xF3, 0x44, 0xF3,
    0xEC, 0xF8, 0x7A, 0x26, 0x03, 0x8C, 0x08, 0x80, 0x08, 0x31, 0xD4, 0xD5, 0x33, 0x90, 0x64, 0x98,
    0x65, 0x43, 0x72, 0x02, 0x7E, 0x62, 0x23, 0x2B, 0xCA, 0x57, 0x41, 0xF9, 0xA0, 0x74, 0x4C, 0x5F,
    0x58, 0xAD, 0x9A, 0xAB, 0xB9, 0xA5, 0x9A, 0x88, 0xAA, 0x89, 0xD4, 0xA1, 0xDA, 0x06, 0x38, 0xE1,
    0xAB, 0x49, 0x83, 0x7C, 0xB5, 0x8E, 0x82, 0xDA, 0x48, 0xB8, 0xDF, 0x28, 0xA4, 0x57, 0xA3, 0xC4,
    0x53, 0xF8, 0x42, 0xE9, 0xA2, 0x6E, 0x13, 0x08, 0x32, 0x88, 0x36, 0xC5, 0x63, 0xE4, 0x34, 0x30,
    0x27, 0xCC, 0x03, 0x7D, 0x41, 0x2A, 0x22, 0x51, 0xCC, 0xC1, 0x5D, 0xA1, 0xCB, 0x53, 0x50, 0xEC,
    0x2A, 0xEA, 0xA3, 0x87, 0x64, 0x82, 0xA4, 0x9B, 0x1C, 0x82, 0xE0, 0x3E, 0x46, 0x9F, 0x04, 0xA4,
    0x56, 0x63, 0x51, 0xDB, 0x1D, 0xE7, 0x98, 0x38, 0xE9, 0x8A, 0x04, 0x38, 0x22, 0x26, 0xF4, 0xA8,
    0xD5, 0xE3, 0xA1, 0xBF, 0x72, 0x4A, 0x1C, 0xAE, 0x9F, 0x60, 0x22, 0xDF, 0x25, 0x4F, 0x6E, 0x79,
    0x61, 0x13, 0x86, 0xE3, 0xCB, 0xDC, 0x9D, 0x32, 0x6E, 0x57, 0x07, 0x50, 0xC2, 0xCA, 0xA9, 0x4A,
    0x5A, 0x71, 0x61, 0xDD, 0x03, 0xC0, 0xF1, 0x40, 0x31, 0x04, 0xB2, 0x55, 0xA6, 0x5E, 0x2F, 0xBB,
    0x22, 0x16, 0xA6, 0xDC, 0x95, 0x9C, 0x2C, 0x44, 0x5B, 0xDC, 0xAF, 0x79, 0x1F, 0x0F, 0x2D, 0xEF,
    0x13, 0x05, 0xD6, 0x64, 0xBE, 0x16, 0x47, 0x9C, 0x6C, 0xED, 0x42, 0xA8, 0xB5, 0xED, 0xDD, 0xF3,
    0xF3, 0xF3, 0x82, 0x4F, 0x6B, 0x92, 0x86, 0xA4, 0x22, 0x31, 0xAB, 0x9D, 0x3A, 0xCD, 0xF7, 0x3B,
    0xA7, 0x4D, 0xEB, 0xA8, 0xF4, 0x93, 0x10, 0x86, 0x18, 0x8B, 0x27, 0xDF, 0x7A, 0x41, 0xBB, 0x9B,
    0x77, 0x5E, 0x30, 0x32, 0x90, 0x0D, 0x8C, 0x4A, 0x07, 0x54, 0xE4, 0x40, 0xAF, 0xF9, 0x81, 0xD4,
    0x69, 0xA6, 0xB5, 0xA1, 0x19, 0xF7, 0xF9, 0x4C, 0x02, 0x7A, 0xAF, 0x30, 0x41, 0x82, 0xB0, 0x66,
    0x8F, 0x41, 0x95, 0x00, 0xAC, 0xD2, 0xEE, 0xCB, 0x76, 0x78, 0xD1, 0x12, 0x84, 0x8A, 0xDA, 0x89,
    0xD4, 0x7D, 0x0A, 0xBA, 0x76, 0x7F, 0x95, 0xB5, 0x78, 0x4B, 0x28, 0x44, 0xD6, 0xD8, 0xE9, 0x35,
    0xF7, 0xEF, 0xC2, 0xCA, 0x48, 0xA5, 0xA2, 0x32, 0x73, 0x1A, 0xDF, 0x55, 0xAB, 0xDD, 0x4B, 0xEE,
    0x7D, 0xC3, 0x4E, 0xAB, 0x6B, 0x28, 0x99, 0x21, 0x56, 0x79, 0x12, 0xEF, 0xC9, 0xC3, 0xDD, 0xCE,
    0xC4, 0x5C, 0x61, 0x42, 0x92, 0x3E, 0xC2, 0x66, 0xA5, 0x14, 0x17, 0x01, 0x6D, 0xA2, 0x16, 0x53,
    0xE9, 0x8A, 0x4D, 0xB1, 0xF5, 0x53, 0xD6, 0xEC, 0x3D, 0x89, 0xF8, 0x33, 0x05, 0xB4, 0xC9, 0x72,
    0x16, 0x24, 0xBE, 0x59, 0x24, 0xC8, 0x2E, 0xC9, 0x57, 0xE1, 0xF9, 0x5E, 0x2D, 0x92, 0x45, 0x2D,
    0xCA, 0x59, 0xC9, 0xC2, 0xAE, 0x9F, 0x89, 0x07, 0x8D, 0xB7, 0x87, 0x36, 0x74, 0x85, 0x4E, 0xC7,
    0xC8, 0x55, 0xAE, 0x5D, 0xB9, 0x9A, 0x38, 0xD8, 0x60, 0x57, 0x4A, 0x91, 0x9A, 0xC0, 0x59, 0xE7,
    0xB0, 0xB8, 0x95, 0xEA, 0x25, 0x61, 0x6D, 0x03, 0x41, 0x1A, 0x5D, 0x27, 0x58, 0xC7, 0x3D, 0x2E,
    0x5A, 0xB3, 0x3A, 0x22, 0xF7, 0xCE, 0x1F, 0xC8, 0xC0, 0x2D, 0x1A, 0x5F, 0x5E, 0xD5, 0x78, 0xCD,
    0x39, 0x5A, 0xD0, 0x21, 0x5D, 0xD4, 0x5E, 0xE2, 0xC0, 0x21, 0x56, 0x07, 0x6A, 0x5F, 0xCC, 0x75,
    0x65, 0x74, 0x9E, 0xF9, 0x5C, 0x5B, 0x4C, 0x8B, 0xE7, 0x06, 0xCF, 0xE7, 0x14, 0xC2, 0x5E, 0x58,
    0x4D, 0x17, 0x8B, 0xA9, 0x6C, 0x07, 0x92, 0x42, 0xF6, 0x0B, 0x3D, 0xDD, 0xB2, 0xDE, 0x9A, 0x26,
    0x26, 0x5E, 0x56, 0x9E, 0x0F, 0x64, 0x2C, 0xCD, 0x83, 0x5B, 0x48, 0xD9, 0xC3, 0x1C, 0xE4, 0xD2,
    0x1B, 0x56, 0x51, 0x65, 0x35, 0x43, 0xFF, 0x45, 0x70, 0x03, 0xA0, 0xFC, 0xE4, 0x41, 0xE3, 0x3B,
    0x4D, 0xE6, 0xFE, 0xB2, 0xB2, 0x23, 0x27, 0x1B, 0xB0, 0x9B, 0xCE, 0x4A, 0xED, 0x49, 0x4D, 0xC6,
    0xD2, 0x12, 0x94, 0xE3, 0xCF, 0x0E, 0x38, 0x99, 0x79, 0x45, 0x71, 0xD4, 0x87, 0x3B, 0x76, 0x61,
    0x93, 0x9B, 0xD9, 0xB4, 0xB9, 0xAC, 0xA9, 0xE4, 0xD0, 0x15, 0xEC, 0x0D, 0x9F, 0xCB, 0xF7, 0xEF,
    0x16, 0x1E, 0xD1, 0x6D, 0x9F, 0xB6, 0x12, 0x8D, 0xE5, 0xB3, 0xCA, 0x92, 0x16, 0xF7, 0x87, 0x64,
    0xDC, 0x8E, 0xC0, 0xFA, 0xE1, 0x00, 0xEB, 0x9F, 0x35, 0x34, 0xA6, 0xF4, 0x5D, 0x56, 0x62, 0xE7,
    0x88, 0x5D, 0x6C, 0x23, 0x61, 0x3E, 0xEC, 0x18, 0xF6, 0x89, 0x60, 0x40, 0x38, 0x25, 0x64, 0x6D,
    0x79, 0xA3, 0xC4, 0x83, 0x88, 0x0A, 0xC9, 0x27, 0x14, 0xEC, 0x75, 0xBB, 0x0C, 0x44, 0x6D, 0x29,
    0x8E, 0x88, 0xB9, 0xFC, 0xB9, 0xAE, 0x0A, 0x85, 0x29, 0x7B, 0x8A, 0x8B, 0xA5, 0x81, 0x14, 0x58,
    0x50, 0xC4, 0x29, 0xB0, 0x13, 0x39, 0x55, 0xE3, 0x0B, 0xF7, 0x70, 0x12, 0x40, 0xB1, 0x84, 0x97,
    0xB0, 0x96, 0xAA, 0x8E, 0xAA, 0x47, 0xD8, 0xA2, 0x73, 0x14, 0x63, 0xD9, 0x4F, 0x09, 0x77, 0xA7,
    0x23, 0x29, 0x99, 0x82, 0xDC, 0xC3, 0x79, 0xCC, 0xA2, 0x96, 0xB6, 0xBF, 0xDA, 0x78, 0x37, 0x6B,
    0x56, 0x1F, 0x3A, 0x1F, 0x89, 0xD6, 0xC4, 0xAD, 0x10, 0x1A, 0xC6, 0x72, 0xD1, 0x9A, 0x4B, 0xF3,
    0x5F, 0xDF, 0x37, 0xE1, 0xC1, 0x5E, 0x6C, 0xF5, 0x4D, 0x8A, 0x1E, 0xF8, 0x7E, 0xF7, 0x8D, 0xFB,
    0x2A, 0x9C, 0x0C, 0x82, 0x4C, 0x74, 0xCB, 0xB1, 0xFE, 0xAE, 0xAA, 0xF0, 0xCD, 0xB0, 0x2A, 0xDC,
    0x26, 0x6F, 0x6C, 0x61, 0x26, 0x73, 0x82, 0xE6, 0xD5, 0x06, 0x4B, 0xFA, 0x60, 0x8C, 0xEA, 0x88,
    0x4E, 0xF7, 0xB0, 0x6D, 0x62, 0xCA, 0xCC, 0xB0, 0x69, 0xD3, 0xA2, 0x9C, 0x4A, 0x94, 0x16, 0xE2,
    0x91, 0xF6, 0x28, 0x89, 0x0C, 0x28, 0x7F, 0x89, 0xB9, 0xA7, 0xDD, 0xA6, 0x79, 0x7D, 0x43, 0x9F,
    0x33, 0xAA, 0xFF, 0xA4, 0x32, 0xAE, 0xE8, 0xC8, 0x97, 0xBE, 0x7C, 0x01, 0x0E, 0x45, 0xF6, 0x3A,
    0xAD, 0x53, 0x3B, 0x99, 0xD7, 0xE9, 0xE2, 0x62, 0x81, 0xBF, 0x04, 0x63, 0x72, 0xA2, 0x10, 0x26,
    0xC3, 0x65, 0xDA, 0x02, 0xB3, 0x06, 0x44, 0x24, 0x95, 0x5F, 0x61, 0x14, 0xF6, 0x73, 0x33, 0x19,
    0xEF, 0xB8, 0xB8, 0x87, 0x2F, 0x09, 0x95, 0xD2, 0xB0, 0x9C, 0x35, 0x4D, 0xAA, 0x5C, 0x80, 0x3F,
    0xF8, 0x9A, 0x77, 0x3C, 0x2A, 0xC7, 0xDE, 0x39, 0x4C, 0x9D, 0x77, 0x15, 0x5D, 0xF0, 0x25, 0x0A,
    0x33, 0x83, 0x32, 0x8B, 0xDA, 0x77, 0xD0, 0x0A, 0xBA, 0x84, 0x0D, 0x5B, 0x27, 0x05, 0x88, 0x27,
    0xCF, 0xC6, 0x31, 0xF1, 0xF8, 0xA1, 0x4D, 0xB1, 0xBD, 0x54, 0x9F, 0x6E, 0x64, 0xE1, 0x65, 0xA7,
    0xF2, 0x45, 0x6D, 0xD6, 0xDE, 0x7D, 0xDC, 0x28, 0x28, 0x41, 0x27, 0xE7, 0xE7, 0x65, 0xAF, 0x9D,
    0xC4, 0x96, 0x50, 0x69, 0x52, 0xB9, 0x6B, 0xFC, 0xCA, 0x3D, 0xC2, 0x83, 0x93, 0x1D, 0x1C, 0x78,
    0x3B, 0x8B, 0x42, 0xB5, 0x98, 0xB4, 0xCE, 0x7E, 0x7E, 0xEE, 0x7A, 0xB8, 0x12, 0xF9, 0x00, 0x62,
    0xF9, 0x0D, 0x5E, 0x67, 0x67, 0xFC, 0x53, 0xAF, 0xB8, 0x4B, 0xE5, 0xC1, 0x3E, 0xDC, 0x95, 0x93,
    0xA5, 0x37, 0x70, 0x89, 0xA4, 0x8E, 0x4F, 0x27, 0x5F, 0x45, 0x9D, 0x72, 0x92, 0x56, 0x96, 0xCB,
    0xFC, 0x80, 0x56, 0x7A, 0xEB, 0xBC, 0x19, 0xA4, 0xEF, 0x1C, 0x82, 0x21, 0x6F, 0x61, 0xA6, 0x07,
    0x70, 0x5E, 0xB1, 0xA0, 0x51, 0x2C, 0xFB, 0x5E, 0xF0, 0xB1, 0x65, 0x47, 0xE9, 0x3B, 0xC8, 0x23,
    0xBF, 0x42, 0x75, 0xDF, 0x3B, 0xF6, 0xB2, 0xD9, 0x02, 0xA9, 0x1F, 0xD2, 0xD4, 0xAE, 0x26, 0xEF,
    0x52, 0x67, 0x6B, 0x37, 0x47, 0x42, 0xDE, 0xD9, 0x9E, 0xB1, 0x0B, 0xC5, 0xA9, 0xF1, 0xDC, 0xF0,
    0xEC, 0xD0, 0xA4, 0x6A, 0xD1, 0x5E, 0xD4, 0x73, 0xC8, 0x65, 0x74, 0x97, 0xC1, 0x80, 0x1E, 0x4C,
    0x6E, 0x40, 0xE1, 0x13, 0x70, 0xA7, 0x0E, 0x69, 0xD9, 0x1D, 0xD3, 0x83, 0xA7, 0xBE, 0x7E, 0x04,
    0x36, 0xD0, 0x7B, 0x11, 0x23, 0x3D, 0x5E, 0x8E, 0xA2, 0x9D, 0xDF, 0x07, 0xD2, 0x5E, 0xF3, 0xD9,
    0x65, 0x33, 0xD3, 0x2E, 0x91, 0x09, 0xBE, 0x86, 0x24, 0xE4, 0x98, 0xCC, 0xDD, 0x1D, 0x92, 0xE9,
    0xFC, 0x55, 0x73, 0x53, 0xE5, 0xE6, 0x3A, 0x72, 0xF2, 0x6A, 0x18, 0xB7, 0xBA, 0x96, 0x5C, 0xDF,
    0xD5, 0x74, 0xFD, 0xE0, 0xC3, 0x35, 0x95, 0x6F, 0x22, 0xC6, 0x3C, 0x1F, 0xA4, 0xA2, 0xF7, 0x9A,
    0x55, 0x48, 0x2A, 0x1A, 0x2F, 0xCF, 0x00, 0xD8, 0x97, 0x5D, 0x45, 0xA9, 0xB0, 0x92, 0x8A, 0xA7,
    0xAF, 0x97, 0x0A, 0x84, 0xB6, 0x81, 0xD2, 0xB7, 0x74, 0xB9, 0x28, 0xA6, 0x71, 0xF2, 0xB3, 0x89,
    0x52, 0x01, 0x95, 0xA2, 0x7E, 0x0F, 0x74, 0xC0, 0x80, 0x28, 0x6E, 0x8E, 0x73, 0x21, 0x04, 0xF2,
    0x2A, 0x28, 0x15, 0xE3, 0x5E, 0x2A, 0xCE, 0x18, 0x70, 0xC1, 0x85, 0xCB, 0xB4, 0x77, 0xD5, 0x63,
    0x50, 0x06, 0xC3, 0x7E, 0x7F, 0x6F, 0xA6, 0x8F, 0xDB, 0xA7, 0x28, 0xA4, 0xE2, 0x14, 0x53, 0x6D,
    0x0F, 0xAF, 0x7B, 0xEE, 0xF3, 0xDF, 0xCB, 0xAB, 0x78, 0xCC, 0xEB, 0xB8, 0x1F, 0x5E, 0xE6, 0xCE,
    0x6E, 0x77, 0x46, 0xF6, 0x0F, 0xC7, 0xE4, 0x3B, 0xA5, 0x7B, 0x25, 0xF8, 0x54, 0x8F, 0x4B, 0xB6,
    0x26, 0x1D, 0x4D, 0x52, 0xDB, 0xC1, 0x7B, 0x6C, 0x65, 0x50, 0xAB, 0xD6, 0x3B, 0xA2, 0x2B, 0xA5,
    0x18, 0x18, 0xD6, 0x89, 0xD9, 0xA7, 0x8C, 0x47, 0xB4, 0x5C, 0xEC, 0x33, 0x68, 0xC9, 0x20, 0x92,
    0xDE, 0x37, 0xA1, 0x8F, 0x21, 0x33, 0xE1, 0xD4, 0xF6, 0xB8, 0x6D, 0xEC, 0xE7, 0x84, 0x4D, 0xEB,
    0xBD, 0x59, 0x85, 0xE0, 0xCB, 0xF7, 0x46, 0x54, 0xF8, 0x42, 0x11, 0x41, 0x58, 0xA7, 0x56, 0xB1,
    0x7A, 0xD8, 0xD0, 0x42, 0xF6, 0x2B, 0x2A, 0x5C, 0xE8, 0x3F, 0x8C, 0x15, 0xD3, 0x6D, 0x82, 0x08,
    0xD6, 0x5E, 0x59, 0x4F, 0xCE, 0x1E, 0x43, 0x7E, 0x9F, 0x80, 0xDC, 0xA4, 0x64, 0x27, 0x80, 0xA3,
    0xD5, 0x4E, 0x95, 0x60, 0xD2, 0x3C, 0x5A, 0x67, 0x94, 0xFA, 0x84, 0x05, 0x31, 0x3B, 0xB3, 0x02,
    0x32, 0x14, 0xCD, 0x8A, 0xB8, 0xE4, 0xBA, 0x8D, 0x8A, 0x21, 0x52, 0x31, 0xC5, 0x2A, 0x08, 0xC1,
    0x99, 0xFD, 0xCC, 0xB9, 0xFF, 0xA1, 0xF8, 0xC4, 0xB9, 0xBF, 0x11, 0xC1, 0x4A, 0xF7, 0x36, 0x0B,
    0xEB, 0xD8, 0x75, 0x9F, 0x4C, 0x2A, 0x98, 0xEC, 0x42, 0xB1, 0xE9, 0x54, 0xAC, 0x4E, 0x55, 0xF8,
    0xD1, 0xBF, 0xA0, 0xE0, 0x3C, 0x4F, 0x4E, 0x05, 0x75, 0x2D, 0xD5, 0x11, 0xD4, 0x79, 0x5A, 0x89,
    0x36, 0xA2, 0x9D, 0xE8, 0x20, 0xEA, 0x3C, 0x2D, 0x40, 0x3F, 0x43, 0x68, 0xDE, 0xDA, 0x4F, 0x95,
    0xA3, 0xEB, 0x10, 0xBD, 0xD1, 0x55, 0x9B, 0x48, 0x13, 0x47, 0x4A, 0xB7, 0x9E, 0x3B, 0x25, 0xC8,
    0xF4, 0x34, 0x17, 0x4D, 0x45, 0x63, 0xD1, 0x8D, 0xE8, 0x2A, 0x40, 0x2F, 0x64, 0xE1, 0x17, 0x84,
    0x10, 0xBA, 0xE6, 0x0B, 0x1E, 0xCE, 0xD6, 0x31, 0x98, 0xC5, 0x98, 0xD6, 0x85, 0x9E, 0xAA, 0x92,
    0x0C, 0x56, 0xC9, 0x97, 0xD9, 0x1E, 0xE6, 0x9E, 0xD1, 0x04, 0x93, 0x2D, 0xA6, 0xD8, 0x2D, 0xC5,
    0x66, 0xF9, 0x05, 0x40, 0x41, 0xEF, 0xC5, 0xBC, 0x25, 0x4A, 0xCF, 0xC8, 0xD2, 0x94, 0xCC, 0x7F,
    0x74, 0x5B, 0x74, 0x2D, 0x54, 0xE9, 0x66, 0x6B, 0x1C, 0x70, 0x25, 0x00, 0x8B, 0xF7, 0xDD, 0x82,
    0xC1, 0x21, 0xC2, 0x1B, 0x0F, 0xF6, 0x0B, 0x64, 0xEE, 0x8D, 0xB0, 0x96, 0xDD, 0x73, 0xD5, 0x24,
    0x74, 0x62, 0xFD, 0x37, 0xDC, 0x9B, 0xAB, 0x34, 0x4B, 0x8B, 0xD0, 0xCB, 0x78, 0x76, 0x4B, 0xA4,
    0xFD, 0x3A, 0xD9, 0xF4, 0x23, 0xCF, 0x26, 0x27, 0x36, 0x6D, 0xDD, 0xBB, 0x64, 0xD3, 0xC6, 0x47,
    0x25, 0x05, 0x0D, 0x05, 0xD8, 0x94, 0x5F, 0xCF, 0xA6, 0x5A, 0x6C, 0xF2, 0xD1, 0x8E, 0xCF, 0xBC,
    0xAD, 0x4E, 0x43, 0x7E, 0x2D, 0xF6, 0xF3, 0xDE, 0xD6, 0xDE, 0xE5, 0x3C, 0xB0, 0xD6, 0xA3, 0xD9,
    0x5B, 0x4D, 0x1F, 0x49, 0x92, 0x13, 0x70, 0x60, 0x06, 0x26, 0x43, 0x98, 0xDE, 0xE8, 0x94, 0x09,
    0x9B, 0x69, 0x2A, 0x4A, 0x28, 0x9A, 0xCE, 0x03, 0xE7, 0xDB, 0x03, 0x7B, 0xBF, 0x78, 0x00, 0x5D,
    0xC2, 0xEF, 0x9D, 0xFC, 0xC1, 0x8E, 0xE1, 0xA8, 0x85, 0x6E, 0xB4, 0x6C, 0x4B, 0xD8, 0xE8, 0x04,
    0x1B, 0x1D, 0x5D, 0x0D, 0xF9, 0x3A, 0x74, 0xE1, 0xBC, 0xD9, 0x92, 0xD5, 0x62, 0x92, 0x4F, 0xBA,
    0xC8, 0x5C, 0x2A, 0xA2, 0x10, 0x66, 0xD7, 0x2A, 0x1F, 0xBD, 0xF8, 0x38, 0x06, 0xFC, 0x3F, 0xC8,
    0xCD, 0xBA, 0xA3, 0xDC, 0x2C, 0xE8, 0x9A, 0x1E, 0x4A, 0xC4, 0x74, 0x0D, 0xA6, 0x9D, 0xC0, 0x8D,
    0xFA, 0x77, 0xC8, 0xCD, 0x2A, 0x05, 0xB1, 0x3A, 0xC8, 0xCD, 0x9E, 0x64, 0x66, 0xC7, 0x8F, 0xBB,
    0xE1, 0x33, 0xCD, 0x01, 0xD4, 0x57, 0x4F, 0xA0, 0xFF, 0x30, 0x8E, 0x39, 0xF5, 0xB0, 0xFA, 0x3A,
    0xA8, 0xCC, 0x68, 0xC1, 0x6C, 0x24, 0x53, 0x87, 0xF0, 0x39, 0x15, 0xB1, 0x4E, 0x4A, 0x2B, 0x28,
    0x84, 0xA5, 0xAC, 0xE4, 0x82, 0xFC, 0xC8, 0x3D, 0xA4, 0x64, 0x30, 0xD6, 0xD9, 0x9D, 0xD2, 0x01,
    0xA7, 0x40, 0xA6, 0xA3, 0x15, 0xF6, 0x93, 0xE6, 0x3D, 0x63, 0xD5, 0x92, 0x5B, 0x61, 0xE8, 0x4E,
    0x64, 0x08, 0x46, 0xD1, 0xF9, 0x86, 0x6E, 0x27, 0x23, 0x9F, 0x15, 0x53, 0x37, 0x7C, 0x14, 0x0B,
    0xC2, 0xE8, 0xBA, 0xC3, 0xD4, 0xF8, 0xE6, 0x3D, 0xAD, 0x18, 0x53, 0x38, 0xF1, 0x54, 0xFA, 0x2C,
    0x50, 0x3D, 0x67, 0x8C, 0x37, 0xD2, 0xEE, 0x95, 0xCF, 0xFF, 0x6A, 0x3F, 0x4C, 0x39, 0x1E, 0xB8,
    0xA2, 0xBD, 0x9F, 0x0F, 0xF1, 0x3C, 0x93, 0x73, 0x1F, 0x56, 0x27, 0x37, 0x9F, 0xD0, 0x8E, 0x50,
    0x21, 0x92, 0x6A, 0xC5, 0x0C, 0xCB, 0x64, 0x28, 0xA7, 0x90, 0x41, 0xC5, 0x7A, 0x13, 0xDD, 0xB4,
    0xAA, 0xC9, 0xD4, 0x9B, 0xEC, 0xE2, 0x96, 0x8A, 0x54, 0xE5, 0x1D, 0xBA, 0x7A, 0x13, 0xCA, 0x53,
    0x32, 0x03, 0xFF, 0x96, 0xE3, 0x71, 0x07, 0x26, 0xF2, 0x1E, 0xD0, 0x93, 0xD3, 0x73, 0xFF, 0x9C,
    0xEC, 0x43, 0x05, 0x07, 0x8F, 0xC6, 0x44, 0x99, 0x9E, 0x52, 0x89, 0x7D, 0xE6, 0xB4, 0x1C, 0xD1,
    0x55, 0x9A, 0x4F, 0x41, 0x95, 0xAF, 0x8C, 0x2F, 0xCA, 0x4B, 0x7A, 0x85, 0xF7, 0xF9, 0x23, 0xA9,
    0x20, 0x05, 0x96, 0xB6, 0x56, 0x59, 0x49, 0xA5, 0x17, 0x99, 0xB7, 0x67, 0x6C, 0x79, 0x02, 0xF4,
    0xBA, 0xB3, 0x33, 0x89, 0x62, 0x61, 0x7A, 0xB5, 0xAC, 0xB7, 0xA1, 0x70, 0x76, 0x8C, 0x85, 0x37,
    0x52, 0x6B, 0x66, 0x54, 0x38, 0x50, 0xE2, 0xC3, 0x4A, 0x0D, 0xB2, 0xF5, 0xCA, 0x1D, 0x82, 0x1E,
    0xE3, 0x9D, 0xAD, 0x90, 0xAB, 0xE2, 0x5A, 0xF7, 0xE1, 0xD1, 0x12, 0x17, 0x29, 0xBE, 0x8A, 0x7D,
    0x3B, 0x46, 0x16, 0xF4, 0xFC, 0x46, 0xA5, 0xC5, 0xB9, 0x16, 0xC6, 0x3E, 0xED, 0x46, 0x41, 0x4F,
    0x6D, 0x14, 0xDE, 0x0A, 0x90, 0x3D, 0x6C, 0x65, 0xB4, 0xE2, 0x98, 0x27, 0x7F, 0xA5, 0x4E, 0xCF,
    0xF2, 0xC1, 0xD7, 0x24, 0xFC, 0xB4, 0x4A, 0xEC, 0xF1, 0x34, 0x85, 0xF3, 0x64, 0x34, 0xCC, 0x6A,
    0x89, 0xDB, 0x8F, 0xB7, 0xF1, 0x30, 0xB9, 0x0A, 0xD3, 0x2D, 0xE7, 0x79, 0x2A, 0x8C, 0x4B, 0x7C,
    0x50, 0x17, 0x7F, 0x05, 0x05, 0x1D, 0xFE, 0x53, 0xE1, 0xD7, 0x65, 0xD2, 0x79, 0x8C, 0xF2, 0x29,
    0xBD, 0x94, 0xF3, 0xCB, 0xE7, 0xA4, 0xE4, 0xC6, 0x27, 0x25, 0x05, 0x9C, 0x45, 0x88, 0x30, 0x7D,
    0xB2, 0x52, 0xA8, 0xDC, 0x84, 0x46, 0xBA, 0x4F, 0x84, 0x1D, 0xDC, 0x35, 0xE4, 0x64, 0x77, 0x9A,
    0xBB, 0x7E, 0xFF, 0xFF, 0xC9, 0xA9, 0x8E, 0x2B, 0x9E, 0xE8, 0xFF, 0x93, 0x4B, 0x5D, 0xA1, 0x67,
    0xBA, 0x08, 0xDE, 0xEA, 0xF8, 0x60, 0x76, 0x32, 0x21, 0x79, 0xA5, 0xF8, 0x35, 0x64, 0xF8, 0x9A,
    0x39, 0x2B, 0x76, 0x50, 0x71, 0xDC, 0x57, 0xCC, 0x96, 0x8A, 0xF5, 0x52, 0xB1, 0x7B, 0xEC, 0x8A,
    0xCF, 0xBC, 0x22, 0xD7, 0xB9, 0x5B, 0xFE, 0x4F, 0x72, 0x01, 0xF9, 0x13, 0xFD, 0xA3, 0xED, 0x61,
    0x57, 0x3B, 0xEA, 0xF8, 0xB9, 0x59, 0x92, 0x73, 0xCA, 0xB1, 0x32, 0x8B, 0xC4, 0x7D, 0xC8, 0x95,
    0x31, 0xBA, 0x60, 0xE2, 0xE6, 0x1D, 0x9E, 0xB2, 0xBC, 0xC0, 0x18, 0x97, 0xC7, 0x55, 0x72, 0x89,
    0x60, 0x82, 0x7A, 0x70, 0x2E, 0xD1, 0x5E, 0xF8, 0xF4, 0xCF, 0x65, 0xCA, 0x5C, 0x90, 0x92, 0x41,
    0x09, 0x56, 0x53, 0x33, 0xD4, 0x49, 0x9D, 0xD6, 0x9A, 0x87, 0xD4, 0x8E, 0xA2, 0xA0, 0x94, 0xE9,
    0x9F, 0xD2, 0x9B, 0x9C, 0xC4, 0xC7, 0xDC, 0xAF, 0xC1, 0xA9, 0x1A, 0x20, 0x0E, 0x3C, 0xE9, 0x19,
    0xE8, 0xF1, 0x5E, 0x21, 0x30, 0x67, 0x03, 0xFA, 0x63, 0xE5, 0x97, 0xDD, 0x90, 0xCE, 0x47, 0x7F,
    0x50, 0x5D, 0x74, 0x05, 0xDD, 0x05, 0xE8, 0x30, 0x7F, 0xA3, 0xF3, 0x04, 0xD7, 0x7E, 0x21, 0xF9,
    0x0F, 0x33, 0xA6, 0x8F, 0xA0, 0xDE, 0xCB, 0xCC, 0x6B, 0xC7, 0xA4, 0x35, 0xD6, 0xEE, 0x3A, 0x39,
    0xEF, 0x1A, 0x0D, 0xB5, 0xD2, 0x40, 0x5A, 0x4F, 0xF0, 0x00, 0x43, 0x75, 0xCE, 0xFD, 0x14, 0x95,
    0xE9, 0x0B, 0x28, 0x38, 0x72, 0x17, 0x74, 0x15, 0xFF, 0x22, 0xC5, 0x3B, 0x99, 0x53, 0x77, 0x89,
    0xBB, 0x4F, 0x60, 0x18, 0xF6, 0x69, 0x7D, 0xF8, 0xB8, 0x17, 0x3A, 0x7B, 0xF8, 0x13, 0x77, 0xFB,
    0x59, 0x2F, 0x49, 0x47, 0x44, 0x62, 0x80, 0x2A, 0x3F, 0x86, 0x1A, 0xFC, 0x76, 0x34, 0x73, 0xEE,
    0xF6, 0x52, 0x16, 0x7D, 0xE5, 0xF3, 0x35, 0x3A, 0x81, 0xB4, 0xC3, 0xCD, 0x84, 0x06, 0x65, 0xBD,
    0x98, 0xF6, 0xAB, 0x7C, 0x0E, 0x3C, 0x3D, 0x58, 0xE5, 0x21, 0x9F, 0xCB, 0xC1, 0x4E, 0xDB, 0x23,
    0x3E, 0x5F, 0x60, 0xF1, 0x13, 0x50, 0xFE, 0xCE, 0xA9, 0x59, 0x56, 0x59, 0x10, 0x6B, 0x3A, 0xAE,
    0x72, 0x9C, 0x53, 0xB4, 0xCC, 0xE7, 0x32, 0x8B, 0x8B, 0xAD, 0x28, 0xEB, 0x85, 0x4D, 0x81, 0xFC,
    0x63, 0x17, 0x6C, 0x0B, 0xA6, 0xF1, 0x1C, 0x2A, 0xFF, 0xF1, 0x60, 0x95, 0xC5, 0x4A, 0x4E, 0x8D,
    0x04, 0x51, 0x67, 0x05, 0x6B, 0x65, 0xF5, 0x1A, 0x48, 0x65, 0x43, 0x90, 0xC5, 0xE3, 0x62, 0xED,
    0x3E, 0x92, 0xDE, 0x7C, 0xDB, 0xBD, 0x4F, 0xEF, 0xA7, 0x38, 0xBC, 0x78, 0x6F, 0xAD, 0x13, 0x82,
    0xDB, 0x5F, 0xFE, 0x93, 0x4E, 0x31, 0x79, 0xF5, 0xE1, 0x35, 0xBC, 0x2A, 0x17, 0x5E, 0x89, 0x43,
    0xC9, 0x01, 0xD1, 0x03, 0x55, 0xB1, 0xEE, 0x37, 0xA1, 0x99, 0x3A, 0x58, 0x89, 0x57, 0xC9, 0xC3,
    0x74, 0xD8, 0x67, 0x1A, 0x37, 0x30, 0x56, 0x5D, 0x34, 0x9F, 0xC1, 0xD7, 0x71, 0xD8, 0x55, 0x3C,
    0xE4, 0x31, 0x50, 0x79, 0x8D, 0x30, 0x5C, 0x21, 0xA8, 0xE4, 0x3E, 0x06, 0x9F, 0x95, 0x8A, 0x09,
    0xB2, 0xFB, 0x00, 0xF2, 0x47, 0x7B, 0x40, 0xDB, 0xA0, 0xE3, 0x80, 0x27, 0x20, 0xCF, 0x17, 0x30,
    0xC3, 0xBD, 0xEB, 0xCB, 0x36, 0x0D, 0x0C, 0xC9, 0xDB, 0x2F, 0xFF, 0x33, 0xD1, 0x7D, 0x1D, 0x97,
    0xD2, 0xCD, 0xE7, 0x97, 0xA4, 0xDE, 0xE7, 0x59, 0x9F, 0x0C, 0x91, 0x75, 0xEA, 0xBB, 0x65, 0xBC,
    0xD0, 0xA4, 0x3C, 0xC3, 0x31, 0x51, 0x77, 0x2B, 0x7D, 0xC6, 0xD2, 0x3B, 0xBA, 0x49, 0x0D, 0xCF,
    0x9D, 0x0A, 0xD7, 0xC2, 0xE4, 0x40, 0xC7, 0x31, 0xB5, 0xCF, 0x68, 0x38, 0x95, 0x07, 0x57, 0xCA,
    0xDB, 0x67, 0xC3, 0x7D, 0x06, 0x4F, 0x8E, 0x2C, 0xCF, 0x97, 0x9D, 0x72, 0x85, 0xD0, 0x09, 0xB4,
    0x95, 0xB3, 0x55, 0xD1, 0x3C, 0xEB, 0x54, 0xA1, 0x2B, 0x43, 0x82, 0xFE, 0xF6, 0x7F, 0x61, 0xFD,
    0xE5, 0x9F, 0x5D, 0x43, 0xCF, 0xE7, 0x63, 0xCA, 0x11, 0xA1, 0x62, 0x0A, 0x06, 0x0C, 0x13, 0xE1,
    0x9E, 0x4D, 0xA5, 0xDE, 0x89, 0x60, 0xAE, 0xD8, 0x9F, 0x36, 0x6B, 0xFB, 0xBE, 0xAA, 0xC2, 0x4F,
    0xA1, 0xFE, 0xBA, 0xC4, 0xC5, 0x2F, 0xF1, 0x79, 0x0A, 0xE5, 0x1C, 0x16, 0xE8, 0xC0, 0xA5, 0xB6,
    0x18, 0x4E, 0xAC, 0xEC, 0xCB, 0xEE, 0x50, 0x65, 0x46, 0x4F, 0xDA, 0x2B, 0x2A, 0xD3, 0x51, 0x65,
    0x9A, 0xAD, 0xF3, 0xBA, 0x3D, 0x1D, 0xAA, 0xFE, 0xCC, 0x45, 0x18, 0xA3, 0x2F, 0x01, 0xEA, 0xF4,
    0x8B, 0x80, 0xFA, 0xE5, 0x4B, 0x40, 0x2D, 0x46, 0xFC, 0x97, 0x12, 0xDB, 0xDE, 0xF9, 0x32, 0xA9,
    0xDA, 0x9D, 0xEE, 0xA5, 0x79, 0x4C, 0x68, 0xB1, 0x2E, 0xE8, 0x89, 0xF2, 0x05, 0x07, 0xF9, 0x3A,
    0xAF, 0xC1, 0x6B, 0xD0, 0x52, 0x21, 0xBA, 0xBD, 0x72, 0x34, 0xC7, 0x84, 0xD3, 0xC8, 0x7D, 0x10,
    0xFC, 0xB2, 0xEB, 0x89, 0xA4, 0x7D, 0x3C, 0xBF, 0x0B, 0x03, 0x80, 0x9D, 0x98, 0x0D, 0xC8, 0x6E,
    0x11, 0x02, 0xCB, 0x2D, 0xE1, 0x7E, 0x16, 0xEE, 0x9F, 0xE2, 0x42, 0x16, 0x36, 0xD4, 0x90, 0x67,
    0x12, 0xEA, 0xF6, 0xF6, 0x97, 0x5F, 0xD1, 0x94, 0xD1, 0x4F, 0xC5, 0x74, 0x46, 0x86, 0x72, 0xB6,
    0xDF, 0xD2, 0xB8, 0x33, 0x7A, 0x01, 0xDE, 0x3E, 0x24, 0x90, 0xD7, 0x3A, 0x3D, 0xD3, 0x89, 0x7C,
    0x39, 0xAD, 0x00, 0xCF, 0x51, 0x1D, 0x4D, 0xA9, 0x2B, 0x19, 0xD8, 0x11, 0xE9, 0x98, 0x8A, 0x2C,
    0x16, 0x4B, 0x20, 0xDF, 0x7D, 0x7F, 0xE5, 0x3C, 0xA5, 0x3B, 0xBA, 0x8E, 0xEB, 0xDC, 0xE6, 0x2A,
    0x9B, 0xD5, 0x7C, 0x32, 0xF7, 0x58, 0xC4, 0x0B, 0xB7, 0x0E, 0xEF, 0x12, 0x04, 0x1F, 0x4B, 0xAE,
    0x2A, 0x81, 0xF6, 0x55, 0x54, 0xEE, 0x8A, 0x87, 0x36, 0x7A, 0x2D, 0x60, 0x0A, 0x96, 0xD2, 0xF0,
    0x80, 0x4D, 0x31, 0x34, 0x60, 0x88, 0x2E, 0x4F, 0x03, 0xB7, 0xC5, 0x55, 0x0C, 0x56, 0x30, 0xF5,
    0xB7, 0x09, 0x1A, 0xEF, 0xF1, 0xD4, 0xE7, 0x91, 0x62, 0xF8, 0x41, 0xAF, 0xBA, 0x04, 0xC7, 0x29,
    0xA6, 0x26, 0x6C, 0x97, 0x60, 0x93, 0xAF, 0x44, 0xE9, 0x08, 0x1D, 0x61, 0x98, 0x77, 0x11, 0xD1,
    0xFB, 0x19, 0xB3, 0x7A, 0x10, 0x17, 0xC6, 0xEA, 0xE3, 0x5A, 0x47, 0x3C, 0x13, 0xFC, 0x2F, 0x9E,
    0xBE, 0xA3, 0x25, 0xDF, 0x82, 0x89, 0xDD, 0x47, 0x9C, 0xDB, 0x8B, 0x90, 0x4F, 0x18, 0xB9, 0x0B,
    0x60, 0x17, 0xA2, 0x3E, 0xF7, 0x81, 0x87, 0xAB, 0x77, 0xA8, 0x1C, 0xA5, 0xFB, 0xB5, 0xD3, 0x2B,
    0x23, 0x6B, 0x8E, 0xCF, 0xF7, 0x67, 0x18, 0xC5, 0x8F, 0x3A, 0x54, 0x80, 0x55, 0xE6, 0x5B, 0x17,
    0x31, 0x3C, 0xB4, 0x46, 0x89, 0x84, 0x81, 0x68, 0x06, 0x79, 0x7B, 0x93, 0x7C, 0x78, 0x8F, 0xFA,
    0xF5, 0x99, 0x8E, 0xFF, 0x5C, 0x98, 0x7E, 0xBC, 0x78, 0xDD, 0xC1, 0xF5, 0xEE, 0xC2, 0x83, 0x52,
    0xE7, 0x9B, 0x17, 0x8C, 0x36, 0xDF, 0x26, 0x98, 0xBC, 0xE0, 0x81, 0xB1, 0x67, 0xA7, 0x63, 0xC9,
    0xD3, 0xC3, 0x2C, 0x1F, 0xF6, 0xAF, 0x53, 0x24, 0x3A, 0xA1, 0xF1, 0x3F, 0x23, 0xE5, 0x54, 0x84,
    0x2E, 0xE0, 0x42, 0x2D, 0x80, 0xF8, 0xAF, 0xA2, 0xB9, 0xFF, 0xC9, 0xE3, 0x7F, 0x14, 0xB2, 0x9E,
    0x72, 0x1C, 0x7C, 0xE0, 0xE6, 0x83, 0xB5, 0xDE, 0x84, 0xF0, 0xC0, 0xAC, 0x7D, 0x7C, 0x25, 0x90,
    0xF1, 0x50, 0x23, 0x4F, 0xD9, 0xBF, 0x66, 0xE2, 0x3D, 0x72, 0x06, 0x9F, 0xB3, 0x59, 0xF5, 0x2E,
    0xB3, 0x7F, 0xE1, 0x04, 0xDB, 0x3C, 0x1E, 0x5D, 0x3A, 0xCB, 0xD0, 0xAE, 0x60, 0xD6, 0x3A, 0xFF,
    0xB5, 0x43, 0xB8, 0x55, 0x73, 0xB6, 0x98, 0xC6, 0x6E, 0x47, 0xC9, 0xC8, 0x0F, 0x2E, 0xE6, 0xEB,
    0xCD, 0x6A, 0xF2, 0x8E, 0xBA, 0x32, 0xB1, 0x53, 0xC8, 0x42, 0x33, 0x46, 0xAC, 0x2F, 0x5F, 0x8A,
    0x5E, 0x2B, 0xF3, 0x73, 0x0A, 0xC9, 0x14, 0x94, 0x6C, 0xF4, 0x27, 0xFC, 0xEB, 0x59, 0x90, 0x8F,
    0xDB, 0xE8, 0x6A, 0x7D, 0x64, 0xC4, 0x68, 0x87, 0x01, 0x15, 0x3D, 0x1D, 0xF3, 0x23, 0x6C, 0xDE,
    0x6D, 0x2C, 0xEF, 0x4D, 0x7F, 0xDF, 0xBF, 0xFF, 0x0D, 0xB2, 0xB6, 0xF1, 0xCC, 0x09, 0x11, 0xA5,
    0x96, 0xBF, 0xBA, 0x51, 0xC9, 0x6A, 0xCE, 0x83, 0x8C, 0xA8, 0x54, 0x51, 0x39, 0x67, 0x1A, 0xC7,
    0xE6, 0x46, 0xA5, 0x5C, 0xAB, 0x5A, 0xE1, 0xFB, 0xC7, 0x5A, 0xF9, 0x3E, 0xDB, 0xB7, 0x66, 0xA8,
    0x8C, 0xA6, 0xAC, 0x84, 0x2F, 0xF6, 0x50, 0xAF, 0x1D, 0x85, 0x97, 0x0A, 0x20, 0x4C, 0x30, 0x42,
    0x0C, 0x06, 0xCE, 0xE9, 0xA2, 0xFF, 0x1F, 0xD5, 0x5A, 0x3D, 0x8C, 0xE5, 0x56, 0x15, 0x3E, 0x7E,
    0xDE, 0x19, 0xA3, 0xB5, 0x58, 0x6F, 0x91, 0x41, 0x28, 0x2B, 0x64, 0x0A, 0x0A, 0x48, 0x60, 0xDD,
    0x50, 0xD0, 0xEC, 0x5C, 0x03, 0x42, 0x14, 0x14, 0x4C, 0x31, 0x23, 0x90, 0xB6, 0x08, 0x05, 0x05,
    0x4A, 0x33, 0x94, 0x14, 0x83, 0x6C, 0x41, 0x41, 0xC9, 0x76, 0x14, 0x14, 0x6C, 0x11, 0x21, 0x32,
    0x5B, 0x6C, 0x43, 0x91, 0x22, 0xC4, 0xDE, 0xA4, 0x48, 0x91, 0x02, 0x0B, 0x84, 0x52, 0xD0, 0x58,
    0x24, 0xA9, 0xB6, 0x58, 0x13, 0x9C, 0xC4, 0x9B, 0xB5, 0x7D, 0x38, 0xDF, 0x39, 0xF6, 0x9B, 0x37,
    0x7F, 0x81, 0x4D, 0xF4, 0x92, 0x9D, 0xF7, 0xF3, 0x5D, 0x3F, 0xBF, 0xEB, 0x7B, 0xCF, 0xB9, 0xF7,
    0xDC, 0xF3, 0x77, 0x2F, 0x51, 0x52, 0x16, 0x0D, 0xCB, 0xBB, 0xA8, 0x93, 0x9C, 0xF4, 0xE5, 0x4A,
    0x7D, 0x57, 0x59, 0x95, 0xD5, 0x45, 0x5D, 0x34, 0xF6, 0xFF, 0xFC, 0x46, 0x8D, 0x43, 0x00, 0xCF,
    0x10, 0x72, 0x45, 0x54, 0xF0, 0x48, 0x3E, 0x33, 0xE7, 0xA1, 0x40, 0x19, 0x0B, 0x90, 0x1B, 0x0F,
    0x7E, 0x49, 0xAE, 0x3B, 0xB8, 0x44, 0x59, 0x73, 0x20, 0x35, 0x8E, 0x43, 0xD6, 0x0A, 0xB8, 0xE1,
    0xE0, 0xEB, 0x94, 0xF0, 0xC8, 0x14, 0xE1, 0x59, 0x34, 0x50, 0x12, 0x9E, 0x95, 0x9B, 0x2D, 0x91,
    0xC7, 0xC7, 0x3A, 0xA2, 0xFD, 0x87, 0x02, 0x01, 0xEA, 0xC8, 0xFF, 0x20, 0x25, 0x63, 0x54, 0xD3,
    0xA7, 0x88, 0xDB, 0xEB, 0x78, 0x42, 0xAE, 0x68, 0xC1, 0x60, 0xC5, 0x5B, 0xC1, 0x0D, 0xFE, 0xC7,
    0xAE, 0x3E, 0xC4, 0x2B, 0x38, 0x82, 0x59, 0x65, 0x28, 0x69, 0x81, 0xB1, 0x62, 0x64, 0x77, 0x1A,
    0xED, 0x6A, 0xA4, 0xAF, 0x92, 0x93, 0xFA, 0x83, 0x22, 0x13, 0x18, 0xE3, 0x3C, 0xBA, 0xB5, 0xAF,
    0x0F, 0xD3, 0xFE, 0x2D, 0xE0, 0x25, 0x5A, 0x54, 0x74, 0x9D, 0xC2, 0xF7, 0xC7, 0x22, 0x47, 0xE3,
    0x35, 0xA0, 0xC2, 0x40, 0xA4, 0x3E, 0xDF, 0x64, 0x0A, 0x87, 0x85, 0x40, 0xEF, 0x71, 0xAA, 0x10,
    0x8C, 0x3E, 0xCB, 0x58, 0x3D, 0x30, 0xA6, 0x4B, 0x34, 0x5C, 0xA3, 0xDD, 0x32, 0x68, 0x76, 0x1D,
    0x79, 0x25, 0x7D, 0x8E, 0xB6, 0x84, 0xD8, 0x8D, 0x3D, 0xE9, 0x13, 0x74, 0x4A, 0xB5, 0x9C, 0xB2,
    0x5E, 0xA8, 0xA9, 0x84, 0x49, 0x61, 0xAE, 0x59, 0x80, 0x77, 0xEE, 0x7C, 0x30, 0xEB, 0x86, 0x88,
    0x53, 0x54, 0x8B, 0x31, 0x44, 0xD2, 0x62, 0x2F, 0x85, 0x0C, 0x64, 0xA7, 0xBC, 0xDB, 0x7C, 0x15,
    0x3A, 0x2A, 0xD2, 0x1C, 0x86, 0xE2, 0x72, 0xC1, 0x98, 0x3F, 0xF4, 0x98, 0x2E, 0x0B, 0x79, 0x10,
    0x35, 0x2E, 0xDF, 0x3D, 0xFF, 0xBF, 0xB3, 0x0A, 0xD7, 0x9C, 0xF7, 0x7E, 0xE6, 0x36, 0x4D, 0xAF,
    0x67, 0x6E, 0x9F, 0x5F, 0x8B, 0xAE, 0x09, 0x49, 0x1E, 0x88, 0x0D, 0x30, 0xBA, 0x18, 0x8F, 0x34,
    0x1A, 0xBF, 0x3F, 0x50, 0xDC, 0xD3, 0xB7, 0x00, 0xE8, 0x27, 0x05, 0x74, 0xCA, 0x54, 0x25, 0xC2,
    0x26, 0x0C, 0x62, 0xC8, 0xA8, 0x78, 0x58, 0x70, 0xCE, 0x75, 0xC0, 0x25, 0xD7, 0x24, 0xD0, 0x09,
    0x14, 0xFC, 0x26, 0xE7, 0x6E, 0x6A, 0xAA, 0x43, 0xCB, 0x2D, 0xE4, 0x13, 0xED, 0x64, 0xA3, 0x11,
    0x1D, 0xA5, 0xE1, 0x48, 0xEE, 0xE1, 0xFE, 0x28, 0xA3, 0x62, 0x4D, 0xB5, 0x68, 0xB4, 0x32, 0xE9,
    0xBA, 0x9C, 0x5E, 0x4E, 0x41, 0x18, 0xA4, 0xBE, 0x68, 0x8B, 0x36, 0x6B, 0xB2, 0x26, 0xA9, 0x92,
    0xCA, 0x58, 0x49, 0x74, 0x00, 0x17, 0x10, 0x07, 0x8C, 0xCE, 0x5D, 0xFC, 0x2C, 0x2A, 0xC8, 0x8A,
    0x27, 0x77, 0xFC, 0x9E, 0xFC, 0xC6, 0x7B, 0x91, 0x06, 0x8A, 0xAA, 0x98, 0x6B, 0x47, 0x51, 0x9E,
    0x71, 0x13, 0xE7, 0x89, 0x90, 0x51, 0x47, 0xA5, 0xF3, 0xF9, 0x51, 0x19, 0x96, 0xDB, 0x32, 0xF9,
    0x69, 0x50, 0xDD, 0x08, 0xF0, 0x44, 0x7D, 0x23, 0xD4, 0x62, 0x3B, 0x10, 0xEA, 0xFC, 0x4A, 0xFE,
    0x4B, 0xF3, 0xA0, 0x72, 0xE0, 0x34, 0x2C, 0x93, 0x54, 0xA6, 0x2F, 0x2A, 0xE5, 0x49, 0x6E, 0x92,
    0x34, 0xAC, 0x65, 0x9D, 0x65, 0xE4, 0x77, 0x74, 0xD5, 0x13, 0x7E, 0xA4, 0x7E, 0x28, 0xBC, 0xB9,
    0xB7, 0x41, 0x80, 0x0D, 0x1C, 0xD9, 0x48, 0xCA, 0x6B, 0xF3, 0x45, 0xA3, 0x37, 0x18, 0x44, 0x2A,
    0x58, 0x58, 0x74, 0xAF, 0x72, 0x96, 0x73, 0x91, 0x03, 0xDD, 0xDF, 0x71, 0x47, 0xEE, 0x07, 0xDD,
    0x68, 0xD5, 0xAE, 0x53, 0x2C, 0xE3, 0x23, 0x2B, 0x1E, 0xC3, 0x58, 0xFA, 0xBC, 0x10, 0x41, 0x1D,
    0x03, 0x11, 0xF6, 0x3E, 0xEA, 0x31, 0xC5, 0xAD, 0xAC, 0xD8, 0xAC, 0x21, 0xD7, 0xBA, 0x0E, 0xF7,
    0x06, 0xD2, 0x7F, 0x7D, 0xFE, 0x8E, 0xF0, 0x2F, 0x63, 0x5E, 0x91, 0xCB, 0x5D, 0x49, 0x5F, 0xA2,
    0x2B, 0xD6, 0x5C, 0xC1, 0xA7, 0x5F, 0x7A, 0x4F, 0x05, 0xF3, 0x1C, 0x58, 0x1C, 0x92, 0x87, 0xC5,
    0x94, 0x49, 0x9B, 0x3E, 0xC4, 0x36, 0xAA, 0x17, 0x3D, 0x25, 0xDF, 0xDB, 0xD9, 0xA6, 0x6D, 0x37,
    0xC4, 0xF4, 0xB2, 0xE3, 0x28, 0xEF, 0x5C, 0x12, 0x96, 0xAD, 0xE3, 0x40, 0xA0, 0x0F, 0xCA, 0x97,
    0xDC, 0x76, 0x58, 0x1E, 0x38, 0x17, 0xE5, 0xDB, 0x49, 0xBC, 0x4F, 0x71, 0x4E, 0xAF, 0xC8, 0xA0,
    0x04, 0x3D, 0x66, 0xA8, 0xC6, 0x6C, 0xA5, 0x93, 0x04, 0x1E, 0x1E, 0x8A, 0xA2, 0xB0, 0x8F, 0x37,
    0xA6, 0x91, 0xCC, 0x0D, 0x77, 0xD9, 0xFD, 0xBE, 0x58, 0x0C, 0x4C, 0xA3, 0x60, 0xF6, 0xCF, 0x5E,
    0xEE, 0xC8, 0x7D, 0xE1, 0x9C, 0xBC, 0x5D, 0x08, 0x4A, 0x7F, 0x0A, 0xC0, 0x42, 0xC9, 0xC7, 0xE1,
    0x50, 0xD6, 0x4B, 0x7E, 0x56, 0xE5, 0xA3, 0x17, 0x9F, 0xF1, 0xD8, 0xD6, 0xDE, 0xDE, 0x5E, 0xEA,
    0xFD, 0x09, 0x0B, 0xDB, 0x71, 0x55, 0xC8, 0xF4, 0x46, 0xCD, 0xA5, 0xA8, 0x16, 0xCD, 0x0B, 0xF5,
    0x30, 0x50, 0x52, 0xCB, 0x38, 0x34, 0xF2, 0x91, 0x99, 0xDF, 0x82, 0x1A, 0xC8, 0xED, 0xE3, 0x8D,
    0x98, 0xF4, 0x58, 0xD6, 0x88, 0x2C, 0x68, 0xA9, 0x94, 0xD4, 0xFA, 0x78, 0x29, 0xB2, 0xED, 0xED,
    0x68, 0x6F, 0x07, 0xB4, 0x18, 0xB1, 0x64, 0xE4, 0x8E, 0x0C, 0xC1, 0x36, 0xD1, 0x55, 0x21, 0xBC,
    0x16, 0xAD, 0x58, 0x34, 0x8F, 0x0F, 0x0B, 0x80, 0x28, 0x99, 0x62, 0x88, 0xB1, 0xB4, 0x78, 0x09,
    0x03, 0xA0, 0x15, 0x78, 0x0F, 0xD3, 0xDD, 0x9C, 0x86, 0xE7, 0x55, 0x2F, 0x6E, 0x80, 0x4D, 0x1D,
    0x80, 0x3A, 0xE0, 0x59, 0xCB, 0x61, 0xF0, 0xB1, 0x64, 0x33, 0xC5, 0xE2, 0x1C, 0x74, 0x2B, 0x18,
    0x29, 0x06, 0x8A, 0x50, 0x65, 0x82, 0xFE, 0xC7, 0x41, 0x59, 0xD9, 0x6A, 0xCD, 0x8A, 0xC6, 0x55,
    0x1B, 0xB2, 0x54, 0xC3, 0x2A, 0xAA, 0x44, 0x8C, 0x98, 0xF8, 0x1A, 0xBB, 0xC1, 0xD5, 0x57, 0x75,
    0x6D, 0xC7, 0xB2, 0x3A, 0x12, 0xBE, 0x22, 0x77, 0x8F, 0xBD, 0x31, 0xAE, 0x58, 0xD4, 0xDC, 0x16,
    0xBF, 0xE9, 0xD9, 0xEF, 0x59, 0x64, 0xC7, 0xEF, 0xE5, 0x5A, 0x04, 0x47, 0xEE, 0x2F, 0xC6, 0xD4,
    0x23, 0x4F, 0x94, 0x82, 0xE8, 0x17, 0x2A, 0xCA, 0xAC, 0xA4, 0xAC, 0x16, 0xF5, 0x96, 0x74, 0xA2,
    0xC3, 0xA2, 0x41, 0x34, 0x4E, 0xC0, 0xB2, 0xB6, 0x17, 0x7C, 0x8F, 0x65, 0x8A, 0x4B, 0xAE, 0xB0,
    0x78, 0x4A, 0x5D, 0x46, 0x91, 0x2D, 0x32, 0xB1, 0x40, 0x45, 0xE5, 0x44, 0x04, 0xF2, 0xA4, 0xA4,
    0x90, 0x02, 0x3A, 0xF6, 0x12, 0x99, 0xA6, 0xAD, 0x1D, 0x72, 0xBD, 0x1A, 0x2C, 0xE8, 0x33, 0x11,
    0x00, 0xF9, 0x05, 0xE3, 0xF6, 0x6C, 0xAF, 0x2B, 0x48, 0xB4, 0x0F, 0x04, 0x4F, 0x8A, 0xB8, 0xD3,
    0x02, 0x96, 0x4D, 0x0A, 0xA8, 0x7E, 0xBF, 0x57, 0x2B, 0xE8, 0xF7, 0xB6, 0xDE, 0xD0, 0x23, 0x84,
    0x3C, 0xEE, 0xFC, 0x41, 0x95, 0x78, 0x84, 0x82, 0xCB, 0x64, 0x50, 0x73, 0x59, 0x40, 0x25, 0xB1,
    0x07, 0x25, 0x17, 0xF5, 0xFE, 0xC3, 0x01, 0x15, 0xA3, 0xF7, 0xC7, 0x54, 0x2A, 0xC6, 0x50, 0x94,
    0x5C, 0xCA, 0x8C, 0x54, 0x9E, 0x9A, 0xFA, 0x52, 0xBB, 0x1E, 0xAC, 0xEB, 0x81, 0xD6, 0x4C, 0xF5,
    0xE2, 0x05, 0xA5, 0x3A, 0x31, 0xD3, 0xA3, 0x56, 0x4D, 0x46, 0x54, 0x0A, 0xA9, 0x78, 0x20, 0x2A,
    0x08, 0x15, 0xA5, 0xD0, 0xD5, 0x9A, 0xA2, 0x45, 0x7F, 0xD4, 0xAE, 0xA3, 0x4E, 0xBB, 0xCE, 0xB4,
    0xA2, 0x08, 0x64, 0x85, 0x8A, 0x52, 0xA0, 0xA2, 0x14, 0x1B, 0x7B, 0xAA, 0x28, 0x62, 0xB4, 0xB7,
    0xA7, 0x85, 0xCF, 0x5A, 0x40, 0x39, 0x4F, 0x0D, 0x19, 0x0F, 0x58, 0x77, 0x05, 0x8C, 0x50, 0xAD,
    0xA4, 0x45, 0x0D, 0x1A, 0xBA, 0x14, 0x35, 0xA8, 0x18, 0x8B, 0xAE, 0xEF, 0x60, 0x64, 0x2B, 0xF0,
    0x20, 0xCA, 0xA7, 0xA8, 0x36, 0x52, 0xDA, 0x95, 0x8A, 0xA2, 0x58, 0xD1, 0x22, 0x6C, 0x0C, 0x5C,
    0x81, 0x0A, 0x3C, 0xA8, 0xD3, 0x84, 0x01, 0x85, 0xEF, 0x54, 0xB9, 0x3F, 0x54, 0x20, 0x8D, 0xF7,
    0xDF, 0xD6, 0x91, 0x97, 0xA1, 0x92, 0x16, 0x51, 0x48, 0x8B, 0x05, 0xDB, 0xA8, 0x48, 0x2B, 0x50,
    0xF5, 0xAE, 0x3A, 0x36, 0xC6, 0x20, 0x4C, 0xE8, 0x99, 0x0D, 0xB2, 0x02, 0x8C, 0x09, 0x79, 0xDD,
    0xF1, 0xC9, 0xE8, 0xE7, 0xCA, 0x4E, 0x67, 0x79, 0x34, 0xEF, 0x46, 0x1E, 0x90, 0xF6, 0x12, 0xF5,
    0x84, 0x3A, 0x73, 0x87, 0x6E, 0x8B, 0x6B, 0x26, 0x16, 0xC6, 0xF5, 0xD2, 0x2A, 0x4C, 0x69, 0x1A,
    0xC3, 0x53, 0x0A, 0x61, 0x5A, 0x26, 0xBD, 0x3A, 0x2E, 0x1B, 0xBD, 0x64, 0x45, 0x3C, 0x39, 0x8E,
    0xB5, 0x16, 0xD9, 0x48, 0x2B, 0x4E, 0xC7, 0x26, 0x9B, 0x5B, 0x79, 0x6D, 0x95, 0x98, 0x8D, 0x5D,
    0xF3, 0x21, 0x86, 0xC9, 0xAC, 0xDA, 0xE3, 0x56, 0x64, 0xF6, 0x00, 0xDB, 0xE3, 0x6A, 0x99, 0xD1,
    0x71, 0xA3, 0x96, 0xA2, 0x30, 0xB7, 0x4C, 0x69, 0x8D, 0xC6, 0x44, 0xD5, 0xED, 0x10, 0xA3, 0x99,
    0xA4, 0x37, 0x8F, 0xA4, 0xD3, 0xC1, 0xC8, 0x64, 0x66, 0xF2, 0x49, 0xF9, 0x5A, 0x51, 0xA1, 0x11,
    0x56, 0x5D, 0xC0, 0x68, 0x2D, 0xE0, 0xC3, 0xC3, 0xA2, 0xD3, 0x01, 0x13, 0x91, 0x8C, 0x46, 0xB4,
    0x80, 0x0F, 0x2E, 0x21, 0xB1, 0x93, 0x9B, 0x33, 0x19, 0x7E, 0x45, 0x8F, 0x8F, 0xE4, 0xE4, 0xC8,
    0xA9, 0xB2, 0x71, 0xDE, 0xA6, 0x8B, 0xC8, 0x9F, 0x2E, 0x28, 0xE1, 0x68, 0x75, 0xC6, 0xFC, 0x89,
    0x96, 0x41, 0xDD, 0x61, 0xAF, 0xA2, 0xEA, 0x02, 0x32, 0xB6, 0xA5, 0x0A, 0xCE, 0xE3, 0xB7, 0x56,
    0xBC, 0xE1, 0xD0, 0x68, 0x89, 0xFE, 0x0D, 0x21, 0xA6, 0xCD, 0x5B, 0x9B, 0x17, 0x70, 0xC6, 0xFC,
    0x76, 0xD1, 0xAA, 0x8B, 0xA1, 0x4E, 0x46, 0x3C, 0xE8, 0xCC, 0x4D, 0xC5, 0x74, 0x33, 0x68, 0xFD,
    0xF6, 0x02, 0xCE, 0x58, 0xD0, 0xAE, 0x12, 0x38, 0x53, 0x96, 0x28, 0x65, 0x43, 0x64, 0x04, 0xEE,
    0x97, 0xF6, 0x5F, 0xBA, 0x22, 0xB4, 0x17, 0x40, 0x87, 0xC0, 0xDD, 0xDB, 0x9D, 0x3D, 0xE3, 0xDE,
    0xE2, 0xB2, 0x65, 0x9C, 0x66, 0x17, 0xD1, 0x7C, 0x21, 0xA1, 0xA3, 0x55, 0x76, 0x3C, 0x29, 0x20,
    0x7E, 0x64, 0x17, 0x0B, 0xBE, 0x6F, 0x17, 0x01, 0xBF, 0x31, 0x87, 0x60, 0xA1, 0x12, 0x25, 0x1A,
    0x79, 0xBA, 0xC8, 0xFA, 0xE9, 0x82, 0x1B, 0xBB, 0xF0, 0xF9, 0x9D, 0x9B, 0x42, 0x64, 0xAE, 0xF1,
    0x15, 0xD3, 0xDC, 0x93, 0x0D, 0xD5, 0x74, 0x31, 0xFB, 0xE6, 0xC4, 0xEF, 0xED, 0xDD, 0x94, 0x4B,
    0x89, 0x2B, 0x35, 0xCE, 0x62, 0x69, 0x2C, 0xB7, 0x0B, 0xC4, 0x96, 0x7A, 0x01, 0xE3, 0x11, 0x1A,
    0xA9, 0xCF, 0x8A, 0x47, 0x80, 0x66, 0x5B, 0x6B, 0x6A, 0x1A, 0x28, 0xE5, 0xA8, 0x0C, 0x79, 0xBC,
    0x0B, 0x13, 0x5A, 0xD1, 0xA0, 0x53, 0xF2, 0x15, 0xB5, 0x3A, 0xA0, 0x4F, 0x3B, 0x54, 0x95, 0x59,
    0xB4, 0xA7, 0x50, 0xEF, 0x3B, 0xAD, 0xE3, 0xC6, 0x39, 0xE0, 0xFA, 0xBA, 0x90, 0xDC, 0x7A, 0xA3,
    0x71, 0x90, 0x2E, 0x6C, 0x3A, 0xD4, 0x11, 0x25, 0xB5, 0x4C, 0x18, 0x4D, 0x2C, 0xE8, 0x48, 0xF5,
    0x54, 0x5C, 0x1D, 0xB5, 0x11, 0x8E, 0xA6, 0xB5, 0x81, 0xCF, 0xF2, 0x51, 0xFF, 0x66, 0xA7, 0xAE,
    0x2E, 0x97, 0x48, 0x08, 0x61, 0x81, 0x8F, 0x60, 0x01, 0x5E, 0x02, 0x39, 0xF1, 0xB4, 0xCD, 0xA0,
    0xA4, 0xE5, 0x0C, 0xA6, 0xE0, 0xB2, 0x3A, 0x09, 0xA3, 0x0C, 0xAE, 0x59, 0xCE, 0x13, 0xA0, 0x19,
    0x90, 0x13, 0x30, 0x1E, 0xBE, 0x48, 0xE7, 0x55, 0xAE, 0xCF, 0x82, 0x99, 0x40, 0x90, 0x51, 0x94,
    0x18, 0x6E, 0x8D, 0x6B, 0x6A, 0xAC, 0x79, 0xD0, 0x3C, 0x65, 0x6C, 0x3E, 0x3B, 0xFA, 0x24, 0x88,
    0x81, 0x40, 0xA4, 0xA8, 0x53, 0x93, 0xBA, 0x2C, 0x1E, 0xC3, 0xEF, 0xFB, 0xB9, 0xBC, 0x3F, 0x53,
    0xD2, 0xC4, 0xFF, 0x81, 0x8B, 0x29, 0x7E, 0x57, 0xC8, 0x81, 0x04, 0xB4, 0xB2, 0x56, 0x52, 0x38,
    0xE1, 0xE4, 0xF5, 0x5E, 0xFF, 0x04, 0xCC, 0x2A, 0x6A, 0x88, 0xB4, 0x2D, 0x34, 0xA3, 0x33, 0x4E,
    0x13, 0xFA, 0xF2, 0x4C, 0xD7, 0x8E, 0x08, 0x78, 0xB3, 0xFA, 0x7D, 0x9E, 0x3F, 0xBC, 0xAD, 0xB1,
    0xD5, 0x63, 0x7E, 0x4F, 0xB6, 0x53, 0x4C, 0x29, 0x21, 0xA2, 0x97, 0x64, 0xE2, 0xE0, 0x28, 0x23,
    0x6F, 0x37, 0x92, 0xBA, 0xA5, 0x2D, 0x7D, 0x3A, 0xFD, 0x3F, 0x9D, 0xEB, 0x92, 0x47, 0xBF, 0x31,
    0xB2, 0x85, 0x75, 0x56, 0x5E, 0x9E, 0x42, 0x9E, 0x75, 0xF7, 0x1D, 0xE7, 0x71, 0x9E, 0x35, 0x0E,
    0x09, 0x4F, 0xFD, 0x6A, 0x82, 0x27, 0x37, 0x33, 0xB3, 0xEE, 0xBE, 0x25, 0x1E, 0xDE, 0x31, 0x05,
    0x9C, 0x2B, 0xB6, 0x8A, 0xA3, 0xA9, 0xE4, 0x5C, 0xB1, 0x8A, 0xE0, 0x6A, 0x37, 0x30, 0x25, 0xDC,
    0x01, 0x8B, 0x1E, 0xE8, 0x7A, 0x8D, 0x02, 0x7A, 0xAC, 0xAF, 0x64, 0x58, 0xC5, 0xE7, 0x78, 0x57,
    0xEE, 0x5B, 0x9D, 0x65, 0x7D, 0x11, 0xAA, 0x08, 0x43, 0xDB, 0x68, 0x9B, 0xA5, 0x62, 0x1A, 0x69,
    0x1A, 0x33, 0x52, 0xC3, 0x15, 0x59, 0xF2, 0x93, 0x76, 0x90, 0x36, 0x08, 0xF8, 0xB7, 0x8D, 0x92,
    0xA5, 0xBA, 0x45, 0x73, 0x8A, 0xAF, 0x63, 0x45, 0x3F, 0x4D, 0x4F, 0xCD, 0x1A, 0x52, 0xA2, 0x38,
    0xF9, 0x42, 0xAA, 0x25, 0x78, 0x1E, 0x14, 0xD9, 0xB0, 0x54, 0xAC, 0x15, 0x5B, 0xC5, 0x5E, 0x91,
    0x0D, 0x73, 0xC1, 0x0F, 0xB8, 0x12, 0x7C, 0x1F, 0xA3, 0xED, 0x5A, 0xEE, 0x65, 0xF4, 0x3B, 0x37,
    0x02, 0x63, 0x06, 0xC2, 0x2D, 0x73, 0x9D, 0xAF, 0x48, 0x86, 0x99, 0x62, 0xA2, 0x18, 0x29, 0xFA,
    0x8A, 0x9E, 0xA2, 0xA5, 0x18, 0xFE, 0xFF, 0xC8, 0x23, 0x5E, 0xF5, 0xF3, 0xF6, 0x61, 0xB5, 0x2C,
    0x9A, 0x99, 0xED, 0xD6, 0x64, 0xDA, 0x27, 0x9B, 0x1E, 0xC1, 0x74, 0xF5, 0xB0, 0x5D, 0x1E, 0x9B,
    0xF1, 0x92, 0xEF, 0x64, 0xCC, 0x33, 0x2D, 0x52, 0xD8, 0xA9, 0x40, 0x58, 0x6B, 0x97, 0x85, 0xBF,
    0xFC, 0x95, 0x75, 0x68, 0x3D, 0xB7, 0x07, 0x52, 0x58, 0x31, 0xF1, 0x4C, 0x60, 0x56, 0x0A, 0xCC,
    0x73, 0x1B, 0x70, 0x6F, 0x86, 0xAC, 0x9D, 0x5D, 0x09, 0x35, 0x65, 0xB9, 0x26, 0x5B, 0x07, 0x73,
    0x0D, 0xD4, 0x82, 0x4D, 0xF9, 0x9C, 0x8F, 0x1B, 0x80, 0x5C, 0x30, 0x36, 0x3F, 0x3A, 0x0E, 0x69,
    0x34, 0x0E, 0xF1, 0xAA, 0x8B, 0xCB, 0xDF, 0x53, 0x1F, 0x19, 0x8E, 0x54, 0x1A, 0x8E, 0x6C, 0x5C,
    0xDC, 0xF9, 0xF3, 0x9B, 0x33, 0xA2, 0x92, 0xE4, 0x78, 0x54, 0xD2, 0x04, 0xED, 0x45, 0xE5, 0xCF,
    0x27, 0xCA, 0xA3, 0xD2, 0x17, 0xAB, 0x11, 0xF5, 0x85, 0xB8, 0xC0, 0xA2, 0x24, 0x5B, 0x6C, 0x19,
    0x2C, 0x90, 0x74, 0x47, 0xB6, 0x8C, 0x91, 0x0D, 0x57, 0x3D, 0x2B, 0xDA, 0xB1, 0xE8, 0xB3, 0x36,
    0xE9, 0xE3, 0x2A, 0x6C, 0x82, 0x74, 0x51, 0x2E, 0x39, 0xFE, 0xB2, 0x71, 0xDD, 0x2B, 0xD7, 0x8F,
    0x7A, 0xE3, 0xBA, 0x31, 0xAE, 0xEB, 0xD3, 0x5C, 0xFB, 0xC6, 0x75, 0xC8, 0xCA, 0x75, 0xFC, 0x40,
    0xB9, 0xCE, 0x7E, 0xA8, 0x5C, 0x8F, 0xCA, 0xAE, 0xDF, 0x6B, 0x81, 0x1C, 0x94, 0x14, 0x49, 0xA9,
    0x5C, 0x67, 0xA9, 0x72, 0xAD, 0x39, 0x60, 0xA8, 0x62, 0xE5, 0xBA, 0x39, 0x97, 0x6B, 0xED, 0xD6,
    0x8C, 0x11, 0x32, 0x58, 0xF7, 0x94, 0xEB, 0xE0, 0x84, 0xF2, 0xB1, 0x2C, 0x7A, 0x6B, 0x31, 0x88,
    0x4E, 0xB7, 0xF9, 0xC6, 0x1A, 0xAF, 0x68, 0xB8, 0x23, 0xE3, 0xF4, 0xE7, 0x15, 0x53, 0xE1, 0xED,
    0xA5, 0x19, 0x54, 0x76, 0xB9, 0x0E, 0x74, 0xF0, 0xEA, 0x72, 0x07, 0x86, 0xF2, 0x04, 0x59, 0xF1,
    0xC9, 0x88, 0x5A, 0x54, 0xB2, 0xE0, 0x79, 0x5F, 0xB0, 0xC4, 0x40, 0x3F, 0x5C, 0x49, 0x52, 0x99,
    0x06, 0x55, 0xD3, 0x11, 0xAB, 0xCA, 0x54, 0xFA, 0x83, 0x29, 0x0E, 0xD3, 0x8D, 0x9D, 0x9A, 0x9E,
    0x74, 0x2E, 0x9E, 0x49, 0x69, 0x8E, 0x4D, 0x6C, 0x5B, 0xCB, 0xE9, 0xC6, 0x8F, 0xAB, 0x0A, 0xC1,
    0xCF, 0xD3, 0xE5, 0x27, 0x9C, 0xFE, 0x24, 0x4D, 0x84, 0x4E, 0xAE, 0x34, 0x44, 0xAD, 0x55, 0xFC,
    0x0D, 0xF5, 0x8E, 0x4B, 0x5D, 0x7E, 0x21, 0xA4, 0xE8, 0xC8, 0x1E, 0xD3, 0x69, 0x7B, 0x9C, 0xB5,
    0xA7, 0xEC, 0xF1, 0x3A, 0xB7, 0x73, 0x29, 0x3E, 0x77, 0x77, 0xF6, 0xB1, 0x8B, 0xAD, 0xDD, 0xB3,
    0xA2, 0x98, 0xF1, 0x16, 0xA4, 0xCC, 0x76, 0xC0, 0x8F, 0xC2, 0xA5, 0xC6, 0x8D, 0x77, 0x18, 0x3B,
    0x82, 0xDC, 0xC1, 0x63, 0xEB, 0x05, 0x1C, 0xA0, 0x90, 0x9F, 0xE2, 0x7F, 0x5A, 0x95, 0xB9, 0x32,
    0xF6, 0x64, 0x47, 0x34, 0x50, 0x9F, 0x19, 0x29, 0x89, 0xAF, 0x79, 0xCB, 0x32, 0x34, 0xB6, 0xEB,
    0x5C, 0x93, 0xED, 0xCB, 0x92, 0x65, 0x1A, 0xF8, 0xC3, 0x02, 0x61, 0x65, 0x15, 0x63, 0x66, 0x4A,
    0x6C, 0x97, 0x08, 0x76, 0x40, 0xD7, 0x08, 0xDE, 0xC3, 0xAE, 0x02, 0xBF, 0x8A, 0xB6, 0x05, 0x51,
    0x47, 0xF4, 0x18, 0x6A, 0xC6, 0x9C, 0x2F, 0x90, 0x91, 0x28, 0x17, 0x38, 0x55, 0x50, 0x29, 0xD6,
    0x2B, 0x28, 0x77, 0xEE, 0xBD, 0x89, 0x7F, 0x5F, 0x63, 0xE0, 0x1B, 0xFA, 0xD4, 0x5F, 0x85, 0xD3,
    0x05, 0xBF, 0x6E, 0x51, 0xDA, 0x16, 0x46, 0x9D, 0xE6, 0x44, 0x40, 0x84, 0x99, 0xD5, 0xEC, 0x77,
    0xA8, 0x33, 0xA0, 0x26, 0x22, 0x2E, 0xE7, 0x3A, 0x96, 0x60, 0x48, 0x84, 0x7B, 0x2E, 0xFA, 0x29,
    0x6D, 0x82, 0x94, 0x09, 0xDF, 0x11, 0xA7, 0xB7, 0x17, 0x75, 0x23, 0x7E, 0x6B, 0xD6, 0x83, 0xCC,
    0x53, 0xD0, 0xC0, 0xC3, 0x97, 0xA1, 0x94, 0xCA, 0x3F, 0xE2, 0x1E, 0xC7, 0x07, 0x7A, 0xC8, 0x63,
    0xEF, 0xA3, 0x29, 0x31, 0x31, 0xD8, 0x34, 0x51, 0x35, 0xEC, 0x2D, 0xF3, 0x15, 0xD8, 0x07, 0xF0,
    0x20, 0x0F, 0xBA, 0x93, 0xA0, 0x59, 0xB0, 0xA0, 0x5E, 0x25, 0x65, 0xED, 0xB4, 0xD8, 0xDE, 0x6D,
    0x89, 0x19, 0x6B, 0xB1, 0x58, 0x60, 0x08, 0x7F, 0x25, 0x37, 0x7F, 0x41, 0xDF, 0x58, 0x5D, 0x2A,
    0x6B, 0x26, 0x43, 0x21, 0x69, 0x9D, 0x2E, 0x57, 0x48, 0x8C, 0xCC, 0xCF, 0x00, 0xA3, 0xF4, 0xE3,
    0xCD, 0xFA, 0x53, 0x24, 0xE3, 0x6B, 0xF2, 0xF6, 0xF8, 0xDB, 0x38, 0xF1, 0xF1, 0x1A, 0x64, 0x6E,
    0x06, 0xDB, 0x3C, 0x3C, 0xF1, 0x5A, 0xF7, 0xCC, 0xBC, 0x32, 0xCF, 0x4C, 0x08, 0x31, 0x8E, 0x5E,
    0x6B, 0x66, 0x80, 0xBC, 0x40, 0xEF, 0xCC, 0x91, 0xC4, 0xA7, 0x45, 0xD0, 0xD4, 0x8B, 0x7A, 0x2F,
    0xE2, 0x81, 0x3C, 0x62, 0xD6, 0x83, 0x32, 0x93, 0x8A, 0x10, 0xED, 0x16, 0x7F, 0x58, 0x60, 0x95,
    0x07, 0xA5, 0xAC, 0x2C, 0x84, 0xB1, 0x7A, 0x42, 0x86, 0xBE, 0x70, 0x87, 0x0F, 0xEF, 0x70, 0x60,
    0x47, 0x08, 0xEC, 0x01, 0xCE, 0x44, 0xED, 0x1C, 0x1E, 0x1E, 0xF2, 0x94, 0x9C, 0xAD, 0xE1, 0x8C,
    0xFC, 0x04, 0x91, 0xEE, 0x78, 0xB3, 0xE1, 0x51, 0xD3, 0xA8, 0x99, 0x56, 0x84, 0x9B, 0x06, 0x07,
    0x33, 0x10, 0xE9, 0x84, 0x93, 0xB3, 0xB5, 0x12, 0x54, 0xC5, 0x7C, 0xCB, 0x92, 0x55, 0x47, 0xC7,
    0x4E, 0x1C, 0x3F, 0x18, 0xA1, 0x96, 0x5F, 0x46, 0x78, 0x79, 0x95, 0x74, 0xFD, 0x9F, 0x00, 0x8D,
    0x3B, 0xA5, 0xCA, 0x37, 0x45, 0xD1, 0xFC, 0x7E, 0xD0, 0xE3, 0x31, 0x6A, 0x30, 0x52, 0x3B, 0x11,
    0xA2, 0x79, 0x39, 0xCD, 0xBD, 0xAB, 0xAB, 0xAB, 0x1A, 0xD5, 0x62, 0xD0, 0x4C, 0xA7, 0x22, 0x9F,
    0x74, 0xB5, 0x7A, 0x1F, 0x97, 0x96, 0x36, 0x25, 0x4A, 0xE7, 0x00, 0xB6, 0xE8, 0xE6, 0x44, 0xB6,
    0x1D, 0x60, 0x72, 0xC7, 0xEC, 0x4E, 0x6C, 0x47, 0x65, 0x5A, 0xD0, 0x6C, 0x71, 0xBC, 0x90, 0x71,
    0x57, 0x54, 0x6B, 0x8B, 0xCD, 0x7A, 0x89, 0xC0, 0x2B, 0xF5, 0xE9, 0x56, 0xE0, 0x9D, 0xBD, 0xBD,
    0x74, 0xA6, 0xF9, 0x8B, 0x52, 0xF9, 0x8F, 0x2B, 0x34, 0xE7, 0xDE, 0xD1, 0x31, 0x2B, 0x0D, 0x4E,
    0x26, 0x03, 0xAD, 0x0B, 0x3B, 0x5D, 0x2E, 0xEC, 0x74, 0xD2, 0xD0, 0x71, 0x7E, 0xCC, 0x04, 0xAE,
    0x99, 0x16, 0x7F, 0x79, 0xF0, 0xC7, 0x71, 0x65, 0xA7, 0x5A, 0xFC, 0x31, 0x1C, 0xE0, 0xBD, 0xBD,
    0xB4, 0x2A, 0xB6, 0x6B, 0x26, 0xE3, 0x05, 0x79, 0x07, 0x63, 0x00, 0x27, 0x01, 0x07, 0x87, 0x00,
    0x48, 0x23, 0x62, 0x47, 0xBA, 0x3F, 0xB5, 0xA6, 0xD7, 0x4B, 0x8B, 0xA7, 0x49, 0xE0, 0xA8, 0x41,
    0x1E, 0x3D, 0xC6, 0xBF, 0x25, 0xA6, 0xC4, 0x33, 0x9F, 0x5C, 0x74, 0x4E, 0xFE, 0xB8, 0x1F, 0x4C,
    0xE6, 0x0D, 0x38, 0x30, 0x01, 0x97, 0x22, 0x72, 0xAE, 0x15, 0xDF, 0x6C, 0x9A, 0x60, 0x19, 0x68,
    0x59, 0x82, 0x8F, 0xFB, 0xB1, 0xDD, 0xF5, 0x46, 0xDD, 0x52, 0x59, 0x79, 0x69, 0x56, 0x15, 0xE5,
    0x75, 0x8A, 0x8E, 0x06, 0xA8, 0xA8, 0x6C, 0x19, 0x7D, 0xC2, 0xEF, 0x66, 0xBE, 0x99, 0x27, 0xAD,
    0x28, 0x7C, 0xF1, 0x33, 0xC4, 0xE1, 0xE8, 0x51, 0xC6, 0x4D, 0xDC, 0x1C, 0x77, 0xCF, 0x5A, 0x93,
    0xDB, 0x4F, 0xFA, 0xBD, 0xB2, 0x3C, 0x1C, 0xE8, 0xC6, 0xA7, 0xA7, 0x3D, 0x19, 0xDD, 0x36, 0xB7,
    0x44, 0xB7, 0x68, 0x0C, 0x7A, 0xFB, 0x07, 0x76, 0x98, 0x30, 0x5F, 0xD8, 0xC6, 0xC7, 0x74, 0xFA,
    0xB1, 0x72, 0x43, 0xC0, 0x75, 0xD6, 0x10, 0x4E, 0x56, 0x8A, 0xE6, 0xC0, 0xF1, 0x83, 0x09, 0x2A,
    0xCA, 0x6A, 0x1C, 0x59, 0xAB, 0xB3, 0x56, 0xDC, 0x10, 0x37, 0x3E, 0x37, 0x9D, 0x97, 0x0C, 0x59,
    0x5D, 0x0F, 0x4C, 0xB9, 0x1D, 0x34, 0x83, 0xB6, 0xD2, 0xAC, 0x80, 0x6B, 0x5E, 0x99, 0x2C, 0x9B,
    0x7A, 0xA7, 0x3D, 0xA2, 0xDB, 0x9F, 0x86, 0xAB, 0xF9, 0x90, 0xA2, 0x92, 0x5E, 0xF8, 0x3E, 0x0F,
    0x1A, 0x4F, 0x2A, 0xE4, 0x2C, 0xE2, 0x57, 0xAA, 0x5B, 0x09, 0x17, 0x53, 0xC0, 0xFB, 0x38, 0xB0,
    0xE2, 0x72, 0xE8, 0x20, 0xBB, 0x61, 0x12, 0xF6, 0xE9, 0xAC, 0x65, 0x92, 0xAE, 0x3A, 0x1D, 0xD7,
    0x6C, 0x17, 0x60, 0xB0, 0xB3, 0xA0, 0x91, 0xF9, 0x7F, 0xF7, 0x45, 0xCD, 0x8B, 0x21, 0xE9, 0x24,
    0x36, 0x57, 0xA3, 0x91, 0xC0, 0x7C, 0xC4, 0x83, 0x41, 0x43, 0x31, 0x2C, 0x8C, 0x83, 0xAD, 0x91,
    0xE0, 0x9A, 0x7F, 0xC7, 0x6D, 0x3C, 0x9F, 0x18, 0x2A, 0x3D, 0x65, 0x7A, 0x45, 0x49, 0x79, 0x4B,
    0x8D, 0x09, 0x9D, 0xBA, 0x50, 0xF3, 0xA6, 0x9A, 0x6A, 0x98, 0x77, 0x80, 0x8E, 0xFC, 0x9F, 0x35,
    0xD3, 0xE2, 0x8D, 0x1A, 0x3E, 0x96, 0xD3, 0x86, 0x51, 0xA1, 0x9E, 0xE7, 0x77, 0x19, 0x89, 0xF5,
    0x83, 0x55, 0x59, 0x5C, 0x33, 0x19, 0x9B, 0xE9, 0x29, 0x01, 0xF1, 0xCE, 0x10, 0x90, 0x75, 0x93,
    0xF1, 0x33, 0x79, 0xE3, 0xE4, 0xA0, 0xC0, 0xAF, 0x39, 0x0F, 0x00, 0xBE, 0x8C, 0x46, 0xEA, 0x8D,
    0xDE, 0x78, 0x4A, 0x57, 0xAE, 0x5B, 0x4A, 0x76, 0xF4, 0xEC, 0xE3, 0xB1, 0x33, 0x31, 0xB6, 0xC7,
    0xDC, 0xCF, 0xFF, 0xCE, 0xFB, 0x9E, 0xF5, 0x09, 0x78, 0xFE, 0x10, 0x9B, 0xA5, 0x96, 0x93, 0xB4,
    0xFD, 0xE1, 0xE3, 0xAD, 0xE0, 0xE7, 0x62, 0x4A, 0x64, 0xE5, 0xC2, 0xC7, 0x5B, 0x0D, 0xD6, 0x5A,
    0xE3, 0x6B, 0xEA, 0x7E, 0x85, 0x0F, 0x1F, 0x7C, 0x44, 0x2C, 0x7C, 0xB8, 0x07, 0xC2, 0x47, 0x21,
    0x2C, 0xFC, 0x6B, 0x10, 0xF8, 0xA0, 0x15, 0x3E, 0xB8, 0x16, 0x3E, 0xC4, 0x28, 0xAC, 0xF0, 0x11,
    0x4D, 0x7A, 0x43, 0x82, 0xA4, 0xBB, 0xC2, 0xC7, 0x15, 0xE3, 0x63, 0x69, 0x96, 0xAF, 0xD3, 0x24,
    0xF1, 0xA4, 0x4C, 0x66, 0x26, 0x7A, 0xB8, 0xF9, 0x97, 0x55, 0x1F, 0x41, 0x4F, 0xFA, 0x69, 0x70,
    0xF3, 0x78, 0x60, 0xEA, 0x61, 0x3E, 0xE9, 0x97, 0xCD, 0xA7, 0x92, 0x85, 0xA0, 0x01, 0x6E, 0x6C,
    0x2D, 0x42, 0xBE, 0x75, 0x44, 0xCC, 0x8D, 0x39, 0xF2, 0x55, 0x97, 0x46, 0x77, 0xDC, 0x35, 0xE6,
    0x75, 0xE9, 0xAA, 0x8F, 0xB0, 0x6E, 0x5A, 0x82, 0x6E, 0x8E, 0x7D, 0x11, 0x0E, 0xEB, 0xE6, 0x7E,
    0x38, 0x48, 0x6C, 0xB8, 0xA8, 0xBD, 0x55, 0x5B, 0xB0, 0x66, 0x32, 0xBC, 0xDB, 0xDE, 0x6D, 0x0A,
    0xFB, 0x10, 0xBB, 0xFF, 0x6A, 0x07, 0x01, 0x83, 0x44, 0x63, 0x41, 0x17, 0x74, 0x27, 0xC5, 0x7E,
    0xED, 0xD3, 0x63, 0xA9, 0x3A, 0xDB, 0xB4, 0x4E, 0x34, 0xFA, 0x51, 0x71, 0xB1, 0x7C, 0x9D, 0xED,
    0x86, 0xFB, 0x35, 0x1D, 0x53, 0x92, 0xD8, 0x87, 0x0B, 0xC5, 0x5A, 0xF7, 0x10, 0x70, 0x64, 0x1A,
    0x47, 0x7C, 0xDC, 0xFC, 0x33, 0xD4, 0x8C, 0xAA, 0x9A, 0x10, 0x6C, 0x11, 0xEA, 0xBA, 0x7D, 0x17,
    0x3A, 0xAF, 0xF8, 0x8F, 0x4E, 0xBE, 0x9E, 0x4D, 0xB0, 0xA3, 0x0A, 0x31, 0xDB, 0x8A, 0xB3, 0xAC,
    0x5A, 0xA7, 0xFD, 0x36, 0x34, 0x29, 0x69, 0x3D, 0x7F, 0x37, 0x9B, 0x0C, 0x5F, 0x83, 0x0F, 0x93,
    0x5F, 0x5D, 0x51, 0xD3, 0x91, 0x59, 0x4B, 0x25, 0xBA, 0x96, 0xE6, 0x73, 0xF9, 0x85, 0xBA, 0xDE,
    0xCD, 0x47, 0x02, 0x4E, 0xF3, 0x68, 0xEA, 0x66, 0xB2, 0x79, 0xB2, 0x06, 0x59, 0x42, 0x97, 0x46,
    0xE8, 0xE0, 0x16, 0x11, 0x4A, 0x37, 0xEB, 0x92, 0x19, 0x1A, 0x03, 0xF9, 0x43, 0x74, 0x49, 0xCB,
    0x12, 0xBA, 0x34, 0x4B, 0xAF, 0xAC, 0x34, 0xF3, 0xF9, 0x2E, 0x4E, 0x93, 0x37, 0x1B, 0xFF, 0xAB,
    0xF3, 0x3D, 0x55, 0x25, 0x08, 0xFD, 0x48, 0x8F, 0x4E, 0x0B, 0xAF, 0xAF, 0x2A, 0xFE, 0x4D, 0xDD,
    0xD6, 0x7B, 0x3A, 0x50, 0x69, 0x91, 0xD2, 0xE9, 0xD7, 0x93, 0x3C, 0xEC, 0xFF, 0x05, 0xBD, 0x52,
    0x3B, 0x6E, 0xDC, 0x30, 0x10, 0x1D, 0x59, 0xF0, 0x6E, 0x6C, 0x15, 0xAC, 0x0C, 0x18, 0x08, 0x02,
    0xE5, 0x04, 0xE1, 0x11, 0x86, 0x47, 0x70, 0x11, 0x27, 0x77, 0xC8, 0x25, 0xA8, 0xC0, 0x17, 0xF0,
    0x35, 0xD2, 0xBB, 0x0E, 0x19, 0xFB, 0x02, 0x02, 0x02, 0xF7, 0x02, 0x52, 0xB8, 0x65, 0xA1, 0x82,
    0x05, 0x57, 0x93, 0x37, 0xD4, 0x6E, 0x3E, 0x0B, 0x3B, 0x65, 0x86, 0x1C, 0x71, 0x44, 0x0C, 0xDF,
    0xBC, 0xF9, 0x10, 0x11, 0x79, 0x11, 0xF7, 0x8C, 0x4A, 0x7C, 0xE6, 0x33, 0xB0, 0x5A, 0x2F, 0x7D,
    0x20, 0xB4, 0x3F, 0xDD, 0x0B, 0xA7, 0x46, 0x53, 0xF9, 0xD7, 0x01, 0x4E, 0x77, 0xDB, 0x62, 0x66,
    0x8E, 0xDE, 0x85, 0x41, 0x52, 0xC8, 0x3E, 0xDB, 0x79, 0x73, 0xDB, 0xCD, 0x7D, 0xE9, 0x17, 0x23,
    0xAD, 0x90, 0x34, 0xBB, 0xB6, 0xD8, 0x64, 0xE3, 0x19, 0x35, 0xCE, 0x26, 0xCE, 0x5C, 0x6C, 0xE9,
    0x4A, 0x5B, 0xDA, 0x6C, 0x92, 0x1F, 0xD9, 0x5D, 0x52, 0x95, 0xBB, 0x26, 0x6D, 0x71, 0x6F, 0x66,
    0xF8, 0x44, 0x1E, 0xBC, 0x13, 0x02, 0xA2, 0x93, 0x24, 0x63, 0xC8, 0x92, 0x7C, 0x0E, 0xB3, 0x9D,
    0x39, 0x6D, 0x6E, 0xCF, 0x87, 0x6E, 0x36, 0x53, 0x5F, 0x18, 0x11, 0x78, 0x67, 0xC4, 0x2E, 0xAD,
    0x74, 0x0B, 0xC9, 0xC9, 0x4E, 0x23, 0xB5, 0xA5, 0xCB, 0x40, 0x98, 0x2C, 0x30, 0xCE, 0xE8, 0x15,
    0x62, 0x9E, 0x12, 0xFE, 0x47, 0xCE, 0x21, 0x71, 0x09, 0xD9, 0xE2, 0x1D, 0xA2, 0xE4, 0xB6, 0x6C,
    0x73, 0x9B, 0xBB, 0x64, 0x52, 0x3F, 0xF9, 0x31, 0x44, 0x76, 0x5F, 0xE9, 0x92, 0xDE, 0x56, 0x2A,
    0x8D, 0xC4, 0xBF, 0xF4, 0x83, 0x3C, 0x92, 0x16, 0xE6, 0x4F, 0x3D, 0xF6, 0x39, 0xD6, 0xBD, 0x9C,
    0x48, 0x5C, 0x77, 0x90, 0x45, 0x0E, 0xF2, 0x51, 0x1E, 0xEB, 0xCD, 0x6F, 0xF9, 0xE5, 0xB6, 0x6E,
    0xBA, 0x26, 0xBA, 0x22, 0xB3, 0x43, 0x8B, 0x5C, 0x90, 0x28, 0x32, 0x62, 0x07, 0xED, 0x5C, 0xB4,
    0x42, 0x9B, 0x4C, 0xE7, 0x4E, 0x17, 0x4F, 0xBA, 0x42, 0x3A, 0x5E, 0xC8, 0x16, 0xEB, 0x94, 0x74,
    0x51, 0x70, 0x44, 0xD7, 0x4E, 0xB9, 0x74, 0x92, 0xC0, 0x67, 0x50, 0xD3, 0x4A, 0xA1, 0x56, 0x2A,
    0x43, 0x96, 0x9D, 0x46, 0x52, 0xF1, 0xF7, 0x42, 0x36, 0x57, 0x13, 0xA5, 0x27, 0x4E, 0xD5, 0x14,
    0x98, 0x32, 0x1E, 0xCC, 0x66, 0x05, 0xA0, 0xF0, 0x4D, 0xF6, 0x00, 0xC4, 0x4F, 0xCB, 0x1E, 0x00,
    0x60, 0xA5, 0x5F, 0x01, 0xC8, 0x08, 0xBA, 0xF5, 0x7A, 0x52, 0xB6, 0xC8, 0x08, 0x19, 0xD4, 0x6C,
    0xB4, 0xB8, 0x37, 0xB5, 0x84, 0x40, 0x44, 0xDF, 0x44, 0xEE, 0x05, 0xB4, 0xC0, 0xC0, 0x64, 0x7E,
    0x58, 0x0C, 0xCC, 0x1E, 0x73, 0xC1, 0x3F, 0xD0, 0x22, 0xC0, 0xA5, 0x3E, 0xF1, 0x13, 0x3A, 0x8A,
    0xD0, 0xE3, 0xE1, 0x16, 0x0C, 0x60, 0x7E, 0xC7, 0xA4, 0x68, 0x0A, 0xA6, 0x84, 0x07, 0xB1, 0x89,
    0xBA, 0x1D, 0x6D, 0x45, 0x3E, 0x8B, 0x4C, 0x00, 0x40, 0x44, 0x4C, 0x0F, 0xEA, 0xA8, 0x29, 0xF8,
    0x4C, 0xFD, 0xB2, 0x72, 0x6A, 0x9C, 0xD6, 0xF5, 0xE2, 0xFD, 0xC5, 0x15, 0xCF, 0x3E, 0x71, 0x0A,
    0x13, 0x74, 0x44, 0x09, 0xA3, 0x8F, 0x32, 0x40, 0x75, 0x88, 0x29, 0x90, 0xD0, 0x27, 0xFA, 0x52,
    0x5F, 0xBC, 0xC3, 0xFB, 0x48, 0x12, 0x11, 0x09, 0x33, 0xD6, 0x17, 0x45, 0x0C, 0x89, 0x78, 0x56,
    0x1B, 0x37, 0x2D, 0x52, 0xD2, 0x38, 0x03, 0xBD, 0xA9, 0x01, 0x40, 0x1F, 0xB5, 0x89, 0xE4, 0x27,
    0xAD, 0xA4, 0x51, 0x52, 0x9A, 0x7E, 0xA3, 0x08, 0x0E, 0xFE, 0x66, 0x45, 0x18, 0xF5, 0x45, 0x77,
    0x18, 0x92, 0x7D, 0x7F, 0xEA, 0xD4, 0xAC, 0x45, 0xED, 0x2A, 0x61, 0x38, 0x6B, 0x4D, 0x6B, 0x1B,
    0xC2, 0xF4, 0x9F, 0x5C, 0x7E, 0x02, 0xAD, 0x55, 0x4D, 0x8E, 0xDC, 0x54, 0x10, 0x2E, 0xDB, 0x0C,
    0x1D, 0xC9, 0x48, 0x5E, 0x8D, 0xC4, 0xCE, 0x9B, 0xAC, 0x26, 0x08, 0x9F, 0x20, 0x3C, 0x1F, 0x61,
    0x16, 0xD3, 0xD9, 0xB2, 0x87, 0x05, 0x17, 0x40, 0x72, 0x4B, 0x73, 0x80, 0xCC, 0x11, 0xB2, 0x25,
    0x9B, 0x6C, 0x58, 0xB0, 0x41, 0x6E, 0x71, 0x02, 0x4B, 0x68, 0xD8, 0x62, 0x44, 0x86, 0x90, 0xB0,
    0x88, 0x91, 0x5A, 0xC4, 0xA3, 0x71, 0xBB, 0xA8, 0xEF, 0x2B, 0x3B, 0xDD, 0xE9, 0x19, 0x45, 0x11,
    0xC2, 0x52, 0x7F, 0xF5, 0xFA, 0xFD, 0xD4, 0xAB, 0x57, 0x55, 0x5F, 0x95, 0xC8, 0xFC, 0xFD, 0x40,
    0xEC, 0xED, 0xF7, 0x40, 0x3B, 0x91, 0x85, 0xEA, 0x46, 0x24, 0xA8, 0xAA, 0x88, 0x81, 0xAE, 0x13,
    0x62, 0xAA, 0x63, 0xAD, 0x92, 0x6B, 0x13, 0xB6, 0xB6, 0x28, 0xDF, 0xDE, 0x17, 0x1B, 0x0C, 0x22,
    0xD5, 0x20, 0xB6, 0xBD, 0xEE, 0x63, 0x3B, 0x5A, 0x6F, 0x92, 0x16, 0x98, 0xAE, 0x81, 0x19, 0xB0,
    0xCF, 0x4B, 0x53, 0x36, 0x04, 0xD3, 0x1E, 0xC6, 0x2F, 0x0C, 0x0B, 0x1D, 0xE4, 0x33, 0xC9, 0x74,
    0x88, 0x46, 0x5C, 0xA5, 0x5A, 0xC6, 0xD4, 0x2F, 0x35, 0x31, 0x57, 0x1D, 0xC5, 0x96, 0xD5, 0x14,
    0x15, 0xD1, 0x29, 0x8E, 0xD1, 0xBC, 0x87, 0x6F, 0xCD, 0x95, 0xA3, 0xAF, 0x96, 0xCB, 0x53, 0xDB,
    0xA1, 0xDD, 0x9D, 0x60, 0xC7, 0xE5, 0x10, 0x6C, 0x61, 0x05, 0x58, 0xDF, 0x82, 0x79, 0x8B, 0x9A,
    0x59, 0x87, 0x90, 0xEB, 0x3B, 0x5A, 0xEC, 0xAD, 0x70, 0xD2, 0x02, 0x66, 0xDA, 0x33, 0xE0, 0xAB,
    0x8A, 0x08, 0xED, 0x86, 0xDD, 0xE7, 0x22, 0x11, 0xD6, 0x24, 0xC6, 0xFF, 0x09, 0x23, 0x62, 0x4E,
    0x77, 0x16, 0x44, 0x1F, 0x4B, 0xE8, 0xEE, 0x9E, 0x2F, 0x30, 0xEF, 0x18, 0xEB, 0xB5, 0x7C, 0x8A,
    0xD5, 0x9B, 0x2D, 0x03, 0xA2, 0xDC, 0x69, 0x4F, 0x79, 0xFE, 0x8D, 0x79, 0xE9, 0x23, 0x91, 0x67,
    0x17, 0x22, 0xCB, 0x52, 0x22, 0xFB, 0x99, 0xC3, 0x12, 0xBB, 0xDC, 0x62, 0x47, 0x31, 0xB8, 0xD0,
    0x49, 0xAC, 0x5C, 0x34, 0x2E, 0x3A, 0x17, 0x83, 0x8B, 0x31, 0x86, 0xF8, 0x55, 0x4D, 0xD4, 0xFA,
    0x5A, 0xFF, 0x52, 0x45, 0x28, 0xEC, 0xAB, 0xB4, 0xD1, 0x7F, 0x4C, 0x85, 0x36, 0xD5, 0x88, 0x2D,
    0x4D, 0xA1, 0x14, 0x99, 0x8B, 0xC4, 0x45, 0xE4, 0xC2, 0xE2, 0x47, 0x11, 0x5C, 0x64, 0x2E, 0x16,
    0x2E, 0x70, 0xC3, 0x72, 0x79, 0x06, 0x6F, 0x20, 0xB2, 0xC0, 0x81, 0xA8, 0x8E, 0x2B, 0xE2, 0x3A,
    0xD2, 0x66, 0x61, 0x09, 0x36, 0x5D, 0x8E, 0xCF, 0xC7, 0x9C, 0x5F, 0xCF, 0x7B, 0x90, 0x33, 0xC0,
    0x91, 0x67, 0x7B, 0x62, 0x63, 0x78, 0x75, 0x0A, 0xFD, 0x8D, 0x7C, 0x18, 0x2E, 0x91, 0x5B, 0xF0,
    0x5C, 0xBD, 0xC1, 0xC0, 0x5C, 0xC1, 0xE8, 0xDA, 0x60, 0x15, 0xCC, 0xB6, 0x33, 0x49, 0xCD, 0xDB,
    0x83, 0x64, 0x5B, 0x7B, 0x8A, 0xE4, 0x5B, 0x24, 0x83, 0x65, 0x41, 0x86, 0x10, 0xE0, 0xAF, 0x0D,
    0x82, 0x96, 0xB6, 0x21, 0xD5, 0xB2, 0xD2, 0x75, 0x80, 0xBF, 0x57, 0x66, 0x5E, 0xD8, 0x98, 0x23,
    0x7E, 0x51, 0xBD, 0xAA, 0xE1, 0x4D, 0xFF, 0x76, 0x83, 0x63, 0xFD, 0x5D, 0xC3, 0xB5, 0x5E, 0x5A,
    0xB8, 0x6E, 0xB6, 0x39, 0x9C, 0x6A, 0x29, 0x34, 0x64, 0xCC, 0x9F, 0xA0, 0x7D, 0x6A, 0x2F, 0xC3,
    0xC0, 0xE2, 0xC3, 0x4C, 0xD0, 0x2E, 0xE6, 0x20, 0xD3, 0x36, 0xD2, 0x2D, 0x07, 0x0C, 0xAD, 0xD8,
    0xAD, 0x46, 0x98, 0x81, 0xD9, 0x58, 0x4A, 0xE8, 0x69, 0xF7, 0x9C, 0x3A, 0x27, 0x4F, 0xE6, 0xEC,
    0x02, 0x64, 0xD0, 0xB0, 0x03, 0xCE, 0x7D, 0x67, 0x90, 0x22, 0x75, 0x99, 0xC5, 0x01, 0x50, 0x77,
    0x75, 0x67, 0x91, 0x0A, 0x13, 0xD4, 0x6D, 0xD5, 0x79, 0x76, 0x73, 0x35, 0x03, 0xC4, 0x5A, 0x75,
    0x3B, 0x16, 0x82, 0xAF, 0xC3, 0x1E, 0x1C, 0x33, 0xBE, 0x12, 0xD5, 0x7F, 0xD2, 0x72, 0x7B, 0x51,
    0x44, 0x42, 0xA7, 0x64, 0x87, 0xE7, 0x76, 0xD0, 0xCB, 0x1F, 0x8D, 0x28, 0x78, 0x09, 0x12, 0x15,
    0x09, 0xDE, 0xBA, 0x26, 0x9D, 0xF1, 0x6B, 0x7D, 0xF5, 0x94, 0xD1, 0x10, 0xB2, 0x6B, 0x9C, 0xE7,
    0x7D, 0x1C, 0x29, 0x2D, 0xD0, 0xDE, 0x0D, 0x90, 0x4F, 0x58, 0xA8, 0xBC, 0x60, 0x28, 0x8E, 0x91,
    0x9B, 0x35, 0x31, 0x55, 0x92, 0xF6, 0x18, 0xF4, 0x30, 0xB1, 0x44, 0x80, 0x9C, 0x17, 0x46, 0x86,
    0x0E, 0x02, 0xDE, 0x44, 0xB8, 0x79, 0x72, 0x05, 0xBF, 0x26, 0x7A, 0x8E, 0x1B, 0x12, 0x7D, 0x0C,
    0x0D, 0x89, 0x11, 0x81, 0x9E, 0xA5, 0xCB, 0x3D, 0x82, 0x2E, 0x9A, 0xF9, 0x1F, 0x6E, 0x2C, 0xB1,
    0xE5, 0x85, 0x1F, 0xF8, 0xC9, 0x8F, 0x4F, 0xCA, 0x56, 0x61, 0xA4, 0xC8, 0x6D, 0x8F, 0x89, 0xD4,
    0xEF, 0x9B, 0x6E, 0xC7, 0x2B, 0x20, 0xAA, 0x2D, 0x85, 0xA5, 0xD5, 0x87, 0x50, 0xE4, 0x04, 0x54,
    0x78, 0x59, 0x4D, 0x14, 0xB9, 0x7A, 0x34, 0x13, 0xC5, 0xE6, 0x53, 0x7D, 0xF9, 0xFF, 0x52, 0xC4,
    0xE2, 0x73, 0x41, 0x4A, 0x34, 0x3B, 0xCC, 0xC7, 0x92, 0x25, 0xB0, 0xF7, 0xAA, 0xB5, 0xA2, 0x23,
    0x5A, 0xB6, 0x88, 0xCE, 0x42, 0x6D, 0x6E, 0xC8, 0xF5, 0xE7, 0x26, 0x58, 0x58, 0x92, 0xE6, 0x9E,
    0xB5, 0x08, 0x9C, 0xAA, 0x06, 0x60, 0xDD, 0x7B, 0x73, 0xB0, 0xBD, 0xE3, 0x84, 0x3D, 0xCE, 0x55,
    0xC4, 0x30, 0x24, 0x57, 0x5F, 0x8E, 0x61, 0x4C, 0x9A, 0x6C, 0x2C, 0xF4, 0xBC, 0x09, 0xC6, 0x8A,
    0x9B, 0x46, 0x07, 0xB6, 0x88, 0x8E, 0x2D, 0xA2, 0x65, 0x2A, 0x30, 0x97, 0xB6, 0x74, 0x13, 0x72,
    0x67, 0xF1, 0xFC, 0xD0, 0x42, 0xC7, 0x18, 0x55, 0x57, 0x3E, 0x06, 0x15, 0x24, 0xDB, 0xEC, 0xB0,
    0x98, 0xEC, 0xBF, 0xBB, 0xC5, 0x61, 0xC6, 0xEC, 0xEF, 0x50, 0x6E, 0x93, 0x0E, 0x2D, 0x2E, 0xE9,
    0x68, 0x7F, 0x47, 0xFB, 0xBD, 0xC5, 0x1D, 0x22, 0xE7, 0x03, 0xF7, 0x98, 0xFD, 0x1D, 0x1C, 0x73,
    0xDE, 0xA1, 0xC5, 0xBD, 0xF9, 0xFB, 0x3D, 0x2D, 0x6E, 0xB2, 0x3F, 0xEB, 0x0F, 0x2D, 0x7C, 0xFB,
    0xF1, 0xE5, 0x07, 0xF0, 0xF4, 0x19, 0x19, 0x50, 0xDB, 0xA9, 0x93, 0x7A, 0x7C, 0xE2, 0xEC, 0x0C,
    0xDE, 0x8B, 0x06, 0x39, 0x7A, 0x64, 0xEF, 0x62, 0xEF, 0x4C, 0x3D, 0x39, 0xC7, 0x99, 0x68, 0xAC,
    0x15, 0xC8, 0x46, 0x41, 0x2E, 0xB2, 0x7C, 0xD8, 0x72, 0x0B, 0x33, 0xDE, 0x5D, 0x3E, 0x5A, 0xB2,
    0xA3, 0xE0, 0x5C, 0x7B, 0x1B, 0xBF, 0x07, 0xBE, 0x70, 0x36, 0xB4, 0xC4, 0x7D, 0x2A, 0xDF, 0x87,
    0xF6, 0xDF, 0x06, 0x78, 0xF6, 0xB5, 0xE1, 0x43, 0x65, 0x16, 0x4D, 0x74, 0xEF, 0x58, 0xAC, 0x70,
    0x28, 0x58, 0xBE, 0x5C, 0x03, 0x17, 0x2A, 0xF7, 0xB4, 0x45, 0x97, 0xD5, 0x3F, 0xBC, 0xE9, 0x42,
    0x13, 0x53, 0x55, 0xBC, 0x17, 0xD6, 0x8A, 0xF0, 0x46, 0x67, 0x7B, 0x5E, 0x29, 0x6E, 0x61, 0x75,
    0xC1, 0x67, 0x8D, 0x5E, 0x49, 0x5A, 0x72, 0xB2, 0x67, 0xDD, 0xD9, 0xB2, 0x2E, 0xA0, 0x64, 0x17,
    0x85, 0x96, 0x61, 0x28, 0x52, 0x14, 0xF7, 0xC2, 0xAA, 0x4B, 0xE8, 0xFF, 0x1B, 0x1E, 0x11, 0xE5,
    0x3D, 0xE8, 0x24, 0x8E, 0xF9, 0x8A, 0x98, 0x96, 0xC4, 0x24, 0x62, 0xBC, 0x97, 0x08, 0xD6, 0x0E,
    0x17, 0xC4, 0x44, 0x9B, 0x18, 0x83, 0x86, 0x63, 0xCC, 0xA4, 0x40, 0xDF, 0x03, 0xCB, 0x2B, 0x9E,
    0xAD, 0xA8, 0xA7, 0x62, 0xF6, 0xC4, 0x7A, 0x79, 0x2A, 0x6C, 0xA8, 0x2C, 0x8A, 0xE5, 0x8C, 0x0F,
    0xF4, 0x95, 0xCC, 0xF3, 0xFB, 0xF8, 0x2F, 0xAD, 0x93, 0xBD, 0x6E, 0xD4, 0x40, 0x14, 0x85, 0x8F,
    0x67, 0x89, 0x5C, 0x8C, 0x64, 0xF7, 0x80, 0xE4, 0x17, 0x08, 0x71, 0xBB, 0x48, 0x8E, 0xC6, 0x3D,
    0x0D, 0x6F, 0x00, 0x0F, 0xB1, 0x05, 0x45, 0x14, 0x9B, 0x50, 0x22, 0xF1, 0x0A, 0x34, 0x54, 0x54,
    0x29, 0x2C, 0xC5, 0x45, 0x58, 0x0F, 0xA2, 0xA0, 0xA0, 0x60, 0x1E, 0x61, 0xD9, 0x2D, 0x28, 0x40,
    0xEC, 0x08, 0xB9, 0x30, 0xCA, 0xDA, 0xC3, 0xF1, 0x4F, 0x22, 0x11, 0x89, 0x95, 0x90, 0x98, 0xBD,
    0x67, 0xF6, 0xB3, 0xEF, 0xF5, 0xDC, 0x9D, 0xF1, 0x59, 0x1C, 0x20, 0xDC, 0xF7, 0x11, 0xDB, 0xA8,
    0x53, 0x6D, 0xB6, 0x53, 0x75, 0x9C, 0xE3, 0x00, 0xE0, 0xBD, 0x49, 0x29, 0x65, 0x28, 0x4B, 0xED,
    0xA8, 0x96, 0x52, 0x14, 0x93, 0xA1, 0x4C, 0x47, 0xF9, 0xFD, 0x37, 0x46, 0x05, 0x10, 0xDB, 0xFB,
    0x88, 0x3A, 0x40, 0xB1, 0x34, 0xE3, 0x23, 0xAA, 0x06, 0xB8, 0xEA, 0xCD, 0xF0, 0x4A, 0xAA, 0x62,
    0xA2, 0x72, 0x3B, 0x84, 0xEE, 0x57, 0x82, 0xB0, 0x43, 0xD2, 0x77, 0x4A, 0xFA, 0x96, 0xFF, 0x3C,
    0xC9, 0x4B, 0xEF, 0x09, 0xB2, 0x86, 0x8B, 0xB8, 0x46, 0x75, 0x9E, 0xB3, 0x6C, 0xEA, 0x4C, 0xD6,
    0x60, 0x09, 0xB5, 0xC2, 0xAD, 0xF1, 0xF7, 0xE6, 0x27, 0x5C, 0x2A, 0xE6, 0xBD, 0x7B, 0x43, 0xA2,
    0xE3, 0x65, 0x97, 0x32, 0x91, 0xFF, 0x87, 0xE6, 0x4F, 0x81, 0x62, 0x4F, 0xDC, 0x41, 0xE1, 0x70,
    0xE1, 0xF4, 0x52, 0xEA, 0x4B, 0x5F, 0x17, 0x8C, 0x30, 0x2F, 0x62, 0x14, 0xEF, 0x50, 0x59, 0x9C,
    0xA6, 0x58, 0x00, 0xFC, 0xD5, 0xA5, 0x30, 0x65, 0x6C, 0x2A, 0x37, 0xC4, 0xC6, 0x2C, 0x67, 0xA6,
    0xBC, 0x15, 0xD2, 0x94, 0xD5, 0x90, 0xBD, 0x32, 0xD5, 0x0B, 0x53, 0xCC, 0x0C, 0x18, 0x82, 0x2F,
    0xCF, 0xE7, 0xE9, 0xCB, 0x51, 0xA9, 0x7C, 0x0E, 0x2B, 0x5F, 0x53, 0x0E, 0x36, 0xEE, 0xF0, 0xD3,
    0xD5, 0x70, 0x2E, 0xF7, 0xDD, 0xB7, 0x5C, 0x75, 0x32, 0xCF, 0xAC, 0xCC, 0x4F, 0xA9, 0xC7, 0x14,
    0x6B, 0xCE, 0xC6, 0xBA, 0x5E, 0x55, 0x8B, 0x2B, 0x67, 0x3C, 0xD6, 0x46, 0xEE, 0x65, 0x9E, 0x35,
    0x63, 0xED, 0x62, 0xA8, 0x13, 0x29, 0x68, 0x8F, 0x41, 0xFD, 0x9E, 0xBD, 0xB7, 0x9C, 0xEE, 0xBE,
    0xE1, 0x14, 0x73, 0x75, 0xC1, 0x47, 0xE0, 0xB5, 0x0F, 0x97, 0x08, 0xD7, 0x1F, 0x2D, 0x7C, 0x3B,
    0x8F, 0xB5, 0x12, 0x9A, 0x87, 0x6C, 0xE7, 0x47, 0x2B, 0x27, 0xB4, 0xC3, 0x83, 0xF3, 0xF9, 0xE1,
    0xC5, 0x27, 0xA1, 0xBF, 0xE6, 0x09, 0x49, 0x3D, 0x12, 0x7A, 0xA3, 0x9F, 0x91, 0x22, 0x29, 0xF4,
    0x5A, 0x9F, 0x93, 0x02, 0xD2, 0x6A, 0xB5, 0x9F, 0x16, 0x13, 0x7D, 0x31, 0xF3, 0x89, 0xD6, 0x3A,
    0x99, 0x68, 0xA3, 0x0F, 0xAF, 0x29, 0x0F, 0x27, 0xDA, 0x42, 0xDA, 0x91, 0x3A, 0xCC, 0x26, 0xDA,
    0xC1, 0x9B, 0x88, 0xA6, 0xAD, 0x07, 0x7A, 0xCF, 0x6D, 0x25, 0x03, 0x7D, 0xD0, 0xF4, 0xF7, 0x40,
    0x9F, 0xB9, 0x37, 0xBF, 0xE9, 0xA9, 0xED, 0xF7, 0x3B, 0x50, 0xDD, 0xBF, 0xE9, 0x13, 0x12, 0x0F,
    0x9D, 0x23, 0x22, 0xF5, 0x7F, 0x1E, 0x16, 0x7E, 0x0F, 0xE4, 0xF1, 0x68, 0xBE, 0x5D, 0x20, 0xEB,
    0xD1, 0x12, 0xC7, 0x81, 0xD4, 0x23, 0x85, 0xAF, 0xE2, 0xC9, 0x26, 0xE2, 0x47, 0x79, 0xED, 0x98,
    0xEA, 0xC6, 0x3B, 0x51, 0xFA, 0xA7, 0x81, 0x7F, 0x03, 0xAD, 0x8E, 0xC1, 0x0D, 0x80, 0x30, 0x0C,
    0x03, 0xDD, 0x30, 0x04, 0xCF, 0x8E, 0x02, 0x13, 0xB1, 0x42, 0xA1, 0x93, 0x55, 0xEC, 0xC0, 0x9F,
    0xC2, 0x1E, 0x18, 0xB7, 0x88, 0x5F, 0x9F, 0x95, 0x92, 0x7B, 0xC4, 0x56, 0x6C, 0x00, 0x58, 0xB4,
    0x70, 0x4C, 0xB0, 0x67, 0xE0, 0x09, 0xCF, 0x5B, 0x0C, 0xBC, 0x74, 0x21, 0x53, 0x98, 0x1D, 0xB9,
    0x02, 0xC6, 0x8C, 0xC2, 0x24, 0x8E, 0x3C, 0xC0, 0x34, 0x91, 0x5B, 0x8B, 0x52, 0xF5, 0x4D, 0xCE,
    0x2E, 0x54, 0x2B, 0xA7, 0x7C, 0x5F, 0xFB, 0xFC, 0xAD, 0xF6, 0x22, 0x31, 0x16, 0x4F, 0xB6, 0xEA,
    0xB4, 0x9A, 0x6B, 0xB5, 0x43, 0x6C, 0xF1, 0x53, 0x7B, 0xCD, 0x0B, 0x55, 0x92, 0x41, 0x4A, 0xC3,
    0x40, 0x14, 0x86, 0xFF, 0x64, 0xD0, 0x0A, 0x91, 0x76, 0xA3, 0x2E, 0x44, 0x9A, 0xBD, 0x14, 0x7A,
    0x81, 0x6A, 0xA2, 0x5E, 0x41, 0xCF, 0xE1, 0x26, 0x4B, 0x25, 0x39, 0x82, 0x1B, 0x8F, 0x20, 0x48,
    0x37, 0xE6, 0x00, 0x4A, 0xE6, 0x08, 0x59, 0xB9, 0x0E, 0xD8, 0x8D, 0x6E, 0x7C, 0x42, 0x84, 0xB4,
    0x94, 0x3E, 0xDF, 0x9B, 0x89, 0x88, 0xC3, 0x24, 0xDF, 0xCB, 0x30, 0x79, 0xF3, 0xFF, 0x7F, 0x02,
    0x00, 0x7B, 0xF0, 0x83, 0x0B, 0xCF, 0xB7, 0xDA, 0x21, 0xA8, 0xA9, 0x67, 0xF9, 0x8F, 0xA1, 0xF5,
    0x34, 0xBF, 0x2C, 0x3C, 0x47, 0xF0, 0xFB, 0x4F, 0xD0, 0xB8, 0x6D, 0x6D, 0x68, 0xF7, 0x75, 0xD9,
    0x86, 0x9F, 0x6C, 0x81, 0x53, 0x98, 0xCD, 0xBD, 0xEC, 0x20, 0x44, 0x05, 0x4A, 0xE9, 0x26, 0x2F,
    0xA0, 0x3C, 0x7E, 0xB2, 0x4A, 0xCA, 0x37, 0x29, 0x06, 0xAF, 0x15, 0x65, 0xDA, 0x90, 0x79, 0xAD,
    0x8C, 0x5A, 0x8C, 0x95, 0xB1, 0xC5, 0x50, 0x99, 0x7B, 0x86, 0x5F, 0x0D, 0x6E, 0x33, 0x6D, 0xCC,
    0xDC, 0x09, 0x77, 0xB0, 0x9A, 0x2B, 0xB5, 0xE5, 0xC4, 0xD1, 0xE2, 0x48, 0x29, 0x3A, 0xDC, 0x33,
    0xF8, 0xFD, 0x39, 0xE7, 0x14, 0x01, 0x33, 0x25, 0xDC, 0x8A, 0xF0, 0x81, 0x38, 0xCD, 0x53, 0x63,
    0x8D, 0x30, 0x5A, 0x9E, 0x7F, 0x47, 0xA9, 0xEC, 0xAA, 0x98, 0xD9, 0x19, 0xB8, 0x3A, 0x7B, 0x74,
    0x7E, 0x2F, 0x7D, 0x1C, 0xA1, 0x1C, 0xE3, 0x8A, 0x7C, 0x11, 0x54, 0x1A, 0x4D, 0xD8, 0xF9, 0x0B,
    0x23, 0x0D, 0x6C, 0xEA, 0x2C, 0xCB, 0x18, 0x58, 0xF4, 0x09, 0x90, 0x1C, 0xE1, 0x8A, 0x19, 0x5C,
    0x67, 0x60, 0xAC, 0x26, 0x7D, 0x48, 0x13, 0xF4, 0xA9, 0xCD, 0xFA, 0xC2, 0x66, 0x88, 0x0B, 0x4C,
    0x53, 0xCD, 0x37, 0xB1, 0x3A, 0x1B, 0x42, 0x52, 0xAB, 0x5D, 0xA2, 0x7E, 0x85, 0x1A, 0xC4, 0xA9,
    0xCE, 0xB2, 0xE9, 0x3F, 0xD6, 0x5F, 0x41, 0x7D, 0x41, 0x34, 0x5A, 0xA6, 0x38, 0x60, 0x50, 0xB9,
    0x7B, 0xC8, 0xBC, 0xBA, 0x40, 0x93, 0x79, 0x85, 0x41, 0x3D, 0x8B, 0xF8, 0x63, 0x5E, 0x6D, 0x8C,
    0x9D, 0x48, 0xB8, 0x12, 0xAF, 0x29, 0x86, 0xD0, 0x82, 0x22, 0x51, 0x98, 0x74, 0x21, 0xDB, 0xB1,
    0xC6, 0xB2, 0x08, 0x5E, 0x44, 0xB3, 0xE8, 0x9F, 0xCA, 0xBF, 0x20, 0x7D, 0x6F, 0x9C, 0x40, 0xF1,
    0x1C, 0xBB, 0x3E, 0xE2, 0xC5, 0xB4, 0x12, 0xCC, 0xDA, 0xA5, 0x71, 0x87, 0x6B, 0xF7, 0xA3, 0x6C,
    0x33, 0x2F, 0xBD, 0x82, 0xAD, 0x07, 0xBD, 0xFF, 0x00,
};

static const EpdGlyph lexenddeca_16_boldGlyphs[] = {
    { 0, 0, 171, 0, 0, 0, 0 }, // U+0020
    { 6, 25, 165, 2, 24, 38, 0 }, // !
    { 15, 10, 254, 1, 24, 38, 38 }, // "
    { 22, 24, 391, 1, 24, 132, 76 }, // #
    { 20, 31, 338, 0, 27, 155, 208 }, // $
    { 30, 25, 516, 1, 24, 188, 363 }, // %
    { 25, 25, 414, 1, 24, 157, 551 }, // &
    { 7, 10, 134, 1, 24, 18, 708 }, // '
    { 12, 31, 208, 1, 24, 93, 726 }, // (
    { 12, 31, 208, 0, 24, 93, 819 }, // )
    { 15, 14, 235, 0, 25, 53, 912 }, // *
    { 18, 17, 318, 1, 18, 77, 965 }, // +
    { 8, 12, 153, 1, 5, 24, 1042 }, // ,
    { 13, 6, 239, 1, 13, 20, 1066 }, // -
    { 7, 7, 137, 1, 6, 13, 1086 }, // .
    { 20, 29, 317, 0, 24, 145, 1099 }, // /
    { 21, 25, 360, 1, 24, 132, 1244 }, // 0
    { 15, 24, 299, 2, 24, 90, 1376 }, // 1
    { 18, 24, 292, 0, 24, 108, 1466 }, // 2
    { 19, 25, 315, 0, 24, 119, 1574 }, // 3
    { 21, 24, 353, 0, 24, 126, 1693 }, // 4
    { 18, 25, 318, 1, 24, 113, 1819 }, // 5
    { 18, 24, 309, 1, 24, 108, 1932 }, // 6
    { 17, 24, 295, 1, 24, 102, 2040 }, // 7
    { 18, 25, 319, 1, 24, 113, 2142 }, // 8
    { 18, 24, 308, 1, 24, 108, 2255 }, // 9
    { 7, 19, 137, 1, 18, 34, 2363 }, // :
    { 8, 25, 155, 1, 18, 50, 2397 }, // ;
    { 16, 19, 280, 1, 18, 76, 2447 }, // <
    { 17, 13, 332, 2, 16, 56, 2523 }, // =
    { 16, 19, 280, 1, 18, 76, 2579 }, // >
    { 17, 25, 286, 0, 24, 107, 2655 }, // ?
    { 30, 30, 515, 1, 24, 225, 2762 }, // @
    { 25, 24, 370, -1, 24, 150, 2987 }, // A
    { 20, 24, 374, 2, 24, 120, 3137 }, // B
    { 22, 25, 370, 1, 24, 138, 3257 }, // C
    { 23, 24, 412, 2, 24, 138, 3395 }, // D
    { 18, 24, 344, 2, 24, 108, 3533 }, // E
    { 17, 24, 330, 2, 24, 102, 3641 }, // F
    { 24, 25, 417, 1, 24, 150, 3743 }, // G
    { 22, 24, 415, 2, 24, 132, 3893 }, // H
    { 15, 24, 296, 2, 24, 90, 4025 }, // I
    { 19, 25, 355, 1, 24, 119, 4115 }, // J
    { 23, 24, 394, 2, 24, 138, 4234 }, // K
    { 17, 24, 325, 2, 24, 102, 4372 }, // L
    { 25, 24, 468, 2, 24, 150, 4474 }, // M
    { 22, 24, 430, 2, 24, 132, 4624 }, // N
    { 25, 25, 433, 1, 24, 157, 4756 }, // O
    { 19, 24, 353, 2, 24, 114, 4913 }, // P
    { 25, 28, 433, 1, 24, 175, 5027 }, // Q
    { 21, 24, 374, 2, 24, 126, 5202 }, // R
    { 20, 25, 338, 0, 24, 125, 5328 }, // S
    { 20, 24, 349, 1, 24, 120, 5453 }, // T
    { 21, 25, 408, 2, 24, 132, 5573 }, // U
    { 24, 24, 380, 0, 24, 144, 5705 }, // V
    { 33, 24, 530, 0, 24, 198, 5849 }, // W
    { 25, 24, 376, -1, 24, 150, 6047 }, // X
    { 25, 24, 367, -1, 24, 150, 6197 }, // Y
    { 19, 24, 364, 2, 24, 114, 6347 }, // Z
    { 11, 31, 224, 2, 24, 86, 6461 }, // [
    { 20, 28, 311, 0, 24, 140, 6547 }, // <backslash>
    { 11, 31, 224, 1, 24, 86, 6687 }, // ]
    { 20, 13, 316, 0, 25, 65, 6773 }, // ^
    { 21, 5, 366, 1, -2, 27, 6838 }, // _
    { 9, 8, 267, 4, 27, 18, 6865 }, // `
    { 19, 20, 351, 1, 19, 95, 6883 }, // a
    { 19, 26, 351, 2, 25, 124, 6978 }, // b
    { 17, 20, 291, 1, 19, 85, 7102 }, // c
    { 19, 26, 349, 1, 25, 124, 7187 }, // d
    { 18, 20, 312, 1, 19, 90, 7311 }, // e
    { 14, 25, 210, 0, 25, 88, 7401 }, // f
    { 20, 27, 357, 1, 19, 135, 7489 }, // g
    { 18, 25, 339, 2, 25, 113, 7624 }, // h
    { 7, 27, 170, 2, 27, 48, 7737 }, // i
    { 11, 34, 169, -2, 27, 94, 7785 }, // j
    { 19, 25, 334, 2, 25, 119, 7879 }, // k
    { 6, 25, 162, 2, 25, 38, 7998 }, // l
    { 28, 19, 513, 2, 19, 133, 8036 }, // m
    { 18, 19, 339, 2, 19, 86, 8169 }, // n
    { 20, 20, 342, 1, 19, 100, 8255 }, // o
    { 19, 27, 351, 2, 19, 129, 8355 }, // p
    { 19, 27, 351, 1, 19, 129, 8484 }, // q
    { 13, 19, 243, 2, 19, 62, 8613 }, // r
    { 16, 20, 264, 0, 19, 80, 8675 }, // s
    { 13, 23, 212, 0, 23, 75, 8755 }, // t
    { 17, 19, 342, 2, 18, 81, 8830 }, // u
    { 20, 18, 323, 0, 18, 90, 8911 }, // v
    { 28, 18, 445, 0, 18, 126, 9001 }, // w
    { 20, 18, 323, 0, 18, 90, 9127 }, // x
    { 21, 26, 331, 0, 18, 137, 9217 }, // y
    { 16, 18, 293, 1, 18, 72, 9354 }, // z
    { 13, 31, 228, 1, 24, 101, 9426 }, // {
    { 6, 32, 170, 2, 25, 48, 9527 }, // |
    { 13, 31, 228, 0, 24, 101, 9575 }, // }
    { 17, 8, 298, 1, 14, 34, 9676 }, // ~
    { 0, 0, 171, 0, 0, 0, 0 }, // U+00A0
    { 6, 26, 165, 2, 19, 39, 0 }, // U+00A1
    { 18, 24, 300, 1, 24, 108, 39 }, // U+00A2
    { 21, 25, 340, 0, 24, 132, 147 }, // U+00A3
    { 18, 17, 299, 0, 19, 77, 279 }, // U+00A4
    { 25, 24, 367, -1, 24, 150, 356 }, // U+00A5
    { 6, 32, 173, 2, 25, 48, 506 }, // U+00A6
    { 18, 29, 307, 1, 24, 131, 554 }, // U+00A7
    { 15, 7, 267, 1, 27, 27, 685 }, // U+00A8
    { 26, 25, 422, 0, 24, 163, 712 }, // U+00A9
    { 12, 12, 209, 0, 25, 36, 875 }, // U+00AA
    { 18, 17, 300, 0, 17, 77, 911 }, // U+00AB
    { 20, 11, 357, 1, 14, 55, 988 }, // U+00AC
    { 0, 0, 0, 0, 0, 0, 1043 }, // U+00AD
    { 17, 18, 270, 0, 25, 77, 1043 }, // U+00AE
    { 12, 4, 226, 2, 25, 12, 1120 }, // U+00AF
    { 12, 11, 284, 3, 24, 33, 1132 }, // U+00B0
    { 18, 21, 342, 2, 20, 95, 1165 }, // U+00B1
    { 11, 13, 194, 1, 27, 36, 1260 }, // U+00B2
    { 10, 14, 190, 1, 27, 35, 1296 }, // U+00B3
    { 9, 8, 267, 4, 27, 18, 1331 }, // U+00B4
    { 17, 24, 341, 2, 18, 102, 1349 }, // U+00B5
    { 22, 24, 407, 1, 24, 132, 1451 }, // U+00B6
    { 7, 7, 137, 1, 15, 13, 1583 }, // U+00B7
    { 8, 10, 267, 4, 1, 20, 1596 }, // U+00B8
    { 8, 14, 155, 0, 27, 28, 1616 }, // U+00B9
    { 12, 11, 213, 1, 24, 33, 1644 }, // U+00BA
    { 18, 17, 301, 1, 17, 77, 1677 }, // U+00BB
    { 26, 26, 438, 1, 25, 169, 1754 }, // U+00BC
    { 26, 25, 441, 1, 25, 163, 1923 }, // U+00BD
    { 28, 26, 453, 0, 25, 182, 2086 }, // U+00BE
    { 17, 26, 286, 0, 19, 111, 2268 }, // U+00BF
    { 25, 32, 370, -1, 32, 200, 2379 }, // U+00C0
    { 25, 32, 370, -1, 32, 200, 2579 }, // U+00C1
    { 25, 31, 370, -1, 31, 194, 2779 }, // U+00C2
    { 25, 31, 370, -1, 31, 194, 2973 }, // U+00C3
    { 25, 31, 370, -1, 31, 194, 3167 }, // U+00C4
    { 25, 31, 370, -1, 31, 194, 3361 }, // U+00C5
    { 35, 24, 573, -1, 24, 210, 3555 }, // U+00C6
    { 22, 33, 370, 1, 24, 182, 3765 }, // U+00C7
    { 18, 32, 344, 2, 32, 144, 3947 }, // U+00C8
    { 18, 32, 344, 2, 32, 144, 4091 }, // U+00C9
    { 18, 31, 344, 2, 31, 140, 4235 }, // U+00CA
    { 18, 31, 344, 2, 31, 140, 4375 }, // U+00CB
    { 15, 32, 296, 2, 32, 120, 4515 }, // U+00CC
    { 15, 32, 296, 2, 32, 120, 4635 }, // U+00CD
    { 15, 31, 296, 2, 31, 117, 4755 }, // U+00CE
    { 15, 31, 296, 2, 31, 117, 4872 }, // U+00CF
    { 24, 24, 412, 1, 24, 144, 4989 }, // U+00D0
    { 22, 31, 430, 2, 31, 171, 5133 }, // U+00D1
    { 25, 33, 433, 1, 32, 207, 5304 }, // U+00D2
    { 25, 33, 433, 1, 32, 207, 5511 }, // U+00D3
    { 25, 32, 433, 1, 31, 200, 5718 }, // U+00D4
    { 25, 32, 433, 1, 31, 200, 5918 }, // U+00D5
    { 25, 32, 433, 1, 31, 200, 6118 }, // U+00D6
    { 16, 16, 284, 1, 17, 64, 6318 }, // U+00D7
    { 25, 27, 430, 1, 25, 169, 6382 }, // U+00D8
    { 21, 33, 408, 2, 32, 174, 6551 }, // U+00D9
    { 21, 33, 408, 2, 32, 174, 6725 }, // U+00DA
    { 21, 32, 408, 2, 31, 168, 6899 }, // U+00DB
    { 21, 32, 408, 2, 31, 168, 7067 }, // U+00DC
    { 25, 32, 367, -1, 32, 200, 7235 }, // U+00DD
    { 19, 24, 353, 2, 24, 114, 7435 }, // U+00DE
    { 22, 26, 356, 0, 25, 143, 7549 }, // U+00DF
    { 19, 28, 351, 1, 27, 133, 7692 }, // U+00E0
    { 19, 28, 351, 1, 27, 133, 7825 }, // U+00E1
    { 19, 27, 351, 1, 26, 129, 7958 }, // U+00E2
    { 19, 27, 351, 1, 26, 129, 8087 }, // U+00E3
    { 19, 28, 351, 1, 27, 133, 8216 }, // U+00E4
    { 19, 29, 351, 1, 28, 138, 8349 }, // U+00E5
    { 28, 20, 480, 1, 19, 140, 8487 }, // U+00E6
    { 17, 28, 291, 1, 19, 119, 8627 }, // U+00E7
    { 18, 28, 312, 1, 27, 126, 8746 }, // U+00E8
    { 18, 28, 312, 1, 27, 126, 8872 }, // U+00E9
    { 18, 27, 312, 1, 26, 122, 8998 }, // U+00EA
    { 18, 28, 312, 1, 27, 126, 9120 }, // U+00EB
    { 10, 27, 154, -1, 27, 68, 9246 }, // U+00EC
    { 9, 27, 154, 0, 27, 61, 9314 }, // U+00ED
    { 14, 26, 154, -2, 26, 91, 9375 }, // U+00EE
    { 15, 27, 154, -3, 27, 102, 9466 }, // U+00EF
    { 18, 26, 318, 1, 25, 117, 9568 }, // U+00F0
    { 18, 26, 339, 2, 26, 117, 9685 }, // U+00F1
    { 20, 28, 342, 1, 27, 140, 9802 }, // U+00F2
    { 20, 28, 342, 1, 27, 140, 9942 }, // U+00F3
    { 20, 27, 342, 1, 26, 135, 10082 }, // U+00F4
    { 20, 27, 342, 1, 26, 135, 10217 }, // U+00F5
    { 20, 28, 342, 1, 27, 140, 10352 }, // U+00F6
    { 18, 20, 318, 1, 19, 90, 10492 }, // U+00F7
    { 20, 21, 342, 1, 19, 105, 10582 }, // U+00F8
    { 17, 28, 342, 2, 27, 119, 10687 }, // U+00F9
    { 17, 28, 342, 2, 27, 119, 10806 }, // U+00FA
    { 17, 27, 342, 2, 26, 115, 10925 }, // U+00FB
    { 17, 28, 342, 2, 27, 119, 11040 }, // U+00FC
    { 21, 35, 331, 0, 27, 184, 11159 }, // U+00FD
    { 19, 33, 351, 2, 25, 157, 11343 }, // U+00FE
    { 21, 35, 331, 0, 27, 184, 11500 }, // U+00FF
    { 0, 0, 293, 0, 0, 0, 0 }, // U+2007
    { 0, 0, 139, 0, 0, 0, 0 }, // U+2008
    { 0, 0, 109, 0, 0, 0, 0 }, // U+2009
    { 0, 0, 54, 0, 0, 0, 0 }, // U+200A
    { 0, 0, 0, 0, 0, 0, 0 }, // U+200B
    { 0, 0, 0, 0, 0, 0, 0 }, // U+200C
    { 0, 0, 0, 0, 0, 0, 0 }, // U+200D
    { 0, 0, 0, 0, 0, 0, 0 }, // U+200E
    { 0, 0, 0, 0, 0, 0, 0 }, // U+200F
    { 13, 6, 239, 1, 13, 20, 0 }, // U+2010
    { 17, 5, 311, 1, 12, 22, 20 }, // U+2012
    { 17, 5, 317, 1, 12, 22, 42 }, // U+2013
    { 29, 5, 498, 1, 12, 37, 64 }, // U+2014
    { 28, 5, 492, 1, 12, 35, 101 }, // U+2015
    { 8, 12, 147, 1, 26, 24, 136 }, // U+2018
    { 8, 11, 147, 0, 25, 22, 160 }, // U+2019
    { 8, 12, 153, 1, 5, 24, 182 }, // U+201A
    { 15, 12, 270, 1, 26, 45, 206 }, // U+201C
    { 16, 11, 269, 0, 25, 44, 251 }, // U+201D
    { 15, 12, 273, 1, 5, 45, 295 }, // U+201E
    { 13, 19, 235, 1, 25, 62, 340 }, // U+2020
    { 12, 20, 227, 1, 25, 60, 402 }, // U+2021
    { 10, 10, 185, 1, 17, 25, 462 }, // U+2022
    { 23, 7, 392, 1, 6, 41, 487 }, // U+2026
    { 0, 0, 0, 0, 0, 0, 528 }, // U+202A
    { 0, 0, 0, 0, 0, 0, 528 }, // U+202B
    { 0, 0, 0, 0, 0, 0, 528 }, // U+202C
    { 0, 0, 0, 0, 0, 0, 528 }, // U+202D
    { 0, 0, 0, 0, 0, 0, 528 }, // U+202E
    { 43, 25, 720, 1, 24, 269, 528 }, // U+2030
    { 15, 10, 264, 1, 24, 38, 797 }, // U+2033
    { 10, 17, 168, 0, 17, 43, 835 }, // U+2039
    { 10, 17, 169, 1, 17, 43, 878 }, // U+203A
    { 22, 24, 323, -1, 24, 132, 921 }, // U+2044
    { 0, 0, 0, 0, 0, 0, 1053 }, // U+2060
    { 0, 0, 0, 0, 0, 0, 1053 }, // U+2061
    { 0, 0, 0, 0, 0, 0, 1053 }, // U+2062
    { 0, 0, 0, 0, 0, 0, 1053 }, // U+2063
    { 0, 0, 0, 0, 0, 0, 1053 }, // U+2064
    { 0, 0, 0, 0, 0, 0, 1053 }, // U+2066
    { 0, 0, 0, 0, 0, 0, 1053 }, // U+2067
    { 0, 0, 0, 0, 0, 0, 1053 }, // U+2068
    { 0, 0, 0, 0, 0, 0, 1053 }, // U+2069
    { 0, 0, 0, 0, 0, 0, 1053 }, // U+206A
    { 0, 0, 0, 0, 0, 0, 1053 }, // U+206B
    { 0, 0, 0, 0, 0, 0, 1053 }, // U+206C
    { 0, 0, 0, 0, 0, 0, 1053 }, // U+206D
    { 0, 0, 0, 0, 0, 0, 1053 }, // U+206E
    { 0, 0, 0, 0, 0, 0, 1053 }, // U+206F
    { 22, 31, 370, 1, 27, 171, 0 }, // U+20A1
    { 18, 24, 330, 1, 24, 108, 171 }, // U+20A3
    { 21, 25, 339, 0, 24, 132, 279 }, // U+20A4
    { 28, 24, 455, 0, 24, 168, 411 }, // U+20A6
    { 24, 24, 418, 1, 24, 144, 579 }, // U+20A7
    { 34, 24, 538, 0, 24, 204, 723 }, // U+20A9
    { 17, 25, 291, 1, 24, 107, 927 }, // U+20AB
    { 22, 25, 362, 0, 24, 138, 1034 }, // U+20AC
    { 25, 24, 408, 1, 24, 150, 1172 }, // U+20AD
    { 24, 24, 415, 1, 24, 144, 1322 }, // U+20B1
    { 24, 32, 417, 1, 27, 192, 1466 }, // U+20B2
    { 22, 31, 370, 1, 27, 171, 1658 }, // U+20B5
    { 19, 25, 321, 1, 24, 119, 1829 }, // U+20B9
    { 21, 25, 333, 0, 24, 132, 1948 }, // U+20BA
    { 21, 28, 413, 2, 28, 147, 2080 }, // U+20BC
    { 22, 24, 378, 1, 24, 132, 2227 }, // U+20BD
    { 8, 22, 165, 1, 22, 44, 0 }, // U+2669
    { 13, 22, 240, 1, 22, 72, 44 }, // U+266A
    { 19, 25, 342, 1, 23, 119, 116 }, // U+266B
    { 19, 25, 342, 1, 23, 119, 235 }, // U+266C
    { 9, 21, 185, 1, 20, 48, 354 }, // U+266D
    { 10, 21, 190, 1, 14, 53, 402 }, // U+266E
    { 16, 28, 295, 1, 20, 112, 455 }, // U+266F
    { 38, 35, 677, 2, 29, 333, 567 }, // U+2764
    { 22, 27, 380, 0, 27, 149, 0 }, // U+FB01
    { 21, 25, 372, 0, 25, 132, 149 }, // U+FB02
    { 32, 35, 677, 5, 29, 280, 0 }, // U+1F44D
    { 34, 35, 677, 4, 29, 298, 280 }, // U+1F600
};

static const EpdUnicodeInterval lexenddeca_16_boldIntervals[] = {
    { 0x20, 0x7E, 0x0 },
    { 0xA0, 0xFF, 0x5F },
    { 0x2007, 0x2010, 0xBF },
    { 0x2012, 0x2015, 0xC9 },
    { 0x2018, 0x201A, 0xCD },
    { 0x201C, 0x201E, 0xD0 },
    { 0x2020, 0x2022, 0xD3 },
    { 0x2026, 0x2026, 0xD6 },
    { 0x202A, 0x202E, 0xD7 },
    { 0x2030, 0x2030, 0xDC },
    { 0x2033, 0x2033, 0xDD },
    { 0x2039, 0x203A, 0xDE },
    { 0x2044, 0x2044, 0xE0 },
    { 0x2060, 0x2064, 0xE1 },
    { 0x2066, 0x206F, 0xE6 },
    { 0x20A1, 0x20A1, 0xF0 },
    { 0x20A3, 0x20A4, 0xF1 },
    { 0x20A6, 0x20A7, 0xF3 },
    { 0x20A9, 0x20A9, 0xF5 },
    { 0x20AB, 0x20AD, 0xF6 },
    { 0x20B1, 0x20B2, 0xF9 },
    { 0x20B5, 0x20B5, 0xFB },
    { 0x20B9, 0x20BA, 0xFC },
    { 0x20BC, 0x20BD, 0xFE },
    { 0x2669, 0x266F, 0x100 },
    { 0x2764, 0x2764, 0x107 },
    { 0xFB01, 0xFB02, 0x108 },
    { 0x1F44D, 0x1F44D, 0x10A },
    { 0x1F600, 0x1F600, 0x10B },
};

static const EpdFontGroup lexenddeca_16_boldGroups[] = {
    { 0, 3975, 10515, 95, 0 },
    { 3975, 3559, 12821, 96, 95 },
    { 7534, 520, 1128, 49, 191 },
    { 8054, 1025, 2536, 16, 240 },
    { 9079, 466, 970, 8, 256 },
    { 9545, 98, 312, 2, 264 },
    { 9643, 350, 595, 2, 266 },
};

static const EpdKernClassEntry lexenddeca_16_boldKernLeftClasses[] = {
    { 0x0026, 1 }, // &
    { 0x0028, 2 }, // (
    { 0x002A, 3 }, // *
    { 0x002C, 4 }, // ,
    { 0x002E, 5 }, // .
    { 0x002F, 6 }, // /
    { 0x0030, 7 }, // 0
    { 0x0031, 8 }, // 1
    { 0x0032, 9 }, // 2
    { 0x0033, 10 }, // 3
    { 0x0034, 11 }, // 4
    { 0x0035, 12 }, // 5
    { 0x0037, 13 }, // 7
    { 0x0039, 7 }, // 9
    { 0x003C, 14 }, // <
    { 0x003E, 15 }, // >
    { 0x003F, 16 }, // ?
    { 0x0040, 17 }, // @
    { 0x0041, 18 }, // A
    { 0x0042, 19 }, // B
    { 0x0043, 20 }, // C
    { 0x0044, 21 }, // D
    { 0x0045, 22 }, // E
    { 0x0046, 23 }, // F
    { 0x0047, 24 }, // G
    { 0x0049, 25 }, // I
    { 0x004A, 26 }, // J
    { 0x004B, 27 }, // K
    { 0x004C, 28 }, // L
    { 0x004F, 21 }, // O
    { 0x0050, 29 }, // P
    { 0x0051, 30 }, // Q
    { 0x0052, 31 }, // R
    { 0x0053, 32 }, // S
    { 0x0054, 33 }, // T
    { 0x0055, 34 }, // U
    { 0x0056, 35 }, // V
    { 0x0057, 36 }, // W
    { 0x0058, 37 }, // X
    { 0x0059, 38 }, // Y
    { 0x005A, 39 }, // Z
    { 0x005B, 40 }, // [
    { 0x005C, 41 }, // <backslash>
    { 0x005F, 42 }, // _
    { 0x0061, 43 }, // a
    { 0x0062, 44 }, // b
    { 0x0063, 45 }, // c
    { 0x0064, 46 }, // d
    { 0x0065, 47 }, // e
    { 0x0066, 48 }, // f
    { 0x0067, 49 }, // g
    { 0x0068, 50 }, // h
    { 0x0069, 51 }, // i
    { 0x006A, 52 }, // j
    { 0x006B, 53 }, // k
    { 0x006C, 54 }, // l
    { 0x006D, 50 }, // m
    { 0x006E, 50 }, // n
    { 0x006F, 44 }, // o
    { 0x0070, 44 }, // p
    { 0x0071, 55 }, // q
    { 0x0072, 56 }, // r
    { 0x0073, 57 }, // s
    { 0x0074, 58 }, // t
    { 0x0075, 59 }, // u
    { 0x0076, 60 }, // v
    { 0x0077, 61 }, // w
    { 0x0078, 62 }, // x
    { 0x0079, 63 }, // y
    { 0x007A, 64 }, // z
    { 0x007B, 65 }, // {
    { 0x007D, 66 }, // }
    { 0x00A1, 67 }, // U+00A1
    { 0x00A3, 68 }, // U+00A3
    { 0x00B7, 69 }, // U+00B7
    { 0x00BF, 70 }, // U+00BF
    { 0x00C0, 18 }, // U+00C0
    { 0x00C1, 18 }, // U+00C1
    { 0x00C2, 18 }, // U+00C2
    { 0x00C3, 18 }, // U+00C3
    { 0x00C4, 18 }, // U+00C4
    { 0x00C5, 18 }, // U+00C5
    { 0x00C6, 22 }, // U+00C6
    { 0x00C8, 22 }, // U+00C8
    { 0x00C9, 22 }, // U+00C9
    { 0x00CA, 22 }, // U+00CA
    { 0x00CB, 22 }, // U+00CB
    { 0x00D0, 21 }, // U+00D0
    { 0x00D2, 21 }, // U+00D2
    { 0x00D3, 21 }, // U+00D3
    { 0x00D4, 21 }, // U+00D4
    { 0x00D5, 21 }, // U+00D5
    { 0x00D6, 21 }, // U+00D6
    { 0x00D8, 21 }, // U+00D8
    { 0x00D9, 34 }, // U+00D9
    { 0x00DA, 34 }, // U+00DA
    { 0x00DB, 34 }, // U+00DB
    { 0x00DC, 34 }, // U+00DC
    { 0x00DD, 38 }, // U+00DD
    { 0x00DE, 71 }, // U+00DE
    { 0x00DF, 72 }, // U+00DF
    { 0x00E0, 43 }, // U+00E0
    { 0x00E1, 43 }, // U+00E1
    { 0x00E2, 43 }, // U+00E2
    { 0x00E3, 43 }, // U+00E3
    { 0x00E4, 43 }, // U+00E4
    { 0x00E5, 43 }, // U+00E5
    { 0x00E7, 45 }, // U+00E7
    { 0x00E8, 47 }, // U+00E8
    { 0x00E9, 47 }, // U+00E9
    { 0x00EA, 47 }, // U+00EA
    { 0x00EB, 47 }, // U+00EB
    { 0x00EC, 51 }, // U+00EC
    { 0x00ED, 51 }, // U+00ED
    { 0x00EE, 51 }, // U+00EE
    { 0x00EF, 51 }, // U+00EF
    { 0x00F0, 73 }, // U+00F0
    { 0x00F1, 50 }, // U+00F1
    { 0x00F2, 44 }, // U+00F2
    { 0x00F3, 44 }, // U+00F3
    { 0x00F4, 44 }, // U+00F4
    { 0x00F5, 44 }, // U+00F5
    { 0x00F6, 44 }, // U+00F6
    { 0x00F8, 44 }, // U+00F8
    { 0x00F9, 59 }, // U+00F9
    { 0x00FA, 59 }, // U+00FA
    { 0x00FB, 59 }, // U+00FB
    { 0x00FC, 59 }, // U+00FC
    { 0x00FD, 63 }, // U+00FD
    { 0x00FE, 44 }, // U+00FE
    { 0x00FF, 63 }, // U+00FF
    { 0x2018, 74 }, // U+2018
    { 0x2019, 75 }, // U+2019
    { 0x201C, 76 }, // U+201C
    { 0x201D, 77 }, // U+201D
    { 0x2022, 78 }, // U+2022
    { 0xFB01, 51 }, // U+FB01
    { 0xFB02, 54 }, // U+FB02
};

static const EpdKernClassEntry lexenddeca_16_boldKernRightClasses[] = {
    { 0x0021, 1 }, // !
    { 0x0026, 2 }, // &
    { 0x0029, 3 }, // )
    { 0x002A, 4 }, // *
    { 0x002C, 5 }, // ,
    { 0x002D, 6 }, // -
    { 0x002E, 7 }, // .
    { 0x002F, 8 }, // /
    { 0x0030, 9 }, // 0
    { 0x0031, 10 }, // 1
    { 0x0032, 11 }, // 2
    { 0x0034, 12 }, // 4
    { 0x0036, 13 }, // 6
    { 0x0037, 14 }, // 7
    { 0x0038, 15 }, // 8
    { 0x003C, 16 }, // <
    { 0x003F, 17 }, // ?
    { 0x0040, 18 }, // @
    { 0x0041, 19 }, // A
    { 0x0043, 20 }, // C
    { 0x0047, 20 }, // G
    { 0x0049, 21 }, // I
    { 0x004A, 22 }, // J
    { 0x004F, 20 }, // O
    { 0x0051, 20 }, // Q
    { 0x0053, 23 }, // S
    { 0x0054, 24 }, // T
    { 0x0055, 25 }, // U
    { 0x0056, 26 }, // V
    { 0x0057, 27 }, // W
    { 0x0058, 28 }, // X
    { 0x0059, 29 }, // Y
    { 0x005A, 30 }, // Z
    { 0x005B, 31 }, // [
    { 0x005C, 32 }, // <backslash>
    { 0x005D, 33 }, // ]
    { 0x005F, 34 }, // _
    { 0x0061, 35 }, // a
    { 0x0062, 36 }, // b
    { 0x0063, 35 }, // c
    { 0x0064, 35 }, // d
    { 0x0065, 35 }, // e
    { 0x0066, 37 }, // f
    { 0x0067, 38 }, // g
    { 0x0068, 36 }, // h
    { 0x006A, 39 }, // j
    { 0x006B, 36 }, // k
    { 0x006C, 36 }, // l
    { 0x006D, 40 }, // m
    { 0x006E, 40 }, // n
    { 0x006F, 35 }, // o
    { 0x0070, 41 }, // p
    { 0x0071, 35 }, // q
    { 0x0072, 40 }, // r
    { 0x0073, 42 }, // s
    { 0x0074, 43 }, // t
    { 0x0075, 44 }, // u
    { 0x0076, 45 }, // v
    { 0x0077, 46 }, // w
    { 0x0078, 47 }, // x
    { 0x0079, 48 }, // y
    { 0x007A, 49 }, // z
    { 0x007B, 31 }, // {
    { 0x007D, 50 }, // }
    { 0x00A1, 51 }, // U+00A1
    { 0x00B7, 52 }, // U+00B7
    { 0x00BF, 53 }, // U+00BF
    { 0x00C0, 54 }, // U+00C0
    { 0x00C1, 54 }, // U+00C1
    { 0x00C2, 54 }, // U+00C2
    { 0x00C3, 54 }, // U+00C3
    { 0x00C4, 54 }, // U+00C4
    { 0x00C5, 54 }, // U+00C5
    { 0x00C6, 55 }, // U+00C6
    { 0x00C7, 20 }, // U+00C7
    { 0x00D2, 20 }, // U+00D2
    { 0x00D3, 20 }, // U+00D3
    { 0x00D4, 20 }, // U+00D4
    { 0x00D5, 20 }, // U+00D5
    { 0x00D6, 20 }, // U+00D6
    { 0x00D8, 20 }, // U+00D8
    { 0x00D9, 25 }, // U+00D9
    { 0x00DA, 25 }, // U+00DA
    { 0x00DB, 25 }, // U+00DB
    { 0x00DC, 25 }, // U+00DC
    { 0x00DD, 56 }, // U+00DD
    { 0x00DF, 57 }, // U+00DF
    { 0x00E0, 35 }, // U+00E0
    { 0x00E1, 35 }, // U+00E1
    { 0x00E2, 35 }, // U+00E2
    { 0x00E3, 35 }, // U+00E3
    { 0x00E4, 35 }, // U+00E4
    { 0x00E5, 35 }, // U+00E5
    { 0x00E7, 35 }, // U+00E7
    { 0x00E8, 35 }, // U+00E8
    { 0x00E9, 35 }, // U+00E9
    { 0x00EA, 35 }, // U+00EA
    { 0x00EB, 35 }, // U+00EB
    { 0x00F0, 58 }, // U+00F0
    { 0x00F1, 40 }, // U+00F1
    { 0x00F2, 35 }, // U+00F2
    { 0x00F3, 35 }, // U+00F3
    { 0x00F4, 35 }, // U+00F4
    { 0x00F5, 35 }, // U+00F5
    { 0x00F6, 35 }, // U+00F6
    { 0x00F8, 35 }, // U+00F8
    { 0x00F9, 44 }, // U+00F9
    { 0x00FA, 44 }, // U+00FA
    { 0x00FB, 44 }, // U+00FB
    { 0x00FC, 44 }, // U+00FC
    { 0x00FD, 48 }, // U+00FD
    { 0x00FE, 59 }, // U+00FE
    { 0x00FF, 48 }, // U+00FF
    { 0x2013, 6 }, // U+2013
    { 0x2014, 60 }, // U+2014
    { 0x2018, 61 }, // U+2018
    { 0x2019, 62 }, // U+2019
    { 0x201C, 63 }, // U+201C
    { 0x201D, 64 }, // U+201D
    { 0x2022, 65 }, // U+2022
    { 0xFB01, 37 }, // U+FB01
    { 0xFB02, 37 }, // U+FB02
};

static const int8_t lexenddeca_16_boldKernMatrix[] = {
       0,    0,   -8,    0,    0,    0,    0,    0,    0,    0,    0,    0,    0,    0,    0,    0,    0,    0,    0,    0,    0,    0,    0,  -29,    0,  -32,  -21,    0,  -27,    0,    0,    0,    0,    0,    0,    0,    0,    0,    0,    0,    0,    0,    0,    0,  -16,  -16,    0,  -16,    0,    0,    0,    0,    0,    0,    0,  -27,    0,   -5,    0,    0,    0,    0,    0,    0,    0,
       0,    0,    0,    0,    0,    0,    0,    0,    0,    0,    0,    0,    0,    0,    0,    0,    0,    0,    0,  -16,    0,  -21,    0,    0,    0,    0,    0,    0,    0,    0,    0,    0,    0,    0,  -13,    0,    0,  -13,   16,    0,   16,    0,    0,    0,    0,    0,    0,    0,    0,    0,    0,    0,    0,    0,    0,    0,    0,  -13,    8,    0,    0,    0,    0,    0,    0,
       0,    0,    0,    0,    0,    0,    0,    0,    0,    0,    0,    0,    0,    0,    0,    0,    0,    0,  -40,    0,    0,    0,    0,    0,    0,    0,    0,    0,    0,    0,    0,    0,    0,    0,    0,    0,    0,    0,    0,    0,    0,    0,    0,    0,    3,    0,    0,    0,    0,    0,    0,    0,    0,  -40,    0,    0,    0,  -13,    0,    0,    0,    0,    0,    0,    0,
       0,    0,    0,    0,    0,    0,    0,    0,    0,    0,    0,  -13,    0,    0,    0,    0,    0,    0,    0,  -11,    0,    0,    0,  -53,    0,  -64,  -43,    0,  -64,    0,    0,    0,    0,    0,    0,    0,    0,    0,    0,    0,    0,    0,    0,    0,  -43,  -21,    0,  -21,    0,    0,    0,    0,    0,    0,    0,  -64,    0,    0,    0,    0,    0,    0,    0,    0,    0,
       0,    0,    0,    0,    0,    0,    0,    0,    0,    0,    0,  -13,    0,    0,    0,    0,    0,    0,    0,  -11,    0,    0,    0,  -53,    0,  -53,  -43,    0,  -64,    0,    0,    0,    0,    0,    0,    0,    0,    0,    0,    0,    0,    0,    0,    0,  -43,  -21,    0,  -21,    0,    0,    0,    0,    0,    0,    0,  -64,    0,    0,    0,    0,    0,    0,    0,    0,    0,
       0,    0,    0,    0,    0,    0,    0,  -49,  -27,  -16,  -16,  -32,  -27,    0,    0,    0,    0,    0,  -53,  -21,    0,  -27,    0,    0,    0,    0,    0,    0,    0,    0,    0,    0,    0,    0,  -27,    0,    0,  -27,    0,    0,    0,  -16,    0,    0,   -1,    0,   -3,    0,    0,    0,    0,    0,    0,  -53,    0,    0,   -6,  -17,    0,    0,    0,    0,    0,    0,    0,
       0,    0,    0,    0,    0,    0,    0,  -27,    0,    0,    0,    0,    0,    0,    0,    0,    0,    0,    0,    0,    0,    0,    0,    0,    0,    0,    0,    0,    0,    0,    0,    0,    0,    0,    0,    0,    0,    0,    0,    0,    0,    0,    0,    0,    0,    0,    0,    0,    0,    0,    0,    0,    0,    0,    0,    0,    0,    0,    0,    0,    0,    0,    0,    0,    0,
       0,    0,    0,    0,    0,    0,    0,    0,    0,    0,    0,    0,    0,    0,    0,  -21,    0,    0,    0,    0,    0,    0,    0,    0,    0,    0,    0,    0,    0,    0,    0,    0,    0,    0,    0,    0,    0,    0,    0,    0,    0,    0,    0,    0,    0,    0,    0,    0,    0,    0,    0,    0,    0,    0,    0,    0,    0,    0,    0,    0,    0,    0,    0,    0,    0,
       0,    0,    0,    0,    0,    0,    0,    0,    0,    0,    0,  -11,    0,    0,    0,    0,    0,    0,    0,    0,    0,    0,    0,    0,    0,    0,    0,    0,    0,    0,    0,    0,    0,    0,    0,    0,    0,    0,    0,    0,    0,    0,    0,    0,    0,    0,    0,    0,    0,    5,    0,    0,    0,    0,    0,    0,    0,    0,    0,    0,    0,    0,    0,    0,    0,
       0,    0,    0,    0,    0,    0,    0,  -13,    0,    0,    0,    0,    0,    0,    0,    0,    0,    0,    0,    0,    0,    0,    0,    0,    0,    0,    0,    0,    0,    0,    0,    0,    0,    0,    0,    0,    0,    0,    0,    0,    0,    0,    0,    0,    0,    0,    0,    0,    0,    0,    0,    0,    0,    0,    0,    0,    0,    0,    0,    0,    0,    0,    0,    0,    0,
       0,    0,    0,    0,    0,    0,    0,    0,    0,    0,  -11,    0,    0,  -11,    0,    0,    0,    0,    0,    0,    0,    0,    0,    0,    0,    0,    0,    0,    0,    0,    0,    0,    0,    0,    0,    0,    0,    0,    0,    0,    0,    0,    0,    0,    0,    0,    0,    0,    0,    0,    0,    0,    0,    0,    0,    0,    0,    0,    0,    0,    0,    0,    0,    0,    0,
       0,    0,    0,    0,    0,    0,    0,  -21,    0,    0,    0,    0,    0,    0,    0,    0,    0,    0,    0,    0,    0,    0,    0,    0,    0,    0,    0,    0,    0,    0,    0,    0,    0,    0,    0,    0,    0,    0,    0,    0,    0,    0,    0,    0,    0,    0,    0,    0,    0,    0,    0,    0,    0,    0,    0,    0,    0,    0,    0,    0,    0,    0,    0,    0,    0,
       0,    0,    0,    0,  -53,    0,  -43,  -64,    0,   -8,  -11,  -13,  -11,    0,  -11,  -27,    0,    0,    0,    0,    0,    0,    0,    0,    0,    0,    0,    0,    0,    0,    0,    0,    0,    0,    0,    0,    0,    0,    0,    0,    0,    0,    0,    0,    0,    0,    0,    0,    0,    0,    0,    0,    0,    0,    0,    0,    0,    0,    0,    0,    0,    0,    0,    0,    0,
       0,    0,    0,    0,    0,    0,    0,    0,    0,  -11,    0,    0,    0,    0,    0,    0,    0,    0,    0,    0,    0,    0,    0,    0,    0,    0,    0,    0,    0,    0,    0,    0,    0,    0,    0,    0,    0,    0,    0,    0,    0,    0,    0,    0,    0,    0,    0,    0,    0,    0,    0,    0,    0,    0,    0,    0,    0,    0,    0,    0,    0,    0,    0,    0,    0,
       0,    0,    0,    0,    0,    0,    0,    0,    0,  -32,  -16,    0,    0,  -27,    0,    0,    0,    0,    0,    0,    0,    0,    0,    0,    0,    0,    0,    0,    0,    0,    0,    0,    0,    0,    0,    0,    0,    0,    0,    0,    0,    0,    0,    0,    0,    0,    0,    0,    0,    0,    0,    0,    0,    0,    0,    0,    0,    0,    0,    0,    0,    0,    0,    0,    0,
       0,    0,    0,    0,    0,    0,    0,    0,    0,    0,    0,    0,    0,    0,    0,    0,    0,    0,  -21,    0,    0,  -40,    0,    0,    0,    0,    0,    0,    0,    0,    0,    0,    0,    0,    0,    0,    0,    0,    0,    0,    0,    0,    0,    0,    0,    0,    0,    0,    0,    0,    0,    0,    0,  -21,    0,    0,    0,   -8,    0,    0,    0,    0,    0,    0,    0,
       0,    0,    0,    0,    0,    0,    0,    0,    0,    0,    0,    0,    0,    0,    0,    0,    0,    0,    0,    0,    0,    0,    0,    0,    0,   -3,    0,    0,    0,    0,    0,    0,    0,    0,    0,    0,    0,    0,    0,    0,    0,    0,    0,    0,    0,    0,   -2,    0,    0,    0,    0,    0,    0,    0,    0,    0,    0,    0,    0,    0,    0,    0,    0,    0,    0,
       0,    0,    0,  -40,    0,  -27,    0,    0,    0,    0,    0,    0,    0,    0,    0,    0,    0,    0,    0,  -11,    0,    0,    0,  -27,  -11,  -40,  -21,    0,  -43,    0,    0,  -53,    0,    0,  -11,    0,  -11,   -5,    0,    0,    0,    0,   -3,   -5,  -27,  -24,    0,  -13,    0,    0,    0,    0,    0,    0,    0,  -43,  -11,  -11,    0,  -27,  -69,  -72,  -37,  -40,    0,
       0,    0,  -11,    0,    0,    0,    0,  -21,    0,    0,    0,    0,    0,    0,    0,    0,    0,    0,    0,    0,    0,    0,    0,   -8,    0,   -4,   -3,   -6,  -12,    0,    0,    0,    0,    0,   -1,   -2,    0,   -3,    0,    0,    0,    0,    0,    0,    0,    0,   -2,    0,    0,    0,    0,    0,    0,    0,    0,  -12,    0,   -1,   -2,    0,    0,    0,    0,    0,    0,
       0,    0,   11,    0,    0,    0,    0,    0,    0,    0,    0,    0,    0,    0,    0,    0,    0,    0,    0,    0,    0,    0,    0,    0,    0,    0,    0,    0,    0,    0,    0,    0,    0,    0,    0,    0,    0,    0,    0,    0,    0,    0,    0,    0,    0,    0,    0,    0,    0,    0,    0,    0,    0,    0,    0,    0,    0,    0,    0,    0,    0,   21,    0,   21,    0,
       0,    0,  -16,    0,    0,    0,  -11,  -21,    0,    0,    0,    0,    0,    0,    0,    0,    0,    0,  -11,    0,   -8,   -8,    0,  -16,    0,  -16,   -3,  -19,  -19,  -24,    0,  -27,    0,    0,    0,    0,    0,    0,    0,    0,    0,    0,    0,    0,    0,    0,   -5,    0,   -1,  -13,    0,    0,    0,  -11,    0,  -19,    0,    0,    0,    0,    0,    0,    0,    0,    0,
       0,    0,    0,    0,    0,    0,    0,    0,    0,    0,    0,    0,    0,    0,    0,    0,    0,    0,    0,    0,    0,   -5,    0,    0,    0,    0,    0,    0,    0,    0,    0,    0,    0,    0,   -3,    0,    0,   -5,    0,    0,    0,    0,    0,   -5,   -8,    0,    0,   -5,    0,    0,    0,    0,    0,    0,    0,    0,    0,   -3,    0,    0,    0,    0,    0,    0,    0,
       0,    0,    0,    0,  -43,    0,  -43,    0,    0,    0,    0,    0,    0,    0,    0,    0,    0,    0,  -32,   -5,    0,  -64,   -3,    8,    0,    0,    0,   -3,    0,    0,    0,    0,    0,    0,   -8,    0,    0,   -5,    0,   -5,   -5,   -5,    0,   -8,   -3,    0,   -8,    0,   -3,    0,    0,    0,    0,  -32,  -58,    0,    0,   -8,    0,    0,    0,    0,    0,    0,    0,
       0,    0,    0,    0,    0,    0,    0,  -21,    0,    0,    0,    0,    0,    0,    0,    0,    0,    0,   -5,    0,   -5,    0,    0,  -13,    0,   -8,   -5,    0,  -13,    0,    0,  -27,    0,    0,    0,    0,    0,    0,    0,    0,    0,    0,    0,    0,    0,    0,    0,    0,    0,    0,    0,    0,    0,   -5,    0,  -13,    0,    0,    0,    0,    0,    0,    0,    0,    0,
       0,    0,    0,    0,    0,    0,    0,    0,    0,    0,    0,    0,    0,    0,    0,    0,    0,    0,    0,   -8,    0,    0,    0,    0,    0,    0,    0,    0,    0,    0,    0,    0,    0,    0,    0,    0,    0,    0,    0,    0,    0,    0,    0,    0,    0,    0,    0,    0,    0,    0,    0,    0,    0,    0,    0,    0,    0,    0,    0,    0,    0,    0,    0,    0,    0,
       0,    0,   21,    0,  -37,    0,  -27,  -27,    0,    0,    0,    0,    0,    0,    0,    0,    0,    0,  -40,  -16,    0,  -27,    0,    0,    0,    0,    0,    0,    0,    0,    0,    0,   16,    0,  -27,    0,  -27,  -27,    0,  -21,  -21,  -21,    0,  -27,  -21,  -11,    0,  -21,  -11,   21,    0,    0,    0,  -40,    0,    0,  -27,  -27,    0,    0,   32,   43,   32,   43,    0,
       0,    0,    0,    0,    0,  -48,    0,    0,    0,    0,    0,    0,    0,    0,    0,    0,    0,    0,    0,  -24,    0,  -16,   -5,    0,   -8,   -3,   -3,    0,   11,    0,    0,    0,    0,    0,  -24,    0,    0,    0,    0,   -4,   -4,   -2,   -2,   -6,  -21,  -21,    0,  -21,    0,    0,    0,    0,    0,    0,    0,   11,    0,  -24,    0,  -48,    0,    0,    0,    0,    0,
       0,    0,    0,  -40,    0,  -32,    0,    0,    0,    0,    0,    0,    0,    0,    0,    0,    0,    0,    0,  -11,    0,    0,    0,  -45,  -11,  -40,  -40,    0,  -64,    0,    0,  -53,    0,    0,  -11,    0,    0,    0,    0,    0,    0,    0,   -3,    0,  -13,   -3,    0,  -21,   11,    0,    0,    0,    0,    0,    0,  -64,    0,  -11,    0,  -32,  -64,  -53,  -64,  -53,    0,
       0,    0,    0,    0,  -69,    0,  -53,  -43,    0,    0,    0,    0,    0,    0,    0,    0,    0,    0,  -35,    0,    0,  -40,    0,    0,    0,    0,    4,   -8,    0,   -8,    0,  -27,    0,    0,   -5,    0,    4,   -5,    0,    0,    0,    0,    8,   -3,    5,    8,    0,    5,    0,    0,    0,    0,    0,  -35,    0,    0,    4,   -5,    0,    0,   16,   27,   16,   27,    0,
       0,    0,  -16,    0,    0,    0,  -11,  -21,    0,    0,    0,    0,    0,    0,    0,    0,    0,    0,  -11,    0,   -8,   -8,    0,  -16,    0,  -16,   -3,  -19,  -19,  -24,    0,  -27,    0,   -5,    0,    0,    0,    0,    0,    0,    0,    0,    0,    0,    0,    0,   -5,    0,   -1,  -13,    0,    0,    0,  -11,    0,  -19,    0,    0,    0,    0,    0,    0,    0,    0,    0,
       0,    0,    0,    0,    0,  -32,    0,    0,    0,    0,    0,    0,    0,    0,    0,    0,    0,    0,    0,   -5,    0,  -16,    0,  -11,   -3,  -16,   -1,    0,  -27,    0,    0,  -21,    0,    0,  -11,    0,    0,    0,    0,    0,    0,    0,    0,   -5,    0,    0,    0,    0,    0,    0,    0,    0,    0,    0,    0,  -27,    0,  -11,    0,  -32,    0,    0,    0,    0,    0,
       0,    0,    0,    0,    0,    0,    0,    0,    0,    0,    0,    0,    0,    0,    0,    0,    0,    0,    0,    0,    0,    0,    0,    0,    0,    0,    0,   -8,   -8,    0,    0,    0,    0,    0,    0,    0,    0,    0,    0,    0,    0,    0,    0,    0,    0,    0,    0,    0,    0,    0,    0,    0,    0,    0,    0,   -8,    0,    0,    0,    0,    0,    0,    0,    0,    0,
       0,  -29,    0,    0,  -53,  -53,  -53,  -32,    0,    0,    0,    0,    0,    0,    0,    0,    0,    0,  -27,  -16,    0,  -43,    0,   16,    0,    5,    5,    0,    5,    0,    0,    0,    0,    0,  -53,    0,    0,  -24,    0,  -32,  -11,  -53,    0,  -53,   -5,  -37,   -8,  -27,  -37,    0,    0,    0,    0,  -27,  -62,    5,    0,  -53,    0,  -53,    0,    0,    0,    0,    0,
       0,    0,    0,    0,    0,    0,    0,    0,    0,    0,    0,    0,    0,    0,    0,    0,    0,    0,  -11,    0,    0,   -5,   -5,    0,    0,    0,    0,   -5,   -5,    0,    0,    0,    0,    0,    0,    0,    0,    0,    0,    0,    0,    0,    0,    0,    0,    0,   -3,    0,    0,    0,    0,    0,    0,  -11,    0,   -5,    0,    0,    0,    0,    0,    0,    0,    0,    0,
       0,  -27,    0,    0,  -64,    0,  -53,  -43,    0,    0,    0,    0,    0,    0,    0,    0,    4,   -3,  -40,  -16,    0,  -53,   -5,    5,    0,    0,    0,    0,    0,    0,  -53,    0,    0,  -15,  -32,    0,    0,  -11,    0,  -11,   -7,   -8,    0,  -13,    0,    0,    0,    0,   -3,  -53,   -3,   -6,  -11,  -40,  -70,    0,    0,  -32,    0,  -53,    0,    0,    0,    0,   -4,
       0,  -16,    0,    0,  -43,    0,  -43,  -43,    0,    0,    0,    0,    0,    0,    0,    0,    0,    0,  -21,   -3,    0,  -43,   -5,    5,    0,    0,    0,    0,    0,    0,  -37,    0,    0,    0,  -13,    0,    0,  -11,    0,   -2,   -2,    0,    0,   -5,    0,    0,    0,    0,    0,  -37,    0,    0,    0,  -21,    0,    0,    0,  -13,    0,  -37,    0,    0,    0,    0,    0,
       0,    0,    0,    0,    0,    0,    0,    0,    0,    0,    0,    0,    0,    0,    0,    0,    0,    0,    0,  -19,    0,    0,   -8,    0,   -5,    0,    0,    0,    0,    0,  -43,    0,    0,    0,  -13,    0,    0,   -1,    0,    0,    0,    0,    0,   -5,  -14,   -9,    0,  -13,    0,  -43,    0,    0,    0,    0,    0,    0,    0,  -13,    0,  -43,    0,    0,    0,    0,    0,
       0,  -27,    0,    0,  -64,    0,  -64,  -64,    0,    0,    0,    0,    0,    0,    0,    0,    0,    0,  -43,  -19,    0,  -64,  -13,    5,   -5,    0,    0,    0,    0,    0,  -53,    0,    0,    0,  -43,    0,    0,  -43,    0,  -12,  -11,  -19,    0,  -11,   -5,   -5,  -11,   -5,   -5,  -53,    0,    0,    0,  -43,    0,    0,    0,  -43,    0,  -64,    0,    0,    0,    0,    0,
       0,    0,    0,    0,    0,    0,    0,    0,    0,    0,    0,    0,    0,    0,    0,    0,    0,    0,    0,   -3,    0,    0,    0,    0,    0,    0,    0,    0,    0,    0,    0,    0,    0,    0,   -3,    0,    0,    0,    0,    0,    0,    0,    0,   -3,   -3,    0,    0,    0,    0,    0,    0,    0,    0,    0,    0,    0,    0,   -3,    0,    0,    0,    0,    0,    0,    0,
       0,    0,    0,    0,    0,    0,    0,    0,    0,  -21,  -27,    0,    0,    0,    0,    0,    0,    0,  -27,    0,    0,  -59,    0,  -53,    0,  -53,  -37,  -43,  -64,    0,    0,    0,    0,    0,    0,    0,    0,    0,    0,    0,    0,    0,    0,    0,  -11,  -11,  -21,  -11,    0,    0,    0,    0,    0,    0,    0,    0,    0,    0,    0,    0,    0,    0,    0,    0,    0,
       0,    0,    0,    0,    0,    0,    0,    0,    0,    0,    0,    0,    0,    0,    0,    0,    0,    0,    0,  -27,    0,    0,    0,  -32,    0,  -21,  -21,    0,  -43,    0,    0,  -49,    0,    0,    0,    0,    0,    0,   32,    0,    0,    0,    0,    0,   -4,    0,   -1,    0,    0,    0,    0,    0,    0,    0,    0,  -43,   -3,  -12,    0,    0,    0,    0,    0,    0,    0,
       0,    0,    0,    0,    0,    0,    0,    0,    0,    0,    0,    0,    0,    0,    0,    0,    0,    0,    0,    0,    0,    0,    0,    0,    0,  -15,    0,    0,    0,    0,    0,    0,    0,    0,    0,    0,    0,    0,    0,    0,    0,    0,    0,    0,  -11,    0,    0,    0,    0,    0,    0,    0,    0,    0,    0,    0,    0,  -18,    4,    0,    0,    0,    0,    0,    0,
       0,    0,    0,    0,    0,    0,    0,    0,    0,    0,    0,    0,    0,    0,    0,    0,    0,    0,   11,  -11,    0,    0,    0,  -35,   -5,  -15,   -5,    0,  -28,    0,    0,  -16,    0,    0,    0,    0,    0,    0,    0,    0,    0,    0,    0,   -5,   -6,   -3,    0,   -6,    0,    0,    0,    0,    0,   11,    0,  -28,    0,    0,    0,    0,    0,    0,    0,    0,    0,
       0,    0,  -13,    0,    0,    0,    0,  -27,    0,    0,    0,    0,    0,    0,    0,    0,    0,    0,    0,    0,    0,    0,    0,  -26,    0,  -12,   -8,   -9,  -21,   -5,    0,  -27,    0,    0,    0,    0,  -11,    0,    0,    0,    0,    0,    0,    0,   -8,  -11,  -11,  -11,   -5,  -13,    0,    0,    0,    0,    0,  -21,  -11,    0,    0,    0,    0,    0,    0,    0,    0,
       0,    0,    0,    0,    0,    0,    0,    0,    0,    0,    0,    0,    0,    0,    0,    0,    0,    0,    0,    0,    0,    0,    0,  -16,    0,   -8,   -5,   -3,  -19,    0,    0,    0,    0,    0,    0,    0,    0,    0,    0,    0,    3,    0,    0,    0,    0,    0,    0,   -8,    0,    0,    0,    0,    0,    0,    0,  -19,    0,    0,    0,    0,    0,   16,    0,   16,    0,
       0,    0,    0,    0,    0,    0,    0,    0,    0,    0,    0,    0,    0,    0,    0,    0,    0,    0,    0,    0,    0,    0,    0,    0,    0,    0,    0,    0,    0,    0,    0,    0,    0,    0,    0,    0,    0,    0,    0,    0,    0,    0,    0,    9,    0,    0,    0,    0,    0,    0,    0,    0,    0,    0,    0,    0,    0,    0,    0,    0,    0,    0,    0,    0,    0,
       0,    0,    0,    0,    0,    0,    0,    0,    0,    0,    0,    0,    0,    0,    0,    0,    0,    0,    0,    0,    0,    0,    0,  -24,    0,  -11,   -5,   -5,  -19,    0,    0,  -21,    0,    0,    0,    0,    0,   -3,    0,    0,    0,    0,    0,    0,   -5,   -5,   -2,   -5,    0,    0,    0,    0,    0,    0,    0,  -19,    0,    0,    0,    0,    0,    0,    0,    0,    0,
       0,    0,   16,   16,    0,    0,    0,  -11,    0,    0,    0,    0,    0,    0,    0,    0,    0,    0,  -11,    0,    0,    0,    0,   32,    0,   29,   27,   27,   27,   27,    0,    0,   21,    0,  -11,    0,    0,    0,    0,    0,    0,    0,    2,    0,    5,    1,    0,    0,    2,    0,    0,    0,    0,  -11,    0,   27,    0,  -11,    0,    0,   16,   21,   16,   21,    0,
       0,    0,    0,    0,   -3,    0,    0,    0,    0,    0,    0,    0,    0,    0,    0,    0,    0,    0,   -8,   -5,    0,    0,   -3,    0,    0,    0,    0,    0,   -8,    0,    0,  -16,    0,    0,    0,    0,    0,    0,    5,    0,    0,   -5,    0,   -4,    0,    0,    0,    0,    0,    0,    0,    0,    0,   -8,    0,   -8,    0,    0,    0,    0,    0,    0,    0,    0,    0,
       0,    0,    0,    0,    0,    0,    0,    0,    0,    0,    0,    0,    0,    0,    0,    0,    0,    0,    0,    0,    0,    0,    0,  -16,    0,  -16,    0,    0,  -13,    0,    0,  -21,    0,    0,    0,    0,    0,    0,    0,    0,    0,    0,    0,    0,    0,    0,    0,   -3,    0,    0,    0,    0,    0,    0,    0,  -13,    0,    0,    0,    0,    0,    0,    0,    0,    0,
       0,    0,    0,    0,    0,    0,    0,    0,    0,    0,    0,    0,    0,    0,    0,    0,    0,    0,    0,    0,    0,    0,    0,  -16,    0,    0,    0,    0,    0,    0,    0,    0,    0,    0,    0,    0,    0,    0,    0,    0,    0,    0,    0,    0,    0,    0,    0,    0,    0,    0,    0,    0,    0,    0,    0,    0,    0,    0,    0,    0,    0,    0,    0,    0,    0,
       0,    0,    0,    0,    0,    0,    0,    0,    0,    0,    0,    0,    0,    0,    0,    0,    0,    0,    0,    0,    0,    0,    0,  -16,   -5,    0,    0,    0,    0,    0,    0,    0,    0,    0,    0,    0,    0,    0,    3,    0,    0,    0,    0,    0,    0,    0,    0,    0,    0,    0,    0,    0,    0,    0,    0,    0,    0,    0,    0,    0,    0,    0,    0,    0,    0,
       0,    0,    0,    0,    0,    0,    0,    0,    0,    0,    0,    0,    0,    0,    0,    0,    0,    0,    0,   -5,    0,    0,    0,    0,    0,    0,    0,    0,  -11,    0,    0,  -21,    0,    0,  -12,   -3,    0,  -11,   -3,    0,    0,   -3,    0,   -3,    0,    0,    0,    0,    0,    0,    0,    0,    0,    0,    0,  -11,    0,  -12,   -3,    0,    0,    0,    0,    0,    0,
       0,    0,    0,    0,    0,    0,    0,    0,    0,    0,    0,    0,    0,    0,    0,    0,    0,    0,    0,  -11,    0,    0,    0,  -13,    0,  -16,  -11,    0,  -16,    0,    0,    0,    0,    0,   -5,    0,    0,   -5,   -7,    0,    0,    0,   -2,   -3,  -13,   -8,    0,   -8,    0,    0,    0,    0,    0,    0,    0,  -16,    0,   -5,    0,    0,    0,    0,    0,    0,    0,
       0,    0,   16,    0,    0,    0,    0,    0,    0,    0,    0,    0,    0,    0,    0,    0,    0,    0,    0,    0,    0,    0,    0,  -11,    0,   -9,    0,    0,   -8,    0,    0,   -3,    0,    1,    0,    0,    0,    0,   11,    0,    0,    0,    0,    0,    0,    0,    0,    0,    0,    0,    0,    0,    0,    0,    0,   -8,    0,    0,    0,    0,    0,    0,    0,    0,    0,
       0,    0,    0,   11,  -37,    0,  -61,  -11,    0,    0,    0,    0,    0,    0,    0,    0,    0,    0,  -16,    0,    0,    0,    0,   -5,    0,    0,    0,   -8,    0,    0,  -16,    0,    0,    0,  -12,    0,    0,   -8,   -5,    0,    0,    0,   11,    0,   27,   27,    0,    0,    0,  -16,    0,    0,    0,  -16,    0,    0,    0,  -12,    0,    0,    0,   27,    0,   27,    0,
       0,    0,    0,    0,    0,    0,    0,    0,    0,    0,    0,    0,    0,    0,    0,    0,    0,    0,    0,   -3,    0,    0,    0,  -24,    0,   -3,    0,   -3,  -11,    0,    0,    0,    0,    0,    0,    0,    0,    0,    0,    0,    0,    0,    0,    0,    0,    0,   -3,    0,    0,    0,    0,    0,    0,    0,    0,  -11,    0,    0,    0,    0,    0,    0,    0,    0,    0,
       0,    0,    0,    0,  -11,    0,    0,    0,    0,    0,    0,    0,    0,    0,    0,    0,    0,    0,    0,    0,    0,    0,    0,    0,    0,    0,    0,    0,    0,    0,    0,    0,    0,    0,   -3,    0,  -13,   -3,    0,    0,    0,   11,    0,    0,    0,    0,    0,    0,    0,    0,    0,    0,    0,    0,    0,    0,  -13,   -3,    0,    0,    0,    0,    0,    0,    0,
       0,    0,    0,    0,    0,    0,    0,    0,    0,    0,    0,    0,    0,    0,    0,    0,    0,    0,    0,    0,    0,    0,    0,  -16,    0,   -5,   -5,    0,   -8,    0,    0,    0,    0,    0,    0,    0,    0,   -5,    0,    0,    0,    0,    0,    0,    0,    0,    0,    0,    0,    0,    0,    0,    0,    0,    0,   -8,    0,    0,    0,    0,    0,    0,    0,    0,    0,
       0,  -16,    0,    3,  -21,    0,  -21,  -11,    0,    0,    0,    0,    0,    0,    0,    0,    2,    0,  -13,    0,    0,    0,    0,   -5,    0,    0,    0,  -14,   -5,  -11,  -11,   -1,    0,  -11,   -8,    0,    0,   -5,    0,    0,    0,   -3,   27,    0,   27,    0,    0,    0,    0,  -11,    0,    0,   -6,  -13,    0,   -5,    0,  -10,    0,    0,    0,    0,    0,    0,    0,
       0,  -16,    0,    0,  -21,    0,  -21,  -11,    0,    0,    0,    0,    0,    0,    0,    0,    0,    0,   -3,    0,    0,    0,    0,   -5,    0,    0,    0,   -9,   -5,   -3,  -11,    0,    0,    0,   -8,    0,    0,   -8,    0,    0,    0,   -3,   27,    0,   21,    0,    0,    0,    0,  -11,    0,    0,    0,   -3,    0,   -5,    0,   -8,    0,    0,    0,    0,    0,    0,    0,
       0,   -2,    0,    0,    0,    0,    0,   -1,    0,    0,    0,    0,    0,    0,    0,    0,    0,    0,    0,   -5,    0,    0,    0,   -8,   -3,    0,    0,    0,  -11,    0,  -21,   -3,    0,    0,  -16,    0,    0,    0,    0,    0,    0,   -3,    0,   -3,    0,    0,    0,    0,    0,  -21,    0,   -3,    0,    0,    0,  -11,    0,  -18,    0,    0,    0,    0,    0,    0,    0,
       0,  -16,    0,    0,    0,    0,  -21,  -11,    0,    0,    0,    0,    0,    0,    0,    0,    0,    0,  -13,    0,    0,    0,    0,   -5,    0,    0,    0,  -11,   -5,   -5,  -11,    0,    0,    0,   -5,    0,    0,   -8,    0,    0,    0,   -5,    0,    0,    0,    0,    0,    0,    0,  -11,    0,    0,    0,  -13,    0,   -5,    0,   -5,    0,    0,    0,    0,    0,    0,    0,
       0,    0,    0,    0,    0,    0,    0,    0,    0,    0,    0,    0,    0,    0,    0,    0,    0,    0,    0,    0,    0,    0,    0,   -5,    0,    0,    0,    0,   -5,    0,    0,  -21,    0,    0,   -5,    0,    0,    0,    0,    0,    0,    0,    0,    0,    0,    0,    0,    0,    0,    0,    0,    0,    0,    0,    0,   -5,    0,   -5,    0,    0,    0,    0,    0,    0,    0,
       0,    0,    0,    0,    0,    0,    0,    0,    0,  -21,  -27,    0,    0,    0,    0,    0,    0,    0,  -27,  -13,    0,  -53,    0,  -53,    0,  -53,  -37,  -43,  -64,    0,    0,    0,    0,    0,  -13,    0,    0,    0,    0,    0,    0,    0,    0,    0,  -11,  -11,  -21,  -11,    0,    0,    0,    0,    0,    0,    0,    0,    0,  -13,    0,    0,    0,    0,    0,    0,    0,
       0,    0,    0,    0,    0,    0,    0,    0,    0,  -21,  -27,    0,    0,    0,    0,    0,    0,    0,  -27,    0,    0,  -27,    0,  -53,    0,  -53,  -37,  -43,  -64,    0,    0,    0,    0,    0,    0,    0,    0,    0,    0,    0,    0,    0,    0,    0,  -11,  -11,  -21,  -11,    0,    0,    0,    0,    0,    0,    0,    0,    0,    0,    0,    0,    0,    0,    0,    0,    0,
       0,    0,    0,    0,    0,    0,    0,    0,    0,    0,    0,    0,    0,    0,    0,    0,    0,    0,    0,    0,    0,    0,    0,    0,    0,   -3,    0,    0,    0,    0,    0,    0,    0,    0,    0,    0,    0,    0,    0,    0,    0,    0,    0,    0,    0,    0,    0,    0,    0,    0,    0,    0,    0,    0,    0,    0,    0,    0,    0,    0,    0,    0,    0,    0,    0,
       0,    0,    0,    0,    0,    0,    0,    0,  -21,  -16,    0,  -16,    0,    0,    0,    0,    0,    0,    0,    0,    0,    0,    0,    0,    0,    0,    0,    0,    0,    0,    0,    0,    0,    0,    0,    0,    0,    0,    0,    0,    0,    0,    0,    0,    0,    0,    0,    0,    0,    0,    0,    0,    0,    0,    0,    0,    0,    0,    0,    0,    0,    0,    0,    0,    0,
       0,    0,    0,    0,    0,    0,    0,    0,    0,    0,    0,    0,    0,    0,    0,    0,    0,    0,    0,    0,    0,    0,    0,    0,    0,   -6,    0,    0,    0,    0,    0,    0,    0,    0,    0,    0,    0,    0,    0,    0,    0,    0,    0,    0,    0,    0,   -3,    0,    0,    0,    0,    0,    0,    0,    0,    0,    0,    5,    0,    0,    0,    0,    0,    0,    0,
       0,    0,    0,    0,    0,    0,    0,    0,    0,    0,    0,    0,    0,    0,    0,    0,    0,    0,    0,    0,    0,    0,    0,    0,    0,   -9,    0,    0,    0,    0,    0,    0,    0,    0,    0,    0,    0,    0,    0,    0,    0,    0,    0,    0,   -5,    0,    0,    0,    0,    0,    0,    0,    0,    0,    0,    0,    0,  -16,    0,    0,    0,    0,    0,    0,    0,
       5,    0,    0,   -3,  -69,    0,  -53,  -21,    0,    0,    0,    0,    0,    0,    0,    0,    0,    0,  -35,    0,    0,  -40,    0,    0,    0,    0,    4,   -8,    0,   -8,    0,  -11,    0,  -29,   -5,    0,    4,   -5,    0,    0,    0,    0,    8,   -3,    7,    8,   -2,    5,    0,    0,   11,   13,  -11,  -35,    0,    0,    4,   -5,    0,    0,   16,   27,   16,   27,    2,
       0,    0,  -13,  -11,    0,    0,    0,   -6,    0,    0,    0,    0,    0,    0,    0,    0,    0,    0,    0,    0,    0,    0,    0,  -26,    0,  -12,   -8,   -9,  -21,   -5,    0,   -3,    0,  -18,    0,    0,  -11,    0,    0,    0,    0,    0,    0,    0,  -10,  -11,  -12,  -11,   -5,  -13,    0,    5,    0,    0,    0,  -21,  -11,    0,    0,    0,    0,    0,    0,    0,    0,
       0,    0,  -16,   -8,    0,    0,  -11,  -15,    0,    0,    0,    0,    0,    0,    0,    0,    0,    0,  -11,    0,   -8,   -8,    0,  -16,    0,  -16,   -3,  -19,  -19,  -24,    0,  -27,    0,  -29,    0,    0,    0,    0,    0,    0,    0,    0,    0,    0,    0,    0,   -7,    0,   -1,  -13,    0,    5,  -11,  -11,    0,  -19,    0,    0,    0,    0,    0,    0,    0,    0,    0,
       0,    0,    0,    0,    0,    0,    0,    0,    0,    0,    0,    0,    0,    0,    0,    0,    0,    0,  -72,    0,    0, -128,    0,    0,    0,    0,    0,    0,    0,    0,    0,    0,    0,    0,    0,    0,    0,  -21,    0,    0,    0,  -21,    0,    0,    0,    0,    0,    0,    0,    0,    0,    0,    0,  -72,    0,    0,    0,    0,    0,    0,    0,    0,    0,    0,    0,
       0,    0,    0,    0,    0,    0,    0,    0,    0,    0,    0,    0,    0,    0,    0,    0,    0,    0,  -32,    0,    0,  -64,    0,    0,    0,    0,    0,    0,    0,    0,    0,    0,    0,    0,  -21,    0,    0,  -27,    0,  -16,    0,    0,    0,    0,    0,    0,    0,    0,    0,    0,    0,    0,    0,  -32,    0,    0,    0,  -21,    0,    0,    0,    0,    0,    0,    0,
       0,    0,    0,    0,    0,    0,    0,    0,    0,    0,    0,    0,    0,    0,    0,    0,    0,    0,  -40,    0,    0,  -64,    0,    0,    0,    0,    0,    0,    0,    0,    0,    0,    0,    0,    0,    0,    0,  -21,    0,    0,    0,  -21,    0,    0,    0,    0,    0,    0,    0,    0,    0,    0,    0,  -40,    0,    0,    0,    0,    0,    0,    0,    0,    0,    0,    0,
       0,    0,    0,    0,    0,    0,    0,    0,    0,    0,    0,    0,    0,    0,    0,    0,    0,    0,  -40,    0,    0,  -53,    0,    0,    0,    0,    0,    0,    0,    0,    0,    0,    0,    0,  -21,    0,    0,  -27,    0,    0,    0,    0,    0,    0,    0,    0,    0,    0,    0,    0,    0,    0,    0,  -40,    0,    0,    0,  -21,    0,    0,    0,    0,    0,    0,    0,
       0,    0,    0,    0,    0,    0,    0,    0,    0,    0,    0,    0,    0,    0,    0,    0,    0,    0,    0,    0,    0,    0,    0,    0,    0,   -4,    0,    0,    0,    0,    0,    0,    0,    0,    0,    0,    0,    0,    0,    0,    0,    0,    0,    0,    0,    0,    0,    0,    0,    0,    0,    0,    0,    0,    0,    0,    0,    0,    0,    0,    0,    0,    0,    0,    0,
};

static const EpdLigaturePair lexenddeca_16_boldLigaturePairs[] = {
    { 0x00660069, 0xFB01 }, // f i -> U+FB01
    { 0x0066006C, 0xFB02 }, // f l -> U+FB02
};

static constexpr EpdFontData lexenddeca_16_bold = {
    lexenddeca_16_boldBitmaps,
    lexenddeca_16_boldGlyphs,
    lexenddeca_16_boldIntervals,
    29,
    42,
    34,
    -9,
    true,
    lexenddeca_16_boldGroups,
    7,
    nullptr,
    lexenddeca_16_boldKernLeftClasses,
    lexenddeca_16_boldKernRightClasses,
    lexenddeca_16_boldKernMatrix,
    138,
    122,
    78,
    65,
    lexenddeca_16_boldLigaturePairs,
    2,
};
